taxonomy_id	name	SRR17140442	SRR17140443	SRR17140444	SRR17140445	SRR17140446	SRR17140447	SRR17140448	SRR17140449	SRR17140450	SRR17140451	SRR17140452	SRR17140453	SRR17140454	SRR17140455	SRR17140456	SRR17140457	SRR17140458	SRR17140459	SRR17140460	SRR17140461	SRR17140462	SRR17140463	SRR17140464	SRR17140465	SRR17140466	SRR17140467	SRR17140468	SRR17140469	SRR17140470	SRR17140471	SRR17140472	SRR17140473	SRR17140474	SRR17140475	SRR17140476	SRR17140477	SRR17140478	SRR17140479	SRR17140480	SRR17140481	SRR17140482	SRR17140483	SRR17140484	SRR17140485	SRR17140486	SRR17140487	SRR17140488	SRR17140489	SRR17140490	SRR17140491	SRR17140492	SRR17140493	SRR17140494	SRR17140495	SRR17140496	SRR17140497	SRR17140498	SRR17140499	SRR17140500	SRR17140501	SRR17140502	SRR17140503	SRR17140504	SRR17140505
6	Azorhizobium	0.0	0.0	0.0	0.0	0.0	0.0	0.0	3.5729394143809384e-06	0.0	0.0	0.0	0.0	0.0	7.398697067360775e-06	6.631730497339038e-06	0.0	0.0	0.0	0.0	0.0	0.0	0.0	0.0	0.0	0.0	0.0	0.0	0.0	0.0	0.0	0.0	0.0	2.035346333259976e-05	0.0	0.0	0.0	0.0	0.0	0.0	0.0	0.0	0.0	0.0	0.0	0.0	0.0	0.0	0.0	0.0	0.0	0.0	0.0	0.0	0.0	0.0	0.0	0.0	0.0	0.0	0.0	0.0	2.8160044362900656e-05	0.0	0.0
10	Cellvibrio	0.0	0.0	0.0	0.0	0.0	0.0	0.0	0.0	0.0	0.0	0.0	0.0	0.0	0.0	0.0	0.0	0.0	0.0	0.0	0.0	0.0	0.0	0.0001812379115728902	0.0	0.0005609783462358353	1.0516952012024381e-05	0.0	0.0	0.0	0.00022121242845160518	0.0	0.0	1.7173234686881046e-05	0.0	0.0	0.0	0.0	0.0	0.0	0.0	0.0	8.836793088112927e-06	0.0	0.0	0.0	0.0	0.0	0.0	0.0	0.0	0.00019845207382417147	0.000488705891407242	0.0	0.0	0.0	0.00010591588353104298	0.0	0.0	0.0	0.0	0.0	0.0	0.0	0.0
20	Phenylobacterium	0.0	0.0	0.0	0.0	0.0	0.0	0.0	0.0	0.0	0.0	0.0	0.0	0.0	9.275978412810523e-06	6.791531232214678e-06	0.0	0.0	0.0	0.0	9.072389419944411e-05	0.0	0.0	3.964579315656973e-05	0.0	0.00048618123340439057	2.037659452329724e-05	0.0	0.0	1.622212962089897e-05	0.0002488639820080558	7.0719315625609585e-06	0.001718755480725385	1.1766845989159237e-05	0.0	8.887410725959259e-06	0.0	0.0	0.0	0.0	0.0	0.0011458792419568092	7.0333659272735536e-06	0.0	0.0	0.0	0.0	0.000544552697311567	0.0	0.0	0.0	0.00014592064251777313	0.00021318351483434023	3.436698259387043e-05	0.0	0.0	0.0	0.0	0.0	0.0	0.0	0.0	0.0	0.0	0.0
22	Shewanella	0.0012711139358087462	7.725043625804405e-06	1.670968658273135e-05	0.0	0.0	0.0	0.0006505846701706929	2.6439751666418943e-05	0.0	0.0	0.0	6.867510787537132e-05	0.0	0.0	0.0	0.0	0.0	0.0	0.0	0.0	0.0	0.0	0.0	0.0	0.0	2.7168792697729653e-05	0.0	2.006261664245727e-05	0.0	0.0	0.0	0.0	0.0	0.0	0.0	0.0	0.0	0.0	0.0	0.0002301518673536152	0.0	0.0	0.0	0.00208729316557249	0.0	0.0	0.0	0.0	0.0	0.0	0.0	0.0	0.0	0.0	4.958046852389721e-06	0.0	0.0	0.0	0.0	0.0	0.0	0.00017545873795345794	0.0	0.0
32	Myxococcus	0.0	0.0	0.0	0.0	0.0	0.0	0.0	0.0	0.0	0.0	0.0	0.0	0.0	0.0	0.0	0.0	0.0	1.730365075569762e-05	0.0	0.0	0.0	0.0	0.0	0.0	0.0	0.0	0.0	0.0	0.0	0.0	0.0	0.0	0.0	0.0	0.0	0.0	2.9632195871862594e-06	0.0	0.0	0.0	0.0	0.0	0.0	0.0	0.0	0.0	0.0	0.0	0.0	0.0	0.0	0.0	0.0	0.0	0.0	0.0	0.0	0.0	0.0	0.0	0.0	0.0	0.0	0.0
47	Archangium	0.0	0.0	0.0	0.0	0.0	0.0	0.0	0.0	0.0	0.0	0.0	0.0	0.0	0.0	0.0	0.0	0.0	0.0	0.0	0.0	0.0	0.0	0.0	0.0	0.0	0.0	0.0	0.0	0.0	0.0	0.0	0.0	0.0	0.0	0.0	0.0	1.6086049187582552e-06	0.0	0.0	0.0	0.0	0.0	0.0	0.0	0.0	0.0	0.0	0.0	0.0	0.0	0.0	0.0	0.0	0.0	0.0	0.0	0.0	0.0	0.0	0.0	0.0	0.0	0.0	0.0
68	Lysobacter	0.0	0.0	9.483876168577255e-06	0.0	0.0	0.0	0.0	0.0	0.0	0.0	0.0	0.0	0.0	0.0	0.0	0.0	0.0	0.0	0.0	0.0	0.0	0.0	0.0	0.0	0.0	0.0	0.0100096539809969	0.0	0.0	0.0	0.0	0.0	0.0	0.00031685439031934394	0.0	0.0	0.0	0.0014142117401331534	2.3861775416310432e-06	0.0	0.0018510356985456148	1.2984675558043484e-05	0.0003139360821032186	0.0	0.0	0.0	0.0	0.0010637168252143987	0.0	0.0	0.0	0.0	0.0006738917021667636	0.0	0.0	0.0	0.0	0.0	0.0	0.0	0.0	0.0	0.0	0.0
71	Simonsiella	0.0	0.0	3.612905207077049e-06	1.551715138956091e-05	0.0	0.0	0.0	3.2156454729428446e-06	0.0	2.8397837804856874e-06	0.0	0.0	2.303038903700841e-06	0.0	0.0	0.0	7.726561070332039e-06	0.0	0.0	0.0	7.222186809084004e-06	0.0	0.0	0.0	0.0	9.793911561197705e-05	0.0	5.015654160614317e-06	0.0	0.0	2.4162432838749943e-05	0.0	4.7703429685780685e-06	0.0	2.7649722258539915e-06	0.0	2.9378205621532346e-05	0.0	0.0	0.0	0.0	0.0	0.0	0.0	0.0	0.0	0.0	0.0	0.0	0.0	0.0	1.7701158271443415e-05	0.0	0.0	1.0607914195810565e-05	0.0	0.0	0.0	6.001135979740165e-06	0.0	0.0	0.0	0.0	0.0
75	Caulobacter	0.0	0.0	2.3258077270558502e-05	0.0	0.0	0.0	0.0	9.110995506671393e-06	6.177080423528087e-06	0.0	0.0	0.0	0.0	1.7668530310115283e-06	4.314619841642266e-06	0.0	0.0	0.00020764380906837144	0.0	0.0006969244599866389	1.193230864109531e-05	0.0	0.001673618839680908	0.0	0.005104902950746101	7.997265592476874e-05	0.0	2.112654328258758e-05	0.000857745103705033	0.0014286636004166168	7.543393666731689e-05	0.0029113613244940192	9.254465359041454e-05	0.001772875755358234	3.396965877477761e-05	0.0004730236567807521	8.212351427344777e-06	0.00047865628127583654	1.8492875947640582e-05	0.0	0.004583516967827237	9.161409977064013e-05	0.0	0.0	0.0	4.4748349413953635e-05	0.0004735240846187539	1.374149744845377e-05	0.0013068245280911427	1.0172454676452803e-05	0.0006595613041803346	0.0037464886289298497	4.4826499035483165e-05	8.287953154743937e-06	0.0	0.0006932676012940995	0.0	0.00016675931072818233	2.6475599910618374e-05	0.0	0.0	0.0	0.0	0.0
81	Hyphomicrobium	0.0	0.0	0.0	0.0	0.0	0.0	0.0	0.0	0.0	0.0	0.0	0.0	0.0	0.0	1.7578080836320343e-06	0.0	0.0	0.0	0.0	0.0	0.0	0.0	0.0	0.0	0.0	0.0	0.0	1.6718847202047724e-06	0.0	0.0	0.0	0.0	0.0	0.0	0.0	0.0	0.0	0.0	0.0	0.0	0.0	0.0	0.0	0.0	0.0	0.0	0.0	1.1867656887300983e-05	0.0	0.0	0.0	0.0	0.0	0.0	0.0	0.0	0.0	0.0	0.0	0.00018200938359488756	0.0	0.0	0.0	0.0
93	Stella	0.0	0.0	0.0	0.0	0.0	0.0	0.0	0.0	0.0	0.0	0.0	0.0	0.0	8.39255189730476e-06	8.389538580971073e-06	0.0	0.0	0.0	0.0	0.0	0.0	0.0	0.0	0.0	0.0	0.0	0.0	0.0	0.0	0.0	0.0	0.0	0.0	0.0	0.0	0.0	0.0	0.0	0.0	0.0	0.0	0.0	0.0	0.0	0.0	0.0	0.0	0.0	0.0	0.0	0.0	0.0	0.0	0.0	0.0	0.0	0.0	0.0	0.0	0.0	0.0	0.0	0.0	0.0
99	Ancylobacter	0.0	0.0	2.912904823205871e-05	0.0	0.0	0.0	0.0	0.0	0.0	0.0	1.842983615875655e-05	0.0	0.0	2.131266468657656e-05	2.0614294798957492e-05	0.0	0.0	0.0	0.0	0.0	0.0	0.0	0.0	0.0	0.0	0.0	0.0	0.0	0.0	0.0	0.0	0.0	0.0	0.0	0.0	0.0	0.0	0.0	0.0	0.0	0.0	0.0	0.0	0.0	0.0	0.0	0.0	0.0	0.0	0.0	0.0	0.0	0.0	0.0	0.0	0.0	0.0	0.0	0.0	0.0	0.0	0.0001083078629342333	0.0	0.0
107	Spirosoma	0.0	0.0	0.0	2.9623652652798095e-05	0.0	0.0	0.0	0.0	0.0	0.0	0.0	0.0	0.0	0.0	0.0	0.0	1.850308045790041e-05	0.0	0.0	0.0	0.0	0.0	0.0	0.0	0.0	0.0	0.0	0.0	0.0	0.0	0.0	0.0	0.0	0.0	0.0	0.0	0.0	0.0	0.0	0.0	0.0	0.0	3.573256219061025e-05	0.0	0.0	0.0	0.0	0.0	0.0	0.0	0.0	0.0	0.0	0.0	0.0	0.0	0.0	0.0	0.0	0.0	0.0	0.0	0.0	0.0
118	Planctomyces	0.0	9.932198947462805e-06	0.0	0.0	0.0	0.0	0.0	0.0	0.0	0.0	0.0	0.0	0.0	0.0	0.0	0.0	0.0	0.0	0.0	0.0	0.0	0.0	0.0	0.0	0.0	0.0	0.0	0.0	0.0	0.0	0.0	0.0	0.0	0.0	0.0	0.0	0.0	0.0	0.0	0.0	0.0	0.0	0.0	0.0	0.0	0.0	0.0	0.0	0.0	0.0	0.0	0.0	0.0	0.0	0.0	0.0	0.0	0.0	0.0	0.0	0.0	0.0	0.0	0.0
133	Methylocystis	0.0	2.4830497368657013e-06	0.0	0.0	0.0	0.0	0.0	0.0	0.0	0.0	0.0	0.0	0.0	2.6116296364639154e-05	2.2372102882589524e-05	0.0	0.0	0.0	0.0	0.0	0.0	0.0	0.0	0.0	0.0	0.0	0.0	0.0	0.0	0.0	0.0	0.0	0.0	0.0	0.0	0.0	0.0	0.0	0.0	0.0	0.0	3.96753975384662e-06	0.0	0.0	0.0	0.0	0.0	0.0	0.0	0.0	0.0	0.0	0.0	0.0	0.0	0.0	0.0	0.0	0.0	0.0	0.0	0.0	0.0	0.0
157	Treponema	0.0	0.0001514660339488078	7.496778304684877e-05	0.0	0.0	0.0002012869437716926	0.001985995308942115	0.00029566073654002266	2.4957900701123586e-06	0.00012868277359572285	0.00015034866340038236	0.0	2.7197792767514694e-05	0.0	3.915118004453167e-06	0.0	8.905878286330086e-05	0.0	0.0	0.0	0.00012685928134217119	0.0	0.0	0.0	0.0	4.250601438193187e-05	0.0	0.00010304889457262143	3.5485908545716494e-05	0.0	9.488174846435953e-05	0.0008418394191308007	0.00020448870191971323	0.0	8.117168463042788e-05	0.0	0.00043542395248282665	0.001479483051216222	5.309245030129071e-05	0.0	0.0	7.520291260700184e-05	0.0	0.0	2.5082095628383672e-05	0.0	0.0	3.685219770267147e-05	0.0	5.086227338226401e-05	0.0	8.234886674106284e-05	5.976866538064422e-05	0.00021243332559791039	1.1415038102013544e-05	0.0	6.820747997434723e-05	0.0	0.0001546175034780113	0.0	0.0	0.0	1.2887353575499595e-05	0.0
191	Azospirillum	0.0	0.0	0.0	0.0	0.0	0.0	0.0	0.0	0.0	0.0	0.0	0.0	0.0	1.1815829644889595e-05	1.6219774589877406e-05	0.0	0.0	0.0	0.0	0.0	0.0	0.0	0.0	0.0	0.0	0.0	0.0	0.0	0.0	0.0	0.0	0.0	0.0	0.0	0.0	0.0	0.0	0.0	0.0	0.0	0.0	0.0	0.0	0.0	0.0	0.0	0.0	0.0	0.0	0.0	0.0	0.0	0.0	0.0	0.0	0.0	0.0	0.0	0.0	0.0	0.0	0.0	0.0	0.0
194	Campylobacter	0.00045629731029031914	0.00015160398115641145	0.0004886454292571708	0.0001128520101058975	0.00013660392760979335	0.0009507268643895388	0.0032015614032084097	0.00024689011353372283	1.8281662263573025e-05	0.0008723815773652032	0.005250563322492063	9.384176231417199e-06	0.0002990660519234378	0.0	7.758325678212297e-05	0.0002865740077374982	0.0004940932473922856	0.0	4.845900368288428e-05	0.0004123813372702005	0.0010930622731487572	0.0	0.00010761000999640356	0.002427637721755369	0.0	0.0008367549944566898	0.0	0.0006815210077634727	0.00027780396975789483	0.0002488639820080558	0.0004611488706419958	0.0004910729944929671	0.0009591569595487638	0.0004073842161248708	0.0005281096951381124	0.00019032904533190028	0.0021333487759405533	0.0	0.0009986153011725914	0.00027947012464367557	0.0004994858234170707	0.0004795312820671892	0.0	0.0	0.0001755746693986857	0.00017742328013251792	0.0	0.000281076084172918	0.0	0.0002890380225309348	0.0002684939822327026	0.00045253395928733595	0.0004437823404512833	0.0011162564275257756	0.00013571211965727212	0.0003370050839624095	0.00034441609857015584	0.0	0.0016157176105453374	0.0	0.0006378861696399114	0.0001148063347102873	4.172280720067994e-05	8.215822179732314e-05
222	Achromobacter	0.0	0.0	3.364517974090502e-05	0.00017985789110627415	0.0	0.0	0.0	0.0	4.991580140224717e-06	0.0	0.0	0.0	3.290055576715487e-06	0.0	0.0	0.0	8.234887456538094e-05	0.0	8.697769891799743e-05	0.0	0.0	0.0	0.0	0.0	0.0008975653539773365	0.0	0.0	0.0	0.0	0.0	0.0	0.0	1.5901143228593562e-05	0.0014711096693398112	0.0	0.0	0.0	0.0	0.0	0.0	0.001909798736594682	1.6411187163638292e-05	0.0	0.0003731473815548585	0.0	0.0	0.0	1.9987632652296392e-05	0.0	0.0	0.0	5.9260399430484475e-05	0.0	0.0	0.0	0.0	0.0	0.0	0.0	0.0	0.0	0.0013473498149018622	0.0	0.0
226	Alteromonas	0.0	0.0	0.0	0.0	2.7979117703210687e-05	2.3083365111432637e-05	0.0	0.0	0.0	0.0	0.0	0.0	0.0	0.0	0.0	0.0	0.0	0.0	0.0	0.0	0.0	0.0	0.0	0.0	0.0	0.0	0.0	0.0	0.0	0.0	0.0	0.0	0.0	0.0	0.0	0.0	0.0	0.0	0.0	0.0	0.0	0.0	0.0	0.0	0.0	0.0	0.0	0.0	0.0	0.0	0.0	0.0	0.0	0.0	0.0	0.0	0.0	0.0	0.0	0.0	0.0	0.0	0.0	0.0
234	Brucella	0.0003829638139936607	1.489829842119421e-05	2.1677431242462295e-05	0.0	0.0	0.0	0.0	0.0001154059430845043	0.0	0.0	2.327979304263985e-05	0.00018683041769821513	0.0	0.0	2.2372102882589528e-06	0.0010573592699280106	0.0	0.0	0.0	0.0007752769140679769	0.0	0.0	0.0	0.0	0.0009349639103930588	0.0	0.0	0.0	0.0	0.0	0.0	0.0	0.0	0.0006563412370900696	0.0	0.0	0.0	0.0	0.0	0.0	0.0	6.492337779021742e-06	0.0	0.005084133073684947	0.0	0.0	0.0	0.0001836363749929731	0.0	0.0	0.0	0.0	0.0	1.0905201519399917e-05	0.0	0.0	0.0	0.0	0.0	0.0	0.0	0.0	0.0	0.00014937858508604207
237	Flavobacterium	0.0	0.0	4.49355085130208e-05	0.0	0.0	0.0	0.0	0.0	0.0	4.754609415327465e-05	0.0	0.0	1.535359269133894e-05	0.0	0.0	0.0	1.6876436022041032e-05	0.0	0.0	0.0	0.0	0.0	0.00014442396078464688	0.0008870214752567694	0.0008601667975616141	8.150637809318896e-05	0.0	1.6718847202047724e-05	5.576357057184021e-05	0.0002580811665268727	0.0	0.0	0.0	0.0011844318876223095	0.0	0.0	0.0	0.0	1.9685964718456106e-05	0.0	0.0018510356985456148	0.0	0.0	0.0	0.0	0.0	0.0	0.0	0.0	0.00024799742952593556	0.00033853589064123367	0.0010151229460884288	0.0	0.0	4.727440022046013e-06	0.00023108920043136651	0.0	0.0	0.0	0.0	7.13505562599136e-05	0.0	0.0	0.0
265	Paracoccus	0.0020288933975408834	0.0010256374885331385	0.0005672261175110967	0.0	0.0008821651228777016	7.479010296104175e-05	0.0012326867434813127	0.00023170512102260385	0.00036869058810734816	1.4036645543543541e-05	0.00015810859441459565	0.00011388977517219963	4.167403730506283e-06	5.190130778596365e-06	1.7178578999131243e-05	0.004624711573143075	4.6562696976474655e-05	0.0	0.0	0.0005484671785693666	1.978251169444749e-05	2.727859808485776e-05	0.00023504291657109198	0.0	0.011387860428587457	0.00010801786129016708	0.006656165845231442	0.0007433807424110493	0.0	0.0007097232079489	6.777267747454252e-05	0.00729594163246694	0.0003177048417072994	0.005839173764456481	0.00012699122437315118	0.0003078852203898387	0.00012199998357529715	0.010312867151124842	5.464346570335089e-05	0.0009337590046918102	0.0019391802556192154	6.23985797650423e-05	7.33793687842889e-05	0.0010494770106230396	0.0001755746693986857	0.001081025914789722	0.000984930096007008	0.0071237171999825105	0.0005584720205517703	5.857930796440062e-05	0.007873877870259038	0.0007472967252857198	0.007940267195818584	0.00047982886685359635	3.5513451872931024e-05	0.0009628716684640271	5.9760733228298035e-05	0.0014563646470261255	6.918956776641601e-05	0.0007381491668014884	0.0	0.001453491520577411	6.395349211841674e-05	0.0003136950286806883
270	Thermus	0.0	0.0	5.103228604996332e-05	0.0	8.55831835627621e-05	1.2003349857944971e-05	0.0	0.0	2.0590268078426958e-06	0.000332903795752365	0.0	0.0	3.7616302093780405e-05	0.0	0.0	0.0	0.0	0.0	0.0	0.0	0.0	0.0	0.0	0.0	0.0	0.0	0.0	3.6477484804467763e-06	5.1708038166615464e-05	0.0	0.0	0.0	0.0001615556152025106	0.0	0.0003675438080224484	0.0	0.0	0.0	0.0	0.0	0.0	0.0	0.0	0.0	0.0	0.0	0.0	0.0	0.0	2.8763492533418268e-05	0.0	3.6171932119906105e-05	0.0	0.0	0.0	0.0	0.0	0.0	0.0	0.0	0.0	0.0001321355927797646	1.047097478009342e-05	0.0
279	Xanthobacter	0.0002525931539107124	0.0	0.0	0.0	0.0	0.0	0.0	8.95021323302425e-05	0.0	0.0	0.0	0.0	0.0	2.6281938836296483e-05	2.724602529629653e-05	0.0	0.0	0.0	0.0	0.0	0.0	1.6786829590681699e-06	0.0	0.0	0.0	0.0	0.0	0.0	0.0	0.0	0.0	0.0	0.0	0.0	0.0	0.0	0.0	0.0	0.0	0.0	0.0	0.0	0.0	0.0	0.0	0.0	0.0	0.0	0.0	0.0	0.0	0.0	0.0	0.0	0.0	0.0	0.0	0.0	0.0	0.0	0.0	0.0023957699281052405	6.604768707443542e-06	0.0
283	Comamonas	0.0010022244493876652	1.4484456798383259e-05	3.612905207077049e-05	0.0	0.003543472965588977	2.646892532777609e-05	0.004622575288054923	9.700530510044248e-05	8.298501983123593e-06	8.519351341457063e-06	0.0	0.0007959487658102042	3.9480666920585844e-06	0.0	0.0	0.0013241695529939573	4.87993330757813e-06	0.0	0.0	0.0001608287215353782	0.0	1.3177661228685132e-05	0.0004955724144571216	0.0	0.0032723736863757057	0.00012445059880895518	0.006402113713734058	7.097910584869352e-05	0.0	0.00200934622510208	4.154759793004563e-05	0.006839945280437756	2.289764624917473e-05	0.0042549018128597614	3.732712504902888e-05	0.00013714887090092814	7.196390426023774e-06	0.003742221835429268	2.6367261835023024e-05	0.00039454605832048317	0.004554135448802703	2.3444553090911847e-05	0.0	0.003369987289667316	5.8524889799561896e-05	0.00014052551833504737	0.0003338344796562215	2.248608673383344e-05	0.0009103093934993857	8.067808881324637e-06	0.0019144788298331836	0.0001454573440566437	7.769926499483748e-05	2.9662148132767776e-05	0.0	0.00019257433369280542	0.0	0.0009560867148415787	2.894665590227609e-05	0.0007887073289111795	0.0	0.0001667941089187193	4.993849510506093e-06	0.00013693036966220523
286	Pseudomonas	0.01251558336796304	0.00630046281288151	0.007944101130636105	0.0013923116746815106	0.006023739458455948	0.0016823156493212105	0.08048417195980072	0.00715838411671221	0.00013383674250977523	0.0025349532758204094	0.00939630646683551	0.9372736067484171	0.5785448676394191	0.0009748059457033916	0.0013142811439846968	0.013997657998626421	0.003175616599906468	0.0007094496809836024	0.001464952957490271	0.004235156333764959	0.0006176539762377494	0.00023795330944791307	0.00359643980777454	0.0	0.017670817906428812	0.008092794573252762	0.012346933590772827	0.0018139949214221781	0.0019811275799522868	0.008203294221747025	0.005971067549322303	0.033568346837840685	0.010209169998486211	0.1246143052213077	0.1911387775109799	0.004106069257380849	0.002702371600097092	0.02880640529132762	0.00035721077798216714	0.007197177680529481	0.0208314969883943	0.003575655031796224	0.00016781542600233029	0.025222430821973715	0.006449957360437432	0.0004255018488133837	0.004702094160264227	0.01109813303018757	0.020535016195688597	0.03329584725322677	0.05574168544178934	0.01766036864586139	0.012520041180610448	0.008614236784204383	0.00024213717186089334	0.00426552149129564	0.0005080718167748589	0.011873262923846582	0.005252406014267877	0.006350105160977188	0.002645459085944489	0.0015314731818900588	0.0004307597932610739	0.0038788639260675588
338	Xanthomonas	0.000602964302883636	0.00020085113427091453	0.0010700973610211334	8.675498276890871e-05	0.00019091633256308467	0.0002683825916955901	0.015802359225461828	0.0001480983387260899	7.424975458584267e-06	7.675529875255601e-05	0.0006149745328764027	0.0	2.9720168709663234e-05	0.0	1.6299674957315226e-05	0.000247046558394395	4.2089424777861367e-05	0.0	1.6153001227628092e-05	0.0002433049889894183	0.00010330867218211466	5.203917173111326e-06	0.0	0.0	0.0	6.704556907665543e-05	0.0	0.00022175270970716028	0.0003599285009636959	0.00030416708912095713	0.0008365505710879401	0.00343751096145077	0.010646133414407963	0.00027158947741658053	0.0002543774447785672	0.00020712278462589148	0.0001793171167331571	0.0003481136591096993	0.00018170741979520392	0.00058524331984205	0.0012046422800058763	0.0011374215103413924	3.573256219061025e-05	0.0018307543407535245	0.0015454429691027169	0.00013267493071856428	0.0	0.000612121249976577	0.0003071596113034737	0.0001346973308882026	0.0006829086069831783	0.0007434486474006234	0.001134110425597724	0.0005199600084449881	1.2568072253732083e-05	0.0	5.617086586122713e-05	0.0004891606448026682	0.00035442003080347797	0.0	3.598019503705045e-05	0.0	6.16982052427043e-05	0.0002788400254939452
352	Azotobacter	0.0	0.0	0.0	0.0	0.0	0.0	0.0	0.0	0.0	0.0	0.0	0.0	0.0	1.3251397732586462e-06	1.1186051441294764e-06	0.0	0.0	0.0	0.0	0.0	0.0	0.0	0.0	0.0	0.0	0.0	0.0	0.0	0.0	0.0	0.0	0.0	0.0	0.0	0.0	0.0	0.0	0.0	0.0	0.0	0.0	0.0	0.0	0.0	0.0	0.0	0.0	0.0	0.0	0.0	0.0	0.0	0.0	0.0	0.0	0.0	0.0	0.0	0.0	0.0	0.0	0.0	0.0	0.0
357	Agrobacterium	0.0	9.283847071725651e-05	9.754844059108032e-05	0.002202730172254487	0.000529957405907873	0.00019882471815980645	0.001472375832491568	0.00020615860420978012	1.079429205323595e-05	1.1196861763057853e-05	0.0001590785857913723	5.630505738850319e-05	8.992818576355665e-06	1.054590402885006e-05	2.9243534482242022e-05	0.0012648783789793025	5.306927471991216e-05	0.0	8.822023747396881e-05	0.00023093354887131228	1.8212471083777054e-05	0.0	0.0007561019123431513	0.0	0.0042447361531844875	0.000151838494673602	0.004369696661754992	0.0003226737509995211	0.0	0.0016037901062741374	0.000169726357501463	0.005507032866813989	0.000627459111800302	0.0027837921435199505	0.00025220496660111047	0.0003666633079188079	0.00011209436381241737	0.0048953483312301465	0.0002216758936175239	0.0001479547718701812	0.0030556779785514913	0.00040324631316368374	0.00030372677862018714	0.001784110918059167	5.209358322818147e-05	0.00018684398527229763	0.005395806944230701	0.000242974659429478	0.00027923601027588516	6.489324534978512e-05	0.0011148337088357867	0.0006079963058452303	0.0007605562669686977	0.00016619527115565474	0.0	0.00044292096749345245	2.7663095593311105e-05	0.0	0.00014896937549707938	0.0	0.0	0.0008664629034738664	8.86005558315597e-06	0.0001468889420012747
374	Bradyrhizobium	0.0013770400971261417	4.566052571680818e-05	0.0007903230140481045	0.001289334215459879	0.000737332043002258	0.00014127019448196773	0.004348644900614631	0.000190437670786504	2.065266283017977e-05	0.00018604640596153374	0.0010786304109756464	0.0	7.753564309126165e-05	0.0002643653847650999	0.000283246802567071	0.0	4.0462780342001994e-05	0.0	0.0002746010208696776	0.0	0.0	0.0	0.0	0.0	0.0	0.00017090047019539622	0.0	0.00010639266401303097	0.0	0.0035670504087821336	0.0001744409785431703	0.008418394191308009	0.0005148790177418596	0.005514775221986677	0.00013390365493778616	0.0	4.935877198084541e-05	0.0	0.00019268383648670672	0.000657576763867472	0.0	0.0004301173778601904	0.00039943899877360745	0.0	0.0007537491301657862	0.0	0.00059664034661963	0.0	0.003038087791801631	0.00025255749541537993	0.0021654623349637533	0.0002585908338784777	0.0004945857060248309	0.00026085242034404603	0.0	0.0	2.048336085916929e-05	0.002245692051139522	0.00013767311953521554	0.0	0.0	0.0	0.00011630836601888383	0.0
379	Rhizobium	0.001352595598360589	1.586392887441976e-05	6.570971345371384e-05	0.0	0.0003703118519542591	0.0	0.001831909466006951	0.00015167127814047084	6.426659430539323e-06	0.0	0.00010766904282220931	0.00030711849484638104	0.0	2.076052311438546e-05	2.3730409129032463e-05	0.0	0.0	0.00028000453041037966	6.833962057842655e-05	0.0	0.0	5.959324504692003e-06	0.0	0.0010504201680672268	0.0	2.5196864195475083e-05	0.0	1.1095234961358944e-05	0.0	0.0	3.211835584663102e-05	0.0	2.3533691978318473e-05	0.0006714295413909908	0.0	0.0	0.0	0.0	7.277841501974681e-06	0.00019069726152156686	0.0	9.017135804196864e-06	0.0	0.003451613279382441	0.0	0.0	0.02655523066541972	0.00041661721809630294	0.0	0.0	0.0010798127546315212	0.00014468772847962442	0.0005274584719841852	0.0	1.7756725936465512e-05	0.0	0.0	0.0	0.0	0.0	0.0	0.0010159277543231083	0.0	0.00016431644359464628
407	Methylobacterium	0.07831202587857602	0.00010511577219398136	0.009748973088146533	0.00853866521463747	0.0011323313517534678	0.0005032173594292315	0.003578215685938811	0.0004269662600185221	3.7748824810449424e-05	0.0020216015049880397	0.0	0.0009797933092529684	4.2661053978077484e-05	0.9785635451729382	0.9214620137273626	0.010435246626579246	2.744962485512698e-05	0.0	0.0	0.0020371638061147906	0.0	2.0899602840398715e-05	0.0011978693218020712	0.0064659197012138184	0.0053292942892404355	0.008262818630780489	0.007215080534525685	0.00011763988849440853	0.0	0.0045901578903708076	0.00021097929161640193	0.010172226314497176	0.0003816274374862455	0.012319600461702112	0.00021566783361661132	0.004945756222080409	0.0004786022950389693	0.008898655410991689	0.00012097920136069389	9.206074694144608e-05	0.005935066842955781	0.00010189363458742455	0.020171669438067176	0.003090126753501172	0.0	0.0	0.0004332745374261598	0.0003485343443744183	0.013274879928515582	0.0016640732753480031	0.0032511119152959854	0.00019163427867780044	0.0011146856093490146	0.00035681819371476527	1.6142478124059556e-05	0.0005969804344476968	0.0	0.00235686492495831	0.00025451876714074466	0.0029323734023620775	0.0001738026370433793	0.022443555357231824	0.003404516630807605	0.0
413	Methylococcus	0.0	0.0	0.0	0.0	0.0	3.077782014857685e-06	0.0	3.3942924436618915e-06	0.0	8.113667944244821e-07	0.0	0.0	2.0837018652531417e-06	0.0	0.0	0.0	2.236636099306643e-06	0.0	0.0	0.0	0.0	0.0	0.0	0.0	0.0	0.0	0.0	0.0	0.0	0.0	0.0	0.0	0.0	0.0	7.109928580767406e-06	0.0	0.0	0.0	0.0	0.0	0.0	0.0	0.0	0.0	0.0	0.0	0.0	0.0	0.0	6.664711684572525e-06	0.0	6.079963058452303e-05	0.0	0.0	0.0	0.0	0.0	0.0	0.0	0.0	0.0	0.0	0.0	0.0
425	Methylosinus	0.0	0.0	0.0	0.0	0.0	0.0	0.0	0.0	0.0	0.0	0.0	0.0	0.0	9.386406727248744e-07	1.0387047766916565e-06	0.0	0.0	0.0	0.0	0.0	0.0	0.0	0.0	0.0	0.0	0.0	0.0	0.0	0.0	0.0	0.0	0.0	0.0	0.0	0.0	0.0	0.0	0.0	0.0	0.0	0.0	0.0	0.0	0.0	0.0	0.0	0.0	0.0	0.0	0.0	0.0	0.0	0.0	0.0	0.0	0.0	0.0	0.0	0.0	0.0	0.0	0.0	0.0	0.0
434	Acetobacter	0.0	0.0	0.0	0.0	0.0	2.1544474104003793e-05	0.0	0.0	0.0	0.0	2.9099741303299812e-05	0.0	0.0	0.0	0.0	0.0	0.0	0.0	0.0	0.0	0.0	0.0	0.0	0.0	0.0	0.0	0.0	4.255706560521239e-06	9.12494791175567e-05	0.0	0.0	0.0	0.0	0.0	1.3824861129269956e-05	0.0	0.0	0.0	0.0	0.0	0.0	0.0	0.0	0.0	0.0	7.850587616483094e-05	0.0	0.0	0.0	0.0	0.0	2.4627698464616924e-05	0.0	0.0	0.0	0.0	0.0	0.0	0.0	0.0	0.0	0.0	0.0	0.0
441	Gluconobacter	0.0	0.0	0.0	0.0	0.0	0.0	0.0	0.0	0.0	0.0	0.0	0.0	0.0	0.0	0.0	0.0	0.0	0.0	0.0	0.0	0.0	0.0	0.0	0.0	0.0	0.0	0.0	0.0	0.0	0.0	0.0	0.0	3.021217213432777e-05	0.0	0.0	0.0	0.0	0.0	0.0	0.0	0.0	0.0	0.0	0.0	0.0	0.0	0.0	0.0	0.0	0.0	0.0	0.0	0.0	0.0	0.0	0.0	0.0	0.0	0.0	0.0	0.0	0.0	0.0	0.0
445	Legionella	0.0	0.0	0.0	0.0	0.0	0.0	0.0	0.0	0.0	0.0	0.0	0.0	0.0	0.0	0.0	0.0	0.0	0.0	0.0	4.123813372702005e-05	0.0	0.0	0.0	0.0	0.0	0.0	0.0	0.0	0.0	0.0	0.0	0.0	0.0	0.0002036921080624354	0.0	0.0	0.0	0.0	1.9089420333048344e-06	0.0	0.0	0.0	0.0	0.0	0.0	0.0	0.0	0.0	0.0	0.0	0.0	1.8470773848462694e-05	0.0	0.0	0.0	0.0	0.0	0.0	0.0	0.0	0.0	0.001024592383357847	0.0	0.0
469	Acinetobacter	0.011431877256023532	0.0014088548312560783	0.0013875814060930291	0.00047679974269741694	0.006079697693862369	0.002745073779051569	0.018473180503004675	0.004227323268124807	0.0002039684434799325	0.0004628036195397246	0.001094150273004073	0.0019378323917876514	0.0002823964370014126	1.72268170523624e-05	0.00026343151144249166	0.022135371632137794	0.0007140969073422663	0.00018247486251462945	0.000700791745567865	0.0019711827921515585	0.0001683083534638707	0.00020144195508818038	0.0024240570672874064	0.004505135387488328	0.02101798870563596	0.0009160703408807071	0.009399928865403182	0.001338267723763911	0.0003315397741271227	0.008581198787018518	0.003831808251647613	0.03640955487740714	0.002191495559764765	0.01650660490520773	0.0021410759928916514	0.002297943326727796	0.0009273184039557458	0.038575344850093556	0.0003859642173588212	0.0032944595869760346	0.023446452181577787	0.0011624891478770596	0.00013335902674709897	0.027134811152442366	0.0019133137049856775	0.0004686800807040407	0.0008357700093521007	0.004396029956464437	0.010052496369931866	0.001230516241551601	0.02808680527182097	0.009497056220417901	0.005519636247902493	0.0029827907195862655	0.00013744167088484993	0.0015020798028038823	0.00014612871870665103	0.003935519733185103	0.0013551977074248525	0.001890875262902443	0.0006275189947987274	0.0037842767309221115	0.00013644485598060196	0.0023303059273422563
475	Moraxella	0.0016459295835472227	0.00023671740824786355	0.00029851629273474115	5.007807948449202e-05	0.00031929110790722783	5.1706737849609105e-05	0.002414011539317571	0.0003517558853458034	2.5581848218651676e-05	2.4746687229946703e-05	0.0001280388617345192	0.00014630783851709542	6.7994481918786735e-06	0.0	1.0866449971543484e-05	0.003715580238251701	8.539883288261727e-05	0.0	0.0	0.0004948576047242406	0.00012560324885363484	1.6367158850914655e-05	0.00025769765551770325	0.0003968253968253968	0.004581323160925989	0.0002929409341682625	0.0050302322036481885	0.0010815574244524692	0.00043292808425774126	0.0022858617606665867	0.00036332048402656924	0.00343751096145077	0.0007479897774730413	0.0011391669747195462	0.000271362274165956	0.00029668939419384455	0.00011878277373778064	0.033527696793002916	0.00016130560181425852	0.0003518035686690975	0.004994858234170707	0.0009612266767273856	2.3609014304510342e-05	0.006483435754515666	0.0003286397657975399	0.0011807283775190573	0.0008239319072366318	0.0012898269195935016	0.0006589969842510891	0.00046126820343225637	0.012163944760281568	0.00032554738907915494	0.010472964391323383	0.00016619527115565474	8.99366638340461e-06	0.001275804960714836	0.00020525594592899537	0.0011339633129516398	0.00028523046303706196	0.0005561397832066009	5.549487709104392e-05	0.0003357543750961232	0.000151587496431814	0.00015186822817080944
482	Neisseria	0.004269639117716558	0.0013190511991061022	0.00576032573953347	0.0019883113530532815	0.001713309501708372	0.00487982338455686	0.0	0.0029943018762219453	6.514012082993256e-05	0.028252440875296006	0.02156581827987549	0.00016507619097992982	0.004823440812503352	5.631844036349246e-06	0.0003225577833464783	0.00237658789175408	0.003246578963420833	0.0	0.0006274819707655528	0.002160878207295851	0.33733484350306203	1.6451092998868066e-05	0.0019143254409886529	0.0007469654528478057	0.0036463592505329295	0.00918568116983563	0.0	0.0037456297313387646	0.0017438789342466392	0.0	0.0014842216366924813	0.004244273738117787	0.004934442766697154	0.001599360255897641	0.003509342248657112	0.0006997391372496333	0.0012215237772549529	0.0028719376876550195	0.00010940624028378332	0.0038172331142506746	0.0027030997502570883	0.002736881059289832	0.0	0.0007579556187833063	0.0020091401728992457	0.002542805328978874	0.0	0.002279214735882173	0.01831229755389255	0.07894035293506887	0.006589776216102634	0.009714857428714358	0.00938069203149211	0.009620568780414607	0.11875283214013516	0.0012661762440301957	0.002035243628460553	0.05772095608671484	0.02082005876171148	0.0	0.0012129594564185314	0.0006281856050185531	0.0010701336225255476	0.0006124521988527724
497	Psychrobacter	0.002110375060092726	3.310732982487602e-05	0.00011832264553177335	0.0	2.6333287250080645e-05	0.0	0.0036124569843688473	1.2862581891771378e-05	6.177080423528087e-06	0.0	0.0	0.0	0.0	0.0	0.0	0.0	2.9889591508916044e-05	0.0	0.0	0.0	0.0	0.0	3.398210841991691e-05	0.0	0.0	0.00017068136702847903	0.0	2.7358113603350823e-06	0.0	0.0	4.125293411493892e-06	0.0	7.632548749724911e-06	0.0	8.294916677561974e-06	0.0	3.894517171730513e-06	0.0	0.0	0.0	0.0	2.6510379264338778e-05	0.0	0.00026819968049255456	0.0	9.420705139779713e-06	0.0	1.2492270407685245e-05	0.0015860605383670279	0.0	7.00419084085311e-05	0.0	4.9309148939031476e-05	1.2650033762503904e-05	0.0	0.0	0.0	0.0	6.707151977356655e-06	0.0	0.0	3.899083065632399e-05	0.0	0.0
507	Alcaligenes	0.0	0.0	7.225810414154098e-06	0.0	0.0	1.0772237052001897e-05	0.0	0.0	0.0	6.653207714280753e-06	0.0	4.2228793041377396e-05	6.470442634207124e-06	0.0	0.0	0.0005187977726282295	0.00039039466460625037	0.0	0.0	0.0	0.0	2.1738944319932797e-05	0.0	0.0	0.0	6.134888673680889e-06	0.0	4.225308656517516e-05	0.0	0.0	0.0	0.0	6.360457291437425e-06	0.0	1.3232367080872673e-05	0.0	4.233170838837514e-06	0.0	6.561988239485368e-06	0.0	0.0	0.0	0.0	0.0021805800109612043	0.0	0.0	0.0	0.0	0.0	0.0	0.002883391896151197	5.387309039134952e-05	0.0	0.0	7.955935646857924e-06	0.0	3.589867367070907e-06	0.0	2.0121455932069963e-05	0.0	0.0	0.0002404434557139979	0.0	0.0
517	Bordetella	0.0001955559901244225	2.7589441520730016e-06	1.5580653705519776e-05	0.0	0.0	0.0	0.0	0.0	0.0	0.0	0.0	0.0	0.0	0.0	0.0	0.0	0.0	0.0	0.0	0.0	0.0	0.0	0.0	0.0	0.0	0.0	0.0	0.0	0.0	0.0	0.0	0.0	0.0	0.0	0.0	0.0	0.0	0.0	0.0	0.00012493958513481968	0.0	0.0	0.0	0.0066000443112515595	0.0	0.0	0.0001941448746936891	0.0	0.0	0.0	0.00017510477102132777	0.0	0.0	0.0	0.0	0.0	0.0	0.0	1.906243193564523e-05	0.0	0.0	0.0	3.5440222332623883e-06	6.22410771191842e-05
538	Eikenella	0.0	2.0002345102529262e-05	3.1387113986481864e-05	4.0203528600225983e-05	0.0	7.263565555064136e-05	0.0	9.968500966122818e-05	2.8077638288764035e-06	0.0010433365609504417	0.00011639896521319925	0.0	3.421657799784106e-05	0.0	6.5518301299012185e-06	0.0	9.759866615156259e-05	0.0	0.0	0.0	0.0005963014239326314	0.0	0.0	0.0	0.0	6.397812473981498e-05	0.0	5.4108269126627184e-05	2.2305428228736082e-05	0.0	3.5064993997698084e-05	0.0	0.0002289764624917473	0.0	5.0756990146033984e-05	0.0	3.979180588507263e-05	0.0	0.0	0.0	0.0	4.797116247832731e-05	0.0	0.0	3.2156532856902145e-05	1.3345998948021259e-05	0.0	0.0001224242499953154	0.0	0.000215375419701449	0.0	0.0001639281179051064	0.00012103154739580453	0.0004759029943066124	0.00023971580014228442	0.0	0.00019131881379801422	0.0	0.0003844257107021788	0.0	4.817687132079637e-05	0.0	6.121492948362307e-06	0.0
544	Citrobacter	0.0	0.0	8.580649866807991e-06	2.186507695801764e-05	0.0	0.0	0.0	1.1612053096738049e-05	0.0	8.88446639894808e-05	0.0	0.0	0.0006362967485367752	0.0	0.0	0.0	0.00011244179662877941	0.0	0.0	0.0	0.0	0.0	0.0	0.0	0.0	4.776449038794407e-05	0.0	0.00014317412785753595	0.0	0.0	0.00036184716495103573	0.0	0.003496343373103153	0.0005130023462313188	0.0012671472715056577	0.0	5.4861894071334175e-05	0.0	5.0706272759659665e-05	0.0	0.0	0.0001698828385510689	0.0	0.0	0.0	0.0	0.0	0.0	0.0	0.0	0.0	0.0	0.0	0.0	0.0	0.0	0.0	0.0	0.0	0.0	0.0	0.0	0.0	0.000677182919056724
547	Enterobacter	0.0	8.663084637509225e-05	0.00018245171295739097	0.0003004684769069521	0.0003423327342510484	0.0	0.0003424129843003647	0.00011737105976241382	2.2711689638022463e-05	8.559919681178286e-05	0.0	0.00011175700784687755	0.0036213641732907365	0.0	0.0	0.0037205211694195887	0.00012443829934324232	0.00029573512200646845	0.0	0.0	0.0	5.413752542994848e-05	0.0	0.0	0.003945547701858708	0.00011349544046309645	0.0	3.267774680400237e-05	0.0	0.002202907099997235	4.0074278854512096e-05	0.0	0.0001427922661927702	0.0015088304300921141	5.944690285586081e-05	0.0	2.2943785946499326e-05	0.0028936947913493754	2.1833524505924044e-05	0.0007167586726155445	0.0	5.1758359516089995e-05	0.0	0.000816259897151253	0.00017300214677013352	0.0	0.0	0.0003241744170794321	0.0	0.00011715861592880124	0.001103160057434365	0.0	0.0	5.452600759699959e-05	0.0	0.0	6.335060059536894e-06	0.0	4.024291186413993e-05	0.0	4.695720369242178e-05	0.0002426096129726826	4.0272979923436235e-05	0.0
551	Erwinia	0.0	0.0	4.06451835796168e-06	5.148872961081574e-05	3.2916609062600804e-05	1.1695571656459202e-05	0.0	9.646936418828533e-06	1.747053049078651e-06	3.269808181530663e-05	0.0	8.104515836223944e-06	0.00010966851922384957	0.0	1.837708451069854e-06	0.00016799165970818862	0.00020312722392793966	0.0	2.3608232563456443e-05	0.0	0.0	0.0	0.0	0.0	0.0	1.2050674180444605e-05	0.0	5.015654160614317e-06	0.0	0.00023042961297042205	4.714621041707306e-06	0.0	1.8445326145168534e-05	0.00039229591182394965	9.479904774356541e-06	3.638643513698093e-05	0.0	0.0003481136591096993	2.9827219270388037e-06	0.0	0.0	2.1641125930072472e-06	0.0	0.0	0.0	0.0	0.0	0.0	0.0	0.0	0.00017510477102132777	0.0	0.0	0.0	0.0	0.0	0.0	0.0	3.53007998808245e-06	0.0	0.0	0.0	0.0	0.0
561	Escherichia	0.003063710511949286	0.00011891049295434637	0.0011857103276475991	0.00016645671490619882	0.003138598674118987	0.00015573576995179885	0.01908952387474533	0.00019669031476167066	0.00027672072402370773	0.00014280055581870885	0.0002279479735425152	0.0002687286829905834	0.0005265185607937017	0.0	1.893638708276328e-05	0.0	0.0001059352188853419	0.0	0.0	0.0	8.321215236553309e-05	9.19918261569357e-05	0.0	0.0	0.0	7.055121974733023e-05	0.0	0.000118247846574483	0.0007634539752835578	0.0	0.00019948740282724038	0.0	0.000138339946088764	0.0	5.095448816216641e-05	0.0	7.247188476089823e-05	0.0	0.00015378914255812073	0.0010619864736459673	0.0	0.0003662760563664766	0.0	0.016045337406858914	0.001139627524448612	0.0	0.0010772672925076652	0.0002767037895302282	0.0	4.840685328794782e-05	0.0017743950130161214	0.00020779620579520529	0.004016454313579291	0.0016331629795453316	0.00017076435786951574	0.002513095054691111	0.007815563595450667	0.0	0.0005817571820359878	0.0030132664617375828	0.0	0.0016506118311177154	0.00016801887224057597	0.0017502190885914596
568	Hafnia	0.0	0.0	0.0	0.0	0.0	0.0	0.0	0.0	0.0	0.0	0.0	0.0	6.141437076535576e-06	0.0	0.0	0.0	0.0	0.0	0.0	0.0	0.0	0.0	0.0	0.0	0.0	0.0	0.0	0.0	0.0	0.0	0.0	0.0	0.0	0.0	0.0	0.0	0.0	0.0	0.0	0.0	0.0	0.0	0.0	0.0	0.0	0.0	0.0	0.0	0.0	0.0	0.0	0.0	0.0	0.0	0.0	0.0	0.0	0.0	0.0	0.0	0.0	0.0	0.0	0.0
570	Klebsiella	0.006624459165464812	0.0007842298752267507	0.0011902264591564452	0.00032938680449658836	0.0008048110915805897	0.00017143245822757305	0.0046396959372699415	0.0004852051724729314	4.342674721995504e-05	0.0007586279527868908	0.0007158536360611754	0.00014673439198215982	0.0006376127707674614	0.0	5.097643442532899e-05	0.008720743511322144	0.00046440698643785203	0.0	8.325008325008325e-05	0.0	0.0001679943453417366	0.00013118907325117748	0.0002916797639376202	0.010901027077497665	0.0	0.0003792675819336293	0.0	0.00020123412450464716	0.0001196382059541299	0.001327274570709631	0.00011727619841246923	0.004524886877828055	0.0003234292532695931	0.0	9.934150211461127e-05	0.00035546748172281376	9.152115353566704e-05	0.0	0.0	0.0007759405813636169	0.0	0.00016880078225456528	0.0	0.004769289970498036	0.0012431715602478368	0.0001680025749927382	0.0	0.004964428260014116	0.0	0.0001459221084622195	0.0017685581873154103	0.0002301150575287644	0.000779981083217407	0.0009470076999446888	4.9580468523897206e-05	0.000284047142196888	0.00016175520018684204	0.0	0.00041443139060087965	0.009474599579356091	0.0008482788355345284	0.002588557924128176	0.00011985238825214623	0.0002688814531548757
579	Kluyvera	0.0	0.0	0.0	0.0	0.0	0.0	0.0	0.0	0.0	0.0	0.0	0.0	1.1953868595399603e-05	0.0	0.0	0.0	2.033305544824221e-06	0.0	0.0	0.0	0.0	0.0	0.0	0.0	0.0	0.0	0.0	0.0	0.0	0.0	0.0	0.0	0.0	0.0	0.0	0.0	0.0	0.0	0.0	0.0	0.0	0.0	2.2970932836820876e-05	0.0	0.0	0.0	0.0	0.0	0.0	0.0	0.0	0.0	0.0	0.0	0.0	0.0	0.0	0.0	0.0	0.0	0.0	0.0	0.0	0.0
581	Morganella	0.0	0.0	0.0	0.0	0.0	0.0	0.0	0.0	0.0	0.0	0.0	0.0	2.303038903700841e-06	0.0	0.0	0.0	0.0	0.0	0.0	0.0	0.0	0.0	0.0	0.0	0.0	0.0	0.0	0.0	0.0	0.0	0.0	0.0	0.0	0.0	0.0	0.0	0.0	0.0	0.0	0.0	0.0	0.0	0.0	0.0	0.0	0.0	0.0	2.3735313774601966e-05	0.0	0.0	0.0	0.0	0.0	0.0	1.9601580579215177e-06	0.0	0.0	0.0	0.0	0.0	0.0	0.0	0.0	0.0
583	Proteus	0.0	0.0	1.7161299733615983e-05	4.796210429500644e-05	0.0	0.0	0.0	0.0	0.0	0.0	0.0	0.0	4.606077807401682e-06	0.0	0.0	0.0	0.0	0.0	0.0	0.0	0.0	0.0	0.0	0.0	0.0	0.0	0.0	3.723743240456084e-05	0.0	0.0	5.009284856814012e-06	0.0	1.0494754530871751e-05	0.0	4.344956354913415e-06	0.0	7.111727009247023e-06	0.0	0.0	0.0	0.0	2.6690721980422716e-05	8.869332400883616e-05	0.0	0.0	0.0	0.0	0.0	0.0	0.0	0.0	0.0	0.0	0.0	0.0	0.0	0.0	0.0	0.0	0.0	0.0	0.0	0.0	0.0
586	Providencia	0.0	0.0	0.0	0.0	0.0	0.0	0.0	0.0	0.0	0.0	0.0	0.0	0.0	0.0	0.0	0.0	7.136902462333015e-05	0.0	0.0	0.0	0.0	0.0	0.0	0.0	0.0	0.0	0.0	0.0	0.0	0.0	0.0	0.0	0.0	0.0	0.0	0.0	0.0	0.0	0.0	0.0	0.0	0.0	0.0	0.0	0.0	0.0	0.0	0.0	0.0	0.0	0.0	0.0	0.0	0.0	0.0	0.0	0.0	0.0	0.0	0.0	0.0	0.0	0.0	0.0
590	Salmonella	0.0	4.0970320658284074e-05	6.209680824663678e-05	2.398105214750322e-05	0.0	0.00027977038515056356	0.012772004314403602	6.842178978539496e-05	0.0	2.7099650933777704e-05	9.602914630088938e-05	4.777398808721483e-05	9.595995432086838e-05	0.0	0.0	0.0	1.7486427685488297e-05	0.0	0.0001652576279441951	0.0	0.0	5.791456208785186e-06	0.0	0.0	0.0	0.0	0.0	9.484146049161619e-05	0.0	0.0	3.5359657812804795e-05	0.0	4.547726963377759e-05	0.0019011263419160638	2.8637212339202052e-05	0.0	4.419430355746364e-05	0.0	0.0	0.003251717097324649	0.0	4.11181392671377e-05	1.6590118159926188e-05	0.002238884289329151	6.238367374239015e-05	6.67299947401063e-05	0.0	0.000216740891573339	0.0	0.0	0.00126075435135356	0.0	0.0	3.751389322673572e-05	2.9632977699166473e-05	0.0	8.446746746049192e-06	0.0	0.00010166630365677456	0.0	0.0	0.0	3.286275161752397e-05	8.46478648820905e-05
613	Serratia	0.0	1.2967037514743107e-05	0.0	0.0	0.0	1.231112805943074e-05	0.0	0.0	0.0	9.492991494766441e-06	0.0	0.0	6.21820503999227e-05	0.0	1.3103660259802437e-05	0.0	9.556536060673838e-06	0.0	7.827992902619769e-05	0.0	0.0	0.0	0.0	0.0	0.0	0.0	0.0	0.0	0.0	0.0	0.0	0.0	1.6537188957737306e-05	0.0	0.0	0.0	1.3207493017173043e-05	0.0	0.0	0.0	0.0	4.4364308156648566e-05	0.0	0.0	0.00010418716645636295	0.0	0.0	0.0	0.0	0.0	0.0	0.0	0.0002988433269032211	0.00031974050854880555	0.0	0.0	0.0	0.0	3.247673589035854e-05	0.0	3.598019503705045e-05	0.0	0.0	0.0
626	Xenorhabdus	0.0	0.0	0.0	0.0	0.0	0.0	0.0	0.0	0.0	0.0	0.0	0.0	0.0	0.0	0.0	0.0	0.0	4.404565646904849e-05	0.0	0.0	0.0	0.0	0.0	0.0	0.0	0.0	0.0	0.0	0.0	0.0	0.0	0.0	0.0	0.0	0.0	0.0	0.0	0.0	0.0	0.0	0.0	0.0	0.0	0.0	0.0	0.0	0.0	0.0	0.0	0.0	0.0	0.0	0.0	0.0	0.0	0.0	0.0	0.0	0.0	0.0	0.0	0.0	0.0	0.0
629	Yersinia	0.0	0.0	0.0	0.0	0.0	0.0	0.0	0.0	0.0	3.894560613237514e-06	0.0	0.0	8.356741164857338e-05	0.0	0.0	0.0	6.7099082979199284e-06	0.0	0.0	0.0	0.0	0.0	0.0	0.0	0.0	0.0	0.0	0.0	0.0	0.0	0.0	0.0	0.0	0.0	0.0	0.0	0.0	0.0	0.0	0.0	0.0	0.0	0.0	0.0	0.0	0.0	0.0	0.0	0.0	0.0	0.0	0.0	0.0	0.0	0.0	0.0	0.0	0.0	0.0	0.0	0.0	0.0	0.0	0.0
642	Aeromonas	0.0	0.0	2.3258077270558502e-05	0.0	0.0	0.0	0.0	0.0	0.0	0.0	0.0	0.0	3.9370998401361996e-05	0.0	0.0	0.0	0.0	0.0	0.0	0.0	0.0	0.0	0.0	0.0	0.0	1.862376918795984e-05	0.0	2.6598166003257742e-05	0.0	0.0	0.0	0.0	0.0	0.0	0.0	0.0	0.0	0.0	0.0	0.0	0.0	0.0	0.0	0.0	0.0	0.0	0.0	0.0	0.0	0.0	0.0	0.0	0.0	0.0	0.0	0.0	0.0	0.0	0.0	0.0	0.0	0.0	0.0	0.002327816284257489
657	Photobacterium	0.0	0.0	0.0	0.0	0.0	0.0	0.0	0.0	0.0	0.0	0.0	0.0	0.0	0.0	0.0	0.0	0.0	0.0	0.0	0.0	0.0	0.0	0.0	0.0	0.0	0.0	0.0	0.0	0.0	0.0	0.0	0.0	0.0	0.0	0.0	0.0	0.0	0.0	0.0	0.0	0.0	0.0	0.0	0.0	0.0	0.0	0.0	0.0	0.0	0.0	0.0	0.0	0.0	0.0	1.2683375668903937e-06	0.0	0.0	0.0	0.0	0.0	0.0	0.0	0.0	0.0
662	Vibrio	0.00010592616131739552	6.345571549767904e-06	0.00023890335681796986	0.0	0.0	1.446557546983112e-05	0.0	7.860466711638064e-06	1.2478950350561793e-06	3.521331887802252e-05	1.648985340520323e-05	0.00012370050486868126	0.0007092263138206351	0.0	0.0	0.0	3.6599499806835974e-06	0.00010224884537457685	5.0944080794827065e-05	0.0	0.0	0.0	0.0	0.0	0.0	8.98322984360416e-06	0.0	7.4474864809121684e-06	0.0001754017765259701	0.0	9.429242083414611e-06	0.0	0.00011766845989159236	0.0001810596516110537	0.00014891350416385067	0.0	5.079805006605017e-06	0.0	0.0	0.0	0.0007051564565888057	1.0820562965036237e-05	0.0	0.00031484310318691185	1.6721397085589116e-05	0.0	0.0	0.0	0.00017312632637104882	0.00023817574914867078	9.922603691208574e-05	0.0002955323815754031	0.0	1.0905201519399917e-05	0.0	0.0	0.0	0.0	1.482633594994629e-05	0.0	0.0	0.0	1.2565169736112104e-05	0.0
713	Actinobacillus	0.0	0.0	7.903230140481044e-06	0.0	0.0	0.0	0.0	3.7515863850999853e-06	0.0	7.058891111492994e-06	0.0	0.0	2.6320444613723898e-06	0.0	0.0	0.0	0.0	0.0	0.0	0.0	0.0	0.0	0.0	0.0	0.0	8.106817175935462e-06	0.0	5.927591280726012e-06	0.0	0.0	0.0	0.0	0.0	0.0	0.0	0.0	0.0	0.0	4.533737329098981e-06	0.0	0.0	0.0	0.0	0.0	0.0	0.0	0.0	0.0	0.0	0.0	0.0	0.0	0.0	0.0	9.685486874435734e-06	0.0	0.0	0.0	0.0	0.0	0.0	0.0	0.0	0.0
724	Haemophilus	0.010144466987704418	0.0018585627280439776	0.011249006168809835	0.0021667585940332323	0.002169204537225393	0.004532649573280913	0.003167320104778373	0.12406424716737363	0.00010588389372451681	0.005587639703163081	0.030321930438038405	0.0005075986234266576	0.009874882476473086	7.840410325113657e-06	0.0003470871961498889	0.005924176470297592	0.005847786746914459	5.348401142670173e-05	0.0005852356598625255	0.001690763482807822	0.034962292334653526	3.223071281410886e-05	0.002528835234915484	0.0011671335200746965	0.0036837578069486517	0.016723049214953354	0.0044713175143539455	0.005170379491993268	0.04535200500452699	0.0034840957481127813	0.0022020226902924184	0.002209828475218352	0.017786064746911044	0.003334515250503572	0.006031984408716614	0.0009908306183454808	0.0013302316043963002	0.00189286802140899	0.001071751642823583	0.005888599920433212	0.004730424562949904	0.003141930799614355	8.933140547652562e-05	0.002285527712023508	0.003496058252202401	0.003137094811546644	0.0006653013388893493	0.001853228314980106	0.004478945604825198	0.015635062837707957	0.013051142266789629	0.011940585677454112	0.0037191052033105866	0.006485541447617519	0.10653251498656138	0.0017861269450007702	0.002705704151428208	0.030628126737076152	0.02985600450720613	0.0012538424203203365	0.0032809059203276515	0.0003639144194590239	0.001251039848341623	0.003261432441045252
745	Pasteurella	0.0	0.0	3.838711782519365e-06	0.0	0.0	4.3088948208007585e-06	0.0	4.448309570904268e-05	0.0	1.1440271801385198e-05	0.0	0.0	1.535359269133894e-06	0.0	0.0	0.0	3.8632805351660195e-06	0.0	0.0	0.0	1.8212471083777054e-05	0.0	0.0	0.0	0.0	3.7247538375919685e-06	0.0	3.191779920390929e-06	0.0	0.0	0.0	0.0	3.8162743748624555e-06	0.0	0.0	0.0	0.0	0.0	0.0	0.0	0.0	3.96753975384662e-06	0.0	0.0	0.0	0.0	0.0	0.0	0.0	0.0	0.0	2.3088467310578366e-05	0.0	6.106912850863954e-06	2.3060683034370796e-05	0.0	0.0	0.0	1.41203199523298e-05	0.0	0.0	0.0	0.0	0.0
780	Rickettsia	0.0	0.0	1.783871945994293e-05	0.0	0.0	0.0	0.0	0.0	0.0	0.0	0.0	0.0	0.0	0.0	0.0	0.0	0.0	0.0	0.0	0.0	0.0	0.0	0.0	0.0	0.0	0.0	0.0	0.0	0.0	0.0	0.0	0.0	0.0	0.0	0.0	0.0	0.0	0.0	0.0	0.0	0.0	0.0	0.0	0.0	0.0	0.0	0.0	0.0	0.0	0.0	0.0	0.0	0.0	0.0	0.0	0.0	0.0	0.0	0.0	0.0	0.0	0.0	0.0	0.0
816	Bacteroides	0.0	0.002053206237972728	0.0007374842753946027	0.0	0.0002880203292977571	0.0005376885179956375	0.0011984454450512762	0.006256395561551742	0.00016054169625997745	0.0102213554661213	0.00010960902557576263	1.7062138602576726e-05	4.2112711381958236e-05	0.0	3.691396975627272e-05	0.0053115010054794925	0.0047914845163782764	0.0	3.7276156679141754e-05	0.0	0.00016014414228838442	3.0300227411180464e-05	7.079605920816024e-05	0.0	0.0	0.00012992817798188454	0.0	0.0001608049121796954	0.0	0.0	0.0002728586927888103	0.0	0.00013865796895333587	0.0	0.0007159303084800513	0.0	5.198333790092467e-05	0.01910273704364475	0.03366466999283908	0.00047345526998457984	0.0	0.00016970249583498498	0.0	0.0	0.00018071971465579003	0.00016250716366120004	0.019731748606063478	0.015103154922891462	0.0	6.84009883416654e-05	0.001634311196199059	0.0007480663408627391	0.0016496151645057804	0.0019472327833040491	0.0004195891278103766	0.007293752888615005	0.003744442832523607	0.0	0.0006615369897666511	0.0006066979453162918	0.0013946899330463454	0.0	0.0	0.00046556325685149775
830	Butyrivibrio	0.0	6.980128704744695e-05	0.0	0.0	0.0	6.124786209566793e-05	0.0	4.823468209414267e-05	0.0	4.2109936630630625e-05	0.0	0.0	0.0	0.0	0.0	0.000148227935036637	9.149874951708994e-05	0.0	0.0	0.0	0.0	1.0911439233943104e-06	0.0	0.0	0.0	0.0	0.0	5.775601760707396e-06	0.0	0.0	7.366595377667665e-06	0.0	7.314525885153039e-06	0.0	1.6984829387388804e-05	0.0	8.551005094451777e-06	0.0002828423480266307	0.0009195135156675224	0.0	0.0	0.0001345356661986172	0.0	0.0	0.0	0.0	8.286671480828193e-05	0.0001274211581583895	0.0	0.0	0.0	0.0	0.0	1.1341409580175914e-05	1.6373084954403264e-05	9.628716684640271e-05	5.532619118662221e-05	0.0	6.35414397854841e-06	0.0	1.3416343912120507e-05	0.0	0.0	0.0
836	Porphyromonas	0.007300756964645106	0.00023119951994371755	0.00024341948832681617	1.6927801515884627e-05	0.0	0.00014711798031019732	0.00852608330907908	0.0005659536032379406	8.672870493640447e-06	0.000285844521675745	0.00051409542969163	6.398301975966272e-06	7.85226597642763e-05	0.0	1.1665453645921681e-05	0.0002865740077374982	0.00025436652365751	0.0	0.0	0.0006969244599866389	0.0013973361434966877	4.280641545623833e-06	0.0	0.0	0.0	0.0002513113324539993	0.0	0.000267349565712745	4.7652505761390725e-05	0.0	0.00022689113763216408	0.0012627591286962013	0.0004967517144612629	0.0	0.00025240246461724294	0.0	8.771129978071329e-05	0.0	0.00022632893982370443	8.877286312210872e-05	0.0	0.000247249863751078	0.0	0.0	7.588941754228905e-05	0.00014994622347482708	0.0	0.0005115584731947108	0.00020663464760415504	0.00013995894537602302	0.0003677200191447883	0.00027860083888097895	0.00045723029016192827	0.0003297732939466535	0.002053784431041063	0.0005729086427360961	0.00036806698945909355	0.000311284046692607	0.0005122146062707635	0.0	0.00020856316445205518	4.548930243237799e-05	2.8674361705486597e-05	5.726179094964946e-05
838	Prevotella	0.006445199507850758	0.0010584689239428072	0.005777261232691643	0.0008612019021206303	0.0009677483064404638	0.0020359528028283586	0.009330753822184937	0.0020721262133702252	7.924133472606739e-05	0.0008925846105463728	0.007366114515241959	0.00018683041769821513	0.001891014276976838	3.368063590365726e-06	0.00011425752543608222	0.0033054829513170054	0.0019377401842174823	0.0	0.00015531731949642398	0.0021567543939231488	0.0012415881149181805	1.838157840179646e-05	0.005403155238766789	0.003688141923436041	0.0015146415348367553	0.001425485203963138	0.002438900462374879	0.0026052523626390912	0.0070069461131270485	0.001179799618408561	0.001824853006955834	0.016626328527833314	0.003391395827794435	0.001124078670418625	0.0024282381083482016	0.000713733919994626	0.004778657233130115	0.007614986293024673	0.004415144305279919	0.0026401707069279	0.0018216541795210812	0.001756718397373633	1.467587375685778e-05	0.0021222757325932576	0.001304912103333089	0.014055692068551331	0.0004877298071573165	0.0015796475930517993	0.0021501172791243157	0.005169711621433152	0.017376230111016425	0.002263439412013699	0.002780737156834472	0.002213755908438183	0.001141734417031698	0.003841857957171468	0.0010442290664803315	0.0022790439132851586	0.0034718336682790897	0.0003437955023458987	0.0007726594425753039	0.0011004078874118103	0.0008127087348549432	0.0003510396749521989
841	Roseburia	0.0	0.0010997151390162985	7.067745811344478e-05	0.0	0.00020902046754751514	0.0005512307588610113	0.0003595336335153829	0.0010066756800018294	0.00010837968379462917	0.0020878901720925197	6.110945673692961e-05	0.0	7.238122268774071e-06	0.0	7.350833804279416e-06	0.00218883250737434	0.0016270510969683414	0.0	0.0	0.0	2.8574739114201928e-05	1.8885183289516912e-05	0.0	0.0	0.0	1.796645968720832e-05	0.0	2.9333977363592824e-05	0.0	0.0	5.0092848568140126e-05	0.0	1.4311028905734206e-05	0.00029422193386796224	0.0007088203798992839	0.0	9.058985595112279e-06	0.032657412645228666	0.05260006256557514	0.0	0.0	3.228134617902477e-05	0.0	0.0	3.858783942828257e-05	5.80943483619749e-05	0.0024007671090170825	0.0028950836669810556	0.0	1.192632617239294e-05	0.0010331181490258337	0.00014083965059452804	0.00020470767892870643	0.0003306457100682055	0.0003312667117887365	0.0035385533816052997	0.001048452439853356	0.0	0.00018391716737909563	0.0	0.00017319280322919203	0.0	0.0	0.00012697179732313577
846	Oxalobacter	0.0	0.0	0.0	0.0	0.0	5.232229425258065e-06	0.0	0.0	0.0	0.0	0.0	0.0	0.0	0.0	0.0	0.0	0.0	0.0	0.0	0.0	0.0	0.0	0.0	0.0	0.0	0.0	0.0	0.0	0.0	0.0	0.0	0.0	0.0	0.0	0.0	0.0	0.0	0.0	0.00048785399838646677	0.0	0.0	0.0	0.0	0.0	0.0	1.8841410279559426e-05	0.0	0.0	0.0	0.0	0.0	0.0	0.0	0.0	0.0	0.0	8.235578077397964e-06	0.0	0.0	0.0	0.0	0.0	0.0	0.0
848	Fusobacterium	0.0014422254271676158	0.0005791023775201231	0.0018055493772367553	0.0008809510038891624	0.000734040382095998	0.010007408221309763	0.0008389118115358934	0.0015794178681270937	0.0001244775297468539	0.009547028523275112	0.0050856647884400304	0.00015611856821357703	0.0033067251916375122	3.6993485336803873e-06	0.00014022514485337363	0.003265955501973902	0.0033535308350785874	0.0	0.0002596905581980209	0.0006639339530050228	0.013979955605531693	7.21833672399313e-06	0.00037097135025075965	0.0	0.000747971128314447	0.003757838415796462	0.0018799857730806362	0.0018095872253416382	0.002064265994259394	0.0008295466066935194	0.0013513282560793565	0.00375320074362482	0.0022662309329391545	0.002104818449978499	0.001769384726530422	0.000587780875289692	0.005928979076875822	0.0034593794874026368	0.0002221531291258501	0.001006092448717232	0.002232995445864551	0.0012082961977623798	3.445639925523131e-05	0.000641347062047413	0.0005383003600245419	0.0024878512156634924	6.629337184662555e-05	0.001048101487204792	0.0017256785435049704	0.0026529060247590533	0.002889228721851908	0.004510716896909994	0.00223684230187061	0.004461099837556118	0.016064648318818556	0.0010832306270220306	0.0020314425924248306	0.003057254030016676	0.01091394829915451	0.0003134606050800841	0.0036455865412116546	0.0003812436775285012	0.0007178255941553274	0.0017029158699808796
872	Desulfovibrio	0.0	9.104515701840905e-06	0.0	0.0	0.0	7.3866768356584435e-06	0.0	2.483192892994752e-05	0.0	2.547691734492874e-05	0.0	0.0	0.0	0.0	0.0	0.0	2.846627762753909e-06	0.0	0.0	0.0	0.0	0.0	0.0	0.0	0.0	0.0	0.0	0.0	0.0	0.0	0.0	0.0	0.0	0.0	7.3074265968998345e-06	0.0	0.0	0.0	0.0002846709807165834	0.0	0.0	0.0	0.0	0.0	0.0	1.256094018637295e-05	0.0	2.6858381376523277e-05	0.0	0.0	0.0	0.0	0.0	0.0	7.494721986170508e-06	0.0	6.5462287281881245e-06	0.0	0.0	0.0	0.0	0.0	0.0	0.0
893	Desulfobulbus	0.0	0.0	2.0096785214366085e-05	0.0	0.0	1.446557546983112e-05	0.0	0.0	0.0	0.0	0.0	0.0	0.0	0.0	0.0	0.0	0.0	0.0	0.0	0.0	0.0	0.0	0.0	0.0	0.0	0.0	0.0	0.0	0.0	0.0	0.0	0.0	0.0	0.0	0.0	0.0	0.0	0.0	0.0	0.0	0.0	0.0	0.0	0.0	0.0	0.0	0.0	0.0	0.0	0.0	0.0	0.0	0.0	0.0	0.0	0.0	0.0	0.0	0.0	0.0	0.0	0.0	0.0	0.0
904	Acidaminococcus	0.0	0.0	0.0	0.0	0.0	4.3088948208007585e-06	0.0	0.00038605610372386036	1.871842552584269e-06	0.00024227412481515035	0.0	0.0	4.167403730506283e-06	1.3251397732586462e-06	0.0	9.8818623357758e-05	0.00011406844106463878	0.0	0.0	0.0	0.0	0.0	0.0	0.0	0.0	0.0	0.0	0.0	0.0	0.0	0.0	0.0	0.0	0.0	0.0	0.0	0.0	0.0	1.9089420333048344e-06	0.0	0.0	0.0	0.0	0.0	0.0	0.0	0.0	0.000767025403031874	0.0	0.0	0.0	1.8470773848462694e-05	0.0	0.0	0.0	0.0	1.6048818817493467e-05	0.0	1.976844793326172e-05	0.0	0.0	0.0	0.0	0.0
906	Megasphaera	0.0	0.0	0.0	0.0	0.0	0.0	0.0	0.0	0.0	0.0	0.0	0.0	0.0	3.312849433146616e-06	0.0	6.91730363504306e-05	5.144263028405279e-05	0.0	0.0	0.0	0.0	0.0	0.0	0.0	0.0	0.0	0.0	0.0	0.0	0.0	0.0	0.0	0.0	0.0	0.0	0.0	0.0	0.0	4.414428452017429e-06	0.0	0.0	0.0	0.0	0.0	0.0	0.0	6.866099226971932e-05	0.0	0.0	0.0	0.0	0.0	0.0	0.0	0.0	0.0	5.279216716280745e-05	0.0	0.0	0.0	0.0	0.0	0.0	0.0
911	Nitrobacter	0.0	0.0	0.0	0.0	0.0	0.0	0.0	0.0	0.0	0.0	0.0	0.0	0.0	1.8772813454497489e-06	3.4357157998262487e-06	0.0	0.0	0.0	0.0	0.0	0.0	0.0	0.0	0.0	0.0	0.0	0.0	0.0	0.0	0.0	0.0	0.0	0.0	0.0	0.0	0.0	0.0	0.0	0.0	0.0	0.0	0.0	0.0	0.0	0.0	0.0	0.0	0.0	0.0	0.0	0.0	0.0	0.0	0.0	0.0	0.0	0.0	0.0	0.0	0.0	0.0	0.0	0.0	0.0
919	Thiobacillus	0.0	0.0	0.0	1.4106501263237188e-05	0.001342997649754113	5.57078544689241e-05	0.004879385026280197	8.307084138435682e-05	3.419232396053931e-05	1.2008228557482335e-05	0.0	0.00012455361179881008	3.3997240959393368e-06	3.8649910053377185e-06	2.2372102882589528e-06	0.0012648783789793025	1.56564526951465e-05	0.0	0.0	0.0010928105437660314	1.8212471083777054e-05	0.0	0.00106477273049073	0.0	0.008227682411458917	9.596718710972249e-05	0.007824805650119405	9.727329281191403e-05	0.0	0.0051247545924621865	0.0002277751290774842	0.01210144165000526	0.00013865796895333587	0.010946564770318287	0.00011198137514708665	0.0007669140944255981	1.9557249275429314e-05	0.007462686567164179	8.864649567159325e-05	0.0	0.007345379756133392	4.3282251860144946e-05	3.573256219061025e-05	0.0	3.7944708771144526e-05	4.945870198384349e-05	0.0007268594698897873	0.00011055659310801442	0.0010778509996649168	1.5434069164273218e-05	0.0029534338045597284	0.00010543733405164121	0.0005513659381364429	2.6608691707335798e-05	0.0	0.001174703435526113	1.055843343256149e-05	0.0007782101167315176	3.247673589035854e-05	0.0	0.0	0.0	0.0	0.0
958	Bdellovibrio	0.0	0.0	0.0	0.0	0.0	0.0	0.0	0.0	0.0	0.0	0.0	0.0	0.0	0.0	0.0	0.0	0.0	0.0	0.0	0.0	0.0	0.0	0.0	0.0	0.0	0.0	0.0	0.0	0.0	0.0	0.0	0.0	0.0	0.0	0.0	0.0	0.0	0.0	0.0	0.0	0.0	0.0	0.0	0.00016325197943025058	0.0	0.0	0.0	0.0	0.0	0.0	0.0	0.0	0.0	0.0	0.0	0.0	0.0	0.0	0.0	0.0	0.0	0.0	0.0	0.0
963	Herbaspirillum	0.0	0.0	0.0	0.0	0.00024358290706324597	5.232229425258065e-06	0.000513619476450547	1.6435521306152316e-05	4.3052378709438186e-06	2.27182702438855e-06	0.0	1.6209031672447888e-05	0.0	1.3196183575367352e-05	5.113623516020463e-06	0.0002272828337228434	4.2699416441308635e-06	0.0	0.0	0.000882496061758229	0.0	0.0	0.00031716634525255784	0.0	0.0013650473091738659	1.6432737518788097e-05	0.0012194502311874396	1.4135025361731257e-05	0.0	0.0010323246661074908	1.0313233528734732e-05	0.002946437966957803	9.318069931955827e-05	0.0016069044080481015	1.2047378984078105e-05	7.277287027396186e-05	4.317834255614264e-06	0.0012183978068839476	1.885080257888524e-05	0.0	0.0006463934185397386	7.574394075525365e-06	0.0	0.0	0.0	0.0	0.00011127815988540717	0.0	0.00019546520719311962	5.612388787008442e-06	0.0003852304962469211	1.539231154038558e-05	3.287276595935432e-05	0.0	0.0	0.00011073024187336311	0.0	0.0003779877709838799	2.11804799284947e-05	0.0	0.0	0.0	0.0	0.0
970	Selenomonas	0.0	0.0001418097294165523	0.0006911939274289279	0.00010156680909530776	0.0	0.0018445147615042106	0.0	7.931925499925684e-05	3.61889560166292e-06	0.00017549863763401547	0.00045007599882437047	9.384176231417199e-06	0.0004407577787606514	0.0	1.6539376059628684e-05	0.0	0.0001234216465708302	0.0	0.0	0.0	0.00018683483266978185	0.0	0.0	0.0	0.0	0.00010495041695332665	0.0	0.00019469857514384668	0.00014397140038547836	0.0	8.48631787507315e-05	0.0	0.0003094362472284307	0.0	0.00012205377396984048	0.0	0.00047005128994451754	0.0	1.5152227389357123e-05	6.246979256740984e-05	0.0	0.00015473405040001818	0.0	0.0	0.00031320463002622686	0.00010755305034581838	0.0	0.00012804577167877375	0.0	0.00030026280010495167	7.587873410924203e-05	0.0003824989417785816	0.0004661955899690249	0.001985619092652337	0.0	0.00029367585888152826	0.001974004714551696	0.0	0.0016672567783713411	0.0	0.00012196676283745917	0.0	4.3333726397617383e-05	0.0
1013	Weeksella	0.0	0.0	3.3870986316347334e-06	0.0	0.0	0.0	0.0	0.0	0.0	0.0	0.0	0.0	0.0	0.0	0.0	0.0	0.0	0.0	0.0	0.0	0.0	1.8465512549749868e-06	0.0	0.0	0.0	0.0	0.0	0.0	0.0	0.0	0.0	0.0	0.0	0.0	0.0001123763711793515	0.0	0.0	0.0	0.0	0.0	0.0	0.0	0.0	0.00017491283510383992	0.0	0.0	0.0	0.0	0.0	0.0	0.0007179295611874438	0.0	0.0	0.0	0.0	0.0	0.0	0.0	1.976844793326172e-05	0.0	0.0	3.6824673397639325e-05	0.0	0.0
1016	Capnocytophaga	0.0012792621020639304	0.00032210672975452293	0.0008289359384487404	0.0007046197380986976	0.0007258112298303478	0.00197039604591189	0.0	0.0017512762539588168	7.718230791822468e-05	0.0074129715805798385	0.0020127321068115706	8.061860489717503e-05	0.0003707892634958354	0.0	8.980801300010939e-05	0.001936845017812057	0.0020255789837538888	0.0	0.00011431354714936805	0.0010392009699209052	0.08060651296806443	8.141612351480624e-06	8.495527104979229e-05	0.0	0.0012154530835109766	0.008387926539090197	0.0	0.0008576768614650483	0.0006569962496464082	0.00023964679748923894	0.0006721281622583978	0.0012627591286962013	0.0012180275713102669	0.0005507231069836216	0.0007601698640937152	0.00033027687278182696	0.0010908881251684272	0.0	4.9035948480517936e-05	0.0008055315357376532	0.0	0.0006849416356867938	2.0418606966063e-05	0.0	0.0006026134257383462	0.00012403928434043287	0.0	0.0009325479859337035	0.0009940801965821512	0.0009614723540743837	0.0007646241667931313	0.001716242736752992	0.0017766235784396494	0.0049051596434260825	0.00012764088059524236	0.0004766214758896934	0.0007194516540947399	0.010994997220678154	0.004418601121082803	0.0	0.00538544241308801	0.000797145871195957	5.1871598141385866e-05	0.00178756373486297
1033	Afipia	0.0	0.0	0.0	0.0	0.0	0.0	0.0	0.0	0.0	0.0	0.0	0.0	0.0	7.398697067360775e-06	1.0067446297165288e-05	0.0	0.0	0.0	0.0	0.0	0.0	0.0	0.0	0.0	0.0	0.0	0.0	0.0	0.0	0.0	0.0	0.0	0.0	0.0	0.0	0.0	0.0	0.0	0.0	0.0	0.0	0.0	0.0	0.0	0.0	0.0	0.0	0.0	0.0	0.0	0.0	0.0	0.0	0.0	0.0	0.0	0.0	0.0	0.0	0.0	0.0	0.0	0.0	0.0
1041	Erythrobacter	0.0	0.0	0.0	0.0	0.0	0.0	0.0	3.358563049518082e-05	0.0	0.0	0.0	0.0	0.0	0.0	0.0	0.0	0.0	0.0	0.0	0.0	0.0	0.0	0.0	0.0	0.0	0.0	0.0	3.951727520484008e-06	0.0	0.0	0.0	0.0	0.0	0.0	0.0	0.0	0.0	0.0	0.0	0.0	0.0	0.0	0.0	0.0	0.0	0.0	0.0	3.622758418228721e-05	0.0	0.0	0.0	0.0	0.0	0.0	0.0	0.0	0.0	0.0	0.0	0.0	0.0	0.0	0.0	0.0
1060	Rhodobacter	0.0	4.138416228109503e-06	0.0	0.0	0.0	0.0	0.0	1.554228645255708e-05	0.0	0.0	0.0	0.0	0.0	0.0	1.1985055115672961e-06	0.0	0.0	0.0	0.0	0.0	0.0	0.0	0.0	0.0	0.0	0.0	0.0	1.9606648082401423e-05	0.0	0.0	0.0	0.0	0.0	0.00010561813010644799	0.0	0.0	0.0	0.0	0.0	0.0	0.0	0.0	0.0	0.0	0.0	0.0	0.0	0.0002829499247340708	0.0	0.0	0.0	0.0	0.00030482019344128553	0.0	0.0	0.0	0.0	0.0	0.0	0.0	0.0	0.0	0.0	0.0
1073	Rhodopseudomonas	0.0	0.0	7.903230140481044e-06	0.000491611569023816	0.0	0.0	0.0	1.0004230360266626e-05	0.0	0.0	0.0	0.0	0.0	4.3398327574220665e-05	4.85794234021944e-05	0.0	0.0	0.0	0.0	0.0	0.0	0.0	0.0	0.0	0.001159355248887393	0.0	0.0	0.0	0.0	0.0	0.0	0.0	0.0	0.0	0.0	0.0	0.0	0.0	0.0	0.0	0.0	0.0	0.00039050585822595485	0.0	0.0	0.0	0.0	0.0	0.0	0.0	0.0	0.00012082964559202678	0.0	7.85174509396794e-06	0.0	0.00012035895855800339	0.0	0.0	0.0	0.0	0.0	9.097860486475597e-05	0.0	0.0
1081	Rhodospirillum	0.0	0.0	0.0	0.0	0.0	0.0	0.0	0.0	0.0	0.0	0.0	0.0	0.0	7.729982010675437e-07	0.0	0.0	0.0	0.0	0.0	0.0	0.0	0.0	0.0	0.0	0.0	0.0	0.0	0.0	0.0	0.0	0.0	0.0	0.0	0.0	0.0	0.0	0.0	0.0	0.0	0.0	0.0	0.0	0.0	0.0	0.0	0.0	0.0	0.0	0.0	0.0	0.0	0.0	0.0	0.0	0.0	0.0	0.0	0.0	0.0	0.0	0.0	0.0	0.0	0.0
1111	Porphyrobacter	0.0	0.0	4.06451835796168e-05	0.0	0.0	0.0	0.0	7.395984587768542e-05	0.0	5.111610804874237e-06	0.0	0.0	0.0	1.6288176379637526e-05	7.910136376344154e-06	0.0	0.0	0.0	0.0	0.0	0.0	0.0	0.0	0.0	0.0	0.0	0.0	0.0	0.0	0.0	0.0	0.0	0.0	0.0005130023462313188	0.0	0.0	2.3790420114266828e-05	0.0	0.0	0.0	0.0	0.0	0.0	0.0	0.0	0.0	0.0	0.0	0.0	1.8591037856965466e-05	0.0	0.0	0.0	0.0	0.0	0.0	0.0	0.0	0.0	0.0	0.0	0.0	0.0	0.0
1129	Synechococcus	0.0	0.0	0.0	0.0	0.0	0.0	0.0	0.0	0.0	0.0	0.0	0.0	0.0	0.0	0.0	0.0	0.0	9.438354957653247e-05	7.703739047022629e-05	0.0	0.0	0.0	0.0	0.0	0.0	0.0	0.0	0.0	0.0	0.0	0.0	0.0	0.0	0.0	0.0	0.0	0.0	0.0	0.0	0.0	0.0	0.0	0.0	0.0	0.0	0.0	0.0	0.0	0.0	0.0	0.0	0.0	0.0	0.0	0.0	0.0	0.0	0.0	0.0	0.0	0.0	0.0	0.0	0.0
1152	Pseudanabaena	0.0	0.0	0.0	0.0	0.0	0.0	0.0	0.0	1.934237304337078e-06	8.438214662014614e-06	0.0	0.0	0.0	0.0	0.0	0.0	0.0	0.0	0.0	0.0	0.0	0.0	0.0	0.0	0.0	0.0	0.0	0.0	0.0	0.0	0.0	0.0	0.0	0.0	0.0	0.0	0.0	0.0	0.0	0.0	0.0	0.0	0.0	0.0	0.0	0.0	0.0	0.0	0.0	0.0	0.0	0.0	0.0	0.0	0.0	0.0	0.0	0.0	0.0	0.0	0.0	0.0	0.0	0.0
1158	Oscillatoria	0.0	0.0	0.0	0.0	0.0	0.0	0.0	0.0	0.0	0.0	1.939982753553321e-05	0.0	0.0	0.0	0.0	0.0	0.0	0.0	0.0	0.0	0.0	0.0	0.0	0.0	0.0	8.98322984360416e-06	0.0	0.0	0.0	0.0	0.0	0.0	0.0	0.0	0.0	0.0	0.0	0.0	0.0	0.0	0.0	1.1000905681120174e-05	0.0	0.0	0.0	0.0	0.0	0.0	0.0	0.0	0.0	0.0	0.0	0.0	0.0	0.0	0.0	0.0	0.0	0.0	0.0	0.0	0.0	9.21167941363926e-05
1177	Nostoc	0.0	0.0	0.0	0.0	0.0	0.0	0.0	0.0	0.0	0.0	0.0	0.0	0.0	0.0	0.0	0.0	0.0	0.0	0.0	0.0	0.0	0.0	0.0	0.0	0.0	0.0	0.0	0.0	0.0	0.0	0.0	0.0	0.0	0.0	0.0	0.0	0.0	0.0	0.0	0.0	0.0	0.0	0.0	0.0	0.0	0.0	0.0	0.000521552289520859	0.0	0.0	0.0	0.0	0.0	0.0	0.0	0.0	0.0	0.0	0.0	0.0	0.0	0.0	0.0	0.0016332058636073933
1218	Prochlorococcus	0.0	0.0	0.0	0.0	0.0	0.0	0.0	0.0	0.0	0.0	0.0	0.0	1.546326121056279e-05	0.0	0.0	0.0	0.0	0.0	0.0	0.0	0.0	0.0	0.0	0.0	0.0	0.0	0.0	0.0	0.0	0.0	0.0	0.0	0.0	0.0	0.0	0.0	1.0159610013210032e-06	0.0	0.0	0.0	0.0	0.0	0.0	0.0	0.0	0.0	0.0	0.0	0.0	0.0	0.0	0.0	0.0	0.0	0.0	0.0	0.0	0.0	0.0	0.0	0.0	0.0	0.0	0.0
1243	Leuconostoc	0.001230373104532825	0.0	0.0011452909506434246	0.0003858128095495371	4.279159178138105e-05	0.0005084495888544896	0.0	2.268816528131896e-05	5.553132905999998e-06	0.0004539597214804977	5.0439551592386346e-05	0.00022052814143830416	0.011069940330455375	0.0	1.0227247032040927e-05	0.003023849874747395	0.0033608507350399545	0.0	6.461200491051237e-05	0.0	0.0	0.003237591889006826	0.0	0.10273109243697479	0.001477242978421033	0.0	0.0	5.3044342486496874e-05	0.004642570720881024	0.0	3.6243649258124916e-05	0.0	0.0003549135168622083	0.0	0.0003142193436666929	0.0	9.008187545046229e-05	0.0	8.113003641545546e-06	0.003396383985375493	0.0	0.00011091077039162142	0.0	0.005398976176871859	0.0	1.7271292756262806e-05	0.0	1.3116883928069507e-05	8.377080308276555e-05	0.0003409526188107629	0.0	0.0007157424866279294	0.0	8.593298797287135e-05	0.0	0.0	1.182544544446887e-05	0.0	0.0	0.0	2.317368493911724e-05	0.00288748762582666	1.0632066699787165e-05	0.000385894678138942
1253	Pediococcus	0.0	2.0692081140547512e-05	5.4193578106155734e-05	0.0	0.0	1.7851135686174572e-05	0.0	1.214799400889519e-05	0.0	2.4341003832734463e-05	0.0	0.0005174093531231392	0.002829228458936871	0.0	3.3558154323884288e-06	0.0	5.89658607999024e-06	0.0	0.0	9.484770757214612e-05	5.11833239078562e-05	0.0	9.345079815477152e-05	0.0	0.0	2.694968953081248e-05	0.0	8.177036177001523e-05	0.0007026209892051867	0.0	0.00019713009230638671	0.0	0.0008529373227817587	0.003621193032221074	0.011544746533021075	6.157704407796774e-05	0.0004523566358381767	0.0	3.5315427616139434e-05	0.0	0.0	7.033365927273553e-05	0.0	0.0	0.0	0.00022452680583141647	0.0	6.12121249976577e-05	0.0	0.0002497513010218757	0.0008346660752016624	0.0021295263016123446	9.114721470548242e-05	0.00014220382781297491	4.612136606874159e-06	0.0	4.434542041675826e-06	0.0	2.329852792134417e-05	0.0	0.0	0.0	0.0	0.0
1257	Peptostreptococcus	0.0	0.0	0.0	0.0	0.0	1.0772237052001897e-05	0.0	5.002115180133313e-06	0.0	9.736401533093785e-07	1.4549870651649906e-05	0.0	1.535359269133894e-06	0.0	0.0	0.0	4.066611089648442e-06	0.0	0.0	0.0	0.0	0.0	0.0	0.0	0.0	0.0	0.0	1.8238742402233882e-06	0.0	0.0	0.0	0.0	0.0	0.0	0.0	0.0	8.466341677675027e-07	0.0	0.0	0.0	0.0	0.0	0.0	0.0	0.0	1.3345998948021259e-05	0.0	6.2461352038426226e-06	0.0	0.0	0.0	0.0	0.0	0.0	4.035619531014889e-06	0.0	4.012204704373367e-06	0.0	0.0	0.0	0.0	0.0	0.0	0.0
1263	Ruminococcus	0.0	0.0038896974128001215	0.00013164523348286998	0.0	0.0007159362471115676	0.0019506982410168008	0.0	0.0025530438585458994	1.990392580914606e-05	0.0019609924054445308	4.9469560215609684e-05	5.971748510901854e-06	3.80549761706758e-05	0.0	4.9618128178886055e-05	0.007139645537598016	0.00610479656778024	0.0	2.8578386787342013e-05	0.0	0.00011743903767814858	0.00010810718256399013	0.0	0.0	0.0004113841205729459	6.375902157289782e-05	0.0	0.00010776056969319851	0.0	0.0	0.00014998388188931365	0.0	3.0530194998899644e-05	0.00012070643440736913	0.0007601698640937152	0.0	2.7176956785336836e-05	0.01955963622122623	0.052522511795472134	0.0	0.0	5.1938702232173937e-05	0.0	0.0	9.0038291999326e-06	0.00019076927908053917	0.004529257869378381	0.00432170094753871	0.0	7.541647432542594e-05	0.00012841016541564036	0.00048639704467618426	0.0007754984333138588	0.0009714353513481447	0.0007923650690609805	0.018689339084886767	0.004447845667800853	0.0	0.0019080082335585643	0.00024267917812651675	0.0018026687547376464	0.0	0.0	0.000846478648820905
1266	Sarcina	0.0	0.0	0.0	0.0	0.0	0.0	0.0	0.0	0.0	0.0	0.0	0.0	0.0	0.0	0.0	0.0004595065986135747	5.89658607999024e-06	0.0	0.0	0.0	0.0	0.0	0.0	0.0	0.0	0.0	0.0	0.0	0.0	0.0	0.0	0.0	0.0	0.0	0.0	0.0	0.0	0.0	0.0	0.0	0.0	0.0	0.0	0.0	0.0	0.0	0.0	0.0	0.0	0.0	0.0	0.0	5.229758220806369e-05	0.0	0.0	0.00042366353412417193	0.0	0.0	0.0	0.0	0.0	0.0	0.0	0.0
1269	Micrococcus	0.00631482884776781	0.0005978631977542195	0.0009199359883519937	0.00021935609464333828	0.0011323313517534678	0.004782873251088842	0.0017120649215018233	0.0013034082983661662	5.5968092322269645e-05	0.00019180711020194759	0.0005208853693290667	0.00013990953654112914	6.174337632302731e-05	1.1705401330451376e-05	0.0003319061263367032	0.006314510032560736	0.001273662593277892	0.0	0.0002112315545151366	0.000767029287322573	0.0001171250295560145	0.00014084150026581944	0.026287992705174058	0.007119514472455649	0.003833352032611541	0.00020770980223748154	0.006300492861135105	0.0025560077581530598	0.00028388726836573195	0.0014378807849354336	0.0007979496113089615	0.006103335788698306	0.0003154786816552963	0.0024367611445987643	0.001337851561281067	0.0004954153091727404	0.0005802830585878464	0.02547756842609112	6.967638421562645e-05	0.004566870625059593	0.005318054943440576	0.00023877375609513294	0.0	0.005655515001690824	0.000945402065992923	0.0123748812598623	0.0011506635256235721	0.006001911317372376	0.0013794258907628728	0.0004037412183654198	0.0038814890909727655	0.002942240350944703	0.015305260987348468	0.009120674342765315	2.3637200110230064e-05	0.0008762132183022646	0.00019744270518889988	0.004068927181767649	0.005170155150545556	0.0008291538585989322	0.00013294377149283048	0.00043539760899561784	0.00041610042856894317	0.0005228250478011472
1279	Staphylococcus	0.08922242049426776	0.2091566597463151	0.171029061532066	0.06255457452676215	0.21210146215577455	0.34657487489585553	0.15911931380437946	0.18021709894469662	0.0007535414169186739	0.020620319123542116	0.19226975072191607	0.005291395734124107	0.046140945761569456	0.0015600207980687414	0.02371762507024241	0.32915989347352403	0.3997177771903784	0.004369958345393454	0.03361191047758212	0.03870611231618102	0.043679157805095785	0.060519038698846124	0.244577729825247	0.02275910364145658	0.1193013949661543	0.11059582915211456	0.23342309841979575	0.31105020046657744	0.09227045940057203	0.21810623726876388	0.46944630901158557	0.15346031077905223	0.23809863033912687	0.18971279412763198	0.16423342527524312	0.32948476807846033	0.5892267326093087	0.07865192985509768	0.14637266414097727	0.1286121513610195	0.3032760393712355	0.3911236757885215	0.011810249885464377	0.1700385974322796	0.3991268858198694	0.4471804614575401	0.050030187160394445	0.28437279433350615	0.1711046576566514	0.29804555575978414	0.06506893291152539	0.18510486012236887	0.2704621761472222	0.3719759876186704	0.13867518682035843	0.3750770297334771	0.4947232117234087	0.06433574207893274	0.1893188957768594	0.18222172787574825	0.07096392162171887	0.07624223703392419	0.10201645199557448	0.09619731915232632
1298	Deinococcus	0.00037481564773847643	4.014263741266217e-05	1.8064526035385246e-05	1.269585113691347e-05	0.0	5.416896346149526e-05	0.0	9.539748236397105e-05	0.0	1.7850069477338606e-05	4.849956883883302e-05	3.8816365320862044e-05	0.0	0.0	4.4744205765179056e-06	0.0	7.706228014883797e-05	0.0	0.0	0.0	0.0	0.0	0.0	0.0	0.0	1.2269777347361779e-05	0.0	1.3527067281656796e-05	3.649979164702268e-05	0.0	0.0	0.0	0.00019176778733683838	0.0	5.529944451707983e-06	0.0	8.466341677675028e-06	0.0	0.0	0.0	0.0	4.8872876058747e-05	0.0	0.014832608416805625	0.0004276818869967985	0.0	0.0	0.0001424118826476118	0.0	0.0	0.0	3.155423865779043e-05	0.0013104279884706244	7.371916227114344e-05	6.572294664795676e-06	0.0	0.0	0.0	0.0	0.0	0.0	0.00012996943552107996	2.0619765720799352e-05	0.0002390057361376673
1301	Streptococcus	0.24081090550571593	0.02534531634743384	0.062351969676886596	0.017746683914215546	0.0456981283616087	0.036953389761388795	0.1924018558783749	0.36098121491373497	0.0006898987701308087	0.029291558328915442	0.27916254824494613	0.002781128592220006	0.08025640938468613	5.0355311383828554e-05	0.0022221890191806426	0.03077706024477373	0.028931904597303836	0.0003287693643582548	0.002729857207469148	0.013847765305533333	0.09526001599557374	0.0003129065035703069	0.010644895462538974	0.04661531279178338	0.019559445005422792	0.048670262879979664	0.04151211828667242	0.04307747772175613	0.2596909481530599	0.020803185458969704	0.014441473578379691	0.05994598197060577	0.08838618661327274	0.02958816473410636	0.05036100662368846	0.0759300932612322	0.025361180485725873	0.03561637874766111	0.006596468504961937	0.026658162007187312	0.028088732187454092	0.020719754993599637	0.000479199182234791	0.01472766071574332	0.020731316732844812	0.031147206368396674	0.0020290507025913606	0.012476030456155253	0.04749804534792807	0.2147303457652422	0.060002568203308314	0.08797475660907376	0.032777136094745286	0.058146098293379585	0.06711638842030862	0.010259397627484209	0.012869885679617853	0.3258588104502501	0.22785501396676147	0.023428652321630803	0.03830915037343174	0.010057468152072905	0.022813354391269077	0.008203373964308477
1350	Enterococcus	0.00017925965761405395	0.0003565935316554355	0.00028045176669935594	1.1285201010589751e-05	0.000245228737516376	7.078898634172675e-05	0.026417161738773134	0.0007603215073802637	1.996632056089887e-06	7.342869489541563e-05	0.00031718718020596796	2.644631483399392e-05	3.191353909414022e-05	0.0	1.3183560627240257e-05	0.00047927032328512633	0.0002663630263719729	0.0	0.0	5.773338721782807e-05	6.813976250309691e-05	2.778220297257821e-05	0.0	0.0009337068160597573	0.0	4.2725117548849054e-05	0.0	4.301303416526823e-05	0.0017732815441845187	0.0	0.0001517518647799539	0.0	0.0005454092127407592	0.0015012862779416535	0.0005152723240895045	0.0	0.00010320470505085858	0.00047865628127583654	0.0013799264723252322	0.001962866640144404	0.0	5.392247210909724e-05	0.0	0.0009678510209079142	0.0005035713045390876	0.0001334599894802126	0.000965989132622258	0.00034291282269095997	0.0011057746006925054	6.769943974328934e-05	0.004576071349357365	0.0002601300650325163	9.562986460903075e-05	0.00012082963283495109	0.00015035565338409758	0.001978701278693576	0.0022276182856018232	0.0	9.17820796901437e-05	0.003630076039475813	6.830138718897714e-05	0.0	5.493234461556702e-05	0.0004730321861057999
1357	Lactococcus	0.03770156526273762	0.0009492147355207163	0.025546175299515486	0.00017492061566414113	0.0006418738767207157	0.00216675853845981	0.0026708212775428445	0.0006926143054777449	0.0002855183840208538	0.019236208508933393	0.010742654497801514	0.004030503691393687	0.009536774431705959	7.067412124046113e-06	0.00023610558577875733	0.0026631618994915783	0.0017096033020882048	0.0	0.00021992932440693635	0.0005278481117058566	0.0006528228859167671	0.004852149159038591	0.00011610553710138279	0.4512371615312792	0.0016455364822917835	0.00046165037269448695	0.0018291753467811595	0.002003069884325336	0.3304782385200551	0.000470076410459661	0.0009997943246570556	0.010803605878845277	0.028603612485323244	0.033692183503956905	0.13496283679830437	0.0014890448840672197	0.0014076986307470269	0.004568991775814804	0.0030192304434257587	0.012332852206334437	0.0049360951961216395	0.0022614976596925735	0.0	0.0029035530627237426	0.0011955798916196217	0.0005032226662165663	0.0	0.002502826376179739	0.010197699095275327	0.014861956282297544	0.02018958009875909	0.05486435525455035	0.0012581304062625608	0.002223788693836031	7.194933106723688e-05	0.00031774765059312896	0.00015964351350032974	0.0014563646470261255	0.0007310795655318754	0.0010516097718815726	0.001183687433337541	0.012279945499483372	0.0012222043947164429	0.0029153720522625878
1372	Planococcus	0.0	0.0	9.122585647869548e-05	0.0	0.0	0.0	0.0	0.0	0.0	0.0	0.0	0.0	0.0	0.0	0.0	0.0	0.0	0.0	0.0	0.0	0.0	0.0	0.0	0.0	0.0	1.2488880514278953e-05	0.0	0.0	0.0	0.0	0.0	0.0	0.0	0.0004073842161248708	0.0	0.0	0.0	0.0	0.0	0.0	0.0	0.0	0.0	0.0	4.566227665680104e-05	0.0	0.0	0.0	0.0	0.0	0.0	0.0	0.0	0.0	0.0	0.0	0.0	0.0	0.0	0.0	0.0	0.0002296126694205746	0.0	0.0
1375	Aerococcus	0.0007414831292217686	0.0013836104922646103	0.0002190323781790461	0.0	0.0002402912461569859	2.83155945366907e-05	0.0007190672670307658	0.0033192607159598917	3.556500849910111e-06	4.4625173693346516e-06	0.00010960902557576263	0.0004790195412673415	0.0	0.0	3.11611433007497e-06	0.00016799165970818862	4.473272198613286e-05	0.0	0.0	0.0	0.0	8.8970196830613e-06	0.0	0.0	0.0	1.2927086848113303e-05	0.0	9.438549193156033e-05	1.4194363418286599e-05	0.0	8.869380834711869e-05	0.0	0.00010749172822529249	0.0	7.406175604966048e-05	0.0	3.344204962681636e-05	0.0	0.0002593774987752944	0.0004504400832492183	0.0	0.00011325522570071261	0.0	0.002483762258474527	8.360698542794557e-05	0.0	0.0001491600866549075	0.00273893028688499	0.0	1.192632617239294e-05	0.0	0.0	8.5170348167418e-05	0.00025867138004016603	3.574405870327473e-06	0.0	9.291421420654112e-05	0.0	1.623836794517927e-05	0.0017695356738391846	2.4393352567491832e-05	9.747707664080997e-05	2.480815563283672e-05	0.0006821622052262588
1378	Gemella	0.01777929876881208	0.0006439375650938386	0.0038396150088211337	0.0034927697127775277	0.0005908531326736844	0.0016069099899571973	0.0002568097382252735	0.0010968924002149481	6.289390976683143e-05	0.0025298416650155354	0.034383284332602286	0.00019621459392963234	0.0039035412732537017	1.6012105593541975e-06	0.00015005289004822546	0.002317296717739425	0.001802118704377707	0.0	0.0001938360147315371	0.0009402294489760572	0.001178786490491363	1.4352739300032852e-05	0.000580527685506914	0.0031045751633986926	0.0008975653539773365	0.003160563182780244	0.0018291753467811595	0.0021804416541870604	0.01653035008369605	0.0011613652493709273	0.0008739728756064918	0.0027359781121751026	0.004005816002147291	0.0021651716671821837	0.003360033748460997	0.0009012640087775278	0.0016014085283322314	0.0011313693921065227	0.00018421290621391652	0.004649067720543027	0.0009695901278096077	0.001175834508867271	4.0837213932126e-05	0.000641347062047413	0.0007299532958516786	0.001194859435228727	0.00014205722538562616	0.0007414162486961193	0.002881715626047135	0.011157428908572783	0.0028250236391440878	0.007613037287874706	0.001645132514602232	0.0028436403481987226	0.014963270097097007	0.0018872284701894932	0.0016325449773426576	0.01604224569205114	0.010426444252800324	0.0005662514156285391	0.0011166057137769387	0.0005740316735514364	0.0023055475546568775	0.0002589228808158062
1386	Bacillus	0.0015725960872505643	0.00012553195891932157	0.0012152909890305423	0.00010509343441111706	0.00013331226670353327	8.371567080412903e-05	0.005375883853515726	0.00024170935138287047	8.048922976112356e-06	0.00011927091878039888	0.00038120661107322754	0.000226499889949206	0.0021838292233045163	3.9754193197759385e-06	3.108124293331188e-05	0.0	4.920599418474614e-05	0.0027748763575500546	0.0005417468104035268	0.0	2.8888747236336014e-05	3.3070054293642946e-05	0.00021522001999280712	0.0015639589169000935	0.0	2.3882245193972035e-05	0.0	6.155575560753935e-05	0.011409226538998507	0.0	8.280053204498456e-05	0.0	0.0006579893067992016	0.0006638853892405302	0.0006669508004792092	0.00018193217568490466	0.00012030671523976213	0.0	3.770160515777048e-05	0.0319286397695851	0.0	7.971148050910028e-05	7.912210199349413e-05	0.02722809799783108	0.0009081004878789165	0.0	0.0004451126395416287	0.0018838343774789349	0.0	0.00039777805527922336	0.0015467588106883952	0.0006233886173856158	0.00044826499035483165	0.00014089520363064694	1.9601580579215177e-05	0.0	2.322855355163528e-05	0.0	5.859932780216867e-05	0.001941433425012134	0.0	0.00015163100810792663	0.00016366939040884484	0.0004879700446144041
1485	Clostridium	0.0020207452312856994	0.00036666367781050194	0.0036883246032747823	0.0005409843234451462	0.0007669569911585988	0.001134162672475057	0.0036466982827988836	0.0003830191052216366	7.593441288316851e-05	0.0014385533265146068	0.0004966355849096502	0.006372708768062407	0.038124615680382945	0.0	2.2611803984902986e-05	0.010301841485046271	0.0008857078953254306	0.0	3.3548541011227575e-05	0.00010721914769025214	5.652146198413568e-05	2.5683849273742997e-05	0.0	0.00023342670401493932	0.0	0.0001917152710525278	0.0	0.00016536459778025386	0.006014354556948293	0.0	0.00016324375356911546	0.0019292153355080853	0.00433210746119803	0.0049489638107021346	0.0032474598792655127	7.277287027396186e-05	8.542538752774103e-05	0.0006744702145250424	0.0014864692995590584	0.00017096995860554272	0.0006757749375642721	0.0002988278805510841	6.380814676894687e-05	0.00018657369077742925	7.524628688515102e-05	0.00012953469567197104	0.0006203165508505676	0.0012473532002073716	0.0023790908075505416	0.004369244670686072	0.004021572907789828	0.004131296417439489	0.0006679148356286991	0.00022639198354274228	8.359497599959413e-05	0.031413688183638884	0.0006647589689140715	0.0	0.000283818431041829	0.0007684840640673031	6.098338141872958e-05	0.0	0.0010760940235542162	0.0002614125239005736
1569	Sporosarcina	0.0	0.0	0.0	0.0	0.0	0.0	0.0	0.0	0.0	0.0	0.0	0.0	0.0	0.0	0.0	0.0	4.6766027530957075e-06	0.0	0.0	0.0	0.0	0.0	0.0	0.0	0.0	0.0	0.0	0.0	0.0	0.0	0.0	0.0	0.0	0.0	1.2837371048607817e-05	0.0	0.0	0.0	0.0	0.0	0.0	2.8854834573429964e-06	0.0	0.0	0.0	0.0	0.0	5.3716762753046554e-05	0.0	0.0	0.0	0.0	0.0	0.0	0.0	0.0	0.0	0.0	0.0	0.0	0.0	0.0	0.0	0.0
1573	Clavibacter	0.0	0.0	0.0	0.0	0.0	0.0	0.0	0.0	0.0	0.0	0.0	0.0	0.0	0.0	0.0	0.0	0.0	0.0	0.0	0.0	0.0	0.0	0.0	0.0	0.0	1.752825335337397e-05	0.0	0.0	0.0	0.0	0.0	0.0	0.0	0.0	0.0	0.0	0.00026872168484940535	0.0	0.0	0.0	0.0	0.0	0.0	0.0	0.0	0.0	0.0	0.0	0.0	0.0	0.0	0.0	0.0003870021083396713	0.0	0.0	0.0	0.0	0.0	0.0	0.0	0.0	0.0	0.0	0.0
1578	Lactobacillus	0.002656302199190072	0.0010819199492354277	0.004960293042741346	2.8213002526474377e-05	0.00023535375479759576	0.0004364294897068197	0.00027393038744029174	9.164589597887106e-05	1.3539661130359545e-05	0.0002837349680102414	0.00104274073003491	4.00960257160553e-05	8.63091246291696e-05	0.0	7.670435274030694e-06	0.0015662751802204644	0.000213903743315508	0.0	0.0	0.0	4.082105587743133e-06	0.0004048983297272426	0.0	0.00025676937441643325	0.00044878267698866825	0.00043470068316367444	0.005487526040343478	0.0032893571922428806	0.006052882114797928	0.0013641433087848986	0.0020965330444842173	0.0031218211792767197	0.005898370069214496	0.002602732491908897	0.0032036153196841138	0.0008424859212485586	0.0013858554692186252	0.00820242809277229	0.013784351113617128	0.0008647134444857257	0.0027030997502570883	0.0020768267184226217	0.0	0.0008395816084984316	0.00045147772131090607	0.0	0.0002959525528867212	0.00011180582014878294	0.00045794705685245167	0.0012007004261206187	0.0	0.0003455573940816562	8.36761315329019e-05	0.00022202990293498231	0.008427872525156322	0.0031389616391927283	0.0012984761435364122	0.0	0.0006262361898858266	0.0	0.0012117397887901568	0.00015596332262529596	5.4771252695873274e-05	0.005780951242829828
1637	Listeria	0.0	0.0	0.0	0.0	0.0	0.0	0.0060949511205464916	0.0	0.0	0.0	0.0	0.0	3.838398172834735e-06	0.0	0.0	0.0	0.0	0.0	0.0	0.0	0.0	0.0	0.0	0.0	0.0	0.0	0.0	0.0	0.0	0.0	0.0	0.0	0.0	0.0	6.912430564634978e-06	0.0	4.622622556010565e-05	0.0	0.0	0.0	0.0	0.0	0.0	0.0	0.0	0.0	0.0	0.0	0.0	0.0	0.007914735650164016	0.0	0.0	0.0	0.0	0.0	0.0	0.0	0.0	0.003387396861349296	0.0	0.0	0.0	0.0
1647	Erysipelothrix	0.0	0.0	0.0	0.0	0.0	0.0	0.0	0.0	0.0	0.0	0.0	0.0	0.0	0.0	0.0	0.0	5.0832638620605515e-06	0.0	0.0	0.0	0.0	0.0	0.0	0.0	0.0	0.0	0.0	3.191779920390929e-06	0.0	0.0	0.0	0.0	4.1342972394343265e-06	0.0	0.0	0.0	0.0	0.0	3.6985751895281167e-06	0.0	0.0	0.0	0.0	0.0	0.0	0.0	0.0	0.0	0.0	0.0	0.0	0.0	0.0	0.0	0.0	0.0	2.534024023814758e-06	0.0	0.0	0.0	0.0	0.0	0.0	0.0
1649	Kurthia	0.0013770400971261417	0.0	0.0	0.0	0.0	0.0	0.0	0.0	0.0	0.0	0.0	0.0	0.0	0.0	0.0	0.0	0.0	0.0	0.0	0.0	0.0	0.0	0.0	0.0	0.0	0.0	0.0	0.0	0.0	0.0	0.0	0.0	0.0	0.0	0.0	0.0	0.0	0.0	0.0	0.0	0.0	0.0	0.0	0.0	0.0	0.0	0.0	0.0	0.0	0.0	0.0	0.0	0.0	0.0	0.0	0.0	0.0	0.0	0.0	0.0	0.0	0.0	0.0	0.0
1654	Actinomyces	0.011073357940795423	0.0024853948393949634	0.0057876483351619904	0.018460472878135348	0.004871658141264919	0.011067088569025264	0.013011693403413857	0.006682468586716669	0.00013190250520543815	0.004797368445393636	0.007539742971684982	0.0002282061038094637	0.00742751980147366	7.343482910141665e-06	0.0007781496784769264	0.00418990963036894	0.011250482910066896	0.0	0.0014500424948186142	0.004346499294827913	0.009571909587013377	5.497686690948256e-05	0.0006116779515585044	0.004995331465919701	0.006544747372751411	0.04727041274654584	0.0059448198770387685	0.012989176370310914	0.0024992218447197475	0.0014470979694542504	0.003281081581213178	0.004840576660002104	0.009351780355600445	0.0044359614644708155	0.006535999345886571	0.007571177465041033	0.01948706330292139	0.010835037639789392	0.000364965854992468	0.0015157144407145229	0.003467019244894961	0.01466005939046326	8.486483520269934e-05	0.003171752743216297	0.003875505339913846	0.006531688896913934	0.0003362021000793153	0.0061730554219576635	0.0019434826315201609	0.017189343757410106	0.0026148979139184944	0.019575172201485358	0.01068514315342467	0.02583485860751918	0.0018894770644211712	0.0007221537513480204	0.005331797714774902	0.02265703168426904	0.03593233119069245	0.010313865070376961	0.0025204431540360936	0.008006117228098526	0.0007780739721207881	0.013172701561504142
1663	Arthrobacter	0.00024444498765552813	1.2139354269121207e-05	0.0	0.0	0.0	0.0	0.0008731531099659299	0.0	2.8701585806292122e-06	0.0	0.0	2.3033887113478577e-05	0.0	0.0	0.0	0.0	8.133222179296884e-06	0.0	0.0	0.0	0.0	0.0	0.0	0.0	0.0	2.651148319697813e-05	0.0	0.0	0.0	0.0	0.0	0.0	0.0	0.0	0.0	0.0	3.11561373738441e-05	0.0	0.0	0.0	0.0	0.0	0.0	0.0	0.0	0.0	0.0	0.0	0.0	0.0	0.0	0.0	0.0	1.570349018793588e-05	0.0	0.0	0.0	0.0	0.0	0.0	0.0	0.0	3.866206072649878e-06	0.0
1678	Bifidobacterium	0.0	0.00014291330707738147	0.00015580653705519774	1.4811826326399048e-05	6.583321812520161e-05	0.002698599270627218	0.001985995308942115	0.0011018945153950814	6.177080423528087e-06	0.00037404009222968625	0.00030748726643820137	0.0	0.00010626879512791023	1.7834172781772616e-05	1.3023759892364618e-05	0.0009535997154023647	0.0016272544275228239	4.561871562865736e-05	3.479107956719897e-05	0.0	2.1666560427252012e-05	9.232756274874935e-06	4.247763552489614e-05	0.0	0.0	3.198906236990749e-05	0.0	2.4014344162941277e-05	5.6777453673146395e-05	0.0	4.508356371132611e-05	0.0	3.1484263592615256e-05	0.0	1.9157307564845513e-05	0.0	1.5154751603038299e-05	0.0	0.0006629994299421853	0.0	0.0	3.065826173426934e-05	0.0	0.0	4.95210605996293e-05	0.00017977845641746284	0.002119020278668924	0.0042092705138695435	0.0	2.1046457951281658e-05	0.00010506286261279665	0.0003940431754338708	0.0005229758220806369	0.00022726439966429428	5.834352807695811e-05	0.0003610768756740102	0.0014156747546378446	0.0	0.0002474586071645797	0.00020223264843876394	0.0005140899053598904	0.0	0.00013290083374733956	2.9875717017208412e-05
1696	Brevibacterium	0.0	0.00011366849906540766	0.00021000011516135347	0.0	0.0	0.00038903164667801135	0.0	0.0001016501263391377	0.0	1.1115725083615406e-05	3.1039724056853135e-05	2.004801285802765e-05	1.3379559345309648e-05	0.0	9.827745194851827e-06	0.0006522029141612028	8.072223012952156e-05	0.00014000226520518983	4.5973926570941496e-05	0.0	0.0	1.0995373381896513e-05	0.00023221107420276559	0.0	0.0	4.864090305561277e-05	0.0	9.742528233193265e-05	0.0011852293454269309	0.00023964679748923894	3.9484951224298687e-05	0.0	4.134297239434327e-05	0.00014333889085875085	4.4042057597531436e-05	0.0	8.178486060634076e-05	0.0	1.6941860545580405e-05	0.001397350623218378	0.0	2.578900840000303e-05	0.0	0.0012943549797684154	7.460315622801297e-05	3.2972467989228996e-05	0.03950611437974264	9.681509565956065e-05	0.0001675416061655311	3.156968692692249e-05	0.0	0.00012544733905414245	0.0001927539458525776	0.00010163647816080723	7.955935646857924e-06	0.00011073024187336311	9.038019018272636e-05	0.0	2.329852792134417e-05	0.0	0.0	0.0002296126694205746	1.1920802057337125e-05	0.0
1707	Cellulomonas	0.0	1.0897829400688357e-05	0.0003667098785183205	0.0	0.0	0.0	0.0	0.0	0.0	0.0	0.0	0.0	0.0	0.0	0.0	0.0	0.0	0.0	1.8638078339570877e-05	0.0	0.0	0.0	4.814132026154896e-05	0.0	0.002673996783724148	4.294422071576623e-05	0.0	3.799738000465392e-06	2.7374843735267013e-05	0.0	3.830629596387186e-06	0.0	1.0494754530871751e-05	0.00012070643440736913	5.924940483972839e-06	0.0	0.00010642191488837509	0.0	0.0	0.0	0.0	3.96753975384662e-06	0.0	0.0	0.0	4.5533408175601946e-05	0.2314633078024931	0.00032604825764058487	0.00010610968390483636	0.0	0.0	0.00016469773348212568	0.0	0.0	0.0	0.0	0.0	0.0	8.613395170921177e-05	0.0	0.0	0.0004288991372195639	0.0	0.0
1716	Corynebacterium	0.011741507573720535	0.08907678831311257	0.03403288963093948	0.03891419438476611	0.016061659392096063	0.04481989281316355	0.03641562088034378	0.07675692149823354	0.0003290699207443145	0.007486805958872467	0.039369040009234316	0.0005711550897212559	0.0065961227572376565	0.0008690156204715764	0.007843099968063823	0.044537553547341534	0.09086781480653097	0.0009800158564363289	0.02473024487949861	0.029662589589845523	0.011671367891601885	0.00650766629327162	0.015563805656321946	0.01169467787114846	0.02881558771831407	0.037839116926596056	0.026116559117931	0.037765292007585494	0.003509049413620708	0.3954448674108007	0.08051865546079823	0.024448419797257006	0.03764277636504954	0.08785919594426381	0.024958416792703317	0.13385729799930585	0.1419376255823044	0.035181236673773986	0.04638049080331383	0.027006677692037073	0.06666666666666667	0.10762456541913992	0.0024763941761028283	0.053453362407733476	0.13149320789712995	0.02574992738206455	0.008319818166751506	0.06017651578086059	0.005852786775382554	0.026294743015732928	0.017837339341372587	0.033699157270943164	0.11947307944600424	0.11132160573421668	0.024841313674869737	0.11653154367585888	0.26879300845878334	0.017031684269038356	0.03962267681023384	0.018473952434881088	0.014807984676095917	0.004512105569840159	0.007141849167702488	0.04783102294455067
1730	Eubacterium	0.0	0.00022237089865708394	2.9354854807501023e-06	0.0	2.9624948156340726e-05	0.00012034127678093548	0.0003595336335153829	0.0003233510170014749	3.556500849910111e-06	0.0002716456027733166	0.0	0.0	0.0	0.0	9.588044092538368e-07	0.0002371646960586192	0.0004034078200931254	0.0	0.0	0.0	0.0	1.821371010588964e-05	0.0	0.0	0.0	0.0	0.0	2.5838218403164665e-06	0.0	0.0	6.482603932347545e-06	0.0	0.0	0.0	1.8959809548713082e-05	0.0	0.0	0.0003045994517209869	0.0013607177431151022	0.0	0.0	4.1478824699305576e-06	0.0	0.0	0.0	0.0	0.00015152770707800125	0.0003985034260051593	0.0	0.0	0.0	1.308346480932774e-05	1.942481624870937e-05	2.486385946423181e-05	3.436041772121248e-05	0.0005440224926821753	0.0002626938238021299	0.0	1.7650399940412248e-05	0.0	2.0734349682368058e-05	0.0	0.0	0.0
1743	Propionibacterium	0.0011651877744913506	3.379706586289427e-05	0.00019825817323835306	0.00010720940960060263	0.0	7.632899396847059e-05	0.0	1.5184992511118987e-05	0.0	1.6876429324029228e-05	2.133981028908653e-05	5.545195045837436e-06	3.0268511305782482e-05	0.0	2.716612492885871e-06	0.0001630507285403007	0.00016347776580386735	0.0	0.0	0.0006185720059053007	7.127984372443778e-05	2.76982688246248e-06	9.628264052309792e-05	0.0	0.0003926848423650847	0.00013321472548564217	0.0	8.541811025046201e-05	0.002545860467379832	0.0	3.7716968333658445e-05	0.0	2.9894149269755897e-05	0.0	6.22118750817148e-05	0.0	1.625537602113605e-05	0.0	9.306092412361067e-06	0.0	0.0	4.7430134330075504e-05	6.636047263970475e-05	0.00015159112375666127	7.717567885656515e-06	0.0001507312822364754	0.0	8.744589285379672e-05	0.0	2.8061943935042212e-05	0.0	0.00013314349482433524	0.00015988117989322327	0.0001169037602879671	2.5366751337807875e-06	0.00018294561700816516	1.9216348847261913e-05	0.0	2.259251192372768e-05	0.0	0.00011159958799627514	0.00013863406455581862	8.972819926941593e-05	4.979286169534735e-05
1763	Mycobacterium	0.000692594131690663	0.0	1.2645168224769672e-05	0.0010022669147530022	0.00015635389304735384	2.031336129806072e-05	0.0003081716858703282	1.3755816745366612e-05	5.7403171612584245e-06	0.0	0.0	2.1754226718285322e-05	0.0	3.4784919048039466e-06	5.593025720647381e-06	0.0003261014570806014	0.0	0.0	0.0	0.00011134296106295413	0.0	0.0	0.0015122038246863027	0.0	0.00043008339878080704	2.5854173696226605e-05	0.0	1.7630784322159417e-05	0.0	0.0004977279640161116	2.8582390065350542e-05	0.0008418394191308007	2.4805783436605957e-05	0.0009581073231084925	1.9749801613242795e-05	5.5979130979970665e-05	1.4308117435270797e-05	0.0010008267699403856	9.42540128944262e-06	0.00020713668061825367	0.0	7.754736791609302e-06	0.0009233038837466612	0.0	0.0	0.0	0.0	1.686456505037508e-05	0.0	0.0	0.0006187035242753581	0.0	5.3791798842579794e-05	0.0	0.0	0.0	0.0	0.0	0.0	0.0	0.0	0.0	0.0	0.0
1813	Amycolatopsis	0.0	0.0	0.0	0.0	0.0	0.0	0.0	0.0	0.0	0.0	0.0	0.0	0.0	3.4784919048039466e-06	6.0724279252743e-06	0.0	0.0	0.0	3.7276156679141754e-05	0.0	0.0	0.0	0.0	0.0	0.0	0.0	0.0	0.0	0.0	0.0	0.0	0.0	0.0	0.0	0.0	0.0	4.106175713672388e-05	0.0	0.0	0.0	0.0	0.0	0.0	0.0	0.0	0.0	0.0003338344796562215	0.0	0.0	0.0	0.0	0.0	0.0	0.0	0.0	0.0	0.0	0.0	0.0	0.0	0.0	0.0	0.0	0.0
1817	Nocardia	0.0	0.0	7.903230140481044e-06	0.0	0.0	0.0	0.0	0.0	0.0	3.6511505749101695e-06	0.0	0.0	0.0	8.28212358286654e-07	2.3171106556967723e-06	0.0	0.0	0.0	0.0	0.0	0.0	0.0	0.0	0.0	0.0	5.69668233984654e-06	0.0	0.0	0.0	0.0	0.0	0.001332912413623768	0.0	0.0	0.0	0.0	2.0319220026420067e-05	0.0	0.0	0.0	0.0	0.0	0.0	0.0	0.0	0.0	0.0	0.0	0.0	0.0	0.0	0.0	4.3332282400967057e-05	0.0	0.0	0.0	0.0	0.0	0.0	0.0	0.0	3.4658516138954655e-05	0.0	0.0
1827	Rhodococcus	0.01698077847580402	3.0348385672803018e-05	0.0002775162812186058	0.0006792280358248706	0.0006237697417362853	0.0001191101639749924	0.0	9.146724900815201e-05	0.00017358219937631454	3.756628258185352e-05	0.0	3.7536704925668796e-05	0.0	6.40484223741679e-06	8.229737846095432e-06	0.0009980680959133558	3.78194831337305e-05	0.0	0.0	0.0	0.0	2.333369313104756e-05	0.00017557422683623739	0.0067226890756302525	0.0	0.00010911337712475296	0.0	2.568622888314605e-05	0.0	0.00032260145815859087	4.272625319047246e-05	0.0	1.4629051770306078e-05	0.0006337087806386879	1.8959809548713082e-05	0.0	3.505065454557461e-05	0.0	1.1215034445665902e-05	0.0	0.0	4.3101909144061005e-05	0.0005519404695513904	0.0024721014028009376	0.00031577715265477906	0.0	0.0	7.995053060918557e-05	0.0	0.0	0.0008521765523037951	0.0	0.00011953733076128844	8.593298797287135e-05	0.0	0.0	0.0	0.0	2.0827471929686453e-05	0.0	8.232756491528493e-05	0.1686700011047402	4.3333726397617383e-05	0.0036124721159974506
1835	Saccharopolyspora	0.0	0.0	6.322584112384836e-06	0.0	0.0	0.0	0.0	0.0	1.6222635455730332e-06	0.0	0.0	0.0	0.0	0.0	2.3970110231345922e-06	0.0	0.0	0.0	0.0	0.0	0.0	0.0	0.0	0.0	0.0	0.0	0.0	0.0	0.0	0.0	7.955923007881078e-06	0.0	0.0	9.807397795598741e-05	0.0	0.0	1.2699512516512542e-05	0.0	0.0	0.0	0.0	5.410281482518118e-06	0.0	0.0	0.0	0.0	8.286671480828193e-05	0.0	0.0	0.0	0.0	0.0	0.0	0.0	0.0	0.0	0.0	0.0	0.0	0.0	0.0	0.0	0.0	0.0
1839	Nocardioides	0.0	0.00048171164895194606	5.261293207805953e-05	0.0	0.0	5.5400076267438326e-05	0.0	7.717549135062827e-05	3.350598169125841e-05	9.0873080975542e-06	0.0	0.0	0.0	0.0	9.50814372510055e-06	0.001334051415329733	1.1996502714462902e-05	0.0	0.0	0.00011959058780835814	0.0	4.532443989484058e-06	0.0	0.0	0.0	0.00017133867652923055	0.0	9.11937120111694e-06	0.0	0.0	0.0	0.0	0.0	0.0	1.935480558097794e-05	0.000624167310426673	0.014412338101322976	0.0	2.5293481941289055e-05	0.0	0.0	0.0	0.0	0.0	7.974820148511731e-05	0.0004215765550051421	0.047532347614030517	0.00033666668748711737	0.0003853456941807215	3.9988270107435154e-05	0.0029300865017568845	0.0	0.00012401998066483675	0.00014918315678539087	0.0	0.0	1.4992975474237317e-05	0.0007003891050583658	4.2007951858181155e-05	0.0	0.0	0.0	1.3853905093662064e-05	0.0
1847	Pseudonocardia	0.0	1.0621934985481057e-05	7.451616989596413e-06	0.0	0.0	0.0	0.0	0.0	1.80944780083146e-06	0.0	0.0	0.0	0.0	0.0	0.0	0.0	0.0	0.0	0.0	0.0	0.0	0.0	0.0	0.0	0.0002991884513257788	1.139336467969308e-05	0.0	0.0	0.0	0.0	3.830629596387186e-06	0.0	0.0	0.00023386871666427768	3.357466274251275e-06	0.0	3.4881327712021115e-05	0.0	4.6530462061805335e-06	0.0	0.0	0.0	0.0	0.0	3.4085924828316274e-05	0.0	0.0003219963775407527	4.5596786988051145e-05	0.0001452027253434603	0.0	0.0002743308079334135	0.0	0.0	0.0	0.0	0.0	0.0	0.0	0.0	0.0	0.0	0.0	0.0	0.0
1854	Frankia	0.0	0.0	0.0	0.0	0.0	0.0	0.0	0.0	0.0	0.0	0.0	0.0	0.0	0.0	0.0	0.0	0.0	0.0	0.0	0.0	0.0	0.0	0.0	0.0	0.0	0.0	0.0	0.0	0.0	0.0	0.0	0.0	0.0	0.0	0.0	0.0	1.862595169088506e-06	0.0	0.0	0.0	0.0	0.0	0.0	0.0	0.0	0.0	0.0	0.0	0.0	0.0	0.0	0.0	0.0	0.0	0.0	0.0	0.0	0.0	0.0	0.0	0.0	0.0	0.0	0.0
1860	Geodermatophilus	0.0	0.0	1.5580653705519776e-05	2.8918327589636234e-05	0.0	0.0	0.0	0.0	0.0	0.0	0.0	0.0	0.0	0.0	0.0	0.0	0.0	0.0	0.0	0.0	0.0	0.0	0.0	0.0	0.0	0.0	0.0	0.0	0.0	0.0	0.0	0.0	0.0	0.0	0.0	0.0	0.0006450505724220604	0.0	0.0	0.0	0.0	0.0	0.00019844333645142477	0.0	0.0	0.0	9.944005776993833e-05	0.0004184910586574557	0.0	0.0	0.0	0.0	0.0	0.0	0.0	0.0	0.0	0.0	0.0	0.0	0.0	0.0	4.993849510506093e-06	0.0
1865	Actinoplanes	0.0	3.227964657925412e-05	0.0	0.0	0.0	0.0	0.0	1.4827698569680894e-05	0.0	0.0	0.0	0.0	0.0	1.7668530310115283e-06	0.0	0.0	0.0	0.0	0.0	0.0	0.0	0.0	0.0	0.0	0.0	1.950018185562854e-05	0.0	0.0	0.0	0.0	0.0	0.0	0.0	0.0	0.0	0.0	4.326300597291939e-05	0.0	0.0	0.0	0.0	0.0	0.0	0.0	0.0	0.0	0.02115942372118902	0.0	0.0	0.0	0.0	0.0	0.0	0.0	0.0	0.0	0.0	0.0	0.0	0.0	0.0	0.0	0.0	0.0
1873	Micromonospora	0.0	0.0	0.0001912581693996413	0.0	0.0	0.0	0.0	0.0	0.0	0.0	0.0	1.7062138602576726e-05	0.0	0.0	3.915118004453167e-06	0.0	0.0	0.0	0.0	0.0	0.0	0.0	0.0	0.0	0.0	0.0	0.0	0.0	0.0	0.0	0.0	0.0	0.0	0.0	0.0	0.0	6.798472367173047e-05	0.0	0.0	0.0	0.0	0.0	0.0	0.0	0.0	0.0	0.020122405975873947	0.0	0.0	0.0	0.0	0.0	0.0	0.0	0.0	0.0	0.0	0.0	0.0	0.0009302701828183142	0.0	0.0	0.0	0.0
1883	Streptomyces	0.000391111980248845	7.559506976680024e-05	0.0002784195075203751	0.00030187912703327584	0.0	0.00015419687894437	0.0	4.394715479688554e-05	2.3210847652044936e-05	4.405721693724938e-05	0.00016489853405203227	1.791524553270556e-05	4.847348549694151e-05	6.791341337950562e-05	0.00010411017877147911	0.0	4.3716069213720746e-05	0.0004184337364559606	0.0003379704872242186	0.0	1.3502349251765746e-05	6.7147318362726795e-06	0.0	0.0	0.0025057032798533976	0.0001588497960149516	0.0	3.1005862083797596e-05	0.00010949937494106805	0.0	2.180512231789629e-05	0.0	0.00023915319415804718	0.0	7.70242262916469e-05	0.0	0.0005151768910865254	0.0	0.0	0.0	0.0	3.715059951329108e-05	0.00023545206157741397	0.0012477115570740582	0.0	0.0	0.014274383530832336	0.0	0.0003406679325365799	0.0016079493874779187	0.010015992902419947	0.00017470273598337632	0.0	0.00010992443131555117	1.3375196159935061e-05	0.0	2.0694529527820523e-05	0.0	0.00011508060761148787	0.0	0.0	0.00019928646779898926	3.495694657354265e-05	0.0
1988	Actinomadura	0.0	0.0	0.0	0.0	0.0	0.0	0.0	0.0	2.7453690771235943e-06	0.0	0.0	0.0	0.0	0.0	0.0	0.0	0.0	0.0	0.0	0.0	0.0	0.0	0.0	0.0	0.0	0.0	0.0	0.0	0.0	0.0	0.0	0.0	0.0	0.0	0.0	0.0	1.4816097935931298e-05	0.0	0.0	0.0	0.0	0.0	0.0	0.0	0.0	0.0	0.00013495436411634486	0.0	0.0	0.0	0.0	0.0	0.0	0.0	0.0	0.0	0.0	0.0	0.0	0.0	0.0	0.0	0.0	0.0
2000	Streptosporangium	0.0	0.0	0.0	0.0	0.0	0.0	0.0	0.0	0.0	0.0	0.0	0.0	0.0	0.0	0.0	0.0	0.0	0.0	0.0	0.0	0.0	0.0	0.0	0.0	0.0	0.0	0.0	0.0	0.0	0.0	2.180512231789629e-05	0.0	0.0	0.0	0.0	0.0	3.8098537549537624e-06	0.0	0.0	0.0	0.0	0.0	0.0	0.0	0.0	0.0	0.0	0.0	0.0	0.0	0.0	0.0	0.0	0.0	0.0	0.0	0.0	0.0	0.0	0.0	0.0	0.0	0.0	0.0
2005	Microbispora	0.0	0.0	0.0	0.0	0.0	0.0	0.0	0.0	0.0	0.0	0.0	0.0	0.0	0.0	0.0	0.0	0.0	0.0	0.0	0.0	0.0	0.0	0.0	0.0	0.0	0.0	0.0	0.0	0.0	0.0	0.0	0.0	0.0	0.0	0.0	0.0	4.741151339498016e-06	0.0	0.0	0.0	0.0	0.0	0.0	0.0	0.0	0.0	0.0	0.0	0.0	0.0	0.0	0.0	0.0	0.0	0.0	0.0	0.0	0.0	0.0	0.0	0.0	0.0	0.0	0.0
2013	Nocardiopsis	0.0	0.0	0.0	0.0	0.0	0.0	0.0	0.0	0.0	0.0	0.0	0.0	0.0	0.0	0.0	0.0	0.0	0.0	0.0	0.0	0.0	0.0	0.0	0.0	0.0	0.0	0.0	0.0	0.0	0.0	0.0	0.0	0.0	0.0	3.1599682581188473e-06	0.0	2.9632195871862594e-06	0.0	0.0	0.0	0.0	0.0	0.0	0.0	0.0	0.0	0.0	0.0	0.0	0.0	0.0	0.0	0.0	0.0	0.0	0.0	0.0	0.0	0.0	0.0	0.0	0.0	2.2391776837430544e-05	0.0
2019	Thermomonospora	0.0	0.0	0.0	0.0	0.0	0.0	0.0	0.0	0.0	0.0	0.0	0.0	0.0	0.0	0.0	0.0	0.0	0.0	0.0	0.0	0.0	0.0	0.0	0.0	0.0	0.0	0.0	0.0	0.0	0.0	0.0	0.0	0.0	0.0	0.0	0.0	2.9632195871862594e-06	0.0	0.0	0.0	0.0	0.0	0.0	0.0	0.0	0.0	0.0	0.0	0.0	0.0	0.0	0.0	0.0	0.0	0.0	0.0	0.0	0.0	0.0	0.0	0.0	0.0	0.0	0.0
2023	Thermoactinomyces	0.0	6.345571549767904e-06	0.0	0.0	0.0	0.0	0.0	0.0	0.0	0.0	0.0	0.0	0.0	0.0	0.0	0.0	0.0	0.0	0.0	0.0	0.0	0.0	0.0	0.0	0.0	0.0	0.0	0.0	0.0	0.0	0.0	0.0	0.0	0.0	0.0	0.0	0.0	0.0	0.0	0.0	0.0	0.0	0.0	0.0	0.0	0.0	0.0	0.0	0.0	0.0	0.0	0.0	6.275709864967642e-05	0.0	0.0	0.0	0.0	0.0	0.0	0.0	0.0	0.0	0.0	0.0
2029	Kibdelosporangium	0.0	0.0	0.0	0.0	0.0	0.0	0.0	0.0	0.0	0.0	0.0	0.0	0.0	0.0	0.0	0.0	0.0	0.0	0.0	0.0	0.0	0.0	0.0	0.0	0.0	0.0	0.0	0.0	0.0	0.0	0.0	0.0	0.0	0.0	0.0	0.0	3.301873254293261e-06	0.0	0.0	0.0	0.0	0.0	0.0	0.0	0.0	0.0	0.0	0.0	0.0	0.0	0.0	0.0	0.0	0.0	0.0	0.0	0.0	0.0	0.0	0.0	0.0	0.0	0.0	0.0
2034	Curtobacterium	0.0	0.00023837277473910735	8.400004606454139e-05	0.000928207783121007	0.0	0.0	0.0	0.0	0.0	0.0	0.0	0.0	1.4147238979876595e-05	0.0	1.5420770915499208e-05	0.0010079499582491317	0.0009090909090909091	0.0	2.2365694007485053e-05	0.0	0.0	0.0	0.0	0.0	0.0	7.7781624255597e-05	0.0	0.0	0.0	0.0	0.0	0.0	0.0	0.0	9.420655369516814e-05	0.0	0.0008710172317992069	0.0	6.681297116566921e-06	0.0	0.0	0.0	0.0004453808644472492	0.0	0.00011769291025626184	0.0	0.0	0.0001586518341776026	0.0	0.0003321832613310622	0.0	0.0	0.0	0.0	0.0	0.0	7.179734734141814e-06	0.0	0.0	0.0	0.0	0.0	0.0	0.0
2038	Tropheryma	0.0	0.0	0.0	0.0	0.0	0.0	0.0	0.0	0.0	0.0	0.0	0.0	0.0	0.0	0.0	0.0	0.0	0.0	0.0	0.0	0.0	0.0	0.0	0.0	0.0	0.0	0.0	0.0	0.0	0.0	0.0	0.0	0.0	0.0	0.0	0.0	8.466341677675027e-07	0.0	0.0	0.0	0.0	0.0	0.0	0.0	0.0	0.0	0.0	0.0	0.0	0.0	0.0	0.0	0.0	0.0	0.0	0.0	0.0	0.0	0.0	0.0	0.0	0.0	0.0	0.0
2040	Aeromicrobium	0.0	0.0	0.0	0.0	0.0	0.0	0.0	1.786469707190469e-05	0.0	0.0	0.0	0.0	0.0	0.0	0.0	0.0017441487022644287	0.0	0.0	0.0	0.0	0.0	3.189497622229523e-06	0.0	0.0	0.0	7.668610842101112e-06	0.0	0.0	0.0	0.0	0.0	0.0	0.0	0.0	0.0	0.0	2.793892753632759e-05	0.0	0.0	0.0	0.0	0.0	0.0	0.0	0.0	0.0	0.005968771086619393	0.0	0.0	0.0	0.0	0.0	0.0	0.0	0.0	0.0	0.0	0.0	0.0	0.0	0.0	0.0	0.0	0.0
2044	Pimelobacter	0.0	1.0759882193084707e-05	0.0	0.0	0.0	0.0	0.0	0.0	0.0	0.0	0.0	0.0	0.0	0.0	0.0	0.0	0.0	0.0	0.0	0.0	0.0	0.0	0.0	0.0	0.0	0.0	0.0	0.0	0.0	0.0	0.0	0.0	0.0	0.0	0.0	0.0	6.993198225759573e-05	0.0	0.0	0.0	0.0	0.0	0.0	0.0	0.0	0.0	0.0027819539971351793	0.0	0.0	0.0	0.0	0.0	0.0	0.0	0.0	0.0	0.0	0.0	0.0	0.0	0.0	0.0	0.0	0.0
2050	Mobiluncus	0.0	3.3935013070497924e-05	1.1967748498442725e-05	0.0	0.0	2.3698921514404175e-05	0.0	3.376427746589987e-05	0.0	3.0020571393705838e-06	0.0	0.0	0.0	0.0	2.636712125448051e-06	0.0	1.890974156686525e-05	0.0	0.0	0.0	1.3816357373899833e-05	2.0983536988352122e-06	0.0	0.0	0.0	4.601166505260667e-06	0.0	2.2190469922717888e-05	0.0	0.0	2.4457096653856647e-05	0.0	3.021217213432777e-05	0.0	1.7774821451918517e-05	0.0	1.574739552047555e-05	0.0	3.710506077236272e-05	0.0	0.0	7.01533165566516e-05	0.0	0.0	2.958401022834997e-05	0.0	0.0	6.870748724226885e-06	0.0	4.2092915902563315e-06	0.0	9.235386924231347e-06	6.574553191870864e-05	3.446043680130374e-05	5.073350267561575e-06	0.0	8.151110609937471e-05	0.0	6.35414397854841e-06	0.0	9.147507212809438e-06	0.0	0.0	0.0
2053	Gordonia	0.0019474117349890408	1.1449618231102957e-05	6.977423181167551e-05	0.0018987350700317256	0.0	8.00223323862998e-06	0.0004108955811604376	2.7511633490733223e-05	3.61889560166292e-06	3.5700138954677212e-06	4.849956883883302e-05	0.0	0.0	0.0	0.0	0.00048421125445301423	4.2699416441308635e-06	0.0	3.9761233791084536e-05	5.360957384512607e-05	7.536194931218091e-06	0.0	5.380500499820178e-05	0.0	0.0009349639103930588	0.00027190703014421373	0.0	2.355837560288543e-05	4.9680271964003095e-05	0.0002672983510456896	1.0902561158948144e-05	0.0	1.3993006041162335e-05	0.00014333889085875085	2.113228772616979e-05	3.9185391685979466e-05	2.489104453236458e-05	0.00189286802140899	5.846134976996055e-06	0.00011178804985747024	0.001557220508300279	4.779081976224338e-05	0.0033933172451725948	0.0	3.7944708771144526e-05	3.689776179747054e-05	0.0	0.00012929499871954227	0.00026806656986484977	7.366260282948581e-06	0.00016926794532061683	0.0	0.0008905531141715988	4.4493222199151666e-05	0.0	0.0002647897088276075	5.4903853849319754e-06	0.0004224569205113952	1.3767311953521555e-05	0.0	0.0	0.0022961266942057457	4.945521934597969e-05	0.0001991714467813894
2060	Tsukamurella	0.0	0.0	0.0	0.0	0.0	0.0	0.0	0.0	0.0	0.0	0.0	0.0	0.0	1.2147114588204258e-06	8.789040418160172e-07	0.0	0.0	0.0	0.0	0.0	0.0	0.0	0.0	0.0	0.0	0.0	0.0	0.0	0.0	0.0	0.0	0.0	0.0	0.0	0.0	0.0	4.741151339498016e-06	0.0	0.0	0.0	0.0	0.0	0.0	0.0009328684538871463	0.0	0.0	0.0	0.0	0.0	0.0	0.0	0.0	0.0	0.0	0.0	0.0	0.0	0.0	0.0	0.0	0.0	0.0	0.0	0.0
2063	Kitasatospora	0.0	0.0	0.0	0.0	0.0	0.0	0.0	0.0	0.0	0.0	0.0	0.0	0.0	0.0	0.0	0.0	0.0	9.595660873614134e-05	7.206723624634073e-05	0.0	0.0	0.0	0.0	0.0	0.0	0.0	0.0	0.0	0.0	0.0	0.0	0.0	0.0	0.0	0.0	0.0	5.274530865191542e-05	0.0	0.0	0.0	0.0	0.0	0.0	0.0	0.0	0.0	0.0	0.0	0.0	0.0	0.0	0.0	0.0	0.0	0.0	0.0	0.0	0.0	0.0	0.0	0.0	0.0	0.0	0.0
2071	Saccharothrix	0.0	0.0	0.0	0.0	0.0	0.0	0.0	0.0	0.0	0.0	0.0	0.0	0.0	0.0	0.0	0.0	0.0	0.0	0.0	0.0	0.0	0.0	0.0	0.0	0.0	0.0	0.0	0.0	0.0	0.0	0.0	0.0	0.0	0.0	0.0	0.0	1.3038166183619542e-05	0.0	0.0	0.0	0.0	0.0	0.0	0.0	0.0	0.0	0.0001633658091934701	0.0	0.0	0.0	0.0	0.0	0.0	0.0	0.0	0.0	0.0	0.0	0.0	0.0	0.0	0.0	0.0	0.0
2129	Ureaplasma	0.0	0.0	0.0	0.0	0.0	0.0	0.0	0.0	0.0	0.0	0.0	0.0	0.0	0.0	0.0	0.0	0.0	0.0	0.0	0.0	0.0	0.0	0.0	0.0	0.0	0.0	0.0	3.6477484804467763e-06	0.0	0.0	0.0	0.0	3.8162743748624555e-06	0.0	0.0	0.0	0.0	0.0	2.1714215628842492e-05	0.0	0.0	6.1316523468538675e-06	0.0	0.0	0.0	0.0	0.0	0.0	0.0	0.0	0.0	2.5397314041636203e-05	0.0	0.0	0.0	0.0	0.0	0.0	0.0	0.0	0.0	0.0	0.0	0.0
2132	Spiroplasma	0.0	0.0	0.0	0.0	0.0	0.0	0.0	0.0	0.0	0.0	0.0	0.0	0.0	0.0	0.0	0.0	0.0	0.0	0.0	0.0	0.0	0.0	0.0	0.0	0.0	0.0	0.0	0.0	0.0	0.0	0.0	0.0	0.0	0.0	6.517434532370122e-06	0.0	0.0	0.0	0.0	0.0	0.0	0.0	0.0	0.0	0.0	0.0	0.0	0.0	0.0	0.0	0.0	0.0	0.0	0.0	0.0	0.0	0.0	0.0	0.0	0.0	0.0	0.0	0.0	0.0
2172	Methanobrevibacter	0.0	0.0	0.0	1.4106501263237188e-05	0.0009298942060184728	0.006725569258867013	0.0	3.519345323165224e-05	0.0	1.3793235505216196e-06	0.0	0.0	2.7746135363633942e-05	0.0	1.518106981318575e-06	0.0	3.822614424269535e-05	0.0	0.0	0.0	0.0001359655168840597	7.470139167853355e-06	0.0	0.0	0.0	0.0	0.0	3.799738000465392e-06	0.0	0.0	6.718334984432911e-05	0.0	0.0	0.0	3.298216869411547e-05	0.0	9.990283179656532e-06	0.0	1.4078447495623154e-05	0.0	0.0	1.6050501731470417e-05	1.2761629353789375e-05	0.0	0.0	4.631846693725025e-05	0.0	0.000140538042086459	0.0	1.508329486508519e-05	0.0	0.0	4.3332282400967057e-05	4.2748389956047675e-05	6.802901495139385e-05	0.005940918194423047	0.004716874551662521	0.0	0.0	0.0	0.0	0.0	0.0	0.0
2289	Desulfobacter	0.0	0.0	0.0	0.0	0.0	0.0	0.0	0.0	0.0	0.0	0.0	0.0	0.0	0.0	0.0	0.0	0.0	0.0	0.0	0.0	0.0	0.0	0.0	0.0	0.0	0.0	0.0	0.0	0.0	0.0	0.0	0.0	0.0	0.0	0.0	0.0	0.0	0.0	6.442679362403816e-06	0.0	0.0	0.0	0.0	0.0	0.0	0.0	0.0	0.0	0.0	0.0	0.0	0.0	0.0	0.0	0.0	0.0	0.0	0.0	0.0	0.0	0.0	0.0	0.0	0.0
2299	Desulfosarcina	0.0	0.0	0.0	0.0	0.0	0.0	0.0	0.0	0.0	0.0	0.0	0.0	0.0	0.0	0.0	0.0	0.0	3.1461183192177494e-05	4.7216465126912886e-05	0.0	0.0	0.0	0.0	0.0	0.0	0.0	0.0	0.0	0.0	0.0	0.0	0.0	0.0	0.0	0.0	0.0	0.0	0.0	0.0	0.0	0.0	0.0	0.0	0.0	0.0	0.0	0.0	0.0	0.0	0.0	0.0	0.0	0.0	0.0	0.0	0.0	0.0	0.0	0.0	0.0	0.0	0.0	0.0	0.0
2316	Methanosphaera	0.0	0.0	0.0	0.0	0.00020572880664125503	0.0020756561908200225	0.0	1.911522586693802e-05	0.0	0.0	0.0	0.0	0.0	0.0	0.0	0.0	2.236636099306643e-06	0.0	0.0	4.123813372702005e-05	1.318834112963166e-05	0.0	0.0	0.0	0.0	0.0	0.0	0.0	0.0	0.0	0.0	0.0	0.0	0.0	0.0	0.0	0.0	0.0	0.0	0.0	0.0	0.0	0.0	0.0	0.0	5.6524230838678274e-05	0.0	3.123067601921311e-05	0.0	0.0	0.0	2.2318851733559088e-05	0.0	8.724161215519934e-06	0.0	0.00015887382529656448	5.258099849415622e-05	0.0	0.0	0.0	0.0	0.0	0.0	0.0
2349	Haliscomenobacter	0.0	0.0	0.0	0.0	0.0	0.0	0.0	0.0	6.489054182292133e-06	2.8397837804856874e-06	0.0	0.0	0.0	0.0	0.0	0.0	0.0	0.0	0.0	0.0	0.0	0.0	0.0	0.0	0.0	0.0	0.0	0.0	0.0	0.0	0.0	0.0	0.0	0.0	0.0	0.0	0.0	0.0	0.0	0.0	0.0	0.0	0.0	0.0	0.0	0.0	0.0	0.0	0.0	0.0	0.0	0.0	0.0	0.0	0.0	0.0	0.0	0.0	0.0	0.0	0.0	0.0	0.0	0.0
2701	Gardnerella	0.0015807442535057485	0.00025740948938841104	0.001566420213843343	1.3401176200075329e-05	0.0006599780117051462	1.046445885051613e-05	0.0	0.0002277748876667848	6.651280536849435e-05	6.653207714280753e-06	0.0004267962057817306	3.9669472250990886e-05	3.7287296536108855e-06	0.0	8.309638213533252e-06	0.008982612863220203	0.00043878733657306683	0.0	0.0	0.0	5.966154320547655e-06	0.00012707630000146044	0.0	0.001704014939309057	0.002412206888814092	1.950018185562854e-05	0.007316701387124638	7.097910584869352e-05	0.00037716451368590104	0.00033181864267740777	4.44942360811127e-05	0.00719071170507559	2.734996635318093e-05	0.0004979140419303976	0.00013370615692165371	7.277287027396186e-05	1.4392780852047547e-05	0.017514468473956747	5.022903725133346e-05	0.0037646269731412773	0.0	3.6429228648955326e-05	0.0	0.0047926116818452135	0.0005080732191390539	0.0	0.0018940963384750157	7.93259170888013e-05	0.0	1.5434069164273218e-05	0.0012957753055578254	1.6161927117404857e-05	0.00020022502902515812	4.798288668535964e-05	0.00022714772788855233	0.0003273763672777692	6.503994994457878e-05	0.0007115063924402446	6.283542378786761e-05	0.0010516097718815726	1.5245845354682396e-05	0.0004159021936674559	5.299924157924208e-05	0.00016680608667941365
2717	Cardiobacterium	0.0	6.635260685735569e-05	0.00010454844442979211	6.347925568456734e-05	6.418738767207157e-05	0.001023670298141666	0.0	0.00012558882041548998	3.494106098157302e-06	0.0005789913445013105	0.00010960902557576263	8.531069301288363e-06	0.00023973538302333517	0.0	2.9563135951993303e-05	0.0001185823480293096	0.0006524877493340925	0.0	4.845900368288428e-05	0.0	0.0003001917647601873	0.0	0.0	0.0	0.0	0.00013518665398789674	0.0	0.0001820834449823016	6.286075228098351e-05	0.0	0.00012641077668077712	0.0	0.0013248832538064156	0.0	0.00015365345655102896	0.0	0.0001407952620997357	0.0	9.544710166524173e-06	4.9318257290060396e-05	0.0	0.0001669973550937259	0.0	0.0	0.00011704977959912379	0.00017114281003933145	0.0	0.0001124304336691672	0.00010610968390483636	0.0005030103450356316	0.0	0.00035017508754377186	0.00023907466152257688	0.0007049122262140107	4.369999435013266e-05	0.0	0.0005032149373958806	0.00013340744858254586	0.0005524575181349034	0.0	9.269473975646896e-05	0.0001018093911581793	2.319723643589927e-05	0.0033435906628425747
2737	Vagococcus	0.0	6.345571549767904e-06	0.0	0.0	0.0	0.0	0.0	0.0	0.0	0.0	0.0	0.0	5.373757441968629e-06	0.0	0.0	0.0	0.0	0.0001494406201628431	5.342915790676985e-05	0.0	0.0	0.0	0.0	0.0	0.0	0.0	0.0	1.6718847202047724e-06	0.0	0.0	0.0	0.0	0.0	0.0	5.924940483972839e-06	0.0	3.640526921400262e-06	0.0	5.130281714506743e-06	0.0	0.0	0.0	0.0	0.0	1.543513577131303e-05	0.0	0.0	0.0	0.0	0.0	0.0	0.0	3.735541586290264e-05	6.5431209116399506e-06	0.0	0.0	0.0	0.0	0.0	0.0	0.0	0.0	0.0	0.0
2745	Halomonas	0.0	0.0	0.0	0.0	0.0	0.0	0.0	0.0	0.0	0.0	0.0	0.0	0.0	0.0	0.0	0.0	0.0	0.0	0.0	0.0	0.0	0.0	0.0	0.0	0.0	0.0	0.0	0.0001445420335377035	0.0	0.0	0.0	0.0	0.0	0.0	0.0	0.0	0.0	0.0	0.0	0.0	0.0	0.0	1.4037792289168311e-05	0.0	0.0	0.0	0.0	0.0	0.0	0.0	0.0	0.0	0.0	0.0	0.0	0.0	0.0	0.0	0.0	0.0	0.0	0.0	0.0	0.0
2747	Carnobacterium	0.0	0.0	8.12903671592336e-06	0.0	0.0	0.0	0.0	0.0	6.1146856717752786e-06	9.736401533093785e-07	0.0	0.0	5.593094480416328e-06	0.0	0.0	0.0	0.0	0.0	0.0	0.0	0.0	0.0	0.0	0.0	0.0	2.7387895864646827e-05	0.0	0.0	4.0555324052247425e-05	0.0	0.0	0.0	0.0	0.0	1.4812351209932096e-05	0.0	1.1006244180977535e-06	0.0	0.0	0.0	0.0	0.0	0.0	0.0	0.0	0.0	0.0	0.0	0.00011169440411035407	1.508329486508519e-05	0.0	1.0005002501250626e-05	0.0	0.0	2.3060683034370793e-06	0.0	0.0	0.0	0.0	0.0	0.0	0.0	1.6753559648149472e-05	0.0
2755	Brochothrix	0.0	0.0	6.322584112384836e-06	7.053250631618594e-06	0.0	0.0	0.0	2.5010575900666566e-06	6.863422692808986e-07	2.1906903449461017e-06	0.0	0.0	2.303038903700841e-06	0.0	0.0	0.0	1.0573188833085948e-05	0.0	0.0	0.0	0.0	0.0	0.0	0.0	0.0	6.573095007515238e-06	0.0	0.0	0.0	0.0	1.119722497405485e-05	0.0	0.0	9.052982580552685e-05	2.7649722258539915e-06	0.0	0.0	0.0	0.0	0.0	0.0	8.115422223777177e-06	0.0	0.0	7.074437228518472e-06	0.0	0.0	0.0	0.0	0.0	0.0	0.0	1.7930599614193265e-05	2.7044899768111794e-05	0.0	0.0	2.7451926924659877e-06	0.0	0.0	0.0	0.0	0.0	2.6096890990386677e-05	0.0
4895	Schizosaccharomyces	0.0	0.0	0.0	0.0	0.0040915345064812805	0.0007094287544246963	0.0	0.0	4.086856239808987e-05	3.277921849474908e-05	0.0	0.0	0.0	0.0	0.0	0.0	0.0	0.001304066043315757	0.0009691800736576856	0.0	0.0	0.0	0.0	0.0	0.0	0.0	0.0	0.0	0.0	0.0	0.0	0.0	0.0	0.0	0.0	0.0	0.0	0.0	0.0	0.0	0.0	0.0	0.0	0.0	0.0	0.0	0.0	0.0	0.0	0.0	0.0	0.0	0.0	0.0	0.0	0.0	0.0	0.0	0.0	0.0	0.0	0.0	0.0	0.0
4910	Kluyveromyces	0.0	0.0	0.0	0.0	0.0	0.0	0.0	0.0	0.0	0.0	0.0	0.0	0.0	0.0	0.0	0.0	0.0	0.0014597989001170356	0.0008797172976277454	0.0	0.0	0.0	0.0	0.0	0.0	0.0	0.0	0.0	0.0	0.0	0.0	0.0	0.0	0.0	0.0	0.0	2.455239086525758e-06	0.0	0.0	0.0	0.0	0.0	0.0	0.0	0.0	0.0	0.0	0.0	0.0	0.0	0.0	0.0	0.0	0.0	0.0	0.0	0.0	0.0	0.0	0.0	0.0	0.0	0.0	0.0
4919	Pichia	0.0	0.0	0.0	0.0	0.0	0.0	0.0	0.0	0.0	0.0	0.0	0.0	0.0	0.0	0.0	0.0	0.0	0.012944703824421429	0.009036982917579933	0.0	0.0	0.0	0.0	0.0	0.0	0.0	0.0	0.0	0.0	0.0	0.0	0.0	0.0	0.0	4.147458338780987e-06	0.0	1.523941501981505e-06	0.0	0.0	0.0	0.0	7.195674371749097e-05	0.0	0.0	0.0	0.0	0.0	0.0	0.0	0.0	0.0	0.0	0.0	0.0	0.0	0.0	0.0	0.0	3.53007998808245e-06	0.0	0.0	0.0	0.0	0.0
4930	Saccharomyces	0.0	2.345102529262051e-06	3.545163234444354e-05	0.0001375383873165626	0.0	0.0	0.0	6.413426248813784e-05	0.0	3.0020571393705838e-06	0.0	0.0	2.3359394594679957e-05	0.0	2.4769113905724117e-06	0.0	1.280982493239259e-05	0.006200999207178184	0.004742769668142802	0.0	0.0	0.0	0.0	0.0	0.0	3.505650670674794e-06	0.0	0.00017509192706144526	0.0001196382059541299	0.0	1.1491888789161557e-05	0.0	8.364001338240214e-05	0.0	4.463455164592872e-05	0.0	6.476751383421396e-05	0.0	0.0	0.0	0.0	9.702438125315825e-05	0.0	0.0	1.35057437998989e-05	0.0	0.0	3.9975265304592784e-05	0.0	1.929258645534152e-05	0.002136278206460199	1.1544233655289183e-05	1.7930599614193265e-05	0.0	0.0	0.0	8.657915414700423e-06	0.0	0.0	0.0	0.0	0.0	0.0	0.0
4948	Torulaspora	0.0	0.0	0.0	0.0	0.0	0.0	0.0	0.0	0.0	0.0	0.0	0.0	0.0	0.0	0.0	0.0	0.0	0.0005474245875438883	0.000447313880149701	0.0	0.0	0.0	0.0	0.0	0.0	0.0	0.0	0.0	0.0	0.0	0.0	0.0	0.0	0.0	0.0	0.0	0.0	0.0	0.0	0.0	0.0	0.0	0.0	0.0	0.0	0.0	0.0	0.0	0.0	0.0	0.0	0.0	0.0	0.0	0.0	0.0	0.0	0.0	0.0	0.0	0.0	0.0	0.0	0.0
4951	Yarrowia	0.004359268946523585	5.9455246477173184e-05	0.00020412914419985328	3.808755341074041e-05	7.73540312971119e-05	1.631224467874573e-05	0.0	0.0	0.0	9.736401533093785e-07	8.923920666345277e-05	1.4076264347125797e-05	2.303038903700841e-06	0.0	0.0	0.0	0.0	0.0004939405761171866	0.0004361310331459585	0.0	0.0	3.709889339540655e-05	0.0	0.0022875816993464053	0.0	0.0	0.0	0.0	0.00015816576380376496	0.0	0.0	0.0	0.0	0.0	0.0	0.0	0.0	0.0	0.0	0.001206653361696811	0.0	1.4968445434966794e-05	7.14651243812205e-05	0.013398323168954137	0.0005389434906816799	0.0	0.0	0.0	0.0	0.0	0.0	0.0	0.0	0.0	4.150922946186743e-06	0.0	0.0	0.0	0.0	0.002598689532438117	2.1344183496555354e-05	0.00043539760899561784	7.651866185452884e-05	0.0013643244104525176
4953	Zygosaccharomyces	0.0	0.0	0.0	0.0	0.0	0.0	0.0	0.0	0.0	0.0	0.0	0.0	0.0	0.0	0.0	0.0	0.0	0.00025168946553741996	0.00010313070014562551	0.0	0.0	0.0	0.0	0.0	0.0	3.768574470975404e-05	0.0	5.015654160614317e-06	0.0	0.0	4.125293411493892e-06	0.0	3.752669801948081e-05	0.0	4.6412033791120566e-05	0.0	3.640526921400262e-06	0.0	0.0	0.0	0.0	1.6230844447554355e-05	0.0	0.0	0.0	0.0	0.0	0.0	0.0	0.0	0.0	0.0	0.0	0.0	0.0	0.0	0.0	0.0	0.0	0.0	0.0	0.0	0.0	0.0
4958	Debaryomyces	0.0	5.104046681335053e-06	7.67742356503873e-06	2.4686377210665078e-05	4.114576132825101e-05	3.847227518572106e-05	0.0	4.466174267976173e-05	7.5497649620898845e-06	0.00016284131564099356	0.0	2.7725975229187176e-05	4.8692822535389207e-05	0.0	2.2372102882589528e-06	0.0	2.439966653789065e-06	0.00016202509343971408	0.00014040685682476726	0.0004000098971520945	0.00021980568549386098	0.0	0.0	0.0	0.0006544747372751412	0.0011603703719933569	0.0	0.00010821653825325437	0.00015106858209462166	0.0	7.425528140689006e-05	0.0	0.00019399394738884147	8.298567365506628e-05	0.0003363391214735248	7.277287027396186e-05	0.0001423192036017172	0.0	2.1714215628842492e-05	0.0	0.0007345379756133392	0.0004075745383496982	0.0	0.0	0.0	1.4131057709669568e-05	0.0	8.619666581302819e-05	0.0001284485647269072	0.00010628461265397238	0.0018969683527310507	0.0029899565167198984	8.666456480193411e-05	0.00014089520363064694	0.0	6.258665845016176e-05	2.428439689489143e-05	0.0	3.6006815878440986e-05	0.0	0.0	0.0	0.0	0.0
5052	Aspergillus	0.002794821025528205	4.207389831911328e-05	9.258069593134938e-05	0.12339873577535679	0.018193009828899466	0.0017207879245069316	0.0019175127120820421	0.0006590286749825641	0.9892745293579474	0.6086157254892988	9.990911180799603e-05	0.0005660364481404829	0.0026032016408165173	1.7668530310115283e-06	3.891147894221821e-05	0.0004891521856209021	0.000636831296638946	0.09429388520443477	0.0822051083245113	7.422864070863608e-05	7.06518274801696e-05	1.0239966050315836e-05	0.0	0.0011437908496732027	0.0	0.0002166930320810857	0.0	0.0028558830811497887	0.008579478803252943	0.0	0.00012700010431099056	0.0030867445368129363	0.009652629985485436	0.00039984006397441024	0.0013558238807491179	0.0	8.771129978071329e-05	0.0	2.8634130499572516e-06	0.0014170779261344021	0.0	0.001819658005286927	0.21641362482596327	0.0	0.00020966059422700196	5.4169054553733346e-05	0.0002912173120405337	0.000628985815026952	0.008310063665810342	0.0005380877749544344	0.007850530567456195	0.0007542232654788933	0.0009413564797451465	0.001581254220312988	2.582796499849529e-05	0.001169889077183793	0.00013768197196060183	0.0007893274041133963	0.0020213238011760107	0.0	0.0	5.8486245984485983e-05	5.477125269587327e-06	0.0
5073	Penicillium	0.0	0.0	8.12903671592336e-06	0.16352115199331915	0.04570635751387435	0.0017592601996926527	0.0	0.0001039725369584853	1.4912345668921342e-05	4.681586403829262e-05	0.0	0.0001957880404645679	0.001921611793840292	0.0	2.4769113905724117e-06	0.0	0.0	0.054188741930206515	0.04557631423303065	0.0	0.0	0.0	0.0	0.0	0.0	8.72030604330355e-05	0.0	0.00027373312555352685	0.0	0.0	2.7403734804923713e-05	0.0	1.7173234686881046e-05	0.0	0.00033317915321540593	0.0	0.0	0.0	0.0	0.0	0.0	0.0004252481245259241	0.31333245703478435	0.0	0.0	0.0	0.0	0.0	0.0	0.0	0.0006070298728739362	0.0	2.0919032883225474e-05	1.3958657944831895e-05	0.0	0.0	0.0	0.0	0.0	0.0	0.0	0.0	0.0	0.0
5094	Talaromyces	0.0	0.0	2.9354854807501023e-06	0.005694794559968853	0.0007044154339396572	8.125344519224288e-05	0.0	1.0718818243142814e-05	5.1163696437303355e-06	6.32866099651096e-06	1.648985340520323e-05	0.0	8.795415241752735e-05	0.0	0.0	0.0	0.0	0.01457753923209544	0.01220421369675101	0.0	0.0	0.0	0.0	0.0	0.0	1.0516952012024381e-05	0.0	1.9150679522345576e-05	1.3180480316980412e-05	0.0	0.0	0.0	0.0	0.0	2.0737291693904936e-05	0.0	1.3546146684280044e-06	0.0	0.0	0.0	0.0	0.00025680802770352667	0.010434546241125883	0.0	9.646959857070642e-06	0.0	0.0	0.0	0.0	0.0	0.0	0.0	0.0	6.979328972415947e-06	0.0	0.0	0.0	0.0	0.0	0.0	0.0	0.0	0.0	0.0
5140	Neurospora	0.0	0.0	0.0	0.0002525063726119457	0.0006665613335176664	5.8785636483781784e-05	0.0	0.0	1.4350792903146061e-06	1.135913512194275e-06	0.0	0.0	1.4366576018324294e-05	0.0	0.0	0.0	0.0	0.013635276795489724	0.012626676805781284	0.0	0.0	0.0	0.0	0.0	0.0	0.0	0.0	6.8395284008377054e-06	0.0	0.0	0.0	0.0	0.0	0.0	0.0	0.0	0.0	0.0	0.0	0.0	0.0	0.00035635720698186005	0.0004173052798689125	0.0	0.0	0.0	0.0	0.0	0.0	0.0	0.0	0.0	0.0	0.0	0.0	0.0	0.0	0.0	0.0	0.0	0.0	0.0	0.0	0.0
5144	Podospora	0.0	0.0	0.0	0.0	0.001632663809505	0.00025145479061387284	0.0	0.0	3.494106098157302e-06	4.381380689892203e-06	0.0	0.0	0.0	0.0	0.0	0.0	0.0	0.0038193876395303476	0.0034033131048056423	0.0	0.0	0.0	0.0	0.0	0.0	0.0	0.0	1.6414868162010494e-05	0.0	0.0	0.0	0.0	2.9894149269755897e-05	0.0	1.3232367080872673e-05	0.0	0.0	0.0	0.0	0.0	0.0	0.00011000905681120174	0.0	0.0	0.0	0.0	0.0	0.0	0.0	0.0	0.0	0.0	0.0	0.0	0.0	0.0	0.0	0.0	0.0	0.0	0.0	0.0	0.0	0.0
5206	Cryptococcus	0.0	0.0	0.0	0.0	0.00032422859926661796	0.0001015668064903036	0.0014210138848465134	0.0	0.0	0.0	0.0	0.0	0.0	0.0	0.0	0.0	0.0	0.0006764154386318161	0.0005405042718475555	0.0	0.0	0.0	0.0	0.0	0.0	0.0	0.0	3.0397904003723133e-06	0.0	0.0	0.0	0.0	8.268594478868653e-06	0.0	0.0	0.0	2.793892753632759e-06	0.0	0.0	0.0	0.0	8.295764939861115e-06	1.7228199627615655e-05	0.0	4.1803492713972784e-05	0.0	0.0	4.8719854589972456e-05	0.0	0.0	7.587873410924203e-05	0.0	0.0	0.0	0.0	0.0	0.0	0.0	0.0	0.0	0.0	0.0	0.0	2.7386073932441046e-05
5269	Ustilago	0.0	0.0	0.0	1.0579875947427892e-05	0.000980914950065504	0.00011972572037796394	0.0	3.5729394143809384e-06	0.0	0.0	0.0	4.2655346506441815e-06	1.0966851922384958e-06	0.0	0.0	0.0	0.0	0.00024067805142015782	0.0001950785532875085	0.0	0.0	1.3429463672545358e-06	0.0	0.0	0.0	0.0	0.0	4.103717040502624e-06	0.0	0.0	0.0	0.0	1.3993006041162335e-05	0.0	4.147458338780987e-06	0.0	0.0	0.0	0.0	0.0	0.0	4.869253334266306e-06	1.4037792289168311e-05	0.0	0.0	0.0	0.0	0.0	0.0	0.0	0.0	0.0	0.0	0.0	0.0	0.0	0.0	0.0	0.0	0.0	0.0	0.0	0.0	0.0
5296	Puccinia	0.0	0.0	0.0	7.829108201096639e-05	0.03316183780011718	0.004240568060070918	0.0	0.00010254336119273293	0.0	0.0	0.0	0.00014033609000619354	0.0	0.0	0.0	0.0	0.0	0.0005316939959477996	0.0004448288030377583	0.0	0.0	0.0	0.0	0.0	0.0	0.0	0.0	0.00012098365793481808	0.0	0.0	0.0	0.0	0.00027572582358381236	0.0	7.820921438844147e-05	0.0	0.0	0.0	0.0	0.0	0.0	6.1316523468538675e-06	0.00023928055038355077	0.0	0.0	0.0	0.0	0.0	0.0	0.0	0.0	0.0	0.0	0.0	0.0	0.0	0.0	0.0	0.0	0.0	0.0	0.0	0.0	0.0
5453	Ascochyta	0.0	0.0	1.8741945761712193e-05	0.00034843058120195857	0.0007027696034865273	9.448790785613092e-05	0.0	4.376850782616649e-05	3.843516707973032e-05	3.9513562888472276e-05	0.0	0.0	1.3269890826085798e-05	0.0	1.3742863199304995e-05	0.0	0.0	0.25084473276870994	0.23712978563724832	0.0	0.0	0.0	0.0	0.0	0.0	5.4775791729293655e-06	0.0	4.407696080539854e-06	9.023559601625052e-05	0.0	0.0	0.0	1.3356960312018593e-05	0.0	5.529944451707983e-06	0.0	1.202220518229854e-05	0.0	1.4317065249786258e-06	0.0	0.0	0.005278090271628592	0.0006304244900771951	0.0	6.817184965663255e-05	0.0	0.0001396896049625324	0.0	0.0	0.0	0.0	0.0	0.0	1.7884530491815864e-05	0.0	0.0	2.322855355163528e-06	0.0	1.8356415938028738e-05	0.0	5.1835874205920145e-05	0.0	0.0	0.0
5455	Colletotrichum	0.0	0.0	0.0	0.0006792280358248706	0.0008525401747213609	0.0001837435862870038	0.0	0.0	1.934237304337078e-06	1.3793235505216196e-06	0.0	0.0	1.8204974191159027e-05	0.0	1.518106981318575e-06	0.0	0.0	0.03671520078527113	0.03529927783659127	0.0	0.0	0.0	0.0	0.0	0.0	0.0	0.0	3.951727520484008e-06	0.0	0.0	0.0	0.0	6.678480156009296e-06	0.0	0.0	0.0	0.0	0.0	0.0	0.0	0.0	0.0008950408999245807	0.0012027835665946486	0.0	0.0	0.0	0.0	0.0	0.0	0.0	0.0	0.0	0.0	0.0	0.0	0.0	0.0	0.0	0.0	0.0	0.0	0.0	0.0	0.0
5475	Candida	0.0	3.5866273976949023e-06	0.0	0.0	0.0	0.0	0.0	3.2156454729428446e-06	0.0	0.0	0.0	0.0	0.0	0.0	0.0	0.0	0.0	0.00013528308772636321	4.845900368288428e-05	0.0	0.0	0.0	0.0	0.0	0.0	5.4775791729293655e-06	0.0	1.6718847202047724e-06	0.0	0.0	0.0	0.0	0.0	0.0	3.752462306516131e-06	0.0	2.0319220026420065e-06	0.0	5.368899468669847e-06	0.0	0.0	2.8854834573429964e-06	0.0	0.0	0.0	0.0	0.00011364578030850095	0.0011948856644950936	0.0	0.0	0.0	0.0	0.0	6.979328972415947e-06	0.0	0.0	0.0	0.0	0.0	0.0	0.0	0.0	0.0	0.0
5506	Fusarium	0.0	5.007483636012498e-05	0.00023416141873368123	0.05723995017583754	0.001380851750176104	0.0009645768834563984	0.001900392062867024	0.001115828979111167	7.113001699820222e-06	7.261732810099115e-05	5.3349525722716324e-05	8.189826529236828e-05	0.0003128842853456428	3.9754193197759385e-06	9.907645562289648e-05	0.0017194440464249892	0.003994022081698217	0.14468683538250507	0.11982793326076908	0.016647834585597994	0.0011263471340949706	0.0	0.0	0.0	0.0	4.7983593554861245e-05	0.0	4.0733191364989004e-05	0.0	0.0	0.00016619039172018253	0.0	8.491210484068963e-05	0.0	6.458185127530393e-05	0.0	3.01401763725231e-05	0.0	4.8916639603436385e-06	0.0	0.0	0.0038288562051780723	0.0712405197045938	0.0	7.974820148511731e-05	0.0	0.0	6.058751147727344e-05	0.0001284485647269072	0.0001739840523972617	0.00033269906494052273	0.0004625389617885866	0.00013149106383741728	0.00019498500316687052	0.0	0.0	5.912722722234435e-06	0.0	4.3419983853414136e-05	0.0	0.0	0.00012996943552107996	0.000270956608924879	0.0
5543	Trichoderma	0.0	0.0	0.0	0.00011849461061119238	0.0	2.5545590723318785e-05	0.0	0.0	1.747053049078651e-06	0.0	0.0	0.0	4.4964092881778325e-06	0.0	0.0	0.0	0.0	0.009944880007047305	0.008124959617496931	0.0	0.0	0.0	0.0	0.0	0.0	0.0	0.0	0.0	0.0	0.0	0.0	0.0	0.0	0.0	0.0	0.0	0.0	0.0	0.0	0.0	0.0	0.0002207394844867392	0.000163348855728504	0.0	0.0	0.0	0.0	0.0	0.0	0.0	0.0	0.0	0.0	7.415537033191944e-06	0.0	0.0	0.0	0.0	0.0	0.0	0.0	0.0	0.0	3.7344646271510517e-05
12916	Acidovorax	0.0002525931539107124	1.627777049723071e-05	9.009682360148391e-05	0.0	0.001063206472722006	0.00023914366255444212	0.0021058398534472425	4.162474417753793e-05	9.60879176993258e-06	2.6369420818795667e-05	0.0	0.0	7.238122268774071e-06	0.0	3.028223925893368e-05	0.00034092425058426513	1.3013155486875012e-05	0.0	0.0	0.00028041930934373635	0.0	6.378995244459046e-06	0.0002095563352561543	0.001027077497665733	0.004413029657055238	9.991104411423162e-05	0.0	0.0001018329784124725	4.2583090254859795e-05	0.001023107481588674	0.00010077502476649366	0.0	0.00010494754530871752	0.002157627515031723	6.319936516237694e-05	0.00016513843639091348	5.012074273183616e-05	0.004329663635176885	9.186783535279516e-05	0.00047345526998457984	0.0	0.00018647436843079114	0.0	0.0030318224751332253	6.366993505666624e-05	0.0	0.0	9.181818749648655e-05	0.00023455824863174356	1.9994135053717577e-05	0.000466946056056874	0.00010389810289760264	0.0005304469052532174	0.00011515892804486312	0.0	0.00016850254198120474	0.0	0.0	8.613395170921177e-05	0.0	0.0	0.0001321355927797646	3.2218383938748987e-06	6.97100063734863e-05
12960	Azoarcus	0.0	0.0	0.0	0.0	0.0	0.0	0.0	0.0	0.0	0.0	0.0	0.0	0.0	0.0	1.9975091859454934e-06	0.0	0.0	0.0	0.0	0.0	0.0	0.0	0.0	0.0	0.0	4.601166505260667e-06	0.0	0.0	0.0	0.0	0.0	0.0	0.0	0.0	0.0	0.0	0.0	0.0	0.0	0.0	0.0	0.0	0.0	0.0	0.0	0.0	0.0	0.0	0.0	0.0	0.0	0.0	0.0	0.0	0.0	0.0	0.0	0.0	0.0	0.0	0.0	0.0	0.0	0.0
13075	Globicatella	0.0	1.3518826345157708e-05	3.838711782519365e-06	0.0	0.0	1.2003349857944971e-05	0.0	4.466174267976173e-06	0.0	0.0	0.0	0.0	0.0	0.0	0.0	0.0	2.643297208271487e-06	0.0	0.0	0.0	0.0	5.791456208785186e-06	0.0	0.0	0.0	0.0	0.0	5.319633200651549e-06	0.0	0.0	4.125293411493892e-06	0.0	4.7703429685780685e-06	0.0	0.0	0.0	2.5399025033025084e-06	0.0	7.75507701030089e-06	0.0	0.0	2.3444553090911845e-06	0.0	0.0	0.0	0.0	0.0	0.0	0.0	2.1046457951281658e-05	0.0	0.0	0.0	4.798288668535964e-06	1.8448546427496637e-06	0.0	1.3514794793678708e-05	0.0	0.0	0.0	0.0	0.0	0.0	0.0
13366	Brettanomyces	0.0	0.0	0.0	5.431002986346318e-05	0.0	0.0	0.0	0.0	0.0	0.0	0.0	0.0	0.0	0.0	0.0	0.0	0.0	0.00043731044637126715	0.0005280788862878415	0.0	0.0	0.0	0.0	0.0	0.0	0.0	0.0	0.0	0.0	0.0	0.0	0.0	0.0	0.0	0.0	0.0	0.0	0.0	0.0	0.0	0.0	5.770966914685993e-06	5.6789250624362715e-05	0.0	0.0	0.0	0.0	0.0	0.0	0.0	0.0	0.0	0.0	0.0	0.0	0.0	0.0	0.0	0.0	0.0	0.0	0.0	0.0	0.0
13687	Sphingomonas	0.0008962982880702698	0.0011533766027741184	0.010628038086343466	0.008780591711301989	0.0009035609187683922	0.00032963045379125807	0.001968874659727097	0.0013664706790299898	3.431711346404493e-05	0.0024305303693779785	7.274935325824953e-05	6.611578708498481e-05	4.584144103556912e-05	0.0001454340901151364	0.0004448852458937803	0.009165427316432054	7.54356357129786e-05	0.0	0.00013295162548893893	0.0006474386995142147	0.0006967840230155393	5.371785469018143e-06	0.0008693756070762077	0.004061624649859944	0.004282134709600209	0.0008779463898371187	0.0050302322036481885	0.00017843569650185482	0.013083147539255019	0.0015208354456047856	0.0004089933753681088	0.011540215370584727	0.0010046342291825413	0.004111562922001011	0.0008739287213859936	0.0006941412241516363	0.002836224462021134	0.002284495887907402	6.037029180326539e-05	0.0	0.0028793888644042896	0.00018575299756645538	0.003940153062982469	0.03230057021584244	0.0008431442915079742	0.0016996522189685899	0.009465746451528891	0.0013985096721403632	0.0007818608287724785	0.004425719332855345	0.00126075435135356	0.005840612613999307	0.0014344479691354613	0.0006508224266777871	1.8333243012324784e-05	0.0003755199507009706	4.8779962458434085e-05	0.0011117287381878821	0.0004747957583970895	0.0	6.830138718897714e-05	0.0	0.0009449652009235077	0.0002315368068833652
28050	Lachnospira	0.0	0.0008930702220260306	4.809680056921322e-05	0.0	0.00012179145353162298	0.0008223833543699734	0.0	0.0006088288762105119	1.996632056089887e-06	8.973716746334773e-05	2.618976717296983e-05	8.95762276635278e-06	2.52237594214854e-06	0.0	3.995018371890987e-06	0.001338992346497621	0.0013033488542323255	0.0	0.0	0.0	3.297085282407915e-05	1.3009792932778316e-05	0.0	0.0	0.0	8.98322984360416e-06	0.0	1.124722448137756e-05	0.0	0.0	2.268911376321641e-05	0.0	6.678480156009296e-06	0.0	2.4489754000421065e-05	0.0	6.349756258256271e-06	0.000848527044079892	0.0022918042198595352	0.0	0.0	1.6411187163638292e-05	0.0	0.0	1.543513577131303e-05	2.355176284944928e-05	0.0013448084003172612	0.0008925727206291108	0.0	1.192632617239294e-05	0.0	3.925039442798322e-05	0.00012999684720290118	0.00019324017092376653	0.0006907827602945772	0.002705669388383916	0.002438364616915751	0.0	9.707719967226737e-05	0.00012133958906325837	0.00032931025966113973	0.0	4.510573751424858e-06	0.00017427501593371574
28105	Sinorhizobium	0.0	0.0	0.0	0.00011214668504273565	0.0	0.0	0.0	0.0	0.0	0.0	0.0	0.0	0.0	3.152728377211196e-05	2.3091206189529903e-05	0.0	0.0	0.0	0.0	0.0	0.0	0.0	0.0	0.0	0.0	0.0	0.0	0.0	0.0	0.0	0.0	0.0	0.0	0.0	0.0	0.0	0.0	0.0	0.0	0.0	0.0	0.0	0.0	0.0	0.0	0.0	0.0006108460691581926	0.0	0.0	0.0	0.0	0.0	0.0	0.0	0.0	0.0	0.0	0.0	0.0	0.0	0.0	0.0	0.0	0.0
28196	Arcobacter	0.0	0.0	0.0	0.0	0.0	0.0	0.0	0.0	0.0	0.0	0.0	0.0	0.0	0.0	0.0	0.0	0.0	0.0	0.0	0.0	0.0	0.0	0.0	0.0	0.0	1.2488880514278953e-05	0.0	0.0	0.0	0.0	0.0	0.0	0.0	0.0	0.0	0.0	0.0	0.0	0.0	0.0	0.0	0.0	0.0	0.0	0.0	0.0	0.0	0.0	0.00040768457500279235	0.0	0.0	0.0	0.0	0.0	0.0	0.0	0.0	0.0	0.0	0.0	0.0	0.0	0.0	0.0
28209	Chelatococcus	0.0	0.0	0.0	0.0	0.0	0.0	0.0	0.0	0.0	0.0	0.0	0.0	0.0	1.9324955026688593e-06	1.9975091859454934e-06	0.0	0.0	0.0	0.0	0.0	0.0	0.0	0.0	0.0	0.0	0.0	0.0	0.0	0.0	0.0	0.0	0.0	0.0	0.0	0.0	0.0	0.0	0.0	0.0	0.0	0.0	0.0	0.0	0.0	0.0	0.0	0.0	0.0	0.0	0.0	0.0	0.0	0.0	0.0	0.0	0.0	0.0	0.0	0.0	0.0	0.0	0.0	0.0	0.0
28250	Ornithobacterium	0.0	0.0	0.0	0.0	0.0	5.847785828229601e-06	0.0	1.982981374981421e-05	0.0	4.048720304178166e-05	0.0	0.0	4.606077807401682e-06	0.0	1.2784058790051158e-06	0.0	7.726561070332039e-06	0.0	0.0	0.0	0.00019782511694447488	0.0	0.0	0.0	0.0	7.931534642401721e-05	0.0	5.775601760707396e-06	0.0	0.0	0.0	0.0	7.950571614296781e-06	0.0	6.517434532370122e-06	0.0	5.249131840158517e-06	0.0	0.0	0.0	0.0	3.246168889510871e-06	0.0	0.0	0.0	0.0	0.0	0.0	0.0	0.0	0.0	0.0	0.0	3.751389322673572e-05	7.725328816514217e-06	0.0	0.0	0.0	8.119183972589636e-06	0.0	4.268836699311071e-05	0.0	0.0	0.0
28263	Arcanobacterium	0.0	0.0	0.0	0.0	0.0	0.0	0.0	5.895350033728548e-06	0.0	1.135913512194275e-06	0.0	0.0	1.4256907499100443e-06	0.0	0.0	0.0	0.0	0.0	0.0	0.0	0.0	0.0	0.0	0.0	0.0	6.792198174432413e-06	0.0	0.0	0.0	0.0	5.303948671920719e-06	0.0	0.0	0.0	0.0	0.0	3.725190338177012e-06	0.0	1.6703242791417302e-06	0.0	0.0	3.4265116055948083e-06	0.0	0.0	0.0	0.0	0.0	0.0	0.0	0.0	0.0	0.0	0.0	0.0	0.0	0.0	5.4903853849319754e-06	0.0	0.0	0.0	0.0	0.0	0.0	3.485500318674315e-05
28453	Sphingobacterium	0.00034222298271773937	0.0	1.4225814252865881e-05	0.0	0.0	0.0	0.0	0.0	0.0	6.977754432050546e-06	2.036981891230987e-05	0.00017147449295589607	0.0	0.0	0.0	0.0007263168816795213	0.0	0.00021393604570680693	0.00013170908693296753	0.0	5.024129954145394e-06	0.0	0.00011327369473305637	0.0	0.002131717715696174	0.0	0.0	2.4318323202978507e-05	0.0	0.0	0.0	0.0	1.5901143228593562e-05	0.00039984006397441024	3.969710124261802e-05	0.0	6.688409925363272e-06	0.0	0.0	0.0	0.0014103129131776114	1.316501827412742e-05	0.0	0.0	0.0	1.0205763901428023e-05	0.0	4.8719854589972456e-05	0.00017871104657656651	4.033904440662318e-05	0.000939728937814459	0.0003424789317735791	0.0007710157834103104	0.0	0.0	0.0	0.0	0.0	0.0	0.0	0.0	0.0	0.0	0.0
28895	Thermoanaerobacterium	0.0	0.0	0.0	0.0	0.0	0.0	0.0	0.0	0.0	0.0	0.0	0.0	0.0	0.0	0.0	0.0	0.0	0.0	0.0	0.0	0.0	0.0	0.0	0.0	0.0	0.0	0.0	0.0	0.0	0.0	0.0	0.0	0.0	0.0	0.0	0.0	0.0	0.0	0.0	0.0	0.0	0.0	0.0	0.0	0.0	0.0	0.0	0.0	0.0	0.0	0.0	1.2313849232308462e-05	0.0	0.0	0.0	0.0	0.0	0.0	0.0	0.0	0.0	0.0	0.0	6.722036328871893e-05
29002	Cercospora	0.0	0.0	0.0	0.0001699833402220081	7.73540312971119e-05	1.7851135686174572e-05	0.0	8.039113682357111e-06	1.497474042067415e-06	4.949337445989341e-06	0.0	1.4076264347125797e-05	6.141437076535576e-06	0.0	6.871431599652497e-06	0.0	0.0	0.07885902873035248	0.07098001500986575	0.0	0.0	0.0	0.0	0.0	0.0	0.0	0.0	3.4957589604281606e-06	0.0	0.0	0.0	0.0	7.632548749724911e-06	0.0	3.357466274251275e-06	0.0	4.402497672391014e-06	0.0	0.0	0.0	0.0	0.001034986847605716	0.00023800438744817182	0.0	1.2219482485622814e-05	0.0	0.0	0.00011680272831185704	0.0	0.0	0.0	0.0	0.0	0.0	0.0	0.0	0.0	0.0	1.3767311953521555e-05	0.0	0.0	0.0	0.0	0.0
29330	Alicyclobacillus	0.0	0.0	0.0	0.0	0.0	0.0	0.0	0.0	0.0	1.6227335888489642e-06	0.0	0.0	0.0	0.0	0.0	0.0	5.693255525507818e-06	2.3595887394133117e-05	0.0	0.0	0.0	0.0	0.0	0.0	0.0	0.0	0.0	0.0	1.622212962089897e-05	0.0	0.0	0.0	0.0	0.0	0.0	0.0	0.0	0.0	0.0	0.0	0.0	0.0	0.0	0.0	0.0	0.0	0.0	0.0	0.00010610968390483636	5.612388787008442e-06	0.0	1.8470773848462694e-05	0.0	0.0	0.0	0.0	0.0	0.0	0.0	0.0	0.0	0.0	0.0	0.0
29393	Dolosigranulum	0.0	2.4140761330638763e-05	6.616132660459846e-05	9.804018377949846e-05	0.00019091633256308467	0.0033510890577770473	0.0	0.0003256734276208225	1.1855002833033703e-06	3.310376521251887e-05	4.558959470850304e-05	1.8768352462834398e-05	0.0005167580625827792	1.049068987163095e-06	3.132094403562534e-05	0.000148227935036637	9.068542729916025e-05	0.0	2.6093309675399228e-05	7.010482733593409e-05	0.0002753851231115944	5.287851321064735e-06	0.0	0.0	0.0	3.352278453832772e-05	0.0	6.717936784822813e-05	0.0	0.0	6.836200510475593e-05	0.0	0.0003119804301450057	0.0	7.169177985607135e-05	4.4783304783976535e-05	5.706314290752969e-05	0.0	2.2907304399658013e-05	3.945460583204832e-05	0.00041134126634347	0.00015076651064617155	0.0	0.0	0.0001157635182848477	0.00010598293282252177	0.0	0.00023610391070525113	0.0	0.00012066635892068152	5.836825700710925e-05	0.0003778812483164659	0.00017781177950741654	0.0003384974551621734	9.662426191401363e-05	8.665845016176244e-05	0.000148873911399117	0.0	2.894665590227609e-05	0.0	7.927839584434845e-06	0.0	4.349481831731113e-06	3.485500318674315e-05
29404	Microlunatus	0.0	5.200609726657608e-05	7.451616989596413e-06	7.758575694780454e-06	0.0	0.0	0.0	0.0	6.863422692808986e-07	0.0	0.0	0.0	0.0	0.0	0.0	0.0	0.0	0.0	0.0	0.0	0.0	0.0	7.645974394481306e-05	0.0	0.0	1.709004701953962e-05	0.0	0.0	0.0	0.0	0.0	0.0	0.0	0.0	1.1059888903415966e-05	0.0	4.106175713672388e-05	0.0	0.0	0.0	0.0	0.0	0.0	0.0	0.0	0.0	0.0	0.0	0.0	0.0	0.0	0.0	1.7930599614193265e-05	5.670704790087957e-06	0.0	0.0	0.0	0.0	0.0	0.0	0.0	2.3827729845531325e-05	6.121492948362307e-06	0.0
29407	Rhodoplanes	0.0	0.0	2.7322595628520183e-05	7.053250631618594e-06	0.0	0.0	0.0	0.0	0.0	0.0	0.0	0.0	0.0	1.1042831443822052e-06	1.1985055115672961e-06	0.0	0.0	0.0	0.0	0.0	0.0	0.0	0.0	0.0	0.0	3.7247538375919685e-06	0.0	0.0	0.0	0.0	0.0	0.0	0.0	0.0	0.0	0.0	0.0	0.0	0.0	0.0	0.0	0.0	0.0	0.0	0.0	0.0	0.0	0.0	0.0	0.0	0.0	0.0	0.0	0.0	0.0	0.0	0.0	0.0	0.0	0.0	0.0	0.0	0.0	0.0
29465	Veillonella	0.009818540337497047	0.0009969444693515791	0.01058648967646208	0.004076073540012386	0.0012952685666133418	0.002235700855592622	0.010717526408601415	0.022775523650000573	0.00022524505382764037	0.0023814426783152973	0.021644387581394402	0.0003920026343942002	0.010044978349789277	6.34962808019768e-06	0.00022332152698870616	0.003760048618762692	0.0035969175087940466	0.0	0.0003827018752391887	0.0028907931742641053	0.002851821765221779	7.260303797969835e-05	0.004811300183786569	0.009990662931839402	0.0024870040016455367	0.019915382356936587	0.0084853411920126	0.005056539341499325	0.02218680390588326	0.0013641433087848986	0.001527537217513167	0.0062085657160896555	0.0038429882954864924	0.002180259971483105	0.0032778745737499066	0.020032132021182505	0.014297365181340149	0.006374831382446369	0.0002620022940710885	0.0066217980121454426	0.0034964007639194947	0.0026373318800114987	4.594186567364175e-05	0.002390475413085812	0.002144840741555373	0.005894221182455507	0.0002722763486557835	0.00121487329714739	0.00260247961577125	0.00883530304794804	0.020977551568355065	0.006537114711201755	0.0036189926887980075	0.005122827465753305	0.07263607820800044	0.0020364735788014174	0.0019767499072441625	0.025247359644246802	0.035734646711359834	0.0013145122148519657	0.008239464663484554	0.0015769624843224369	0.002616616051585499	0.0008539475780752071
29521	Brachyspira	0.0	0.0	0.0	0.0	0.0	0.0	0.0	0.0	0.0	0.0	0.0	0.0	0.0	0.0	0.0	0.0	0.0	0.0	0.0	0.0	0.0	0.0	0.0	0.0	0.0	0.0	0.0	0.0	0.0	0.0	0.0	0.0	0.0	0.0	0.0	0.0	0.0	0.0	6.0847527311591595e-06	0.0	0.0	0.0	0.0	0.0	0.0	0.0	0.0	0.0	0.0	0.0	0.0	0.0	0.0	0.0	0.0	0.0	0.0	0.0	0.0	0.0	0.0	0.0	0.0	0.0
29548	Rhodothermus	0.0	0.0	0.0	0.0	0.0	0.0	0.0	0.0	0.0	0.0	0.0	0.0	0.0	0.0	0.0	0.0	0.0	1.730365075569762e-05	0.0	0.0	0.0	0.0	0.0	0.0	0.0	0.0	0.0	0.0	0.0	0.0	0.0	0.0	0.0	0.0	0.0	0.0	0.0	0.0	0.0	0.0	0.0	0.0	0.0	0.0	0.0	0.0	0.0	0.0	0.0	0.0	0.0	0.0	0.0	0.0	0.0	0.0	0.0	0.0	0.0	0.0	0.0	0.0	0.0	0.0
29580	Janthinobacterium	0.0	0.0	0.0	0.0	0.0	0.0	0.0	0.0	0.0	9.249581456439096e-06	0.0	1.6209031672447888e-05	2.4236742748470756e-05	0.0	0.0	0.0	1.1183180496533214e-05	0.0	0.0	0.0	0.0	0.0	0.0	0.0	0.0	0.0	0.0	0.0	0.0	0.0	0.0	0.0	0.0	0.0	0.0	0.0	0.0	0.0	0.0	0.0	0.0	0.0	0.0	0.0	0.0	0.0	0.0	0.0	0.0	0.0	0.0	0.0	0.0	0.0	0.0	0.0	0.0	0.0	0.0	0.0	0.0	0.0	0.0	0.0
31983	Helcococcus	0.0	1.889876744170006e-05	3.47742126181166e-05	0.0	0.0	6.15556402971537e-06	0.0	2.304545922275705e-05	0.0	8.113667944244821e-07	0.0	0.0	1.3160222306861949e-06	0.0	8.789040418160172e-07	0.0	1.077651938756837e-05	0.0	0.0	0.0	4.082105587743133e-06	4.784246433344284e-06	0.0	0.0	0.0	4.162960171426318e-06	0.0	1.4287014881749874e-05	0.0	0.0	1.119722497405485e-05	0.0	1.6537188957737306e-05	0.0	9.67740279048897e-06	0.0	3.301873254293261e-06	0.0	2.2310760014250252e-05	0.0	0.0	8.836793088112927e-06	0.0	0.0	0.0	0.0	0.0	8.557205229264393e-05	0.0	1.1224777574016885e-05	0.0	9.235386924231347e-06	2.0919032883225474e-05	1.0032785397847923e-05	1.8448546427496637e-06	0.0	2.4706734232193887e-05	0.0	1.270828795709682e-05	0.0	6.098338141872958e-06	0.0	0.0	0.0
31988	Aminobacter	0.0	0.0	6.774197263269467e-06	0.0	0.0	0.0	0.0	0.0	0.0	0.0	0.0	0.0	0.0	0.0	0.0	0.0	0.0	0.0	0.0	0.0	0.0	0.0	0.0	0.0	0.0	0.0	0.0	0.0	0.0	0.0	0.0	0.0	0.0	0.0	0.0	0.0	0.0	0.0	0.0	0.0	0.0	0.0	0.0	0.0	0.0	0.0	0.0	0.0	0.0	0.0	0.0	0.0	0.0	0.0	0.0	0.0	0.0	0.0	0.0	0.0	0.0	0.0	0.0	0.0
32008	Burkholderia	0.00039926014650402925	4.717794500044833e-05	0.0004484518588284387	0.018372307245240114	0.0004361450700794607	0.0004188861322221309	0.0	0.0003835550461337937	4.1804483674382e-06	0.00019075233336919575	8.147927564923947e-05	1.7062138602576726e-05	0.0001539746009902848	6.090121541267862e-05	0.00012152845887292382	0.0005385614972997811	0.00036640165917732457	0.0	0.00015780239660836674	0.0001773239750261862	0.001686537623982182	2.5180244386022546e-06	0.0	0.0005835667600373483	0.0	7.230404508266762e-05	0.0	0.00028133260155445764	9.530501152278145e-05	0.0	0.0003801163214876515	0.0	0.00024932992582434705	0.00037720760752302853	0.0010449620033566762	0.00010356139231294574	0.00013580012050990744	0.0	2.386177541631043e-05	0.0001545305395088559	0.0	0.0006926963724784031	0.0027871398508675996	0.0007812773301304849	0.0004399013694824213	2.0411527802856045e-05	0.0	0.00015990106121837114	0.0004691164972634871	0.0009376197017295979	0.0	0.00014699657521068227	0.00017930599614193266	0.0001993470837746305	1.072321761098242e-05	0.0	1.4992975474237317e-05	0.0	0.0002181589432634954	0.0	2.4393352567491832e-05	4.3323145173693317e-05	1.772011116631194e-05	0.0
32067	Leptotrichia	0.0004237046452695821	0.0006302807915410772	0.0011737425791491563	0.0006354978819088353	0.001263997788003871	0.02171344433661948	0.0	0.0009236048386174725	7.72447026699775e-05	0.004861385285473727	0.0023240993387568785	8.744346033820572e-05	0.0005560193924649173	0.0	8.70914005072235e-05	0.0017095621840892135	0.0014981395254264859	0.0	6.212692779856959e-05	0.0009072389419944411	0.010930308723365438	2.6858927345090716e-06	4.530947789322255e-05	0.0	0.0007105725718987247	0.002371134472377664	0.0010670189522890097	0.0013476910740050651	0.0027222761270071084	0.0004055561188279428	0.0006070074591198156	0.004139043810726438	0.0015815277055159158	0.0006412529327891485	0.0008158643046430598	0.0008172953123075717	0.007406609689880444	0.0003698707628040555	4.939387511176259e-05	0.000667440415325484	0.0006170118995152049	0.00082218244262667	1.467587375685778e-05	0.0006879904847417704	0.0007814037484227221	0.0006296171268419441	0.0	0.0005365430140100813	0.0011616218027476824	0.0022368877059220525	0.0018210896186218086	0.004443760341709316	0.0015704216828764269	0.003550297406655837	0.0006699128421484716	0.0005055076259436142	0.0013364865038936334	0.0	0.008260034164114124	0.0	0.0025613020195866423	8.881244760607131e-05	0.00021924610270318684	0.0006846518483110261
32199	Buchnera	0.0	0.0	0.0	0.0	0.0	0.0	0.0	0.0	0.0	8.925034738669303e-07	0.0	0.0	0.0	0.0	0.0	0.0	0.0	2.6742005713350866e-05	1.4910462671656702e-05	0.0	0.0	0.0	0.0	0.0	0.0	0.0	0.0	0.0	0.0	0.0	0.0	0.0	0.0	0.0	0.0	0.0	0.0	0.0	0.0	0.0	0.0	1.8034271608393726e-06	0.0	0.0	0.0	0.0	0.0	0.0	0.0	0.0	0.0	0.0	0.0	0.0	0.0	0.0	0.0	0.0	0.0	0.0	0.0	0.0	0.0	0.0
32207	Rothia	0.012214101216521223	0.0007101522247435906	0.009258521206285822	0.0019142522214212864	0.0006352905549081956	0.001893143717338962	0.01016966563372083	0.006079892354481324	0.00022380997453732575	0.0028776746097853106	0.029538177405602863	0.00014246885733151565	0.005212215713151899	1.2036686273766037e-05	0.00016123894148952023	0.0021048366775202453	0.002371647587482971	4.247259730943961e-05	0.00036530633545558917	0.0021196400735688306	0.0017741458900575923	3.667922265563951e-05	0.005105811790092517	0.00207749766573296	0.002636598227308426	0.004382939751011161	0.006808597124129872	0.015155938967696299	0.007433790898776953	0.0034933129326315984	0.0014465046683588226	0.013469430706092812	0.003499841624613443	0.0017351549946059313	0.005733762404356648	0.0034874998600521725	0.0034215873256155855	0.0011096122884121666	0.00025066795074834105	0.005020598592128149	0.002321140002938152	0.002783229137323404	3.509448072292078e-05	0.0021922408666347937	0.0014927062552173975	0.003189693748577081	0.0007221242290435997	0.004371045415649067	0.008405003909304144	0.024021374782695323	0.02105343030246431	0.016332781775503135	0.008996678356421471	0.005121518841570977	0.04184061147707134	0.001213218302264674	0.0006814412937375187	0.013941078376876042	0.0030962331575471167	0.0031447176832227796	0.0009665865954868639	0.0016397810448242922	0.0013167653515766711	0.0008514579349904398
32257	Kingella	0.00022814865514515957	5.090251960574688e-05	0.0001221613573142927	8.111238226361383e-05	3.620826996886089e-05	0.0001298824010269943	0.0006505846701706929	0.0011440552004847765	8.111317727865166e-07	5.996000610796923e-05	0.00036374676629124766	4.2655346506441815e-06	4.617044659324067e-05	0.0	1.1345852176170403e-05	9.38776921898701e-05	8.173888290193367e-05	0.0	0.0	0.0	0.0014240268338780852	0.0	0.0	0.0	0.0006357754590672801	0.004573997712562937	0.0	0.00019621847034403283	5.779133677445258e-05	0.0	6.394204787815533e-05	0.0	0.0002302485539500348	0.0	0.00017300826213200688	0.00010636034886194426	0.0008408770554266837	0.00041338497019276796	8.113003641545546e-06	3.28788381933736e-05	0.0	0.00012064927706015404	0.0	0.0	4.5019145999663e-05	1.3345998948021259e-05	0.0	6.371057907919475e-05	0.0	0.00016767011501187722	0.0	0.0001862469696386655	0.00021516719537031917	0.0002499472188246461	5.672928026455216e-05	0.0	6.841864864299847e-05	0.0	0.00026687404709903323	0.0	4.695720369242178e-05	0.0001581294798839806	2.9479821303955323e-05	0.001319510834926705
33024	Phascolarctobacterium	0.0	0.003042149769283295	0.0001379678175952548	0.0	7.570820084398185e-05	0.0005173751566975768	0.00017120649215018234	0.0009763056949795914	8.298501983123593e-06	0.0008978584947101319	0.0	0.0	9.760498210922612e-06	9.938548299439846e-07	1.1665453645921681e-05	0.0005583252219713327	0.0011368211301112218	0.0	0.0	0.0	1.5072389862436182e-05	4.0288391017636075e-06	0.0	0.0	0.0	5.039372839095017e-06	0.0	1.337507776163818e-05	0.0	0.0	3.064503677109749e-05	0.0	1.1130800260015495e-05	0.0	7.801171637230904e-05	0.0	2.5399025033025084e-06	0.0007832557329968235	0.001650638314423274	0.0	0.0	3.6068543216787452e-06	0.0	0.0	9.646959857070642e-06	0.00010519787406087346	6.629337184662555e-05	0.0033779099182380903	0.0	1.8240263557777438e-05	0.0	0.0002809096856120368	8.36761315329019e-05	0.0002460213462776621	0.0005245152356167638	0.0009869434601756277	0.002086768783611453	0.0	0.00010625540764128174	0.0	2.8662189266802905e-05	0.0	0.0	0.0002863089547482473
33042	Coprococcus	0.0	0.009207010477090417	0.00020977430858591117	0.0	0.0007175820775646976	0.006288216434555736	0.0007190672670307658	0.0024049455198198095	2.71417170124719e-05	0.0030177165185029764	3.297970681040646e-05	0.0	5.06668558814185e-05	1.7668530310115283e-06	2.3171106556967723e-05	0.00974351626307494	0.010203737215591388	0.0	0.0	0.0	9.7342517861567e-05	5.8166364531712086e-05	0.0	0.0	0.0	1.884287235487702e-05	0.0	3.328570488407683e-05	5.779133677445258e-05	0.0	0.0003108703249375755	0.0	0.00025569038311578447	0.00026404532526611994	0.0013269891703937835	0.0	3.530464479590487e-05	0.02391105696009747	0.10906990855929043	0.0	0.0	6.672680495105679e-05	0.0	0.0	7.974820148511731e-05	0.0002865464480016329	0.0009233719650065702	0.007701484706337953	0.0	4.840685328794782e-05	0.0	0.0001562319621349136	0.00033619874276612374	0.00029880252163155775	0.0013025826811964344	0.0032400631643814512	0.0018933382831269265	0.0	0.00015955961546132674	0.0	0.00029454973225246387	0.0	2.094194956018684e-06	0.001082994741873805
33057	Thauera	0.0	0.0	0.0	0.0	0.0	0.0	0.0	1.6971462218309455e-05	0.0	0.0	0.0	0.0	0.0	0.0	0.0	0.0	0.0	0.0	0.0	0.0	0.0	0.0	0.0	0.0	0.0	0.0	0.0	0.0	0.0	0.0	0.0	0.0	0.0	0.0	0.0	0.0	0.0	0.0	0.0	0.0	0.0	0.0	0.0	0.0	0.0	0.0	0.0	0.0	0.0	5.261614487820414e-06	0.0	2.9245391926732596e-05	0.0	0.0	0.0	0.0	0.0	0.0	0.0	0.0	0.0	3.6824673397639325e-05	0.0	0.0
33170	Eremothecium	0.0	0.0	0.0	0.00023910519641187034	0.0	0.0	0.0	0.0	0.0	0.0	0.0	0.0	0.0	0.0	0.0	0.0	0.0	0.003223198218038584	0.0017271285928002345	0.0	0.0	0.0	0.0	0.0	0.0	0.0	0.0	0.0	0.0	0.0	0.0	0.0	0.0	0.0	0.0	0.0	0.0	0.0	0.0	0.0	0.0	0.0	0.00027501311257416104	0.0	0.0	0.0	0.0	0.0	0.0	0.0	0.0	0.0	0.0	0.0	0.0	0.0	0.0	0.0	0.0	0.0	0.0	0.0	0.0	0.0
33196	Botrytis	0.0	0.0	2.2580657544231557e-06	0.00016434073971671325	0.0002649787029539365	1.7851135686174572e-05	0.0	0.0	1.0607107797977525e-06	0.0	0.0	0.0	3.070718538267788e-06	0.0	1.837708451069854e-06	0.0	0.0	0.051986459106754083	0.0455353104606836	0.0	0.0	0.0	0.0	0.0	0.0	0.0	0.0	0.0	0.0	0.0	0.0	0.0	0.0	0.0	4.344956354913415e-06	0.0	0.0	0.0	0.0	0.0	0.0	0.0005596034480084574	0.00020482415112831946	0.0	0.0	0.0	0.0	0.0	0.0	6.313937385384498e-06	0.0	0.0	0.0	0.0	0.0	0.0	0.0	0.0	0.0	0.0	0.0	0.0	0.0	0.0
33877	Agromyces	0.0	0.0	0.0	4.5140804042359004e-05	0.0	0.0	0.0	0.0	0.0	0.0	0.0	0.0	0.0	0.0	0.0	0.0	0.0	0.0	0.0	0.0	0.0	0.0	0.0	0.0	0.0	9.487167127513661e-05	0.0	0.0	0.0	0.0	0.0	0.0	0.0	0.0	0.0	0.0	0.0006420873528348741	0.0	0.0	0.0	0.0	0.0	4.8494191544399625e-05	0.0	0.0	0.0	0.0	0.0	0.0	0.0	0.0	0.0	0.0	0.0	0.0	0.0	0.0	0.0	0.0	0.0	0.0	0.0	2.190850107834931e-05	0.0
33882	Microbacterium	0.002167412223879016	0.00032155494092410837	0.0011204522273447698	0.14576812015353516	0.0003028328033759274	0.00027977038515056356	0.0010786009005461488	0.00014291757657523753	2.820242779226965e-05	7.326642153653074e-05	0.0	4.1802239576312975e-05	0.0001559486343363141	5.631844036349246e-06	6.240218696893722e-05	0.0006126754648180996	0.0022191496716211546	0.0	0.00023732486419053583	0.0006226958192780028	0.0	2.383729801876801e-05	0.0005465455770869971	0.0	0.07331986985302368	0.4315594010595829	0.0	0.00030929867323788293	0.0003568868516597773	0.001806568165688109	0.00047087277654051717	0.00719071170507559	0.0014250604561465551	0.0031157348381402154	0.002949435372921679	0.00031348313348783573	0.0013017000329425355	0.00378573604281798	0.00012575155644395597	0.000868001328305063	0.002908770383428823	0.0002182146864615641	0.21231777988486458	0.00987674475553016	0.0001363436993132651	0.00041529608491195567	0.07860736566713625	0.004078726288109232	0.000999664916787669	0.00012873416780200615	0.00548661615866827	0.0002662869896486705	0.007920842379569875	0.00026739554125568597	0.00010054457802985666	0.00046699275920505316	6.313943192671772e-05	0.0009449694274596998	0.0002354563352050994	0.0	0.00010977008655371325	0.0016722734037045621	7.1363720424329e-05	0.0
33886	Rathayibacter	0.0	0.0	0.0	0.0	0.0	0.0	0.0	0.0	0.0	0.0	0.0	0.0	0.0	0.0	0.0	0.0076633842413941335	0.0	0.0	0.0	0.0	0.0	9.232756274874935e-06	0.0	0.0	0.0	6.222529940447759e-05	0.0	0.0	0.0	0.0	0.0	0.0	0.0	0.0	0.0	0.0	0.00024323799639960355	0.0	0.0	0.0	0.0	0.0	0.0	0.0	0.0	0.0	0.0	0.0	0.0	0.0	0.0	0.0	0.0	0.0	0.0	0.0	0.0	0.0	0.0	0.0	0.0	0.0	0.0	0.0
33981	Kineococcus	0.0	0.0	0.0	0.0	0.0	0.0	0.0	0.0	0.0	0.0	0.0	0.0	0.0	0.0	0.0	0.0004644475297814626	0.0	0.0	0.0	0.0	0.0	0.0	0.0	0.0	0.0	0.0	0.0	0.0	0.0	0.0	0.0	0.0011224525588410677	0.0	0.0	0.0	0.0	7.704370926684275e-06	0.0	0.0	0.0	0.0	0.0	0.0	0.0	0.0	0.0	0.0	0.0	0.0	0.0	0.0	0.0	0.0	0.0	0.0	0.0	0.0	0.0	0.0	0.0	0.0	0.0	0.0	0.0
33986	Exiguobacterium	0.0	0.0	1.625807343184672e-05	0.0	4.937491359390121e-05	0.0	0.0	1.554228645255708e-05	0.0	4.137970651564859e-06	0.0	0.0	8.444475980236417e-06	0.0	0.0	0.0007609033998547366	1.1183180496533214e-05	0.0	0.0	0.0	0.0	0.0	0.0	0.0	0.0	0.0	0.0	1.6262878641991878e-05	5.6777453673146395e-05	0.0	0.0	0.0	0.0	0.0	4.344956354913415e-06	0.0	0.0	0.0	0.0	0.0	0.0	0.0	0.0	0.0	1.9937050371279327e-05	0.0	0.0	2.6858381376523277e-05	0.0	6.664711684572525e-06	0.0005253143130639833	0.0	0.0	0.0	0.0	0.0	0.0	0.0	1.482633594994629e-05	0.0	0.0	0.0	0.0	0.0
34019	Liberibacter	0.0	0.0	7.451616989596413e-06	0.0	0.0	0.0	0.0	0.0	0.0	0.0	0.0	0.0	6.251105595759425e-06	0.0	0.0	0.0	0.0	0.0	0.0	0.0	0.0	0.0	0.0	0.0	0.0	0.0	0.0	0.0	0.0	0.0	0.0	0.0	0.0	0.0	0.0	0.0	0.0	0.0	0.0	0.0	0.0	0.0	0.0	0.0	0.0	0.0	0.0	0.0	0.0	0.0	0.0	0.0	0.0	0.0	0.0	0.0	0.0	0.0	0.0	0.0	0.0	0.0	0.0	0.0
34037	Rahnella	0.0	0.0	2.7096789053077867e-05	0.002242228375791551	0.0	5.3553407058523716e-05	0.0003424129843003647	1.2505287950333284e-05	4.1804483674382e-06	0.0004255618836756409	0.0	0.00026105072061942386	0.005126454931118848	0.0	1.4541866873683191e-05	0.0008597220232124946	0.0010172627640755577	0.0	0.00010934339292548247	0.0	0.0	0.0	0.0	0.0	0.0	0.0	0.0	9.575339761172788e-06	0.0	0.0	0.0	0.0	0.00011989461994359547	0.0	4.759702188791514e-05	0.0	4.317834255614264e-06	0.0	3.817884066609669e-06	0.0	0.0	8.746621730070958e-05	2.552325870757875e-05	0.0	1.0933221171346728e-05	0.0	0.0	0.0	0.0	0.0	0.0	4.155924115904106e-05	0.0	0.0	0.0	0.0	0.0	0.0	0.0	0.0	0.0	0.0	0.0	0.0
34069	Telluria	0.0	3.310732982487602e-06	0.0	0.00026520222374885915	0.0	0.0	0.0	5.716703063009501e-06	0.0	0.0	0.0	0.0	0.0	0.0	2.157309920821133e-06	0.0	0.0	0.0	0.0	0.0	0.0	0.0	0.0	0.0	0.0	1.6870943852622445e-05	0.0	0.0	0.0	0.0	6.482603932347545e-06	0.0	0.0	0.0	0.0	0.0	6.09576600792602e-06	0.0	1.551015402060178e-06	0.0	0.0	0.0	0.0	0.0	1.6721397085589116e-05	0.0	0.0	0.0	0.0	0.0	0.0	0.0	0.0	0.0	0.0	0.0	0.0	0.0	3.5653807879632745e-05	0.0	0.0	0.0	0.0	0.0
34072	Variovorax	0.0	4.828152266127753e-06	1.1290328772115777e-05	0.0	0.00030447863382905744	0.0	0.0	2.1437636486285628e-05	0.0	1.4604602299640678e-06	0.0	0.0	0.0	1.275447031761447e-05	5.273424250896102e-06	0.0003211605259127135	0.0	0.0	0.0	0.0	0.0	0.0	0.0	0.0	0.0	1.5118118517285048e-05	0.0	0.0	0.0	0.0	0.0	0.0	8.586617343440523e-06	0.0008675774973029656	9.479904774356541e-06	0.0	3.8098537549537624e-06	0.0	3.125892579536666e-05	0.0	0.0	1.118124839720411e-05	0.0	0.0	0.0	0.0	0.0	0.0	0.0	0.0	0.00017510477102132777	2.2318851733559088e-05	0.0	0.0	0.0	0.0	0.0	0.0	2.753462390704311e-05	0.0	0.00014087161107726533	0.0	0.0	0.0
34084	Riemerella	0.0	0.0	0.0	0.0	0.0	0.0	0.0	5.895350033728548e-06	0.0	4.4625173693346516e-06	0.0	0.0	0.0	0.0	0.0	0.0	0.0	0.0	0.0	0.0	2.4806641648592883e-05	0.0	0.0	0.0	0.0	6.792198174432413e-06	0.0	0.0	0.0	0.0	0.0	0.0	0.0	0.0	0.0	0.0	0.0	0.0	0.0	0.0	0.0	0.0	0.0	0.0	0.0	0.0	0.0	0.0	0.0	0.0	0.0	0.0	0.0	0.0	1.7872029351637366e-05	0.0	0.0	0.0	0.0	0.0	0.0	0.0	0.0	0.0
34098	Blattabacterium	0.0	0.0	0.0	0.0	0.0	0.0	0.0	0.0	0.0	1.135913512194275e-06	0.0	0.0	0.0	0.0	0.0	0.0	0.0	0.0	0.0	0.0	0.0	0.0	0.0	0.0	0.0	0.0	0.0	0.0	0.0	0.0	0.0	0.0	0.0	0.0	0.0	0.0	0.0	0.0	0.0	0.0	0.0	0.0	0.0	0.0	0.0	0.0	0.0	0.0	0.0	0.0	0.0	0.0	0.0	0.0	0.0	0.0	0.0	0.0	0.0	0.0	0.0	0.0	0.0	0.0
34102	Sphaerotilus	0.0	0.0	8.806456442250307e-06	0.0	0.0	3.7548940581263755e-05	0.0	0.0	0.0	1.2170501916367232e-06	0.0	0.0	0.0	0.0	5.593025720647381e-06	0.0	5.89658607999024e-06	0.0	0.0	0.0	0.0	0.0	0.0	0.0	0.0	0.0	0.0	0.0	0.0	0.0	0.0	0.0	0.0	0.0	2.3699761935891352e-06	0.0	4.233170838837514e-06	0.0	0.0	0.0	0.0	0.0	0.0	0.0	0.0	0.0	0.0	0.0	0.0	0.0	0.0	0.0	0.0	5.670704790087957e-06	1.0262003950295004e-05	0.0	0.0	0.0	0.0	0.0	0.0	0.0	2.7385626347936636e-06	0.0
34104	Streptobacillus	0.0	0.0	2.2580657544231557e-06	0.0	0.0	0.0	0.0	0.0	0.0	0.0	0.0	0.0	0.0	0.0	0.0	0.0	0.0	0.0	0.0	0.0	0.0	0.0	0.0	0.0	0.0	0.0	0.0	0.0	0.0	0.0	0.0	0.0	0.0	0.0	0.0	0.0	0.0	0.0	0.0	0.0	0.0	0.0	0.0	0.0	0.0	0.0	0.0	0.0	0.0	0.0	0.0	0.0	0.0	0.0	0.0	0.0	0.0	0.0	0.0	0.0	0.0	0.0	0.0	0.0
34448	Marasmius	0.0	0.0	0.0	1.4106501263237188e-05	0.009529358323622934	0.0009965858164109184	0.0009416357068260028	1.5184992511118987e-05	0.0	0.0	0.0	3.2418063344895776e-05	1.6121272325905885e-05	0.0	0.0	0.0	0.0	0.00018719403999345607	0.00011182847003742526	0.0	0.0	0.0	0.0	0.0	0.0	0.0	0.0	3.7693400964616686e-05	0.0	0.0	0.0	0.0	7.791560182010845e-05	0.0	1.8564813516448227e-05	0.0	0.0	0.0	0.0	0.0	0.0	0.0	2.3609014304510342e-05	0.0	0.0	0.0	0.0	0.0	0.0	0.0	0.0	0.0	0.0	0.0	0.0	0.0	0.0	0.0	0.0	0.0	0.0	0.0	0.0	0.0
35753	Dactylosporangium	0.0	0.0	0.0	0.0	0.0	0.0	0.0	0.0	0.0	0.0	0.0	0.0	0.0	0.0	1.5980073487563947e-06	0.0	0.0	4.7191774788266235e-05	4.4731388014970105e-05	0.0	0.0	0.0	0.0	0.0	0.0	0.0	0.0	0.0	0.0	0.0	0.0	0.0	0.0	0.0	0.0	0.0	1.4054127184940546e-05	0.0	0.0	0.0	0.0	0.0	0.0	0.0	0.0	0.0	0.001685745741242764	0.0	0.0	0.0	0.0	0.0	0.0	0.0	0.0	0.0	0.0	0.0	0.0	0.0	0.0	0.0	0.0	0.0
35812	Roseococcus	0.0	0.0	0.0	0.0	0.0	0.0	0.0	0.0	0.0	0.0	0.0	0.0	0.0	0.0	0.0	0.0	0.0	0.0	0.0	0.0	0.0	0.0	0.0	0.0	0.0	0.0	0.0	0.0	0.0	0.0	0.0	0.0	0.0	0.0	0.0	0.0	3.725190338177012e-06	0.0	0.0	0.0	0.0	0.0	0.0	0.0	0.0	0.0	0.0	0.0	0.0	0.0	0.0	0.0	0.0	0.0	0.0	0.0	0.0	0.0	0.0	0.0	0.0	0.0	0.0	0.0
35829	Acetivibrio	0.0	0.0	0.0	0.0	0.0	0.0	0.0	0.0	0.0	0.0	0.0	0.0	0.0	0.0	0.0	0.0	0.0	0.0	0.0	0.0	0.0	0.0	0.0	0.0	0.0	0.0	0.0	0.0	0.0	0.0	0.0	0.0	0.0	0.0	0.0	0.0	0.0	0.0	1.551015402060178e-06	0.0	0.0	0.0	0.0	0.0	0.0	0.0	0.0	0.0	0.0	0.0	0.0	0.0	0.0	0.0	0.0	0.0	0.0	0.0	0.0	0.0	0.0	0.0	0.0	0.0
36739	Dermabacter	0.0	0.0003750784574743246	0.0004306131393684958	0.00018902711692737832	0.001183352095800499	0.0016401500357176603	0.0014552551832765499	0.0007224483495878257	0.0	2.9209204599281356e-05	0.00010378907731510266	0.0	4.759613734315071e-05	0.00010474125624465216	0.00012280686475192893	0.0016453300789066707	0.00533661373294565	0.0	2.2365694007485053e-05	0.0	9.420243664022614e-05	0.00015469063467813185	0.0	0.0	0.007685403343430944	0.002247998492570212	0.0	7.538680192923337e-05	0.0	0.0	0.00010018569713628025	0.0	0.0001736404840562417	0.0	8.986159734025472e-05	0.003647040383345089	0.0006489450895937909	0.0	0.0014188211662538182	0.0	0.00082268253268694	7.033365927273553e-05	2.935174751371556e-05	0.0	0.0008688695177934959	0.0008345174636321529	0.0	0.0006508472882404012	0.00022338880822070814	0.0009541060937914353	0.0	8.234886674106284e-05	0.000340681392669672	0.0003415509115876054	0.0008358344565807694	0.007621129255892775	0.008931590009272416	0.0	0.0001528524634839701	0.00038424203203365153	0.00011098975418208784	0.0	2.4969247552530464e-05	0.0
36862	Ideonella	0.0	0.0	3.612905207077049e-06	0.0	0.0	0.0	0.0	0.0	0.0	0.0	0.0	1.364971088206138e-05	0.0	0.0	0.0	0.0	0.0	0.0	0.0	0.0	0.0	0.0	0.0	0.0	0.0	0.0	0.0	0.0	0.0	0.0	0.0	0.0	0.0	0.0	2.9624702419864194e-06	0.0	0.0	0.0	0.0	0.0	0.0	0.0	0.0	0.0	0.0	0.0	0.0	0.0	0.0	0.0	0.0	1.7701158271443415e-05	0.0	0.0	0.0	0.0	0.0	0.0	0.0	0.0	0.0	0.0	0.0	0.0
36913	Lodderomyces	0.0	0.0	0.0	0.0	0.0	0.0	0.0	0.0	0.0	0.0	0.0	0.0	3.9480666920585844e-06	0.0	0.0	0.0	0.0	0.0009579930282018046	0.0005367766561796412	0.0	0.0	0.0	0.0	0.0	0.0	0.0	0.0	0.0	0.0	0.0	0.0	0.0	0.0	0.0	0.0	0.0	0.0	0.0	0.0	0.0	0.0	0.0	0.0	0.0	0.0	0.0	0.0	0.0	0.0	0.0	0.0	0.0	0.0	0.0	0.0	0.0	0.0	0.0	0.0	0.0	0.0	0.0	0.0	0.0
37914	Dietzia	0.0002525931539107124	5.517888304146003e-06	2.438711014777008e-05	0.0	0.0	0.0	0.0	1.3398522803928519e-05	2.4333953183595494e-06	0.0	0.0	0.0	0.0	0.0	0.0	0.0002519874895622829	0.0	0.0	0.0	0.0	0.0	1.8633380845656684e-05	0.0	0.0	0.0	8.501202876386375e-05	0.0	3.723743240456084e-05	0.0	0.0	0.0	0.0	3.084821786347151e-05	0.0	5.332446435575555e-06	0.0	0.0	0.0	0.0	0.0002564549379083141	0.0	3.4265116055948083e-06	0.0	0.0	2.3795834314107586e-05	0.0	0.0	4.3098332906514096e-05	0.0	0.0	0.0	0.0	9.861829787806295e-05	1.4831074066383888e-05	0.0	0.0	0.0	0.0	0.0	0.0	0.0	0.0	0.0	0.00011701322498406629
38501	Blastococcus	0.0	0.0	1.6032266856404404e-05	0.00010015615896898403	0.0	0.0	0.0	0.0	2.6205795736179765e-06	0.0	0.0	0.0	0.0	0.0	0.0	0.0	0.0	0.0	0.0	0.0	0.0	0.0	0.0	0.0	0.0	2.4320451527806383e-05	0.0	0.0	0.0	0.0	0.0	0.0	0.0	0.0	0.0	0.0	0.0023875930165211346	0.0	0.0	0.0	0.0	0.0	0.0009398940019065874	0.0	0.0	0.0	0.0	0.0	0.0	0.0	0.0	0.0	0.0	2.399144334267982e-05	0.0	0.0	0.0	0.0	0.0	0.0	0.0	0.00012563712100371064	0.0	0.0
39643	Sorangium	0.0	0.0	0.0	0.0	0.0	0.0	0.0	0.0	0.0	0.0	0.0	0.0	0.0	1.656424716573308e-06	3.995018371890987e-06	0.0	0.0	0.0	1.8638078339570877e-05	0.0	0.0	0.0	0.0	0.0	0.0	0.0	0.0	0.0	0.0	0.0	0.0	0.0	0.0	0.0	0.0	0.0	2.201248836195507e-06	0.0	0.0	0.0	0.0	0.0	0.0	0.0	0.0	0.0	0.0	0.0	0.0	0.0	0.0	0.0	0.0	0.0	0.0	0.0	0.0	0.0	0.0	0.0	0.0	0.0	0.0	0.0
39845	Actinokineospora	0.0	0.0	0.0	0.0	0.0	0.0	0.0	0.0	0.0	0.0	0.0	0.0	0.0	0.0	0.0	0.0	0.0	0.0	0.0	0.0	0.0	0.0	0.0	0.0	0.0	0.0	0.0	0.0	0.0	0.0	0.0	0.0	0.0	0.0	0.0	0.0	2.5399025033025084e-06	0.0	0.0	0.0	0.0	0.0	0.0	0.0	0.0	0.0	0.0	0.0	0.0	0.0	0.0	0.0	0.0	0.0	0.0	0.0	0.0	0.0	0.0	0.0	0.0	0.0	0.0	0.0
39948	Dialister	0.0	1.958850347971831e-05	8.806456442250307e-06	0.0	0.0	4.031894439463567e-05	0.0	2.2330871339880865e-05	0.0	0.0	0.0	0.0	1.6998620479696684e-05	0.0	0.0	0.0	9.75986661515626e-06	0.0	0.0	0.0	0.0	0.0	0.0	0.0	0.0	0.0	0.0	8.815392161079709e-06	0.0	0.0	4.714621041707306e-06	0.0	1.2084868853731109e-05	0.0	6.912430564634978e-06	0.0	1.1090907597754287e-05	0.0	1.049918118317659e-05	0.0	0.0	2.0018041485317037e-05	0.0	0.0	0.0	0.0	0.0	5.246753571227803e-05	0.0	8.418583180512663e-06	7.00419084085311e-05	0.0	0.0	1.0468993458623921e-05	0.0	0.0	1.7738168166703306e-05	0.0	2.0827471929686453e-05	0.0	0.0	0.0	0.0	0.0
40323	Stenotrophomonas	0.001230373104532825	3.8901112544229326e-05	0.0001682258987045251	0.00019184841718002576	0.00023864541570385586	5.2014516051094876e-05	0.0013525312879864404	0.00011862158855744715	1.0232739287460671e-05	0.0001090476971706504	0.00010475906869187932	0.0003536128225384026	0.0002514699145802871	5.852700665225688e-06	3.6674268653959256e-05	0.0014279291075196031	0.0007112502795795124	0.0027025156362080467	0.0013568521031207597	0.000841257928031209	1.4758381740302095e-05	7.705154782122899e-05	0.001313974858903454	0.0015172735760971055	0.006937432215116496	0.0011884155773587552	0.0	0.0005812079245511863	0.003605368308244796	0.0010415418506263077	0.0011583234571844636	0.011785751867831212	0.0019510702741484301	0.0029422193386796224	0.008308544040675112	0.00034707061207581814	0.000850274694688903	0.0032853226578477873	0.003915836654693623	0.0002630307055469888	0.0033788746878213602	0.0004108207072392091	6.508430970432581e-05	0.014389495901209231	7.138750294232276e-05	0.0	0.0	0.0020331170088507735	0.0017200938232994527	6.278859955465695e-05	0.009449820809450988	0.0017901258321468426	0.0012730725726077217	0.00014612970035995888	6.687598079967531e-06	0.000852141426590664	0.0	0.0008004446914952752	0.00013661409553879082	0.0	3.232119215192668e-05	0.0002642711855595292	1.772011116631194e-05	0.0003784257488846399
40544	Sutterella	0.0	0.0	0.0	0.0	0.0	0.0	0.0	3.5729394143809384e-06	0.0	0.0	0.0	0.0	0.0	0.0	0.0	0.0	8.133222179296884e-06	0.0	0.0	0.0	0.0	0.0	0.0	0.0	0.0	0.0	0.0	0.0	0.0	0.0	0.0	0.0	0.0	0.0	0.0	0.0	0.0	0.0	0.0	0.0	0.0	0.0	0.0	0.0	0.0	0.0	0.0	2.748299489690754e-05	0.0	0.0	0.0	0.0	0.0	0.0	0.0	0.0	2.217271020837913e-05	0.0	7.413167974973145e-06	0.0	2.8662189266802905e-05	0.0	0.0	0.0
40566	Actinosynnema	0.0	0.0	0.0	0.0	0.0	0.0	0.0	0.0	0.0	0.0	0.0	0.0	0.0	0.0	0.0	0.0	0.0	0.0	0.0	0.0	0.0	0.0	0.0	0.0	0.0	0.0	0.0	0.0	0.0	0.0	0.0	0.0	0.0	0.0	0.0	0.0	6.603746508586522e-06	0.0	0.0	0.0	0.0	0.0	0.0	0.0	0.0	0.0	0.0	0.0	0.0	0.0	0.0	0.0	0.0	0.0	0.0	0.0	0.0	0.0	0.0	0.0	0.0	0.0	0.0	0.0
41201	Ewingella	0.0	0.0	7.903230140481044e-06	0.0	0.0	0.0	0.0	0.0	0.0	5.111610804874237e-06	0.0	0.0	4.529309843944987e-05	0.0	0.0	0.0	5.489924971025396e-06	0.0	0.0	0.0	0.0	0.0	0.0	0.0	0.0	0.0	0.0	0.0	0.0	0.0	0.0	0.0	0.0	0.0	2.1724781774567073e-06	0.0	0.0	0.0	0.0	0.0	0.0	0.0	0.0	0.0	0.0	0.0	0.0	0.0	0.0	4.1742141603375294e-05	0.0	0.0	0.0	0.0	0.0	0.0	0.0	0.0	0.0	0.0	1.2196676283745916e-05	0.0	0.0	0.0
41273	Tissierella	0.0	0.0	2.483872329865471e-06	0.0	0.0	0.0	0.0	0.0	0.0	0.0	0.0	0.0	0.0	0.0	0.0	0.0	0.0	0.0	0.0	0.0	0.0	0.0	0.0	0.0	0.0	0.0	0.0	0.0	0.0	0.0	0.0	0.0	0.0	0.0	0.0	0.0	0.0	0.0	0.0	0.0	0.0	0.0	0.0	0.0	0.0	0.0	0.0	0.0	0.0	0.0	0.0	0.0	0.0	0.0	0.0	0.0	0.0	0.0	0.0	0.0	0.0	0.0	0.0	0.0
41275	Brevundimonas	0.0	3.434885469330887e-05	7.54193961977334e-05	0.0028431653296054553	0.00023041626343820565	0.0	0.0	6.681396704892355e-05	1.7158556732022466e-05	0.0	0.0	0.0	1.0528177845489559e-05	0.0	7.191033069403776e-06	0.0005336205661318933	0.00010349525223155283	0.0	0.0	0.0003134098163253524	1.193230864109531e-05	1.2422253897104457e-05	0.0007759248089214362	0.001377217553688142	0.004095141927521598	9.443346494130226e-05	0.0	6.70273783282095e-05	0.003424897116212295	0.0014378807849354336	8.839914453201199e-05	0.009365463537830158	0.0002623688632717938	0.003545751510716468	2.4687252016553492e-05	0.00031348313348783573	0.0	0.003916278664984118	2.6367261835023024e-05	0.00034851568484976016	0.002438666079036286	8.674484643637383e-05	0.0014120742879967943	0.0	7.65325481994271e-05	9.734728644439036e-05	0.0038686917713352197	0.0006664626262500078	0.0003127443315089914	0.0	0.003227764612493142	0.0014561126717204755	0.0032648633464176903	0.00012606412956426305	0.0	0.000852141426590664	2.1328035533774212e-05	0.0	3.7771855872482215e-05	0.0	0.0	0.00021444956860978195	0.0	0.00026390216698534097
42255	Rubrobacter	0.0	7.5870964182007545e-06	2.75484022039625e-05	0.0	0.0	3.4163380364920304e-05	0.0	1.214799400889519e-05	0.0	3.2454671776979284e-06	2.133981028908653e-05	0.0	0.0	0.0	4.154819106766626e-06	0.0	1.1183180496533214e-05	0.0	0.0	0.0	0.0	8.393414795340849e-07	0.0	0.0	0.0	0.0	0.0	5.775601760707396e-06	0.0	0.0	5.009284856814012e-06	0.0	1.9399394738884146e-05	0.0	0.0	0.0001763342625869076	7.873697760237775e-06	0.0	0.0	0.0	0.0	0.0	0.0	0.0	3.665844745686844e-05	0.000339930443793718	0.0	1.1867656887300983e-05	0.0	5.96316308619647e-06	0.0	2.3858082887597645e-05	2.0919032883225474e-05	5.627083984010357e-05	1.4989443972341016e-05	0.0	4.624593843461933e-05	0.0	2.8593647903467844e-05	0.0	0.0	3.249235888026999e-05	3.7856601128030055e-05	0.0
43356	Kutzneria	0.0	0.0	0.0	0.0	0.0	0.0	0.0	0.0	0.0	0.0	0.0	0.0	0.0	0.0	0.0	0.0	0.0	0.0	0.0	0.0	0.0	0.0	0.0	0.0	0.0	0.0	0.0	0.0	0.0	0.0	0.0	0.0	0.0	0.0	0.0	0.0	2.6245659200792584e-06	0.0	0.0	0.0	0.0	0.0	0.0	0.0	0.0	0.0	0.0	0.0	0.0	0.0	0.0	0.0	0.0	0.0	0.0	0.0	0.0	0.0	0.0	0.0	0.0	0.0	0.0	0.0
43668	Brachybacterium	0.0	0.00011725512646310256	4.6967767692001636e-05	0.0	0.0	4.031894439463567e-05	0.0	0.0	1.2603739854067411e-05	0.0	4.461960333172638e-05	0.0	0.0	7.012197966827003e-06	6.791531232214678e-06	0.0001284642103650854	9.963197169638681e-06	0.0	0.0	0.0	0.0	0.0	0.0	0.0	0.0	8.588844143153246e-05	0.0	2.1582511842643425e-05	0.0006458435355320403	0.0	0.0	0.0	0.0	0.0	2.804471829080477e-05	0.0	7.484246043064725e-05	0.0	1.980527359553766e-05	0.0004011218259591579	0.0	0.0	0.0	0.0	2.6368356942659758e-05	0.0	0.12686894037147964	4.8719854589972456e-05	0.0007204289065117838	0.0	0.0	6.233886173856158e-05	0.0	0.00012039342477417509	0.0	0.0	0.0	0.0003668704836020011	0.0	0.0005258048859407863	1.3416343912120507e-05	0.00039207446382192457	3.0607464741811537e-06	0.0
43673	Jonesia	0.0	1.7933136988474511e-06	0.0	0.0	0.0	0.0	0.0	0.0	0.0	0.0	0.0	0.0	0.0	0.0	0.0	0.0	0.0	0.0	0.0	0.0	0.0	0.0	0.0	0.0	0.0	0.0	0.0	0.0	0.0	0.0	0.0	0.0	0.0	0.0	0.0	0.0	0.0	0.0	0.0	0.0	0.0	0.0	0.0	0.0	0.0	0.0	0.0	0.0	0.0	0.0	0.0	0.0	0.0	0.0	0.0	0.0	0.0	0.0	0.0	0.0	0.0	0.0	0.0	0.0
43947	Tolumonas	0.0	0.0	0.0	0.0	0.0	0.0	0.0	0.0	0.0	0.0	0.0	0.0	0.0	0.0	0.0	0.0	0.0	0.0	0.0	0.0	0.0	0.0	0.0	0.0	0.0	0.0	0.0	0.0	1.622212962089897e-05	0.0	0.0	0.0	0.0	0.0	0.0	0.0	0.0	0.0	0.0	0.0	0.0	0.0	0.0	0.0	0.0	0.0	0.0	0.0	0.0	0.0	0.0	0.0	0.0	0.0	0.0	0.0	0.0	0.0	0.0	0.0	0.0	0.0	0.0	0.0
44000	Caldicellulosiruptor	0.0	0.0	0.0	0.0	0.0	0.0	0.0	0.0	0.0	0.0	0.0	0.0	0.0	0.0	0.0	0.0	0.0	0.0	0.0	0.0	0.0	0.0	0.0	0.0	0.0	0.0	0.0	0.0	0.0	0.0	0.0	0.0	0.0	0.0	0.0	0.0	0.0	0.0	0.0	0.0	0.0	0.0	0.0	0.0	0.0	0.0	0.0	0.0	0.0	0.0	0.0	0.0	0.0	0.0	0.0	0.0	0.0	0.0	0.0	0.0	0.0	0.0	0.0	9.95857233906947e-05
44249	Paenibacillus	0.0	6.676644848016664e-05	1.5806460280962088e-05	0.0	0.0	0.0	0.0	0.0	0.0	8.68162470034196e-06	0.0	0.0	0.0	1.8220671882306387e-06	3.995018371890987e-06	0.0003557470440879288	2.8262947073056668e-05	0.0	8.573516036202603e-05	0.0	0.0	3.3573659181363398e-06	0.0	0.0	0.0	7.449507675183937e-06	0.0	0.0	0.0001966933216534	0.0	0.0	0.0	0.0	0.0	0.0	0.0	2.125051761096432e-05	0.0	0.0	0.0	0.0	3.029757630210146e-05	0.0	0.0	1.543513577131303e-05	0.0	0.0	0.0	0.0009494024349380096	1.2277100471580968e-05	0.0	0.0	0.0	1.6575906309487873e-05	0.0	0.0	0.0	0.0	1.8003407939220493e-05	0.0021133311761850834	4.1468699364736116e-05	0.0	2.7868902107017872e-05	0.0
44259	Filifactor	0.0	4.2763634357131525e-06	4.06451835796168e-06	0.0	0.0	1.231112805943074e-05	0.0	1.2683934921052331e-05	9.983160280449435e-07	6.896617752608098e-06	2.7159758549746493e-05	0.0	4.4964092881778325e-06	0.0	0.0	0.0	9.353205506191415e-06	0.0	0.0	0.0	0.0	0.0	0.0	0.0	0.0	1.8404666021042667e-05	0.0	1.975863760242004e-06	1.2166597215674227e-05	0.0	2.5046424284070063e-05	0.0033322810340594197	7.632548749724911e-06	0.0	0.0	0.0	3.2172098375165104e-06	0.000935555458857317	3.6985751895281167e-06	0.0	0.0	4.869253334266306e-06	0.0	0.0	7.717567885656515e-06	1.8056351517911114e-05	0.0	0.0	0.0	9.120131778888719e-06	0.0	0.0	2.3907466152257687e-05	6.979328972415947e-06	7.033508325483093e-06	0.0	1.4148300799632397e-05	0.0	1.976844793326172e-05	0.0	0.0	0.0	0.0	0.0
45402	Aquabacter	0.0	0.0	0.0	0.0	0.0	0.0	0.0	0.0	0.0	0.0	0.0	0.0	0.0	1.4355680876968667e-06	1.9176088185076735e-06	0.0	0.0	0.0	0.0	0.0	0.0	2.601958586555663e-06	0.0	0.0	0.0	0.0	0.0	0.0	0.0	0.0	0.0	0.0	0.0	0.0	0.0	0.0	0.0	0.0	0.0	0.0	0.0	0.0	0.0	0.0	0.0	0.0	0.0	0.0	0.0	0.0	0.0	0.0	0.0	0.0	0.0	0.0	0.0	0.0	0.0	0.0	0.0	0.00028376660088769124	0.0	0.0
45669	Salinicoccus	0.0	7.725043625804405e-06	0.0	0.0	0.0	0.0	0.0	0.0	0.0	0.0	0.0	0.0	0.0	0.0	0.0	0.0	0.0	0.0	0.0	0.0	0.0	0.0	0.0	0.0	0.0	0.0	0.0	0.0	0.0	0.0	0.0	0.0	5.406388697721811e-06	0.0	0.0	0.0	4.402497672391014e-06	0.0	0.0	0.0	0.0	0.0	0.0	0.00015159112375666127	5.080732191390539e-05	0.0	0.0	0.0	0.0	0.0	0.0	0.0	0.0	6.5431209116399506e-06	0.0	0.0	0.0	0.0	0.0	0.0	0.0	2.8160044362900656e-05	0.0	0.0
46123	Abiotrophia	0.0	1.3104984722346759e-05	7.383875016963719e-05	0.0004923168940869779	0.00045095754415763105	0.0011160037585873966	0.0002568097382252735	0.00032656666247441775	9.047239004157299e-06	0.0005518916935675327	6.498942224403626e-05	4.3508453436570644e-05	0.004651699911398803	6.0183431368830185e-06	0.00012536367650993916	0.0007707852621905124	0.0006962038185478131	0.0	0.00016153001227628094	0.0	0.0018221891327441075	0.0	0.0	0.0	0.00028048917311791766	0.0010394254238550763	0.0	0.0006299965604771619	3.5485908545716494e-05	0.00018434369037633765	0.0004104666944436423	0.0	0.0008545274371046181	0.0003093102381688834	0.0008051994117719087	0.001391081404852271	0.0006701109437879785	0.0	2.76796594829201e-05	3.945460583204832e-05	0.0006463934185397386	0.0005284041581259362	0.0	0.0	3.344279417117823e-05	4.631846693725025e-05	0.0	9.181818749648655e-05	0.0	0.00023677265195191867	0.00019261524812346054	0.0018878670104282911	0.00023608622825354466	0.00028397144756517383	2.0754614730933717e-05	0.0	5.1525155150900074e-05	0.005147304057809894	0.004036646466372282	0.0	9.757341026996733e-06	4.765545969106265e-05	1.240407781641836e-05	0.0
46205	Pseudobutyrivibrio	0.0	3.034838567280302e-06	0.0	0.0	0.0	0.0	0.0	0.0	0.0	1.0547768327518267e-06	0.0	0.0	0.0	0.0	0.0	0.0	3.8632805351660195e-06	0.0	0.0	0.0	0.0	0.0	0.0	0.0	0.0	0.0	0.0	0.0	0.0	0.0	0.0	0.0	0.0	0.0	0.0	0.0	0.0	0.0	3.8894693928586004e-05	0.0	0.0	0.0	0.0	0.0	0.0	0.0	0.0	0.0	0.0	0.0	0.0	0.0	0.0	0.0	1.4989443972341017e-06	0.0	3.167530029768447e-06	0.0	0.0	0.0	0.0	0.0	0.0	0.0
46254	Oenococcus	0.0	0.0	0.0	0.0	0.0	0.0	0.0	0.0	0.0	0.0	0.0	0.0	0.0	0.0	0.0	0.0	0.0	0.0	0.0	0.0	0.0	0.0	0.0	0.0	0.0	0.0	0.0	0.0	0.00010037442702931238	0.0	0.0	0.0	0.0	0.0	0.0	0.0	0.0	0.0	0.0	0.0	0.0	0.0	0.0	0.0	0.0	0.0	0.0	0.0	0.0	0.0	0.0	0.0	0.0	0.0	0.0	0.0	0.0	0.0	0.0	0.0	0.0	0.0	0.0	0.0
46255	Weissella	0.0	0.0	2.8451628505731762e-05	0.0	0.0	5.847785828229601e-06	0.0	0.0	0.0	2.1906903449461017e-06	0.0	0.0	0.00010089503768594161	0.0	0.0	0.0	1.9316402675830098e-05	0.0	0.0	0.0	0.0	3.944904953810199e-06	0.0	0.0	0.0	0.0	0.0	2.4318323202978508e-06	0.00018047119203250104	0.0	2.9466381510670663e-06	0.0	5.1837726925215014e-05	0.0	3.6932129016764026e-05	0.0	3.386536671070011e-06	0.0	0.0	0.0	0.0	2.3444553090911845e-06	0.0	0.0	0.0	0.0	0.0	0.0	0.0	7.366260282948581e-06	0.0	9.928040943548698e-05	0.0	7.415537033191944e-06	0.0	0.00045254968417809277	0.0	0.0	0.0	0.0	0.0	0.0	0.0	0.0
46352	Agrococcus	0.0	5.917935206196589e-05	1.670968658273135e-05	0.0	0.0	5.540007626743833e-06	0.0	0.0	1.4288398151393253e-05	1.6227335888489642e-06	0.0	0.0	4.825414845849381e-06	0.0	0.0	0.0	0.0	0.0	0.0	0.0	0.0	1.166684656552378e-05	0.0	0.0	0.0	3.0236237034570096e-05	0.0	0.0	0.0	0.0	0.0	0.0	6.678480156009296e-06	0.0	0.0	0.0	0.00024061343047952427	0.0	0.0	0.0	0.0	1.514878815105073e-05	0.0	0.0	0.0	0.0	0.0	9.056896045571803e-05	0.0	0.0	0.0	0.0	0.00010310094778161128	0.0	0.0	0.0	0.0	0.0	3.6712831876057477e-05	0.0	0.0	0.0	0.0	0.0
46913	Devosia	0.0	1.958850347971831e-05	1.919355891259682e-05	0.0	0.0	0.0	0.0	8.039113682357111e-06	0.0	0.0	0.0	0.0	5.922100038087877e-06	0.0	0.0	0.0	0.0	0.0	0.0	0.0	0.0	0.0	0.0	0.0	0.0	5.828144239996845e-05	0.0	0.0	0.0	0.0	0.0	0.0	0.0	0.0	0.0	0.0	0.0	0.0	0.0	0.0	0.0	0.0	0.0	0.0	8.617950805649774e-05	0.0	0.002040888804706829	4.372294642689836e-05	0.00039093041438623924	0.0	0.0	5.6951552699426635e-05	0.0	0.0	0.0	0.0	0.0	0.0	1.341430395471331e-05	0.0	0.0	0.0	0.0	0.0
47420	Hydrogenophaga	0.0	0.0	3.206453371280881e-05	0.0	0.0	0.0	0.0	0.0	0.0	0.0	0.0	0.0	4.386740768953983e-06	0.0	0.0	0.0	0.0	0.0	0.0	0.0	0.0	1.3429463672545358e-06	0.0	0.0	0.0	0.0	0.0	0.0	0.0	0.0	0.0	0.0	0.0	0.0	0.0	0.0	0.0	0.0	0.0	0.0	0.0	0.0	0.0	0.0	0.0	0.0	0.0	9.868893622071344e-05	0.0	0.0	0.0	0.0	6.425131528419253e-05	0.0	0.0	0.0	0.0	0.0	0.0	0.0	0.0	0.0	0.0	0.0
47670	Lautropia	0.002827413690548942	0.0008185787299200595	0.0007853552693883735	0.00127452238913348	0.001998038170099869	0.018133676075138508	0.0	0.0012035446417342191	6.988212196314604e-06	0.009874658434863718	0.0017333745902998923	9.256210191897874e-05	0.001692185251623999	6.0735572941021285e-06	0.0003063380087566009	0.0011265323062784412	0.004685752628047417	0.0	0.0006871238214521797	0.00018144778839888822	0.021791535659861378	3.1055634742761143e-06	0.00010761000999640356	0.0	0.0003365870077415012	0.0012401239247512084	0.0	0.0007839619442560196	0.0005941354973654248	0.0	0.0005150723488065232	0.0029815146094215863	0.015889694405468977	0.00023386871666427768	0.0021762306397632237	0.00015674156674391786	0.00036989446789762197	0.0	3.125892579536666e-05	0.00011178804985747024	0.0004994858234170707	0.0007017135082825999	3.8922969529057594e-05	0.00018657369077742925	0.0009396138900786806	0.00023159233468625126	0.000153895327501095	0.009266766188420915	0.0007930302691835139	0.0036189384447228813	0.0007704609924938421	0.033978527725401164	0.0061785857837240955	0.004584546718755725	0.00024305959918226818	0.00042366353412417193	0.0006106997897393566	0.18071150639244024	0.08249443924149877	0.0	0.01399080736508494	4.9821616949747315e-05	0.0002711177008445727	0.0002614125239005736
48558	Pyricularia	0.0	0.0	4.06451835796168e-06	0.0001474129382008286	0.00029624948156340726	6.155564029715369e-05	0.0	3.751586385099985e-05	0.0	0.0	0.0	0.0	0.0	0.0	0.0	0.0	0.0	0.003385223311478298	0.0029920328427791116	0.0	0.0	0.0	0.0	0.0	0.0	0.0	0.0	0.0	0.0	0.0	0.0	0.0	0.0	0.0	0.0	0.0	0.0	0.0	0.0	0.0	0.0	9.413889779581526e-05	0.00020035758085449319	0.0	0.0	0.0	0.0	0.0	0.0	0.0	0.0	0.0	0.0	0.0	0.0	0.0	0.0	0.0	0.0	0.0	0.0	0.0	0.0	0.0
48736	Ralstonia	0.060989024420054265	0.0010897829400688356	0.004333453989313478	2.6097027336988797e-05	0.0006303530635488055	0.0009054834687711309	0.0	2.3402753164195145e-05	5.1163696437303355e-06	0.00011367248789886994	0.001385147686037071	0.0	1.1515194518504205e-05	0.0	8.78904041816017e-06	0.0	2.4196335983408226e-05	0.0	0.0003913996451309884	0.0	0.00024838042460806293	0.0007829377321093944	5.6636847366528187e-05	0.13410364145658263	0.0	7.42759735849222e-05	0.0	8.481015217038755e-05	0.008497354272047142	0.0	9.046179123775893e-05	0.0	0.0002808141894169623	0.0	0.00020322545860026835	0.0	2.8277581203434593e-05	0.0	6.979569309270801e-05	0.047838709571358586	0.0010577346848832084	0.0011278633463889438	0.0	0.1373415581235351	0.007821755052112878	0.0001004875214909836	0.0	1.8113792091143605e-05	0.0002904054506869206	0.0004377663253866585	0.0	0.00016546734905914496	5.3791798842579794e-05	0.00012737275374659102	6.191793394728558e-05	0.0	1.5415312811539777e-05	0.0	8.366289571755407e-05	0.030557353179097232	0.00020246482631018222	0.01524108247210531	0.0009998975455390749	0.025135436583811344
50709	Acidocella	0.0	0.0	0.0	0.0	0.0	0.0	0.0	0.0	0.0	0.0	0.0	0.0	0.0	9.386406727248744e-07	1.0387047766916565e-06	0.0	0.0	0.0	0.0	0.0	0.0	0.0	0.0	0.0	0.0	0.0	0.0	0.0	0.0	0.0	0.0	0.0	0.0	0.0	0.0	0.0	0.0	0.0	0.0	0.0	0.0	0.0	0.0	0.0	0.0	0.0	0.0	0.0	0.0	0.0	0.0	0.0	0.0	0.0	0.0	0.0	0.0	0.0	0.0	0.0	0.0	0.0	0.0	0.0
51668	Tetragenococcus	0.0	2.6761758275108116e-05	6.706455290636772e-05	9.874550884266031e-05	0.008262068874712803	0.0033843291035375103	0.003304285298498519	0.0003340698352446177	6.426659430539323e-06	0.00020925149628207393	2.5219775796193173e-05	0.00018213832958250653	0.0011969222188090941	0.0	5.2174939936896286e-05	0.0	1.646977491307619e-05	0.0	0.007066316767809305	0.00013608584129916616	9.797053410583519e-05	0.0	0.0015037082975813234	0.0	0.0	7.361866408417067e-05	0.0007113459681926731	0.000484846568859384	0.00013586033557502888	0.00018434369037633765	0.001115891867809098	0.0026307481847837526	0.0031859530572810064	0.00041492836827533136	0.0009789976659684454	0.0012315408815593547	0.0015969213672430637	0.0	0.00017526474043280012	0.0	0.0	0.00017962134521960153	0.0	0.0	1.0933221171346728e-05	0.00546086874602564	0.0005492879381577546	0.002543426255004716	0.0014911202948732268	0.02868141134740827	0.01217561841168299	0.02241351444953246	0.0041778297101070306	0.009894507442581933	0.0	0.0003658912340163303	0.0001167762737641301	0.0007782101167315176	0.0029755044219546972	0.0	0.0	0.0	3.463476273415516e-05	0.0
53335	Pantoea	0.0	0.0003845968147989764	0.00018335493925916024	0.00019608036755899692	0.00014483307987544355	0.00010803014872150474	0.0016435823246417503	0.001184250768896562	3.806079856921347e-06	8.000076593025393e-05	0.00012415889622741254	5.033330887760134e-05	5.483425961192478e-05	0.0	2.6447021621918333e-05	0.0	3.741282202476566e-05	8.337213545927035e-05	8.076500613814047e-05	0.0013113726525192375	0.005105458057778123	3.944904953810199e-06	0.0	0.0	0.0	3.3960990872162065e-05	0.0	2.9789945923648674e-05	2.2305428228736082e-05	0.0	6.129007354219498e-05	0.0	0.0013016675846926691	0.0	3.8314615129691026e-05	0.0	2.8616234870541593e-05	0.0	3.937192943691221e-06	6.57576763867472e-05	0.0	6.889091754406404e-05	6.253198383356793e-05	0.000711312196088949	0.00044311702276811154	3.8467879320767156e-05	6.392575142353178e-05	0.002927563570041037	0.0005528873003462527	0.0029289653982200307	0.000233473028028437	0.0002909146881132874	0.00042884017410612225	0.0007350105824075544	1.7872029351637366e-05	0.0	4.075555304968736e-05	0.0	0.000723313389558094	0.0	3.293102596611398e-05	0.0	0.0003352322848826832	0.0
53355	Terrabacter	0.0	1.655366491243801e-06	0.0	0.0	0.0	0.0	0.0	0.0	0.0	0.0	0.0	0.0	0.0	0.0	0.0	0.0	0.0	0.0	0.0	0.0	0.0	0.0	0.0	0.0	0.0	0.0	0.0	0.0	0.0	0.0	0.0	0.0	0.0	0.0	0.0	0.0	3.640526921400262e-06	0.0	0.0	0.0	0.0	0.0	0.0	0.0	0.0	0.0	0.0	0.0	0.0	0.0	0.0	0.0	0.0	0.0	0.0	0.0	0.0	0.0	0.0	0.0	0.0	0.0	0.0	0.0
53357	Intrasporangium	0.0	0.0	0.0	0.0	0.0	0.0	0.0	0.0	0.0	0.0	0.0	0.0	0.0	0.0	0.0	0.0	0.0	0.0	0.0	0.0	0.0	0.0	0.0	0.0	0.0	0.0	0.0	0.0	0.0	0.0	0.0	0.0	0.0	0.0	0.0	0.0	4.402497672391014e-06	0.0	0.0	0.0	0.0	0.0	0.0	0.0	0.0	0.0	0.0	0.0	0.0	0.0	0.0	0.0	0.0	0.0	0.0	0.0	0.0	0.0	0.0	0.0	0.0	0.0	0.0	0.0
53365	Catellatospora	0.0	0.0	0.0	0.0	0.0	0.0	0.0	0.0	0.0	0.0	0.0	0.0	0.0	0.0	0.0	0.0	0.0	0.0	0.0	0.0	0.0	0.0	0.0	0.0	0.0	0.0	0.0	0.0	0.0	0.0	0.0	0.0	0.0	0.0	0.0	0.0	3.386536671070011e-06	0.0	0.0	0.0	0.0	0.0	0.0	0.0	0.0	0.0	0.0006463603755045991	0.0	0.0	0.0	0.0	0.0	0.0	0.0	0.0	0.0	0.0	0.0	0.0	0.0	0.0	0.0	0.0	0.0
53387	Friedmanniella	0.0	2.7589441520730016e-06	0.0	0.0	0.0	0.0	0.0	0.0	0.0	1.541596909406516e-06	0.0	0.0	0.0	0.0	0.0	0.0009733634400739163	0.0	0.0	0.0	0.0	0.0	0.0	0.0	0.0	0.0	5.9157855067637145e-06	0.0	0.0	0.0	0.0	0.0	0.0	1.1448823124587365e-05	0.0	0.0	0.0	7.450380676354024e-06	0.0	0.0	0.0	0.0	0.0	0.0	0.0	0.0	0.0	9.707243734684455e-05	0.0	0.0	0.0	0.0	0.0	0.0	1.2213825701727908e-05	0.0	0.0	0.0	0.0	0.0	0.0	0.0	0.0	0.0	0.0
53457	Janibacter	0.0003340748164625551	2.5658180614278915e-05	7.24839107169833e-05	0.0	0.0	1.3234462663888045e-05	0.0008731531099659299	1.5899580393995174e-05	2.99494808413483e-06	0.0	0.0	0.0	0.0	0.0	0.0	9.8818623357758e-05	0.0	0.0	0.0	0.0	0.0	4.952114729251101e-06	8.778711341811869e-05	0.0	0.0009910617450166425	2.7606999031564e-05	0.0	1.7326805282122187e-05	0.0	0.0	0.0	0.0	1.2402891718302979e-05	0.0	2.2712271855229214e-05	0.0	4.741151339498015e-05	0.0029154518950437317	5.488208345751399e-06	0.0	0.0	3.3363402475528395e-05	0.0	0.0	0.0	0.00011304846167735655	0.0015129094503569189	0.0019975140381888706	0.00026806656986484977	2.3151103746409825e-05	0.0	3.463270096586755e-05	0.001870759226414164	5.845188014398355e-05	2.5366751337807875e-06	0.0	8.235578077397964e-06	0.0	0.0	0.0	0.0	0.00016246179440134996	0.0	0.00010207536647546208
53460	Nakamurella	0.0	0.0	0.0	0.0	0.0	0.0	0.0	0.0	0.0	0.0	0.0	0.0	0.0	0.0	0.0	0.0	0.0	0.0	0.0	0.0	0.0	0.0	0.0	0.0	0.0	0.0	0.0	0.0	0.0	0.0	0.0	0.0	0.0	0.0	0.0	0.0	5.757112340819019e-06	0.0	0.0	0.0	0.0	0.0	0.0	0.0	0.0	0.0	0.0	0.0	0.0	0.0	0.0	0.0	0.0	0.0	0.0	0.0	0.0	0.0	0.0	0.0	0.0	0.0	0.0	0.0
54298	Chroococcidiopsis	0.0	0.0	4.335486248492459e-05	0.0	0.0	0.0	0.0	1.0004230360266626e-05	0.0	0.0	0.0	0.0	0.0	0.0	0.0	0.0	0.0	0.0	0.0	0.0	0.0	0.0	0.0	0.0	0.0	0.0	0.0	0.0	0.0	0.0	0.0	0.0	0.0	0.0	0.0	0.0	5.850242099273444e-05	0.0	0.0	0.0	0.0	0.0	0.0	0.0	0.0	0.0	0.0	0.0005178046083985534	0.0	0.0	0.0	0.0	9.413564797451464e-05	6.237775269096753e-05	9.108969798576465e-06	0.0	0.0	0.0	0.0	0.0	0.0	0.0	0.0	0.003276370299553856
55080	Brevibacillus	0.0	0.0	0.0	0.0	0.0	0.0	0.0	5.895350033728548e-05	0.0	0.0	0.0	0.0	0.0	0.0	0.0	0.0	0.0	3.618036067100411e-05	0.0	0.0	0.0	0.0	0.0	0.0	0.0	0.0	0.0	0.0	0.0	0.0	0.0	0.0	0.0	0.0	0.0	0.0	0.0	0.0	0.0	0.0	0.0	0.0	0.0	0.0	0.0	0.0	0.0	0.0	0.0	0.0	0.0	0.0	0.00014493901354806224	3.751389322673572e-05	0.0	0.0	1.4781806805586086e-05	0.0	0.0	0.0	0.0	0.0	0.0	0.0
55193	Malassezia	0.01257262053174933	0.0029660029106860805	0.009615747208635566	0.008655043850059177	0.3349808096169165	0.049642777230445544	0.04894793610573713	0.006251036152430171	0.00010750615727008985	0.003593786942544359	0.015299673985898266	0.0018337533463119334	0.0015169349579042873	6.40484223741679e-05	0.003082795876853399	0.00531644193664738	0.002728492710599622	0.0022148672967292954	0.018501399098414025	0.0038887560104579905	0.0024313648896842365	0.00019548263058348836	0.001112914050752279	0.013445378151260505	0.007648004787015221	0.00534304982844222	0.020730653930186475	0.02768093934387036	0.0041832816759893214	0.006295337026351931	0.013817375617983687	0.015574029253919815	0.01883776636005022	0.015246731496080813	0.015171205105244718	0.007364054680415141	0.009222301326074631	0.009486097210739307	0.0011167310894833282	0.0059083272233492355	0.025914499779638608	0.026057538704252012	0.001038796629398455	0.06483435754515667	0.012823382172675436	0.0035256988985625575	0.0025807062611722087	0.006058751147727344	0.003657991734614096	0.0026914911976697363	0.005842662526411637	0.009370839265786739	0.023669885707369626	0.034187370555257966	0.00029056460623307203	0.003293021106146973	0.0009922815739921288	0.005892162312395775	0.012588265237502016	0.0024267917812651673	0.0017258296941500472	0.0027965090209619036	0.0016217123555569302	0.00339587316762269
55968	Leucobacter	0.0	7.5870964182007545e-06	7.225810414154098e-06	0.0	0.0	0.0	0.0	3.930233355819032e-06	0.0	0.0	0.0	0.0	0.0	0.0	0.0	0.0	0.0	0.0	1.6153001227628092e-05	0.0	0.0	0.0	0.0	0.0	0.0	2.3005832526303336e-05	0.0	0.0	0.0	0.0	0.0	0.0	0.0	0.0	0.0	0.0	0.00013453016925825617	0.0	0.0	0.00014466688805084383	0.001704128103422947	0.0	0.0	0.0	0.0	0.0	0.002557030056941271	2.0612246172680654e-05	0.0	0.0	0.0	0.0	5.0803365573547584e-05	0.0	0.0	0.0	0.0	0.0	0.0	0.0	0.0	0.0	0.0	0.0
56106	Cylindrospermum	0.0	0.0	3.3870986316347334e-05	0.0	0.0	0.0	0.0	0.0	0.0	0.0	0.0	0.0	0.0	0.0	0.0	0.0	0.0	0.0	0.0	0.0	0.0	0.0	0.0	0.0	0.0	0.0	0.0	0.0	0.0	0.0	0.0	0.0	0.0	0.0	0.0	0.0	0.0	0.0	0.0	0.0	0.0	0.0	0.0	0.0	0.0	0.0	0.0	0.00018738405611527868	0.0	0.0	0.0	0.0	0.0	0.0	0.0	0.0	0.0	0.0	0.0	0.0	0.0	0.0	0.0	0.00021410930528999362
56433	Couchioplanes	0.0	1.2829090307139457e-05	0.0	0.0	0.0	0.0	0.0	0.0	0.0	0.0	0.0	0.0	0.0	0.0	0.0	0.0	0.0	0.0	0.0	0.0	0.0	0.0	0.0	0.0	0.0	0.0	0.0	0.0	0.0	0.0	0.0	0.0	0.0	0.0	0.0	0.0	1.1937541765521789e-05	0.0	0.0	0.0	0.0	0.0	0.0	0.0	0.0	0.0	0.007810779775786346	0.0	0.0	0.0	0.0	0.0	0.0	0.0	0.0	0.0	0.0	0.0	0.0	0.0	0.0	0.0	0.0	0.0
57493	Kocuria	0.002110375060092726	0.00019671271804280502	0.00023551625818633514	8.675498276890871e-05	0.0015009973732545967	0.005603717714451387	0.000804670513105857	0.0017510976069880979	0.00011056350010597748	0.00018198957198941134	0.00013288881861840248	0.000476460220476955	6.952984118792062e-05	2.3189946032026308e-06	0.00020981836489171462	0.001936845017812057	0.00048413005022264694	0.0	7.827992902619769e-05	0.00013196202792646415	8.352616048766717e-05	2.3501561426954376e-05	0.08353651802326076	0.000676937441643324	0.0011780545270952542	0.0010806168192355051	0.0017783649204816828	0.0020669054827331546	0.0006661211975581639	0.0	0.00035772187153954184	0.004103967168262654	0.001240289171830298	0.00026404532526611994	9.855151005008154e-05	5.318017443097213e-05	0.0005535294188863933	0.007484443670858536	2.3145922153821117e-05	0.0011770624073227749	0.0014690759512266784	0.00014391348743498193	0.0	0.004909220238581107	0.0006174054308525211	0.012969955801191719	0.00045221550081091	0.0029744095840698566	0.0024070144085781304	0.005737264437519381	0.0037238947970535704	0.0052610920845037904	0.005138611006100887	0.005312141764130088	1.7295512275778095e-05	0.00012035895855800339	5.9127227222344345e-05	0.0004669260700389105	0.002372919767989023	0.0019009868953243812	0.00034333643738744757	0.00011697249196897197	0.0001857389834068879	0.0005701282664117272
57495	Dermacoccus	0.0	0.0002694108964499286	4.9225833446424794e-05	0.0	3.456243951573085e-05	2.5853368924804553e-05	0.0	2.1437636486285628e-05	0.0	3.6511505749101695e-06	2.133981028908653e-05	0.0	0.0	0.0	1.2784058790051158e-06	0.0	7.319899961367195e-06	0.0	0.0	0.0	0.0	0.0	0.00023504291657109198	0.0	0.0005796776244436965	1.5118118517285048e-05	0.0	0.0002658296705125588	1.4194363418286599e-05	0.0	5.745944394580779e-05	0.0	0.0002668211833758	0.0	6.201437706558238e-05	0.0	7.84829873520475e-05	0.002306252991601758	2.9111366007898725e-05	0.0	0.0004994858234170707	0.0004165916741538951	0.0	0.0	5.595236717100973e-05	3.5327644274173924e-05	9.944005776993833e-05	8.307359821110688e-05	0.0	0.0	8.171555980995295e-05	7.69615577019279e-06	7.919348162935359e-05	3.96949335306157e-05	2.0754614730933716e-06	0.0	0.0	0.0	3.9889903865331685e-05	0.0	9.757341026996733e-06	5.415393146711665e-05	0.0	0.0
57499	Kytococcus	0.0009125946205806383	0.00014029231013291214	0.00015874202253594785	0.0	0.0	1.415779726834535e-05	0.0	8.575054594514251e-06	0.0	1.2981868710791714e-06	0.0	0.0	0.0	0.0	1.2784058790051158e-06	0.0	0.0	0.0	0.0	0.0	0.0	2.1822878467886207e-06	3.1150266051590506e-05	0.0	0.0	1.0955158345858731e-05	0.0	5.62361224068878e-06	4.359697335616598e-05	0.0	1.0018569713628024e-05	0.0	4.706738395663695e-05	0.0	2.567474209721563e-06	0.0	6.222761133091146e-05	0.0	0.0	3.945460583204832e-05	0.0	1.388638913846317e-05	0.0	0.0006530079177210023	1.0290090514208685e-05	7.850587616483093e-06	0.0	3.685219770267147e-05	0.0	0.0	0.0001167365140142185	0.0	2.5401682786773792e-05	3.707768516595972e-05	0.0	0.0	0.0	0.0	9.531215967822614e-06	0.0	0.0	0.0	0.0	0.0
57739	Vogesella	0.0	0.0	0.0	0.0	0.0	0.0	0.0	0.0	0.0	0.0	0.0	0.0	0.0	0.0	0.0	0.0	0.0	0.0	0.0	0.0	0.0	0.0	0.0	0.0	0.0	0.0	0.0	0.0	0.0	0.0	0.0	0.0	0.0	0.0	0.0	0.0	1.6932683355350055e-06	0.0	0.0	0.0	0.0	0.0	0.0	0.0	0.0	0.0	0.0	0.0	0.0	0.0	0.0	0.0	0.0	0.0	0.0	0.0	0.0	0.0	0.0	0.0	0.0	0.0	0.0	0.0
58122	Spirillospora	0.0	0.0	0.0	0.0	0.0	0.0	0.0	0.0	0.0	0.0	0.0	0.0	0.0	0.0	0.0	0.0	0.0	2.2022828234524245e-05	1.8638078339570877e-05	0.0	0.0	0.0	0.0	0.0	0.0	0.0	0.0	0.0	0.0	0.0	0.0	0.0	0.0	0.0	0.0	0.0	2.370575669749008e-06	0.0	0.0	0.0	0.0	0.0	0.0	0.0	0.0	0.0	0.0	0.0	0.0	0.0	0.0	0.0	0.0	0.0	0.0	0.0	0.0	0.0	0.0	0.0	0.0	0.0	0.0	0.0
59195	Rickettsiella	0.0	0.0	0.0	0.0	0.0	0.0	0.0	0.0	0.0	0.0	0.0	0.0	0.0	0.0	0.0	0.0	0.0	5.191095226709286e-05	3.3548541011227575e-05	0.0	0.0	0.0	0.0	0.0	0.0	0.0	0.0	0.0	0.0	0.0	0.0	0.0	0.0	0.0	0.0	0.0	0.0	0.0	0.0	0.0	0.0	0.0	0.0	0.0	0.0	0.0	0.0	0.0	0.0	0.0	0.0	0.0	0.0	0.0	0.0	0.0	0.0	0.0	0.0	0.0	0.0	0.0	0.0	0.0
59282	Blastochloris	0.0	0.0	0.0	0.0	0.0	0.0	0.0	0.0	0.0	0.0	0.0	0.0	0.0	1.3251397732586462e-06	1.6779077161942144e-06	0.0	0.0	0.0	0.0	0.0	0.0	0.0	0.0	0.0	0.0	0.0	0.0	0.0	0.0	0.0	0.0	0.0	0.0	0.0	0.0	0.0	0.0	0.0	0.0	0.0	0.0	0.0	0.0	0.0	0.0	0.0	0.0	0.0	0.0	0.0	0.0	0.0	0.0	0.0	0.0	0.0	0.0	0.0	0.0	0.0	0.0	0.0	0.0	0.0
59613	Skermania	0.0	0.0	0.0	0.0	0.0	3.6933384178292217e-06	0.0	0.0	0.0	0.0	0.0	0.0	0.0	0.0	9.588044092538368e-07	0.0	0.0	0.0	0.0	0.0	0.0	0.0	0.0	0.0	0.0	0.0	0.0	3.4957589604281606e-06	0.0	0.0	0.0	0.0	0.0	0.0	0.0	0.0	0.0	0.0	0.0	0.0	0.0	0.0	0.0	0.0	0.0	2.198164532615266e-05	0.0	0.0	0.0	0.0	0.0	0.0	0.0	1.3522449884055897e-05	0.0	0.0	0.0	0.0	1.0237231965439104e-05	0.0	0.0	0.0	0.0	0.0
59732	Chryseobacterium	0.0	1.1311671023499307e-05	3.545163234444354e-05	0.0	0.0	3.662560597680645e-05	0.0	0.00012791123103483759	2.8701585806292122e-06	5.8580682557447606e-05	0.0	6.867510787537132e-05	0.0	0.0	5.912627190398661e-06	0.0009832453024096921	1.890974156686525e-05	0.0	0.0	0.0002680478692256303	0.00019908114943301123	0.0	7.645974394481306e-05	0.0	0.0031975765735442613	0.00010977068662550449	0.0022356587571769728	7.66027180893823e-05	0.0	0.000626768547279548	8.780981690179857e-05	0.003893507313479954	9.73149965589926e-05	0.0010033722360112559	0.000179525696664377	0.00010636034886194426	2.531436161624833e-05	0.010856794743483748	1.5152227389357123e-05	0.0	0.0018510356985456148	0.00014788102718882857	0.0	0.0003848082372284478	1.9293919714141284e-05	0.00027555562533855657	7.102861269281308e-05	0.0013710266772434556	0.0	0.00013785429958089487	0.0004786197074582959	0.00013622195713241237	0.0013283585880848178	4.2312181895271676e-05	5.799761783144255e-05	0.0004862501925743337	3.8221529025872593e-05	0.001056142301278488	6.530647977952533e-05	0.0	6.769155337478984e-05	0.00013863406455581862	2.416378795406174e-05	0.0
59734	Empedobacter	0.0	0.0	0.0	0.0	0.00025839538114141636	8.00223323862998e-06	0.0	8.932348535952346e-06	1.996632056089887e-06	2.352963703830998e-06	0.0	0.00010493215240584686	1.2611879710742701e-05	0.0	0.0	5.43502428467669e-05	0.0	0.0	0.0	0.0	0.0	1.3765200264358993e-05	0.0	0.0	0.0	1.2488880514278953e-05	0.0	0.0	0.0	0.0	0.0	0.0	5.406388697721811e-06	0.0	2.567474209721563e-06	0.0	2.5399025033025084e-06	0.0	2.0282509103863865e-06	7.233344402542191e-05	0.0	5.410281482518118e-06	0.0	0.00015159112375666127	0.0	0.0	0.0	8.744589285379672e-06	0.0	0.0	0.0	0.0	0.0	0.0	0.0	0.0	0.0	0.0	0.0	0.0	0.0	0.0	0.0	4.730321861057999e-05
59735	Bergeyella	0.0	0.0	0.0	0.0	0.0	5.232229425258065e-06	0.0	2.1616283457004675e-05	0.0	2.8397837804856875e-05	0.0	0.0	3.290055576715487e-06	0.0	0.0	0.0	6.7099082979199284e-06	0.0	0.0	0.0	8.446818485406943e-05	0.0	0.0	0.0	0.0	3.615202254133381e-05	0.0	2.5838218403164665e-06	0.0	0.0	0.0	0.0	0.0	0.0	0.0	0.0	4.656487922721265e-06	0.0	0.0	0.0	0.0	0.0	0.0	0.0	0.0	0.0	0.0	0.0	0.0	0.0	0.0	0.0	0.0	1.6139698248711877e-05	2.9748281114338327e-05	0.0	0.0	0.0	4.94211198331543e-06	0.0	1.0977008655371325e-05	0.0	0.0	0.0
60136	Sulfitobacter	0.0	0.0	0.0	0.0	0.0	0.0	0.0	0.0	0.0	0.0	0.0	0.0	0.0	0.0	0.0	0.0	0.0	0.0005458515283842794	0.0	0.0	0.0	0.0	0.0	0.0	0.0	0.0	0.0	0.0	0.0	0.0	0.0	0.0	0.0	0.0	0.0	0.0	0.0	0.0	0.0	0.0	0.0	0.0	0.0	0.0	0.0	0.0	0.0	0.0	0.0	0.0	0.0	0.0	0.0	0.0	0.0	0.0	0.0	0.0	0.0	0.0	0.0	0.0	0.0	0.0
60919	Sanguibacter	0.0	0.0	0.0	0.0	0.0	0.0	0.0006848259686007294	0.0	0.0	0.0	0.0	0.0	0.0	0.0	0.0	0.0	0.0	0.0	0.0	0.0	0.0	0.0	0.0	0.0	0.0	6.573095007515238e-06	0.0	0.0	0.0	0.0	0.0	0.0	0.0	0.0	0.0	0.0	7.789034343461026e-06	0.0	0.0	0.0	0.0	0.0	0.0	0.0	0.0	0.0	8.996957607756325e-05	0.0	0.0001284485647269072	3.5077429918802765e-06	0.0	0.0	0.0	0.0	0.0	0.0	0.0	0.0	0.0004363178865269908	0.0	0.0	0.0	0.0	0.0
63265	Sporisorium	0.0	0.0	4.5161315088463115e-06	2.1159751894855783e-05	0.02126906694579951	0.002234469742786679	0.0013011693403413857	3.358563049518082e-05	0.0	1.0547768327518267e-06	0.0	4.692088115708599e-05	2.52237594214854e-06	0.0	1.9176088185076735e-06	0.0	0.0	0.003699835143400073	0.002872749141405858	0.0	0.0	2.434090290648846e-05	0.0	0.0	0.0	0.0	0.0	3.1005862083797596e-05	0.0	0.0	3.5359657812804793e-06	0.0	7.123712166409916e-05	0.0	1.7972319468050945e-05	0.0	4.148507422060764e-06	0.0	0.0	0.0	0.0	1.7493243460141915e-05	9.762646455648871e-05	0.0	0.0	0.0	0.0	0.0	0.0	0.0	0.0	0.0	0.0	1.6139698248711877e-05	0.0	0.0	0.0	0.0	5.436323181646973e-05	0.0	0.0	0.0	0.0	0.0
63743	Natronomonas	0.0	0.0	0.0	0.0	0.0	0.0	0.0	0.0	0.0	0.0	0.0	0.0	0.0	0.0	0.0	0.0	0.0	0.0	1.9880616895542268e-05	0.0	0.0	0.0	0.0	0.0	0.0	0.0	0.0	0.0	0.0	0.0	0.0	0.0	0.0	0.0	0.0	0.0	0.0	0.0	0.0	0.0	0.0	0.0	0.0	0.0	0.0	0.0	0.0	0.0	0.0	0.0	0.0	0.0	0.0	0.0	0.0	0.0	0.0	0.0	0.0	0.0	0.0	0.0	0.0	0.0
65496	Actinoalloteichus	0.0	0.0	7.203229756609866e-05	1.8338451642208346e-05	0.0	8.31001144011575e-06	0.0	0.0	0.0	9.492991494766441e-06	0.0	3.9242918785926465e-05	0.00019871935683361542	0.0	0.0	0.0	0.0	0.0	0.0	0.0	0.0	0.0	0.0	0.0	0.0	4.601166505260667e-06	0.0	5.62361224068878e-06	5.6777453673146395e-05	0.0	0.0	0.0	4.325110958177449e-05	0.0	5.332446435575555e-05	0.0	2.709229336856009e-06	0.0	0.0	0.0	0.0	2.3444553090911845e-06	0.0	0.0	0.0	0.0	0.0	0.0	0.0	5.4370016374144285e-05	0.0	6.310847731558087e-05	0.0	0.0	0.0	0.0	0.0	0.0	0.0	0.0	0.0	0.0	5.960401028668563e-06	0.0
65551	Meiothermus	0.0	0.0	0.0	0.0	0.0	0.0	0.0	0.0	0.0	0.0	0.0	5.971748510901854e-06	0.0	0.0	0.0	0.0	0.0	0.0	0.0	0.0	0.0	0.0	0.0	0.0	0.0	0.0	0.0	0.0	0.0	0.0	0.0	0.0	0.0	0.0	0.0	0.0	0.0	0.0	0.0	0.0	0.0	0.0	0.0	0.0	0.0	0.0	0.0	0.0	0.0	0.0	0.0	0.0	0.0	0.0	0.0	0.0	0.0	0.0	0.0	0.0	0.0	0.0	0.0	0.0
66831	Facklamia	0.00010592616131739552	5.504093583385638e-05	0.00021135495461400736	0.0	0.00017281219757865423	1.3234462663888045e-05	0.0	3.126321987583321e-05	1.1231055315505614e-06	2.5963737421583427e-06	0.0002036981891230987	6.398301975966272e-06	3.070718538267788e-06	0.0	8.78904041816017e-06	0.0001926963155476281	2.3789674874443383e-05	0.0	0.0	0.0	7.222186809084004e-06	1.38491344123124e-05	0.0	0.0	0.0	3.8123951043588385e-05	0.001016208525989533	0.000618901325515803	1.9263778924817528e-05	0.00022121242845160518	0.00041635997074577645	0.0	0.0006824770673712357	0.0002791336295670411	0.0005166548102024315	9.23655661169516e-05	9.617764145838832e-05	0.0	0.0008365938460958437	5.918190874807248e-05	0.0005582488614661378	0.00031036981438045604	0.0	0.0	3.344279417117823e-05	0.0	0.0	5.6839830354967865e-05	0.0	1.8240263557777438e-05	0.0	1.7701158271443415e-05	0.00012999684720290118	5.627083984010357e-05	4.450711825633563e-05	0.0	6.968566065490584e-05	0.0	9.178207969014369e-06	0.0	1.3416343912120507e-05	0.0	0.0	0.0
67575	Rheinheimera	0.0	0.0	6.322584112384836e-06	0.0	0.0	0.0	0.0	4.287527297257126e-06	2.246211063101123e-06	0.0	0.0	5.801127124876086e-05	0.0	0.0	0.0	0.0	0.0	0.0	0.0	0.0	0.0	0.0	0.0	0.0	0.0	5.4337585395459305e-05	0.0	3.0397904003723133e-06	0.0	0.0	0.0	0.0004910729944929671	4.4523201040061975e-06	0.0	0.0	3.078852203898387e-05	0.0	0.0009573125625516731	1.551015402060178e-06	0.0	0.0009108270897605406	0.0	0.0	0.0	0.0	0.0	0.0	1.1867656887300983e-05	0.000301574891097956	0.0	0.00012841016541564036	0.0	2.0919032883225474e-05	6.106912850863954e-06	0.0	0.0	0.0	0.0	0.0	0.0	0.0	0.0005003823267561579	0.0	0.0
68287	Mesorhizobium	0.0026074132016589667	3.158991054123587e-05	0.018257590657388426	0.0013323590443127524	0.0	0.0	0.0	2.3938694076352287e-05	0.0	1.2495048634137024e-05	0.002427888416071981	0.0	2.0837018652531417e-06	3.909162331113006e-05	4.8899024871945677e-05	0.0	5.693255525507818e-06	0.0	0.0	0.0	0.0	0.0	0.0	0.0	0.0	3.615202254133381e-05	0.0	2.766209264338805e-05	6.0832986078371134e-05	0.0	1.7974492721509102e-05	0.0	5.469993270636186e-05	0.0002036921080624354	0.00035450893895770815	0.0	1.6678693105019804e-05	0.0	1.3481903110215394e-05	0.0002959095437403624	0.0	2.0198384201400975e-05	6.317006530125741e-05	0.0	0.00016271205625592483	3.2187409227580684e-05	0.0	4.622140050843541e-05	0.0	0.00027605937346097774	0.0	0.0	0.0	2.5736275585783806e-05	0.0	0.0	0.0	0.0	4.800908783792132e-05	0.0	3.476052740867586e-05	0.0	0.0001763956520646507	0.0
69578	Cryobacterium	0.0	0.0	0.0	0.0	0.0	0.0	0.0	0.0	0.0	0.0	0.0	0.0	0.0	0.0	0.0	0.0	0.0	0.0	0.0	0.0	0.0	0.0	0.0	0.0	0.0	2.7168792697729653e-05	0.0	0.0	0.0	0.0	0.0	0.0	0.0	0.0	0.0	0.0	3.5473971629458366e-05	0.0	0.0	0.0	0.0	0.0	0.0	0.0	0.0	0.0	0.0	0.0	0.0	0.0	0.0	0.0	0.0	0.0	2.0754614730933716e-06	0.0	0.0	0.0	0.0	0.0	0.0	0.0	0.0	0.0
69965	Macrococcus	0.0	1.9312609064511013e-06	0.0	0.0	0.0	0.0	0.0	2.6797045607857035e-06	0.0	0.0	0.0	0.0	0.0	0.0	0.0	0.0	0.0	0.0	0.0	0.0	0.0	0.0	0.0	0.0	0.0	0.0	0.0	0.0	0.0	0.0	0.0	0.0	0.0	0.0	0.0	0.0	3.979180588507263e-06	0.0	0.0	0.0	0.0	0.0	0.0	0.0	0.0	0.0	0.0	0.0	0.0	0.0	0.0	0.0	0.0	0.0	0.0	0.0	0.0	0.0	0.0	0.0	0.0	0.0	0.0	0.0
70411	Frateuria	0.0	0.0	0.0	0.0	0.0	0.0	0.0	0.0	0.0	0.0	0.0	0.0	0.0	0.0	0.0	0.0	0.0	0.0	0.0	0.0	0.0	0.0	0.0	0.0	0.0	0.0	0.0	0.0	0.0	0.0	0.0	0.0	0.0	0.0	0.0	0.0	0.0	0.0	0.0	0.0	0.0	0.0	0.0	0.0	0.0	0.0	0.0	0.0	0.0	0.0	0.0001634311196199059	0.0	0.0	0.0	0.0	0.0	0.0	0.0	0.0	0.0	0.0	0.0	0.0	0.0
70774	Hydrogenophilus	0.0008637056230495327	0.0	3.838711782519365e-06	0.0	4.279159178138105e-05	4.278117000652182e-05	0.0	7.324525799480923e-06	2.4333953183595494e-06	8.519351341457063e-06	0.0	1.535592474231905e-05	2.6210776094500048e-05	0.0	0.0	0.0001877553843797402	2.3789674874443383e-05	0.0	0.0	0.0	0.0	2.266221994742029e-06	0.0	0.0	0.0	3.0674443368404447e-06	0.0	7.903455040968016e-06	0.0	0.0	2.9466381510670663e-06	0.0	1.2084868853731109e-05	0.0	3.653713298449917e-05	0.0	0.0	0.0	0.0	7.233344402542191e-05	0.0	2.524798025175122e-06	0.0	0.0033233438669729586	1.6078266428451073e-05	7.53656411182377e-05	4.735240846187539e-05	1.7489178570759343e-05	5.5847202055177036e-05	5.857930796440062e-05	7.587873410924203e-05	9.235386924231347e-05	0.0	0.0	0.0	0.0	4.856879378978285e-06	0.0	2.894665590227609e-05	0.0	0.0	0.0	1.6109191969374493e-06	0.00025145395156150413
71245	Kazachstania	0.0	0.0	0.0	0.0	0.0	0.0	0.0	0.0	0.0	0.0	0.0	0.0	0.0	0.0	0.0	0.0	0.0	9.438354957653247e-05	0.00012922400982102474	0.0	0.0	0.0	0.0	0.0	0.0	0.0	0.0	0.0	0.0	0.0	0.0	0.0	0.0	0.0	0.0	0.0	0.0	0.0	0.0	0.0	0.0	0.0	0.0	0.0	0.0	0.0	0.0	0.0	0.0	0.0	0.0	0.0	0.0	0.0	0.0	0.0	0.0	0.0	0.0	0.0	0.0	0.0	0.0	0.0
71950	Psilocybe	0.0	0.0	3.612905207077049e-06	0.0	0.0006484571985332359	9.07945694383017e-05	0.0	2.8583515315047504e-06	0.0	0.0	0.0	0.0	1.6669614922025133e-05	0.0	0.0	0.0	0.0	0.0005851780073745013	0.00042867580181013017	0.0	0.0	0.0	0.0	0.0	0.0	0.0	0.0	0.0	0.0	0.0	0.0	0.0	1.017673166629988e-05	0.0	0.0	0.0	0.0	0.0	0.0	0.0	0.0	8.476107655945051e-06	0.0	0.0	0.0	0.0	0.0	0.0	0.0	0.0	0.0	0.0	0.0	0.0	0.0	0.0	0.0	0.0	0.0	0.0	0.0	0.0	0.0	0.0
72173	Citromicrobium	0.0	0.0	0.0	0.0	0.0	0.0	0.0	0.0	0.0	0.0	0.0	0.0	0.0	0.0	0.0	0.0	0.0	0.0	0.0	0.0	0.0	0.0	0.0	0.0	0.0	0.0	0.0	0.0	0.0	0.0	0.0	0.0	0.0	0.0	0.0	0.0	0.0	0.0	0.0	0.0	0.0	0.0	0.0	0.0	0.0	0.0	0.0014158370130100742	0.0	0.0	0.0	0.0	0.0	0.0	0.0	0.0	0.0	0.0	0.0	0.0	0.0	0.0	0.0	0.0	0.0
72763	Tessaracoccus	0.0	0.0006838043080912935	7.225810414154098e-06	0.0	0.0	7.3866768356584435e-06	0.0	3.412157140733796e-05	0.0	1.2170501916367232e-06	0.0	0.0	0.0	2.6502795465172923e-06	2.397011023134592e-05	0.0	2.053638600272463e-05	0.0	0.0	0.0	0.0	4.717099114981557e-05	0.0	0.0009337068160597573	0.0	1.665184068570527e-05	0.0	5.167643680632933e-06	0.0	0.0	0.0	0.0	7.314525885153039e-06	0.0	4.937450403310699e-06	0.0	9.058985595112279e-06	0.0	2.5054864187125953e-06	0.0	0.0	6.311995062937804e-06	0.0	0.0	0.0	3.2972467989228996e-05	0.0	2.748299489690754e-05	0.0	8.418583180512663e-06	0.0	0.0	8.21819148983858e-05	2.6172483646559802e-05	4.5660152408054174e-05	0.0	8.446746746049192e-06	0.0	1.5885359946371026e-05	0.0	2.195401731074265e-05	0.0001321355927797646	0.0	0.0
73029	Dechloromonas	0.0	0.0	7.903230140481044e-06	0.0	0.0	0.0	0.0	0.0	0.0	0.0	0.0	0.0	0.0	0.0	0.0	0.0	0.0	0.0	0.0	0.0	0.0	0.0	0.0	0.0	0.0	0.0	0.0	0.0	0.0	0.0	0.0	0.0	0.0	0.0	0.0	0.0	0.0	0.0	0.0	0.0	0.0	0.0	0.0	0.0	9.0038291999326e-06	0.0	0.0	0.0	0.0	0.0	0.0	0.0	0.0	0.0	0.0	0.0	0.0	0.0	0.0	0.0	0.0	0.0	0.0	0.0
73918	Thermaerobacter	0.0	0.0	0.0	0.0	0.0	0.0	0.0	0.0	0.0	0.0	0.0	0.0	0.0	0.0	0.0	0.0	0.0	0.0	1.2425385559713919e-05	0.0	0.0	0.0	0.0	0.0	0.0	0.0	0.0	0.0	0.0	0.0	0.0	0.0	0.0	0.0	0.0	0.0	0.0	0.0	0.0	0.0	0.0	0.0	0.0	0.0	0.0	0.0	0.0	0.0	0.0	0.0	0.0	0.0	0.0	0.0	0.0	0.0	0.0	0.0	0.0	0.0	0.0	0.0	0.0	0.0
74030	Roseovarius	0.0	0.0	0.0	0.0	0.0	0.0	0.0	0.0	0.0	0.0	0.0	0.0	0.0	6.34962808019768e-06	0.0	0.0	0.0	0.0	0.0	0.0	0.0	0.0	0.0	0.0	0.0	0.0	0.0	0.0	0.0	0.0	0.0	0.0	0.0	0.0	0.0	0.0	0.0	0.0	0.0	0.0	0.0	0.0	0.0	0.0	0.0	0.0	0.0	0.00015303031249414424	0.0	0.0	0.0	0.0	0.0	0.0	0.0	0.0	0.0	0.0	0.0	0.0	0.0	0.0	0.0	0.0
75654	Duganella	0.0	0.0	0.0	0.0	0.0	0.0	0.0006677053193857111	0.0	0.0	0.0	0.0	1.364971088206138e-05	0.00018139173079624718	0.0	0.0	0.0	0.0	0.0	0.0	0.0	0.0	0.0	0.0	0.0	0.0	0.0	0.0	0.0	0.00010240219323192475	0.0	0.0	0.0	0.0	0.0	2.9624702419864194e-06	0.0	9.14364901188903e-06	0.0	0.0	0.0	0.0	0.0	0.0	0.0	0.0	0.0	0.0	0.0	0.0	0.0	0.0	3.078462308077116e-05	0.0	0.0	0.0	0.0	0.0	0.0	0.0	0.0	0.0	0.0	0.0	0.0
75984	Mannheimia	0.0	0.0	0.0	0.0	0.0	0.0	0.0	0.0	0.0	2.4341003832734463e-06	0.0	0.0	0.0	0.0	0.0	0.0	0.0	0.0	0.0	0.0	0.0	0.0	0.0	0.0	0.0	3.7247538375919685e-06	0.0	0.0	0.0	0.0	0.0	0.0	0.0	0.0	0.0	0.0	0.0	0.0	0.0	0.0	0.0	0.0	0.0	0.0	0.0	0.0	0.0	0.0	0.0	0.0	0.0	0.0	0.0	0.0	4.496833191702305e-06	0.0	0.0	0.0	0.0	0.0	0.0	0.0	0.0	0.0
76632	Thermobacillus	0.0	0.0	3.34193731654627e-05	0.0	0.0	0.0	0.0	0.0	0.0	0.0	0.0	0.0	0.0	0.0	0.0	0.0	0.0	0.0	0.0	0.0	0.0	0.0	0.0	0.0	0.0	0.0	0.0	0.0	0.0	0.0	0.0	0.0	4.4523201040061975e-06	0.0	0.0	0.0	0.0	0.0	0.0	0.0	0.0	0.0	0.0	0.0	0.0	0.0	0.0	0.0	0.0	0.0	0.0	0.0	0.0	0.0	0.0	0.0	0.0	0.0	0.0	0.0	0.0	0.0	0.0	0.0
76634	Mycetocola	0.0	0.0	5.148389920084795e-05	0.0	0.0	0.0	0.0	0.0	0.0	1.2981868710791714e-06	0.0	0.0	1.9740333460292922e-06	0.0	0.0	0.0	3.8632805351660195e-06	0.0	0.0	0.0	0.0	0.0	0.0	0.0	0.0	2.6292380030060953e-06	0.0	0.0	0.00010747160873845567	0.0	0.0	0.0	0.0	0.0	0.0	0.0	0.0	0.0	0.0	0.0	0.0	0.0	0.0	0.0	0.0	0.0	0.0	0.0	0.0	8.909667199375902e-05	0.0	0.0009181513833839996	0.0	0.0	0.0	0.0	0.0	0.0	0.0	0.0	3.171135833773938e-05	0.0	0.0	0.0
76833	Actinobaculum	0.0	0.0	0.0	0.0	0.0	0.0	0.0	0.0	0.0	0.0	0.0	0.0	0.0	0.0	0.0	0.0	0.0	0.0	0.0	0.0	0.0	0.0	0.0	0.0	0.0	0.0	0.0	0.0	0.0	0.0	0.0	0.0	0.0	0.0	0.0	0.0	0.0	0.0	0.0	0.0	0.0	0.0	0.0	0.0	0.0	0.0	0.0	0.0	0.0	0.0	0.0	0.0	0.0	4.362080607759967e-06	0.0	0.0	0.0	0.0	0.0	0.0	0.0	0.0	0.0	0.0
78526	Allorhizobium	0.0	0.0	0.0	0.0	0.0	0.0	0.0	0.0	0.0	0.0	0.0	0.0	0.0	0.0	0.0	0.0	0.0	0.0	0.0	0.0	0.0	0.0	0.0	0.0	0.0	0.0	0.0	0.0	0.0	0.0	0.0	0.0	0.0	0.0	0.0	0.0	0.0	0.0	0.0	0.0	0.0	0.0	0.0	0.0	0.0	0.0	0.0002793792099250648	0.0	0.0	0.0	0.0	0.0	0.0	0.0	0.0	0.0	0.0	0.0	0.0	0.0	0.0	6.715087501922465e-05	0.0	0.0
79603	Denitrobacterium	0.0	0.0	0.0	0.0	4.772908314077117e-05	2.462225611886148e-05	0.0	0.0	0.0	0.0	0.0	0.0	0.0	0.0	0.0	0.0	0.0	0.0	0.0	0.0	0.0	0.0	0.0	0.0	0.0	0.0	0.0	0.0	0.0	0.0	0.0	0.0	0.0	0.0	0.0	0.0	0.0	0.0	0.0	0.0	0.0	0.0	0.0	0.0	0.0	0.0	0.0	0.0	0.0	0.0	0.0	0.0	0.0	0.0	0.0	0.0	0.0	0.0	0.0	0.0	0.0	0.0	0.0	0.0
80865	Delftia	0.0	0.0	0.0	0.0	0.0029048907497745214	0.0	0.007105069424232567	0.000300841498690875	1.2915713612831456e-05	5.111610804874237e-06	0.0	0.0	0.0	0.0	0.0	0.002075191090512918	0.0	0.0	0.0	0.0	0.0	1.107930752984992e-05	0.0012686653810102314	0.0	0.0	0.0001459227091668383	0.012651796148569686	0.00010912847537336605	0.0011821876961230124	0.0	9.930170569096013e-05	0.0	0.00015106086067163884	0.006646398044555762	0.00011257386919548393	0.0006073735711326818	1.794864435667106e-05	0.006004960619642313	6.717089779691386e-05	0.0	0.0	4.364293729231282e-05	0.0	0.0	0.0	0.0	0.0	0.0001867594425948944	0.0	0.0	0.00750615785111425	0.00046099973063454806	0.00034366982593870426	0.00010207268622158323	0.0	0.0009339855184101063	0.0	0.0	6.318843178667585e-05	0.0	0.0	6.281856050185532e-05	0.0	0.0
82800	Desemzia	0.0	2.1933606008980365e-05	9.258069593134939e-06	0.0	0.0	0.0	0.0	0.0	4.554816877955054e-06	0.0	0.0	0.0	0.0	0.0	0.0	0.0	0.0	0.0	0.0	0.0	0.0	0.0	0.0	0.0	0.0	8.54502350976981e-06	0.0	0.0	0.0	0.0	0.0	0.0	0.0	0.0	0.0	0.0	0.0	0.0	0.0	0.0	0.0	0.0	0.0	0.0	0.0	0.0	0.0	0.0	0.0	0.0	0.0	0.0	0.0	0.0	0.0	0.0	0.0	0.0	0.0	0.0	0.0	0.0	0.0	0.0
82802	Trichococcus	0.0	0.0	0.0	0.0	0.0	0.0	0.0	0.0	0.0	0.0	0.0	0.0	0.0	0.0	0.0	0.0	0.0	0.0	0.0	0.0	0.0	0.0	0.0	0.0	0.0	1.1174261512775905e-05	0.0	0.0	0.0	0.0	0.0	0.0	0.0	0.0	0.0	0.0	0.0	0.0	0.0	0.0	0.0	0.0	0.0	0.0	0.0	0.0	0.0	0.0	0.0014296883726125321	0.0	0.0	0.0	0.0	0.0	0.0	0.0	0.0	0.0	0.0	0.0	0.0	0.0	0.0	0.0
82982	Obesumbacterium	0.0	0.0	0.0	0.0	0.0	0.0	0.0	0.0	0.0	0.0	0.0	0.0	7.018785230326372e-06	0.0	0.0	0.0	0.0	0.0	0.0	0.0	0.0	0.0	0.0	0.0	0.0	0.0	0.0	0.0	0.0	0.0	0.0	0.0	0.0	0.0	0.0	0.0	0.0	0.0	0.0	0.0	0.0	0.0	0.0	0.0	0.0	0.0	0.0	0.0	0.0	0.0	0.0	0.0	0.0	0.0	0.0	0.0	0.0	0.0	0.0	0.0	0.0	0.0	0.0	0.0
82984	Pragia	0.0	0.0	0.0	0.0	0.0	0.0	0.0	0.0	0.0	0.0	0.0	0.0	0.0	0.0	1.1985055115672961e-06	0.0	0.0	0.0	0.0	0.0	0.0	0.0	0.0	0.0	0.0	0.0	0.0	0.0	0.0	0.0	0.0	0.0	0.0	0.0	0.0	0.0	0.0	0.0	0.0	0.0	0.0	0.0	0.0	0.0	0.0	0.0	0.0	0.0	0.0	0.0	0.0	0.0	0.0	0.0	0.0	0.0	0.0	0.0	0.0	0.0	0.0	0.0	0.0	0.0
82986	Tatumella	0.0	0.0	4.7193574267443955e-05	0.0	0.0	0.0	0.0	0.0	0.0	0.0	0.0	0.0	0.0	0.0	0.0	0.0	0.0	0.0	0.0	0.0	0.0	0.0	0.0	0.0	0.0	0.0	0.0	0.0	0.0	0.0	0.0	0.0	6.042434426865554e-06	0.0	0.0	0.0	0.0	0.0	0.0	0.0	0.0	0.0	0.0	0.0	0.0	0.0	0.0	0.0	0.0	0.0	0.00014592064251777313	0.0	0.0	0.0	0.0	0.0	0.0	0.0	0.0	0.0	0.0	0.0	0.0	0.0
83461	Corallococcus	0.0	0.0	0.0	0.0	0.0	0.0	0.0	0.0	0.0	0.0	0.0	0.0	0.0	0.0	0.0	0.0	0.0	0.0	0.0	0.0	0.0	0.0	0.0	0.0	0.0	0.0	0.0	0.0	0.0	0.0	0.0	0.0	0.0	0.0	0.0	0.0	0.0	0.0	0.0	0.0	0.0	1.6952215311890102e-05	0.0	0.0	0.0	1.4916116471317878e-05	0.0	2.81076084172918e-05	0.0	0.0	0.0	0.0	0.00026447634430935065	0.0	0.0	0.0	0.0	0.0	0.0	0.0	0.0	0.0	0.0	0.0
83551	Parachlamydia	0.0	0.0	0.0	0.0	0.0	0.0	0.0	0.0	0.0	0.0	0.0	0.0	0.0	0.0	0.0	0.0	0.0	0.0	0.0	0.0	0.0	0.0	0.0	0.0	0.0	0.0	0.0	0.0	0.0	0.0	0.0	0.0	0.0	0.0	0.0	0.0	9.31297584544253e-07	0.0	3.6985751895281167e-06	0.0	0.0	0.0	0.0	0.0	0.0	0.0	0.0	0.0	0.0	0.0	0.0	0.0	0.0	0.0	0.0	6.74010167924819e-05	0.0	0.0	0.0	0.0	0.0	0.0	0.0	0.0
83614	Luteimonas	0.0	2.0692081140547514e-06	0.0	0.0	0.0	0.0	0.0	0.0	0.0	0.0	0.0	0.0	0.0	0.0	0.0	0.0	0.0	0.0	0.0	0.0	7.284988433510821e-05	0.0	0.0	0.0	0.0	2.234852302555181e-05	0.0	7.295496960893553e-06	0.0	0.0	0.0	0.0	0.0	0.0	0.0	0.0	1.0159610013210032e-06	0.0	0.0	0.0	0.0	4.508567902098432e-06	0.0	0.0	0.0	0.0	0.0	0.0007432900892572721	0.0001452027253434603	0.0	0.0	0.0	0.0002719474274819312	0.0	0.0	0.0	0.0	0.0	0.0	0.0	0.0	0.0	0.0	0.0
83618	Pseudoxanthomonas	0.0	3.7245746052985524e-06	4.4032282211251534e-05	0.0	0.0	0.0	0.0	0.00013737952048294708	0.0	3.488877216025273e-06	0.0	7.763273064172409e-05	1.754696307581593e-06	0.0	0.0	0.0	0.0	0.0	0.0	0.00011134296106295413	0.0	0.0	0.0001784060692045638	0.0006302521008403362	0.0	5.5652204396962356e-05	0.0	6.170774512755796e-05	0.0012795204738484062	0.0005714654401666467	5.8048771576021205e-05	0.0019642919779718684	0.0	0.0	1.658983335512395e-05	0.0	1.862595169088506e-06	0.0	1.2527432093562975e-05	0.0	0.0037314529161157632	1.6050501731470417e-05	4.338953980288387e-05	0.00044311251559639447	0.0	0.0	0.00023912966273247074	0.0003891342231993954	0.0	1.788948925858941e-05	0.0006712349555817565	0.00025320352483934274	0.00011953733076128844	1.2213825701727908e-05	0.0	0.0	0.0	0.0010116731517509727	8.472191971397879e-06	0.0	0.0	0.0009661061373733611	2.094194956018684e-06	0.0
83654	Leclercia	0.0	0.0	0.0	0.0	0.0	0.0	0.0	4.108880326538079e-06	0.0	0.0	0.0	0.0	6.360774114983275e-06	0.0	0.0	0.0	0.0	0.0	0.0	0.0	0.0	0.0	0.0	0.0	0.0	0.0	0.0	2.5230260323090203e-05	0.0	0.0	0.0	0.0	0.0	0.0006563412370900696	0.0	0.0	0.0	0.0	0.0	0.0	0.0	0.0	0.0	0.0	0.0	0.0	0.0	0.0	0.0	0.0	0.00021596255092630424	0.0	0.0	0.0	0.0	0.0	0.0	0.0	0.0	0.0	0.0	0.0	0.0	0.0
83677	Thermobifida	0.0	0.0	0.0	0.0	0.0	0.0	0.0	0.0	0.0	0.0	0.0	0.0	0.0	0.0	0.0	0.0	0.0	0.0	0.0	0.0	0.0	0.0	0.0	0.0	0.0	0.0	0.0	0.0	0.0	0.0	0.0	0.0	0.0	0.0	0.0	0.0	0.0	0.0	0.0	0.0	0.0	0.0	0.0	0.0	0.0	0.0	0.0	9.993816326148196e-06	0.0	0.0	0.0	0.0	2.2413249517741582e-05	0.0	0.0	0.0	0.0	0.0	0.0	0.0	0.0	0.0	0.0	0.0
83681	Nonomuraea	0.0	0.0	0.0	0.0	0.0	0.0	0.0	0.0	0.0	0.0	0.0	0.0	0.0	0.0	0.0	0.0	0.0	0.0	0.0	0.0	0.0	0.0	0.0	0.0	0.0	0.0	0.0	0.0	0.0	0.0	0.0	0.0	0.0	0.0	0.0	0.0	1.6424702854689553e-05	0.0	0.0	0.0	0.0	0.0	0.0	0.0	0.0	0.0	0.0	0.0	0.0	0.0	0.0	0.0	0.0	0.0	0.0	0.0	0.0	0.0	0.0	0.0	0.0	0.0	0.0	0.0
84108	Slackia	0.0	0.0	0.0	0.0	0.0	0.0	0.0	0.0	0.0	0.0	0.0	0.0	0.0	0.0	0.0	0.0	0.0	0.0	0.0	0.0	0.0	0.0	0.0	0.0	0.0	0.0	0.0	0.0	0.0	0.0	0.0	0.0	0.0	0.0	0.0	0.0	0.0	0.0	1.3123976478970737e-06	0.0	0.0	0.0	0.0	0.0	0.0	0.0	0.0	0.0	0.0	0.0	0.0	0.0	0.0	0.0	0.0	0.0	0.0	0.0	0.0	0.0	0.0	0.0	0.0	0.0
84111	Eggerthella	0.0	0.0003101053226930054	1.6483880007289035e-05	0.0	0.0	6.925009533429791e-05	0.0	5.413003212787122e-05	0.0	5.7444769045253336e-05	0.0	0.0	1.3160222306861949e-06	8.28212358286654e-07	1.5980073487563947e-06	0.0	0.0001317581993046095	0.0	0.0	0.0	0.0	0.0	0.0	0.0	0.0	0.0	0.0	2.1278532802606197e-06	0.0	0.0	0.0	0.0	0.0	0.0	0.0	0.0	0.0	0.0	5.8580658647042104e-05	0.0	0.0	0.0	0.0	0.0	0.0	2.8262115419339137e-05	0.00039302499023356573	0.0002817006976933023	0.0	0.0	0.0	8.542732904913995e-05	0.0	1.7012114370263872e-05	2.144643522196484e-05	0.00011073024187336311	0.0003186535209947058	0.0	0.0	0.0	1.3416343912120507e-05	0.0	0.0	0.0
84162	Cryptobacterium	0.0	0.0	2.2580657544231557e-06	9.874550884266032e-06	1.8104134984430444e-05	3.077782014857685e-06	0.0	0.0	0.0	0.0	0.0	0.0	0.0	0.0	0.0	0.0	0.0	0.0	0.0	0.0	0.0	0.0	0.0	0.0	0.0	0.0	0.0	0.0	0.0	0.0	0.0	0.0	1.1130800260015495e-05	0.0	0.0	0.0	4.402497672391014e-06	0.0	0.0	0.0	0.0	0.0	0.0	0.0	0.0	0.0	0.0	0.0	0.0	0.0	5.836825700710925e-05	0.0	0.0	0.0	0.0	0.0	0.0	0.0	0.0	0.0	0.0	0.0	2.577470715099919e-06	0.0
84406	Virgibacillus	0.0	3.448680190091252e-06	0.0	0.0	6.254155721894153e-05	2.5237812521833015e-05	0.0	0.0	0.0	0.0	0.0	0.0	0.0	0.0	0.0	0.0	0.0	0.0	0.0	0.0	0.0	0.0	0.0	0.0	0.0	0.0	0.0	1.6718847202047724e-06	0.0	0.0	0.0	0.0	6.678480156009296e-06	0.0	0.0	0.0	0.0	0.0	0.0	0.0	0.0	0.0	0.0	0.0	0.0	0.0	0.0	0.0	0.0	0.0	0.0	0.0	0.0	0.0	0.0	0.0	0.0	0.0	0.0	0.0	0.0	0.0	0.0	0.0
84567	Pedobacter	0.0	0.0	0.0	0.0	0.0	0.0	0.0	0.0	0.0	2.0284169860612053e-06	0.0	0.0	0.0	0.0	0.0	0.0008103127115336157	0.0	0.0	0.0	0.0	0.0	0.0	0.0	0.0	0.0	0.0	0.0	0.0	0.0	0.0	0.0	0.0	0.0	0.0	0.0	0.0	0.0	0.0	0.0	0.0	0.0	0.0	0.0	0.0	0.0	0.0	0.0	0.0	0.0	3.0868138328546436e-05	0.0	0.0	0.0	0.0	0.0	0.0	0.0	0.0	0.0	0.0	0.0	0.0	0.0	0.0
84756	Beutenbergia	0.0	0.0	0.0	0.0	0.0	0.0	0.0	0.0	0.0	0.0	0.0	0.0	0.0	0.0	0.0	0.0	0.0	0.0	0.0	0.0	0.0	0.0	0.0	0.0	0.0	0.0	0.0	0.0	0.0	0.0	0.0	0.0	0.0	0.0	0.0	0.0	2.793892753632759e-06	0.0	0.0	0.0	0.0	0.0	0.0	0.0	0.0	0.0	0.0	0.0	0.0	0.0	0.0	0.0	0.0	0.0	0.0	0.0	0.0	0.0	0.0	0.0	0.0	0.0	0.0	0.0
85043	Williamsia	0.00018740782386923822	0.0	0.0	4.302482885287342e-05	0.0	0.0	0.0	0.0	2.0590268078426958e-06	0.0	0.0	0.0	0.0	0.0	0.0	0.0	0.0	0.0	0.0	0.0	0.0	0.0	0.0	0.0	0.0	3.505650670674794e-06	0.0	0.0	0.0	0.0	0.0	0.0	0.0	0.0	0.0	0.0	0.0	0.0	0.0	0.0	0.0	0.0	9.060756841190456e-05	0.0	0.0	0.0	0.0	0.0	0.0	0.0	0.0	0.0	3.436698259387043e-05	0.0	0.0	0.0	0.0	0.0	0.0	0.0	0.0	0.0	0.0	7.71789356277884e-05
85413	Bosea	0.0	6.897360380182504e-06	2.596775617586629e-05	0.0	4.114576132825101e-05	0.0	0.0	0.0003522918262579605	0.0	0.0	0.0	0.0	0.0	5.7643580136751115e-05	5.976547484348916e-05	0.0	0.0	0.0	0.0	0.0	0.0	0.0	0.00016141501499460534	0.0	0.0	4.469704605110362e-05	0.0	0.0	0.0	0.0006083341782419143	0.0	0.0	1.3038937447446722e-05	0.0	5.312696633962312e-05	0.0	0.0	0.0	6.561988239485368e-06	0.0	0.0	3.372408790769627e-05	0.0	0.0	1.2219482485622814e-05	0.0	0.0	0.0010880767525093848	0.0	0.0	0.0	0.0	0.0014613438685567512	0.0	0.0	0.0	0.0	0.0	0.0	0.0	0.0	0.0	0.0	0.0
86331	Mogibacterium	0.0	6.0420876930398733e-05	0.0001510645989709091	1.0579875947427892e-05	0.00016129138440674394	0.00021359807183112334	0.0	9.664801115900438e-05	2.5581848218651677e-06	2.3773047076637325e-05	0.00021727806839797194	5.545195045837436e-06	3.597127430542266e-05	0.0	6.471929762463399e-06	0.0	8.580549399158212e-05	0.0	0.0	0.0	2.826073099206784e-05	8.393414795340849e-07	4.530947789322255e-05	0.0	0.0	2.1253007190965937e-05	0.0	9.529742905167203e-05	0.0001754017765259701	0.0	5.1566167643673656e-05	0.0	7.886967041382407e-05	0.0	6.438435325917151e-05	0.0	8.881192419881104e-05	0.0013706975327444412	8.196519855502632e-05	0.0	0.0	6.221823704895836e-05	0.0	0.0	2.958401022834997e-05	0.0005817285423813973	0.0	3.560297066190295e-05	0.0	0.00019082121875828705	0.00010506286261279665	7.696155770192789e-05	0.0001404563636445139	0.00010338131040391121	0.0001418232006613804	0.000284047142196888	0.0001013609609525903	0.00012229016120066704	0.00012814190356739294	0.0	2.317368493911724e-05	8.23139758300173e-05	8.779509623309099e-05	0.0
88138	Modestobacter	0.0	5.104046681335053e-06	7.903230140481044e-06	0.0	0.0	0.0	0.0	0.0	5.553132905999998e-06	0.0	0.0	0.0	0.0	0.0	0.0	0.0	0.0	0.0	0.0	0.0	0.0	0.0	0.0	0.0	0.0	5.4775791729293655e-06	0.0	0.0	0.0	0.0	0.0	0.0022449051176821355	0.0	0.0	2.132978574230222e-05	0.0	0.0009837042395290615	0.0	0.0	0.0	0.0	0.0	0.00020227182525756158	0.0	0.0	7.301046483329277e-05	0.0	4.5596786988051145e-05	0.0	0.0	0.0	0.0	0.0	2.0501778856471846e-05	0.0	0.0	0.0	0.0	0.0	0.0	0.0	0.0	0.0	0.0
88723	Natrinema	0.0	0.0	0.0	0.0	0.0	0.0	0.0	0.0	0.0	0.0	0.0005965446967176462	0.0	0.0	0.0	0.0	0.0	0.0	0.0	0.0	0.0	0.0	0.0	0.0	0.0	0.0	0.0	0.0	0.0	0.0	0.0	0.0	0.0	0.0	0.0	0.0	0.0	0.0	0.0	0.0	0.0	0.0	0.0	0.0	0.0	0.0	0.0	0.0	0.0	0.0	0.0	0.0	0.0	0.0	0.0	0.0	0.0	0.0	0.0	0.0	0.0	0.0	0.0	0.0	0.0
88875	Ferribacterium	0.0	0.0	2.438711014777008e-05	0.0	0.0	0.0	0.0	0.0	0.0	0.0	0.0	0.0	0.0	0.0	0.0	0.0	0.0	0.0	0.0	0.0	0.0	0.0	0.0	0.0	0.0	0.0	0.0	0.0	0.0	0.0	0.0	0.0	0.0	0.0	0.0	0.0	0.0	0.0	0.0	0.0	0.0	4.508567902098432e-06	0.0	0.0	0.0	0.0	0.0	0.0	0.0	0.0	0.0	0.0	0.0	1.177761764095191e-05	0.0	0.0	0.0	0.0	0.0	0.0	0.0	0.0	0.0	0.0
89092	Ignavigranum	0.0	0.0	0.0	0.0	0.0	1.2618906260916507e-05	0.0	5.1807621508523605e-06	0.0	1.7038702682914124e-06	0.0	0.0	0.0	0.0	0.0	0.0	0.0	0.0	0.0	0.0	0.0	1.1750780713477188e-06	0.0	0.0	0.0	0.0	0.0	0.0	0.0	0.0	0.0	0.0	0.0	0.0	0.0	0.0	0.0	0.0	1.1930887708155216e-06	0.0	0.0	4.869253334266306e-06	0.0	0.0	0.0	0.0	0.0	0.0	0.0	0.0	0.0	0.0	0.0	5.670704790087957e-06	0.0	0.0	2.7451926924659877e-06	0.0	7.413167974973145e-06	0.0	0.0	0.0	0.0	0.0
89966	Hymenobacter	0.0	0.0	0.0	0.0	0.0	5.2014516051094876e-05	0.0	1.0182877330985674e-05	0.0	0.0	0.0	0.0	0.0	0.0	0.0	0.004105913800514845	0.0	0.0	0.0	0.0	0.0	0.0	0.0	0.0	0.0	3.176995920299032e-05	0.0	0.0	3.3458142343104125e-05	0.0	0.0	0.0	0.0	0.0	0.0	0.0	0.0	0.0	1.0737798937339694e-05	0.0	0.0	8.872861631329713e-05	0.0	0.0	0.0	0.0	0.0	0.0	0.0	0.0	0.0014300222966741767	0.0	0.0	0.0	0.0	0.0	0.0	0.0	0.0	0.0	0.0	0.0	0.0	0.0
90243	Oligella	0.0	2.0692081140547514e-06	3.612905207077049e-06	0.0	0.0	0.0	0.0	0.0	1.1231055315505614e-06	0.0	0.0	0.0	0.0	0.0	0.0	7.41139675183185e-05	0.0	0.0	0.0	0.0	0.0	3.609168361996565e-06	0.0	0.0005602240896358543	0.0	0.0	0.0	3.0397904003723133e-06	0.0	0.0	0.0	0.0	0.0	0.0	6.497684730756879e-05	0.0	0.0	0.0	0.0	0.0	0.0	0.0	0.0	0.00026819968049255456	1.543513577131303e-05	0.0	0.0	0.0	0.0	0.0	0.00015175746821848406	0.0	0.0	0.0	0.0	5.295794176552149e-05	0.0	0.0	0.0	0.0	0.0	0.0	0.0	2.9875717017208412e-05
92793	Aquabacterium	0.0	0.0	0.0	0.0	0.0005529990322516936	7.3866768356584435e-06	0.0009073944083959664	1.8757931925499925e-05	3.9308693604269645e-06	1.541596909406516e-06	0.0	2.3460440578542994e-05	1.3160222306861949e-06	0.0	0.0	0.0002322237648907313	3.6599499806835974e-06	0.0	0.0	0.00010309533431755013	0.0	0.0	9.911448289142433e-05	0.0	0.0020756198810725907	1.0955158345858731e-05	0.0009653980996900564	1.1551203521414792e-05	0.0	0.001253537094559096	1.5617182200655452e-05	0.0024904416149286192	1.2084868853731109e-05	0.0012749617134278364	1.3232367080872673e-05	7.837078337195893e-05	3.13254642073976e-06	0.0007832557329968235	1.2169505462318319e-05	0.0	0.0015278389892757456	5.95130963076993e-06	0.0	0.0	0.0	0.0	0.00011838102115468848	0.0	0.00017312632637104882	4.2092915902563315e-06	0.00022179937662701517	1.385308038634702e-05	5.976866538064422e-05	5.670704790087957e-06	0.0	0.00012035895855800339	0.0	0.0	3.883087986890695e-06	0.0	0.0	0.0	0.0	0.0
93217	Pandoraea	0.0	0.0	0.0	0.0	0.0	0.0	0.0	0.0	0.0	0.0	0.0	0.0	0.0	0.0	0.0	0.0	0.0	0.0	0.0	0.0	0.0	0.0	0.0	0.0	0.0	0.0	0.0	0.0	0.0	0.0	0.0	0.0	0.0	0.0	0.0	0.0	0.0	0.0	0.0	0.0	0.0	0.0	0.0	0.00015159112375666127	0.0	0.0	0.0	0.0	0.0	0.0	0.0	0.0	0.0	0.0	0.0	0.0	0.0	0.0	4.5891039845071846e-06	0.0	0.0	0.0	0.0	0.0
93681	Roseateles	0.0013770400971261417	4.138416228109503e-06	0.0	0.0	0.0	0.0	0.0	0.0	2.8701585806292122e-06	0.0	0.0	0.0	0.0	2.1533521315453e-06	2.3970110231345922e-06	0.0	0.0	0.00017146344839736734	0.00014289193393671006	0.0	0.0	0.0	0.0	0.0	0.0	0.0	0.0	0.0	0.0	0.0	0.0	0.0	0.0	0.00031685439031934394	0.0	0.0	0.0	0.0	3.937192943691221e-06	0.0006115463903967489	0.0	5.590624198602055e-06	0.0	0.0019706846088365965	0.0	0.0	0.0	0.0	0.0	0.0	0.0	0.0	0.0	0.0	0.0	0.0	0.0	0.0	0.0	0.0	0.0	0.0	0.0	0.0
96492	Frigoribacterium	0.0	0.00016374333542553264	0.0	0.0	0.0	0.0	0.0	0.0	0.0	0.0	0.0	0.0	0.0	0.0	0.0	0.0	0.0	0.0	0.0	0.0	0.0	0.0	0.0	0.0	0.0	1.139336467969308e-05	0.0	0.0	0.0	0.0	0.0	0.0	0.0	0.0	0.0	0.0	0.00019294792683421388	0.0	0.0	0.0	0.0	0.0	0.0	0.0008978858868663783	0.0	0.0	0.0	0.0	0.0	0.0	0.0	0.0	0.0	0.0	0.0	0.0	0.0	0.0	0.0	0.0	0.0	0.0	0.0	0.0
98402	Drechmeria	0.0	0.0	0.0	6.841653112670036e-05	0.0013232476843165525	0.00014188575088493928	0.0	3.5729394143809384e-06	8.735265245393255e-07	0.0	0.0	8.104515836223944e-06	2.0837018652531417e-06	0.0	0.0	0.0	0.0	0.005615821199803682	0.0050434639986878796	0.0	0.0	0.0	0.0	0.0	0.0	0.0	0.0	7.295496960893553e-06	0.0	0.0	0.0	0.0	1.2402891718302979e-05	0.0	4.542454371045843e-06	0.0	0.0	0.0	0.0	0.0	0.0	0.00014733999904057674	8.103634639656253e-05	0.0	0.0	0.0	0.0	0.0	0.0	0.0	0.0	0.0	0.0	0.0	0.0	0.0	0.0	0.0	0.0	0.0	0.0	0.0	0.0	0.0
99479	Nostocoides	0.0	0.0	0.0	0.0	0.0	0.0	0.0	0.0	0.0	0.0	0.0	0.0	0.0	0.0	0.0	0.0	0.0	0.0	0.0	0.0	0.0	0.0	0.0	0.0	0.0	0.0	0.0	0.0	0.0	0.0	0.0	0.0	0.0	0.0	0.0	0.0	1.6932683355350055e-06	0.0	0.0	0.0	0.0	0.0	0.0	0.0	0.0	0.0	0.0	0.0	0.0	0.0	0.0	0.0	0.0	0.0	0.0	0.0	0.0	0.0	0.0	0.0	0.0	0.0	0.0	0.0
102106	Collinsella	0.0	0.0041250353489719485	8.151617373467592e-05	2.1159751894855783e-05	7.241653993772178e-05	0.002099047334132941	0.0004964988272355287	0.005281876336279341	1.2790924109325838e-05	0.0034532582137500384	6.110945673692961e-05	5.545195045837436e-06	0.00013522128420300652	9.441620884467854e-06	4.0908988128163706e-05	0.0025939888631411477	0.01069254386856713	0.0	2.6093309675399228e-05	0.0	8.666624170900805e-05	1.1498978269616963e-05	0.0	0.0	0.0	3.089354653532162e-05	0.0	5.9275912807260114e-05	5.576357057184021e-05	0.0	0.00010637363725352109	0.0	5.692609275836496e-05	0.0	0.00018426564905155528	0.0	2.2943785946499326e-05	0.002284495887907402	0.012944655236717164	8.548497930277136e-05	0.0	4.761047704615944e-05	0.0	0.0	5.6595497828147774e-05	0.00018056351517911116	0.0003646135451564405	0.013031311875776863	0.0	6.138550235790484e-05	0.00015175746821848406	0.0014668872897987456	0.00047964353967966985	0.0007310847098605705	0.0009132030481610834	0.0026815975966723157	0.007579899361235894	0.0	0.0002764052630668558	0.00013145122148519657	0.00030003823658014954	0.0001408002218145033	2.094194956018684e-06	6.473072020395156e-05
102231	Gloeocapsa	0.0	0.0	0.0	0.0	0.0	0.0	0.0	0.0	0.0	0.0	0.0	0.0	0.0	0.0	0.0	0.0	0.0	0.0	0.0	0.0	0.0	0.0	0.0	0.0	0.0	0.0	0.0	0.0	0.0	0.0	0.0	0.0	0.0	0.0	0.0	0.0	3.386536671070011e-06	0.0	0.0	0.0	0.0	0.0	0.0	0.0	0.0	0.0	0.0	2.186147321344918e-05	0.0	0.0	0.0	0.0	0.0	0.0	0.0	0.0	0.0	0.0	0.0	0.0	0.0	0.0	0.0	0.0001543578712555768
102234	Cyanobacterium	0.0	0.0	0.0	1.1285201010589751e-05	0.0	0.0	0.0	0.0	0.0	0.0	0.0	0.0	0.0	0.0	0.0	0.0	0.0	0.0	0.0	0.0	0.0	0.0	0.0	0.0	0.0	0.0	0.0	0.0	0.0	0.0	0.0	0.0	0.0	0.0	0.0	0.0	0.0	0.0	0.0	0.0	0.0	0.0	0.0	0.0	0.0	0.0	0.0	0.0	0.0	0.0	0.0	0.0	0.0	0.0	0.0	0.0	0.0	0.0	0.0	0.0	0.0	0.0	0.0	0.0
104204	Streptomonospora	0.0	0.0	0.0	0.0	0.0	0.0	0.0	0.0	0.0	0.0	0.0	0.0	0.0	0.0	0.0	0.0	0.0	0.0	0.0	0.0	0.0	0.0	0.0	0.0	0.0	0.0	0.0	0.0	0.0	0.0	0.0	0.0	0.0	0.0	0.0	0.0	2.370575669749008e-06	0.0	0.0	0.0	0.0	0.0	0.0	0.0	0.0	0.0	0.0	0.0	0.0	0.0	0.0	0.0	0.0	0.0	0.0	0.0	0.0	0.0	0.0	0.0	0.0	0.0	0.0	0.0
106589	Cupriavidus	0.0	0.00018829793837898235	0.00021519366639652674	0.012401025260511811	0.00016622887576613407	8.310011440115749e-05	0.00261945932989779	5.2343562420680744e-05	5.303553898988762e-06	9.97981157142113e-06	8.632923253312278e-05	4.1375686111248554e-05	0.0	2.390773007587474e-05	4.3945202090800854e-05	0.0006769075700006423	7.319899961367195e-06	0.00030045429948529504	0.0007094895154596647	0.0009484770757214612	1.632842235097253e-05	0.0	0.000421944512880635	0.0031045751633986926	0.0	7.909624325710004e-05	0.0	0.0001513815619385412	0.008344257923749907	0.0	0.0001511625371497405	0.0	0.00020512474764885696	0.0017200666903050101	0.00034305405402202733	0.0	7.78056800178335e-05	0.0014577259475218659	7.20625617572575e-05	0.00012493958513481968	0.0033201116497722934	0.00021370611855946566	0.0029932401649312977	0.0	0.00037623143442575506	0.0	0.00021308583807843926	5.059369515112524e-05	0.0013403328493242488	0.00016767011501187722	0.0010156076719237011	0.0007927040443298573	0.0003347045261316076	0.0002508196349461981	9.57018345926388e-06	0.0	7.813240740095503e-06	0.00044469149527515285	7.307265575330671e-05	0.0	0.0003213824200767049	0.0	1.9814306122330627e-05	0.0
106591	Ensifer	0.0	0.0	0.0	0.0	0.0	0.0	0.0	4.466174267976173e-06	0.0	0.0	0.0	0.0	0.0	4.3067042630906e-06	6.0724279252743e-06	0.0	0.0	0.0	0.0	0.0	0.0	0.0	0.0	0.0	0.0	0.0	0.0	0.0	0.0	0.0	0.0	0.0	0.0	0.0	0.0	0.0	0.0	0.0	0.0	0.0	0.0	0.0	0.0	0.0	0.0	0.0	0.00015863056834728256	0.0	0.0	0.0	0.0002568203308312807	0.0	0.0	0.0	0.0	0.0	0.0	0.0	0.0	0.0	0.0	0.0	0.0	0.0
106633	Thioalkalivibrio	0.0	0.0	0.0	0.0	0.0	0.0	0.0	0.0	0.0	0.0	0.0	0.0	0.0	0.0	0.0	0.0	0.0	2.5168946553741994e-05	1.366792411568531e-05	0.0	0.0	0.0	0.0	0.0	0.0	0.0	0.0	0.0	0.0	0.0	0.0	0.0	0.0	0.0	0.0	0.0	0.0	0.0	0.0	0.0	0.0	0.0	0.0	0.0	0.0	0.0	0.0	0.0	0.0	0.0	0.0	0.0	0.0	0.0	0.0	0.0	0.0	0.0	0.0	0.0	0.0	0.0	0.0	0.0
110932	Leifsonia	0.0	0.0	0.0	0.00446470764981457	0.00011191647081284275	0.0	0.0	1.214799400889519e-05	1.0357528790966288e-05	0.0	0.0	4.1375686111248554e-05	0.0	0.0	0.0	0.0	1.3013155486875012e-05	0.0	0.0	0.0	0.0	0.0	0.00010761000999640356	0.0	0.00020569206028647294	0.0019855128986034365	0.0	1.975863760242004e-06	0.0	0.0	0.0	0.0	1.3674983176590464e-05	0.0005205464983817794	1.9552303597110368e-05	0.0	0.000309529451735799	0.0	7.75507701030089e-06	0.0	0.0	3.0658261734269337e-06	0.006807053097311252	0.0	0.0	2.355176284944928e-05	0.0	0.0	0.0	6.313937385384498e-06	0.00022763620232772608	0.0	0.0	0.0	0.0	0.0005440224926821753	0.0	0.000311284046692607	9.919524766511685e-05	0.0	0.0	0.0	1.6109191969374493e-05	0.0
110934	Agreia	0.0	0.0	0.0	0.0	0.0	0.0	0.0	0.0	0.0	0.0	0.0	0.0	0.0	0.0	0.0	0.0	0.0	0.0	0.0	0.0	0.0	0.0	0.0	0.0	0.0	0.0	0.0	0.0	0.0	0.0	0.0	0.0	0.0	0.0	0.0	0.0	1.9303259025099063e-05	0.0	0.0	0.0	0.0	0.0	0.0	0.0	0.0	0.0	0.0	0.0	0.0	0.0	0.0	0.0	0.0	0.0	0.0	0.0	0.0	0.0	0.0	0.0	0.0	0.0	0.0	0.0
113604	Tetrapisispora	0.0	0.0	0.0	0.0	0.0	0.0	0.0	0.0	0.0	0.0	0.0	0.0	0.0	0.0	0.0	0.0	0.0	0.00010382190453418572	0.0	0.0	0.0	0.0	0.0	0.0	0.0	0.0	0.0	0.0	0.0	0.0	0.0	0.0	0.0	0.0	0.0	0.0	0.0	0.0	0.0	0.0	0.0	0.0	0.0	0.0	0.0	0.0	0.0	0.0	0.0	0.0	0.0	0.0	0.0	0.0	0.0	0.0	0.0	0.0	0.0	0.0	0.0	0.0	0.0	0.0
114248	Tepidimonas	0.0	1.9312609064511013e-06	4.290324933403996e-06	0.0	0.0	2.1544474104003793e-05	0.0007190672670307658	4.287527297257126e-06	0.0	3.488877216025273e-06	0.0	7.635307024653085e-05	0.0001657091325472367	6.846555495169672e-06	4.394520209080085e-06	0.0	8.743213842744149e-06	0.0	0.0	0.0	0.0	0.0	0.0	0.0	0.0	3.0674443368404447e-06	0.0	1.2767119681563716e-05	0.0	0.0	5.009284856814012e-06	0.0	8.268594478868653e-06	0.0	4.246207346847201e-05	0.0	0.0	0.0	1.6941860545580405e-05	0.0	0.0	2.8854834573429964e-06	0.0	0.0	9.646959857070642e-06	1.7271292756262806e-05	0.0	0.0	0.0	3.893594720987107e-05	9.33892112113748e-05	0.00045253395928733595	0.0	1.2213825701727908e-05	0.0	0.0	4.012204704373367e-06	0.0	1.553235194756278e-05	0.0	0.0	0.0	0.0	0.0
116071	Micropruina	0.0	0.0	0.0	0.0	0.0	0.0	0.0	0.0	0.0	0.0	0.0	0.0	0.0	0.0	0.0	0.0	0.0	0.0	0.0	0.0	0.0	0.0	0.0	0.0	0.0	2.410134836088921e-06	0.0	0.0	0.0	0.0	0.0	0.0	0.0	0.0	2.7649722258539915e-06	0.0	6.688409925363272e-06	0.0	0.0	0.0	0.0	0.0	0.0	0.0	0.0	0.0	0.0	0.0	0.0	0.0	0.0	0.0	0.0	0.0	0.0	0.0	0.0	0.0	0.0	0.0	0.0	0.0	0.0	0.0
117156	Actinopolymorpha	0.0	0.0	0.0	0.0	0.0	0.0	0.0	0.0	0.0	0.0	0.0	0.0	0.0	0.0	0.0	0.0	0.0	0.0	0.0	0.0	0.0	0.0	0.0	0.0	0.0	0.0	0.0	0.0	0.0	0.0	0.0	0.0	0.0	0.0	0.0	0.0	1.0159610013210032e-06	0.0	0.0	0.0	0.0	0.0	0.0	0.0	0.0	0.0	0.0	0.0	0.0	0.0	0.0	0.0	0.0	0.0	0.0	0.0	0.0	0.0	0.0	0.0	0.0	0.0	0.0	0.0
117563	Granulicatella	0.0031125995094803917	0.0006306946331638882	0.0025629046312702817	0.0011003070985325008	0.0007044154339396572	0.0021409051695350056	0.0004964988272355287	0.012379520482947074	2.5519453466898865e-05	0.0008311641442084395	0.007139136533076221	7.933894450198177e-05	0.004765645502872383	5.907914822444798e-06	0.00011569573204996298	0.0015168658685415853	0.0013525548484170716	0.0	0.00018016809061585182	0.000804143607676891	0.005992216994684785	9.820295310548793e-06	0.0003341573994625163	0.0	0.0013650473091738659	0.004200426812969155	0.0012194502311874396	0.001613520744517624	0.004736861849302499	0.0005253795175725623	0.0005053484429080018	0.0015784489108702515	0.001971741760345602	0.0007845918236478993	0.0014843950892513284	0.0013351022738723004	0.0032553083750660483	0.001784082502937209	0.00015152227389357122	0.0010751380089233167	0.0005876303804906713	0.0007255187468056797	3.3180236319852377e-05	0.0007579556187833063	0.0005608099330243734	0.00103549250661412	0.0002272915606170019	0.000778893059919175	0.0020607617558360326	0.005486811587899128	0.0022938725003793935	0.004470696886904991	0.00135824292077514	0.0017884530491815865	0.004385104182400778	0.0007077106763210599	0.0007612630504876835	0.010161200667037244	0.01135238423367435	0.0004651350914091571	0.0012910181846345053	0.0006281856050185531	0.0006430789434174297	0.00015933715742511153
118747	Bulleidia	0.0	1.9312609064511013e-06	2.709678905307787e-06	0.0	0.0	9.848902447544591e-06	0.0	0.0	0.0	1.6227335888489642e-06	0.0	0.0	0.0	0.0	0.0	0.0	0.0	0.0	0.0	0.0	0.0	0.0	0.0	0.0	0.0	0.0	0.0	0.0	0.0	0.0	0.0	0.0	0.0	0.0	0.0	0.0	0.0	0.0	3.3406485582834604e-06	0.0	0.0	0.0	0.0	0.0	0.0	0.0	0.0	0.0	0.0	3.8585172910683044e-06	0.0	0.0	0.0	0.0	0.0	0.0	0.0	0.0	0.0	0.0	0.0	0.0	0.0	0.0
119044	Filomicrobium	0.0	0.0	0.0	0.0	0.0	0.0	0.0	0.0	0.0	0.0	1.1639896521319925e-05	0.0	0.0	0.0	0.0	0.0	0.0	0.0	0.0	0.0	0.0	0.0	0.0	0.0	0.0	0.0	0.0	0.0	0.0	0.0	0.0	0.0	0.0	0.0	0.0	0.0	0.0	0.0	0.0	0.0	0.0	0.0	0.0	0.0	0.0	0.0	0.0	0.0	0.0	0.0	0.0	0.0	0.0	0.0	0.0	0.0	0.0	0.0	0.0	0.0	0.0	0.0	0.0	0.0
119977	Acidithiobacillus	0.0	0.0	0.0	0.0	0.0	0.0	0.0	0.0	0.0	0.0	0.0	0.0	0.0	0.0	0.0	0.0	0.0	0.0	0.0	0.0	0.0	0.0	0.0	0.0	0.0	0.0	0.0	0.0	0.0	0.0	0.0	0.0	0.0	0.0	0.0	0.0	0.0	0.0	0.0	0.0	0.0	0.0	0.0	0.0	0.0	0.0	0.0	0.0	0.0	0.0	0.0	9.235386924231347e-06	0.0	0.0	0.0	0.0	0.0	0.0	0.0	0.0	0.0	0.0	0.0	0.0
120212	Subtercola	0.0	0.0	0.0	0.0	0.0	0.0	0.0	0.0	0.0	0.0	0.0	0.0	0.0	0.0	0.0	0.0	0.0	0.0	0.0	0.0	0.0	0.0	0.0	0.0	0.0	3.505650670674794e-06	0.0	0.0	0.0	0.0	0.0	0.0	0.0	0.0	0.0	0.0	4.487161089167765e-06	0.0	0.0	0.0	0.0	0.0	0.0	0.0	0.0	0.0	0.0	0.0	0.0	0.0	0.0	0.0	0.0	0.0	0.0	0.0	0.0	0.0	0.0	0.0	0.0	0.0	0.0	0.0
120831	Dyadobacter	0.0	4.000469020505852e-06	0.0	0.0	0.0	0.0	0.0	0.0	0.0	0.0	0.0	0.0	0.0	0.0	0.0	0.0	0.0	0.0	1.366792411568531e-05	0.0	0.0	0.0	0.0	0.0	0.0	0.0	0.0	0.0	0.0	0.0	0.0	0.0	0.0	0.0	0.0	0.0	0.0	0.0	0.0	0.0	0.0	0.0	0.0	0.0	1.9293919714141284e-05	0.0	0.0	0.0	0.0	0.0	0.0	0.0	0.0	0.0	0.0	0.0	0.0	0.0	0.0	0.0	0.0	0.0	0.0	0.0
122277	Pectobacterium	0.0	0.0	0.0	0.010515691366680163	0.0001431872494223135	0.0004970617953995161	0.0	9.861312783691389e-05	0.00026555206345995496	0.013063329936951931	0.0	0.0015031744108870094	0.03508219162007491	0.0	4.546330907211943e-05	0.005049631653581434	0.007157235517781257	0.0	0.0006610305117767804	0.0	0.0	0.0	0.0	0.0	0.0	2.0157491356380066e-05	0.0	6.961120016852598e-05	0.0	0.0	1.738516509129569e-05	0.0	0.0009651993939756293	0.00017351549946059312	0.0005660293142355385	0.0	1.794864435667106e-05	0.0	1.4674991881030915e-05	0.0	0.0	0.0001383228632363799	0.00015952036692236718	0.0	0.0	0.0	0.0	0.0	0.0	0.0	0.0	0.0	0.0	0.0	0.0	0.0	0.0	0.0007559755419677598	0.0	0.0	0.0	0.0	0.0	0.0
123375	Solobacterium	0.0	4.869536428408848e-05	9.709682744019569e-05	2.0454426831693922e-05	6.254155721894153e-05	0.00038933942487949714	0.0	4.233933206041412e-05	2.99494808413483e-06	6.215069645291532e-05	0.00052864530034328	0.0	0.00010561078401256713	0.0	6.23222866014994e-06	0.00013340514153297332	9.556536060673837e-05	0.0	0.0	0.0	2.1980568549386098e-05	0.0	3.398210841991691e-05	0.0	0.0	5.762413289921692e-05	0.0	8.693800545064817e-05	0.0001409297510815598	0.0	8.751515308669186e-05	0.0	0.00011862252848530798	0.0	4.957200204923941e-05	5.03812178819736e-05	0.00013215959358850717	0.0	4.71270064472131e-05	5.918190874807248e-05	0.0	6.708749038322466e-05	0.0	0.0	3.5372186142592354e-05	0.00020411527802856043	0.0	0.00015615338009606556	0.0	0.00012978649069957023	0.0	8.38880978951014e-05	0.00015689274662419108	9.465714918839128e-05	0.0003561722494658569	9.628716684640271e-05	0.00010811835834942966	0.0	0.000211804799284947	0.0	5.549487709104392e-05	0.0	3.914533648558002e-05	0.0
124426	Ustilaginoidea	0.0	0.0	0.0	0.0004549346657393993	0.0007439153648147783	7.509788116252751e-05	0.0	4.644821238695219e-06	1.1231055315505614e-06	1.0547768327518267e-06	0.0	0.0	2.039834457563602e-05	0.0	0.0	0.0	0.0	0.0021645294036218114	0.0020178826148975404	0.0	0.0	0.0	0.0	0.0	0.0	0.0	0.0	1.1095234961358944e-05	0.0	0.0	0.0	0.0	7.632548749724911e-06	0.0	6.122438500105266e-06	0.0	0.0	0.0	0.0	0.0	0.0	5.157801680000606e-05	0.0007918591014026307	0.0	0.0	0.0	0.0	0.0	0.0	0.0	0.0	0.0	0.0	0.0	0.0	0.0	0.0	0.0	0.0	0.0	0.0	0.0	0.0	0.0
125216	Roseomonas	0.0	2.6761758275108116e-05	5.4870997832482685e-05	0.0	0.0	6.74034261253833e-05	0.0	3.1977807758709396e-05	0.0	0.0	0.0	2.0901119788156488e-05	2.752679832518624e-05	1.3748325147558456e-05	2.101379663614659e-05	0.0	0.0	0.0	0.0	0.0	1.4444373618168007e-05	0.0	0.0	0.0	0.0	0.00011459095629768233	0.0	0.0	0.0	0.0	2.2983777578323114e-05	0.0	2.1307531926315374e-05	0.0	0.0	0.00012035513160693693	0.0016584716712397612	0.0	7.277841501974681e-06	0.0003386520333917481	0.0	0.0	0.00011740699005486224	0.0	0.0	0.0	0.0	0.0008313605956314531	0.0	0.00565378015431263	0.0	0.0003986608688959865	0.0006514784526490219	2.2246611099575833e-05	0.0	0.0	1.7315830829400845e-05	0.0	1.5179343948754535e-05	0.0	2.3783518753304536e-05	0.0	0.0	0.0
125287	Ornithinimicrobium	0.0	5.655835511749654e-06	5.193551235173258e-06	0.0	3.456243951573085e-05	4.6166730222865275e-06	0.0	1.7864697071904692e-06	2.0590268078426958e-06	1.4604602299640678e-06	0.0	0.0	2.4127074229246904e-06	0.0	0.0	0.0	3.049958317236331e-06	0.0	0.0	0.0	0.0	2.5180244386022546e-06	0.0001217692218380356	0.0	0.0	5.389937906162496e-05	0.0	4.8636646405957015e-06	0.0	0.0	9.723905898521318e-06	0.0	4.356913244634636e-05	0.0	7.109928580767406e-06	0.0	1.3376819850726544e-05	0.0	0.0	0.0	0.0	4.3282251860144944e-06	0.0	0.0	0.0	2.2766704087800973e-05	0.0	1.1867656887300983e-05	0.0	1.6135617762649274e-05	7.00419084085311e-05	0.0	1.4942166345161055e-05	1.0905201519399917e-05	4.150922946186743e-06	0.0	2.9563613611172176e-06	0.0	0.0	0.0	0.0	0.0001841233669881966	2.7385626347936636e-06	0.0
129337	Geobacillus	0.0	0.0	3.793550467430902e-05	0.0	0.0	0.0	0.0	0.0	0.0	0.00019594508085351244	0.0	0.00019024284541873046	0.0	0.0	0.0	0.0	0.0	0.0	0.0	0.0	0.0	0.0	0.0	0.0	0.0	0.0	0.0	0.0	0.0	0.0	0.0	0.0	0.000279224075094103	0.0	0.0001801181907127743	0.0	2.0742537110303817e-05	0.0	0.0	0.0	0.0	0.0	0.0	0.0	0.0	0.0	0.0	0.0	0.0	0.0	0.0	0.0	0.0	0.0	0.0	0.0	0.0	0.0	0.0	0.0	0.0	0.0	0.0	0.0
130795	Crossiella	0.0	0.0	0.0	0.0	0.0	0.0	0.0	0.0	0.0	0.0	0.0	0.0	0.0	0.0	0.0	0.0	0.0	0.0	0.0	0.0	0.0	0.0	0.0	0.0	0.0	0.0	0.0	0.0	0.0	0.0	0.0	0.0	0.0	0.0	0.0	0.0	3.5558635046235114e-06	0.0	0.0	0.0	0.0	0.0	0.0	0.0	0.0	0.0	9.470481692375078e-05	0.0	0.0	0.0	0.0	0.0	0.0	0.0	0.0	0.0	0.0	0.0	0.0	0.0	0.0	0.0	0.0	0.0
131079	Limnobacter	0.0	0.0	3.838711782519365e-06	0.0	0.0	0.0	0.0	0.0	0.0	0.0	0.0	0.0	0.0	0.0	0.0	0.0	0.0	0.0	0.0	0.0	0.0	0.0	0.0	0.0	0.0	0.0	0.0	0.0	0.0	0.0	0.0	0.0	0.0	0.0	0.0	0.0	0.0	0.0	0.0	0.0	0.0	0.0	0.0	0.0	9.646959857070642e-06	0.0	0.0	0.0	0.0	0.0	0.0	0.0	0.0	0.0	0.0	0.0	0.0	0.0	0.0	0.0	0.0	0.0	0.0	0.0
133925	Olsenella	0.0	0.00022333652911030947	5.6677450436021205e-05	5.572067998978689e-05	1.9749965437560483e-05	0.0007749855113411651	0.0	8.45000171501092e-05	8.735265245393255e-07	3.529445555746497e-05	1.7459844781979887e-05	0.0	0.0001528779157980463	0.0	6.7116308647768575e-06	0.0	4.066611089648441e-05	0.0	0.0	0.00012371440118106016	1.1304292396827136e-05	0.0	0.0	0.0	0.0	7.668610842101112e-06	0.0	4.726874072578948e-05	1.1152714114368041e-05	0.0	5.36288143494206e-05	0.0	0.00011671439129787676	0.0	3.31796667102479e-05	0.0	1.5154751603038299e-05	0.0	3.937192943691221e-06	4.9318257290060396e-05	0.0	5.9152410875531425e-05	0.0	0.0	4.373288468538691e-05	2.747705665769083e-05	0.0	1.124304336691672e-05	0.0	0.00010874003274828857	0.0	0.0002439681379151114	6.275709864967642e-05	0.00011952100865262309	1.4989443972341017e-06	0.0	0.00022003775273458147	0.0	9.248809568776019e-05	0.0	7.31800577024755e-06	0.0	6.282584868056052e-06	0.0
135575	Idiomarina	0.0	0.0	0.0	0.0	0.0	0.0	0.0	0.0	0.0	0.0	0.0	0.0	0.0	0.0	0.0	0.0	0.0	0.0	0.0	0.0	0.0	0.0	0.0	0.0	0.0	0.0	0.0	0.0	0.0	0.0	0.0	0.0	0.0	0.0	0.0	0.0	0.0	0.0	0.0	0.0	0.0	2.1641125930072472e-06	0.0	0.0	0.0	0.0	0.0	0.0	0.0	0.0	0.0	0.0	0.0	0.0	0.0	0.0	0.0	0.0	0.0	0.0	0.0	0.0	0.0	0.0
135858	Catenibacterium	0.0	1.3932667967968658e-05	2.9354854807501023e-06	0.0	0.0	8.31001144011575e-06	0.0	7.145878828761877e-06	0.0	1.9310529707302676e-05	1.648985340520323e-05	0.0	0.0	1.490782244915977e-06	0.0	0.00013340514153297332	0.00014395803257355482	0.0	0.0	0.0	0.0	0.0	0.0	0.0	0.0	3.286547503757619e-06	0.0	0.0	0.0	0.0	0.0	0.0	0.0	0.0	0.0	0.0	1.7779317523117557e-06	0.0	0.00012050196585236767	0.0	0.0	1.5509473583218604e-05	0.0	0.0	0.0	0.0	0.0	1.1867656887300983e-05	0.0	0.0	0.0	0.0	0.0	1.1341409580175914e-05	4.496833191702305e-06	0.0	2.111686686512298e-05	0.0	0.0	0.0	1.2806510097933212e-05	0.0	0.0	0.0
141450	Oleiphilus	0.0	0.0	0.0	0.0	0.0	0.0	0.0	0.0	0.0	0.0	0.0	0.0	0.0	0.0	0.0	0.0	0.0	2.044976907491537e-05	0.0	0.0	0.0	0.0	0.0	0.0	0.0	0.0	0.0	0.0	0.0	0.0	0.0	0.0	0.0	0.0	0.0	0.0	0.0	0.0	0.0	0.0	0.0	0.0	0.0	0.0	0.0	0.0	0.0	0.0	0.0	0.0	0.0	0.0	0.0	0.0	0.0	0.0	0.0	0.0	0.0	0.0	0.0	0.0	0.0	0.0
141948	Thermomonas	0.0	0.0	0.0	0.0	0.0	0.0	0.0	0.0	0.0	0.0	0.0	0.0	0.0	0.0	0.0	0.0	0.0	0.0	0.0	0.0	0.0	3.2734317701829313e-06	0.0	0.0	0.0	1.1612467846610255e-05	0.0	3.0397904003723133e-06	0.0	0.0	0.0	0.0	0.0	0.0009354748666571107	4.344956354913415e-06	0.0	0.0	0.0	0.0	0.0	0.0	4.3282251860144944e-06	0.0	0.0	0.0	0.0	0.0	0.0010530983953678662	0.0	0.0	0.0	0.0	0.0005050452224664437	0.0	0.0	0.0	0.0	0.0	0.0	0.0	0.0	0.0	0.0	0.0
146784	Bacteriovorax	0.0	0.0	0.0	0.0	0.0	0.0	0.0	0.0	0.0	0.0	0.0	0.0	0.0	0.0	0.0	0.0	0.0	0.0	0.0	0.0	0.0	0.0	0.0	0.0	0.0	0.0	0.0	0.0	0.0	0.0	0.0	0.0	0.0	0.0	0.0	0.0	0.0	0.0	0.0	0.0	0.0	0.0	0.0	0.0	0.0	0.0	0.0	0.0	0.0	0.0	0.0	0.0	0.0	0.0	0.0	0.0	0.0	0.0	0.0	0.0	0.0	4.9821616949747315e-05	0.0	0.0
146918	Salinibacter	0.0	0.0	0.0	0.0	0.0	0.0	0.0	0.0	0.0	0.0	0.0	0.0	0.0	0.0	0.0	0.0	0.0	0.0	0.0	0.0	0.0	0.0	0.0	0.0	0.0	0.0	0.0	0.0	0.0	0.0	0.0	0.0	0.0	0.0	0.0	0.0	0.0	0.0	0.0	0.0	0.0	0.0	0.0	0.0	2.1223311685555414e-05	0.0	0.0	0.0	0.0	0.0	0.0	0.0	0.0	0.0	1.1530341517185397e-06	0.0	0.0	0.0	0.0	0.0	0.0	0.0	0.0	0.0
146936	Azonexus	0.0	0.0	9.709682744019569e-06	0.0	0.0	0.0	0.0	0.0	0.0	0.0	0.0	0.0	0.0	0.0	0.0	0.0	0.0	0.0	0.0	0.0	0.0	0.0	0.0	0.0	0.0	0.0	0.0	0.0	0.0	0.0	0.0	0.0	0.0	0.0	0.0	0.0	0.0	0.0	0.0	0.0	0.0	0.0	0.0	0.0	0.0	0.0	0.0	0.0	0.0	0.0	0.0	0.0	0.0	0.0	0.0	0.0	0.0	0.0	0.0	0.0	0.0	0.0	0.0	0.0
146937	Azospira	0.0	0.0	1.0838715621231148e-05	0.0	0.0	0.0	0.0	0.0	0.0	0.0	0.0	0.0	0.0	0.0	0.0	0.0	0.0	0.0	0.0	0.0	0.0	0.0	0.0	0.0	0.0	5.8938751900719974e-05	0.0	0.0	0.0	0.0	0.0	0.0	0.0	0.0	0.0	0.0	0.0	0.0	3.102030804120356e-06	0.0	0.0	9.738506668532612e-06	0.0	0.0	1.543513577131303e-05	0.0	0.0	0.0	0.0	0.0	0.0005720089186696707	0.0	0.0	1.439486600560789e-05	0.0	0.0	0.0	0.0	0.0	0.0	0.0	0.0	0.0	0.0
149698	Massilia	0.000301482151441818	1.986439789492561e-05	9.258069593134938e-05	6.630055593721479e-05	0.00018104134984430444	6.955787353578368e-05	0.0	0.00010486577181208053	0.0	0.0	0.0	0.0	0.0	0.0	1.9176088185076735e-06	0.002213537163213779	1.850308045790041e-05	0.0	0.0	0.0001567049081626762	8.164211175486266e-06	6.8826001321794965e-06	0.00016141501499460534	0.0	0.0003926848423650847	0.0002175694447487544	0.0	2.1886490882680658e-05	0.00013991586798025362	0.00028573272008332334	0.0002575361744032616	0.01406573362797713	0.00021212125066943813	0.00024141286881473826	0.00015720842084141265	0.0	6.0619006412153195e-05	0.0	8.351621395708651e-05	0.0	0.0	7.141571556923916e-05	0.0	0.00027986053616614387	6.495619637094233e-05	0.0	0.0	0.00010618429846532458	0.0015357980565173686	0.00011750939022798926	0.00047278288175758496	7.927040443298572e-05	0.0010429632108922417	3.795010128751171e-05	0.0	0.00022146048374672623	0.0	0.0003779877709838799	0.00011402158361506314	0.0	0.0	0.0006086901896903912	3.2218383938748987e-06	0.0
150022	Finegoldia	0.0030963031769700227	0.0006639399101963678	0.001417613680626857	0.0002518010475487838	0.0007784778043305091	0.0014182419524464212	0.0015066171309216045	0.0045908698535380675	3.843516707973032e-05	0.00021144218662702004	0.0009544715147482339	5.630505738850319e-05	0.0002144019550826259	1.0821974814945611e-05	0.00016028013708026639	0.002727394004674121	0.0017144832353957829	0.0	0.00014537701104865285	0.0005773338721782807	0.0005272196370631323	0.00027849350290940937	0.0005776958431385875	0.00025676937441643325	0.0011780545270952542	0.00037882937559979493	0.005741578171840862	0.003491959222427695	0.00017337401032335774	0.0013917948623413492	0.002932494287941944	0.003893507313479954	0.003901186479703145	0.0027988804478208716	0.0026774806047073258	0.0008620786170915483	0.0007428368187992069	0.0033288368652364996	0.005922492658328248	0.0009304711208724728	0.003995886587336565	0.0022811550157457224	2.3609014304510342e-05	0.0007812773301304849	0.00044954832933949196	0.00048202607965206195	0.0003125258958483776	0.006000662090331607	0.00041326929520831007	0.0015816413150388166	0.0033328274751059385	0.0014468772847962444	0.003741518452828328	0.002920849174956074	0.0002039717414390097	0.007414111847173009	0.006498504609072946	0.0007003891050583658	0.0009015824289562577	0.019646901795825917	0.00033967743450232375	9.314476212344064e-05	5.944291836699188e-05	0.00045809432759719566
150247	Anoxybacillus	0.00020370415637960677	0.0	9.958069977006117e-05	0.0	6.583321812520161e-05	2.277558690994687e-05	0.001095721549761167	3.1977807758709396e-05	2.8077638288764035e-06	9.192785780829383e-05	4.267962057817306e-05	6.14236989692762e-05	1.4914918614443542e-05	0.0	0.0	0.0	0.0	0.0	0.0	0.0	2.8574739114201928e-05	6.462929392412454e-06	0.0	0.0	0.0	8.98322984360416e-06	0.0	0.0	4.0555324052247425e-05	0.0	0.0	0.0	0.00015296899785907008	0.0	9.321906361450599e-05	0.0	0.0	0.0	1.324328535605229e-05	0.000703607137338195	0.0	0.0	0.0	0.0	0.0	0.0	0.0	0.0	0.0	3.2972784123674596e-05	0.0	3.078462308077116e-05	0.0	0.0	1.0838521026154274e-05	0.0	0.0	0.0	0.0	0.0	0.0	0.0	1.9653214202636883e-05	0.0
150366	Akanthomyces	0.0	0.0	0.0	0.00015587683895877094	0.0004213325960012903	6.863453893132637e-05	0.0	2.3224106193476097e-06	1.1231055315505614e-06	1.135913512194275e-06	0.0	0.0	4.606077807401682e-06	0.0	0.0	0.0	0.0	0.007505065250493941	0.006778047822823942	0.0	0.0	0.0	0.0	0.0	0.0	0.0	0.0	3.951727520484008e-06	0.0	0.0	0.0	0.0	0.0	0.0	4.344956354913415e-06	0.0	0.0	0.0	0.0	0.0	0.0	0.00019134362176505745	0.00026416572762344003	0.0	2.25095729998315e-05	0.0	0.0	0.0	0.0	0.0	0.0	0.0	0.0	0.0	0.0	0.0	0.0	0.0	0.0	0.0	0.0	0.0	0.0	0.0
150830	Roseibium	0.0	0.0	0.0	0.0	0.0	0.0	0.0	0.0	0.0	0.0	0.0	0.0	0.0	7.067412124046113e-06	6.631730497339038e-06	0.0	0.0	0.0	0.0002422950184144214	0.0	0.0	0.0	0.0	0.0	0.0	0.0	0.0	0.0	0.0	0.0	0.0	0.0	0.0	0.0	0.0	0.0	0.0	0.0	0.0	0.0	0.0	0.0	0.0	0.0	0.0	0.0	0.0	0.0	0.0	0.0	0.0	0.0	0.0	0.0	0.0	0.0	0.0	0.0	0.0	0.0	0.0	0.0	0.0	0.0
152053	Starkeya	0.0	0.0	0.0	0.0	0.0	0.0	0.0	0.0	0.0	0.0	0.0	0.0	0.0	1.8220671882306387e-06	1.837708451069854e-06	0.0	0.0	0.0	0.0	0.0	0.0	0.0	0.0	0.0	0.0	0.0	0.0	0.0	0.0	0.0	0.0	0.0	0.0	0.0	0.0	0.0	1.523941501981505e-06	0.0	0.0	0.0	0.0	0.0	0.0	0.0	0.0	0.0	0.0	0.0	0.0	0.0	0.0	0.0	0.0	0.0	0.0	0.0	0.0	0.0	0.0	0.0	0.0	0.0	0.0	0.0
152161	Stappia	0.0	0.0	0.0	0.0	0.0	0.0	0.0	0.0	0.0	0.0	0.0	0.0	0.0	1.656424716573308e-06	2.157309920821133e-06	0.0	0.0	0.0	0.0	0.0	0.0	0.0	0.0	0.0	0.0	0.0	0.0	0.0	0.0	0.0	0.0	0.0	0.0	0.0	0.0	0.0	0.0	0.0	0.0	0.0	0.0	0.0	0.0	0.0	0.0	0.0	0.0	0.0	0.0	0.0	0.0	0.0	0.0	0.0	0.0	0.0	0.0	0.0	0.0	0.0	0.0	0.0	0.0	0.0
152267	Pigmentiphaga	0.0	0.0	0.0	0.0	0.0	0.0	0.0	0.0	0.0	0.0	0.0	0.0	0.0	0.0	0.0	0.0	0.0	0.0	0.0	0.0	0.0	0.0	0.0	0.0	0.0	0.0	0.0	0.0	0.0	0.0	0.0	0.0	4.4523201040061975e-06	0.0	0.0	0.0	0.0	0.0	0.0	0.0	0.0	0.0	0.0	0.0	0.0	0.0	0.0	0.0	0.0	0.0	0.0	0.0	0.0	0.0	0.0	0.0	0.0	0.0	0.0	0.0	0.0	0.0	0.0	0.0
154116	Georgenia	0.0	0.0	3.161292056192418e-06	0.0	0.0	0.0	0.0	0.0	0.0	0.0	0.0	0.0	0.0	0.0	0.0	5.92911740146548e-05	0.0	0.0	1.8638078339570877e-05	0.0	0.0	0.0	0.0	0.0	0.0	0.0	0.0	0.0	0.0	0.0	0.0	0.0	1.7491257551452918e-05	0.0	0.0	0.0	1.803330777344781e-05	0.0	0.0	0.0	0.0	0.0	0.0	0.0	0.0	0.0	0.0	0.0	0.0	0.0	0.0	0.0	0.0	0.0	0.0	0.0	0.0	0.0	0.0	0.0	0.0	0.0	0.0	0.0
155493	Gallibacterium	0.0	0.0	2.709678905307787e-06	0.0	0.0	0.0	0.0	0.0	0.0	0.0	0.0	0.0	0.0	0.0	0.0	0.0	0.0	0.0	0.0	0.0	0.0	0.0	0.0	0.0	0.0	3.7247538375919685e-06	0.0	0.0	2.2305428228736082e-05	0.0	0.0	0.0	0.0	0.0	0.0	0.0	0.0	0.0	2.3861775416310432e-06	0.0	0.0	0.0	0.0	0.0	0.0	0.0	0.0	0.0	0.0	0.0	0.0	0.0	0.0	0.0	2.4213717186089336e-06	0.0	0.0	0.0	0.0	0.0	0.0	0.0	0.0	0.0
156973	Dysgonomonas	0.0	0.0	0.0	0.0	0.0	0.0	0.0	0.0	0.0	0.0	1.4549870651649906e-05	9.384176231417199e-06	0.0	0.0	0.0	0.0	0.0	0.0	1.2425385559713919e-05	0.0	0.0	0.0	0.0	0.0	0.0	0.0	0.0	0.0	0.0	0.0	0.0	0.0	0.0	0.0	0.0	0.0	0.0	0.0	0.0	0.0	0.0	0.0	0.0	0.0	0.0	0.0	0.0	0.0	0.0	0.0	0.0	0.0	0.0	0.0	0.0	0.0	0.0	0.0	0.0	0.0	0.0	0.0	0.0	0.0
157920	Cellulosimicrobium	0.0	0.0	0.0	0.0	0.0	0.0	0.0	0.0	0.0	2.0284169860612053e-06	0.0	0.0	0.0	0.0	0.0	0.0	0.0	0.0	0.0	0.0	0.0	0.0	0.0	0.0	0.0	0.0	0.0	0.0	0.0	0.0	2.0037139427256048e-05	0.0	0.0	0.0	0.0	0.0	1.3207493017173043e-05	0.0	0.0	0.0	0.0	0.0	0.0	0.0	0.0	0.0	0.00021308583807843926	0.0	0.0	0.0	0.0	0.0	0.0	0.0	0.0	0.0	0.0	0.0	0.0	0.0	0.0	0.0002036187823163586	0.0	0.0
158483	Cedecea	0.0	0.0	0.0	0.0	0.0	0.0	0.0	0.0	0.0	0.0	0.0	0.0	1.9740333460292922e-06	0.0	0.0	0.0	0.0	0.0	0.0	0.0	0.0	0.0	0.0	0.0	0.0	0.0	0.0	0.0	0.0	0.0	0.0	0.0	0.0	0.0	0.0	0.0	0.0	0.0	0.0	0.0	0.0	0.0	0.0	0.0	0.0	0.0	0.0	0.0	0.0	0.0	0.0	0.0	0.0	0.0	0.0	0.0	0.0	0.0	0.0	0.0	1.46360115404951e-05	0.0	0.0	0.0
158846	Megamonas	0.0	1.655366491243801e-06	4.967744659730942e-06	0.0	0.0	0.0	0.0	1.965116677909516e-06	0.0	0.0	1.5519862028426568e-05	0.0	0.0	0.0	0.0	0.0001235232791971975	6.791240519712898e-05	0.0	0.0	0.0	0.0	5.707522060831777e-06	0.0	0.0	0.0	0.0	0.0	0.0	0.0	0.0	0.0	0.0	0.0	0.0001282505865578297	0.00014654352797026154	0.0	0.0	0.004329663635176885	0.011142256030646155	0.0	0.0	0.0	0.0	0.0	7.074437228518472e-06	0.0	0.0	0.0	0.0	0.0	0.0	0.0	0.0	6.106912850863954e-06	0.00010123639852088779	0.0006210522261592975	0.0002166590540361618	0.0	0.0	0.0	0.0	0.0	0.0	0.0
160674	Raoultella	0.0	0.0	0.0	0.0	0.0	0.0	0.0004108955811604376	6.252643975166642e-06	0.0	2.312395364109774e-05	0.0	0.0	0.00012842183601112785	0.0	0.0	0.0	2.175636932961916e-05	0.0	0.0	0.0	0.0	2.76982688246248e-06	0.0	0.0	0.0	0.0	0.0	6.68753888081909e-06	0.0	0.0	0.0	0.0015082956259426848	0.0	0.0	0.0	0.0	0.0	0.0	3.5792663124465646e-06	0.0	0.002732481269281622	0.0	0.0	0.0004081299485756265	0.0	0.0	0.0	0.0	0.0	0.0	0.0	0.0	0.0	0.0	0.0	0.0	0.0	0.0	0.0	0.0	0.0	0.0	0.0	0.00019170251752708732
160795	Ureibacillus	0.0	0.0	0.0	0.0	0.0	0.0	0.0	0.0	0.0	0.0	0.0	0.0	0.0	0.0	0.0	0.0	0.0	0.0	0.0	0.0	0.0	0.0	0.0	0.0	0.0	0.0	0.0	0.0	0.0	0.0	0.0	0.0	0.0	0.0	0.0	0.0	0.0	0.0	0.0	0.0	0.0	0.0	0.0	0.0	0.0	0.0	0.0	0.0	0.0	0.0	0.0	0.0	0.0	2.0937986917247842e-05	0.0	0.0	0.0	0.0	0.0	0.0	0.0	0.0	0.0	0.0
161492	Anaeromyxobacter	0.0	0.0	0.0	0.0	0.0	0.0	0.0	0.0	0.0	0.0	0.0	0.0	0.0	3.588920219242167e-06	4.4744205765179056e-06	0.0	0.0	0.0	0.0	0.0	0.0	0.0	0.0	0.0	0.0	0.0	0.0	0.0	0.0	0.0	0.0	0.0	0.0	0.0	0.0	0.0	0.0	0.0	0.0	0.0	0.0	0.0	0.0	0.0	0.0	0.0	0.0	0.0	0.0	0.0	0.0	0.0	0.0	0.0	0.0	0.0	0.0	0.0	0.0	0.0	0.0	0.0	0.0	0.0
162027	Haliangium	0.0	0.0	0.0	0.0	0.0	0.0	0.0	0.0	0.0	0.0	0.0	0.0	0.0	6.625698866293231e-07	0.0	0.0	0.0	0.0	0.0	0.0	0.0	0.0	0.0	0.0	0.0	0.0	0.0	0.0	0.0	0.0	0.0	0.0	0.0	0.0	0.0	0.0	0.0	0.0	0.0	0.0	0.0	0.0	0.0	0.0	0.0	0.0	0.0	0.0	0.0	0.0	0.0	0.0	0.0	0.0	0.0	0.0	0.0	0.0	0.0	0.0	0.0	0.0	0.0	0.0
162289	Peptoniphilus	0.00045629731029031914	0.0003916321223867626	0.0009468069708296292	0.00024263182172767962	0.0003554993778760887	0.0002717681519119336	0.00032529233508534643	0.0009947063329636531	1.0419923542719098e-05	0.00015578242452950056	0.0003491968956395978	1.322315741699696e-05	8.78444838983035e-05	1.07667606577265e-05	6.991282150809227e-05	0.0011166504439426655	0.0009190541062605478	0.0	0.00010437323870159691	0.00019794304188969623	0.0007680638667399771	4.524050574688717e-05	0.0	0.0	0.0	0.0001595071055157031	0.0015751232152837762	0.0018234182716633323	0.00013281868627111032	0.0007742434995806181	0.0015384397786721152	0.0012978357711599846	0.0021819548738276086	0.0013956681478352055	0.0014725452082833827	0.000335874785879824	0.0004118875226188901	0.0010878551847178103	0.004084897333518182	0.0009896530296205452	0.0021448508887909504	0.001181425133065873	0.0	0.00034982567020767983	0.00030291453951201817	7.850587616483094e-05	0.0001870420134244078	0.004144935321269964	0.0	0.0006142057978782364	0.000776297818194553	0.000306306999653673	0.0008741167311919217	0.0007808124287890341	7.794510865617329e-05	0.0025804960714835927	0.0022922358982090997	0.0	0.0002481646231621962	0.0003437955023458987	6.342271667547876e-05	0.0	3.3184935456911456e-05	0.00028132966857871255
162491	Oerskovia	0.0	0.0	0.0	0.0	0.0	0.0	0.0	0.0	0.0	0.0	0.0	0.0	0.0	0.0	0.0	0.0	0.0	0.0	0.0	0.0	0.0	0.0	0.0	0.0	0.0	0.0	0.0	0.0	0.0	0.0	0.0	0.0	0.0	0.0	0.0	0.0	2.8785561704095094e-06	0.0	0.0	0.0	0.0	0.0	0.0	0.0	0.0	0.0	0.0	0.0	0.0	0.0	0.0	0.0	0.0	0.0	0.0	0.0	0.0	0.0	0.0	0.0	0.0	0.0	0.0	0.0
165301	Lentzea	0.0	0.0	9.032263017692623e-06	0.0	0.0	0.0	0.0	0.0	0.0	0.0	0.0	0.0	0.0	0.0	0.0	0.0	0.0	0.0	0.0	0.0	0.0	0.0	0.0	0.0	0.0	0.0	0.0	0.0	0.0	0.0	0.0	0.0	0.0	0.0	0.0	0.0	1.227619543262879e-05	0.0	0.0	0.0	0.0	0.0	0.0	0.0	0.0	0.0	0.0	0.0	0.0	0.0	0.0	7.234386423981221e-05	0.0	0.0	0.0	0.0	0.0	0.0	0.0	0.0	0.0	0.0	0.0	0.0
165695	Sphingobium	0.0015481515884850114	0.00017091659022092244	0.001406097545279299	0.00032374420399129347	0.0009315400364716029	9.233346044573055e-05	0.0042801623037545585	0.00023527806043698477	3.999503587355055e-05	0.0002450327719161936	0.0	0.00023759028004088087	1.9191990864173673e-05	3.8649910053377185e-06	5.4012648387966145e-05	0.005514079183362897	3.334621093511722e-05	0.0	0.0	0.0010144580896846932	8.164211175486265e-05	3.5839881176105424e-05	0.0012120285336437032	0.0	0.006713040876622162	0.0003566999557411603	0.011432345917382247	0.00014408606497764767	0.0004603029279930083	0.0042583392476933995	0.0002186405508091763	0.03384895997755095	0.0003148426359261525	0.009430190188075713	0.00016076338513179635	0.0007445224420336099	0.0010539748754537642	0.009312040381184456	9.520848391107862e-05	0.0006246979256740984	0.010077861025415014	0.0001828675141091124	0.00020227182525756158	0.0	0.00025853852416949323	0.00027948091914679814	0.006934760219241651	0.0005708967576312157	0.0018597118284373953	0.00035849133377016424	0.004365945624131772	0.0021556932312310003	0.0010414689942577255	0.00022072127875265432	0.0	0.0017476120782622092	0.0	0.0026570316842690384	0.00012567084757573522	0.0	0.0015581253952485408	0.00022744651216188993	0.00014788238227885785	0.0005676386233269599
165696	Novosphingobium	0.0	1.682955932764531e-05	6.661293975548309e-05	0.0	0.0	0.0	0.0	1.214799400889519e-05	0.0	2.223145016723081e-05	0.0	2.8152528694251594e-05	0.0	7.288268752922555e-06	2.5807818682415773e-05	0.0	0.0	0.0	0.0	0.0003422765099342664	0.0	9.48455871873516e-06	0.0	0.0	0.0	5.127014105861886e-05	0.0	3.7085442884542226e-05	0.0001054438425358433	0.0	2.4457096653856647e-05	0.0	6.901096161209607e-05	0.0007016061499928331	1.8564813516448227e-05	0.0	2.9547532455085844e-05	0.0	1.8254258193477478e-05	5.918190874807248e-05	0.0	3.552751506853564e-05	0.0	0.0003381648145340905	0.0	0.0	0.0	0.0	0.0	0.0	0.00019845207382417147	8.0040020010005e-05	6.873396518774086e-05	4.711047056380764e-05	0.0	0.0	0.0	0.0	1.7297391941604003e-05	0.0	0.0	0.0	5.316033349893583e-06	0.0
165697	Sphingopyxis	0.0	0.0	3.9064537551520594e-05	0.0	0.0	2.277558690994687e-05	0.0	0.00034067977316122247	0.0	7.789121226475028e-06	0.0	0.0	0.0	0.0	0.0	0.0	0.0	0.0	0.0	0.0	0.0	0.0	0.0	0.0	0.001608137925876061	2.7387895864646827e-05	0.0	2.1582511842643425e-05	0.00015917964690507114	0.0	4.272625319047246e-05	0.0	2.6395897759465313e-05	0.002021832776323433	2.409475796815621e-05	0.0001595405232929164	1.244552226618229e-05	0.0	0.0	0.0	0.0	0.0	0.0	0.0008978858868663783	0.0	0.0	0.0023581499414013947	3.123067601921311e-05	0.0	0.0	0.0	6.54173240466387e-05	0.0001090778143196757	0.0	0.0	0.0	0.0	0.0	0.0	0.0	0.0	0.0	0.0	0.0
165779	Anaerococcus	0.00014666699259331686	0.00034197112764944857	0.0008424843329752794	0.00022358804502230944	0.0003127077860947077	0.0011092326381547096	0.0016435823246417503	0.0036124203949098477	1.1917397584786513e-05	9.492991494766441e-05	0.00039769646447843077	8.95762276635278e-06	0.00016581880106646054	1.2312757059861588e-05	0.00011202031514782327	0.002119659471023909	0.0015556820723450113	0.0	5.7156773574684025e-05	0.00023093354887131228	0.00023550609160056534	0.0006519165271541237	7.645974394481306e-05	0.0	0.0	0.00013584396348864826	0.0	0.0006306045185572364	0.00019365167234948146	0.0002027780594139714	0.0006638775754354099	0.0007716861342032341	0.0006920177533083919	0.00043001667257625253	0.0005048049292344859	0.00031628209003683425	0.00022334209345706722	0.0006091989034419738	0.0009674756842543064	0.00042084912887518206	0.0006170118995152049	0.000589359996162307	5.6151169156673245e-05	0.0002098954021246079	0.00034664742419740507	0.00039409949834745133	0.00013495436411634486	0.011683395898787625	0.00022897352842622584	0.0007268043479175933	0.0016576584990019027	0.0009166121522299611	0.004805400696603795	0.00183381868750229	0.00041220970923937797	0.0020412879371437373	0.00208106722955787	0.0	0.0008567504131076106	0.011112684031710078	0.0002488121961884167	5.1987774208431985e-05	4.430027791577985e-05	0.0
166953	Kaistia	0.0	0.0	0.0	0.0	0.0	0.0	0.0	0.0	0.0	0.0	0.0	0.0	0.0	0.0	0.0	0.0	0.0	0.0	0.0	0.0	0.0	0.0	0.0	0.0	0.0	0.0	0.0	0.0	0.0	0.0	0.0	0.0	6.678480156009296e-06	0.0	0.0	0.0	0.0	0.0	0.0	0.0	0.0	0.0	0.0	0.0	0.0	0.0	0.0	0.0	0.0	0.0	0.0	0.0	0.0	0.0	0.0	0.0	0.0	0.0	0.0	0.0	0.0	0.0	0.0	0.0
168808	Sneathia	0.0	0.0	2.2580657544231557e-06	0.0	3.9499930875120966e-05	0.0	0.0	1.1969347038176144e-05	3.61889560166292e-06	0.0	0.0	0.0	0.0	0.0	0.0	0.0012401737231398629	0.0	0.0	0.0	0.0	0.0	1.9304854029283953e-06	0.0	0.0	0.0	3.505650670674794e-06	0.0	4.8636646405957015e-06	0.0	0.0	0.0	0.0	0.0	0.0	3.554964290383703e-06	0.0	0.0	0.0	5.846134976996055e-06	0.0	0.0	0.0	0.0	0.0001282694124094826	0.0	0.0	0.0	0.0	0.0	0.0	0.0	0.0	0.0	0.0	0.0	0.0	0.0	0.0	0.0	0.0	0.0	0.0	0.0	0.0
169055	Nordella	0.0	0.0	2.9354854807501023e-06	0.0	0.0	0.0	0.0	0.0	0.0	0.0	0.0	0.0	0.0	1.7668530310115283e-06	2.8764132277615105e-06	0.0	0.0	0.0	0.0	0.0	0.0	0.0	0.0	0.0	0.0	0.0	0.0	0.0	0.0	0.0	0.0	0.0	0.0	0.0	0.0	0.0	0.0	0.0	0.0	0.0	0.0	0.0	0.0	0.0	0.0	0.0	0.0	0.0	0.0	0.0	0.0	0.0	0.0	0.0	0.0	0.0	0.0	0.0	0.0	0.0	0.0	0.0	0.0	0.0
169133	Citricoccus	0.0	4.138416228109503e-06	0.0	0.0	0.0	0.0	0.0	0.0	9.983160280449435e-07	0.0	0.0	0.0	0.0	0.0	0.0	0.0	0.0	0.0	0.0	0.0	0.0	1.5108146631613527e-06	0.0	0.0	0.0	4.162960171426318e-06	0.0	0.0	5.6777453673146395e-05	0.0	1.1491888789161557e-05	0.0	0.0	0.0	0.0	0.0	2.6668976284676338e-05	0.0	1.0857107814421246e-05	0.0	0.0	0.0	0.0	0.0	0.0	0.0	0.0	0.0	0.0	0.0	0.0	0.0	0.0	0.0	0.0	0.0	0.0	0.0	0.0	0.0	0.0	0.0005956932461382832	0.0	0.0
171436	Tistrella	0.0	0.0	0.0	0.0	0.0	0.0	0.0	0.0	0.0	1.6227335888489642e-06	0.0	0.0	0.0	0.0	0.0	0.0003557470440879288	0.0	0.0	0.0	0.0	0.0	0.0	0.0	0.0	0.0	0.0	0.0	0.0	0.0	0.0	0.0	0.0	0.0	0.0	0.0	0.0	0.0	0.0	0.0	0.0	0.0	0.0	0.0	0.0	0.0	0.0	0.0	0.0	0.0	0.0	0.0	0.0	0.0	0.0	0.0	0.0	0.0	0.0	0.0	0.0	0.0	0.0013581806011952857	0.0	0.0
174951	Ramlibacter	0.0	0.0	7.67742356503873e-06	0.0	0.0	0.0	0.0	0.0	0.0	0.0	0.0	0.0	0.0	0.0	0.0	0.0	0.0	0.0	0.0	0.0	0.0	0.0	0.0	0.0	0.0	0.0	0.0	0.0	0.0	0.0	0.0	0.0	0.0	0.0	0.0	0.0	0.0	0.0	0.0	0.0	0.0	0.0	0.0	0.0	0.0	0.0	0.0	0.0	0.0	0.0	0.0	0.0	0.0	0.0	0.0	0.0	0.0	0.0	0.0	0.0	0.0	0.0	0.0	0.0
178440	Opitutus	0.0	0.0	0.0	0.0	0.0	0.0	0.0	0.0	0.0	0.0	0.0	0.0	0.0	7.177840438484334e-07	0.0	0.0	0.0	0.0	0.0	0.0	0.0	0.0	0.0	0.0	0.0	0.0	0.0	0.0	0.0	0.0	0.0	0.0	0.0	0.0	0.0	0.0	0.0	0.0	0.0	0.0	0.0	0.0	0.0	0.0	0.0	0.0	0.0	0.0	0.0	0.0	0.0	0.0	0.0	0.0	0.0	0.0	0.0	0.0	0.0	0.0	0.0	0.0	0.0	0.0
182269	Aurantimonas	0.0	0.0	0.0	0.0	0.0	0.0	0.0	0.0	0.0	0.0	0.0	0.0	0.0	2.1533521315453e-06	1.7578080836320343e-06	0.0	0.0	0.0	0.0	0.0	0.0	4.700312285390875e-06	0.0	0.0	0.0	0.0	0.0	0.0	0.0	0.0	0.0	0.0	0.0	0.0	0.0	0.0	0.0	0.0	0.0	0.0	0.0	0.0	0.0	0.0	0.0	0.0	0.0	0.0	0.0	0.0	0.0	0.0	0.0	0.0	0.0	0.0	0.0	0.0	0.0	0.0	0.0	0.0	0.0	0.0
182639	Kribbella	0.0	0.0	0.0	0.0	0.0	0.0	0.0	0.0	0.0	0.0	0.0	0.0	0.0	0.0	0.0	0.0	0.0	0.0	0.0	0.0	0.0	0.0	0.0	0.0	0.0	0.0	0.0	0.0	0.0	0.0	0.0	0.0	0.0	0.0	0.0	0.0	2.0149893192866565e-05	0.0	0.0	0.0	0.0	0.0	0.0	0.0	0.0	0.0	0.00014442484580871995	0.0	0.0	0.0	0.0	0.0	0.0	0.0	0.0	0.0	0.0	0.0	0.0	0.0	0.0	0.0	0.0	0.0
182709	Oceanobacillus	0.0	0.0	0.0	0.0	0.0	0.0	0.0	0.0	0.0	0.0	0.0	0.0	0.0	0.0	0.0	0.0	0.0	0.0	0.0	0.0	0.0	0.0	0.0	0.0	0.0	0.0	0.0	0.0	0.00015106858209462166	0.0	0.0	0.0	0.0	0.0	0.0	0.0	0.0	0.0	0.0	0.0	0.0	2.524798025175122e-06	0.0	0.0	0.0	0.0	0.0	0.0	0.0	0.0	0.0	0.0	0.0	0.0	0.0	0.0	0.0	0.0	0.0	0.0	0.0	0.0	0.0	0.0
184869	Varibaculum	0.0	2.4692550161053365e-05	0.00011945167840898493	6.206860555824363e-05	2.3041626343820564e-05	3.139337655154839e-05	0.0	5.966808822016167e-05	0.0	1.4198918902428438e-05	0.00010572906006865599	0.0	3.838398172834735e-06	0.0	7.350833804279416e-06	0.000148227935036637	8.641548565502938e-05	0.0	0.0	6.598101396323208e-05	3.5796925923285934e-05	9.232756274874934e-07	0.0	0.0	0.0	3.549471304058229e-05	0.0	7.204303248882383e-05	3.0416493039185567e-05	0.00043320767238439346	0.0002227658442206702	0.0	0.00010431149957957378	0.0	0.00012067128785691347	8.116973992095747e-05	0.00010659124172192859	0.0002828423480266307	0.00014603406554781982	3.28788381933736e-05	0.0003819597473189364	0.0002699730459776541	0.0	0.0	3.15134021997641e-05	2.51218803727459e-05	0.0	0.00010743352550609311	0.0	3.367433272205065e-05	0.0	8.542732904913995e-05	0.0003093028433448338	0.0004916064844945482	1.1991555177872813e-05	0.0008184409181944231	0.0008630463487775763	0.0	0.0001835641593802874	0.0	1.585567916886969e-05	0.0	4.993849510506093e-06	0.0
186188	Xylanimonas	0.0	0.0	0.0	0.0	0.0	0.0	0.0	0.0	0.0	0.0	0.0	0.0	0.0	0.0	0.0	0.0	0.0	0.0	0.0	0.0	0.0	0.0	0.0	0.0	0.0	0.0	0.0	0.0	0.0	0.0	0.0	0.0	0.0	0.0	0.0	0.0	5.926439174372519e-06	0.0	0.0	0.0	0.0	0.0	0.0	0.0	0.0	0.0	4.261716761568785e-05	0.0	0.0	0.0	0.0	0.0	0.0	0.0	0.0	0.0	0.0	0.0	0.0	0.0	0.0	0.0	0.0	0.0
186650	Microvirga	0.0	0.0	1.1290328772115777e-05	0.0	0.0	0.0	0.0	0.0	0.0	0.0	0.0	0.0	0.0	6.476620641801633e-05	7.127112775453521e-05	0.0	0.0	0.0	0.0	0.0	0.0	0.0	0.0	0.0	0.0	4.469704605110362e-05	0.0	0.0	0.0	0.0	7.661259192774372e-06	0.0	0.0	0.0	0.0	0.0	0.0	0.0	0.0	0.0	0.0	0.0	0.0	0.0	0.0	0.0	0.0	0.0	0.0	1.929258645534152e-05	0.0	0.0	0.00035711777564934917	0.0	0.0	0.0	0.0	0.0	0.0	0.0	0.0	0.0	0.0	0.0
189330	Dorea	0.0	0.00504459143485788	9.800005374196495e-05	1.6222476452722766e-05	0.0006698529944239264	0.0039214020651301765	0.00058210207331062	0.0017239432674388028	2.9325533323820214e-05	0.0026792142918690824	8.34192584027928e-05	0.0	2.3249726075456107e-05	0.0	2.668672272423179e-05	0.004723530196500832	0.004240865374839877	0.0	0.0	0.0	0.00011398494833467362	4.3477888639865595e-05	0.0	0.0006302521008403362	0.0	3.593291937441664e-05	0.0	3.176580968389068e-05	0.0	0.0	0.0001246427937901369	0.0	2.1943577655459117e-05	0.00014333889085875085	0.0004901900760406862	0.0	2.0657873693527067e-05	0.005722118271615682	0.024491249051792698	0.0001150759336768076	0.0	4.2741223711893136e-05	0.0	0.0	4.05172313996967e-05	0.00015387151728306862	0.0006108460691581926	0.007622158789249152	0.0	3.542820421799079e-05	0.0001400838168170622	0.0007034286373956209	0.0003944731915122518	0.0006006584996885475	0.0011974259665597036	0.00602757664458481	0.0032653011233539668	0.0	0.0004949172143291594	0.0	0.0004220049994176087	0.0	9.665515181624696e-06	0.0007692997131931166
190323	Plantibacter	0.0	0.0	0.0	0.0024016318400661312	0.0	0.0	0.0	0.0	0.0	0.0	0.0	0.0	0.0	0.0	0.0	0.0	0.0	0.0	0.0	0.0	0.0	0.0	0.0	0.0	0.0	0.0005672580991485651	0.0	9.423350241154172e-06	0.0	0.0	0.0	0.0	0.0	0.0	0.0	0.0	2.446772744848083e-05	0.0	0.0	0.0	0.0	0.0	0.003904420500791859	0.0	0.0	0.0	0.0	0.0	0.0	0.0	0.0	0.0	0.0	0.0	0.0	0.0	0.0	0.0	0.0	0.0	0.0	0.0	0.0	0.0
191028	Leisingera	0.0	0.0	0.0	0.0	0.0	0.0	0.0	0.0	0.0	0.0	0.0	0.0	0.0	1.490782244915977e-06	2.077409553383313e-06	0.0	0.0	0.0	0.0	0.0	0.0	0.0	0.0	0.0	0.0	0.0	0.0	0.0	0.0	0.0	0.0	0.0	0.0	0.0	0.0	0.0	0.0	0.0	0.0	0.0	0.0	0.0	0.0	0.0	0.0	0.0	0.0	0.0	0.0	0.0	0.0	0.0	0.0	0.0	0.0	0.0	0.0	0.0	0.0	0.0	0.0	0.0	0.0	0.0
191303	Turicibacter	0.0024200053777897286	0.0010752984832704524	0.0	0.0	0.0	0.0	0.0	0.0	8.548080990134828e-06	2.1095536655036535e-06	0.0	6.82485544103069e-05	0.0	6.515270551855011e-06	7.4307341717172356e-06	0.0	7.319899961367195e-06	0.0	0.0	0.0	0.0	0.0006932121279472007	0.0	0.0	0.0	0.0	0.0	1.8238742402233882e-06	0.0	0.0	0.0	0.0	0.0	0.0	2.7649722258539915e-06	0.0	4.910478173051516e-06	0.00039162786649841173	5.416623019502468e-05	0.0	0.0	0.0	0.0	0.0	0.0	0.0	0.0	0.00021111936988988064	0.0	0.0	0.0	0.0	0.000694810735049989	2.7044899768111794e-05	9.132030481610835e-05	0.005026190109382222	5.9971901896949267e-05	0.0	0.0	0.0019717683222779487	0.0	0.0	4.5750105193023563e-05	0.003331142447418738
191494	Conexibacter	0.0	0.0	1.6483880007289035e-05	0.0	0.0	0.0	0.0	0.0	0.0	0.0	0.0	0.0	0.0	0.0	0.0	0.0	0.0	0.0	0.0	0.0	0.0	0.0	0.0002746887097276617	0.0	0.0	1.3584396348864826e-05	0.0	0.0	0.0	0.0	0.0	0.0	0.0	0.0	0.0	0.0	2.201248836195507e-06	0.0	0.0	0.0	0.0	0.0	0.0	0.0	0.0	0.0	0.0003504078226178779	0.0	0.0	0.0	0.0	0.0	0.0	0.0	0.0	0.0	0.0	0.0	0.0	0.0	0.0	0.0	0.0	0.0
191769	Marinilactibacillus	0.0	1.1035776608292006e-05	4.967744659730942e-06	0.0	0.0	0.0	0.0	0.0	0.0	0.0	0.0	0.0	0.0	0.0	0.0	0.0	0.0	0.0	0.0	0.0	0.0	0.0	0.0	0.0	0.0	0.0	0.0	0.0	0.0	0.0	0.0	0.0	0.0	0.0	0.0	0.0	6.26509284147952e-06	0.0	6.323370485322264e-06	0.0	0.0	5.2299387664341805e-06	0.0	0.0	5.0164191256767344e-05	0.0	0.0	0.0	0.0	6.629634254653723e-05	0.0	0.0	0.0	1.3086241823279901e-05	0.0	0.0	0.0	0.0	0.0	0.0	0.0	0.0	0.0	0.0
195950	Tannerella	0.0005214826403317933	0.00012829090307139458	0.0004389679826598615	6.0657955431919906e-05	0.00015306223214109376	0.003688721744806935	0.0	0.00010415118392920435	1.447558240665168e-05	0.00030669664829245424	0.00037635665418934424	0.0	5.647928740028253e-05	0.0	1.6139874222439587e-05	0.00013340514153297332	0.0001760842601817775	3.460730151139524e-05	0.0	8.24762674540401e-05	0.0003548291780115184	1.0911439233943104e-06	0.0	0.0	0.0	0.00010736055178941557	0.0	0.00010791255921321713	0.0003355953065323474	0.0	7.779124718817054e-05	0.0	0.0001714143240042386	0.0	8.097418661429546e-05	0.0	0.0002844690803698809	0.00047865628127583654	7.039223747811577e-06	8.548497930277136e-05	0.0	0.00010532014619301936	0.0	0.0005947036393530558	9.454020659929229e-05	1.9626469041207734e-05	0.0	0.00017551639922797768	0.0	0.00022870484307059403	0.00035020954204265553	0.0010967021972524723	0.00028240694392354395	0.00045060292678160456	0.00013190710695660095	6.258665845016176e-05	4.0544384381036125e-05	0.005347415230683713	0.000996894588634484	0.0	0.0001323339376786432	3.4658516138954655e-05	1.6109191969374493e-05	0.0
196013	Caldimonas	0.000391111980248845	2.8968913596766517e-06	6.503229372738688e-05	0.0	8.887484446902218e-05	8.710123102047248e-05	0.0	3.3406983524461775e-05	3.2445270911460663e-06	2.6369420818795667e-05	0.0	8.701690687314129e-05	9.201188762880979e-05	0.0	2.157309920821133e-06	0.0	6.018584412679693e-05	0.0	0.0	0.0	3.454089343474958e-06	0.0	9.345079815477152e-05	0.0007469654528478057	0.0	3.352278453832772e-05	0.0	1.930266904236419e-05	0.0	0.0	3.889562359408527e-05	0.0	4.802145255035256e-05	0.0006035321720368456	0.00017715572047078787	0.0	4.571824505944515e-06	0.0	1.0737798937339694e-05	8.548497930277136e-05	0.0011752607609813426	1.587015901538648e-05	0.0	0.0034632741350560303	0.0	0.00011697375548559809	0.00015152770707800125	4.934446811035672e-05	0.0001619568859600134	0.0002869333767358066	0.001330796259762091	0.0016754531111709701	0.00010310094778161128	4.841909474613563e-05	1.4989443972341017e-06	0.0	2.9141276273869715e-05	0.0	0.00010696142363889823	0.0	0.0	0.0	4.671665671118603e-06	8.962715105162524e-05
196082	Parascardovia	0.0	0.0	0.0	0.0	0.0	0.0	0.0	0.0	0.0	0.0	0.0	0.0	0.0	0.0	0.0	7.41139675183185e-05	0.0	0.0	0.0	0.0	0.0	0.0	0.0	0.0	0.0	0.0	0.0	0.0	0.0	0.0	0.0	0.0	0.0	0.0	0.0	0.0	0.0	0.0	0.0	0.0	0.0	0.0	0.0	0.0	0.0	0.0	0.0	0.0	0.0	0.0	0.0	0.0	0.0	0.0	0.0	0.0	0.0	0.0	0.0	0.0	0.0	0.0	2.674125866916166e-05	0.0
201096	Alicycliphilus	0.0	0.0	0.0	0.0	0.0	0.0	0.0	6.073997004447595e-06	0.0	2.1095536655036535e-06	0.0	0.0	0.0	0.0	0.0	0.0	0.0	0.0	0.0	0.0	0.0	0.0	0.0	0.0	0.0	1.0955158345858731e-05	0.0	6.991517920856321e-06	0.0	0.0	0.0	0.0	0.0	0.0009731956274094136	1.0269896838886253e-05	0.0	2.0319220026420065e-06	0.0	0.0	0.0	0.0	0.0	0.0	0.0	0.00012412421682764227	0.0	0.0	0.00016614719642221376	0.0	0.0	0.0	0.0	0.00037803680853257466	0.0	0.0	0.0	0.0	0.0	0.0	0.0	0.0	0.00021228341135109727	0.0	0.0
202907	Collimonas	0.0	0.0	0.0	0.0	0.0	0.0	0.0	0.0	0.0	0.0	0.0	0.0	0.0	1.7668530310115283e-06	0.0	0.0	0.0	0.0	0.0	0.0	0.0	0.0	0.0	0.0	0.0	0.0	0.0	0.0	0.0	0.0	0.0	0.0	0.0	0.0	0.0	0.0	0.0	0.0	0.0	0.0	0.0	0.0	0.0	0.0	0.0	0.0	0.0	0.0	0.0	0.0	0.0	0.0	0.0	0.0	0.0	0.0	0.0	0.0	0.0	0.0	0.0	0.0	0.0	0.0
204037	Dickeya	0.0	0.0	0.0	1.6222476452722766e-05	0.0	0.0	0.0	0.0	0.0	2.628828413935322e-05	0.0	0.0	8.839282649442275e-05	0.0	0.0	0.0	1.0573188833085948e-05	0.0	0.0	0.0	0.0	0.0	0.0	0.0	0.0	0.0	0.0	0.0	0.0	0.0	0.0	0.0	0.0	0.0	0.0	0.0	0.0	0.0	0.0	0.0	0.0	0.0	0.0	0.0	0.0	0.0	0.0	0.0	0.0	0.0	0.0	0.0	0.0	0.0	0.0	0.0	0.0	0.0	0.0	0.0	0.0	0.0	0.0	0.0
204447	Skermanella	0.002305931050217149	0.0	0.0	0.001965740951032102	0.0	0.0	0.0	0.0	0.0	0.0	0.0	0.0	0.0	0.0	0.0	0.0	0.0	0.0	0.0	0.0	0.0	0.0	0.0	0.0	0.0	0.0	0.0	0.0	0.0	0.0	0.0	0.0	0.0	0.001999200319872051	0.0	0.0	0.0	0.0	0.0	0.0	0.0	0.0	0.023154062218047753	0.0	0.0	0.0	0.0002793792099250648	2.9356835458060326e-05	0.0	0.0	0.0	0.0	0.0004691840232380571	0.0	0.0	0.0	0.0	0.0	0.0	0.0	0.0	0.0	9.665515181624696e-06	0.0
204456	Gemmobacter	0.0	0.0	0.0	0.0	0.0	0.0	0.0	0.0	0.0	0.0	0.0	0.0	0.0	0.0	0.0	0.0	0.0	0.0	0.0	0.0	0.0	0.0	0.0	0.0	0.0	0.0	0.0	0.0	0.0	0.0	0.0	0.0	0.0	0.0	0.0	0.0	0.0	0.0	0.0	0.0	0.0	0.0	0.0	0.0	0.0	0.0	0.0	2.9356835458060326e-05	0.0	0.0	0.0	0.0	0.0	0.0	0.0	0.0	0.0	0.0	0.0	0.0	0.0	0.0	0.0	0.0
207244	Anaerostipes	0.0	0.0009882537952725491	0.00011832264553177335	2.0454426831693922e-05	0.0005184365927359627	0.004018967755001165	0.0004964988272355287	0.0015011704949521511	2.8763980558044933e-05	0.0017887392349882133	0.00012900885311129584	8.95762276635278e-06	2.0946687171755268e-05	0.0	2.6127420152167055e-05	0.005894530883290265	0.006406742441186637	0.0	0.0	0.0005690862454328767	8.666624170900805e-05	4.406542767553946e-05	5.097316262987537e-05	0.0	0.0	2.892161803306705e-05	0.0	2.492628128305297e-05	3.0416493039185567e-05	0.0	5.539679724006084e-05	0.0	5.819818421665244e-05	0.00037720760752302853	0.0009286356718546762	0.0	1.2699512516512542e-05	0.025977981811061313	0.0852429713350878	8.548497930277136e-05	0.0	2.578900840000303e-05	0.0	0.0	3.087027154262606e-05	0.00011304846167735655	0.002045624045553017	0.0038026471120993885	0.0	3.262200982448657e-05	0.000157594293919195	0.0001970215877169354	0.0003870021083396713	0.0003559457775932133	0.0008443669093034867	0.008627330149437683	0.004199511313467007	0.0	0.00016591375943987514	0.0004550234589872189	0.0005628766104948741	0.0	8.698963663462227e-06	0.00023402644996813258
212742	Morococcus	0.00032592665020737084	0.00019353993226792107	8.400004606454139e-05	0.00010650408453744076	0.000365374360594869	0.0007642132742891631	0.0	0.00011379812034803289	5.1163696437303355e-06	0.0018740138850822264	0.0001668385168055856	1.535592474231905e-05	0.00018139173079624718	0.0	2.8604331542739466e-05	0.00017293259087607652	0.00011223846607429699	0.0	6.212692779856959e-05	0.00030103837620724634	0.0455308637013205	0.0	0.0	0.0	0.0	0.0004859708242222933	0.0	0.0002405994101894686	5.6777453673146395e-05	0.0	9.694439517010648e-05	0.0	0.0002480578343660596	0.0	0.00014851850813158582	0.0	8.119221668890352e-05	0.0	0.0	0.0	0.0	0.0002483319200475816	0.0	0.0	9.068142265646405e-05	7.772081740318262e-05	0.0	0.00011617811479147278	0.0	0.00016311004912243285	0.0	0.0002947627659983838	0.0011744542747296589	0.0005081823908040362	0.0005539176064855865	0.00016850254198120474	7.095267266681322e-05	0.0018010005558643692	0.00042255057457346926	0.0	4.45178684356726e-05	0.0	7.249136386218522e-06	0.0
212743	Rhizobacter	0.0	0.0	2.9354854807501023e-06	0.0	0.0	0.0	0.0	0.0	0.0	0.0	0.0	0.0	0.0	0.0	0.0	0.0	0.0	0.0	0.0	0.0	0.0	0.0	0.0	0.0	0.0	0.0	0.0	0.0	0.0	0.0	0.0	0.0	0.0	0.0	0.0	0.0	0.0	0.0	0.0	0.0	0.0	0.0	0.0	0.0	0.0	0.0	0.0	0.0	0.0	0.0	0.0	0.0	0.0	0.0	0.0	0.0	0.0	0.0	0.0	0.0	0.0	0.0	0.0	0.0
212744	Rugamonas	0.0	0.0	0.0	0.0	0.0	0.0	0.0	0.0	0.0	0.0	0.0	0.0	0.0	0.0	1.6779077161942144e-06	0.0	0.0	0.0	0.0	0.0	0.0	0.0	0.0	0.0	0.0	0.0	0.0	0.0	0.0	0.0	0.0	0.0	0.0	0.0	0.0	0.0	0.0	0.0	0.0	0.0	0.0	0.0	0.0	0.0	0.0	0.0	0.0	0.0	0.0	0.0	0.0	0.0	0.0	0.0	0.0	0.0	0.0	0.0	0.0	0.0	0.0	0.0	0.0	0.0
212791	Enhydrobacter	0.0	0.0	0.0	0.0	0.0	0.0	0.0	0.0	0.0	0.0	0.0	0.0	0.0	6.073557294102129e-07	1.2784058790051158e-06	0.0	0.0	0.0	0.0	0.0	0.0	0.0	0.0	0.0	0.0	5.69668233984654e-06	0.0	0.0	0.0	0.0	0.0	0.0	0.0	0.0	0.0	0.0	0.0	0.0	0.0	0.0	0.0	0.0	0.0	0.0	0.0	0.0	0.0	0.0	0.0	0.0	0.0	0.0	0.0	0.0	0.0	0.0	0.0	0.0	0.0	0.0	0.0	0.0	0.0	0.0
213485	Micavibrio	0.0	0.0	0.0	0.0	0.0	0.0	0.0	0.0	0.0	0.0	0.0	0.0	0.0	0.0	0.0	0.0	0.0	0.0	0.0	0.0	0.0	0.0	0.0	0.0	0.0	0.0	0.0	0.0	0.0	0.0	0.0	0.0	0.0	0.0	0.0	0.0	0.0	0.0	0.0	0.0	0.0	0.0	0.0	0.0	2.25095729998315e-05	0.0	0.0	0.0	0.0	0.0	0.0	0.0	0.0	0.0	0.0	0.0	0.0	0.0	0.0	0.0	0.0	0.0	0.0	0.0
214906	Histophilus	0.0	0.0	0.0	0.0	0.0	0.0	0.0	0.0	0.0	0.0	0.0	0.0	0.0	0.0	0.0	0.0	0.0	0.0	0.0	0.0	0.0	0.0	0.0	0.0	0.0	4.162960171426318e-06	0.0	0.0	0.0	0.0	0.0	0.0	0.0	0.0	0.0	0.0	0.0	0.0	0.0	0.0	0.0	0.0	0.0	0.0	0.0	0.0	0.0	0.0	0.0	0.0	0.0	0.0	0.0	0.0	0.0	0.0	0.0	0.0	0.0	0.0	0.0	0.0	0.0	0.0
216851	Faecalibacterium	0.0	0.041074884641647644	0.0003120646872612801	0.0	0.000775186143424249	0.0028029360809308937	0.0013867725864164769	0.007504423298995004	3.419232396053931e-05	0.008792538541139785	0.00018041839608045886	2.943218908944485e-05	5.560193924649173e-05	2.815922018174623e-06	4.658191421624891e-05	0.011230736544609198	0.01010491856611293	0.0	3.8518695235113145e-05	0.0004412480308791145	0.00023927418906617438	0.00011641666321137757	0.00011327369473305637	0.0	0.0	8.610754459844962e-05	0.0	0.00011004041249347775	2.8388726836573197e-05	0.0	0.00027492133949455727	0.0	5.5017955570933726e-05	0.0	0.00034660901831241105	0.0002798956548998533	5.0967376899603665e-05	0.004351420738871241	0.022090396518280625	0.0	0.0	0.00020144281386575794	0.0	0.0	0.00023474268985538565	0.000555821603247003	0.0070365678974346835	0.016614719642221377	0.0	4.8757627587135845e-05	0.0007062559097860219	0.0006187709239235002	0.0011938790909783682	0.001707318349877251	0.0036777177303214544	0.009753890001540595	0.0112641591231939	0.00034463590883824347	0.0006467106538167049	0.0	0.001024520807834657	0.0	1.2887353575499595e-05	0.005708751593371574
219181	Ottowia	0.0	1.0621934985481057e-05	1.9419365488039137e-05	9.239758327420358e-05	0.0	2.0005583096574953e-05	0.0	4.2875272972571256e-05	3.182132339393257e-06	0.0010284885486124735	1.2609887898096586e-05	0.0	1.0418509326265709e-05	0.0	2.7965128603236906e-06	0.0	3.3752872044082065e-05	0.0	0.0	0.0	0.00023519208347843126	0.0	0.0	0.0	0.0	7.668610842101112e-06	0.001473502362684823	2.0518585202513115e-05	0.0	0.0	1.2081216419374971e-05	0.0	0.00046081513076464146	0.0	1.9157307564845513e-05	0.0	4.233170838837514e-06	0.0	0.0	0.0	0.0	3.5347172352451706e-05	0.00010273111629800446	0.0	2.8940879571211927e-05	0.0	0.0	0.00021111936988988064	0.0	4.244369020175134e-05	0.0	8.0040020010005e-05	0.00045872450679644436	0.0007524589048385943	5.419260513077137e-06	0.0	3.674334834531399e-05	0.0	8.225086372232109e-05	0.0	0.0001725829694150047	0.0	0.0	0.0
227873	Pannonibacter	0.0	6.759413172578854e-06	4.538712166390543e-05	0.0	0.0	0.0	0.0	3.983827447034746e-05	0.0	1.0385494968633371e-05	9.602914630088938e-05	0.0	5.2640889227447795e-06	1.8220671882306387e-06	4.074918739328806e-06	0.0	1.9926394339277363e-05	0.0	0.0	0.0	0.0	0.0	0.0	0.0	0.0	0.0	0.0	0.0	0.0	0.0	0.0	0.0	0.0	0.0	0.0	0.0	0.0	0.0	0.0	0.0	0.0	0.0	0.0	0.0	0.0002476053029981465	0.0	0.0	0.0002860729923359921	0.0	0.0	0.0	0.0	0.00023907466152257688	0.0	0.0	0.0	0.0	0.0	0.0	0.0	0.0	0.0007559888832809485	0.0	0.0003037364563416189
227979	Jeotgalicoccus	0.00017925965761405395	0.000540477159391101	0.00017251622363792908	0.0	0.0	2.031336129806072e-05	0.0	0.00018972308290362782	0.0	3.0020571393705838e-06	0.00024928778383160173	0.0	0.0	0.0	2.3970110231345922e-06	9.38776921898701e-05	7.319899961367195e-06	0.0	0.0	0.0	0.0	2.434090290648846e-06	0.0	0.0	0.0	1.2927086848113303e-05	0.0	1.2767119681563716e-05	0.0	0.00011060621422580259	0.00041694929837598983	0.0	5.9470275674939925e-05	0.0	3.0019698452129048e-05	0.0005765850490936979	0.0011395695898150588	0.00023932814063791827	0.0005441677883689593	0.00022686398353427784	0.0	0.00018521196941820357	0.0	0.0004314516599228051	0.0014483302398748724	0.0	3.0779065500219e-05	0.00043972791835052063	0.00019546520719311962	0.0	0.0	0.0	4.4826499035483165e-05	7.85174509396794e-05	0.0	0.0	2.9563613611172176e-06	0.0	2.9299663901084334e-05	0.0	3.8419530293799635e-05	0.0	1.401499701335581e-05	0.00024398502230720204
228398	Streptacidiphilus	0.0	0.0	0.0	0.0	0.0	0.0	0.0	0.0	0.0	0.0	0.0	0.0	0.0	0.0	0.0	0.0	0.0	0.0	0.0	0.0	0.0	0.0	0.0	0.0	0.0	0.0	0.0	0.0	0.0	0.0	0.0	0.0	0.0	0.0	0.0	0.0	4.910478173051516e-06	0.0	0.0	0.0	0.0	0.0	0.0	0.0	0.0	0.0	0.0	0.0	0.0	0.0	0.0	0.0	0.0	0.0	0.0	0.0	0.0	0.0	0.0	0.0	0.0	0.0	0.0	0.0
235888	Salinibacterium	0.0	0.0	0.0	0.0	0.0	0.0	0.0	0.0	0.0	0.0	0.0	0.0	0.0	0.0	0.0	0.0	0.0	0.0	0.0	0.0	0.0	0.0	0.0	0.0	0.0	1.2488880514278953e-05	0.0	0.0	0.0	0.0	0.0	0.0	0.0	0.0	0.0	0.0	9.524634387384406e-05	0.0	0.0	0.0	0.0	0.0	0.0	0.0	0.0	0.0	0.0	0.0	0.0	0.0	0.0	0.0	0.0	0.0	0.0	0.0	0.0	0.0	0.0	0.0	0.0	0.0	0.0	0.0
236752	Fastidiosipila	0.0	0.0	0.0	0.0	0.0	0.0	0.0	9.289642477390439e-06	0.0	0.0	0.0	0.0	0.0	0.0	0.0	0.0	5.693255525507818e-06	0.0	0.0	0.0	0.0	1.0911439233943104e-06	0.0	0.0	0.0	0.0	0.0	1.5350941521880185e-05	0.0	0.0	1.709050127618898e-05	0.0	2.3851714842890345e-05	0.0	1.8959809548713082e-05	0.0	4.402497672391014e-06	0.0	4.151948922438015e-05	0.0	0.0	1.1361591113288048e-05	0.0	0.0	0.0	0.0	0.0	9.993816326148196e-06	0.0	0.0	0.0003268622392398118	0.0	3.137854932483821e-05	0.0	0.0	0.0	8.869084083351653e-06	0.0	0.0	0.0	0.0	0.0	0.0	0.0
238749	Diaphorobacter	0.005117048408255722	0.0	7.135487783977172e-05	0.0	0.0	0.0	0.0	0.00025135628780169903	6.439138380889885e-05	2.539578066548629e-05	0.0005441651623717066	0.0	0.0	0.0	0.0	0.004432015257595447	0.0	0.0	0.0	0.0019835542322696642	0.0	0.0	0.0006994650649766232	0.019211017740429506	0.0	0.00013146190015030478	0.0	0.00014028632697718227	0.0	0.0	0.0001511625371497405	0.0	0.0	0.00291204273007778	0.0001844631470676877	0.0	4.165440105416114e-05	0.004699534397980941	0.0001267060274606084	0.0013217292953736186	0.0	0.00010495946076085149	0.0	0.0	0.00019872737305565524	0.0	0.00182780296662839	0.0	0.0016754160616553112	0.0	0.0	0.0	0.0	0.0	0.0	0.002209790479124942	0.0	0.0	0.0	0.0	0.0	0.017723498690557938	4.285045063853615e-05	0.0007468929254302103
239759	Alistipes	0.0	0.0004291537628549554	6.593552002915614e-05	0.0	0.0	0.0001603524429740854	0.0	0.0008587559882464585	1.5224319427685388e-05	0.001907442197012515	0.0	0.0	9.212155614803364e-06	0.0	7.510634539155055e-06	0.0005138568414603417	0.0010674854110327159	0.0	0.0	0.0	7.284988433510821e-05	1.2590122193011273e-06	0.0	0.0	0.0	2.563507052930943e-05	0.0	4.529287696554747e-05	0.0	0.0	3.9484951224298687e-05	0.0	1.1448823124587365e-05	0.0	0.0001222512719859729	0.0	1.1937541765521789e-05	0.001675296984465428	0.005867610574870735	0.0	0.0	3.6429228648955326e-05	0.0	0.0	2.1866442342693457e-05	3.454258551252561e-05	0.00010654291903921963	0.0024210020050094002	0.0	0.0	0.0	8.696656020317852e-05	0.00020022502902515812	0.0002468937623992141	0.00011956964153321257	0.0007077106763210599	0.0004932900099692729	0.0	0.00013343702354951662	0.0	0.00035675278129956807	0.0	0.0	4.481357552581262e-05
239934	Akkermansia	0.0	0.0007302925170537235	1.8741945761712193e-05	0.0	4.772908314077117e-05	0.00017728024405580265	0.0	0.0005311174439477265	9.546397018179772e-06	0.0006358681567904666	0.0	2.6872868299058342e-05	5.7466304073297176e-05	0.0	5.033723148582644e-06	0.0003804516999273683	0.00015534454362457046	0.0	0.0	0.0	5.966154320547655e-06	1.3513397820498766e-05	0.0	0.0	0.0	0.0	0.0	3.951727520484008e-06	0.0	0.0	2.9761045325777367e-05	0.0	4.4523201040061975e-06	0.0	8.097418661429545e-06	0.0	4.656487922721265e-06	0.0032853226578477873	0.0006551250440548029	0.0	0.0	1.0099192100700487e-05	0.0	0.0	2.3795834314107586e-05	6.908517102505122e-05	6.629337184662555e-05	0.0011286766313343619	0.0	8.418583180512663e-06	0.00021596255092630424	0.00038019009504752376	7.321661509128917e-05	0.00013391587465823098	0.00023890867623608142	0.005945732552765368	0.0010490859458593097	0.0	1.482633594994629e-05	0.0	0.0	0.0	0.0	0.0
241421	Crinalium	0.0	0.0	0.0	0.0	0.0	0.0	0.0	0.0	0.0	0.0	0.0	0.0	0.0	0.0	0.0	0.0	0.0	0.0	0.0	0.0	0.0	0.0	0.0	0.0	0.0	0.0	0.0	0.0	0.0	0.0	0.0	0.0	0.0	0.0	0.0	0.0	0.0	0.0	0.0	0.0	0.0	0.0	0.0	0.0	0.0	0.0	0.0	2.4359927294986228e-05	0.0	0.0	0.0	0.0	0.0	0.0	0.0	0.0	0.0	0.0	0.0	0.0	0.0	0.0	0.0	8.46478648820905e-05
242605	Luteibacter	0.0	0.0	0.0	0.0	0.0	0.0	0.0	0.0	0.0	0.0	0.0	0.0	0.0	9.386406727248744e-07	0.0	0.0	0.0	0.0	0.0	0.0	0.0	0.0	0.0	0.0	0.0	0.0	0.0	0.0	0.0	0.0	0.0	0.0	0.0	0.0	0.0	0.0	0.0	0.0	0.0	0.0	0.0	0.0	0.0	0.0	0.0	0.0	0.0	0.0	0.0	0.0	0.0	0.0	0.0	0.0	0.0	0.0	0.0	0.0	0.0	0.0	0.0	0.0	0.0	0.0
243023	Pochonia	0.0	0.0	0.0	0.00015728748908509465	0.0	0.0	0.0	0.0	8.735265245393255e-07	0.0	0.0	0.0	2.9610500190439385e-06	0.0	0.0	0.0	0.0	0.0018184563885078591	0.00154447542507244	0.0	0.0	0.0	0.0	0.0	0.0	0.0	0.0	2.7358113603350823e-06	0.0	0.0	0.0	0.0	0.0	0.0	0.0	0.0	0.0	0.0	0.0	0.0	0.0	5.554555655385268e-05	0.0002265189210297614	0.0	0.0	0.0	0.0	0.0	0.0	0.0	0.0	0.0	0.0	0.0	0.0	0.0	0.0	0.0	0.0	0.0	0.0	0.0	0.0	0.0
244127	Anaerotruncus	0.0	5.352351655021623e-05	5.419357810615574e-06	0.0	2.9624948156340726e-05	3.8164496984235296e-05	0.0	5.966808822016167e-05	9.983160280449435e-07	0.0001154574948466038	0.0	0.0	0.0	0.0	0.0	0.00010375955452564591	0.0001077651938756837	0.0	0.0	0.0	0.0	0.0	0.0	0.0	0.0	0.0	0.0	0.0	0.0	0.0	0.0	0.0	0.0	0.0	7.70242262916469e-06	0.0	0.0	0.0	0.0006666980051317134	0.0	0.0	0.0	0.0	0.0	0.0	1.256094018637295e-05	0.0002864820711943461	0.00014803340433107014	0.0	0.0	0.0	0.0	0.0	1.0032785397847923e-05	2.2830076204027087e-05	0.0002455322754583269	0.00013620379128004322	0.0	1.6591375943987516e-05	0.0	1.2196676283745916e-05	0.0	0.0	0.0
245876	Nitratireductor	0.0	0.0	2.9354854807501023e-06	0.0	0.0	0.0	0.0	0.0	0.0	0.0	0.0	0.0	0.0	6.0183431368830185e-06	4.394520209080085e-06	0.0	0.0	0.0	0.0	0.0	0.0	0.0	0.0	0.0	0.0	0.0	0.0	0.0	0.0	0.0	0.0	0.0	0.0	0.0	0.0	0.0	0.0	0.0	0.0	0.0	0.0	0.0	0.0	0.0	0.0	0.0	0.0	0.0	0.0	0.0	0.0	0.0	0.0	0.0	0.0	0.0	0.0	0.0	0.0	0.0	0.0	0.0	0.0	0.0
248744	Marvinbryantia	0.0	2.1105922763358463e-05	0.0	0.0	0.0	1.815891388766034e-05	0.0	1.3219875833209471e-05	0.0	1.7038702682914126e-05	0.0	0.0	0.0	0.0	0.0	0.0	3.9852788678554726e-05	0.0	0.0	0.0	0.0	0.0	0.0	0.0	0.0	0.0	0.0	0.0	0.0	0.0	0.0	0.0	0.0	0.0	4.344956354913415e-06	0.0	0.0	0.0	0.0002386177541631043	0.0	0.0	0.0	0.0	0.0	0.0	0.0	0.0	2.186147321344918e-05	0.0	0.0	0.0	0.0	0.0	0.0	6.918204910311238e-06	0.00010110152518872285	2.428439689489143e-05	0.0	0.0	0.0	0.0	0.0	0.0	0.0
252356	Maribacter	0.0	0.0	0.0	0.0	0.0	0.0	0.0	0.0	1.0607107797977525e-06	1.4604602299640678e-06	0.0	0.0	0.0	0.0	0.0	0.0	0.0	0.0	0.0	0.0	0.0	0.0	0.0	0.0	0.0	0.0	0.0	0.0	0.0	0.0	0.0	0.0	0.0	0.0	0.0	0.0	0.0	0.0	0.0	0.0	0.0	0.0	0.0	0.0	0.0	0.0	0.0	0.0	0.0	0.0	0.0	0.0	0.0	0.0	0.0	0.0	0.0	0.0	0.0	0.0	0.0	0.0	0.0	0.0
253238	Ethanoligenens	0.0	1.9312609064511013e-06	0.0	0.0	0.0	0.0	0.0	0.0	0.0	0.0	0.0	0.0	0.0	0.0	0.0	0.0	0.0	0.0	0.0	0.0	0.0	0.0	0.0	0.0	0.0	0.0	0.0	0.0	0.0	0.0	0.0	0.0	0.0	0.0	0.0	0.0	0.0	0.0	5.010972837425191e-06	0.0	0.0	0.0	0.0	0.0	0.0	0.0	0.0	0.0	0.0	0.0	0.0	0.0	0.0	0.0	0.0	0.0	0.0	0.0	0.0	0.0	0.0	0.0	0.0	0.0
254250	Isoptericola	0.0	0.0	0.0	0.0	0.0	0.0	0.0	0.0	0.0	0.0	0.0	0.0	0.0	0.0	0.0	0.0	0.0	0.0	0.0	0.0	0.0	0.0	0.0	0.0	0.0	0.0	0.0	0.0	0.0	0.0	0.0	0.0	0.0	0.0	0.0	0.0	1.828729802377806e-05	0.0	0.0	0.0	0.0	0.0	0.0	0.0	0.0	0.0	0.0001467924662318137	0.0	0.0	0.0	0.0	0.0	0.0	0.0	0.0	0.0	0.0	0.0	1.0237231965439104e-05	0.0	0.0	0.0	0.0	0.0
255204	Pseudoclavibacter	0.0	0.00010828855796886532	8.083875400834898e-05	0.0	0.0	8.833234382641556e-05	0.0	3.894503961675223e-05	0.0	1.0547768327518267e-06	0.0	0.0	0.0	5.079702464158144e-06	5.912627190398661e-06	0.0	1.077651938756837e-05	0.0	0.0	0.0	0.0	4.84300033691167e-05	0.0	0.0	0.0	3.286547503757619e-06	0.0	1.8238742402233882e-06	0.0	0.0	1.473319075533533e-05	0.0	0.0	0.0	0.0	0.0	1.3800136934610295e-05	0.0	3.4599574353650125e-06	0.0	0.0	5.410281482518118e-06	0.0	0.0	0.0	2.9832232942635757e-05	0.0	5.871367091612065e-05	0.0	9.821680377264775e-06	0.0	0.0	0.0002166614120048353	0.0001443848681168549	1.856384984266849e-05	0.0	2.7663095593311105e-05	0.0	2.4357551917768904e-05	0.0	0.0	0.0	0.0	0.0
256616	Parvibaculum	0.0	0.0	0.0	0.0	0.0	0.0	0.0	0.0	0.0	0.0	0.0	0.0	0.0	0.0	0.0	0.0	0.0	0.0	0.0	0.0	0.0	0.0	0.0	0.0	0.0	0.0	0.0	0.0	0.0	0.0	0.0	0.0	0.0	0.0	0.0	0.0	0.0	0.0	0.0	0.0	0.0	0.0	0.00013527327115016736	0.0	0.0	0.0	0.0	2.498454081537049e-05	0.0	0.0	0.0	0.0	0.0	0.0	0.0	0.0	0.0	0.0	0.0	0.0	0.0	0.0	0.0	0.0
256818	Gulosibacter	0.0	0.00010842650517646897	0.0	0.0	0.0	0.0	0.0	0.0	0.0	0.0	0.0	0.0	0.0	0.0	0.0	0.0	0.0	0.0	0.0	0.0	0.0	1.7961907662029416e-05	0.00025203397078105047	0.0	0.0	0.0	0.0016767440678827296	0.0	0.0	0.0	0.0	0.0	0.0	0.0	5.924940483972839e-06	0.0	8.728798269682953e-05	0.000935555458857317	0.0	0.0	0.0	0.0	0.0	0.0	0.0	5.495411331538166e-05	0.0	0.00018238714795220458	0.0	0.0	0.0	0.0	0.0009159547969583726	1.6139698248711877e-05	0.0	0.0	0.0	0.0	0.0	0.0	0.0	0.0	8.698963663462227e-06	0.0
261933	Pleomorphomonas	0.0004970381415662405	0.0	0.0	0.0	0.0	2.431447791737571e-05	0.0	0.00015935309788138983	4.430027374449437e-06	9.006171418111752e-06	1.648985340520323e-05	3.9669472250990886e-05	0.0	1.1042831443822052e-06	1.6779077161942144e-06	0.0009041904037234858	0.0	0.0	0.0	0.0	0.0	0.0	0.0	0.0005368814192343605	0.0	0.0	0.0	0.0	0.0	0.0	0.0	0.0	0.0	0.0	0.0	0.0	0.0	0.0	0.0	0.0004997583405392787	0.0	0.0	0.0	0.0002448779691453759	5.40229751995956e-05	0.0	0.0	0.0	0.0	0.0	0.0	0.0	0.0	0.0	0.0	0.0	0.0	0.0	0.0	0.0	2.6832687824241014e-05	0.0057771414089120045	4.832757590812348e-06	0.00011950286806883365
263370	Peredibacter	0.0	0.0	0.0	0.0	0.0	0.0	0.0	0.0	0.0	0.0	0.0	0.0	0.0	0.0	0.0	0.0	0.0	0.0	0.0	0.0	0.0	0.0	0.0	0.0	0.0004674819551965294	0.0	0.0	0.0	0.0	0.0	0.0	0.0	0.0	0.0	0.0	0.0	0.0	0.0	0.0	0.0	0.0	2.8854834573429964e-06	0.0	0.00011660855673589329	0.0	0.0	0.0	6.495980611996327e-05	0.0	0.0	0.0	0.0	0.00021516719537031917	0.0	0.0	0.0	0.0	0.0	0.0	0.0	0.0	0.0	0.0	0.0
265976	Serinicoccus	0.0	0.0	0.0	0.0	0.0	0.0	0.0	0.0	1.4350792903146061e-06	0.0	0.0	0.0	0.0	0.0	0.0	0.0007114940881758576	0.0	0.0	0.0	0.00014020965467186817	0.0	0.0	0.0	0.0	0.0	4.820269672177842e-06	0.0	0.0	0.0	0.0	0.0	0.0	6.996503020581167e-06	0.0	0.0	0.0	7.535044093130775e-06	0.0	0.0	0.0	0.0	0.0	0.0	0.0	0.0	0.0	0.0	0.0	8.935552328828326e-05	0.0	0.0	0.0	2.6895899421289897e-05	0.0	0.0	0.0	0.0	0.0001556420233463035	0.0	0.0	0.0	0.0	0.0	0.0
267408	Arsenicicoccus	0.0	2.3864866915431464e-05	0.0	0.0	0.0	0.0	0.0	0.0	0.0	0.0	0.0	0.0	0.0	0.0	0.0	0.0	0.0	0.0	0.0	0.0	0.0	0.0	0.0	0.0	0.0	0.0	0.0	0.0	0.0	0.0	0.0	0.0	0.0	0.0	0.0	0.0	6.18042942470277e-06	0.0	0.0	0.0	0.0	0.0	0.0	0.0	0.0	0.0	0.0	0.0	0.0	0.0	0.0	0.0	0.0	0.0	0.0	0.0	0.0	0.0	0.0	0.0	0.0	0.0	0.0	0.0
278028	Naumovozyma	0.0	0.0	0.0	4.5140804042359004e-05	0.0	0.0	0.0	0.0	0.0	0.0	0.0	0.0	0.0	0.0	0.0	0.0	0.0	0.0	0.00010934339292548247	0.0	0.0	0.0	0.0	0.0	0.0	0.0	0.0	0.0	0.0	0.0	0.0	0.0	0.0	0.0	0.0	0.0	0.0	0.0	0.0	0.0	0.0	0.0	8.295059079963093e-05	0.0	0.0	0.0	0.0	0.0	0.0	0.0	0.0	0.0	0.0	0.0	0.0	0.0	0.0	0.0	0.0	0.0	0.0	0.0	0.0	0.0
281472	Jiangella	0.0	0.0	0.0	0.0	0.0	0.0	0.0	0.0	0.0	0.0	0.0	0.0	0.0	0.0	7.990036743781973e-07	0.0	0.0	0.0	0.0	0.0	0.0	0.0	0.0	0.0	0.0	0.0	0.0	0.0	0.0	0.0	0.0	0.0	0.0	0.0	0.0	0.0	4.317834255614264e-06	0.0	0.0	0.0	0.0	0.0	0.0	0.0	0.0	0.0	0.0	0.0	0.0	0.0	0.0	0.0	0.0	0.0	0.0	0.0	0.0	0.0	0.0	0.0	0.0	0.0	0.0	0.0
283168	Odoribacter	0.0	1.0759882193084707e-05	3.3870986316347334e-06	0.0	0.0	6.771120432686907e-06	0.0	9.932771571979008e-05	4.367632622696627e-06	0.00024730459894058214	0.0	0.0	0.0	0.0	0.0	0.0001185823480293096	0.00010288526056810557	0.0	0.0	0.0	0.0	0.0	0.0	0.0	0.0	7.230404508266762e-06	0.0	9.87931880121002e-06	0.0	0.0	1.5322518385548744e-05	0.0	5.724411562293682e-06	0.0	1.145488493568082e-05	0.0	1.6932683355350055e-06	0.0005004133849701928	0.0007330337407890564	0.0	0.0	8.656450372028989e-06	0.0	0.0	1.4792005114174985e-05	0.0	0.0	0.0002979406492232931	0.0	0.0	0.0	1.6931542694424136e-05	1.942481624870937e-05	3.3151812618975746e-05	5.534563928248991e-06	0.0001492451086119242	4.772411911517794e-05	0.0	1.41203199523298e-05	0.0	2.9881856895177496e-05	0.0	0.0	0.0
292486	Avibacterium	0.0	0.0	0.0	0.0	0.0	0.0	0.0	0.0	0.0	1.2332775275252128e-05	0.0	0.0	1.8643648268054428e-06	0.0	0.0	0.0	0.0	0.0	0.0	0.0	0.0	0.0	0.0	0.0	0.0	0.0	0.0	0.0	0.0	0.0	0.0	0.0	0.0	0.0	0.0	0.0	0.0	0.0	0.0	0.0	0.0	0.0	0.0	0.0	0.0	0.0	0.0	0.0	0.0	0.0	0.0	0.0	0.0	0.0	0.0	0.0	0.0	0.0	0.0	0.0	0.0	0.0	0.0	0.0
292632	Subdoligranulum	0.0	0.0003230723602077485	2.2580657544231557e-06	0.0	0.0	0.000312394874508055	0.0	0.0001127262385237186	0.0	0.00011716136511489521	0.0	0.0	1.9740333460292922e-06	0.0	1.1985055115672961e-06	0.0001877553843797402	0.0002570098208657815	0.0	0.0	0.0	4.396113709877219e-06	0.0	0.0	0.0	0.0	0.0	0.0	0.0	0.0	0.0	6.187940117240839e-06	0.0	0.0	0.0	3.949960322648559e-06	0.0	0.0	0.0	0.0004063660353397666	0.0	0.0	0.0	0.0	0.0	0.0	2.355176284944928e-05	9.707243734684455e-05	0.0002498454081537049	0.0	0.0	0.0	1.6931542694424136e-05	0.0	1.3522449884055897e-05	7.367888229481469e-05	0.00011554460021568326	0.00028655588335971884	0.0	1.0237231965439104e-05	0.0	1.0977008655371325e-05	0.0	0.0	0.0
293088	Martelella	0.0	0.0	0.0	0.0	0.0	0.0	0.0	0.0	0.0	0.0	0.0	0.0	0.0	0.0	0.0	0.0	0.0	0.0	0.0	0.0	0.0	0.0	0.0	0.0	0.0	0.0	0.0	0.0	0.0	0.0	0.0	0.0	0.0	0.0	0.0	0.0	0.0	0.0	0.0	0.0	0.0	0.0	1.02093034830315e-05	0.0	0.0	0.0	0.00017520391130893895	0.0	0.0	0.0	0.0	0.0	0.0	0.0	0.0	0.0	0.0	0.0	0.0	0.0	0.0	0.0	0.0	0.0
293431	Haloquadratum	0.0	6.897360380182504e-06	0.0	0.0	0.0	0.0	0.0	0.0	0.0	0.0	2.133981028908653e-05	0.0	0.0	0.0	0.0	0.0	0.0	0.0	0.0	0.0	0.0	0.0	0.0	0.0	0.0	0.0	0.0	0.0	0.0	0.0	0.0	0.0	0.0	0.0	0.0	0.0	0.0	0.0	0.0	0.0	0.0	0.0	0.0	0.0	3.4085924828316274e-05	0.0	0.0	0.0	0.0	0.0	0.0	0.0	0.0	0.0	3.3437990399837653e-06	0.0	0.0	0.0	0.0	0.0	0.0	0.0	7.732412145299756e-06	0.0
299568	Uruburuella	0.0	0.0	0.0	0.0	0.0	0.0	0.0	0.0	0.0	0.0	0.0	0.0	0.0	0.0	0.0	0.0	0.0	0.0	0.0	0.0	7.536194931218091e-06	0.0	0.0	0.0	0.0	0.0	0.0	0.0	0.0	0.0	0.0	0.0	0.0	0.0	0.0	0.0	0.0	0.0	0.0	0.0	0.0	0.0	0.0	0.0	0.0	0.0	0.0	0.0	0.0	0.0	0.0	0.0	0.0	0.0	0.0	0.0	0.0	0.0	0.0	0.0	0.0	0.0	0.0	0.0
300275	Lachancea	0.0	0.0	0.0	0.0	0.0002880203292977571	2.0005583096574953e-05	0.0	0.0	0.0	0.0	0.0	0.0	0.0	0.0	0.0	0.0	0.0	0.0003586574883908234	0.0003230600245525619	0.0	0.0	0.0	0.0	0.0	0.0	0.0	0.0	0.0	0.0	0.0	0.0	0.0	0.0	0.0	0.0	0.0	0.0	0.0	0.0	0.0	0.0	0.0	0.0	0.0	0.0	0.0	0.0	0.0	0.0	0.0	0.0	0.0	0.0	0.0	0.0	0.0	0.0	0.0	0.0	0.0	0.0	0.0	0.0	0.0
305976	Pusillimonas	0.0	0.0	0.0	0.0	0.0	0.0	0.0	0.0	0.0	0.0	0.0	0.0	0.0	0.0	0.0	0.0	0.0	0.0	0.0	0.0	0.0	0.0	0.0	0.0	0.0	5.039372839095017e-06	0.0	0.0	0.0	0.0	0.0	0.0	0.0	0.0	0.0	0.0	0.0	0.0	0.0	0.0	0.0	0.0	0.0	0.0	0.0	0.0	0.0	0.0	0.0	0.0	0.0	0.0	0.0	0.0	0.0	0.0	0.0	0.0	0.0	0.0	0.0	0.0	0.0	0.0
308865	Elizabethkingia	0.0	0.0	0.0	1.3401176200075329e-05	0.0	0.0	0.0	0.0009968500966122818	0.0	0.0	0.0	0.0	0.0	0.0	0.0	0.0	0.0	0.0	0.0	0.0	0.0	0.0	0.0	0.0	0.0	0.0	0.0	0.0	0.0	0.0	0.0	0.0	0.0	0.0	0.0	0.0	0.0	0.0	0.0	0.0	0.0	0.0	1.1485466418410438e-05	0.0	0.0	0.0	0.0	0.0	0.0	0.0	0.0	0.0	0.0	0.0	0.0	0.0	0.0	0.0	0.0	0.0	0.0	0.0	0.0	0.0
323413	Dokdonella	0.0	0.0	0.0	0.0	0.0	0.0	0.0	0.0	0.0	0.0	0.0	0.0	0.0	0.0	0.0	0.0	0.0	0.0	0.0	0.0	0.0	0.0	0.0	0.0	0.0	0.0	0.0	2.887800880353698e-06	0.0	0.0	0.0	0.0	0.0	0.0	0.0	0.0	0.0	0.0	0.0	0.0	0.0	0.0	0.0	0.0	0.0	0.0	0.0	0.0	0.0	0.0	0.0	0.0	0.0	0.0	0.0	0.0	0.0	0.0	0.0	0.0	0.0	0.0	0.0	0.0
323449	Pontibacter	0.0	0.0	0.0	0.0	0.0	0.0	0.0	0.0	8.42329148662921e-06	0.0	0.0	0.0	0.0	0.0	0.0	0.0	0.0	0.0	0.0	0.0	0.0	0.0	0.0	0.0	0.0	0.0	0.0	0.0	0.0	0.0	0.0	0.0	0.0	0.0	0.0	0.0	0.0	0.0	0.0	0.0	0.0	0.0	0.0	0.0	0.0	0.0	0.0	0.0	0.0	0.0	0.0	0.0	0.0	0.0	0.0	0.0	0.0	0.0	0.0	0.0	0.0	0.0	0.0	0.0
323620	Shinella	0.0	1.848492581888911e-05	1.8741945761712193e-05	0.0	0.0	0.0	0.0	7.306661102409019e-05	0.0	3.16433049825548e-06	0.0	2.516665443880067e-05	0.0	0.0	1.17453540133595e-05	0.0	0.0	0.0	0.0	0.0	0.0	0.0	0.0	0.0	0.0	1.0078745678190033e-05	0.0	0.0	0.0	0.0	0.0	0.0	1.4947074634877948e-05	0.0	8.294916677561974e-06	0.0	3.301873254293261e-06	0.0	0.0	4.9318257290060396e-05	0.0	0.0	0.0	0.0	0.0	0.0	0.0010985758763155092	0.0001567779936164498	0.0	0.0	0.0	0.0005810597606495556	0.00010160673114709517	0.0	0.0	0.0	0.0	0.0	0.0	0.0	0.0	0.00022094804038583592	0.0	0.0
329857	Cohnella	0.0	0.0	0.0	0.0	0.0	0.0	0.0	0.0	0.0	0.0	0.0	0.0	0.0	0.0	0.0	0.0	0.0	0.0	0.0	0.0	0.0	0.0	0.0	0.0	0.0	0.0	0.0	0.0	0.0	0.0	0.0	0.0	0.0	0.0	0.0	0.0	0.0	0.0	0.0	0.0	0.0	2.1641125930072472e-06	0.0	0.0	0.0	0.0	0.0	0.0	0.0	0.0	0.0	0.0	0.0	0.0	0.0	0.0	0.0	0.0	0.0	0.0	0.0	0.0	0.0	0.0
332246	Halalkalicoccus	0.0	0.0	0.0	0.0	0.0	0.0	0.0	0.0	0.0	0.0	0.0	0.0	0.0	0.0	0.0	0.0	0.0	7.393378050161711e-05	4.2246310903027324e-05	0.0	0.0	0.0	0.0	0.0	0.0	0.0	0.0	0.0	0.0	0.0	0.0	0.0	0.0	0.0	0.0	0.0	0.0	0.0	0.0	0.0	0.0	0.0	0.0	0.0	0.0	0.0	0.0	0.0	0.0	0.0	0.0	0.0	0.0	0.0	0.0	0.0	0.0	0.0	0.0	0.0	0.0	0.0	0.0	0.0
334107	Conchiformibius	0.0	0.0	0.0	0.0	0.0	0.0	0.0	0.0	0.0	0.0	0.0	0.0	0.0	0.0	0.0	0.0	0.0	0.0	0.0	0.0	0.0	0.0	0.0	0.0	0.0	0.0	0.0	0.0	0.0	0.0	0.0	0.0	0.0	0.0	0.0	0.0	0.0	0.0	0.0	0.0	0.0	0.0	0.0	0.0	0.0	0.0	0.0	0.0	0.0	0.0	0.0	0.0	0.0	0.0	2.7672819641244956e-06	0.0	0.0	0.0	0.0	0.0	0.0	0.0	0.0	0.0
335405	Sphingosinicella	0.0	0.0	4.290324933403996e-06	0.0	0.0	0.0	0.0	0.0	0.0	0.0	0.0	0.0	0.0	2.815922018174623e-06	2.077409553383313e-06	0.0	0.0	0.0	0.0	0.0	0.0	0.0	0.0	0.0	0.0	0.0	0.0	0.0	0.0	0.0	0.0	0.0	0.0	0.0	0.0	0.0	1.1006244180977535e-06	0.0	0.0	0.0	0.0	0.0	0.0	0.0	0.0	0.0	0.0	0.0	0.0	0.0	0.0	0.0	0.0	0.0	0.0	0.0	0.0	0.0	0.0	0.0	0.0	0.0	0.0	0.0
337004	Microcella	0.0	0.0	0.0	0.0	0.0	0.0	0.0	0.0	0.0	0.0	0.0	0.0	0.0	0.0	0.0	0.0	0.0	0.0	0.0	0.0	0.0	0.0	0.0	0.0	0.0	7.011301341349588e-06	0.0	0.0	0.0	0.0	0.0	0.0	0.0	0.0	0.0	0.0	9.09285096182298e-05	0.0	0.0	0.0	0.0	0.0	0.0	0.000641347062047413	0.0	0.0	0.0	0.0	0.0	0.0	0.0	0.0	0.0	0.0	0.0	0.0	0.0	0.0	0.0	0.0	0.0	0.0	0.0	0.0
338321	Turneriella	0.0	0.0	0.0	0.0	0.0	0.0	0.0	0.0	0.0	0.0	0.0	0.0	0.0	0.0	0.0	0.0	0.0	0.0	0.0	0.0	0.0	0.0	0.0	0.0	0.0	0.0	0.0	0.0	0.0	0.0	0.0	0.0	0.0	0.00011316228225690856	0.0	0.0	0.0	0.0	0.0	0.0	0.0	0.0	0.0	0.0	0.0	0.0	0.0	0.0	0.0	0.0	0.0	0.0	0.0	0.0	0.0	0.0	0.0	0.0	0.0	0.0	0.0	0.0	0.0	0.0
338583	Polymorphospora	0.0	0.0	0.0	0.0	0.0	0.0	0.0	0.0	0.0	0.0	0.0	0.0	0.0	0.0	0.0	0.0	0.0	0.0	0.0	0.0	0.0	0.0	0.0	0.0	0.0	0.0	0.0	0.0	0.0	0.0	0.0	0.0	0.0	0.0	0.0	0.0	0.0	0.0	0.0	0.0	0.0	0.0	0.0	0.0	0.0	0.0	0.0008120938051211629	0.0	0.0	0.0	0.0	0.0	0.0	0.0	0.0	0.0	0.0	0.0	0.0	0.0	0.0	0.0	0.0	0.0
354349	Pseudochrobactrum	0.0	0.0	0.0	0.0	0.0	0.0	0.0	0.0	0.0	0.0	0.0	0.0	0.0	0.0	0.0	0.0	0.0	0.0	0.0	0.0	0.0	0.0	0.0	0.0	0.0	0.0	0.0	0.0	0.0	0.0	0.0	0.0	0.0	0.0	0.0	0.0	0.0	0.0	0.0	0.0	0.0	0.0	0.0	0.0	0.0	0.0	0.0	0.0	0.0	0.0	0.0005895193957718035	0.0	0.0	0.0	0.0	0.0	0.0	0.0	0.0	0.0	0.0	0.0	0.0	0.0
361177	Altererythrobacter	0.0	0.0	0.0	0.0	0.0	0.0	0.0	0.0	0.0	0.0	0.0	0.0	0.0	0.0	0.0	0.0	0.0	0.0	0.0	0.0	0.0	0.0	0.0	0.0	0.0	0.0	0.0	0.0	0.0	0.0	0.0	0.0	0.0	0.0	0.0	0.0	0.0	0.0	0.0	0.0	0.0	0.0	0.0	0.0	0.0	0.0	0.0031939199507534954	0.0	0.0	0.0	0.0	0.0	0.0	0.0	0.0	0.0	0.0	0.0013785436353529739	0.0	0.0	0.0	0.0	0.0	0.0
364316	Verminephrobacter	0.0	0.0	0.0	0.0	0.0	0.0	0.0	0.0	0.0	1.541596909406516e-06	0.0	0.0	0.0	0.0	0.0	0.0	0.0	0.0	0.0	0.0	0.0	0.0	0.0	0.0	0.0	0.0	0.0	0.0	0.0	0.0	0.0	0.0	0.0	0.0	0.0	0.0	0.0	0.0	0.0	0.0	0.0	0.0	0.0	0.0	0.0	0.0	0.0	0.0	0.0	0.0	0.0	0.0	0.0	0.0	0.0	0.0	0.0	0.0	8.825199970206124e-06	0.0	0.0	0.0	0.0	0.0
364409	Granulibacter	0.0	0.0	0.0	0.0	0.0	0.0	0.0	0.0	0.0	0.0	0.0	0.0	0.0	0.0	0.0	0.0	0.0	0.0	0.0	0.0	0.0	0.0	0.0	0.0	0.0	0.0	0.0	0.0	0.0	0.0	0.0	0.0	0.0	0.0	0.0	0.0	3.979180588507263e-06	0.0	0.0	0.0	0.0	0.0	0.0	0.0	0.0	0.0	0.0	0.0	0.0	7.717034582136609e-06	0.0	1.4622695963366298e-05	0.0	0.0	0.0	0.0	0.0	0.0	0.0	0.0	0.0	0.0	0.0	0.0
365348	Pelosinus	0.0	0.0	0.0	0.0	0.0	0.0	0.0	0.0	0.0	0.0	0.0	0.0	0.0	0.0	0.0	0.0	0.0	0.0	0.0	0.0	0.0	0.0	0.0	0.003594771241830065	0.0	1.5556324851119398e-05	0.0	0.0	0.000169318477918133	0.0	0.0	0.0	0.0	0.0	0.0	0.0	0.0	0.0	0.0	0.0	0.0	0.0	0.0	0.0	0.0	0.0	0.0	1.124304336691672e-05	0.0	0.0	0.0	0.0	0.0	0.0	0.0	0.0	0.0	0.0	0.0	0.004944588254327779	4.085886555054882e-05	0.0	0.0	0.0
366614	Haematobacter	0.0	0.0	0.0	0.0	0.0001876246716568246	0.0	0.0	0.0	1.5598687938202242e-06	0.0	0.0	5.673161085356761e-05	0.0	0.0	0.0	0.0002865740077374982	0.0	0.0	0.0	0.0	0.0	0.0	0.0	0.0	0.0	1.0736055178941557e-05	0.0	1.4439004401768489e-05	0.0	0.0	0.0	0.0	1.4629051770306078e-05	0.0026479974048116603	4.147458338780987e-06	0.0	0.0	0.0030024803098211567	0.0	0.00014137900423150646	0.0	3.3363402475528395e-05	0.0	0.0	0.0	0.00011854387300889471	0.0	0.0062986027395549	0.0	0.0	0.0	0.0	0.0030257886848951135	1.6139698248711877e-05	0.0	0.0	1.6893493492098384e-05	0.0005558643690939411	0.0	0.0	0.0	0.0	0.0	0.0
367298	Phycicoccus	0.0	1.1311671023499307e-05	0.0	0.0	0.0	0.0	0.0	0.0	0.0	0.0	0.0	0.0	0.0	0.0	0.0	0.0	0.0	0.0	0.0	0.0	0.0	0.0	0.0	0.0	0.0	0.0	0.0	0.0	0.0	0.0	0.0	0.0	0.0	0.0	0.0	0.0	1.523941501981505e-05	0.0	0.0	0.0	0.0	0.0	0.0	0.0	0.0	0.0	0.0	0.0	0.0	0.0	0.0	0.0	0.0	0.0	0.0	0.0	0.0	0.0	0.0	0.0	0.0	0.0	0.0	0.0
369926	Brooklawnia	0.0	0.0	0.0	1.6222476452722766e-05	0.0	0.0	0.0	0.0	0.0	0.0	0.0	0.0	0.0	0.0	0.0	0.0	0.0	0.0	0.0	0.0	0.0	0.0	0.0	0.0	0.0	6.13488867368089e-05	0.0	0.0	0.0	0.0	0.0	0.0	0.0	0.0	0.0	0.0	0.0	0.0	0.0	0.0	0.0	0.0	2.0418606966063e-05	0.0	0.0	0.0	0.0	0.0	0.0	0.0	0.0	0.0	0.0	0.0	0.0	0.0	0.0	0.0	0.0	0.0	0.0	0.0	0.0	0.0
370735	Zhihengliuella	0.0	0.0	2.7322595628520183e-05	2.2570402021179502e-05	0.0	0.0	0.0	0.0	0.0	0.0	0.0	0.0	0.0	0.0	0.0	0.0	0.0	0.0	0.0	0.0	0.0	0.0	0.0	0.0	0.0	9.487167127513661e-05	0.0	0.0	0.0	0.0	0.0	0.0	0.0	0.0	0.0	0.0	0.0	0.0	0.0	0.0	0.0	0.0	3.3180236319852377e-05	0.0	0.0	0.0	0.0	0.0	0.0	0.0	0.0	0.0	0.0	0.0	0.0	0.0	0.0	0.0	0.0	0.0	0.0	0.0	0.0	0.0
374468	Nakaseomyces	0.0	0.0	0.0	0.0	0.0	0.0	0.0	0.0	0.0	0.0	0.0	0.0	0.0	0.0	0.0	0.0	0.0	5.505707058631061e-05	7.57948519142549e-05	0.0	0.0	0.0	0.0	0.0	0.0	0.0	0.0	0.0	0.0	0.0	0.0	0.0	0.0	0.0	2.567474209721563e-06	0.0	0.0	0.0	0.0	0.0	0.0	0.0	0.0	0.0	0.0	0.0	0.0	0.0	0.0	0.0	0.0	0.0	0.0	0.0	0.0	0.0	0.0	0.0	0.0	0.0	0.0	0.0	0.0	0.0
375288	Parabacteroides	0.0	0.0002294062062448701	4.78709939937709e-05	0.0	0.0	5.66311890733814e-05	0.0	0.0006216914581022833	3.3568376443011225e-05	0.0008336793812711554	0.0	0.0	1.3050553787638099e-05	0.0	5.353324618333923e-06	0.0007954899180299519	0.0007521197210304792	0.0	0.0	0.0	9.294640415168979e-05	7.21833672399313e-06	0.0	0.0	0.0	9.42143617743851e-06	0.0	1.4439004401768489e-05	0.0	0.0	3.152902821641761e-05	0.0	1.8763349009740406e-05	0.0	0.00018071068476117156	0.0	5.672448924042269e-06	0.005091162264479352	0.008386459587816465	0.0	0.0	2.6871064696506654e-05	0.0	0.0	2.3795834314107586e-05	1.8056351517911114e-05	0.0014347779763948243	0.001145541196384737	0.0	0.0	0.0	0.00011236387424481472	0.00016286961316225548	0.00021635919814489435	0.00013086937622005425	0.0005921660761053766	0.00042318201197706455	0.0	6.318843178667585e-05	0.0003033489726581459	0.00011403892325302432	0.0	0.0	0.0
376469	Olivibacter	0.0	0.0	0.0	0.0	0.0	0.0	0.0	0.0	0.0	0.0	0.0	0.0	0.0	0.0	0.0	0.0	0.0	0.0	0.0	0.0	0.0	0.0	0.0	0.0	0.0010284603014323647	3.133175286915597e-05	0.0	1.6718847202047724e-06	0.0	0.0	0.0	0.0	0.0	0.0	0.0	0.0	0.0	0.0	0.0	0.0	0.0	0.0	0.0	0.0	0.0	0.0	0.0	0.0	0.0	0.0	0.0	7.69615577019279e-06	0.0	0.0	0.0	0.0	0.0	0.0	0.0	0.0	0.0	0.0	0.0	0.0
378210	Methyloversatilis	0.0	0.0	2.9354854807501023e-06	0.0	0.0	0.0	0.0	0.0	0.0	0.0	0.0	0.0	0.0	0.0	0.0	0.0	0.0	0.0	0.0	0.0	0.0	0.0	0.0	0.0	0.0	3.0674443368404447e-06	0.0	0.0	0.0	0.0	0.0	0.0	0.0	0.00011316228225690856	0.0	0.0	0.0	0.0	0.0	0.0	0.0	2.1641125930072472e-06	0.0	0.0	0.0	0.0	0.0	0.0	0.0	0.0	0.0	0.0	1.643638297967716e-05	4.362080607759967e-06	0.0	0.0	0.0	0.0	0.0	0.0	0.0	0.0	0.0	0.0
383614	Brasilonema	0.0	0.0	0.0	0.0	0.0	0.0	0.0	0.0	0.0	0.0	0.0	0.0	0.0	0.0	0.0	0.0	0.0	0.0	0.0	0.0	0.0	0.0	0.0	0.0	0.0	0.0	0.0	0.0	0.0	0.0	0.0	0.0	0.0	0.0	0.0	0.0	0.0	0.0	0.0	0.0	0.0	0.0	0.0	0.0	0.0	0.0	0.0	3.7476811223055735e-05	0.0	0.0	0.0	0.0	0.0	0.0	0.0	0.0	0.0	0.0	0.0	0.0	0.0	0.0	0.0	0.00038091539196940724
390988	Actinocatenispora	0.0	0.0	0.0	0.0	0.0	0.0	0.0	0.0	0.0	0.0	0.0	0.0	0.0	0.0	0.0	0.0	0.0	0.0	0.0	0.0	0.0	0.0	0.0	0.0	0.0	0.0	0.0	0.0	0.0	0.0	0.0	0.0	0.0	0.0	0.0	0.0	0.0	0.0	0.0	0.0	0.0	0.0	0.0	0.0	0.0	0.0	8.52343352313757e-05	0.0	0.0	0.0	0.0	0.0	0.0	0.0	0.0	0.0	0.0	0.0	0.0	0.0	0.0	0.0	0.0	0.0
391952	Aquincola	0.0007740757942425057	0.0	3.612905207077049e-06	0.0	0.00020243714573499495	0.0	0.0	1.5363639481838036e-05	2.7453690771235943e-06	0.0	0.0	1.364971088206138e-05	0.0	0.0	1.6779077161942144e-06	0.0001581097973724128	0.0	0.0	0.0	0.00014433346804457018	0.0	0.0	0.0	0.0	0.0	3.943857004509143e-06	0.0	4.255706560521239e-06	4.359697335616598e-05	0.0005991169937230973	9.134578268307905e-06	0.0	0.0	0.0005431789548331611	0.0	0.0	0.0	0.0	6.681297116566921e-06	0.00032221261429506127	0.0	0.0	0.0	0.0007579556187833063	7.460315622801297e-05	0.0	0.0	0.0	0.0	0.0	0.00010506286261279665	1.385308038634702e-05	4.3332282400967057e-05	7.85174509396794e-06	0.0	0.0	0.0	0.0	0.0	0.0	0.0	0.0	4.027297992343623e-06	0.0
392733	Terriglobus	0.0	0.0	0.0	1.551715138956091e-05	0.0	0.0	0.0	0.0	0.0	0.0	0.0	0.0	0.0	0.0	0.0	0.0	0.0	0.0	0.0	0.0	0.0	0.0	0.0	0.0	0.0	0.0	0.0	0.0	0.0	0.0	0.0	0.0	0.0	0.0	0.0	0.0	0.0	0.0	0.0	0.0	0.0	0.0	0.0	0.0	0.0	0.0	0.0	0.0	0.0	0.0	0.0	0.0	0.0	0.0	0.0	0.0	0.0	0.0	0.0	0.0	0.0	0.0	0.0	0.0
397864	Barnesiella	0.0	5.517888304146003e-06	0.0	0.0	0.0	0.0	0.0	6.609937916604736e-06	0.0	1.046663164807582e-05	0.0	0.0	0.0	0.0	0.0	0.0	7.92989162481446e-06	0.0	0.0	0.0	0.0	0.0	0.0	0.0	0.0	0.0	0.0	0.0	0.0	0.0	0.0	0.0	0.0	0.0	0.0	0.0	0.0	0.0	3.209408793493753e-05	0.0	0.0	0.0	0.0	0.0	0.0	0.0	0.0	2.81076084172918e-05	0.0	0.0	0.0	0.0	0.0	0.0	0.0	0.0	2.9563613611172176e-06	0.0	0.0	0.0	0.0	0.0	0.0	0.0
400634	Lysinibacillus	0.0	6.621465964975204e-06	7.67742356503873e-06	0.0	0.0	0.0	0.0	0.0	0.0	0.0	0.0	0.0	0.0	0.0	0.0	0.0	1.7893088794453144e-05	0.0	0.0	0.0	0.0	0.0	0.0	0.0	0.0	0.0	0.0	0.0	0.0002534707753265464	0.0	0.0	0.0	0.0	0.0	0.0	0.0	0.0	0.0	3.3406485582834604e-06	5.589402492873512e-05	0.0	0.0	0.0	0.0	0.0	0.0	0.0	0.0	0.0	0.0	0.0	0.0	0.0	3.2279396497423754e-05	0.0	0.0	0.0	0.0	0.0	0.0	0.0	0.0	0.0	0.0
402649	Actinomycetospora	0.00024444498765552813	2.3588972500224164e-05	1.3548394526538934e-05	0.0	0.0	0.0	0.0	0.0	2.4271558431842687e-05	0.0	0.0	0.0	0.0	0.0	0.0	0.0	0.0	0.0	0.0	0.0	0.0	0.0	0.0	0.0	0.0	8.764126676686986e-06	0.0	0.0	0.0	0.0	0.0	0.0	0.0	0.0	0.0	0.0	4.317834255614264e-06	0.0	0.0	0.0	0.0	0.0	0.0	0.0	0.0	7.929093492647925e-05	0.0009257395854296639	2.81076084172918e-05	0.0	0.0	0.0	0.0	0.0	0.0	0.0	0.0	0.0	0.0	0.0	0.0	0.0	0.0	0.0	0.0
406099	Aquisalimonas	0.0	0.0	0.0	0.0	0.0	0.0	0.0	0.0	0.0	0.0	0.0	0.0	0.0	6.073557294102129e-07	9.588044092538368e-07	0.0	0.0	0.0	0.0	0.0	0.0	0.0	0.0	0.0	0.0	0.0	0.0	0.0	0.0	0.0	0.0	0.0	0.0	0.0	0.0	0.0	0.0	0.0	0.0	0.0	0.0	0.0	0.0	0.0	0.0	0.0	0.0	0.0	0.0	0.0	0.0	0.0	0.0	0.0	0.0	0.0	0.0	0.0	0.0	0.0	0.0	0.0	0.0	0.0
407217	Aquitalea	0.0	0.0	0.0	0.0	0.0	0.0	0.0	0.0	0.0	0.0	0.0	0.0	0.0	0.0	0.0	0.0	0.0	0.0	0.0	0.0	0.0	0.0	0.0	0.0	0.0	0.0	0.0	0.0	0.0	0.0	0.0	0.0	0.0	0.0	0.0	0.0	0.0	0.0	0.0	0.0	0.0	0.0	0.0	0.00017491283510383992	0.0	0.0	0.0	0.0	0.0	0.0	0.0	0.0	0.0	0.0	0.0	0.0	0.0	0.0	0.0	0.0	0.0	0.0	0.0	0.0
410829	Sugiyamaella	0.0	0.0	0.0	9.521888352685101e-05	0.0	2.092891770103226e-05	0.0	0.0	0.0	0.0	0.0	0.0	0.0	0.0	0.0	0.0	0.0	0.0045870405094194785	0.004039492845462994	0.0	0.0	0.0	0.0	0.0	0.0	0.0	0.0	0.0	0.0	0.0	0.0	0.0	0.0	0.0	0.0	0.0	0.0	0.0	0.0	0.0	0.0	8.169525038602358e-05	0.0002571468314788559	0.0	0.0	0.0	0.0	0.0	0.0	0.0	0.0	0.0	0.0	0.0	0.0	0.0	0.0	0.0	0.0	0.0	0.0	0.0	0.0	0.0
413496	Cronobacter	0.0	0.0	0.0	0.0	0.0	0.0	0.0	8.396407623795206e-06	0.0	0.0	3.4919689563959775e-05	0.0	0.0	0.0	0.0	0.0001383460727008612	0.0	0.0	0.0	0.0	1.5072389862436182e-05	5.220704002702008e-05	0.0	0.0	0.0	0.0	0.0	0.0	0.0	0.0	0.0	0.0	4.7703429685780685e-06	0.0	4.147458338780987e-06	0.0	0.0	0.0	0.0	0.0	0.0	1.7312900744057978e-05	0.0	0.0	0.0	0.0	0.0	0.0	0.0	0.0	0.0	0.0	0.0	0.0	0.0	0.0	0.0	0.0	0.0	0.0	0.0	0.0	0.0	0.0
414371	Aureimonas	0.0	0.00010718498030803612	1.1290328772115777e-05	9.874550884266032e-06	0.0	0.0	0.0	5.1807621508523605e-06	0.0	0.0	0.0	0.0	0.0	3.809776848118608e-06	5.273424250896102e-06	0.0010968867192711138	0.0	0.0	0.0	0.0	0.0	0.0	0.0	0.0	0.0	2.7826102198481178e-05	0.0	2.7966071683425285e-05	0.0	0.0	2.9466381510670663e-06	0.0	0.0	0.0	0.0	0.0	1.1429561264861287e-05	0.0	0.0	0.0	0.0	0.0	0.0	0.0	0.0	0.0	0.0	0.0008988188558329533	0.0	0.0	0.002107094077956644	5.0794628083272405e-05	0.0004422881238167672	4.100355771294369e-05	0.0	0.0	0.0	0.0	0.0	0.0	0.0	0.0	0.0	0.0
415014	Proteiniborus	0.0	0.0	0.0	0.0	0.0	0.0	0.0	0.0	0.0	0.0	0.0	0.0	0.0	0.0	0.0	0.0	0.0	0.0	0.0	0.0	0.0	0.0	0.0	0.0	0.0	0.0	0.0	0.0	0.0	0.0	0.0	0.0	0.0	0.0	0.0	0.0	0.0	0.0	2.5054864187125953e-06	0.0	0.0	0.0	0.0	0.0	0.0	0.0	0.0	0.0	0.0	0.0	0.0	0.0	0.0	0.0	0.0	0.0	0.0	0.0	0.0	0.0	0.0	0.0	0.0	0.0
416916	Aggregatibacter	0.00017111149135886968	0.0004015643213342254	0.00035496793659532005	0.00020313361819061551	0.0008327902092838004	0.0024828467513856945	0.000513619476450547	0.002845488949612979	7.038127997716851e-05	0.01704843908444722	0.0004840256970115536	5.1186415807730174e-05	0.0019340043365125871	1.656424716573308e-06	9.851715305083174e-05	0.0011166504439426655	0.002829141335068421	0.0	0.0001963210918434799	0.00044949565762451854	0.014247804533712069	0.0	5.097316262987537e-05	0.0	0.0008227682411458918	0.005017900728737133	0.0	0.0009809403622001456	0.0005414135760975031	0.002737503802088614	0.0005474853684682609	0.0	0.001022443509598566	0.00027158947741658053	0.0008360091022885676	0.00016233947984191493	0.0003059735882311755	0.000848527044079892	4.2593269118114116e-05	8.548497930277136e-05	0.0007051564565888057	0.0008113618796616338	0.0	0.0	0.0002636835694265976	7.929093492647925e-05	0.0	0.0014141250101499696	0.00021221936780967273	0.0009081546605978036	0.0007237663868881548	0.0039342748297225534	0.001543525783455137	0.006027522983802722	0.000534546632736715	0.0005632799260514559	0.00040818903650282723	0.0005558643690939411	0.007884080645383344	0.0	0.00035980195037050455	0.0	2.1747409158655565e-05	0.0
423349	Mucilaginibacter	0.0	0.0	0.0	0.0002637915736225354	0.0	0.0	0.0	6.073997004447595e-06	0.0	0.0	0.0	0.0	0.0	0.0	0.0	0.0	0.0	0.0	0.0	0.0	0.0	0.0	0.0	0.0	0.0	0.0	0.0	0.0	0.0	0.0	0.0	0.0	0.0	0.0	0.0	0.0	0.0	0.0	0.0	0.0	0.0	0.0	2.2970932836820876e-05	0.0	0.0	0.0	0.0	0.0	0.0	0.0	0.0	0.0	0.0	0.0	0.0	0.0	0.0	0.0	0.0	0.0	0.0	0.0	0.0	0.0
427753	Humibacter	0.0	0.0	0.0	7.758575694780454e-06	0.0	0.0	0.0	0.0	0.0	0.0	0.0	0.0	0.0	0.0	0.0	0.0	0.0	0.0	0.0	0.0	0.0	0.0	0.0	0.0	0.0	6.792198174432413e-06	0.0	0.0	0.0	0.0	0.0	0.0	0.0	0.0	0.0	0.0	0.0001057446075541611	0.0	0.0	0.0	0.0	0.0	0.0	0.0	0.0	0.0	0.0	0.0	0.0	0.0	0.0	0.0	0.0	0.0	0.0	0.0	0.0	0.0	0.0	0.0	0.0	0.0	0.0	0.0
428711	Jonquetella	0.0	0.0	0.0	0.0	0.0	0.0	0.0	0.0	0.0	0.0	0.0	0.0	0.0	0.0	0.0	0.0	0.0	0.0	0.0	0.0	0.0	0.0	0.0	0.0	0.0	0.0	0.0	0.0	0.0	0.0	0.0	0.0	0.0	0.0	0.0	0.0	0.0	0.0	0.0	0.0	0.0	0.0	0.0	0.0	0.0	0.0	0.0	0.0	0.0	0.0	0.0	0.0	2.5401682786773792e-05	0.0	0.0	0.0	0.0	0.0	0.0	0.0	0.0	0.0	0.0	0.0
436357	Thalassococcus	0.0	0.0	0.0	0.0	0.0	0.0	0.0	0.0	0.0	0.0	0.0	0.0	0.0	4.030633476995049e-06	3.11611433007497e-06	0.0	0.0	0.0	0.0	0.0	0.0	0.0	0.0	0.0	0.0	0.0	0.0	0.0	0.0	0.0	0.0	0.0	0.0	0.0	0.0	0.0	0.0	0.0	0.0	0.0	0.0	0.0	0.0	0.0	0.0	0.0	0.0	0.0	0.0	0.0	0.0	0.0	0.0	0.0	0.0	0.0	0.0	0.0	0.0	0.0	0.0	0.0	0.0	0.0
447020	Adlercreutzia	0.0	0.0007192567404454316	2.8451628505731762e-05	0.0	0.0	8.463900540858634e-05	0.0	0.00010432983089992339	0.0	0.0002453573186339634	0.0	0.0	3.9480666920585844e-06	0.0	2.5568117580102316e-06	8.89367610219822e-05	0.0005093430389784673	0.0	0.0	0.0	0.0	0.0	0.0	0.0	0.0	0.0	0.0	1.124722448137756e-05	0.0	0.0	4.419957226600599e-06	0.0	0.0	0.0	1.9749801613242795e-05	0.0	2.201248836195507e-06	0.0	0.0008689265517849444	0.0	0.0	0.0	0.0	0.0	0.0	0.0	0.0	0.0004353556237078308	0.0	0.0	0.0	3.540231654288683e-05	0.0	4.2748389956047675e-05	8.324906575407858e-05	0.00014443075026960406	0.0004455658908540949	0.0	7.0601599761649e-06	0.0	0.0	0.0	0.0	0.0
447237	Frondihabitans	0.0	4.000469020505852e-06	0.0	0.0	0.0	0.0	0.0	0.0	5.553132905999998e-06	0.0	0.0	0.0	0.0	3.5337060620230566e-06	0.0	0.0001926963155476281	0.0	0.0	0.0	0.0	0.0	0.0	0.0	0.0	0.0	1.139336467969308e-05	0.0	0.0	0.0	0.0	0.0	0.0	0.0	0.0	0.0	0.0	0.00016043717479194178	0.0	0.0	0.0	0.0	0.0	0.0	0.00023321711347178657	0.0	0.0	0.0	0.0	0.0	0.0	0.0	0.0	0.0	0.0	0.0	0.0	0.0	0.0	0.0	0.0	0.0	0.0	0.0	0.0
447792	Phytobacter	0.0	0.0	3.861292440063596e-05	0.0	0.0	0.0	0.0	0.0	0.0	0.0	0.0	0.0	0.0	0.0	0.0	0.0	0.0	0.0	0.0	0.0	0.0	0.0	0.0	0.0	0.0	0.0	0.0	0.0	0.0	0.0	0.0	0.0	0.0	0.0	0.0	0.0	8.97432217833553e-06	0.0	0.0	0.0	0.0	0.0	0.0	0.0	0.0	0.0	0.0	0.0	0.0	0.0	0.0	0.0	0.0	0.0	0.0	0.0	0.0	0.0	0.0	0.0	0.0	0.0	0.0	0.0
449972	Chelativorans	0.0	0.0	0.0	0.0	0.0	0.0	0.0	0.0	0.0	0.0	0.0	0.0	0.0	0.0	1.1186051441294764e-06	0.0	0.0	0.0	0.0	0.0	0.0	0.0	0.0	0.0	0.0	0.0	0.0	0.0	0.0	0.0	0.0	0.0	0.0	0.0	0.0	0.0	0.0	0.0	0.0	0.0	0.0	0.0	0.0	0.0	0.0	0.0	0.0	0.0	0.0	0.0	0.0	0.0	0.0	0.0	0.0	0.0	0.0	0.0	0.0	0.0	0.0	0.0	0.0	0.0
456492	Saccharibacillus	0.0	0.0	0.0	0.0	0.0	0.0	0.0	0.0	0.0	0.0	0.0	0.0	0.0	0.0	0.0	0.0	0.0	3.9326478990221865e-05	0.0	0.0	0.0	0.0	0.0	0.0	0.0	0.0	0.0	0.0	0.0	0.0	0.0	0.0	0.0	0.0	0.0	0.0	0.0	0.0	0.0	0.0	0.0	0.0	0.0	0.0	0.0	0.0	0.0	0.0	0.0	0.0	0.0	0.0	0.0	0.0	0.0	0.0	0.0	0.0	0.0	0.0	0.0	0.0	0.0	0.0
458839	Actinotalea	0.0	0.0	0.0	0.0	0.0	0.0	0.0	0.0	0.0	0.0	0.0	0.0	0.0	0.0	0.0	0.0	0.0	0.0	0.0	0.0	0.0	0.0	0.0	0.0	0.0	0.0	0.0	0.0	0.0	0.0	0.0	0.0	0.0	0.0	0.0	0.0	7.450380676354024e-06	0.0	0.0	0.0	0.0	0.0	0.0	0.0	0.0	0.0	4.735240846187539e-05	0.0	0.0	0.0	0.0	0.0	0.0	0.0	0.0	0.0	0.0	0.0	0.0	0.0	0.0	0.0	0.0	0.0
459532	Terribacillus	0.0	2.6209969444693514e-06	0.0	0.0	0.0	0.0	0.0	0.0	0.0	0.0	0.0	0.0	0.0	0.0	0.0	0.0	0.0	0.0	0.0	0.0	0.0	0.0	0.0	0.0	0.0	0.0	0.0	8.541811025046201e-05	0.0	0.0	0.0	0.0	0.0	0.0	0.0	0.0	0.0	0.0	0.0	0.0	0.0	0.0	0.0	0.0	0.0	0.0	0.0	0.0	0.0	0.0	0.0	0.0	0.0	0.0	0.0	0.0	0.0	0.0	0.0	0.0	0.0	0.0	0.0	0.0
459786	Oscillibacter	0.0	0.0001680196988612458	0.0	0.0	1.9749965437560483e-05	0.0002966981862322808	0.0	0.00014005922504373278	0.0	0.0005768817908358068	0.0	0.0	0.0	0.0	0.0	0.0	0.000379618145218682	0.0	0.0	0.0	1.9154495450179313e-05	0.0	0.0	0.0	0.0	0.0	0.0	0.0	0.0	0.0	0.0	0.0	0.0	0.0	7.722172430777933e-05	0.0	0.0	0.0	0.003986586818802983	0.0	0.0	2.1641125930072472e-06	0.0	0.0	0.0	0.0	0.0	0.00043160794258552523	0.0	0.0	0.0	0.0	0.0	3.0098356193543772e-05	5.776701100109884e-05	0.0	0.00018244972971466256	0.0	4.871510383553781e-05	0.0	0.0	0.0	0.0	0.0
460517	Komagataella	0.0	0.0	0.0	0.0	0.0	0.0	0.0	0.0	0.0	0.0	0.0	0.0	0.0	0.0	0.0	0.0	0.0	0.00013528308772636321	0.00011928370137325361	0.0	0.0	0.0	0.0	0.0	0.0	0.0	0.0	0.0	0.0	0.0	0.0	0.0	0.0	0.0	0.0	0.0	0.0	0.0	0.0	0.0	0.0	2.1641125930072472e-06	0.0	0.0	0.0	0.0	0.0	0.0	0.0	0.0	0.0	0.0	0.0	0.0	0.0	0.0	0.0	0.0	0.0	0.0	0.0	0.0	0.0	0.0
461281	Ogataea	0.0	0.0	0.0	0.0	0.00039993680011059983	7.32512119536129e-05	0.0	0.0	0.0	0.0	0.0	0.0	0.0	0.0	0.0	0.0	0.0	0.00030045429948529504	0.0002286270942987361	0.0	0.0	0.0	0.0	0.0	0.0	0.0	0.0	0.0	3.954144095094124e-05	0.0	0.0	0.0	0.0	0.0	0.0	0.0	0.0	0.0	0.0	0.0	0.0	5.590624198602055e-06	0.0	0.0	0.0	0.0	0.0	0.0	0.0	0.0	0.0	0.0	0.0	0.0	0.0	0.0	0.0	0.0	0.0	0.0	0.0	0.0	0.0	0.0
467975	Iamia	0.0	0.0	0.0	0.0	0.0	0.0	0.0	0.0	0.0	0.0	0.0	0.0	0.0	0.0	0.0	0.0	0.0	0.0	0.0	0.0	0.0	0.0	0.0	0.0	0.0	0.0	0.0	0.0	0.0	0.0	0.0	0.0	0.0	0.0	0.0	0.0	3.13254642073976e-06	0.0	0.0	0.0	0.0	0.0	0.0	0.0	0.0	0.0	0.0	0.0	0.0	0.0	0.0	0.0	0.0	0.0	0.0	0.0	0.0	0.0	0.0	0.0	0.0	3.6824673397639325e-05	0.0	0.0
469322	Steroidobacter	0.0	0.0	0.0	0.0	0.0	0.0	0.0	0.0	0.0	0.0	0.0	0.0	0.0	0.0	0.0	0.0	0.0	0.0	0.0	0.0	0.0	0.0	0.0	0.0	0.0	0.0	0.0	0.0	0.0	0.0	0.0	0.0	0.0	0.0	0.0	0.0	0.0	0.0	0.0	0.0	0.0	0.0	0.0	0.0	0.0	0.0	0.0	8.11997576499541e-06	0.0	0.0	0.0	0.0	0.0	0.0	0.0	0.0	0.0	0.0	0.0	0.0	0.0	0.0	0.0	0.0
476528	Bibersteinia	0.0	0.0	0.0	0.0	0.0	0.0	0.0	2.5010575900666566e-06	0.0	0.0	0.0	0.0	0.0	0.0	0.0	0.0	0.0	0.0	0.0	0.0	0.0	0.0	0.0	0.0	0.0	0.0	0.0	0.0	0.0	0.0	0.0	0.0	0.0	0.0	0.0	0.0	0.0	0.0	0.0	0.0	0.0	0.0	0.0	0.0	0.0	0.0	0.0	0.0	0.0	0.0	0.0	0.0	0.0	0.0	0.0	0.0	0.0	0.0	0.0	0.0	0.0	0.0	0.0	0.0
484508	Ornithinibacillus	0.0	0.0	2.709678905307787e-06	0.0	0.0	0.0	0.0	0.0	0.0	0.0	0.0	0.0	0.0	0.0	0.0	0.0	0.0	0.0	0.0	0.0	0.0	0.0	0.0	0.0	0.0	0.0	0.0	0.0	0.0	0.0	0.0	0.0	0.0	0.0	0.0	0.0	0.0	0.0	0.0	0.0	0.0	0.0	0.0	0.0	0.0	0.0	0.0	0.0	0.0	0.0	0.0	0.0	0.0	0.0	0.0	0.0	0.0	0.0	0.0	0.0	0.0	0.0	0.0	0.0
489909	Nosocomiicoccus	0.0	1.2001407061517558e-05	3.161292056192418e-06	0.0	0.00010697897945345262	0.0	0.0	1.679281524759041e-05	1.497474042067415e-06	2.352963703830998e-06	0.0	0.0	0.0	0.0	0.0	0.0	2.439966653789065e-06	0.0	0.0	0.0	0.0	4.868180581297692e-06	0.0	0.0	0.0	0.0	0.0	0.0	0.0	0.0	0.0	0.0	1.017673166629988e-05	0.0	0.00011909130372785405	0.0	5.503122090488768e-06	0.0	3.817884066609669e-06	0.0007331980917122312	0.0	0.0	0.0	0.005095793929358537	2.5082095628383672e-05	1.3345998948021259e-05	0.0	1.124304336691672e-05	0.0	1.4381746266709134e-05	0.00063037717567678	1.1544233655289183e-05	2.5401682786773792e-05	2.3119027221127824e-05	4.2662263613585975e-06	0.0	2.534024023814758e-06	0.0	2.0121455932069963e-05	0.00010111632421938197	0.0	0.0002036187823163586	1.933103036324939e-06	0.0
490731	Kwoniella	0.0	0.0	0.0	0.0	0.007820986313273952	0.0012437317122039905	0.0	1.0897465213861861e-05	0.0	0.0	0.0	1.364971088206138e-05	0.0	0.0	0.0	0.0	0.0	0.00012584473276870998	0.00010934339292548247	0.0	0.0	0.0	0.0	0.0	0.0	0.0	0.0	1.823874240223388e-05	0.0	0.0	0.0	0.0	3.9752858071483904e-05	0.0	1.2639873032475389e-05	0.0	0.0	0.0	0.0	0.0	0.0	0.0	0.0	0.0	0.0	0.0	0.0	0.0	0.0	0.0	0.0	0.0	0.0	0.0	0.0	0.0	0.0	0.0	0.0	0.0	0.0	0.0	0.0	0.0
501022	Glaciibacter	0.0	0.0	0.0	0.0	0.0	0.0	0.0	0.0	0.0	0.0	0.0	0.0	0.0	0.0	0.0	0.0	0.0	0.0	0.0	0.0	0.0	0.0	0.0	0.0	0.0	2.6292380030060953e-06	0.0	0.0	0.0	0.0	0.0	0.0	0.0	0.0	0.0	0.0	3.2172098375165104e-06	0.0	0.0	0.0	0.0	0.0	0.0	0.0	0.0	0.0	0.0	0.0	0.0	0.0	0.0	0.0	0.0	0.0	0.0	0.0	0.0	0.0	0.0	0.0	0.0	0.0	0.0	0.0
501783	Cloacibacterium	0.0	6.621465964975204e-06	0.0003820647256483979	1.7633126579046485e-05	0.00024193707661011594	0.00018035802607066034	0.0	5.2879503332837886e-05	9.172028507662918e-06	0.00012259752263753924	0.0002977873526704348	2.6019761368929504e-05	2.0837018652531418e-05	0.0	3.2759150649506093e-06	0.0007164350193437455	0.00021146377666171896	0.0	0.0	0.0	0.0	0.0	0.0	0.0017507002801120449	0.00048618123340439057	0.00016717571635780422	0.0	0.00012447941689524623	0.00018858225684295052	0.0004977279640161116	0.00011668687078225582	0.0	0.00012371089431845793	0.0006186204763377668	0.00016273836529312062	5.87780875289692e-05	4.148507422060763e-05	0.0005439275923589051	5.5120701211677096e-05	0.00027947012464367557	0.0	4.1839510131473444e-05	0.0	0.004454446867311123	0.0001530650963988542	1.9626469041207734e-05	0.0	3.123067601921311e-05	0.0	3.612975281636685e-05	0.0003443727163419446	0.00025705160272443915	4.7814932304515374e-05	2.1810403038799834e-05	9.616304825332621e-05	0.00010110152518872285	1.3937132130981168e-05	0.00032240133407448584	2.682860790942662e-05	0.0	0.0	0.0006216871332424992	0.0	0.00029875717017208413
504465	Rhodovastum	0.0	0.0	0.0	0.0	0.0	0.0	0.0	0.0	0.0	0.0	0.0	0.0	0.0	6.40484223741679e-06	7.5905349065928746e-06	0.0	0.0	0.0	0.0	0.0	0.0	0.0	0.0	0.0	0.0	0.0	0.0	0.0	0.0	0.0	0.0	0.0	0.0	0.0	0.0	0.0	1.523941501981505e-06	0.0	0.0	0.0	0.0	0.0	0.0	0.0	0.0	0.0	0.0	0.0	0.0	0.0	0.0	0.0	0.0	0.0	0.0	0.0	0.0	0.0	0.0	0.0	0.0	0.0	0.0	0.0
508459	Cloacibacillus	0.0	0.0	0.0	0.0	0.0	0.0	0.0	0.0	0.0	0.0	0.0	0.0	0.0	0.0	0.0	0.0	0.0	0.0	0.0	0.0	0.0	0.0	0.0	0.0	0.0	0.0	0.0	0.0	0.0	0.0	0.0	0.0	0.0	0.0	0.0	0.0	0.0	0.0	1.7896331562232823e-06	0.0	0.0	0.0	0.0	0.0	0.0	0.0	0.0	0.0	0.0	0.0	0.0	0.0	0.0	0.0	1.4989443972341017e-06	0.0	0.0	0.0	0.0	0.0	0.0	0.0	0.0	0.0
512381	Acidisoma	0.0	0.0	0.0	0.0	0.0	0.0	0.0	0.0	0.0	0.0	0.0	0.0	0.0	8.28212358286654e-07	8.789040418160172e-07	0.0	0.0	0.0	0.0	0.0	0.0	0.0	0.0	0.0	0.0	0.0	0.0	0.0	0.0	0.0	0.0	0.0	0.0	0.0	0.0	0.0	0.0	0.0	0.0	0.0	0.0	0.0	0.0	0.0	0.0	0.0	0.0	0.0	0.0	0.0	0.0	0.0	0.0	0.0	0.0	0.0	0.0	0.0	0.0	0.0	0.0	0.0	0.0	0.0
518733	Microterricola	0.0	0.0	0.0	0.0	0.0	0.0	0.0	0.0	0.0	0.0	0.0	0.0	0.0	0.0	0.0	0.0	0.0	0.0	0.0	0.0	0.0	0.0	0.0	0.0	0.0	7.230404508266762e-06	0.0	0.0	0.0	0.0	0.0	0.0	0.0	0.0	0.0	0.0	5.054405981571991e-05	0.0	0.0	0.0	0.0	0.0	0.0	0.0	0.0	0.0	0.0	0.0	0.0	0.0	0.0	0.0	0.0	0.0	0.0	0.0	0.0	0.0	0.0	0.0	0.0	0.0	0.0	0.0
543311	Parvimonas	0.0	3.227964657925412e-05	7.045165153800246e-05	5.783665517927247e-05	0.00010039565764093246	0.00021913807945786717	0.0	0.0001466691629603375	7.23779120332584e-06	0.0001204879689720356	0.0001813883874572355	2.1327673253220905e-05	0.0001520005676442555	1.9324955026688593e-06	3.1800346240252256e-05	0.00033598331941637723	0.00021329375165206075	0.0	5.0944080794827065e-05	0.00010309533431755013	8.666624170900805e-05	0.0	0.0	0.0	0.0	0.0003963576289531689	0.0	0.00020442590442503809	9.530501152278145e-05	0.0	0.00015941312397272828	0.0034024343189869868	0.0002451956285849127	0.00010561813010644799	0.0001674783176802989	0.00023791130666487534	0.000157981935705416	0.00023932814063791827	4.16387981014617e-05	6.246979256740984e-05	0.0004701043043925371	0.0001567178202769415	0.0	0.0	9.968525185639664e-05	0.00021118080688339522	0.0	0.00015365492601452852	0.0001284485647269072	0.00021397232250469687	0.0001342469911163513	0.00023088467310578367	0.00034366982593870426	0.00047982886685359635	5.4077301715599517e-05	0.00012035895855800339	0.00013916015264116044	0.0030906058921623125	0.002006144457227256	0.0	2.2563851124929945e-05	0.0001213048064863413	1.1437526298255891e-05	0.0
545865	Calditerrivibrio	0.0	0.0	0.0	0.0	0.0	0.0	0.0	0.0	0.0	0.0	0.0	0.0	0.0	0.0	0.0	0.0	0.0	0.0	0.0	0.0	0.0	0.0	0.0	0.0	0.0	0.0	0.0	0.0	0.0	0.0	0.0	0.0	0.0	0.0	3.1599682581188473e-06	0.0	0.0	0.0	0.0	0.0	0.0	0.0	0.0	0.0	0.0	0.0	0.0	0.0	0.0	0.0	0.0	0.0	0.0	0.0	0.0	0.0	0.0	0.0	0.0	0.0	0.0	0.0	0.0	0.0
556257	Pseudolabrys	0.0	0.0	2.7774208779404815e-05	0.00020595491844326296	0.0	0.0	0.0	0.0	0.0	0.0	0.0	0.0	0.0	1.269925616039536e-06	0.0	0.0	0.0	0.0	0.0	0.0	0.0	0.0	0.0	0.0	0.0	0.0	0.0	0.0	0.0	0.0	0.0	0.0	0.0	0.0	0.0	0.0	0.0	0.0	0.0	0.0	0.0	0.0	2.935174751371556e-05	0.0	0.0	0.0	6.392575142353178e-05	0.0	7.818608287724784e-05	0.0	0.0	0.0	0.0	0.0	0.0	0.0	0.0	0.0	0.0	0.0	0.0	0.0	0.0	0.0
572511	Blautia	0.0002933339851866337	0.011280908796203692	0.0006731294013935427	4.9372754421330156e-05	0.00122449785712875	0.003198738848041592	0.0028933897173380814	0.01160044104364131	9.521439117478648e-05	0.013446457337279172	0.0004394060936798272	3.07118494846381e-05	0.0001393886879335128	1.9324955026688593e-06	3.8671777839904753e-05	0.02691819300265328	0.031185010471523555	0.0	7.703739047022629e-05	7.422864070863608e-05	0.00029516763480604187	0.00020723341129696556	0.0	0.0	0.0	9.640539344355684e-05	0.0	0.00011566402473416653	6.387463538228969e-05	0.0	0.0004154759793004563	0.0	0.00013325158025561407	0.0008072242800992811	0.003366156186961102	0.0	4.876612806340816e-05	0.045581132239676254	0.12299504414786379	0.00017425784242488008	0.0	0.00011163214125595717	0.0	0.0	0.00015949640297023462	0.0003760431468295402	0.009210043445834764	0.02495081168526974	0.0	0.00014171281687196317	0.0018969683527310507	0.002649016816100358	0.0012058328240544972	0.0014229106942513013	0.004722020761532936	0.033142042828531816	0.015459869400625185	0.0	0.0005083315182838728	0.0018200938359488755	0.002222234418898506	0.00010397554841686397	1.11153424588684e-05	0.0010381811663479925
574697	Butyricimonas	0.0	3.917700695943662e-05	0.0	0.0	0.0	2.462225611886148e-05	0.0	0.00010861735819718053	2.0590268078426958e-06	0.0001070192801845892	0.0	0.0	0.0	0.0	0.0	0.0	7.787560236676765e-05	0.0	0.0	0.0	0.0	0.0	0.0	0.0	0.0	0.0	0.0	0.0	0.0	0.0	2.2099786133002997e-05	0.0	0.0	0.0	1.4022359145402385e-05	0.0	0.0	0.0003263565554153431	0.0006986727841895694	0.0	0.0	7.2137086433574904e-06	0.0	0.0	0.0	0.0	0.0	0.00010555968494494032	0.0	0.0	0.0	0.0	0.0	1.6575906309487873e-05	6.687598079967531e-06	0.0	4.012204704373367e-05	0.0	8.119183972589636e-06	0.0	0.0	0.0	0.0	0.0
577309	Paraprevotella	0.0	5.3799410965423534e-06	6.322584112384836e-06	0.0	2.6333287250080645e-05	8.279233619967173e-05	0.0	0.0001271966431519614	4.929185388471908e-06	0.0004769214017627106	0.0	0.0	0.0	0.0	0.0	0.0	0.00011366177995567393	0.0	0.0	0.0	0.0	1.5947488111147614e-06	0.0	0.0	0.0	0.0	0.0	1.975863760242004e-06	0.0	0.0	0.0	0.0	0.0	0.0	0.0	0.0	0.0	0.0	1.8970111455966794e-05	0.0	0.0	2.3444553090911845e-06	0.0	0.0	0.0	0.0	0.00014442484580871995	0.0009325479859337035	0.0	0.0	0.0	1.6161927117404857e-05	1.942481624870937e-05	4.362080607759967e-05	2.617387524401085e-05	0.00013961639192728393	0.00010368381630775384	0.0	8.119183972589636e-06	0.0	0.0	0.0	0.0	0.0
577469	Demequina	0.0	0.0	0.0	0.0	0.0	0.0	0.0	0.0	0.0	0.0	0.0	0.0	0.0	0.0	0.0	0.0	0.0	4.404565646904849e-05	1.7395539783599486e-05	0.0	0.0	0.0	2.8318423683264093e-05	0.0	0.0	0.0	0.0	0.0	0.0	0.0	0.0	0.0	0.0	0.0	0.0	0.0	0.0	0.0	0.0	0.0	0.0	0.0	0.0	0.0	0.0	0.0	0.0	0.0	0.0	0.0	0.0	0.0	0.0	0.0	0.0	0.0	0.0	0.0	0.0	0.0	0.0	0.0	0.0	0.0
583360	Umezawaea	0.0	0.0	0.0	0.0	0.0	0.0	0.0	0.0	0.0	0.0	0.0	0.0	0.0	0.0	0.0	0.0	0.0	0.0	0.0	0.0	0.0	0.0	0.0	0.0	0.0	0.0	0.0	0.0	0.0	0.0	0.0	0.0	0.0	0.0	0.0	0.0	2.9632195871862594e-06	0.0	0.0	0.0	0.0	0.0	0.0	0.0	0.0	0.0	0.0003267316183869402	0.0	0.0	0.0	0.0	0.0	0.0	0.0	0.0	0.0	0.0	0.0	0.0	0.0	0.0	0.0	0.0	0.0
596707	Sinomonas	0.0	0.0	0.0	0.0	0.0	0.0	0.0	0.0	0.0	0.0	0.0	0.0	0.0	0.0	0.0	0.0	0.0	0.0	0.0	0.0	0.0	0.0	0.0	0.0	0.0	0.0	0.0	0.0	0.0	0.0	0.0	0.0	0.0	0.0	0.0	0.0	4.825814756274766e-06	0.0	0.0	0.0	0.0	0.0	0.0	0.0	0.0	0.0	0.0	0.0	0.0	0.0	0.0	0.0	0.0	0.0	0.0	0.0	0.0	0.0	0.0	0.0	0.0	0.0	0.0	0.0
626119	Ruania	0.0	0.0	0.0	0.0	0.0	0.0	0.0	0.0	0.0	0.0	0.0	0.0	0.0	0.0	0.0	0.0	0.0	0.0	0.0	0.0	0.0	0.0	0.0	0.0	0.0	0.0	0.0	0.0	0.0	0.0	0.0	0.0	0.0	0.0	0.0	0.0	2.8785561704095094e-06	0.0	0.0	0.0	0.0	0.0	0.0	0.0	0.0	0.0	0.0	0.0	0.0	0.0	0.0	0.0	0.0	0.0	0.0	0.0	0.0	0.0	0.0	0.0	0.0	0.0	0.0	0.0
638847	Pyramidobacter	0.0	0.0	0.0	0.0	0.0	0.0	0.00023968908901025526	0.0	0.0	0.0	0.0	0.0	0.0	0.0	0.0	0.0	0.0	0.0	0.0	0.0	0.0	0.0	0.0	0.0	0.0	0.0	0.0	0.0	0.0	0.0	0.0	0.0	0.0	0.0	0.0	0.0	0.0	0.0	0.0	0.0	0.0	0.0	0.0	0.0	0.0	0.0	0.0	0.0	0.0	0.0	0.0	0.0	0.0	0.0	0.0	0.0	0.0	0.0	0.0	0.0	0.0	0.0	0.0	0.0
644652	Gordonibacter	0.0	9.449383720850031e-05	1.7161299733615983e-05	0.0	0.0	9.848902447544591e-06	0.0	5.48446200107474e-05	0.0	0.00010742496358180143	0.0	0.0	0.0	0.0	0.0	0.0	7.401232183160163e-05	0.0	0.0	0.0	0.0	0.0	0.0	0.0	0.0	0.0	0.0	0.0	0.0	0.0	0.0	0.0	0.0	0.0	0.0	0.0	0.0	0.0	3.782091403485203e-05	0.0	0.0	0.0	0.0	0.0	0.0	0.0	0.0	0.0003435374362113442	0.0	0.0	0.0	8.38880978951014e-05	0.0	0.0	2.1561738637136693e-05	0.0	0.00011825445444468869	0.0	0.0	0.0	0.0	0.0	0.0	0.0
648802	Rummeliibacillus	0.0	0.0	0.0	0.0	0.0	0.0	0.0	0.0	0.0	0.0	0.0	0.0	0.0	0.0	0.0	0.0	0.0	0.00014314838352440758	6.585454346648377e-05	0.0	0.0	0.0	0.0	0.0	0.0	0.0	0.0	0.0	0.0	0.0	0.0	0.0	0.0	0.0	0.0	0.0	0.0	0.0	0.0	0.0	0.0	0.0	0.0	0.0	0.0	0.0	0.0	0.0	0.0	0.0	0.0	0.0	0.0	0.0	0.0	0.0	0.0	0.0	0.0	0.0	0.0	0.0	0.0	0.0
655352	Cohaesibacter	0.0	0.0	0.0	0.0	0.0	0.0	0.0	0.0	0.0	0.0	0.0	0.0	0.0	6.625698866293231e-07	1.3583062464429355e-06	0.0	0.0	0.0001667442709185407	3.479107956719897e-05	0.0	0.0	0.0	0.0	0.0	0.0	0.0	0.0	0.0	0.0	0.0	0.0	0.0	0.0	0.0	0.0	0.0	0.0	0.0	0.0	0.0	0.0	0.0	0.0	0.0	0.0	0.0	0.0	0.0	0.0	0.0	0.0	0.0	0.0	0.0	0.0	0.0	0.0	0.0	0.0	0.0	0.0	0.0	0.0	0.0
665568	Paraoerskovia	0.0	0.0	0.0	0.0	0.0	0.0	0.0	0.0	0.0	0.0	0.0	0.0	0.0	0.0	0.0	0.0	0.0	0.0	0.0	0.0	0.0	0.0	0.0	0.0	0.0	0.0	0.0	0.0	0.0	0.0	0.0	0.0	0.0	0.0	0.0	0.0	8.97432217833553e-06	0.0	0.0	0.0	0.0	0.0	0.0	0.0	0.0	0.0	0.0	0.0	0.0	0.0	0.0	0.0	0.0	0.0	0.0	0.0	0.0	0.0	0.0	0.0	0.0	0.0	0.0	0.0
665874	Limnohabitans	0.0	0.0	0.0	0.0	0.0002369995852507258	2.708448173074763e-05	0.0	0.0	0.0	0.0	0.0	0.0	0.0	0.0	0.0	0.0	0.0	0.0	0.0	0.0	0.0	0.0	0.0	0.0	0.0	0.0	0.0	0.0	0.0	0.0	0.0	0.0	0.0	0.0	0.0	0.0	0.0	0.0	0.0	0.0	0.0	0.0	0.0	0.0	0.0	0.0	0.0	0.0	0.0	0.0	0.0	0.0	0.0	0.0	0.0	0.0	0.0	0.0	0.0	0.0	0.0	0.0	0.0	0.0
667113	Actinoallomurus	0.0	0.0	0.0	0.0	0.0	0.0	0.0	0.0	0.0	0.0	0.0	0.0	0.0	0.0	0.0	0.0	0.0	0.0	0.0	0.0	0.0	0.0	0.0	0.0	0.0	0.0	0.0	0.0	0.0	0.0	0.0	0.0	0.0	0.0	0.0	0.0	3.13254642073976e-06	0.0	0.0	0.0	0.0	0.0	0.0	0.0	0.0	0.0	7.576385353900063e-05	0.0	0.0	0.0	0.0	0.0	0.0	0.0	0.0	0.0	0.0	0.0	0.0	0.0	0.0	0.0	0.0	0.0
670516	Mycobacteroides	0.0026074132016589667	9.532152045412221e-05	0.00017635493542044847	0.00010086148403214589	9.216650537528226e-05	9.233346044573055e-06	0.0003424129843003647	2.8226221373609413e-05	0.0	0.0	9.020919804022943e-05	0.0	0.0	0.0	0.0	0.0	0.0	8.494519461887922e-05	1.6153001227628092e-05	0.0002474288023621203	0.0	2.0815668692445305e-05	0.0	0.0	0.0021504169939040355	0.0077119932691507125	0.0	0.0007658751913738043	1.9263778924817528e-05	0.0026914178794945295	0.013829751498218168	0.0017538321231891684	0.006753215529183686	0.0028592336650245563	0.010988197123559893	4.4783304783976535e-05	0.0006015335761988107	0.0011313693921065227	0.004168532856352351	0.0	0.0012046422800058763	0.00186835053862959	0.0	0.0	0.0002977694942549138	0.0	0.0	3.123067601921311e-05	0.0	0.0	0.0	0.0	4.9309148939031476e-05	3.446043680130374e-05	0.0	0.0	0.0	0.0	2.047446393087821e-05	0.0	1.0977008655371325e-05	0.0	7.587429417575386e-05	4.481357552581262e-05
673534	Plantactinospora	0.0	0.0	0.0	0.0	0.0	0.0	0.0	0.0	0.0	0.0	0.0	0.0	0.0	0.0	0.0	0.0	0.0	0.0	0.0	0.0	0.0	0.0	0.0	0.0	0.0	0.0	0.0	0.0	0.0	0.0	0.0	0.0	0.0	0.0	0.0	0.0	5.841775757595769e-06	0.0	0.0	0.0	0.0	0.0	0.0	0.0	0.0	0.0	0.0013021912327015734	0.0	0.0	0.0	0.0	0.0	0.0	0.0	0.0	0.0	0.0	0.0	0.0	0.0	0.0	0.0	0.0	0.0
674734	Alloactinosynnema	0.0	0.0	0.0	0.0	0.0	0.0	0.0	0.0	0.0	0.0	0.0	0.0	0.0	0.0	0.0	0.0	0.0	0.0	0.0	0.0	0.0	0.0	0.0	0.0	0.0	0.0	0.0	0.0	0.0	0.0	0.0	0.0	0.0	0.0	0.0	0.0	3.13254642073976e-06	0.0	0.0	0.0	0.0	0.0	0.0	0.0	0.0	0.0	0.0	0.0	0.0	0.0	0.0	0.0	0.0	0.0	0.0	0.0	0.0	0.0	0.0	0.0	0.0	0.0	0.0	0.0
693222	Gloeocapsopsis	0.0	0.0	0.0	0.0	0.0	0.0	0.0	0.0	0.0	0.0	0.0	0.0	0.0	0.0	0.0	0.0	0.0	0.0	0.0	0.0	0.0	0.0	0.0	0.0	0.0	0.0	0.0	0.0	0.0	0.0	0.0	0.0	0.0	0.0	0.0	0.0	2.201248836195507e-06	0.0	0.0	0.0	0.0	0.0	0.0	0.0	0.0	0.0	0.0	0.00020612246172680654	0.0	0.0	0.0	0.0	0.0	0.0	0.0	0.0	0.0	0.0	0.0	0.0	0.0	0.0	0.0	0.000338591459528362
745364	Luteipulveratus	0.0	0.0	0.0	0.0	0.0	0.0	0.0	0.0	0.0	0.0	0.0	0.0	0.0	0.0	0.0	0.0	0.0	0.0	0.0	0.0	0.0	0.0	0.0	0.0	0.0	0.0	0.0	0.0	0.0	0.0	0.0	0.0	0.0	0.0	0.0	0.0	1.185287834874504e-06	0.0	0.0	0.0	0.0	0.0	0.0	0.0	0.0	0.0	0.0	0.0	0.0	0.0	0.0	0.0	0.0	0.0	0.0	0.0	0.0	0.0	0.0	0.0	0.0	0.0	0.0	0.0
754249	Luteimicrobium	0.0	0.0	0.0	0.0	0.0	0.0	0.0	0.0	0.0	0.0	0.0	0.0	0.0	0.0	0.0	0.0	0.0	0.0	0.0	0.0	0.0	0.0	0.0	0.0	0.0	0.0	0.0	0.0	0.0	0.0	0.0	0.0	0.0	0.0	0.0	0.0	4.317834255614264e-06	0.0	0.0	0.0	0.0	0.0	0.0	0.0	0.0	0.0	3.3146685923312775e-05	0.0	0.0	0.0	0.0	0.0	0.0	0.0	0.0	0.0	0.0	0.0	0.0	0.0	0.0	0.0	0.0	0.0
766733	Scheffersomyces	0.0	0.0	0.0	0.0	0.0	0.0	0.0	0.0	0.0	1.4604602299640678e-06	0.0	0.0	0.0	0.0	0.0	0.0	0.0	0.0002847237078892063	0.00020998901595916522	0.0	0.0	0.0	0.0	0.0	0.0	8.325920342852636e-06	0.0	0.0	0.0	0.0	0.0	0.0	0.0	0.0	2.7649722258539915e-06	0.0	1.1006244180977535e-06	0.0	0.0	0.0	0.0	9.017135804196864e-06	0.0	0.0	0.0	0.0	0.0	0.0	0.0	0.0	0.0	1.6931542694424136e-05	0.0	0.0	0.0	0.0	0.0	0.0	0.0	0.0	0.0	0.0	0.0	0.0
875170	Celeribacter	0.0	0.0	0.0	0.0	0.0	0.0	0.0	0.0	0.0	0.0	0.0	0.0	0.0	1.049068987163095e-05	1.5980073487563948e-05	0.0	0.0	0.0	0.0	0.0	0.0	0.0	0.0	0.0	0.0	0.0	0.0	0.0	0.0	0.0	0.0	0.0	0.0	0.0	0.0	0.0	0.0	0.0	0.0	0.0	0.0	0.0	0.0	0.0	0.0	0.0	0.0	0.000216740891573339	0.0	0.0	0.0	0.0	0.0	0.0	0.0	0.0	0.0	0.0	0.0	0.0	0.0	0.0	0.0	0.0
881616	Herbiconiux	0.0	0.0	0.0	0.0	0.0	0.0	0.0	0.0	0.0	0.0	0.0	0.0	0.0	0.0	0.0	0.0	0.0	0.0	0.0	0.0	0.0	0.0	0.0	0.0	0.0	1.752825335337397e-05	0.0	0.0	0.0	0.0	0.0	0.0	0.0	0.0	3.1599682581188473e-06	0.0	0.00020268421976354017	0.0	0.0	0.0	0.0	0.0	2.0418606966063e-05	0.0	0.0	0.0	0.0	0.0	0.0	0.0	0.0	0.0	0.0	0.0	0.0	0.0	0.0	0.0	0.0	0.0	0.0	0.0	0.0	0.0
907364	Phytohabitans	0.0	0.0	0.0	0.0	0.0	0.0	0.0	0.0	0.0	0.0	0.0	0.0	0.0	0.0	0.0	0.0	0.0	0.0	0.0	0.0	0.0	0.0	0.0	0.0	0.0	0.0	0.0	0.0	0.0	0.0	0.0	0.0	0.0	0.0	0.0	0.0	5.418458673712018e-06	0.0	0.0	0.0	0.0	0.0	0.0	0.0	0.0	0.0	0.0012548388242396979	0.0	0.0	0.0	0.0	0.0	0.0	0.0	0.0	0.0	0.0	0.0	0.0	0.0	0.0	0.0	0.0	0.0
908623	Euzebya	0.0	0.0	0.0	0.0	0.0	0.0	0.0	0.0	0.0	0.0	0.0	0.0	0.0	0.0	0.0	0.0	0.0	0.0	0.0	0.0	0.0	0.0	0.0	0.0	0.0	0.0	0.0	0.0	0.0	0.0	0.0	0.0	0.0	0.0	0.0	0.0	9.31297584544253e-07	0.0	0.0	0.0	0.0	0.0	0.0	0.0	0.0	0.0	0.0	0.0	0.0	0.0	0.0	0.0	0.0	0.0	0.0	0.0	0.0	0.0	0.0	0.0	0.0	0.0	0.0	0.0
909656	Phocaeicola	0.00018740782386923822	0.0031715442500155192	0.00024296787517593156	4.2319503789711566e-05	0.0002205412807194254	0.0003357860178209734	0.0010614802513311304	0.003591161405394281	0.00021619781482348308	0.013675830730062974	7.080937050469621e-05	1.0663836626610452e-05	3.070718538267788e-05	0.0	2.748572639860999e-05	0.004481424569274325	0.0037795083467192614	0.0	4.1003772347055926e-05	0.0	0.00017835661337216148	5.3046381506554165e-05	0.0002746887097276617	0.0	0.0	0.00010056835361498315	0.0	9.651334521182095e-05	3.0416493039185567e-05	0.0	0.00023425773300983176	0.0	8.904640208012396e-05	0.00019614795591197482	0.0007414075525611346	0.0	3.843719121664462e-05	0.01744919716287368	0.026781621565127256	9.206074694144608e-05	0.0	0.00010910734323078205	0.0	0.0002565388248189652	0.00011833604091339988	0.0004419880828079982	0.00636889893812224	0.01470152842928438	0.00012286384452138947	6.664711684572525e-05	0.00033853589064123367	0.0007765421172124524	0.00118939644107482	0.0016510475100371474	0.0006394727405431022	0.005661685410568479	0.0024884115913860923	0.0	0.00042078553457942805	0.0	0.0010763566820405771	0.0	9.182239422543461e-06	0.0008016650732950925
929812	Gibbsiella	0.0	0.0	0.0	0.0	0.0	0.0	0.0	0.0	0.0	0.0	0.0	0.0	0.0	0.0	0.0	0.0	0.0	3.775341983061299e-05	1.366792411568531e-05	0.0	0.0	0.0	0.0	0.0	0.0	0.0	0.0	0.0	0.0	0.0	0.0	0.0	0.0	0.0	0.0	0.0	0.0	0.0	0.0	0.0	0.0	0.0	0.0	0.0	0.0	0.0	0.0	0.0	0.0	0.0	0.0	0.0	0.0	0.0	0.0	0.0	0.0	0.0	0.0	0.0	0.0	0.0	0.0	0.0
946234	Flavonifractor	0.0	9.490767883131126e-05	2.7322595628520183e-05	0.0	2.7979117703210687e-05	8.340789260264326e-05	0.0	0.00013541440380503755	2.3710005666067407e-06	0.000373634408832474	0.0	0.0	1.754696307581593e-06	0.0	0.0	0.00017293259087607652	0.00022142697383135764	0.0	0.0	0.0	3.1400812213408712e-06	1.0911439233943104e-06	0.0	0.0	0.0	0.0	0.0	3.951727520484008e-06	0.0	0.0	6.777267747454252e-06	0.0	0.0	0.0	2.2119777806831932e-05	0.0	1.2699512516512542e-06	0.0005439275923589051	0.001947956036110502	0.0	0.0	1.98376987692331e-06	0.0	0.0	0.0	0.00010284269777592852	7.102861269281308e-05	0.0005171799948781691	0.0	4.560065889444359e-06	0.0	4.617693462115673e-05	3.287276595935432e-05	3.533285292285573e-05	3.159313575708799e-05	0.000284047142196888	0.00010811835834942966	0.0	0.00019027131135764406	0.0	1.585567916886969e-05	0.0	0.0	0.0
947525	Miniimonas	0.0	0.0	0.0	0.0	0.0	0.0	0.0	0.0	0.0	0.0	0.0	0.0	0.0	0.0	0.0	0.0	0.0	0.0	0.0	0.0	0.0	0.0	0.0	0.0	0.0	0.0	0.0	0.0	0.0	0.0	0.0	0.0	0.0	0.00018860380376151426	0.0	0.0	1.0159610013210034e-05	0.0	0.0	0.0	0.0	0.0	0.0	0.0	0.0	0.0	6.629337184662555e-05	0.0	0.0	0.0	0.0	0.0	0.0	0.0	0.0	0.0	0.0	0.0	0.0	0.0	0.0	0.0	0.0	0.0
983507	Ponticoccus	0.0	0.0	0.0	0.0	0.0	0.0	0.0	0.0	0.0	0.0	0.0	0.0	0.0	0.0	0.0	0.0	0.0	0.0	0.0	0.0	0.0	0.0	0.0	0.0	0.0	0.0	0.0	0.0	0.0	0.0	0.0	0.0	0.0	0.0	0.0	0.0	0.0	0.0	0.0	0.0	0.0	0.0	0.0	0.0	0.0	0.0	0.0	3.810142474344e-05	0.0	0.0	0.0	0.0	0.0	0.0	0.0	0.0	0.0	0.0	0.0	0.0	0.0	0.0	0.0	0.0
986106	Acidiferrobacter	0.0	0.0	0.0	0.0	0.0	0.0	0.0	0.0	0.0	0.0	0.0	0.0	0.0	1.1594973016013154e-06	1.3583062464429355e-06	0.0	0.0	0.0	0.0	0.0	0.0	0.0	0.0	0.0	0.0	0.0	0.0	0.0	0.0	0.0	0.0	0.0	0.0	0.0	0.0	0.0	0.0	0.0	0.0	0.0	0.0	0.0	0.0	0.0	0.0	0.0	0.0	0.0	0.0	0.0	0.0	0.0	0.0	0.0	0.0	0.0	0.0	0.0	0.0	0.0	0.0	0.0	0.0	0.0
990721	Christensenella	0.0	3.3935013070497924e-05	0.0	0.0	0.0	1.9082248492117648e-05	0.0	8.396407623795206e-06	0.0	2.8235564445971977e-05	0.0	0.0	0.0	0.0	0.0	0.0	7.380899127711921e-05	0.0	0.0	0.0	0.0	0.0	0.0	0.0	0.0	0.0	0.0	0.0	0.0	0.0	0.0	0.0	0.0	0.0	2.3699761935891352e-06	0.0	1.523941501981505e-06	0.0	0.0001932803808721145	0.0	0.0	0.0	0.0	0.0	0.0	0.0	0.0	5.309214923266229e-05	0.0	0.0	0.0	0.0	0.0	0.0	8.41714930754534e-06	0.0	2.259504754568159e-05	0.0	0.0	0.0	0.0	0.0	0.0	0.0
991903	Polymorphum	0.0	7.311202002993454e-06	0.0	0.0	0.0	0.0	0.0	0.0	0.0	0.0	0.0	0.0	0.0	7.177840438484334e-06	8.389538580971073e-06	0.0	0.0	0.0	0.0	0.0	0.0	0.0	0.0	0.0	0.0	0.0	0.0	0.0	0.0	0.0	0.0	0.0	0.0	0.0	0.0	0.0	0.0	0.0	0.0	0.0	0.0	0.0	0.0	0.0	0.0	0.0	0.0	1.7489178570759343e-05	0.0	0.0	0.0	0.0	0.0	0.0	0.0	0.0	0.0	0.0	0.0	0.0	0.0	5.8486245984485983e-05	0.0	0.0
1047167	Zymoseptoria	0.0	0.0	0.0	0.00017280464047465555	0.00036043686923547885	4.278117000652182e-05	0.0	0.0	0.0	2.1095536655036535e-06	0.0	0.0	3.6190611343870357e-06	0.0	7.510634539155055e-06	0.0	0.0	0.09491052439500144	0.0871827177797327	0.0	0.0	0.0	0.0	0.0	0.0	0.0	0.0	2.279842800279235e-06	0.0	0.0	0.0	0.0	7.950571614296781e-06	0.0	0.0	0.0	0.0	0.0	0.0	0.0	0.0	0.0026752038503891256	0.00029670788247560296	0.0	0.0	0.0	0.0	0.0	0.0	0.0	0.0	0.0	0.0	0.0	0.0	0.0	0.0	0.0	0.0	0.0	0.0	0.0	0.0	0.0
1052105	Purpureocillium	0.0	0.0	0.0	0.00016363541465355138	0.002567495506882863	0.00018805248110780455	0.0	0.0	0.0	0.0	0.0	0.0	0.0	0.0	0.0	0.0	0.0	0.009819035274278595	0.009379923559028037	0.0	0.0	0.0	0.0	0.0	0.0	0.0	0.0	6.079580800744627e-06	0.0	0.0	0.0	0.0	1.780928041602479e-05	0.0	0.0	0.0	0.0	0.0	0.0	0.0	0.0	0.0002317403901678594	0.000265441890558819	0.0	0.0	0.0	0.0	0.0	0.0	0.0	0.0	0.0	0.0	0.0	0.0	0.0	0.0	0.0	0.0	0.0	0.0	0.0	0.0	0.0
1055323	Aeribacillus	0.0	0.0	0.0	0.0	0.0	0.0	0.0	0.0	0.0	0.0	0.0	0.0	0.0	0.0	0.0	0.0	0.0	0.0	0.0	0.0	0.0	0.0	0.0	0.0	0.0	0.0	0.0	0.0	0.0	0.0	0.0	0.0	0.0	0.0	0.0	0.0	0.0	0.0	0.0	0.0	0.0	0.0	0.0	0.0007346339074361277	0.0	0.0	0.0	0.0	0.0	0.0	0.0	0.0	0.0	0.0	0.0	0.0	0.0	0.0	0.0	0.0	0.0	0.0	0.0	0.0
1069494	Trueperella	0.0	0.0012841505555823787	0.0	0.0	0.0	0.0	0.0	5.895350033728548e-06	0.0	1.541596909406516e-06	0.0	0.0	0.0	3.423277747584836e-06	1.0227247032040927e-05	0.0	5.286594416542974e-06	0.0	0.0	0.0	0.0	2.450877120239528e-05	0.0	0.0	0.0	0.0	0.0	4.55968560055847e-06	0.0	0.0	0.0	0.0	6.678480156009296e-06	0.0	7.3074265968998345e-06	0.0	1.4985424769484799e-05	0.0	8.590239149871754e-06	0.0	0.0	1.7673586176225853e-05	0.0	0.0	1.0933221171346728e-05	0.0	0.0	0.0	0.0	0.0	0.0	0.0	0.0	0.0	1.7872029351637366e-05	0.0	1.2670120119073788e-05	0.0	6.001135979740165e-06	0.0	0.0	0.0	2.094194956018684e-06	0.0
1070314	Halorussus	0.0	0.0	0.0	0.0	0.0	0.0	0.0	0.0	0.0	0.0	5.8199482606599624e-05	0.0	0.0	0.0	0.0	0.0	0.0	0.0	0.0	0.0	0.0	0.0	0.0	0.0	0.0	0.0	0.0	0.0	0.0	0.0	0.0	0.0	0.0	0.0	0.0	0.0	0.0	0.0	0.0	0.0	0.0	0.0	0.0	0.0	0.0	0.0	0.0	0.0	0.0	0.0	0.0	0.0	0.0	0.0	0.0	0.0	0.0	0.0	0.0	0.0	0.0	0.0	0.0	0.0
1085622	Propioniciclava	0.0	0.0	0.0	0.0	0.0	7.078898634172675e-06	0.0	0.0	0.0	0.0	0.0	0.0	0.0	0.0	1.0387047766916565e-06	0.0	0.0	0.0	0.0	0.0	0.0	0.0	0.0	0.0	0.0	0.0	0.0	0.0	0.0	0.0	0.0	0.0	0.00014756260916134827	0.0	0.0	0.0	5.672448924042269e-06	0.0	0.0	0.0	0.0	0.0	0.0	0.0	0.0	0.0	0.0	0.0	0.0	0.0	0.0	0.0	0.0	1.1341409580175914e-05	0.0	0.0	0.0	0.0	0.0	0.0	0.0	0.0	0.0	0.0
1114981	Piscinibacter	0.0	0.0	2.483872329865471e-06	0.0	0.0	0.0	0.0	0.0	0.0	0.0	0.0	0.0	0.0	0.0	0.0	0.0	0.0	0.0	0.0	0.0	0.0	0.0	0.0	0.0	0.0	0.0	0.0	2.1278532802606197e-06	0.0	0.0	0.0	0.0	0.0	0.0	0.0	0.0	0.0	0.0	0.0	0.0	0.0	0.0	0.0	0.0	0.0	0.0	0.0	0.0	0.0	0.0	0.0	0.0	0.0	0.0	0.0	0.0	0.0	0.0	0.0	0.0	0.0	0.0	0.0	0.0
1124625	Stakelama	0.0	0.0	2.483872329865471e-06	0.0	0.0	0.0	0.0	0.0	0.0	0.0	0.0	0.0	0.0	0.0	0.0	0.0	0.0	0.0	0.0	0.0	0.0	0.0	0.0	0.0	0.0	0.0	0.0	0.0	0.0	0.0	0.0	0.0	0.0	0.0	0.0	0.0	9.31297584544253e-07	0.0	0.0	0.0	0.0	0.0	0.0	0.0	0.0	0.0	0.00011127815988540717	0.0	0.0	0.0	0.0	0.0	0.0	0.0	0.0	0.0	0.0	0.0	0.0	0.0	0.0	0.0	0.0	0.0
1155385	Proteiniclasticum	0.0	0.0	0.0	0.0	0.0	0.0	0.0	0.0	0.0	0.0	0.0	0.0	0.0	0.0	0.0	0.0	0.0	0.0	0.0	0.0	0.0	0.0	0.0	0.0	0.0	0.0	0.0	0.0	0.0	0.0	0.0	0.0	0.0	0.0	0.0	0.0	0.0	0.0	3.937192943691221e-06	0.0	0.0	0.0	0.0	0.0	0.0	0.0	0.0	0.0	0.0	0.0	0.0	0.0	0.0	0.0	0.0	0.0	0.0	0.0	0.0	0.0	0.0	0.0	0.0	0.0
1156568	Methylovirgula	0.0	0.0	0.0	0.0	0.0	0.0	0.0	0.0	0.0	0.0	0.0	0.0	0.0	5.521415721911026e-07	2.077409553383313e-06	0.0	0.0	0.0	0.0	0.0	0.0	0.0	0.0	0.0	0.0	0.0	0.0	0.0	0.0	0.0	0.0	0.0	0.0	0.0	0.0	0.0	0.0	0.0	0.0	0.0	0.0	0.0	0.0	0.0	0.0	0.0	0.0	0.0	0.0	0.0	0.0	0.0	0.0	0.0	0.0	0.0	0.0	0.0	0.0	0.0	0.0	0.0	0.0	0.0
1159323	Macellibacteroides	0.0	0.0	0.0	0.0	0.0	0.0	0.0	0.0	0.0	0.0	0.0	0.0	0.0	0.0	0.0	0.0	0.0	0.0	0.0	0.0	0.0	0.0	0.0	0.0	0.0	0.0	0.0	0.0	0.0	0.0	0.0	0.0	0.0	0.0	0.0	0.0	0.0	0.0	0.0	0.0	0.0	0.0	0.0	0.0	0.0	0.0	0.0	0.0	7.260136267173015e-05	0.0	0.0	0.0	0.0	0.0	4.727440022046013e-06	0.0	0.0	0.0	0.0	0.0	0.0	0.0	0.0	0.0
1160973	Auritidibacter	0.0	5.4627094211045436e-05	2.9354854807501023e-06	0.0	0.0	0.0	0.0	0.0	0.0	0.0	0.0	0.0	0.0	0.0	1.518106981318575e-06	0.0	8.743213842744149e-06	0.0	0.0	0.0	0.0	9.652427014641976e-06	0.0	0.0	0.0	0.0	0.0	0.0	0.0	0.0	0.0	0.0	0.0	0.0	1.7972319468050945e-05	0.0	0.0	0.0	6.0847527311591595e-06	0.0	0.0	0.0	0.0	0.0	0.0	0.0	0.0	0.0	0.0	0.0	0.0	0.0	3.436698259387043e-05	0.0	4.842743437217867e-06	0.0	0.0	0.0	0.0	0.0	0.0	0.0	0.0	0.0
1161125	Helcobacillus	0.0	5.104046681335053e-06	0.0	0.0	0.0	3.6933384178292217e-06	0.0	0.0	0.0	0.0	0.0	0.0	0.0	0.0	0.0	0.0	0.0	0.0	0.0	0.0	0.0	0.0	0.0	0.0	0.0009162646321851976	2.6292380030060953e-06	0.0	2.4318323202978508e-06	0.0	0.0	3.830629596387186e-06	0.0	0.0	0.0	3.949960322648559e-06	0.0	3.301873254293261e-06	0.0	0.0	0.0	0.0	0.0	0.0	0.0	0.0	0.0	0.0	0.0	0.0	0.0	7.587873410924203e-05	0.0	1.7930599614193265e-05	6.106912850863954e-06	0.0	0.0	2.534024023814758e-06	0.0	0.0	0.0	0.0	0.0	0.0	0.0
1161127	Murdochiella	0.0	9.242462909444555e-06	1.4225814252865881e-05	0.0	0.0	4.3088948208007585e-06	0.0	5.502326698146645e-05	1.0607107797977525e-06	3.2454671776979284e-06	0.0	0.0	0.0	0.0	0.0	0.0	5.0832638620605515e-06	0.0	0.0	0.0	0.0	0.0	0.0	0.0	0.0	0.0	0.0	1.975863760242004e-06	0.0	0.0	5.009284856814012e-06	0.0	0.0	0.0	3.357466274251275e-06	0.0	0.0	0.0	1.7419096053906613e-05	0.0	0.0	3.6068543216787452e-06	0.0	0.0	0.0	0.0	0.0	2.9356835458060326e-05	0.0	0.0	0.0	1.2313849232308462e-05	5.229758220806369e-05	2.268281916035183e-05	0.0	7.221537513480203e-05	7.116384133546444e-05	0.0	0.0	0.0	0.0	0.0	0.0	0.0
1164882	Lachnoanaerobaculum	0.00013037066008294833	6.552492361173378e-05	0.00029693564670664496	5.995263036875805e-05	5.266657450016129e-05	0.0003517904842982334	0.0	0.00017239432674388027	6.988212196314604e-06	0.0005096194835780173	0.0010408007472813567	1.8768352462834398e-05	0.00028349312219365114	0.0	1.6858977529379965e-05	0.0002272828337228434	0.0002714462902340335	0.0	2.4850771119427837e-05	9.072389419944411e-05	0.003694933573151803	0.0	2.8318423683264093e-05	0.002427637721755369	0.0	0.00020792890540439872	0.0	0.00024120736826954307	0.0006894405088882062	0.0	8.397918730541138e-05	0.0	0.00016314572952536995	0.0001508830430092114	0.00021665532369727347	6.997391372496333e-05	0.00021758498111624822	0.0	0.00011453652199829007	9.534863076078343e-05	0.0	0.00012299373236924522	0.0	0.00013993026808307193	9.0038291999326e-05	0.00042314667252843876	0.0	6.371057907919475e-05	0.00018988048698760193	0.00037953779172144594	0.0001634311196199059	0.00032016008004002	0.00022562671181193192	0.00020807124499015042	0.0013752238327547023	5.295794176552149e-05	9.734875624821694e-05	0.0	0.0003936039186711932	0.0	0.0002799137207119688	3.6824673397639325e-05	0.00011373089530378392	0.0
1193515	Snodgrassella	0.0	0.0	7.451616989596413e-06	0.0	0.0	0.0	0.0	0.0	0.0	0.0	0.0	0.0	0.0	0.0	0.0	0.0	0.0	0.0	0.0	0.0	0.0	0.0	0.0	0.0	0.0	0.0	0.0	0.0	0.0	0.0	0.0	0.0	0.0	0.0	0.0	0.0	0.0	0.0	0.0	0.0	0.0	0.0	0.0	0.0	0.0	0.0	0.0	0.0	0.0	0.0	0.0	0.0	0.0	0.0	0.0	0.0	0.0	0.0	0.0	0.0	0.0	0.0	0.0	0.0
1195526	Gryllotalpicola	0.0	0.0	0.0	0.0	0.0	0.0	0.0	0.0	0.0	0.0	0.0	0.0	0.0	0.0	0.0	0.0	0.0	0.0	0.0	0.0	0.0	0.0	0.0	0.0	0.0	3.7247538375919685e-06	0.0	0.0	0.0	0.0	0.0	0.0	0.0	0.0	0.0	0.0	8.99125486169088e-05	0.0	0.0	0.0	0.0	0.0	0.0	0.0	0.0	0.0	0.0	0.0	0.0	0.0	0.0	0.0	0.0	0.0	0.0	0.0	0.0	0.0	0.0	0.0	0.0	0.0	0.0	0.0
1196389	Zygotorulaspora	0.0	0.0	0.0	0.0	0.0	0.0	0.0	0.0	0.0	0.0	0.0	0.0	0.0	0.0	0.0	0.0	0.0	0.0002233744006644602	0.0001366792411568531	0.0	0.0	0.0	0.0	0.0	0.0	0.0	0.0	0.0	0.0	0.0	0.0	0.0	0.0	0.0	0.0	0.0	0.0	0.0	0.0	0.0	0.0	0.0	0.0	0.0	0.0	0.0	0.0	0.0	0.0	0.0	5.836825700710925e-05	0.0	0.0	0.0	0.0	0.0	0.0	0.0	0.0	0.0	0.0	0.0	0.0	0.0
1209946	Roseicitreum	0.0	0.0	0.0	0.0	0.0	0.0	0.0	0.0	0.0	0.0	0.0	0.0	0.0	1.711638873792418e-06	1.1186051441294764e-06	0.0	0.0	0.0	0.0	0.0	0.0	0.0	0.0	0.0	0.0	0.0	0.0	0.0	0.0	0.0	0.0	0.0	0.0	0.0	0.0	0.0	0.0	0.0	0.0	0.0	0.0	0.0	0.0	0.0	0.0	0.0	0.0	0.0	0.0	0.0	0.0	0.0	0.0	0.0	0.0	0.0	0.0	0.0	0.0	0.0	0.0	0.0	0.0	0.0
1213720	Stomatobaculum	0.0	1.4760351213590558e-05	5.532261098336732e-05	7.758575694780454e-06	0.0	5.109118144663757e-05	0.0	2.6975692578576085e-05	1.5598687938202242e-06	5.184633816372441e-05	0.00011154900832931595	0.0	8.532210795615497e-05	0.0	1.7578080836320343e-06	0.0	2.561964986478518e-05	0.0	0.0	0.0	2.512064977072697e-05	0.0	3.398210841991691e-05	0.0	0.0	1.0078745678190033e-05	0.0	7.356292768900999e-05	8.618006361102578e-05	0.0	1.826915653661581e-05	0.0007366094917394507	5.056563546692753e-05	0.0	4.9966998081504274e-05	0.0	1.574739552047555e-05	0.0	2.708311509751234e-05	0.0	0.0	3.624888593287139e-05	0.0	0.0	1.9293919714141284e-05	4.082305560571209e-05	0.0	8.744589285379672e-06	0.0	3.788362431230699e-05	0.00016926794532061683	2.8475776349713318e-05	5.0803365573547584e-05	3.795010128751171e-05	0.00013340605135383506	0.0	6.757397396839354e-06	0.0	0.00029864476699177525	0.0	0.0	0.0	7.732412145299756e-06	0.0
1221880	Psychrobacillus	0.0	0.0	0.0	0.0	0.0	0.0	0.0	0.0	0.0	0.0	0.0	0.0	0.0	0.0	0.0	0.0	0.0	0.0	0.0	0.0	0.0	1.1750780713477188e-06	0.0	0.0	0.0	0.0	0.0	0.0	0.0	0.0	0.0	0.0	0.0	0.0	0.0	0.0	1.185287834874504e-06	0.0	0.0	0.0	0.0	0.0	0.0	0.0	0.0	0.0	0.0	0.0	0.0	0.0	0.0	0.0	0.0	0.0	0.0	0.0	0.0	0.0	0.0	0.0	0.0	0.0	0.0	0.0
1230698	Marisediminicola	0.0	0.0	0.0	0.0	0.0	0.0	0.0	0.0	0.0	0.0	0.0	0.0	0.0	0.0	0.0	0.0	0.0	0.0	0.0	0.0	0.0	0.0	0.0	0.0	0.0	0.0	0.0	0.0	0.0	0.0	0.0	0.0	0.0	0.0	0.0	0.0	1.5832058937252302e-05	0.0	0.0	0.0	0.0	0.0	0.0	0.0	0.0	0.0	0.0	0.0	0.0	0.0	0.0	0.0	0.0	0.0	0.0	0.0	0.0	0.0	0.0	0.0	0.0	0.0	0.0	0.0
1231242	Ferrovibrio	0.0	0.0	0.0	0.0	0.0	0.0	0.0	0.0	0.0	0.0	0.0	0.0	0.0	1.2147114588204258e-06	0.0	0.0	0.0	0.0	0.0	0.0	0.0	0.0	0.0	0.0	0.0	0.0	0.0	0.0	0.0	0.0	0.0	0.0	5.406388697721811e-06	0.0	0.0	0.0	0.0	0.0	0.0	0.0	0.0	0.0	0.0	0.0	0.0	0.0	0.0	0.0	0.0	0.0	0.0	0.0	0.0	0.0	0.0	0.0	0.0	0.0	0.0	0.0	0.0	0.0	0.0	0.0
1234545	Parasphingopyxis	0.0	0.0	0.0	0.0	0.0	0.0	0.0	0.0	0.0	0.0	0.0	0.0	0.0	9.938548299439846e-07	1.9176088185076735e-06	0.0	0.0	0.0	0.0	0.0	0.0	0.0	0.0	0.0	0.0	0.0	0.0	0.0	0.0	0.0	0.0	0.0	0.0	0.0	0.0	0.0	0.0	0.0	0.0	0.0	0.0	0.0	0.0	0.0	0.0	0.0	0.0	0.0	0.0	0.0	0.0	0.0	0.0	0.0	0.0	0.0	0.0	0.0	0.0	0.0	0.0	0.0	0.0	0.0
1274351	Kroppenstedtia	0.0	0.0	0.0	0.0	0.0	0.0	0.0	0.0	0.0	0.0	0.0	0.0	0.0	0.0	0.0	0.0	0.0	0.0	0.0	0.0	0.0	0.0	0.0	0.0	0.0	0.0	0.0	0.0	0.0	0.0	0.0	0.0	0.0	0.0	0.0	0.0	0.0	0.0	0.0	0.0	0.0	0.0	0.0	0.0	0.0	0.0	0.0	0.0	0.0	0.0	0.0	0.0	8.06876982638697e-05	0.0	0.0	0.0	0.0	0.0	0.0	0.0	0.0	0.0	0.0	0.0
1276290	Caldibacillus	0.0	0.0	2.709678905307787e-06	0.0	0.0	0.0	0.0	0.0001352357568343185	0.0	1.3793235505216196e-06	0.0	1.7488692067641143e-05	0.0	0.0	0.0	0.0	0.0	0.0	0.0	0.0	0.0	0.0	0.0	0.0	0.0	8.895588576837289e-05	0.0	2.4318323202978508e-06	0.0	0.0	0.0	0.0	3.8162743748624555e-06	0.0	3.31796667102479e-05	0.0	1.6086049187582552e-06	0.0	8.709548026953307e-06	0.0	0.0	3.96753975384662e-06	0.0	0.001422624392177898	0.0	0.0	0.0	0.0	0.0	9.470906078076747e-06	7.587873410924203e-05	0.0	0.0	0.0	0.0	0.0	0.0	0.0	0.0	0.0	0.0	0.0	0.0	3.7344646271510517e-05
1278221	Auraticoccus	0.0	0.0	0.0	0.0	0.0	0.0	0.0	0.0	0.0	0.0	0.0	0.0	0.0	0.0	0.0	0.0	0.0	0.0	0.0	0.0	0.0	0.0	0.0	0.0	0.0	0.0	0.0	0.0	0.0	0.0	0.0	0.0	0.0	0.0	0.0	0.0	3.301873254293261e-06	0.0	0.0	0.0	0.0	0.0	0.0	0.0	0.0	0.0	0.0	0.0	0.0	0.0	0.0	0.0	0.0	0.0	0.0	0.0	0.0	0.0	0.0	0.0	0.0	0.0	0.0	0.0
1295327	Croceicoccus	0.0	0.0	0.0	2.7507677463312516e-05	0.0	0.0	0.0	0.0	0.0	0.0	0.0	0.0	0.0	0.0	0.0	0.0	0.0	0.0	0.0	0.0	0.0	0.0	0.0	0.0	0.0	0.0	0.0	0.0	0.0	0.0	0.0	0.0	0.0	0.0	5.72744246784041e-06	0.0	0.0	0.0	0.0	0.0	0.0	0.0	0.0	0.0	0.0	0.0	0.0	0.0	0.0	0.0	0.0	0.0	0.0	0.0	0.0	0.0	0.0	0.0	0.0	0.0	0.0	0.0	0.0	0.0
1301080	Candidatus Nasuia	0.0	0.0	0.0	0.0	0.0	0.0	0.0	0.0	0.0	0.0	0.0	0.0	0.0	0.0	0.0	0.0	0.0	0.0001982054541107182	0.0001068583158135397	0.0	0.0	0.0	0.0	0.0	0.0	0.0	0.0	0.0	0.0	0.0	0.0	0.0	0.0	0.0	0.0	0.0	0.0	0.0	0.0	0.0	0.0	2.1641125930072472e-06	0.0	0.0	0.0	0.0	0.0	0.0	0.0	0.0	0.0	0.0	0.0	0.0	0.0	0.0	0.0	0.0	0.0	0.0	0.0	0.0	0.0	0.0
1322061	Rhizoctonia	0.0	0.0	0.0	0.0	0.0005678115063298639	8.648567461750095e-05	0.0	2.143763648628563e-06	0.0	0.0	0.0	0.0	3.070718538267788e-06	0.0	0.0	0.0	0.0	0.00047349080704227125	0.0003889145680190456	0.0	0.0	0.0	0.0	0.0	0.0	0.0	0.0	5.775601760707396e-06	0.0	0.0	0.0	0.0	1.4311028905734206e-05	0.0	2.9624702419864194e-06	0.0	0.0	0.0	0.0	0.0	0.0	7.2137086433574904e-06	1.2123547886099906e-05	0.0	0.0	0.0	0.0	0.0	0.0	0.0	0.0	0.0	0.0	0.0	0.0	0.0	0.0	0.0	0.0	0.0	0.0	0.0	0.0	0.0
1330545	Lelliottia	0.0	0.0	0.0	1.269585113691347e-05	0.0	0.0	0.0	0.0	0.0	8.519351341457063e-06	0.0	0.0	9.04765283596759e-05	0.0	0.0	6.91730363504306e-05	3.78194831337305e-05	0.0	0.0	0.0	0.0	0.0	0.0	0.0	0.0	2.6292380030060953e-06	0.0	2.279842800279235e-06	0.0	0.0	0.0	0.0	0.0	0.0	0.0	0.0	0.0	0.0	0.0	0.0	0.0	0.0	0.0	0.0	0.0	0.0	0.0	0.0	0.0	0.0	0.0	0.0	0.0	0.0	0.0	0.0	0.0	0.0	0.0	0.0	0.0	0.0	0.0	0.0
1330546	Pluralibacter	0.0	3.034838567280302e-06	6.548390687827151e-06	0.0	7.570820084398185e-05	0.0	0.0	5.716703063009501e-06	8.797659997146064e-06	0.0	0.0	5.971748510901854e-06	0.0	0.0	0.0	0.00026186935189805873	0.0	0.0	0.0	0.0	0.0	2.6858927345090716e-06	0.0	0.0	0.0	0.0	0.0	0.0	0.0	0.0	0.0	0.0	0.0	0.0	0.0	0.0	0.0	0.0	0.0	0.00010850016603813288	0.0	4.688910618182369e-06	0.0	0.00018657369077742925	3.923097008542061e-05	0.0	0.0	0.0	0.0	0.0	0.0	0.0	0.0	0.0	0.0	0.0	0.0	0.0	0.0	0.0	0.0	3.6824673397639325e-05	0.0	0.0
1330547	Kosakonia	0.0	0.0	0.0	0.0	0.0	0.0	0.0	0.0	0.0	0.0	0.0	0.0	2.303038903700841e-06	0.0	0.0	0.0	0.0	0.0	0.0	0.0	0.0	0.0	0.0	0.0	0.0	0.0	0.0	0.0	0.0	0.0	0.0	0.0	0.0	0.0	0.0	0.0	0.0	0.0	0.0	0.0	0.0	0.0	0.0	0.0	9.646959857070642e-06	0.0	5.919051057734424e-05	0.0	0.0	0.0	0.0	0.0	2.6895899421289897e-05	7.415537033191944e-06	0.0	0.0	0.0	0.0	0.0	0.0	0.0	0.0	0.0	0.0
1331051	Candidatus Saccharimonas	0.0	0.0	3.161292056192418e-06	0.0	0.0	3.3855602163434536e-06	0.0	0.0	0.0	2.9209204599281356e-06	0.0	0.0	1.0966851922384958e-06	0.0	0.0	0.0	2.643297208271487e-06	0.0	0.0	0.0	0.0	0.0	0.0	0.0	0.0	0.0	0.0	0.0	0.0	0.0	0.0	0.0	0.0	0.0	0.0	0.0	8.466341677675027e-07	0.0	0.0	0.0	0.0	0.0	0.0	0.0	0.0	0.0	0.0	0.0	0.0	0.0	0.0	0.0	0.0	0.0	0.0	0.0	0.0	0.0	7.413167974973145e-06	0.0	0.0	0.0	0.0	0.0
1348911	Coprobacter	0.0	9.794251739859156e-06	0.0	0.0	0.0	8.617789641601517e-06	0.0	2.6797045607857035e-06	0.0	2.5152370627158947e-05	0.0	0.0	0.0	0.0	0.0	0.0	1.7283097131005875e-05	0.0	0.0	0.0	4.396113709877219e-06	0.0	0.0	0.0	0.0	0.0	0.0	0.0	0.0	0.0	4.125293411493892e-06	0.0	0.0	0.0	0.0	0.0	0.0	0.0	3.4599574353650125e-06	0.0	0.0	0.0	0.0	0.0	0.0	0.0	0.0	2.0612246172680654e-05	0.0	0.0	0.0	0.0	0.0	7.415537033191944e-06	0.0	5.777230010784163e-05	3.0830625623079555e-05	0.0	4.5891039845071846e-06	0.0	0.0	0.0	0.0	0.0
1354809	Keratinibaculum	0.0	0.0	0.0	0.0	0.0	0.0	0.0	0.0	0.0	0.0	0.0	0.0	0.0	0.0	0.0	0.0	0.0	0.0	0.0	0.0	0.0	0.0	0.0	0.0	0.0	0.0	0.0	5.167643680632933e-06	0.0	0.0	0.0	0.0	8.268594478868653e-06	0.0	5.72744246784041e-06	0.0	0.0	0.0	2.1356288997597836e-05	0.0	0.0	1.8034271608393726e-06	0.0	0.0	0.0	0.0	0.0	0.0	0.0	0.0	0.0	0.0	0.0	0.0	0.0	0.0	0.0	0.0	0.0	0.0	0.0	0.0	0.0	0.0
1392389	Intestinimonas	0.0	5.973114089238049e-05	3.838711782519365e-06	0.0	2.1395795890690525e-05	8.463900540858634e-05	0.0	3.662262899740462e-05	0.0	4.016265632401186e-05	0.0	0.0	0.0	0.0	0.0	0.0	6.201581911713874e-05	0.0	0.0	0.0	0.0	0.0	0.0	0.0	0.0	0.0	0.0	0.0	0.0	0.0	5.303948671920719e-06	0.0	3.8162743748624555e-06	0.0	1.066489287115111e-05	0.0	9.31297584544253e-07	0.0	0.0008451840852457155	0.0	0.0	3.4265116055948083e-06	0.0	0.0	7.074437228518472e-06	2.355176284944928e-05	3.3146685923312775e-05	5.996289795688918e-05	0.0	0.0	0.0	0.0	0.0	1.3086241823279901e-05	1.741081569094995e-05	7.702973347712218e-05	3.927737236912875e-05	0.0	6.35414397854841e-06	0.0	0.0	0.0	0.0	0.0
1395974	Tardiphaga	0.0	0.0	0.0	3.3150277968607394e-05	0.0	0.0	0.0	0.0	0.0	0.0	0.0	0.0	0.0	2.4294229176408516e-06	2.5568117580102316e-06	0.0	0.0	0.0	0.0	0.0	0.0	0.0	0.0	0.0	0.0005048805116122518	0.0	0.0	0.0	0.0	0.0	0.0	0.0	0.0	0.0	0.0	0.0	0.0	0.0	0.0	0.0	0.0	0.0	2.552325870757875e-05	0.0	0.0	0.0	0.0002959525528867212	0.0	0.0	0.0	0.0	3.540231654288683e-05	0.0	0.0	0.0	0.0	0.0	0.0	0.0	0.0	0.0	0.0	0.0	0.0
1400133	Allobacillus	0.0	0.0	0.0	0.0	0.0	0.0	0.0	0.0	0.0	0.0	0.0	0.0	0.0	0.0	0.0	0.0	0.0	0.0	0.0	0.0	0.0	0.0	0.0	0.0	0.0	0.0	0.0	0.0	0.0	0.0	0.0	0.0	0.0	0.0	0.0	0.0	2.0319220026420065e-06	0.0	0.0	0.0	0.0	0.0	0.0	0.0	0.0	0.0	0.0	0.0	0.0	0.0	0.0	0.0	0.0	0.0	0.0	0.0	0.0	0.0	0.0	0.0	0.0	0.0	0.0	0.0
1433995	Cruoricaptor	0.0	0.0	2.709678905307787e-06	0.0	0.00029954114246966737	6.832676072984061e-05	0.0	0.0002277748876667848	0.0	2.9614887996493596e-05	0.0	0.0	7.128453749550222e-06	0.0	1.510116944574793e-05	0.0002124600402191797	0.00019072406010451192	0.0	2.1123155451513662e-05	0.0003464003233069684	0.00015417798796783677	0.0	0.0005125634686670801	0.0	0.0	4.162960171426318e-06	0.0	1.9454658562382806e-05	0.0	0.0	2.268911376321641e-05	0.0	7.028305307038356e-05	0.0	4.147458338780987e-06	0.0	1.0074946596433283e-05	0.0	7.993694764463994e-06	0.0	0.0	7.754736791609302e-06	8.295059079963094e-06	0.0	0.0	0.0003776132643528368	0.0	0.0003635250688636406	0.0006589969842510891	0.0005998240516115273	0.0	0.00011005502751375687	0.0005319411218877335	0.000393895878880725	0.0	0.0007991834848251425	0.0005859930555071627	0.00014452473596442467	0.0004973882703208172	0.0	0.0	0.0	0.0	0.0
1433996	Desulfobaculum	0.0	0.0	0.0	0.0	0.0	0.0	0.0	0.0	0.0	0.0	0.0	0.0	0.0	0.0	0.0	0.0	0.0	1.8876709915306496e-05	0.0	0.0	0.0	0.0	0.0	0.0	0.0	0.0	0.0	0.0	0.0	0.0	0.0	0.0	0.0	0.0	0.0	0.0	0.0	0.0	0.0	0.0	0.0	0.0	0.0	0.0	0.0	0.0	0.0	0.0	0.0	0.0	0.0	0.0	0.0	0.0	0.0	0.0	0.0	0.0	0.0	0.0	0.0	0.0	0.0	0.0
1433997	Diaminobutyricimonas	0.0	0.0	0.0	0.0	0.0	0.0	0.0	0.0	0.0	0.0	0.0	0.0	0.0	0.0	0.0	0.0	0.0	0.0	0.0	0.0	0.0	0.0	0.0	0.0	0.0	2.410134836088921e-06	0.0	0.0	0.0	0.0	0.0	0.0	0.0	0.0	0.0	0.0	1.0159610013210034e-05	0.0	0.0	0.0	0.0	0.0	0.0	0.0	0.0	0.0	0.0	0.0	0.0	0.0	0.0	0.0	0.0	0.0	0.0	0.0	0.0	0.0	0.0	0.0	0.0	0.0	0.0	0.0
1434002	Falsirhodobacter	0.0	0.0	0.0	0.0	0.0	0.0	0.0	0.0	0.0	0.0	0.0	0.0	0.0	0.0	0.0	0.0	0.0	0.0	0.0	0.0	0.0	0.0	0.0	0.0	0.0	0.0	0.0	0.0	0.0	0.0	0.0	0.0	0.0	0.0	0.0	0.0	0.0	0.0	0.0	0.0	0.0	0.0	0.0	0.0	0.0	0.0	0.0	4.747062754920393e-05	0.0	0.0	0.0	0.0	0.0	0.0	0.0	0.0	0.0	0.0	0.0	0.0	0.0	0.0	0.0	0.0
1434006	Fretibacterium	0.0	0.0	2.483872329865471e-06	0.0	0.0	1.415779726834535e-05	0.0	0.0	0.0	1.2170501916367232e-06	0.0	0.0	1.9740333460292922e-06	0.0	0.0	0.0	0.0	0.0	0.0	0.0	3.1400812213408712e-06	0.0	0.0	0.0	0.0	0.0	0.0	1.8238742402233882e-06	0.0	0.0	3.2413019661737725e-06	0.0	0.0	0.0	0.0	0.0	4.487161089167765e-06	0.0	0.0	0.0	0.0	0.0	0.0	0.0	0.0	0.0	0.0	0.0	0.0	0.0	0.0	0.0	0.0	4.362080607759967e-06	0.0	0.0	0.0	0.0	1.270828795709682e-05	0.0	0.0	0.0	0.0	0.0
1434010	Jatrophihabitans	0.0	0.0	0.0	0.0	0.0	0.0	0.0	0.0	0.0	0.0	0.0	0.0	0.0	0.0	0.0	0.0	0.0	0.0	0.0	0.0	0.0	0.0	0.0	0.0	0.0	0.0	0.0	0.0	0.0	0.0	0.0	0.0	0.0	0.0	0.0	0.0	4.148507422060764e-06	0.0	0.0	0.0	0.0	0.0	0.0	0.0	0.0	0.0	0.0	0.0	0.0	0.0	0.0	0.0	0.0	0.0	0.0	0.0	0.0	0.0	0.0	0.0	0.0	0.0	0.0	0.0
1434011	Komagataeibacter	0.0	1.862287302649276e-05	0.0	0.0	0.0	0.0	0.0	0.0	0.0	6.490934355395857e-06	0.0	0.0	0.0	0.0	0.0	0.0	8.946544397226572e-06	0.0	0.0	0.0	0.0	0.0	0.0	0.0	0.0	0.0	0.0	0.0	0.0	0.0	0.0	0.0	0.0	0.0	7.109928580767406e-06	0.0	0.0	0.0	7.015361972395266e-05	0.0	0.0	0.0	0.0	0.0	0.0	0.0	0.0	0.0	0.0	0.0	0.0	0.0	0.0	0.0	4.381529776530451e-06	0.0	2.428439689489143e-05	0.0	0.0	0.0	0.0	0.0	0.0	0.0
1434022	Naasia	0.0	0.0	0.0	0.0	0.0	0.0	0.0	0.0	0.0	0.0	0.0	0.0	0.0	0.0	1.1985055115672961e-06	0.0	0.0	0.0	0.0	0.0	0.0	0.0	0.0	0.0	0.0	2.410134836088921e-06	0.0	0.0	0.0	0.0	0.0	0.0	0.0	0.0	0.0	0.0	0.00017296736047490082	0.0	0.0	0.0	0.0	0.0	0.0	0.0	0.0	0.0	0.0	0.0	0.0	0.0	0.0	0.0	0.0	0.0	0.0	0.0	0.0	0.0	0.0	0.0	0.0	0.0	0.0	0.0
1434026	Oceanirhabdus	0.0	0.0	0.0	0.0	0.0	0.0	0.0	0.0	0.0	0.0	0.0	0.0	0.0	0.0	0.0	0.0	0.0	0.0	0.0	0.0	0.0	0.0	0.0	0.0	0.0	0.0	0.0	0.0	0.0	0.0	0.0	0.0	0.0	0.0	0.0	0.0	0.0	0.0	1.551015402060178e-06	0.0	0.0	0.0	0.0	0.0	0.0	0.0	0.0	0.0	0.0	0.0	0.0	0.0	0.0	0.0	0.0	0.0	0.0	0.0	0.0	0.0	0.0	0.0	0.0	0.0
1434042	Salisediminibacterium	0.0	0.0	0.0	0.0	0.0	0.0	0.0	0.0	0.0	0.0	0.0	0.0	0.0	0.0	0.0	0.0	0.0	0.0	1.2425385559713919e-05	0.0	0.0	0.0	0.0	0.0	0.0	0.0	0.0	0.0	0.0	0.0	0.0	0.0	0.0	0.0	0.0	0.0	0.0	0.0	0.0	0.0	0.0	0.0	0.0	0.0	0.0	0.0	0.0	0.0	0.0	0.0	0.0	0.0	0.0	0.0	0.0	0.0	0.0	0.0	0.0	0.0	0.0	0.0	0.0	0.0
1443919	Tabrizicola	0.0	0.0	0.0	0.0	0.0	0.0	0.0	5.002115180133313e-06	0.0	0.0	0.0	0.0	0.0	0.0	0.0	0.0	0.0	0.0	0.0	0.0	0.0	0.0	0.0	0.0	0.0	0.0	0.0	0.0	0.0	0.0	0.0	0.0	0.0	0.0	0.0	0.0	0.0	0.0	0.0	0.0	0.0	0.0	0.0	0.0	0.0	0.0	0.0	1.8113792091143605e-05	0.0	0.0	0.0	0.0	0.0	0.0	0.0	0.0	0.0	0.0	0.0	0.0	0.0	0.0	0.0	0.0
1470540	Jeotgalibaca	0.0	8.828621286633606e-06	3.161292056192418e-06	0.0	0.0	0.0	0.0	0.0	0.0	0.0	0.0	0.0	0.0	0.0	0.0	0.0	0.0	0.0	0.0	0.0	0.0	0.0	0.0	0.0	0.0	0.0	0.0	0.0	0.0	0.0	0.0	0.015714335823774947	0.0	0.0	0.0	0.0	5.079805006605017e-06	0.0	5.130281714506743e-06	0.0	0.0	2.524798025175122e-06	0.0	0.0	6.817184965663255e-05	0.0	0.0	0.0	9.494024349380096e-05	7.366260282948581e-06	0.0	0.0	0.0	0.0	0.0	0.00014443075026960406	0.0	0.0	0.0	0.0	0.0	0.0	0.0	0.0
1501226	Romboutsia	0.0	0.0002691350020347213	2.8677435081174078e-05	0.0	0.014649536863310489	0.001255119505658964	0.057148727079730864	0.0010983215759807004	0.0013026152323433928	0.0005230881723654636	4.65595860852797e-05	0.0010237283161546034	3.2132876132587924e-05	1.0214619085535399e-05	9.348342990224909e-06	0.02498628891600911	0.000752933043248409	0.0	0.0	0.002428926076521481	0.00015731806918917765	0.000318278289039325	0.0007334471733965401	0.0	0.0	0.0	0.0	3.4957589604281606e-06	0.0	0.0	7.661259192774372e-06	0.0	4.1342972394343265e-06	0.0	0.0	0.0	5.079805006605017e-06	0.007636743396719029	2.9588601516224934e-05	0.0	0.0	5.770966914685993e-06	0.0	0.0	0.0	4.867364322219518e-05	0.002992672214790525	0.0016146259501933179	0.0	2.1748006549657713e-05	0.0015000642050827077	2.8475776349713318e-05	0.0016197308318154583	0.0001714297678849667	7.160342082172131e-05	0.13526902634416885	0.0016722446870490889	0.0	4.0595919862948175e-05	0.0009504934476621906	0.0	0.0	0.0	0.00026390216698534097
1505657	Intestinibacter	0.00016296332510368542	0.00018429746935847652	3.3870986316347334e-06	0.0	0.001550372286848498	9.5719020662074e-05	0.00032529233508534643	5.895350033728548e-05	0.00026255711537582013	0.00036560187756767165	0.0	0.0001787259018619912	1.754696307581593e-06	5.907914822444798e-06	4.9538227811448234e-06	0.01028207776037472	0.0002330168154368557	0.00010696802285340347	4.2246310903027324e-05	0.0006639339530050228	4.270510461023585e-05	0.0002872226542965639	0.0	0.0	0.0	0.0	0.0	0.0	0.0	0.0	0.00014909989044399355	0.0	0.0	0.0	0.0	0.0	0.0	0.0	4.843940409511017e-05	0.0	0.0	0.0	0.0	0.0	0.0	0.0	3.551430634640654e-05	0.0003922572908013167	0.0	0.0	7.00419084085311e-05	2.001000500250125e-05	0.0008442323985015995	9.465714918839128e-05	6.376278859003525e-05	0.016113657371745495	0.00019511984983373634	0.0	1.6591375943987516e-05	0.0011122795664132018	0.0	0.0	0.0	0.0003983428935627788
1506553	Lachnoclostridium	0.0	0.00021961195450501093	9.032263017692623e-06	0.0	0.0	8.125344519224288e-05	0.0	0.00013845140230726136	1.497474042067415e-06	0.0002169594808291065	0.0	0.0	3.1803870574916374e-06	0.0	1.1186051441294764e-06	0.000247046558394395	0.0003812447896545414	0.0	0.0	0.0	0.0	1.9304854029283953e-06	0.0	0.0	0.0	0.0	0.0	0.0	0.0	0.0	4.419957226600599e-06	0.0	0.0	0.0	4.246207346847201e-05	0.0	1.4392780852047547e-06	0.0005439275923589051	0.0025027423145397194	0.0	0.0	2.705140741259059e-06	0.0	0.0	0.0	1.5701175232966186e-05	0.0003575106838871592	0.0002910699004990662	0.0	0.0	0.0	0.00021395313041135952	0.0	2.2246611099575833e-05	6.503112615692564e-05	0.0006451240178708982	0.00027768679927636723	0.0	8.119183972589636e-06	0.0	1.9514682053993467e-05	0.0	0.0	0.0
1506577	Tyzzerella	0.0	0.0	0.0	0.0	0.0	0.0	0.0	0.0	0.0	0.0	0.0	0.0	0.0	0.0	0.0	0.0	0.0	0.0	0.0	0.0	0.0	0.0	0.0	0.0	0.0	0.0	0.0	0.0	0.0	0.0	0.0	0.0	0.0	0.0	0.0	0.0	0.0	0.0	1.7896331562232823e-06	0.0	0.0	0.0	0.0	0.0	0.0	0.0	0.0	0.0	0.0	0.0	0.0	0.0	0.0	0.0	0.0	0.0	0.0	0.0	0.0	0.0	0.0	0.0	0.0	0.0
1508451	Polymorphobacter	0.0	0.0	0.0	0.0	0.0	0.0	0.0	0.0	0.0	0.0	0.0	0.0	0.0	1.3251397732586462e-06	1.1985055115672961e-06	0.0	0.0	0.0	0.0	0.0	0.0	0.0	0.0	0.0	0.0	0.0	0.0	0.0	0.0	0.0	0.0	0.0	0.0	0.0	0.0	0.0	0.0	0.0	0.0	0.0	0.0	0.0	0.0	0.0	0.0	0.0	0.0	0.0	0.0	0.0	0.0	0.0	0.0	0.0	0.0	0.0	0.0	0.0	0.0	0.0	0.0	0.0	0.0	0.0
1508657	Ruminiclostridium	0.0	0.0	0.0	0.0	0.0	0.0	0.0	0.0	0.0	0.0	1.5519862028426568e-05	0.0	0.0	0.0	0.0	0.0	0.0	0.0	0.0	0.0	0.0	0.0	0.0	0.0	0.0	0.0	0.0	0.0	0.0	0.0	0.0	0.0	0.0	0.0	0.0	0.0	0.0	0.0	1.7896331562232823e-06	0.0	0.0	0.0	0.0	0.0	0.0	0.0	0.0	0.0	0.0	0.0	0.0	0.0	0.0	0.0	0.0	0.0	0.0	0.0	0.0	0.0	0.0	0.0	0.0	0.0
1522056	Flaviflexus	0.0	2.345102529262051e-06	3.838711782519365e-06	0.0	0.0	4.3088948208007585e-06	0.0	0.0	0.0	0.0	0.0	0.0	0.0	0.0	0.0	0.0	0.0	0.0	0.0	0.0	0.0	0.0	0.0	0.0	0.0	0.0	0.0	0.0	0.0	0.0	0.0	0.0	0.0	0.0	0.0	0.0	9.31297584544253e-07	0.0	0.0	0.0	0.0	0.0	0.0	0.0	0.0	0.0	0.0	0.0	0.0	0.0	0.0	0.0	0.0	0.0	0.0	0.0	0.0	0.0	0.0	0.0	0.0	0.0	0.0	0.0
1522432	Pseudoduganella	0.0	0.0	6.322584112384836e-06	0.0	0.0	0.0	0.0	0.0	0.0	0.0	0.0	0.0	0.0	0.0	0.0	0.0	0.0	0.0	0.0	0.0	0.0	0.0	0.0	0.0	0.0	0.0	0.0	0.0	0.0	0.0	0.0	0.0	0.0	0.0	0.0	0.0	4.978208906472916e-05	0.0	0.0	0.0	0.0	0.0	0.0	0.0	0.0	0.0	0.0	0.0	0.0	0.0	0.0	0.0	0.0	0.0	0.0	0.0	0.0	0.0	0.0	0.0	0.0	0.0	0.0	0.0
1525371	Neorhizobium	0.0	0.0	0.0	0.0	0.0	0.0	0.0	7.324525799480923e-06	0.0	0.0	0.0	0.0	0.0	9.607263356125185e-06	6.152328292712119e-06	0.0	0.0	0.0	0.0	0.0	0.0	0.0	0.0	0.0	0.0	0.0	0.0	0.0	0.0	0.0	0.0	0.0	0.0	0.0	0.0	0.0	0.0	0.0	0.0	0.0	0.0	0.0	0.0	0.0	0.0	0.0	0.019097226332674345	0.00011492888775070426	0.0	0.0	0.0	1.9240389425481972e-05	0.0	0.0	0.0	0.0	0.0	0.0	9.88422396663086e-06	0.0	0.0	0.0	0.0	0.0
1535207	Barrientosiimonas	0.0	0.0	0.0	0.0	0.0	0.0	0.0	0.0	0.0	0.0	0.0	0.0	0.0	0.0	0.0	0.0	0.0	0.0	0.0	0.0	0.0	0.0	0.0	0.0	0.0	5.9157855067637145e-06	0.0	0.0	2.534707753265464e-05	0.0	0.0	0.0	0.0	0.0	0.0	0.0	3.2426088625495354e-05	0.0	0.0	0.0	0.0	2.524798025175122e-06	0.0	0.0002448779691453759	0.0	0.0	7.576385353900063e-05	0.0	0.0001675416061655311	0.0	0.0	0.0	0.0	1.2213825701727908e-05	0.0	0.0	0.0	0.0	0.0	0.0	0.0	0.0	0.0	0.0
1543704	Niveispirillum	0.0	0.0	0.0	0.0	0.0	0.0	0.0	0.0	0.0	0.0	0.0	0.0	0.0	0.0	0.0	0.0	0.0	0.0	0.0	0.0	0.0	0.0	0.0	0.0	0.0	0.0	0.0	0.0	0.0	0.0	0.0	0.0	0.0	0.0	0.0	0.0	0.0	0.0	0.0	0.0	0.0	3.246168889510871e-06	0.0	0.0	0.0	0.0	0.0	0.0	0.0	0.0	0.0	4.925539692923385e-05	0.0	0.0	0.0	0.0	0.0	0.0	0.0	0.0	0.0	0.0	0.0	0.0
1546255	Mumia	0.0	0.0	0.0	0.0	0.0	0.0	0.0	0.0	0.0	0.0	0.0	0.0	0.0	0.0	0.0	0.0	0.0	0.0	0.0	0.0	0.0	0.0	0.0	0.0	0.0	0.0	0.0	0.0	0.0	0.0	0.0	0.0	0.0	0.0	0.0	0.0	3.5558635046235114e-06	0.0	0.0	0.0	0.0	0.0	0.0	0.0	0.0	0.0	0.00018230677257822026	0.0	0.0	0.0	0.0	0.0	0.0	0.0	0.0	0.0	0.0	0.0	0.0	0.0	0.0	0.0	0.0	0.0
1551504	Candidatus Babela	0.0	0.0	4.741938084288627e-06	0.0	0.0	0.0	0.0	4.823468209414267e-06	0.0	0.0	0.0	0.0	0.0	0.0	0.0	0.0	0.0	0.0	0.0	0.0	0.0	0.0	0.0	0.0	0.0	0.0	0.0	0.0	0.0	0.0	0.0	0.0	0.0	0.0	0.0	0.0	0.0	0.0	0.0	0.0	0.0	0.0	0.0	0.0	0.0	0.0	0.0	0.0	0.0	0.0	0.0	0.0	0.0	6.979328972415947e-06	0.0	0.0	0.0	0.0	0.0	0.0	0.0	0.0	0.0	0.0
1565532	Rouxiella	0.0	0.0	2.2580657544231557e-06	0.0	0.0	0.0	0.0	0.0	0.0	0.0	0.0	0.0	6.470442634207124e-06	0.0	0.0	0.0	0.0	0.0	0.0	0.0	0.0	0.0	0.0	0.0	0.0	0.0	0.0	0.0	0.0	0.0	0.0	0.0	0.0	0.0	0.0	0.0	0.0	0.0	0.0	0.0	0.0	0.0	0.0	0.0	0.0	0.0	0.0	0.0	0.0	0.0	0.0	0.0	0.0	0.0	0.0	0.0	0.0	0.0	0.0	0.0	0.0	0.0	0.0	0.0
1572860	Hartmannibacter	0.0	0.0	0.0	0.0	0.0	0.0	0.0	0.0	0.0	0.0	0.0	0.0	0.0	6.625698866293231e-07	0.0	0.0	0.0	0.0	0.0	0.0	0.0	0.0	0.0	0.0	0.0	0.0	0.0	0.0	0.0	0.0	0.0	0.0	0.0	0.0	0.0	0.0	0.0	0.0	0.0	0.0	0.0	0.0	0.0	0.0	0.0	0.0	0.0	0.0	0.0	0.0	0.0	0.0	0.0	0.0	0.0	0.0	0.0	0.0	0.0	0.0	0.0	0.0	0.0	0.0
1582879	Ezakiella	0.0	6.345571549767904e-05	0.00019712914036114148	0.00017492061566414113	0.0001431872494223135	0.0001572746609592277	0.0	0.0012196228690989333	1.747053049078651e-06	4.137970651564859e-05	3.9769646447843076e-05	0.0	2.8623483517424738e-05	3.9202051625568285e-06	2.3650508761594643e-05	0.000746080606351073	0.0002881193957015921	0.0	0.0	0.0	2.8574739114201928e-05	1.1415044121663554e-05	0.0	0.0	0.00028048917311791766	0.000247148372282573	0.0	0.0005804479769510933	1.4194363418286599e-05	0.00027651553556450644	0.0009765158832636257	0.0009821459889859342	0.0011394759237610148	0.00036966345537256794	0.0006472009988659664	0.0003050862638408401	0.00031300065182364575	0.0	0.0006020325937535121	7.890921166409664e-05	0.0011164977229322756	0.0007579804357007884	0.0	0.0	3.60153167997304e-05	1.6486233994614498e-05	0.0	0.0010281138545524956	0.0	6.664711684572525e-05	0.00016926794532061683	0.00013930041944048947	0.0004243575242025739	0.0003062180586647497	1.072321761098242e-05	0.011130796487444153	0.007895596520869482	0.0	0.00011119751962459717	0.0	2.9881856895177496e-05	0.0	7.571320225606012e-06	0.0
1612611	Pararhizobium	0.0	0.0	3.161292056192418e-06	0.0	0.0	0.0	0.0	0.0	0.0	0.0	0.0	0.0	0.0	1.2147114588204258e-06	0.0	0.0	0.0	0.0	0.0	0.0	0.0	0.0	0.0	0.0	0.0	0.0	0.0	0.0	0.0	0.0	0.0	0.0	0.0	0.0	0.0	0.0	0.0	0.0	0.0	0.0	0.0	0.0	0.0	0.0	0.0	0.0	0.0	0.0	0.0	0.0	0.0	0.0	0.0	0.0	0.0	0.0	0.0	0.0	0.0	0.0	0.0	0.0	0.0	0.0
1632780	Phreatobacter	0.0	0.0	0.0	0.0	0.0	0.0	0.0	0.00010504441878279958	0.0	0.0	0.0	0.0	0.0	4.914059992500813e-06	7.750335641468515e-06	0.0	0.0	0.0	0.0	0.0	0.0	0.0	0.0	0.0	0.0	0.0	0.0	0.0	0.0	0.0	0.0	0.0	0.0	0.0	3.357466274251275e-06	0.0	0.0	0.0	0.0	0.0	0.0	0.0	0.0	0.0	0.0	0.0	0.0	0.0	0.0	0.0	0.0	0.0	0.0	0.0	0.0	0.0	0.0	0.0	0.0	0.0	0.0	0.0	0.0	0.0
1637257	Mageeibacillus	0.0	6.345571549767904e-06	2.9354854807501023e-06	0.0	0.0	6.15556402971537e-06	0.0	2.0544401632690395e-05	0.0	2.5152370627158945e-06	0.0	0.0	0.0	0.0	0.0	0.0001284642103650854	4.6766027530957075e-06	0.0	0.0	0.0	0.0	1.7626171070215784e-06	0.0	0.0	0.0	0.0	0.0	4.255706560521239e-06	0.0	0.0	4.125293411493892e-06	0.0	3.8162743748624555e-06	0.0	0.0	0.0	1.9472585858652564e-06	0.0	1.5868080651846436e-05	0.0	0.0	2.524798025175122e-06	0.0	0.0	0.0	0.0	0.0	8.744589285379672e-06	0.0	0.0	0.0	0.0	0.0	0.0	0.0	0.0	1.140310810716641e-05	0.0	0.0	0.0	0.0	0.0	0.0	0.0
1647173	Acetobacteroides	0.0	0.0	0.0	0.0	4.772908314077117e-05	1.4773353671316887e-05	0.0	0.0	0.0	0.0	0.0	0.0	0.0	0.0	0.0	0.0	0.0	0.0	1.4910462671656702e-05	0.0	0.0	0.0	0.0	0.0	0.0	0.0	0.0	0.0	0.0	0.0	0.0	0.0	0.0	0.0	0.0	0.0	0.0	0.0	0.0	0.0	0.0	0.0	0.0	0.0	0.0	0.0	0.0	0.0	0.0	0.0	0.0	0.0	0.0	0.0	0.0	0.0	0.0	0.0	0.0	0.0	0.0	0.0	0.0	0.0
1648491	Aquihabitans	0.0	0.0	0.0	0.0	0.0	0.0	0.0	0.0	0.0	0.0	0.0	0.0	0.0	0.0	0.0	0.0	0.0	0.0	0.0	0.0	0.0	0.0	0.0	0.0	0.0	7.011301341349588e-06	0.0	0.0	0.0	0.0	0.0	0.0	0.0	0.0	0.0	0.0	1.6932683355350055e-06	0.0	0.0	0.0	0.0	0.0	0.0	0.0	0.0	0.0	5.44552697311567e-05	0.0	0.0	0.0	0.0	0.0	0.0	0.0	0.0	0.0	0.0	0.0	0.0	0.0	0.0	0.0	0.0	0.0
1648508	Ciceribacter	0.0	0.0	0.0	0.0	0.0	0.0	0.0	0.0	0.0	0.0	0.0	0.0	0.0	0.0	0.0	0.0	0.0	0.0	0.0	0.0	0.0	0.0	0.0	0.0	0.0	0.0	0.0	0.0	0.0	0.0	0.0	0.0	0.0	0.0	0.0	0.0	0.0	0.0	0.0	0.0	0.0	0.0	0.0	0.0	0.0	0.0	0.0001325867436932511	0.0	0.0	0.0	0.0	0.0	0.0	0.0	0.0	0.0	0.0	0.0	0.0	0.0	0.0	3.4658516138954655e-05	0.0	0.0
1649453	Gimesia	0.0	0.0	2.709678905307787e-06	0.0	0.0	0.0	0.0	0.0	0.0	0.0	0.0	0.0	0.0	0.0	0.0	0.0	0.0	0.0	0.0	0.0	0.0	0.0	0.0	0.0	0.0	0.0	0.0	0.0	0.0	0.0	0.0	0.0	0.0	0.0	0.0	0.0	0.0	0.0	0.0	0.0	0.0	0.0	0.0	0.0	0.0	0.0	0.0	0.0	0.0	0.0	0.0	0.0	0.0	0.0	0.0	0.0	0.0	0.0	0.0	0.0	0.0	0.0	0.0	0.0
1649454	Glaciihabitans	0.0	0.0	0.0	0.0	0.0	0.0	0.0	0.0	0.0	0.0	0.0	0.0	0.0	0.0	0.0	0.0	0.0	0.0	0.0	0.0	0.0	0.0	0.0	0.0	0.0	0.0	0.0	0.0	0.0	0.0	0.0	0.0	0.0	0.0	0.0	0.0	8.297014844121528e-06	0.0	0.0	0.0	0.0	0.0	0.0	0.0	0.0	0.0	0.0	0.0	0.0	0.0	0.0	0.0	0.0	0.0	0.0	0.0	0.0	0.0	0.0	0.0	0.0	0.0	0.0	0.0
1649457	Homoserinibacter	0.0	1.3104984722346759e-05	0.0	0.0	0.0	0.0	0.0	0.0	0.0	0.0	0.0	0.0	0.0	0.0	0.0	0.0	0.0	0.0	0.0	0.0	0.0	0.0	0.0	0.0	0.0	3.286547503757619e-06	0.0	0.0	0.0	0.0	0.0	0.0	0.0	0.0	0.0	0.0	0.00022181815195508573	0.0	0.0	0.0	0.0	0.0	0.0	0.0	0.0	0.0	0.0	0.0	0.0	0.0	0.0	0.0	0.0	0.0	0.0	0.0	0.0	0.0	0.0	0.0	0.0	0.0	0.0	0.0
1649459	Hungatella	0.0	0.00011987612340757192	0.0	0.0	0.0	2.4006699715889942e-05	0.0	8.825160353520917e-05	0.0	7.310414817764584e-05	0.0	0.0	0.0	0.0	2.157309920821133e-06	6.42321051825427e-05	5.89658607999024e-05	0.0	0.0	0.0	0.0	0.0	0.0	0.0	0.0	0.0	0.0	0.0	0.0	0.0	0.0	0.0	0.0	0.0	1.1059888903415966e-05	0.0	0.0	0.00039162786649841173	0.0010761660712756004	0.0	0.0	0.0	0.0	0.0	0.0	0.0	2.8411445077125237e-05	6.308596555881049e-05	0.0	0.0	0.0	0.0	0.0	2.6172483646559802e-05	2.086991814610557e-05	9.628716684640271e-05	4.856879378978286e-05	0.0	0.0	0.0	0.0	0.0	0.0	0.0
1649486	Rhizorhabdus	0.0	0.0	2.1677431242462295e-05	0.0	0.0002567495506882863	0.0	0.0	2.7332986520014176e-05	4.929185388471908e-06	0.0	0.0	0.0	0.0	0.0	5.513125353209562e-06	0.0006818485011685303	0.0	0.0	0.0	0.0	0.0	0.0	0.00023504291657109198	0.0	0.0	0.0	0.0	8.359423601023862e-06	0.0	0.0	0.0	0.0023501350450734855	1.0812777395443623e-05	0.0010260046924626376	9.282406758224113e-06	0.0	4.4532957224570645e-05	0.0	2.553209969545216e-05	0.0	0.0015866020273248127	6.672680495105679e-06	0.0	0.0	0.0	0.0	0.0	0.0	0.0	0.0	0.0004144146247504757	0.0005156424366029169	3.586119922838653e-05	0.0	0.0	0.0003225620089354491	0.0	0.0	0.0	0.0	0.0	0.0	0.0	0.0
1649510	Variibacter	0.0	0.0	0.0	0.0	0.0	0.0	0.0	0.0	0.0	0.0	0.0	0.0	0.0	1.269925616039536e-06	1.1985055115672961e-06	0.0	0.0	0.0	0.0	0.0	0.0	0.0	0.0	0.0	0.0	0.0	0.0	0.0	0.0	0.0	0.0	0.0	0.0	0.0	0.0	0.0	0.0	0.0	0.0	0.0	0.0	0.0	0.0	0.0	0.0	0.0	0.0	0.0	0.0	0.0	0.0	0.0	0.0	0.0	0.0	0.0	0.0	0.0	0.0	0.0	0.0	0.0	0.0	0.0
1653174	Actinotignum	0.0	3.8625218129022025e-06	1.3322587951096618e-05	2.2570402021179502e-05	0.0	4.6166730222865275e-06	0.0	6.431290945885689e-06	0.0	1.6227335888489642e-06	2.9099741303299812e-05	0.0	0.0	0.0	0.0	0.0	5.286594416542974e-06	0.0	0.0	0.0	0.0	0.0	0.0	0.0	0.0	3.505650670674794e-06	0.0	2.6294186963220512e-05	0.0	0.000156692136819887	2.268911376321641e-05	0.0	1.7491257551452918e-05	0.0	2.3304765903626497e-05	0.0	1.3884800351387045e-05	0.0	5.774549650747124e-05	0.0	0.0	3.1559975314689024e-05	0.0	0.0	0.0	0.0	0.0	0.0	0.0	0.0	0.0	1.0005002501250626e-05	3.436698259387043e-05	3.3151812618975746e-05	0.0	7.702973347712218e-05	0.00018751777776229207	0.0	2.11804799284947e-05	0.0	0.0	0.0	0.0	0.0
1653176	Cereibacter	0.0	0.0	0.0	0.0	0.0	0.0	0.0	0.0	0.0	0.0	0.0	0.0	0.0	1.1042831443822052e-06	0.0	0.0	0.0	0.0	0.0	0.0	0.0	0.0	0.0	0.0	0.0	0.0	0.0	0.0	0.0	0.0	0.0	0.0	0.0	0.0	0.0	0.0	0.0	0.0	0.0	0.0	0.0	0.0	0.0	0.0	0.0	0.0	0.0	0.00010493507142455606	0.0	0.0	0.0	0.0	0.00015390431335515886	0.0	0.0	0.0	0.0	0.0	0.0	0.0	0.0	0.0	0.0	0.0
1654787	Thiopseudomonas	0.0	0.0	0.0	0.0	0.0	0.0	0.0	1.7864697071904692e-06	0.0	0.0	0.0	5.545195045837436e-06	0.0	0.0	0.0	0.0	0.0	0.0	0.0	0.0	0.0	0.0	0.0	0.0	0.0	0.0	0.0	0.0	0.0	0.0	0.0	0.0	0.0	0.0	0.0	0.0	0.0	0.0	0.0	0.0	0.0	0.0	0.0	0.0	0.0	0.0	0.0	0.0	0.0	0.0	0.0	0.0	0.0	0.0	0.0	0.0	0.0	0.0	0.0	0.0	0.0	0.0	0.0	0.0
1658781	Aliiroseovarius	0.0	0.0	4.06451835796168e-06	0.0	0.0	0.0	0.0	0.0	0.0	0.0	0.0	0.0	0.0	0.0	0.0	0.0	0.0	0.0	0.0	0.0	0.0	0.0	0.0	0.0	0.0	0.0	0.0	0.0	0.0	0.0	0.0	0.0	0.0	0.0	0.0	0.0	0.0	0.0	0.0	0.0	0.0	0.0	0.0	0.0	0.0	0.0	0.0	0.0	0.0	0.0	0.0	0.0	0.0	0.0	0.0	0.0	0.0	0.0	0.0	0.0	0.0	0.0	0.0	0.0
1663717	Herbinix	0.0	0.0	0.0	0.0	0.0	0.0	0.0	0.0	0.0	0.0	0.0	0.0	0.0	0.0	0.0	0.0	0.0	0.0	0.0	0.0	0.0	0.0	0.0	0.0	0.0	0.0	0.0	0.0	0.0	0.0	0.0	0.0	0.0	0.0	0.0	0.0	0.0	0.0	3.221339681201908e-06	0.0	0.0	0.0	0.0	0.0	0.0	0.0	0.0	0.0	0.0	0.0	0.0	0.0	0.0	0.0	0.0	0.0	0.0	0.0	0.0	0.0	0.0	0.0	0.0	0.0
1686313	Fenollaria	0.0	0.00044405206127614964	0.00010680651018421526	0.0	6.418738767207157e-05	0.00010710681411704743	0.0	0.00029566073654002266	0.0	5.760704240413823e-06	3.782966369428976e-05	0.0	9.650829691698762e-06	0.0	2.0134892594330575e-05	0.0	7.035237185091804e-05	0.0	0.0	0.0	1.413036549603392e-05	6.546863540365863e-06	0.0	0.0	0.0	3.264637187065902e-05	0.0	0.0003860533808472838	0.0	0.0	0.0002864132282837188	0.0	0.0004449139875360479	0.00022632456451381712	0.0002494399943752565	4.4783304783976535e-05	4.724218656142665e-05	0.00045689917758148037	0.0010384644661178299	6.246979256740984e-05	0.0006170118995152049	0.0002681696188168147	0.0	0.0	4.759166862821517e-05	5.6524230838678274e-05	0.0	0.00032604825764058487	0.0	2.700962103747813e-05	0.0001167365140142185	5.772116827644592e-05	0.0009548044294557913	0.0001709935598241907	1.0838521026154274e-05	0.00046699275920505316	0.00047555184180256955	0.0	2.82406399046596e-05	0.0006370328425821065	0.00010123241315509111	0.0	0.0	0.0
1706033	Sediminicoccus	0.0	0.0	0.0	0.0	0.0	0.0	0.0	0.0	1.1855002833033703e-06	0.0	0.0	0.0	0.0	0.0	0.0	0.0	0.0	0.0	0.0	0.0	0.0	0.0	0.0	0.0	0.0	0.0	0.0	0.0	0.0	0.0	0.0	0.0	0.0	0.0	0.0	0.0	6.603746508586522e-06	0.0	0.0	0.0	0.0	0.0	0.0	0.0	0.0	0.0	0.0	0.0	0.0	0.0	0.0	0.0	0.0	0.0	0.0	0.0	0.0	0.0	0.0	0.0	0.0	0.0	0.0	0.0
1706036	Gemmatirosa	0.0	0.0	2.2580657544231557e-06	0.0	0.0	0.0	0.0	0.0	6.863422692808986e-07	0.0	0.0	0.0	0.0	0.0	7.990036743781973e-07	0.0	0.0	0.0	0.0	0.0	0.0	0.0	0.0	0.0	0.0	0.0	0.0	0.0	0.0	0.0	0.0	0.0	0.0	0.0	0.0	0.0	1.4392780852047547e-06	0.0	0.0	0.0	0.0	0.0	0.0	0.0	0.0	0.0	5.919051057734424e-05	0.0	0.0	0.0	0.0	0.0	0.0	0.0	0.0	0.0	0.0	0.0	0.0	0.0	0.0	0.0	0.0	0.0
1729679	Faecalibaculum	0.0	1.517419283640151e-06	0.0	0.0	0.0	0.0	0.0	0.0	0.0	9.736401533093785e-07	0.0	0.0	0.0	0.0	0.0	0.0	0.0	0.0	0.0	0.0	0.0	0.0	0.0	0.0	0.0	0.0	0.0	0.0	0.0	0.0	0.0	0.0	0.0	0.0	0.0	0.0	0.0	0.0	3.102030804120356e-06	0.0	0.0	0.0	0.0	0.0	0.0	0.0	0.0	0.0	0.0	0.0	0.0	0.0	0.0	0.0	0.0	0.0	0.0	0.0	0.0	0.0	0.0	0.0	0.0	0.0
1734920	Pseudorhodoplanes	0.0	0.0	2.483872329865471e-06	0.0	0.0	0.0	0.0	0.0	0.0	0.0	0.0	0.0	0.0	0.0	0.0	0.0	0.0	0.0	0.0	0.0	0.0	0.0	0.0	0.0	0.0	0.0	0.0	0.0	0.0	0.0	0.0	0.0	0.0	0.0	0.0	0.0	0.0	0.0	0.0	0.0	0.0	0.0	0.0	0.0	0.0	0.0	0.0	0.0	0.0	0.0	0.0	0.0	0.0	0.0	0.0	0.0	0.0	0.0	0.0	0.0	0.0	0.0	0.0	0.0
1738645	Caproiciproducens	0.0	8.552726871426305e-06	0.0	0.0	0.0	0.0	0.0	0.0	0.0	5.111610804874237e-06	0.0	0.0	0.0	0.0	0.0	0.0	1.1996502714462902e-05	0.0	0.0	0.0	0.0	0.0	0.0	0.0	0.0	0.0	0.0	0.0	0.0	0.0	0.0	0.0	0.0	0.0	0.0	0.0	0.0	0.0	2.445831980171819e-05	0.0	0.0	0.0	0.0	0.0	0.0	0.0	0.0	0.0	0.0	0.0	0.0	0.0	0.0	0.0	0.0	0.0	0.0	0.0	0.0	0.0	0.0	0.0	0.0	0.0
1742989	Glutamicibacter	0.0	3.172785774883952e-06	0.0	0.00013542241212707702	0.0	0.0	0.0	0.0	7.487370210337075e-07	0.0	0.0	0.0	0.0	0.0	0.0	0.0	2.2163030438584007e-05	0.0	0.0	0.0	0.0	0.0	0.0	0.0	0.0	4.951731572328146e-05	0.0	0.0	1.5208246519592784e-05	0.00021199524393278828	0.0	0.0	0.0	0.008298567365506628	0.0	0.0	0.0	0.0	0.0	0.0	0.0	0.0	0.0	0.0	0.0	0.0	0.00012785150284706356	0.00011992579591377835	0.0025131240924829664	0.0	0.0	0.0	0.0	0.0	0.0	6.258665845016176e-05	0.0	0.0	0.0	0.0	0.0	0.0	0.0	0.0
1742990	Paeniglutamicibacter	0.0	0.0	0.0	0.0	0.0	0.0	0.0	0.0	0.0	0.0	0.0	0.0	0.0	0.0	0.0	0.0	0.0	0.0	0.0	0.0	0.0	0.0	0.0	0.0	0.0	4.0972292213511655e-05	0.0	0.0	0.0	0.0	0.0	0.0	0.0	0.0	2.1724781774567073e-06	0.0	0.0	0.0	0.0	0.0	0.0	0.0	0.0	0.0002448779691453759	0.0	0.0	0.0	0.0	0.00045794705685245167	0.0	0.0	0.0	0.0	0.0	0.0	0.0	0.0	0.0	0.0	0.0	0.0	0.0	0.0	0.0
1742991	Pseudoglutamicibacter	0.0	0.00012801500865618727	7.451616989596413e-06	0.0	9.874982718780243e-05	0.0	0.0	4.644821238695219e-06	1.3726845385617972e-06	0.0	0.0	0.0	0.0	0.0	1.6779077161942144e-06	0.0	6.303247188955084e-06	0.0	0.0	0.0	0.0	1.8549446697703276e-05	0.0	0.0	0.0	1.4899015350367874e-05	0.0	0.0	0.0	0.0	0.0	0.0	0.0	0.0	0.0001658983335512395	0.0	6.09576600792602e-06	0.0	0.0	0.0	0.0	2.705140741259059e-06	0.0	0.0004897559382907518	7.717567885656515e-06	0.0	0.0	3.247990305998164e-05	0.0	5.96316308619647e-06	0.0013774908653677784	0.0	0.0	3.0098356193543772e-05	7.033508325483093e-06	0.0	1.6682324823447156e-05	0.0	1.3061295955905064e-05	0.0	0.0	0.0	0.0	6.722036328871893e-05
1742993	Pseudarthrobacter	0.0	0.0	0.0	0.0	0.0	0.0	0.0	0.0	0.0	0.0	0.0	0.0	0.0	0.0	0.0	0.0	0.0	0.0	0.0	0.0	0.0	0.0	0.0	0.0	0.0	5.4337585395459305e-05	0.0	0.0	0.0	0.0	0.0	0.0	0.0	0.0	2.3699761935891352e-06	0.0	6.942400175693523e-06	0.0	0.0	0.0	0.0	0.0	0.0	0.0	0.0	0.00018370375022570438	0.0	0.0	0.0	0.0	0.0	0.0	0.0	0.0	0.0	0.0	0.0	0.0	0.0	0.0	0.0	0.0	0.0	0.0
1759331	Cnuibacter	0.0	0.0	0.0	0.014131187640447853	0.0	6.463342231201138e-06	0.0	4.823468209414267e-06	0.0	1.6876429324029228e-05	0.0	0.0	1.601160380668204e-05	0.0	9.10864188791145e-06	0.0	8.153555234745125e-05	0.0	0.0	0.0	0.0	0.0	0.0	0.0	0.0	0.0002946937595035999	0.0	0.0	0.0	0.0	0.0	0.0	6.360457291437425e-06	0.0	0.0	0.0	0.0001409645889332892	0.0	0.0	0.0	0.0	0.0	0.02141337597419088	0.0	0.0	9.106681635120389e-05	0.0	0.0	0.0	0.0	0.0	0.0	0.0	0.0	0.0	0.0	0.0	0.0	0.0	0.0	0.0	0.0	0.0	0.0
1763521	Paludisphaera	0.0	0.0	0.0	0.0	3.456243951573085e-05	6.15556402971537e-06	0.0	0.0	0.0	0.0	0.0	0.0	0.0	0.0	0.0	0.0	0.0	0.0	0.0	0.0	0.0	0.0	0.0	0.0	0.0	0.0	0.0	0.0	0.0	0.0	0.0	0.0	0.0	0.0	0.0	0.0	0.0	0.0	0.0	0.0	0.0	0.0	0.0	0.0	0.0	0.0	0.0	0.0	0.0	0.0	0.0	0.0	0.0	0.0	0.0	0.0	0.0	0.0	0.0	0.0	0.0	0.0	0.0	0.0
1766253	Agathobacter	0.0	0.0012202809984618887	6.029035564309826e-05	1.4106501263237188e-05	0.0012755186011757813	0.007885585300266874	0.00046225752880549233	0.0018479242651178213	1.7720109497797747e-05	0.002161724550385148	0.00013094883586484916	1.1090390091674871e-05	1.7546963075815932e-05	3.8649910053377185e-06	2.101379663614659e-05	0.005138568414603416	0.00497061873487729	0.0	0.0	0.00012371440118106016	0.0001337674600291211	2.5348112681929365e-05	0.0002378747589394184	0.0004435107376283847	0.0	3.5275609873665116e-05	0.0	3.328570488407683e-05	2.2305428228736082e-05	0.0	0.00023690970734579212	0.0	3.689065229033707e-05	0.00018860380376151426	0.00015720842084141265	0.0	2.9547532455085844e-05	0.005374004612505983	0.018735311585870298	5.260614110939776e-05	0.0	4.238053827972526e-05	0.0	0.000746294763109717	5.2736713885319516e-05	0.0008054702894511654	0.01047672037218993	0.005405405405405406	0.0001452027253434603	4.665298179200768e-05	0.0008405029009023732	0.00026782622080270905	0.0008771051644609538	0.000927814545270545	0.0004914231554624417	0.005497997226929595	0.002468139399195574	0.0	0.0004430250385043475	0.0010414981394596345	0.0024332369186073105	0.0	0.0	0.0002589228808158062
1769710	Sellimonas	0.0	1.2277301476724857e-05	0.0	0.0	0.0	4.6166730222865275e-06	0.0	1.6614168276871364e-05	0.0	1.225163859580968e-05	0.0	0.0	0.0	0.0	0.0	0.0	3.619283869787113e-05	0.0	0.0	0.0	0.0	0.0	0.0	0.0	0.0	0.0	0.0	0.0	0.0	0.0	0.0	0.0	0.0	0.0	1.066489287115111e-05	0.0	0.0	0.0	0.0007084561121102567	0.0	0.0	0.0	0.0	0.0	0.0	0.0	0.0004143335740414097	2.9356835458060326e-05	0.0	0.0	0.0	4.4637703467118175e-05	0.0	1.0032785397847923e-05	4.2662263613585975e-06	0.00012998767524264365	2.7663095593311105e-05	0.0	0.0	0.0	0.0	0.0	0.0	0.0
1775688	Jiella	0.0	0.0	0.0	0.0	0.0	0.0	0.0	0.0	0.0	0.0	0.0	0.0	0.0	0.0	8.789040418160172e-07	0.0	0.0	0.0	0.0	0.0	0.0	0.0	0.0	0.0	0.0	0.0	0.0	0.0	0.0	0.0	0.0	0.0	0.0	0.0	0.0	0.0	0.0	0.0	0.0	0.0	0.0	0.0	0.0	0.0	0.0	0.0	0.0	0.0	0.0	0.0	0.0	0.0	0.0	0.0	0.0	0.0	0.0	0.0	0.0	0.0	0.0	0.0	0.0	0.0
1775705	Frigidibacter	0.0	0.0	0.0	0.0	0.0	0.0	0.0	0.0	0.0	0.0	0.0	0.0	0.0	0.0	0.0	0.0	0.0	0.0	0.0	0.0	0.0	0.0	0.0	0.0	0.0	0.0	0.0	0.0	0.0	0.0	0.0	0.0	0.0	0.0	0.0	0.0	0.0	0.0	0.0	0.0	0.0	0.0	0.0	0.0	0.0	0.0	0.0	0.0001686456505037508	0.0	0.0	0.0	0.0	0.00015838696325870717	0.0	0.0	0.0	0.0	0.0	0.0	0.0	0.0	0.0	0.0	0.0
1804663	Haematospirillum	0.0	0.0	0.0	0.0	0.0	0.0	0.0	0.0	0.0	0.0	0.0	0.0	0.0	8.834265155057641e-07	1.1186051441294764e-06	0.0	0.0	0.0	0.0	0.0	0.0	0.0	0.0	0.0	0.0	0.0	0.0	0.0	0.0	0.0	0.0	0.0	0.0	0.0	0.0	0.0	0.0	0.0	0.0	0.0	0.0	0.0	0.0	0.0	0.0	0.0	0.0	0.0	0.0	0.0	0.0	0.0	0.0	0.0	0.0	0.0	0.0	0.0	0.0	0.0	0.0	0.0	0.0	0.0
1822464	Paraburkholderia	0.00018740782386923822	0.0	1.5129040554635142e-05	0.0009007001056576944	0.0	1.3850019066859582e-05	0.0	2.554651681282371e-05	0.0	1.3874372184658645e-05	0.0	0.0	0.0	4.582775049186152e-06	1.0067446297165288e-05	0.0	1.7486427685488297e-05	0.0	0.0	0.0	0.0	1.5947488111147614e-06	0.0	0.0	0.00043008339878080704	0.000229620118929199	0.0	0.0	0.0	0.0	0.0	0.0	0.0	0.0	3.752462306516131e-06	0.0	0.0	0.0	0.0	4.9318257290060396e-05	0.0	0.0	0.00020290990672525107	0.0	3.9874100742558655e-05	0.0	0.0	0.0	0.0	0.0	0.0	0.0	0.0	0.0	0.0	0.0	0.0	0.0	5.64812798093192e-06	0.0	0.0	0.0	1.933103036324939e-06	0.0
1826864	Candidatus Nitrosocosmicus	0.0	0.0	0.0	0.0	0.0	0.0	0.0	0.0	0.0	0.0	0.0	0.0	0.0	0.0	0.0	0.0	0.0	0.0	0.0	0.0	0.0	0.0	0.0	0.0	0.0	0.0	0.0	0.0	0.0	0.00014747495230107012	0.0	0.0	0.0	0.0	0.0	0.0	0.0	0.0	0.0	0.0	0.0	0.0	0.0	0.0	0.0	0.0	0.0	0.0	0.0	0.0	0.0	0.0	0.0	0.0	0.0	0.0	0.0	0.0	0.0	0.0	0.0	0.0	0.0	0.0
1838142	Cutaneotrichosporon	0.0	0.0	0.0	1.6222476452722766e-05	0.02483558153773231	0.0012812806527852543	0.0015066171309216045	2.1794930427723723e-05	1.1855002833033703e-06	0.0	0.0	4.4361560366699485e-05	0.0	0.0	0.0	0.0	0.0	0.0016863194191007135	0.001338214024781189	0.0	0.0	0.0	0.0	0.0	0.0	0.0	0.0	2.751010312336944e-05	0.0	0.0	0.0	0.0	6.392259577894612e-05	0.0	1.441735517766724e-05	0.0	0.0	0.0	0.0	0.0	0.0	7.754736791609302e-06	6.763663557508368e-05	0.0	0.0	0.0	0.0	0.0	0.0	0.0	0.0	0.0	0.0	0.0	0.0	0.0	0.0	0.0	0.0	0.0	0.0	0.0	0.0	0.0
1843210	Anaerocolumna	0.0	0.0	0.0	0.0	0.0	0.0	0.0	0.0	0.0	2.677510421600791e-06	0.0	0.0	0.0	0.0	0.0	0.0	3.6599499806835974e-06	0.0	0.0	0.0	0.0	0.0	0.0	0.0	0.0	0.0	0.0	0.0	0.0	0.0	0.0	0.0	0.0	0.0	0.0	0.0	0.0	0.0	5.9773747417857625e-05	0.0	0.0	0.0	0.0	0.0	0.0	0.0	0.0	0.0	0.0	0.0	0.0	0.0	0.0	0.0	0.0	0.0	0.0	0.0	0.0	0.0	0.0	0.0	0.0	0.0
1847725	Lawsonella	0.0004725936428006877	7.890580274928785e-05	0.0002596775617586629	0.0015778121662930794	9.216650537528226e-05	0.0002874648401877078	0.00018832714136520057	0.0002193784800429896	3.1197375876404484e-06	0.00020673625921935804	0.00012318890485063587	1.2370050486868125e-05	2.818480944052934e-05	0.0	3.100134256587406e-05	0.0001581097973724128	8.641548565502938e-05	0.0	4.5973926570941496e-05	0.0001732001616534842	0.00015951612604411626	2.6858927345090716e-06	0.0	0.0	0.0002617898949100565	0.0003512223765682309	0.0008637772470911031	0.0014388847860162346	5.779133677445258e-05	0.0005345967020913792	0.0006980585779877879	0.0007366094917394507	0.0008837855406452302	0.0012523292569764546	0.0005077673994764723	0.00022951443701787973	0.00017364466780911482	0.00041338497019276796	3.555404537030254e-05	0.00010521228221879551	0.0009402086087850742	0.000911452087088219	2.488517723988928e-05	0.00013993026808307193	0.00021802129276979652	0.00011226340291570824	0.0002178210789246268	0.0003441620497317285	6.143192226069474e-05	0.00013750352528170683	0.000157594293919195	0.0003216993111940586	0.0006260767698622482	0.0005496221565777558	8.99366638340461e-06	0.00011073024187336311	4.540126376001441e-05	0.0002112284602556976	0.0004211385425782363	0.0	6.830138718897714e-05	4.765545969106265e-05	3.028528090242405e-05	3.983428935627788e-05
1849822	Paraclostridium	0.0	2.7589441520730016e-06	0.0	0.0	8.229152265650202e-05	1.015668064903036e-05	0.0011299628481912035	1.2326640979614236e-05	8.610475741887637e-06	5.841840919856271e-06	0.0	5.1186415807730176e-06	0.0	0.0	0.0	0.0001778735220439644	4.87993330757813e-06	0.0	0.0	0.0	3.454089343474958e-06	6.378995244459046e-06	0.0	0.0	0.0	0.0	0.0	0.0	0.0	0.0	0.0	0.0	0.0	0.0	2.567474209721563e-06	0.0	0.0	0.0	0.0	0.0	0.0	0.0	1.2761629353789375e-05	0.0	0.0	0.0	6.1558131000438e-05	2.1236859693064917e-05	0.0	0.0	0.0	2.4627698464616924e-05	2.2413249517741582e-05	0.0	0.0	0.0013817208442458788	2.153920420242544e-05	0.0	0.0	0.0	0.0	0.0	0.0	0.0
1851468	Vanrija	0.0	0.0	0.0	0.00014811826326399048	0.023765791743197782	0.0014037763769765902	0.0019175127120820421	3.412157140733796e-05	0.0	0.0	0.0	5.758471778369644e-05	4.386740768953983e-06	0.0	0.0	0.0	0.0	0.0026474585656217357	0.0019321474545355142	0.0	0.0	0.0	0.0	0.0	0.0	0.0	0.0	2.6142197443201896e-05	0.0	0.0	0.0	0.0	8.109583046582718e-05	0.0	1.5997339306726663e-05	0.0	1.185287834874504e-06	0.0	0.0	0.0	0.0	1.5509473583218604e-05	0.0003713634141952708	0.0	0.0	0.0	0.0	0.0	0.0	0.0	0.0	0.0	0.0	0.0	0.0	0.0	0.0	0.0	0.0	0.0	0.0	0.0	0.0	0.0
1855416	Qipengyuania	0.0	0.00014884503700433844	0.0	0.0	0.0	0.0	0.0	0.0	0.0	0.0	0.0	0.0	0.0	0.0	0.0	0.0	0.0	0.0	0.0	0.0	0.0	0.0	0.0	0.0	0.0	0.0	0.0	0.0	0.0	0.0	0.0	0.0	0.0	0.0	0.0	0.0	1.3715473517833544e-05	0.0	0.0	0.0	0.0	0.0	0.0	0.0008395816084984316	0.0	0.0	0.0	0.0	0.0	0.0	0.0	0.0	0.0	0.0	0.0	0.0	0.0	0.0	0.0	0.0	0.0	0.0	0.0	0.0
1866885	Mycolicibacterium	0.003462970658453315	4.635026175482643e-05	0.00013119362033198534	0.010165144810288717	0.00011520813171910283	9.848902447544591e-06	0.0	4.734144724054743e-05	3.806079856921347e-06	0.0	0.0	0.0	5.04475188429708e-06	0.0	0.0	0.0004743293921172384	0.0	0.0	0.000631209586433467	7.422864070863608e-05	0.0	3.609168361996565e-06	0.0005465455770869971	0.0	0.0	5.1489244225536036e-05	0.0	2.8726019283518364e-05	0.0	0.0002580811665268727	4.44942360811127e-05	0.0	2.798601208232467e-05	0.00043001667257625253	4.581953974272328e-05	0.0	5.1560020817040916e-05	0.0003698707628040555	0.0	0.0001150759336768076	0.0	4.580704988532007e-05	0.012280515927151516	0.0026236925265575987	4.95210605996293e-05	0.0	0.0	0.0	0.0	0.0	0.0005311511387646942	0.00015854080886597145	0.0	0.0	0.0	0.0	0.0	0.0	1.3061295955905064e-05	0.0	0.0	0.0	9.06947507875784e-05	0.0
1868332	Neomicrococcus	0.0	0.0	0.0	0.0	0.0	0.0	0.0	0.0	0.0	0.0	0.0	0.0	0.0	0.0	0.0	0.0	3.6599499806835974e-06	0.0	0.0	0.0	0.0	0.0	0.0	0.0	0.0	0.0	0.0	0.0	0.0	0.0	0.0	0.0	0.0	0.0	0.0	0.0	0.0	0.0	0.0	0.0	0.0	0.0	0.0	0.0	0.0	0.0	0.0	0.0	0.0	0.0	0.0	0.0	0.0	0.0	0.0	0.0	0.0	0.0	0.0	0.0	0.0	0.0	0.0	0.0
1870884	Clostridioides	0.0	0.0002379589331162964	1.219355507388504e-05	0.0	0.00011685396217223287	0.00010956903972893358	0.0003937749319454194	0.0001191575294696043	4.929185388471908e-06	0.00014564033959919454	0.0	5.545195045837436e-06	4.386740768953983e-06	0.0	1.1186051441294764e-06	0.0005533842908034448	0.0002791728513043655	0.0	0.0	0.0	6.59417056481583e-06	5.623587912878369e-06	0.0	0.0	0.0	1.2488880514278953e-05	0.0	1.0335287361265866e-05	0.0	0.0	1.1491888789161557e-05	0.0	1.8445326145168534e-05	0.0	2.508224804881835e-05	0.0	4.402497672391014e-06	0.0003481136591096993	0.0014709591455384565	0.0	0.0	1.3706046422379233e-05	0.0	0.0	0.0	1.0205763901428023e-05	5.208764930806293e-05	0.00024734695407216785	0.0	7.366260282948581e-06	0.0	1.9240389425481972e-05	4.034384913193485e-05	2.0937986917247842e-05	7.679207450445475e-05	0.0007847404097981821	0.0001281793818712965	0.0	1.2355279958288574e-05	0.0	1.5245845354682396e-05	0.0	0.0	3.236536010197578e-05
1903434	Atlantibacter	0.0	3.8625218129022025e-06	3.612905207077049e-06	0.0	0.0	0.0	0.0	0.0	0.0	0.0	0.0	0.0	0.0	0.0	0.0	0.0	0.0	0.0	0.0	0.0	0.0	0.0	0.0	0.0	0.0	0.0	0.0	1.975863760242004e-06	0.0	0.0	8.839914453201199e-06	0.0	0.0	0.0	0.0	0.0	7.365717259577274e-06	0.0	0.0	0.0	0.0	7.754736791609302e-06	0.0	0.0	7.717567885656515e-06	0.0	0.0	0.0	0.0	0.0	0.0	0.0	0.0	0.0	0.0	0.0	0.0	0.0	0.0	0.0	0.0	0.0	0.0	0.0
1903858	Pseudorhizobium	0.0	0.0	0.0	0.0	0.0	0.0	0.0	0.0	0.0	0.0	0.0	0.0	0.0	0.0	0.0	0.0	0.0	0.0	0.0	0.0	0.0	0.0	0.0	0.0	0.0	0.0	0.0	0.0	0.0	0.0	0.0	0.0	0.0	0.0	0.0	0.0	0.0	0.0	0.0	0.0	0.0	0.0	0.0	0.0	0.0	0.0	0.01550081090999491	0.0	0.0	0.0	0.0	0.0	0.0	0.0	0.0	0.0	0.0	0.0	0.0	0.0	0.0	0.0	0.0	0.0
1904377	Acuticoccus	0.0	0.0	0.0	0.0	0.0	0.0	0.0	0.0	0.0	0.0	0.0	0.0	0.0	2.6502795465172923e-06	4.154819106766626e-06	0.0	0.0	0.0	6.08843892425982e-05	0.0	0.0	0.0	0.0	0.0	0.0	0.0	0.0	0.0	0.0	0.0	0.0	0.0	0.0	0.0	0.0	0.0	0.0	0.0	0.0	0.0	0.0	0.0	0.0	0.0	0.0	0.0	0.0	0.0	0.0	0.0	0.0	0.0	0.0	0.0	0.0	0.0	0.0	0.0	0.0	0.0	0.0	0.0	0.0	0.0
1905344	Ruthenibacterium	0.0	0.00011311671023499307	6.774197263269467e-06	0.0	0.0	0.0001298824010269943	0.0	0.0002477833483873181	2.4957900701123586e-06	0.0005330679839368848	0.0	0.0	1.6340609364353586e-05	0.0	1.6779077161942144e-06	0.00041009728693469573	0.0011475976494987902	0.0	0.0	0.0	0.0	1.3429463672545358e-06	0.0	0.0	0.0	0.0	0.0	2.887800880353698e-06	0.0	0.0	7.661259192774372e-06	0.0	0.0	0.0	2.310726788749407e-05	0.0	1.3546146684280044e-06	0.0	0.0010691268475277887	0.0	0.0	4.869253334266306e-06	0.0	0.0	0.0	0.0	0.00015863056834728256	0.0009275510777706294	0.0	0.0	0.0	8.080963558702429e-05	0.0	4.580184638147965e-05	3.193904600260355e-05	0.00035626251733169006	0.0004747071671279646	0.0	8.825199970206124e-06	0.0	1.7075346797244284e-05	0.0	0.0	0.0
1906945	Parageobacillus	0.0	0.0	0.0	0.0	0.0	0.0	0.0	0.0	0.0	3.0020571393705838e-06	0.0	0.0	0.0	0.0	0.0	0.0	0.0	0.0	0.0	0.0	0.0	0.0	0.0	0.0	0.0	0.0	0.0	0.0	0.0	0.0	0.0	0.0	1.6537188957737306e-05	0.0	2.0737291693904936e-05	0.0	0.0	0.0	0.0	0.0	0.0	0.0	0.0	0.0	0.0	0.0	0.0	0.0	0.0	0.0	0.0	0.0	0.0	6.979328972415947e-06	0.0	0.0	0.0	0.0	0.0	0.000717925901957612	0.0	0.0	0.0	0.0
1911549	Raineyella	0.0	0.0	0.0	0.0	0.0	0.0	0.0	0.0	0.0	0.0	0.0	0.0	0.0	0.0	0.0	0.0	0.0	0.0	0.0	0.0	0.0	0.0	0.0	0.0	0.0	0.0	0.0	0.0	0.0	0.0	0.0	0.0	0.0	0.0	0.0	0.0	1.3546146684280044e-06	0.0	0.0	0.0	0.0	0.0	0.0	0.0	0.0	0.0	0.0	0.0	0.0	0.0	0.0	0.0	0.0	0.0	0.0	0.0	0.0	0.0	0.0	0.0	0.0	0.0	0.0	0.0
1911577	Oryzomicrobium	0.0	0.0	0.0	0.0	0.0	0.0	0.0	0.0	0.0	0.0	0.0	1.0237283161546035e-05	0.0	0.0	0.0	0.0	0.0	0.0	0.0	0.0	0.0	0.0	0.0	0.0	0.0	0.0	0.0	0.0	0.0	0.0	0.0	0.0	0.0	0.0	0.0	0.0	0.0	0.0	0.0	0.0	0.0	0.0	0.0	0.0	0.0	0.0	0.0	0.0	0.0	0.0	0.0	0.0	0.0	0.0	0.0	0.0	0.0	0.0	0.0	0.0	0.0	0.0	0.0	0.0
1912215	Acidipropionibacterium	0.0	4.690205058524102e-06	1.5580653705519776e-05	0.0	0.0	9.233346044573055e-06	0.0	0.0	0.0	1.2170501916367232e-06	0.0	0.0	3.7287296536108855e-06	0.0	1.2784058790051158e-06	0.0	1.4843130477216811e-05	0.0	0.0	0.0	0.0	2.6858927345090716e-06	9.911448289142433e-05	0.0	0.0	7.449507675183937e-06	0.0	9.727329281191403e-06	0.0	0.0	1.0018569713628024e-05	0.0	8.904640208012395e-06	0.0	1.2047378984078105e-05	7.55718268229604e-05	0.0019216902339986776	0.0	1.7896331562232823e-06	0.0	0.0	8.476107655945051e-06	0.0	0.0	0.0	2.1196586564504354e-05	0.0	0.0	0.0	6.313937385384498e-06	0.0	2.4627698464616924e-05	2.3907466152257687e-05	2.0937986917247842e-05	2.3060683034370793e-06	0.0	6.5462287281881245e-06	0.0	0.0	0.0	0.0	0.0	5.154941430199838e-06	0.0
1912216	Cutibacterium	0.2405827568505708	0.5238903871488382	0.5367397459540543	0.21069964014315276	0.08040869261812125	0.300739314017789	0.12528891095550343	0.07329545779358129	0.0016987595112219768	0.08953448803810049	0.23869547799720062	0.023712107122931002	0.08251656789737044	0.0014079610090873117	0.018306852087720697	0.20975735087034503	0.25408816412842355	0.0009579930282018046	0.023414396548724906	0.835653665657707	0.23441711143300434	0.9173965440282449	0.5583118821273932	0.09750233426704015	0.5462994128426643	0.1796532035074035	0.4805142015141507	0.48196971122447163	0.07951682386924153	0.2581364696339856	0.35077988671944293	0.34220772387667053	0.4173557162065724	0.3077033337608353	0.29359403334793505	0.38043697309642965	0.10520733351129584	0.25042426352203995	0.05410621782985266	0.621156874800672	0.3796679888350228	0.3643505371868484	0.041597168960144155	0.2235619249740546	0.37199448965652965	0.3963447664057655	0.11440815408473713	0.33643495587105476	0.6106779850329499	0.14623324526559928	0.43498943534548173	0.2972924924000462	0.3439253369832065	0.25305083917706733	0.3326897865387875	0.05180249576336466	0.04752963277135015	0.13346303501945525	0.19541781497226945	0.6249696651027342	0.7913746324988977	0.6018841235836039	0.8401605699818739	0.7296571263543659
1915401	Roseitalea	0.0	0.0	0.0	0.0	0.0	0.0	0.0	0.0	0.0	0.0	0.0	0.0	0.0	7.343482910141665e-06	7.830236008906335e-06	0.0	0.0	0.0	0.0	0.0	0.0	0.0	0.0	0.0	0.0	0.0	0.0	0.0	0.0	0.0	0.0	0.0	0.0	0.0	0.0	0.0	0.0	0.0	0.0	0.0	0.0	0.0	0.0	0.0	0.0	0.0	0.0	0.0	0.0	0.0	0.0	0.0	0.0	0.0	0.0	0.0	0.0	0.0	0.0	0.0	0.0	0.0	0.0	0.0
1918385	Acutalibacter	0.0	1.862287302649276e-05	0.0	0.0	0.0	1.6927801081717267e-05	0.0	2.8583515315047504e-06	0.0	3.813423933795066e-06	0.0	0.0	0.0	0.0	0.0	0.0	8.336552733779305e-06	0.0	0.0	0.0	0.0	0.0	0.0	0.0	0.0	0.0	0.0	0.0	0.0	0.0	0.0	0.0	0.0	0.0	0.0	0.0	0.0	0.0	2.9588601516224934e-05	0.0	0.0	0.0	0.0	0.0	0.0	0.0	0.0	1.374149744845377e-05	0.0	0.0	0.0	0.0	0.0	0.0	3.805012700671181e-06	0.0	6.757397396839354e-06	0.0	0.0	0.0	0.0	0.0	0.0	0.0
1918454	Flintibacter	0.0	3.007249125759572e-05	0.0	0.0	0.0	6.463342231201138e-06	0.0	6.609937916604736e-06	0.0	1.2900732031349266e-05	0.0	0.0	0.0	0.0	0.0	0.0	1.4843130477216811e-05	0.0	0.0	0.0	0.0	0.0	0.0	0.0	0.0	0.0	0.0	0.0	0.0	0.0	0.0	0.0	0.0	0.0	0.0	0.0	0.0	0.0	0.00018134949316395927	0.0	0.0	0.0	0.0	0.0	0.0	0.0	0.0	2.3110700254217703e-05	0.0	0.0	0.0	0.0	0.0	0.0	2.7672819641244956e-06	0.0	1.9216348847261913e-05	0.0	0.0	0.0	0.0	0.0	0.0	0.0
1918536	Longicatena	0.0	1.5174192836401509e-05	0.0	0.0	0.0	2.277558690994687e-05	0.0	1.5363639481838036e-05	0.0	1.9148256348417778e-05	0.0	0.0	0.0	0.0	0.0	0.0	5.1645960838535205e-05	0.0	0.0	0.0	0.0	2.266221994742029e-06	0.0	0.0	0.0	4.601166505260667e-06	0.0	0.0	0.0	0.0	0.0	0.0	0.0	0.0	0.0	0.0	0.0	0.0	8.685686251536997e-05	0.0	0.0	0.0	0.0	0.0	0.0	3.2972467989228996e-05	0.00022018869934772056	2.0612246172680654e-05	0.0	0.0	0.0	0.0	0.0	1.0032785397847923e-05	1.1184431271669835e-05	0.0	3.1464131629033244e-05	0.0	2.3651535920152414e-05	0.0	0.0	0.0	0.0	0.0
1918540	Muribaculum	0.0	0.0	0.0	0.0	0.0	0.0	0.0	0.0	0.0	0.0	0.0	0.0	0.0	0.0	0.0	0.0	0.0	0.0	0.0	0.0	0.0	0.0	0.0	0.0	0.0	0.0	0.0	0.0	0.0	0.0	0.0	0.0	0.0	0.0	0.0	0.0	0.0	0.0	0.00025722993898782644	0.0	0.0	0.0	0.0	0.0	0.0	0.0	0.0	0.0	0.0	0.0	0.0	0.0	0.0	0.0	2.0754614730933716e-06	0.0	0.0	0.0	0.0	0.0	0.0	0.0	0.0	0.0
1918598	Turicimonas	0.0	4.690205058524102e-06	0.0	0.0	0.0	0.0	0.0	8.217760653076158e-06	0.0	1.1034588404172957e-05	0.0	0.0	0.0	0.0	0.0	0.0	4.066611089648442e-06	0.0	0.0	0.0	0.0	0.0	0.0	0.0	0.0	0.0	0.0	1.8238742402233882e-06	0.0	0.0	3.830629596387186e-06	0.0	0.0	0.0	0.0	0.0	0.0	0.0	0.0001388755329229267	0.0	0.0	0.0	0.0	0.0	0.0	0.0	0.0	2.4359927294986228e-05	0.0	0.0	0.0	0.0	0.0	0.0	1.8448546427496637e-06	0.0	6.968566065490584e-06	0.0	0.0	0.0	0.0	0.0	0.0	0.0
1920207	Thermothelomyces	0.0	0.0	0.0	0.0005854198024243433	0.0006714988248770565	9.017901303533017e-05	0.0	0.0	8.735265245393255e-07	1.135913512194275e-06	0.0	9.810729696481616e-06	1.6559946402801286e-05	0.0	0.0	0.0	0.0	0.0025263330103318525	0.0023869165660210436	0.0	0.0	0.0	0.0	0.0	0.0	0.0	0.0	5.167643680632933e-06	0.0	0.0	0.0	0.0	6.678480156009296e-06	0.0	6.912430564634978e-06	0.0	0.0	0.0	0.0	0.0	0.0	6.762851853147647e-05	0.0009309608613589349	0.0	0.0	0.0	0.0	0.0	0.0	0.0	0.0	0.0	0.0	0.0	0.0	0.0	0.0	0.0	0.0	0.0	0.0	0.0	0.0	0.0
1921582	Orrella	0.0	0.0	0.0	0.0	0.0	0.0	0.0	0.0	0.0	0.0	0.0	0.0	0.0	0.0	0.0	0.0	0.0	0.00016202509343971408	4.5973926570941496e-05	0.0	0.0	0.0	0.0	0.0	0.0	0.0	0.0	0.0	0.0	0.0	0.0	0.0	0.0	0.0	0.0	0.0	0.0	0.0	0.0	0.0	0.0	0.0	0.0	0.0	0.0	0.0	0.0	0.0	0.0	0.0	0.0	0.0	0.0	0.0	0.0	0.0	0.0	0.0	0.0	0.0	0.0	0.0	0.0	0.0
1926259	Pseudactinotalea	0.0	0.0	0.0	0.0	0.0	0.0	0.0	0.0	0.0	0.0	0.0	0.0	0.0	0.0	0.0	0.0	0.0	0.0	0.0	0.0	0.0	0.0	0.0	0.0	0.0	0.0	0.0	0.0	0.0	0.0	0.0	0.0	0.0	0.0	0.0	0.0	1.6932683355350055e-06	0.0	0.0	0.0	0.0	0.0	0.0	0.0	0.0	0.0	0.0	0.0	0.0	0.0	0.0	0.0	0.0	0.0	0.0	0.0	0.0	0.0	0.0	0.0	0.0	0.0	0.0	0.0
1926556	Emergencia	0.0	4.414310643316803e-06	5.645164386057889e-06	0.0	0.0	4.6166730222865275e-06	0.0	9.289642477390439e-06	0.0	7.789121226475028e-06	0.0	0.0	0.0	0.0	0.0	0.0	1.0573188833085948e-05	0.0	0.0	0.0	0.0	0.0	0.0	0.0	0.0	0.0	0.0	0.0	0.0	0.0	0.0	0.0	0.0	0.0	0.0	0.0	0.0	0.0	0.00010845176926713091	0.0	0.0	0.0	0.0	0.0	0.0	0.0	0.0	0.0	0.0	0.0	0.0	0.0	0.0	0.0	4.150922946186743e-06	0.0	7.390903402793043e-06	0.0	0.0	0.0	0.0	0.0	0.0	0.0
1926677	Raoultibacter	0.0	8.276832456219006e-06	0.0	0.0	0.0	2.1852252305489564e-05	0.0	1.965116677909516e-06	0.0	1.2981868710791714e-06	0.0	0.0	0.0	0.0	0.0	0.0	0.0	0.0	0.0	0.0	0.0	0.0	0.0	0.0	0.0	0.0	0.0	0.0	0.0	0.0	0.0	0.0	0.0	0.0	0.0	0.0	0.0	0.0	1.1930887708155216e-06	0.0	0.0	0.0	0.0	0.0	0.0	0.0	0.0	0.0	0.0	0.0	0.0	0.0	0.0	0.0	0.0	0.0	4.645710710327056e-06	0.0	0.0	0.0	0.0	0.0	0.0	0.0
1928820	Intestinibacillus	0.0	8.276832456219006e-06	0.0	0.0	0.0	1.5081131872802656e-05	0.0	1.3219875833209471e-05	0.0	2.1176673334478982e-05	0.0	0.0	0.0	0.0	0.0	0.0	2.7652955409609403e-05	0.0	0.0	0.0	0.0	0.0	0.0	0.0	0.0	0.0	0.0	0.0	0.0	0.0	0.0	0.0	0.0	0.0	2.1724781774567073e-06	0.0	0.0	0.0	0.00014567613891657518	0.0	0.0	0.0	0.0	0.0	0.0	0.0	0.0	7.682746300726426e-05	0.0	0.0	0.0	0.0	0.0	0.0	4.035619531014889e-06	0.0	8.235578077397964e-06	0.0	0.0	0.0	0.0	0.0	0.0	0.0
1930845	Ndongobacter	0.0	3.8625218129022025e-06	0.0	0.0	0.0	0.0	0.0	8.396407623795206e-06	0.0	0.0	0.0	0.0	0.0	0.0	0.0	0.0	3.6599499806835974e-06	0.0	0.0	0.0	0.0	0.0	0.0	0.0	0.0	0.0	0.0	0.0	0.0	0.0	4.125293411493892e-06	0.0	0.0	0.0	0.0	0.0	0.0	0.0	4.056501820772773e-06	0.0	0.0	0.0	0.0	0.0	0.0	0.0	0.0	0.0	0.0	8.418583180512663e-06	0.0	0.0	1.643638297967716e-05	6.5431209116399506e-06	0.0	0.0	2.0694529527820523e-05	0.0	0.0	0.0	0.0	0.0	0.0	0.0
1955413	Abyssicoccus	0.0001955559901244225	0.0006604912300062766	0.0002605807880604322	0.0	0.0	4.3088948208007585e-06	0.0	6.12759109566331e-05	3.9308693604269645e-06	3.083193818813032e-06	0.0001619885599217023	0.0	0.0	0.0	2.077409553383313e-06	0.0	2.439966653789065e-06	0.0	0.0	0.0	0.0	0.0	0.0	0.0	0.0	0.0	0.0	2.7358113603350823e-06	0.0	0.0	9.429242083414611e-06	0.0	8.904640208012395e-06	0.0	0.0	0.0	1.5832058937252302e-05	0.0	0.0	0.00015781842332819327	0.0	9.91884938461655e-06	0.0	0.0004197908042492158	0.0016695671859303593	0.0	0.0	8.619666581302819e-05	0.0	0.0	0.0	0.0	0.00012850263056838506	0.00016881251952031073	1.2683375668903937e-06	0.0	2.322855355163528e-06	0.0	2.612259191181013e-05	0.00015167448632907296	7.31800577024755e-05	0.0	1.272626165580585e-05	0.0002788400254939452
1960084	Rodentibacter	0.0	0.0	0.0	0.0	0.0	0.0	0.0	1.7864697071904692e-06	0.0	2.352963703830998e-06	0.0	0.0	0.0	0.0	0.0	0.0	0.0	0.0	0.0	0.0	1.5700406106704355e-05	0.0	0.0	0.0	0.0	0.0	0.0	0.0	0.0	0.0	0.0	0.0	0.0	0.0	0.0	0.0	0.0	0.0	0.0	0.0	0.0	0.0	0.0	0.0	0.0	0.0	0.0	0.0	0.0	0.0	0.0	0.0	0.0	0.0	1.4989443972341017e-06	0.0	0.0	0.0	0.0	0.0	0.0	0.0	0.0	0.0
1980513	Candidatus Nitrosoglobus	0.0	0.0	0.0	0.0	0.0	0.0	0.0	0.0	1.497474042067415e-06	1.2981868710791714e-06	0.0	0.0	0.0	0.0	0.0	0.0	0.0	0.0	0.0	0.0	0.0	0.0	0.0	0.0	0.0	0.0	0.0	0.0	0.0	0.0	0.0	0.0	0.0	0.0	0.0	0.0	0.0	0.0	0.0	0.0	0.0	0.0	0.0	0.0	0.0	0.0	0.0	0.0	0.0	0.0	0.0	0.0	0.0	0.0	0.0	0.0	0.0	0.0	0.0	0.0	0.0	0.0	0.0	0.0
1980697	Duodenibacillus	0.0	0.0	0.0	0.0	0.0	0.0	0.0	0.0	0.0	0.0	0.0	0.0	0.0	0.0	0.0	0.0	0.0	0.0	0.0	0.0	0.0	0.0	0.0	0.0	0.0	0.0	0.0	0.0	0.0	0.0	2.9466381510670663e-06	0.0	0.0	0.0	0.0	0.0	0.0	0.0	0.0	0.0	0.0	0.0	0.0	0.0	0.0	0.0	0.0	0.0	0.0	0.0	0.0	0.0	0.0	0.0	0.0	0.0	0.0	0.0	0.0	0.0	0.0	0.0	0.0	0.0
1981050	Phoenicibacter	0.0	3.7245746052985524e-06	0.0	0.0	0.0	0.0	0.0	0.0	0.0	0.0	0.0	0.0	0.0	0.0	0.0	0.0	3.253288871718753e-06	0.0	0.0	0.0	0.0	0.0	0.0	0.0	0.0	0.0	0.0	0.0	0.0	0.0	0.0	0.0	0.0	0.0	0.0	0.0	0.0	0.0	2.2668686645494907e-06	0.0	0.0	0.0	0.0	0.0	0.0	0.0	0.0	0.0	0.0	0.0	0.0	0.0	0.0	0.0	0.0	0.0	0.0	0.0	0.0	0.0	0.0	0.0	0.0	0.0
2004797	Luteitalea	0.0	0.0	0.0	0.0	0.0	0.0	0.0	2.3224106193476097e-06	0.0	0.0	0.0	0.0	0.0	0.0	0.0	0.0	0.0	0.0	0.0	0.0	0.0	0.0	0.0	0.0	0.0	4.162960171426318e-06	0.0	0.0	0.0	0.0	0.0	0.0	0.0	0.0	0.0	0.0	0.0	0.0	0.0	0.0	0.0	0.0	0.0	0.0	0.0	0.0	0.0	0.0	0.0	0.0	0.0	0.0	0.0	0.0	0.0	0.0	0.0	0.0	0.0	0.0	0.0	0.0	0.0	0.0
2005386	Arabiibacter	0.0	8.414779663822655e-06	0.0	0.0	0.0	0.0	0.0	0.0	0.0	0.0	0.0	0.0	0.0	0.0	0.0	0.0	0.0	0.0	0.0	0.0	0.0	0.0	0.0	0.0	0.0	0.0	0.0	0.0	0.0	0.0	0.0	0.0	0.0	0.0	0.0	0.0	0.0	0.0	2.2668686645494907e-06	0.0	0.0	0.0	0.0	0.0	0.0	0.0	0.0	0.0	0.0	0.0	0.0	0.0	0.0	0.0	0.0	0.0	0.0	0.0	0.0	0.0	0.0	0.0	0.0	0.0
2035712	Guyparkeria	0.0	0.0	0.0	0.0	2.3041626343820564e-05	3.077782014857685e-06	0.0	0.0	0.0	0.0	0.0	0.0	0.0	0.0	0.0	0.0	0.0	0.0	0.0	0.0	0.0	0.0	0.0	0.0	0.0	0.0	0.0	0.0	0.0	0.0	0.0	0.0	0.0	0.0	0.0	0.0	0.0	0.0	0.0	0.0	0.0	0.0	0.0	0.0	0.0	0.0	0.0	0.0	0.0	0.0	0.0	0.0	0.0	0.0	0.0	0.0	0.0	0.0	0.0	0.0	0.0	0.0	0.0	0.0
2035811	Pseudodesulfovibrio	0.0	0.0	0.0	0.0	0.0	0.0	0.0	0.0	0.0	0.0	0.0	0.0	0.0	7.177840438484334e-07	0.0	0.0	0.0	0.0	0.0	0.0	0.0	0.0	0.0	0.0	0.0	0.0	0.0	0.0	0.0	0.0	0.0	0.0	0.0	0.0	0.0	0.0	0.0	0.0	0.0	0.0	0.0	0.0	0.0	0.0	0.0	0.0	0.0	0.0	0.0	0.0	0.0	0.0	0.0	0.0	0.0	0.0	0.0	0.0	0.0	0.0	0.0	0.0	0.0	0.0
2038676	Paludihabitans	0.0	0.0	0.0	0.0	0.0	0.0	0.0	0.0	0.0	0.0	0.0	0.0	0.0	0.0	0.0	0.0	0.0	0.0	0.0	0.0	0.0	0.0	0.0	0.0	0.0	0.0	0.0	0.0	0.0	0.0	0.0	0.0	0.0	0.0	0.0	0.0	0.0	0.0	3.817884066609669e-06	0.0	0.0	0.0	0.0	0.0	0.0	0.0	0.0	0.0	0.0	0.0	0.0	0.0	0.0	0.0	0.0	0.0	0.0	0.0	0.0	0.0	0.0	0.0	0.0	0.0
2039240	Anaerotignum	0.0	0.0	0.0	0.0	0.0	0.0	0.0	0.0	0.0	2.5152370627158945e-06	0.0	0.0	0.0	0.0	0.0	0.0	0.0	0.0	0.0	0.0	0.0	0.0	0.0	0.0	0.0	0.0	0.0	0.0	0.0	0.0	0.0	0.0	0.0	0.0	0.0	0.0	0.0	0.0	2.1714215628842492e-05	0.0	0.0	0.0	0.0	0.0	0.0	0.0	0.0	0.0	0.0	0.0	0.0	0.0	0.0	0.0	0.0	0.0	0.0	0.0	0.0	0.0	0.0	0.0	0.0	0.0
2039302	Monoglobus	0.0	0.0013644358304077029	0.0	0.0	0.0	1.015668064903036e-05	0.0	0.00013452116895144232	0.0	5.273884163759134e-06	0.0	0.0	0.0	0.0	3.3558154323884288e-06	0.00024210562722650712	0.0003359020760049613	0.0	0.0	0.0	0.0	3.0216293263227054e-06	0.0	0.0	0.0	0.0	0.0	0.0	0.0	0.0	0.0	0.0	0.0	0.0	0.0	0.0	0.0	0.0	3.4003029968242365e-05	0.0	0.0	0.0	0.0	0.0	0.0	0.0	0.0001396896049625324	2.0612246172680654e-05	0.0	0.0	0.0	2.2318851733559088e-05	2.2413249517741582e-05	5.4962215657775586e-05	0.00017941211400740478	0.0002022030503774457	0.0003435714238955509	0.0	3.53007998808245e-06	0.0	5.488504327685663e-05	0.0	5.316033349893583e-06	0.00027386073932441046
2041902	Chenggangzhangella	0.0	2.345102529262051e-06	0.0	0.0	0.0	0.0	0.0	0.0	0.0	0.0	0.0	0.0	0.0	1.060111818606917e-05	9.02874152047363e-06	0.0	0.0	0.0	0.0	0.0	0.0	0.0	0.0	0.0	0.0	0.0	0.0	0.0	0.0	0.0	0.0	0.0	0.0	0.0	0.0	0.0	0.0	0.0	0.0	0.0	0.0	0.0	0.0	0.0	0.0	0.0	0.0	0.0	0.0	0.0	0.0	0.0	0.0	0.0	0.0	0.0	0.0	0.0	0.0	0.0	0.0	0.0	0.0	0.0
2048137	Agathobaculum	0.0	2.2761289254602263e-05	0.0	0.0	0.0	5.232229425258065e-06	0.0	2.6797045607857035e-06	0.0	2.9209204599281356e-06	0.0	0.0	0.0	0.0	0.0	0.0	5.0832638620605515e-06	0.0	0.0	0.0	0.0	0.0	0.0	0.0	0.0	0.0	0.0	0.0	0.0	0.0	0.0	0.0	0.0	0.0	0.0	0.0	0.0	0.0	0.00024732730219005763	0.0	0.0	0.0	0.0	0.0	0.0	0.0	0.0	0.0	0.0	0.0	0.0	0.0	0.0	0.0	1.2683375668903937e-06	0.0	6.335060059536894e-06	0.0	0.0	0.0	0.0	0.0	0.0	0.0
2055880	Pseudescherichia	0.0	0.0	0.0	0.0	0.0	0.0	0.0	0.0	0.0	0.0	0.0	0.0	0.0	0.0	0.0	0.0	0.0	0.0	0.0	0.0	0.0	0.0	0.0	0.0	0.0	0.0	0.0	4.103717040502624e-06	0.0	0.0	0.0	0.0	0.0	0.0	0.0	0.0	0.0	0.0	0.0	0.0	0.0	0.0	0.0	0.0	0.0	0.0	0.0	0.0	0.0	0.0	0.0	0.0	0.0	0.0	0.0	0.0	0.0	0.0	0.0	0.0	0.0	0.0	0.0	0.0
2060094	Aminipila	0.0	7.449149210597105e-06	0.0	0.0	0.0	0.0	0.0	5.1807621508523605e-06	0.0	1.3793235505216196e-06	0.0	0.0	0.0	0.0	0.0	0.0	2.846627762753909e-06	0.0	0.0	0.0	0.0	0.0	0.0	0.0	0.0	0.0	0.0	0.0	0.0	0.0	0.0	0.0	0.0	0.0	0.0	0.0	0.0	0.0	5.726826099914503e-06	0.0	0.0	0.0	0.0	0.0	0.0	0.0	0.0	0.0	0.0	0.0	0.0	0.0	0.0	0.0	1.7295512275778096e-06	0.0	3.589867367070907e-06	0.0	0.0	0.0	0.0	0.0	0.0	0.0
2066071	Bacterioplanoides	0.0	0.0	0.0	0.0	1.8104134984430444e-05	1.0772237052001897e-05	0.0	0.0	0.0	0.0	0.0	0.0	0.0	0.0	0.0	0.0	0.0	0.0	0.0	0.0	0.0	0.0	0.0	0.0	0.0	0.0	0.0	0.0	0.0	0.0	0.0	0.0	0.0	0.0	0.0	0.0	0.0	0.0	0.0	0.0	0.0	0.0	0.0	0.0	0.0	0.0	0.0	0.0	0.0	0.0	0.0	0.0	0.0	0.0	0.0	0.0	0.0	0.0	0.0	0.0	0.0	0.0	0.0	0.0
2078948	Epidermidibacterium	0.0	0.0	0.0	1.8338451642208346e-05	0.0	0.0	0.0	0.0	0.0	0.0	0.0	0.0	0.0	0.0	0.0	0.0	0.0	0.0	2.6093309675399228e-05	0.0	0.0	0.0	0.0	0.0	0.0	0.00019544002489011976	0.0	0.0	0.0	0.0	0.0	0.0	0.0	0.0	0.0	0.0	1.9472585858652564e-06	0.0	0.0	0.0	0.0	0.0	1.467587375685778e-05	0.0	0.0	0.0	0.0	0.0	0.0	0.0	0.0	0.0	0.0	0.0	0.0	0.0	0.0	0.0	0.0	0.0	0.0	0.0	0.0	0.0
2082587	Parolsenella	0.0	1.545008725160881e-05	0.0	0.0	0.0	4.00111661931499e-06	0.0	3.2156454729428446e-06	0.0	2.352963703830998e-06	0.0	0.0	0.0	0.0	0.0	0.0	1.0369858278603526e-05	0.0	0.0	0.0	0.0	0.0	0.0	0.0	0.0	0.0	0.0	0.0	0.0	0.0	0.0	0.0	0.0	0.0	0.0	0.0	0.0	0.0	1.6941860545580405e-05	0.0	0.0	0.0	0.0	0.0	0.0	0.0	0.0	8.11997576499541e-06	0.0	0.0	0.0	0.0	0.0	0.0	2.5366751337807875e-06	0.0	7.179734734141814e-06	0.0	0.0	0.0	0.0	0.0	0.0	0.0
2093823	Candidatus Nanosynbacter	0.0002200004888899753	5.4765041418649084e-05	0.0002535807842217204	8.322835745309941e-05	0.00013660392760979335	0.0003182426603362846	0.0	8.3785429267233e-05	6.988212196314604e-06	0.0006857672146475723	0.00032300712846662795	0.0	0.0001818304048731426	0.0	1.893638708276328e-05	0.0001828144532118523	0.0002708362985705862	0.0	0.0	0.0002515526157348223	5.84055107169402e-05	0.0	0.00015575133025795253	0.0	0.0	0.00024999671345249624	0.0	0.00024759092811032493	0.0003579007347610835	0.0	8.044322152413091e-05	0.0	0.00018095500994139474	0.0	0.0001801181907127743	0.0005122090484667316	0.0002660124555125494	0.0	4.354774013476653e-05	0.0	0.0	0.00012515784496225246	0.0	0.0	8.425011608508362e-05	0.0003619120891198706	4.972002888496916e-05	6.870748724226885e-05	0.0003239137719200268	0.0003093829318838404	0.0004027409733490539	0.0002324239042598222	0.00018677707931451319	0.00021854023844877435	1.5911871293715847e-05	0.0	0.0002884564013775799	0.0008893829905503057	0.0008133304292541964	0.0	0.0025863052059683215	0.0001408002218145033	0.00018445024804933794	0.0
2094023	Glaesserella	0.0	0.0	0.0	0.0	0.0	0.0	0.0	0.0	0.0	7.626847867590132e-06	0.0	0.0	0.0	0.0	0.0	0.0	0.0	0.0	0.0	0.0	0.0	0.0	0.0	0.0	0.0	0.0	0.0	0.0	0.0	0.0	0.0	0.0	0.0	0.0	0.0	0.0	0.0	0.0	2.0282509103863865e-06	0.0	0.0	0.0	0.0	0.0	0.0	0.0	0.0	0.0	0.0	0.0	0.0	0.0	0.0	0.0	0.0	0.0	0.0	0.0	0.0	0.0	0.0	0.0	0.0	0.0
2100764	Mixta	0.0	0.0	0.0	0.0	0.0	0.0	0.0	1.840063798406183e-05	1.0607107797977525e-06	0.0	0.0	0.0	0.0	0.0	0.0	0.0	0.0	0.0	0.0	0.0	0.0	0.0	0.0	0.0	0.0	0.0	0.0	0.0	0.0	0.0015484869991612361	0.0	0.0	0.0	0.0	0.0	0.0	0.0	0.0002610852443322745	0.0	0.0	0.0	0.0	0.0	0.0	0.0	0.0	0.0	0.0	0.0	0.0	0.0	0.0	0.0	0.0	0.0	0.0	0.0	0.0	0.0	0.0	0.0	0.0	0.0	0.0
2126548	Miniphocaeibacter	0.0	0.0	0.0	0.0	0.0	0.0	0.0	0.0	0.0	0.0	0.0	0.0	0.0	0.0	0.0	0.0	0.0	0.0	0.0	0.0	0.0	0.0	0.0	0.0	0.0	0.0	0.0	0.0	0.0	0.0	0.0	0.0	0.0	0.0	0.0	0.0	0.0	0.0	1.1930887708155216e-06	0.0	0.0	0.0	0.0	0.0	0.0	0.0	0.0	0.0	0.0	0.0	0.0	0.0	0.0	0.0	0.0	0.0	2.322855355163528e-06	0.0	0.0	0.0	0.0	0.0	0.0	0.0
2163168	Kineothrix	0.0	1.7933136988474511e-06	0.0	0.0	0.0	0.0	0.0	0.0	0.0	1.0547768327518267e-06	0.0	0.0	0.0	0.0	0.0	0.0	3.253288871718753e-06	0.0	0.0	0.0	0.0	0.0	0.0	0.0	0.0	0.0	0.0	0.0	0.0	0.0	0.0	0.0	0.0	0.0	0.0	0.0	0.0	0.0	1.5271536266438675e-05	0.0	0.0	0.0	0.0	0.0	0.0	0.0	0.0	0.0	0.0	0.0	0.0	0.0	0.0	0.0	0.0	0.0	2.322855355163528e-06	0.0	0.0	0.0	0.0	0.0	0.0	0.0
2172004	Lawsonibacter	0.0	5.8489616023947634e-05	2.483872329865471e-06	0.0	0.0	2.7700038133719163e-05	0.0	1.44704046282428e-05	0.0	4.300244010449755e-05	0.0	0.0	0.0	0.0	0.0	0.0001185823480293096	8.316219678331062e-05	0.0	0.0	0.0	0.0	1.0911439233943104e-06	0.0	0.0	0.0	0.0	0.0	0.0	0.0	0.0	0.0	0.0	0.0	0.0	5.332446435575555e-06	0.0	0.0	0.0	0.00040708188860225596	0.0	0.0	0.0	0.0	0.0	0.0	0.0	0.0	4.497217346766688e-05	0.0	0.0	0.0	0.0	0.0	7.415537033191944e-06	1.7641422521293658e-05	0.0	2.449556556354266e-05	0.0	4.5891039845071846e-06	0.0	0.0	0.0	0.0	0.0
2211641	Yoonia	0.0	0.0	0.0	0.0	0.0	0.0	0.0	0.0	0.0	0.0	0.0	0.0	0.0	0.0	0.0	0.0	0.0	5.820318890552836e-05	7.57948519142549e-05	0.0	0.0	0.0	0.0	0.0	0.0	0.0	0.0	1.6718847202047724e-05	0.0	0.0	0.0	0.0	2.2579623384602858e-05	0.0	9.282406758224113e-06	0.0	1.6509366271466303e-05	0.0	0.0	0.0	0.0	1.713255802797404e-05	0.0	0.0	0.0	0.0	0.0	0.0	0.0	0.0	0.0	0.0	0.0	0.0	0.0	0.0	0.0	0.0	0.0	0.0	0.0	0.0	0.0	0.0
2282523	Methylorubrum	0.0009451872856013755	8.138885248615354e-06	0.00012532264937048515	0.0005289937973713946	0.001586580556817359	0.00020067138736872106	0.007618688900683114	0.000281726272823937	5.821430338537076e-05	3.586241231356211e-05	6.595941362081292e-05	0.00017488692067641143	9.212155614803364e-06	0.014839025609264759	0.013639392223473018	0.0036365253395654945	5.7745877473007866e-05	0.0	0.00125869155719902	0.0020289161793693865	3.391287719048141e-05	7.167976235221085e-05	0.00359643980777454	0.0006302521008403362	0.013930962264856576	0.0003238344807035841	0.01839337432041055	0.0001337507776163818	5.6777453673146395e-05	0.007290792954384154	0.0003574272077244351	0.018310007366094918	0.00030371183566613706	0.018128597617556752	0.000539959576106058	0.0010943920106584266	9.947951471268158e-05	0.015904442800574386	0.0001706116942266196	0.0	0.009754664316145144	9.594232495665463e-05	0.0006336148974156425	0.0	0.00011512038762770967	0.00016957269251603483	0.0012879855101630107	0.0004035003341682334	0.002144532558918798	0.00023782497484948275	0.004383456101233905	0.0004933235848693577	0.0021023628047641602	0.0002229023190565343	0.00010988415465877684	0.0014635649360653213	1.4148300799632397e-05	0.005725403001667593	0.0002926436310120351	0.0	0.0	9.747707664080997e-05	9.24667619042096e-05	0.00014439929891650732
2304687	Petroclostridium	0.0	0.0	0.0	0.0	0.0	0.0	0.0	0.0	0.0	0.0	0.0	0.0	0.0	0.0	0.0	0.0	0.0	0.0	0.0	0.0	0.0	0.0	0.0	0.0	0.0	0.0	0.0	0.0	0.0	0.0	0.0	0.0	0.0	0.0	0.0	0.0	0.0	0.0	3.102030804120356e-06	0.0	0.0	0.0	0.0	0.0	0.0	0.0	0.0	0.0	0.0	0.0	0.0	0.0	0.0	0.0	0.0	0.0	0.0	0.0	0.0	0.0	0.0	0.0	0.0	0.0
2316020	Mediterraneibacter	0.0	0.0037492671554596054	0.00014587104773573586	0.0	0.00038183266512616934	0.0034541947552747796	0.0	0.0014565087522723894	3.675050878240448e-05	0.0030262358698444334	6.207944811370627e-05	0.0	1.776630011426363e-05	0.0	2.5168615742913217e-05	0.005267032624968502	0.004822187430105122	0.0	0.0	0.0	0.00012811531383070756	6.681158177091316e-05	0.0	0.0	0.0	2.8702514866149874e-05	0.0	2.7814082163406668e-05	4.4610856457472164e-05	0.0	0.00010755229251394791	0.0	2.3533691978318473e-05	0.0	0.00017142827800294746	0.0	1.7609990689564056e-05	0.004568991775814804	0.013169194543384645	0.0003123489628370492	0.0	5.1036988651754245e-05	0.0	0.0	3.0227140885488013e-05	0.0004192213787201972	0.0026351615309033656	0.003036246322587899	0.0	6.45424710505971e-05	0.0006011930471732253	0.0010774618078269905	0.000666420618994183	0.0008514781346347455	0.001278368964010345	0.010076452010476043	0.009226381470709533	0.0	0.00028876054302514443	0.0002932373402362077	0.0006817942042613967	0.0	5.477125269587327e-06	0.0004954389738687062
2321111	Aliarcobacter	0.0	0.0	3.3870986316347334e-06	0.0	0.0	0.0	0.0	0.0	0.0	0.0	0.0	0.0	0.0	0.0	0.0	0.0	0.0	0.0	0.0	0.0	0.0	0.0	0.0	0.0	0.0	2.475865786164073e-05	0.0	0.0	0.0	0.0	0.0	0.0	0.0	0.0	0.0	0.0	0.0	0.0	0.0	0.0	0.0	0.0	0.0	0.0	0.0	0.0	0.0	0.0	0.00011727912431587178	0.0	0.0	0.0	0.0	0.0	0.0	0.0	0.0	0.0	0.0	0.0	0.0	0.0	0.0	0.0
2478349	Indioceanicola	0.0	0.0	0.0	0.0	0.0	0.0	0.0	0.0	0.0	0.0	0.0	0.0	0.0	8.061266953990099e-06	4.7940220462691844e-06	0.0	0.0	0.0	0.0	0.0	0.0	0.0	0.0	0.0	0.0	0.0	0.0	0.0	0.0	0.0	0.0	0.0	0.0	0.0	0.0	0.0	0.0	0.0	0.0	0.0	0.0	0.0	0.0	0.0	0.0	0.0	0.0	0.0	0.0	0.0	0.0	0.0	0.0	0.0	0.0	0.0	0.0	0.0	0.0	0.0	0.0	0.0	0.0	0.0
2490452	Serpentinimonas	0.0	6.345571549767904e-06	0.0	0.0	0.0	0.0	0.0	0.0	0.0	0.0	0.0	0.0	0.0	0.0	0.0	0.0	0.0	0.0	0.0	0.0	0.0	0.0	0.0	0.0	0.0	0.0	0.0	0.0	0.0	0.0	0.0	0.0	0.0	0.0	0.0	0.0	0.0	0.0	0.0	0.0	0.0	0.0	0.0	0.0	0.0	0.0	0.0	1.4990724489222294e-05	0.0	0.0	0.0	0.0	0.0	0.0	0.0	0.0	0.0	0.0	4.2360959856989395e-06	0.0	0.0	0.0	0.0	0.0
2518495	Duncaniella	0.0	0.0	0.0	0.0	0.0	0.0	0.0	0.0	0.0	0.0	0.0	0.0	0.0	0.0	0.0	0.0	0.0	0.0	0.0	0.0	0.0	0.0	0.0	0.0	0.0	0.0	0.0	0.0	0.0	0.0	0.0	0.0	0.0	0.0	0.0	0.0	0.0	0.0	0.00020163200226782315	0.0	0.0	0.0	0.0	0.0	0.0	0.0	0.0	0.0	0.0	0.0	0.0	0.0	0.0	0.0	3.113192209640057e-06	0.0	0.0	0.0	0.0	0.0	0.0	0.0	0.0	0.0
2518497	Paramuribaculum	0.0	0.0	0.0	0.0	0.0	0.0	0.0	0.0	0.0	0.0	0.0	0.0	0.0	0.0	0.0	0.0	0.0	0.0	0.0	0.0	0.0	0.0	0.0	0.0	0.0	0.0	0.0	0.0	0.0	0.0	0.0	0.0	0.0	0.0	0.0	0.0	0.0	0.0	7.18239440030944e-05	0.0	0.0	0.0	0.0	0.0	0.0	0.0	0.0	0.0	0.0	0.0	0.0	0.0	0.0	0.0	2.6519785489526413e-06	0.0	0.0	0.0	0.0	0.0	0.0	0.0	0.0	0.0
2529408	Schaalia	0.0004725936428006877	0.002294337956863908	0.0025055497611079333	0.0020137030553271087	0.000204082976188125	0.0006263286400235388	0.0013354106387714222	0.004656611938762677	7.262749104026964e-05	0.0010237014845253692	0.01197260356355432	5.1186415807730174e-05	0.0038677893359867267	1.9877096598879692e-06	0.00010067446297165287	0.0009733634400739163	0.0011461743356174132	0.0	6.958215913439795e-05	0.0038104035563766526	0.0009021453348912323	1.6031422259101023e-05	0.0032906008319952876	0.0	0.0	0.0013240404376804863	0.002896194299070169	0.0017477274906940617	0.0015015608730344608	0.0010138902970698571	0.000518313650772697	0.0009821459889859342	0.0011181683918346993	0.00017351549946059312	0.0010216572374530499	9.23655661169516e-05	0.0008703399244649929	0.0024367956137678953	0.000272262857500102	0.0006082585065774116	0.0003231967092698693	0.0008009020021287654	0.0	0.00044311251559639447	0.0011299805645915413	0.002261754292308779	0.00022965918104009565	0.00036477429590440916	0.0016083994191890985	0.004889793730681106	0.013337146726124464	0.0020718051333358987	0.0024310904643577037	0.0018172427811928022	0.017302891694349096	0.0013576490525342782	0.003031326238488404	0.00660366870483602	0.010170513453664346	0.00013145122148519657	0.004671327016674686	0.003411697682428349	0.000706065884017684	0.00011203393881453154
2569097	Anaerobutyricum	0.0	0.001990854100135878	4.6516154541117004e-05	0.0	0.0004526033746107611	0.0027669260313570587	0.00047937817802051053	0.0013394949864514137	3.0074270344853922e-05	0.0016703608196816813	3.394969818718311e-05	2.9858742554509266e-05	1.8862985306502126e-05	0.0	1.9176088185076738e-05	0.004254141735551482	0.005274394583274029	0.0	0.0	6.598101396323208e-05	8.917830668608074e-05	4.25546130123781e-05	0.00012460106420636202	0.0	0.0	2.5415967362392257e-05	0.0	1.899869000232696e-05	0.0	0.0	5.834343539112791e-05	0.0	3.339240078004648e-05	0.00014333889085875085	0.0005273197030735826	0.0	1.1429561264861287e-05	0.004438449153648666	0.017338562561876568	0.0	0.0	2.2903524942660034e-05	0.0	0.0	3.087027154262606e-05	0.00027555562533855657	0.001913037301859766	0.0035359371388953087	0.0	1.8591037856965466e-05	0.00010506286261279665	0.00015700157771193288	0.0004153922243954773	0.00023904201730524618	0.0009074378774024908	0.017914227391773223	0.004829638620722277	0.0	8.366289571755407e-05	0.0	0.0005573881061671883	0.0	2.416378795406174e-06	0.0002763503824091778
2576755	Caproicibacter	0.0	0.0	0.0	0.0	0.0	0.0	0.0	0.0	0.0	0.0	0.0	0.0	0.0	0.0	0.0	0.0	0.0	0.0	2.4850771119427837e-05	0.0	0.0	0.0	0.0	0.0	0.0	0.0	0.0	0.0	0.0	0.0	0.0	0.0	0.0	0.0	0.0	0.0	0.0	0.0	9.664019043605725e-06	0.0	0.0	0.0	0.0	0.0	0.0	0.0	0.0	0.0	0.0	0.0	0.0	0.0	0.0	0.0	0.0	0.0	0.0	0.0	0.0	0.0	0.0	0.0	0.0	0.0
2591381	Dysosmobacter	0.0	0.0005051626742445666	2.4838723298654713e-05	0.0	0.00011191647081284275	0.000449356174169222	0.0	0.0002300972982861324	5.7403171612584245e-06	0.0005649546989577669	0.0	0.0	0.0	0.0	0.0	0.0005187977726282295	0.0005500091498749517	0.0	0.0	0.0	0.0	0.0	0.0	0.0	0.0	0.0	0.0	1.0943245441340329e-05	0.0	0.0	2.3867769023643235e-05	0.0	0.0	0.0	8.05791905820306e-05	0.0	0.0	0.0	0.003113245838566022	0.0	0.0	0.0	0.0	0.0	0.0	7.065528854834785e-05	0.00030779065500219	0.0004222387397797613	0.0	0.0	0.0	0.0	0.0	4.885530280691163e-05	0.0001339825684296943	0.0004910645509166538	0.00027029589587357415	0.0	2.2239503924919434e-05	0.0	6.403255048966606e-05	0.0	0.0	0.0
2596745	Limnospira	0.0	0.0	2.912904823205871e-05	0.0	0.0	0.0	0.0	0.0	0.0	0.0	0.0	0.0	0.0	0.0	0.0	0.0	0.0	0.0	0.0	0.0	0.0	0.0	0.0	0.0	0.0	0.0	0.0	0.0	0.0	0.0	0.0	0.0	0.0	0.0	0.0	0.0	0.0	0.0	0.0	0.0	0.0	0.0	0.0	0.0	0.0	0.0	0.0	0.0	0.0	0.0	0.0	0.0	0.0	0.0	0.0	0.0	0.0	0.0	0.0	0.0	0.0	0.0	0.0	0.0
2600304	Baekduia	0.0	0.0	0.0	0.0	0.0	0.0	0.0	0.0	0.0	0.0	0.0	0.0	0.0	0.0	0.0	0.0	0.0	0.0	0.0	0.0	0.0	0.0	0.0	0.0	0.0	1.5775428018036572e-05	0.0	0.0	0.0	0.0	0.0	0.0	0.0	0.0	0.0	0.0	0.0	0.0	0.0	0.0	0.0	0.0	0.0	0.0	0.0	0.0	0.0001728362908858452	0.0	0.0	0.0	0.0	0.0	0.0	0.0	0.0	0.0	0.0	0.0	0.0	0.0	0.0	0.0	0.0	0.0
2603323	Petrocella	0.0	0.0	0.0	0.0	0.0	0.0	0.0	0.0	0.0	0.0	0.0	0.0	0.0	0.0	0.0	0.0	0.0	0.0	0.0	0.0	0.0	0.0	0.0	0.0	0.0	0.0	0.0	0.0	0.0	0.0	0.0	0.0	0.0	0.0	0.0	0.0	0.0	0.0	2.5054864187125953e-06	0.0	0.0	0.0	0.0	0.0	0.0	0.0	0.0	0.0	0.0	0.0	0.0	0.0	0.0	0.0	0.0	0.0	0.0	0.0	0.0	0.0	0.0	0.0	0.0	0.0
2607661	Methanofervidicoccus	0.0	0.0	0.0	1.0579875947427892e-05	0.0	0.0	0.0	0.0	0.0	0.0	0.0	0.0	0.0	0.0	0.0	0.0	0.0	0.0	0.0	0.0	0.0	0.0	0.0	0.0	0.0	0.0	0.0	0.0	0.0	0.0	0.0	0.0	0.0	0.0	0.0	0.0	0.0	0.0	0.0	0.0	0.0	0.0	9.571222015342031e-06	0.0	0.0	0.0	0.0	0.0	0.0	0.0	0.0	0.0	0.0	0.0	0.0	0.0	0.0	0.0	0.0	0.0	0.0	0.0	0.0	0.0
2609811	Thermothielavioides	0.0	0.0	0.0	0.0001770365908536267	0.000327520260172878	5.324562885703795e-05	0.0	0.0	0.0	0.0	0.0	0.0	0.0	0.0	0.0	0.0	0.0	0.002559367252683639	0.002379461334685215	0.0	0.0	0.0	0.0	0.0	0.0	0.0	0.0	5.62361224068878e-06	0.0	0.0	0.0	0.0	8.268594478868653e-06	0.0	0.0	0.0	0.0	0.0	0.0	0.0	0.0	5.879172544336355e-05	0.00027373694963878206	0.0	0.0	0.0	0.0	0.0	0.0	0.0	0.0	0.0	0.0	0.0	0.0	0.0	0.0	0.0	0.0	0.0	0.0	0.0	0.0	0.0
2650549	Hydrocarboniclastica	0.0	0.0	0.0	0.0	0.0	0.0	0.0	0.0	0.0	0.0	0.0	0.0	0.0	0.0	0.0	0.0	0.0	0.0	0.0	0.0	0.0	0.0	0.0	0.0	0.0	0.0	0.0	2.279842800279235e-06	0.0	0.0	0.0	0.0	0.0	0.0	3.752462306516131e-06	0.0	0.0	0.0	0.0	0.0	0.0	0.0	0.0	0.0	0.0	0.0	0.0	0.0	0.0	0.0	0.0	0.0	0.0	0.0	0.0	0.0	0.0	0.0	0.0	0.0	0.0	0.0	0.0	0.0
2661800	Georhizobium	0.0	0.0	0.0	0.0	0.0	0.0	0.0	6.252643975166642e-06	0.0	0.0	0.0	0.0	0.0	0.0	0.0	0.0	0.0	0.0	0.0	0.0	0.0	0.0	0.0	0.0	0.0	0.0	0.0	0.0	0.0	0.0	0.0	0.0	0.0	0.0	0.0	0.0	0.0	0.0	0.0	0.0	0.0	0.0	0.0	0.0	0.0	0.0	0.0	0.0	0.0	0.0	0.0	0.0	0.0	0.0	0.0	0.0	0.0	0.0	0.0	0.0	0.0	0.0	0.0	0.0
2675229	Peribacillus	0.0	0.0	0.0	1.7633126579046485e-05	0.0	0.0	0.0	0.0	0.0	0.0	0.0	0.0	0.0	0.0	0.0	0.0	0.0	0.00279532612662497	0.0015755388889717248	0.0	0.0	0.0	5.097316262987537e-05	0.0	0.0	0.0	0.0	6.0339839447390424e-05	0.0	0.0	0.0	0.0	0.0	0.0	0.0	0.0	1.2699512516512542e-06	0.0	0.0	0.0	0.0	3.67899140811232e-05	1.5952036692236718e-05	0.0	0.0	0.0	0.0	2.998144897844459e-05	0.0	0.0	0.0	0.0	0.0002674647775783829	0.0	0.0	0.0	0.0	0.0	0.0	0.0	0.0	4.548930243237799e-05	0.0	0.0005925350541746336
2675230	Cytobacillus	0.0	0.0	0.0	0.0	0.0	0.0	0.0	3.3942924436618915e-06	0.0	0.0	0.000611094567369296	0.0	0.0	0.0	0.0	0.0	0.0	0.0	0.0	0.0	0.0	0.0	0.0	0.0	0.0	0.0	0.0	0.0	0.0	0.0	0.0	0.0	0.0	0.0	1.3627363113137528e-05	0.0	0.0	0.0	0.0	0.00043728854797186887	0.0	0.0	0.0	0.0	0.0	0.0	0.0	0.0	0.0	0.0	0.0	0.0	0.0	0.0	0.0	0.0	0.0	0.0	0.0	0.0	0.0	0.0	0.0	0.0
2675231	Mesobacillus	0.0	0.0	0.0	0.0	0.0	0.0	0.0	0.0	0.0	0.0	1.2609887898096586e-05	0.0	0.0	0.0	0.0	0.0	0.0	0.0	0.0	0.0	0.0	0.0	0.0	0.0	0.0	0.0	0.0	0.0	0.0	0.0	0.0	0.0	0.0	0.0	0.0	0.0	2.793892753632759e-06	0.0	0.0	0.0	0.0	0.0	0.0	0.0	0.0	0.0	0.0	0.0	0.0	0.0	0.0	0.0	0.0	0.0	0.0	0.0	0.0	0.0	0.0	0.0	0.0	0.0	0.0	0.0
2675232	Neobacillus	0.0	0.0	0.0	0.0	0.0	0.0	0.0	8.575054594514251e-06	0.0	0.0	0.0	0.0	0.0	0.0	0.0	0.0	0.0	0.0	0.0	0.0	0.0	0.0	0.0	0.0	0.0	0.0	0.0	0.0	0.0	0.0	0.0	0.0	0.0	0.0	0.0	0.0	0.0	0.0	2.5054864187125953e-06	0.0	0.0	0.0	0.0	0.0	0.0	0.0	0.0	0.0	0.0	0.0	0.0	0.0	0.0	0.0	0.0	0.0	0.0	0.0	0.0	0.0	0.0	0.0	0.0	0.0
2675233	Metabacillus	0.0	0.0	3.612905207077049e-06	0.0	0.0	0.0	0.0	2.143763648628563e-06	0.0	0.0	0.0	0.0	0.0	0.0	0.0	0.0	0.0	0.0	0.0	0.0	0.0	0.0	0.0	0.0	0.0	0.0	0.0	0.0	0.0	0.0	0.0	0.0	0.0	0.0	0.0	0.0	1.6932683355350055e-06	0.0	0.0	0.0	0.0	0.0	0.0	0.0	0.0	0.0	0.0	0.0	0.0	0.0	0.0	0.0	0.0	0.0	0.0	0.0	0.0	0.0	0.0	0.0	0.0	0.0	0.0	0.0
2676233	Sphingosinithalassobacter	0.0	0.0	5.419357810615574e-06	0.0	0.0	0.0	0.0	0.0	0.0	1.0547768327518267e-06	0.0	0.0	0.0	0.0	0.0	0.0	0.0	0.0	0.0	0.0	0.0	0.0	0.0	0.0	0.0	0.0	0.0	0.0	0.0	0.0	0.0	0.0	0.0	0.0	0.0	0.0	8.127688010568026e-06	0.0	0.0	0.0	0.0	0.0	0.0	0.00030318224751332254	0.0	0.0	0.0008499757318906633	0.0	0.0	0.0	0.0	0.0	0.0	0.0	0.0	0.0	0.0	0.0	0.0	0.0	0.0	0.0	0.0	0.0
2676755	Croceibacterium	0.0	0.0	0.0	0.0	0.0	0.0	0.0	0.0	0.0	0.0	0.0	0.0	0.0	0.0	0.0	0.0	0.0	0.0	0.0	0.0	0.0	0.0	0.0	0.0	0.0	0.0	0.0	0.0	0.0	0.0	0.0	0.0	0.0	0.0	0.0	0.0	0.0	0.0	0.0	0.0	0.0	0.0	0.0	0.0	0.0	0.0	0.001408734151740793	0.0	0.0	0.0	0.0	0.0	0.0	0.0	0.0	0.0	0.0	0.0	0.0	0.0	0.0	0.0	0.0	0.0
2678885	Faecalibacillus	0.0	0.0008163715745984012	1.2870974800211988e-05	0.0	4.608325268764113e-05	0.00041673168481173053	0.0	0.0003660476430033271	3.001187559310111e-05	0.003315244722018434	2.5219775796193173e-05	5.1186415807730176e-06	5.15442040352093e-05	0.0	5.912627190398661e-06	0.005158332139274968	0.006652772412110368	0.0	0.0	0.0	1.1618300518961224e-05	6.211126948552229e-06	0.0	0.0	0.0	6.792198174432413e-06	0.0	1.5350941521880185e-05	0.0	0.0	2.23944499481097e-05	0.0	1.4629051770306078e-05	9.052982580552685e-05	0.000224752742358703	0.0	2.709229336856009e-06	0.0036116792132631303	0.01071918675251497	0.0	0.0	3.7871970377626825e-06	0.0	0.0	0.0	3.611270303582223e-05	0.0	2.748299489690754e-05	0.0	4.910840188632387e-06	0.0	0.0001377611882864509	0.0	4.1439765773719684e-05	0.0002101981258582898	0.0010880449853643507	0.0007768895319678745	0.0	6.318843178667585e-05	0.0	0.00010367174841184029	0.0	0.0	4.232393244104525e-05
2679910	Intestinibaculum	0.0	4.552257850920453e-06	0.0	0.0	0.0	0.0	0.0	5.1807621508523605e-06	0.0	3.6511505749101695e-06	0.0	0.0	0.0	0.0	0.0	0.0	8.336552733779305e-06	0.0	0.0	0.0	0.0	0.0	0.0	0.0	0.0	0.0	0.0	0.0	0.0	0.0	0.0	0.0	0.0	0.0	0.0	0.0	0.0	0.0	1.4078447495623154e-05	0.0	0.0	0.0	0.0	0.0	0.0	0.0	0.0	0.0	0.0	0.0	0.0	0.0	0.0	0.0	0.0	0.0	6.5462287281881245e-06	0.0	0.0	0.0	0.0	0.0	0.0	0.0
2680004	Protaetiibacter	0.0	6.207624342164253e-06	0.0	0.0	0.0	0.0	0.0	0.0	0.0	0.0	0.0	0.0	0.0	0.0	0.0	0.0	0.0	0.0	0.0	0.0	0.0	0.0	0.0	0.0	0.0	1.2927086848113303e-05	0.0	0.0	0.0	0.0	0.0	0.0	0.0	0.0	0.0	0.0	0.0002066634003520474	0.0	0.0	0.0	0.0	0.0	0.0	0.0	0.0	0.0	0.0	0.0	0.0	0.0	0.0	0.0	0.0	0.0	0.0	0.0	0.0	0.0	0.0	0.0	0.0	0.0	0.0	0.0
2683599	Paroceanicella	0.0	0.0	0.0	0.0	0.0	0.0	0.0	2.0544401632690395e-05	0.0	0.0	0.0	0.0	0.0	1.871759929727838e-05	1.526097018062357e-05	0.0	0.0	0.0	0.0	0.0	0.0	0.0	0.0	0.0	0.0	0.0	0.0	0.0	0.0	0.0	0.0	0.0	0.0	0.0	0.0	0.0	0.0	0.0	0.0	0.0	0.0	0.0	0.0	0.0	0.0	0.0	0.0	2.3735313774601966e-05	0.0	0.0	0.0	0.0	0.0	0.0	0.0	0.0	0.0	0.0	0.0	0.0	0.0	0.0	0.0	0.0
2689587	Suicoccus	0.0	1.655366491243801e-06	0.0	0.0	0.0	0.0	0.0	2.3224106193476097e-06	0.0	0.0	0.0	0.0	0.0	0.0	0.0	0.0	1.4029808259287123e-05	0.0	0.0	0.0	0.0	0.0	0.0	0.0	0.0	0.0	0.0	0.0	0.0	0.0	0.0	0.0	0.0	0.0	4.542454371045843e-06	0.0	0.0	0.0	2.9827219270388037e-06	0.0	0.0	0.0	0.0	0.0	0.0	0.0	0.0	0.0	0.0	0.0	0.0	0.0	0.0	0.0	0.0	0.0	6.968566065490584e-06	0.0	0.0	0.0	0.0	0.0	0.0	0.0
2692113	Gleimia	0.0	3.0762227295613965e-05	1.8516139186269878e-05	0.0	0.0	0.0	0.0	2.3224106193476097e-06	0.0	0.0	0.0	0.0	0.0	0.0	0.0	0.0	0.0	0.0	0.0	0.0	0.0	0.0	0.0	0.0	0.0	0.0	0.0	1.5502931041898798e-05	0.0	0.0	1.296520786469509e-05	0.0	4.070692666519952e-05	0.0	2.9624702419864193e-05	0.0	2.2859122529722574e-06	0.0	1.6464625037254196e-05	0.0	0.0	6.311995062937804e-06	0.0	0.0	0.0	0.0	0.0	0.0	0.0	0.0	0.0	0.0	0.0	0.0	4.2662263613585975e-06	0.0	1.5415312811539777e-05	0.0	0.0	0.00017189775117294935	0.0	0.0	0.0	0.0
2692118	Winkia	0.0	0.00021864632405178537	0.00024296787517593156	7.829108201096639e-05	0.00010697897945345262	0.0001114157089378482	0.0	0.0001454186341653042	0.0	1.987848646339981e-05	7.759931014213284e-05	0.0	2.6759118690619296e-05	2.4846370748599615e-06	2.2052501412838246e-05	0.0006670257076648665	0.0005776621052845611	0.0	3.8518695235113145e-05	4.948576047242406e-05	6.468567315962195e-05	9.652427014641976e-06	0.0	0.0	0.0	5.214655372628756e-05	0.0	0.00019986621882447963	6.894405088882062e-05	0.0	0.000142617286511646	0.0	0.00019240383306598212	0.00019614795591197482	0.00014101358351855354	8.956660956795307e-05	0.0001086231637245706	0.0	0.0007356585360848506	9.534863076078343e-05	0.0	0.00014842205533708037	0.0	0.00036148652588126914	0.00015049257377030203	0.00013895540081175075	0.0	0.00015927644769798686	0.0	8.173041171081044e-05	0.0	0.00019394312540885826	0.0005961924371719261	0.0005819015530751796	7.575434376790807e-05	0.002946387305499923	0.004940502171764173	0.0	0.00033218052687855853	0.0020223264843876394	0.0008190068124535383	0.0	2.448597179344923e-05	3.983428935627788e-05
2692382	Gudongella	0.0	0.0	0.0	0.0	0.0	0.0	0.0	0.0	0.0	0.0	0.0	0.0	2.1933703844769915e-06	0.0	0.0	0.0	0.0	0.0	0.0	0.0	0.0	0.0	0.0	0.0	0.0	0.0	0.0	0.0	0.0	0.0	0.0	0.0	0.0	0.0	0.0	0.0	0.0	0.0	0.0	0.0	0.0	0.0	0.0	0.0	0.0	0.0	0.0	0.0	0.0	0.0	0.0	0.0	0.0	0.0	0.0	0.0	0.0	0.0	0.0	0.0	0.0	0.0	0.0	0.0
2698688	Paraflavitalea	0.0	0.0	0.0	0.0	0.0	0.0	0.0	0.0	0.0	0.0	0.0	0.0	0.0	1.5459964021350873e-06	1.5980073487563947e-06	0.0	0.0	0.0	0.0	0.0	0.0	0.0	0.0	0.0	0.0	0.0	0.0	0.0	0.0	0.0	0.0	0.0	0.0	0.0	0.0	0.0	0.0	0.0	0.0	0.0	0.0	0.0	0.0	0.0	0.0	0.0	0.0	0.0	0.0	0.0	0.0	0.0	0.0	0.0	0.0	0.0	0.0	0.0	0.0	0.0	0.0	0.0	0.0	0.0
2705399	Hypericibacter	0.0	0.0	0.0	0.0	0.0	0.0	0.0	2.3224106193476097e-06	0.0	0.0	0.0	0.0	0.0	0.0	0.0	0.0	0.0	0.0	0.0	0.0	0.0	0.0	0.0	0.0	0.0	0.0	0.0	0.0	0.0	0.0	0.0	0.0	0.0	0.0	0.0	0.0	0.0	0.0	0.0	0.0	0.0	0.0	0.0	0.0	0.0	0.0	0.0	0.0	0.0	0.0	0.0	0.0	0.0	0.0	0.0	0.0	0.0	0.0	0.0	0.0	0.0	0.0	0.0	0.0
2717089	Massilistercora	0.0	7.531917535159295e-05	0.0	0.0	0.0	8.925567843087286e-06	0.0	2.197357739844277e-05	0.0	3.2454671776979284e-05	0.0	0.0	0.0	0.0	0.0	7.41139675183185e-05	6.974238018747078e-05	0.0	0.0	0.0	0.0	0.0	0.0	0.0	0.0	0.0	0.0	0.0	0.0	0.0	0.0	0.0	0.0	0.0	2.7649722258539915e-06	0.0	0.0	0.0	0.00017144685636619043	0.0	0.0	0.0	0.0	0.0	0.0	0.0	0.0	4.497217346766688e-05	0.0	0.0	0.0	0.0	0.0	9.596577337071928e-06	2.086991814610557e-05	7.221537513480203e-05	4.540126376001441e-05	0.0	0.0	0.0	0.0	0.0	0.0	0.0
2719231	Lacrimispora	0.0	3.779753488340012e-05	0.0	0.0	0.0	0.0	0.0	3.930233355819032e-06	0.0	7.058891111492994e-06	0.0	0.0	0.0	0.0	0.0	0.0	1.7283097131005875e-05	0.0	0.0	0.0	0.0	0.0	0.0	0.0	0.0	0.0	0.0	0.0	0.0	0.0	0.0	0.0	0.0	0.0	0.0	0.0	0.0	0.0	8.840787791743014e-05	0.0	0.0	0.0	0.0	0.0	0.0	0.0	0.0	0.0	0.0	0.0	0.0	0.0	0.0	0.0	5.188653682733429e-06	0.0	8.235578077397964e-06	0.0	0.0	0.0	0.0	0.0	0.0	0.0
2719313	Enterocloster	0.0	0.0001605705496506487	3.3870986316347334e-06	0.0	3.620826996886089e-05	0.0001698935672201442	0.0	0.0001238023507082995	4.617211629707863e-06	0.0008627263125115519	0.0	0.0	2.52237594214854e-06	0.0	0.0	0.00020751910905129182	0.00023667676541753928	0.0	0.0	0.0	8.792227419754439e-06	1.9304854029283953e-06	0.0	0.0	0.0	0.0	0.0	5.4716227206701645e-06	0.0	0.0	2.9466381510670663e-06	0.0	0.0	0.0	3.396965877477761e-05	0.0	1.185287834874504e-06	0.000739741525608111	0.0036283022609270824	0.0	0.0	1.98376987692331e-06	0.0	0.0	0.0	2.355176284944928e-05	0.0011696044890083222	0.000319177508916358	0.0	0.0	0.0	1.1544233655289183e-05	0.0	3.3151812618975746e-05	4.78509172963194e-05	0.00027441842551224774	0.00018962946444880436	0.0	1.976844793326172e-05	0.0	3.354085978030127e-05	0.0	0.0	0.0
2723776	Lichenihabitans	0.0	0.0	2.9354854807501023e-06	0.0	0.0	0.0	0.0	0.0	0.0	0.0	0.0	0.0	0.0	4.3895254989192656e-05	4.586281090930853e-05	0.0	0.0	0.0	0.0	0.0	0.0	0.0	0.0	0.0	0.0	0.0	0.0	0.0	0.0	0.0	0.0	0.0	0.0	0.0	0.0	0.0	0.0	0.0	0.0	0.0	0.0	0.0	0.0	0.0	0.0	0.0	0.0	0.0	0.0	0.0	0.0	0.0	0.0	0.0	0.0	0.0	0.0	0.0	0.0	0.0	0.0	0.0	0.0	0.0
2740557	Pauljensenia	0.0	1.0759882193084707e-05	3.4548406042674285e-05	3.7382228347578546e-05	0.0	0.0002717681519119336	0.0	2.9834044110080835e-05	1.3726845385617972e-06	8.543692345289797e-05	7.274935325824953e-05	0.0	9.321824134027214e-05	0.0	1.0866449971543484e-05	6.91730363504306e-05	0.00015778451027835953	0.0	0.0	0.00019794304188969623	2.731870662566558e-05	0.0	0.0	0.0	0.0	0.00017856908103749733	0.0	0.0001310149662560467	3.0416493039185567e-05	0.0	5.598612487027425e-05	0.0	0.00026809327483408746	0.00032439854246980453	8.926910329185744e-05	3.35874785879824e-05	0.0003509298625396299	0.0	4.295119574935877e-06	0.0	0.0	5.644727013427236e-05	0.0	0.0	7.331689491373688e-05	3.140235046593237e-05	0.0	2.5609154335754753e-05	0.0	0.00040198734686947967	0.0	0.00042713664524569975	0.00012850263056838506	0.00021374194978023838	7.2641151558268e-06	6.74010167924819e-05	0.00021898190939132533	0.0	0.0009630058207488923	0.0	3.110152452355209e-05	0.00046572381061720316	3.3829303135686437e-06	0.00011203393881453154
2742598	Limosilactobacillus	0.0002200004888899753	1.1449618231102957e-05	3.4322599467231966e-05	0.0	0.0	3.508671496937761e-05	0.011659162115427417	4.233933206041412e-05	1.0607107797977525e-06	1.225163859580968e-05	5.9169473983376286e-05	0.0	4.408674472798753e-05	0.0	0.0	0.0	1.3623147150322278e-05	0.0	0.0	4.123813372702005e-05	0.0	5.53965376492496e-06	0.0	0.00025676937441643325	0.0	4.382063338343493e-06	0.0	3.282973632402099e-05	0.0003325536572284289	0.0	3.56543216279115e-05	0.0	5.438190984178998e-05	0.0	0.00014970349622838038	0.0	3.20027715416116e-05	0.0	1.9089420333048346e-05	0.0004504400832492183	0.0	1.2984675558043484e-05	0.0	0.0013293375467891835	9.261081462787817e-05	4.003799684406378e-05	0.0003196287571176589	0.00013429190688261637	0.0	2.4554200943161937e-05	0.001406674993871333	8.850579135721707e-05	0.0	0.0	7.494721986170508e-06	0.0	0.0	0.0005336297943301834	0.0	0.0010414981394596345	1.158684246955862e-05	0.0	2.7385626347936636e-06	0.00011203393881453154
2743582	Peptacetobacter	0.0	2.4830497368657013e-06	0.0	0.0	0.0	0.0	0.0	3.3942924436618915e-06	1.1231055315505614e-06	1.6227335888489642e-06	0.0	0.0	0.0	0.0	0.0	0.0	3.4566194262011754e-06	0.0	0.0	0.0	0.0	8.393414795340849e-07	0.0	0.0	0.0	0.0	0.0	0.0	0.0	0.0	0.0	0.0	0.0	0.0	7.504924613032262e-06	0.0	0.0	0.0	5.010972837425191e-06	0.0	0.0	0.0	0.0	0.0	0.0	0.0	0.0	0.0	0.0	0.0	0.0	0.0	0.0	0.0	0.0	6.74010167924819e-05	2.111686686512298e-06	0.0	0.0	0.0	0.0	0.0	0.0	0.0
2749267	Amedibacterium	0.0	8.414779663822655e-06	0.0	0.0	0.0	0.0	0.0	6.431290945885689e-06	0.0	1.0547768327518267e-05	0.0	0.0	0.0	0.0	0.0	0.0	1.972306378479494e-05	0.0	0.0	0.0	0.0	0.0	0.0	0.0	0.0	0.0	0.0	0.0	0.0	0.0	0.0	0.0	0.0	0.0	2.3699761935891352e-06	0.0	0.0	0.0	0.00018158811091812237	0.0	0.0	0.0	0.0	0.0	0.0	0.0	0.0	9.369202805763934e-06	0.0	0.0	0.0	0.0	0.0	0.0	2.1907648882652255e-06	0.0	9.291421420654112e-06	0.0	0.0	0.0	0.0	0.0	0.0	0.0
2755140	Pseudoleptotrichia	0.0	0.0	2.483872329865471e-06	0.0	0.0	4.678228662583681e-05	0.0	4.108880326538079e-06	0.0	1.8336889553993297e-05	2.230980166586319e-05	0.0	2.281105199856071e-05	0.0	1.7578080836320343e-06	0.0	2.7652955409609403e-05	0.0	0.0	0.0	7.975806302205813e-05	0.0	0.0	0.0	0.0	1.7309150186456794e-05	0.0	1.2767119681563716e-05	0.0	0.0	1.1491888789161557e-05	0.0	1.272091458287485e-05	0.0	1.5602343274461808e-05	0.0	2.8870225120871844e-05	0.0	0.0	0.0	0.0	7.574394075525365e-06	0.0	0.0	0.0	1.177588142472464e-05	0.0	0.0	0.0	1.1575551873204913e-05	0.0	1.6161927117404857e-05	2.0919032883225474e-05	4.972771892846362e-05	3.805012700671181e-06	0.0	5.912722722234435e-06	0.0	2.2945519922535924e-05	0.0	0.0	0.0	0.0	0.0
2758920	Paraconexibacter	0.0	0.0	0.0	0.0	0.0	0.0	0.0	0.0	0.0	0.0	0.0	0.0	0.0	0.0	0.0	0.0	0.0	0.0	0.0	0.0	0.0	0.0	0.0	0.0	0.0	0.0	0.0	0.0	0.0	0.0	0.0	0.0	0.0	0.0	0.0	0.0	0.0	0.0	0.0	0.0	0.0	0.0	0.0	0.0	0.0	0.0	8.286671480828193e-05	0.0	0.0	0.0	0.0	0.0	0.0	0.0	0.0	0.0	0.0	0.0	0.0	0.0	0.0	0.0	0.0	0.0
2759736	Lacticaseibacillus	0.0009207427868358226	3.641806280736362e-05	0.0015330008406778805	1.551715138956091e-05	0.0	5.5400076267438326e-05	0.0	2.6439751666418943e-05	5.553132905999998e-06	0.00031781237337606964	0.0	1.1943497021803707e-05	0.00015496161766329945	0.0	0.0	6.42321051825427e-05	3.639616925235355e-05	0.0	0.0	0.0	0.0	0.0	0.0	0.0	0.0	6.792198174432413e-06	0.0	2.644617648323913e-05	0.007603109376695086	0.0013917948623413492	1.5617182200655452e-05	0.0	0.0004725819767538007	8.298567365506628e-05	0.0003065169210375282	0.0	2.6245659200792585e-05	0.00041338497019276796	0.0	0.0	0.0	4.634807803357188e-05	0.0	0.0	0.0	0.00012874963691032274	6.629337184662555e-05	0.0006208658392619567	0.00020663464760415504	0.001384856933194333	9.922603691208574e-05	0.0009250779235771732	0.0	0.00010992443131555117	0.0	0.0	0.00015457546545270023	0.0	0.00016414871944583394	0.0	6.647188574641524e-05	0.0	2.5613615231305442e-05	0.0
2761542	Fundicoccus	0.0	5.793782719353303e-06	3.612905207077049e-06	0.0	0.0	0.0	0.0	0.0	0.0	0.0	0.0	0.0	0.0	0.0	0.0	0.0	0.0	0.0	0.0	0.0	0.0	0.0	0.0	0.0	0.0	0.0	0.0	0.0	0.0	0.0	0.0	0.0	0.0	0.0	0.0	0.0	2.455239086525758e-06	0.0	3.937192943691221e-06	0.0	0.0	0.0	0.0	0.0	1.543513577131303e-05	0.0	0.0	0.0	0.0	0.0	0.0	0.0	0.0	0.0	0.0	0.0	0.0	0.0	0.0	0.0	0.0	0.0	0.0	0.0
2766734	Faecalibacter	0.0	0.0	0.0	0.0	0.0	0.0	0.0	0.0	0.0	0.0	0.0	0.0	0.0	0.0	0.0	0.0	0.0	0.0	0.0	0.0	0.0	0.0	0.0	0.0	0.0	0.0	0.0	0.0	0.0	0.0	0.0	0.0	0.0	0.0	0.0	0.0	0.0	0.0	0.0	0.0	0.0	0.0	0.0	0.0	0.0	0.0	0.0	0.0	0.0	0.0	0.0	1.2313849232308462e-05	0.0	0.0	0.0	0.0	0.0	0.0	0.0	0.0	0.0	0.0	0.0	0.0
2767327	Fannyhessea	0.0	9.794251739859156e-06	2.8677435081174078e-05	0.0	8.887484446902218e-05	0.0	0.0	3.126321987583321e-05	8.298501983123593e-06	4.219107331007307e-06	0.0	0.0	0.0	0.0	0.0	0.0009041904037234858	3.049958317236331e-06	0.0	0.0	0.0	0.0	9.568492866688568e-06	0.0	0.0	0.0	0.0	0.0006097251155937198	0.0	0.0	0.0	0.0	0.0	0.0	0.0	2.567474209721563e-06	0.0	0.0	0.0	2.1356288997597836e-05	0.00012493958513481968	0.0	3.7871970377626825e-06	0.0	0.0007812773301304849	1.865078905700324e-05	0.0	3.0779065500219e-05	1.2492270407685245e-05	0.0	0.0	0.0	0.0	0.0	0.0	0.0	0.0	2.534024023814758e-06	0.0	4.5891039845071846e-06	0.0	0.0	2.8160044362900656e-05	7.249136386218522e-06	0.0
2767353	Lancefieldella	0.0	0.00011463412951863322	8.241940003644518e-05	0.00012202123592700168	2.1395795890690525e-05	6.2478974901611e-05	0.0	2.483192892994752e-05	2.246211063101123e-06	2.2555996885000604e-05	0.0001280388617345192	0.0	5.4724591092700936e-05	0.0	5.353324618333923e-06	0.0	6.221914967162116e-05	0.0	0.0	5.773338721782807e-05	2.7632714747799665e-05	0.0	8.212342868146588e-05	0.0	0.0	0.00031309842552464253	0.0	0.00023482380842876122	0.00010949937494106805	0.0	7.926456626370408e-05	0.0	0.0002178456622317318	0.0	0.000227517714584557	0.0	0.0001259791641638044	0.0	2.3503848785065773e-05	6.57576763867472e-05	0.0	8.963032989371683e-05	0.0	0.0	1.7364527742727155e-05	0.00028811656552492956	4.261716761568785e-05	3.4978357141518686e-05	0.0	0.00034165416740913895	0.0004202514504511866	0.0003070766152306923	7.471083172580527e-05	0.00014176761975219891	6.560764323278492e-05	0.0	3.315348097824308e-05	0.0003779877709838799	0.0022945519922535924	0.0	1.0367174841184029e-05	0.0	3.65678657704801e-05	0.0
2767358	Mycoplasmopsis	0.0	0.0	0.0	0.0	0.0	0.0	0.0	0.0	0.0	0.0	0.0	0.0	0.0	0.0	0.0	0.0	0.0	0.0	0.0	0.0	0.0	0.0	0.0	0.0	0.0	0.0	0.0	0.0	0.0	0.0	0.0	0.0	0.0	0.0	0.0	0.0	0.0	0.0	0.0	0.0	0.0	0.0	0.0	0.0	0.0	0.0	0.0	0.0	0.0	0.0	0.0	0.0	0.0	0.0	3.3437990399837653e-06	0.0	0.0	0.0	0.0	0.0	0.0	0.0	0.0	0.0
2767842	Lactiplantibacillus	0.0001385188263381326	0.00030665664250291414	0.0001799678406275255	0.0003427879806966637	0.0	6.0324527491210624e-05	0.0	1.3934463716085659e-05	9.983160280449435e-07	4.081174975955145e-05	8.729922390989944e-05	2.6872868299058342e-05	0.00014169172683721365	0.0	0.0	0.0	4.4326060877168014e-05	0.0	0.0	9.897152094484812e-05	3.642494216755411e-05	0.0	0.0	0.0	0.0	6.573095007515238e-06	0.0	1.9910627122438652e-05	0.002420138962817865	0.0	1.473319075533533e-05	0.0006313795643481006	0.00033774028217532727	0.0001282505865578297	0.00032824170281209525	0.0	7.001664567437248e-05	0.0	4.4740828905582054e-05	0.0	0.0	3.065826173426934e-05	5.423692475360484e-05	0.0	0.0	0.0	0.0	2.186147321344918e-05	0.0001452027253434603	0.0005577311357089639	0.0008813606808073497	0.0028252587832377726	2.8390116055806e-05	4.362080607759967e-05	7.494721986170508e-06	0.0	1.3303626125027478e-05	0.0	6.848355176879953e-05	0.0	3.659002885123775e-05	0.0	1.7881203086005688e-05	0.0
2767879	Companilactobacillus	0.0	4.414310643316803e-06	0.00025493562367437427	0.0	0.0	0.0	0.0	0.0	0.0	8.925034738669303e-07	0.0	0.0	5.4834259611924784e-06	0.0	0.0	0.0	0.0	0.0	0.0	0.0	0.0	0.0	0.0	0.0	0.0	0.0	0.0	3.6477484804467763e-06	0.0003751367474832887	0.0	1.384919931001521e-05	0.0	4.1342972394343265e-06	0.0	3.752462306516131e-06	0.0	6.519083091809771e-06	0.0	2.3861775416310432e-06	0.0	0.0	0.0	0.0	0.0	0.0	0.0	0.0	0.0	0.0	0.0	0.0	0.0	0.0	0.0	0.0	0.0	0.0	0.0	0.0	0.0	0.0	0.0	0.0	0.0
2767882	Furfurilactobacillus	0.0	0.0	0.0	0.0	0.0	0.0	0.0	0.0	0.0	1.7850069477338606e-06	0.0	0.0	0.0	0.0	0.0	0.0	0.0	0.0	0.0	0.0	0.0	0.0	0.0	0.0	0.0	0.0	0.0	0.0	0.0	0.0	0.0	0.0	0.0	0.0	0.0	0.0	0.0	0.0	0.0	0.0	0.0	0.0	0.0	0.0	0.0	0.0	0.0	0.0	0.0	0.0	0.0	0.0	0.0	0.0	0.0	0.0	0.0	0.0	0.0	0.0	0.0	0.0	0.0	0.0
2767885	Latilactobacillus	0.0	2.2347447631791312e-05	0.00025787110915512435	1.4106501263237188e-05	6.583321812520161e-05	0.0001191101639749924	0.0	2.6975692578576085e-05	1.684658297325842e-06	6.328660996510961e-05	0.0	0.0002512399909229423	0.014125853618627943	0.0	1.0786549604105665e-05	0.0005830298778107722	0.0008289786706248348	0.0	0.0	0.0	0.0	1.2590122193011273e-06	0.0	0.0005835667600373483	0.0	0.00010560772645407816	0.0	0.00010061706225232358	0.0053188307494522495	0.0	0.0004001534609149076	0.0	0.00023978923988719094	0.0004903698897799371	0.0012430525135375015	0.00029948835074284307	0.002248660349590487	0.0	1.3004667601889184e-05	0.0	0.0005876303804906713	0.00015256993780701094	0.0	0.0	2.3795834314107586e-05	0.0	0.0	4.622140050843541e-05	0.0018932201496705016	0.002894940291198792	0.014020055333107642	0.0721676222726748	8.5170348167418e-05	0.0001592159421832388	5.303957097905283e-06	0.0	1.224778278177133e-05	0.0	1.976844793326172e-05	0.0	0.0	0.0	1.3853905093662064e-05	0.0
2767886	Levilactobacillus	0.0	0.0	0.0	0.0	0.0	9.017901303533017e-05	0.0	0.0	0.0	2.758647101043239e-06	0.0	0.0	1.6340609364353586e-05	0.0	0.0	0.0	0.0	0.0	0.0	0.0	0.0	0.0	0.0	0.0	0.0	1.139336467969308e-05	0.0	0.0	3.5485908545716494e-05	0.0	0.0	0.0	7.950571614296781e-06	0.0	6.122438500105266e-06	0.0	2.370575669749008e-06	0.0	6.800605993648473e-06	0.0	0.0	0.0	0.0	0.0	0.0	5.88794071236232e-05	0.0	0.0	0.0	0.0	0.00011089968831350759	0.00015007503751875937	0.0	5.670704790087957e-06	0.0	0.0	1.2036614113120099e-05	0.0	1.059023996424735e-05	0.0	0.0	0.0	0.0	0.0
2767887	Ligilactobacillus	0.0	1.0759882193084707e-05	0.00010770973648598452	0.0	0.0	0.00016250689038448576	0.0	7.860466711638064e-06	0.0	0.0002196369912507073	0.0	5.971748510901854e-06	0.0008037605773915935	0.0	0.0	0.0	1.850308045790041e-05	0.0	2.3608232563456443e-05	0.0	8.164211175486266e-06	1.0911439233943104e-06	0.0	0.0	0.0	0.0	0.0	3.130984112383483e-05	0.00012166597215674227	0.0	2.4457096653856647e-05	0.0	8.554815056983336e-05	0.0	0.0002958520281663771	4.1984348234978e-05	0.0003494059210376484	0.0	6.740951555107696e-05	0.0	0.0	3.318305975944446e-05	0.0	0.00027986053616614387	7.717567885656515e-06	0.0	0.0	3.685219770267147e-05	0.0	0.0	0.0	4.771616577519529e-05	1.942481624870937e-05	6.106912850863954e-06	1.072321761098242e-05	0.0	1.119193943851518e-05	0.0	0.0	0.0	0.0	0.0	4.993849510506093e-06	0.0
2767888	Liquorilactobacillus	0.0	0.0	0.0	0.0	0.0	0.0	0.0	0.0	0.0	0.0	0.0	0.0	2.4127074229246904e-06	0.0	0.0	0.0	0.0	0.0	0.0	0.0	0.0	0.0	0.0	0.0	0.0	0.0	0.0	1.8238742402233882e-06	0.0	0.0	0.0	0.0	4.4523201040061975e-06	0.0	6.517434532370122e-06	3.35874785879824e-05	8.381678260898277e-06	0.0	0.0	0.0	0.0	2.524798025175122e-06	0.0	0.0	0.0	0.0	0.0	0.0	0.0	0.0	0.0	0.0	0.0	0.0	0.0	0.0	0.0	0.0	0.0	0.0	0.0	0.0	0.0	0.0
2767889	Loigolactobacillus	0.0	0.0	0.0	0.0	0.0	0.0	0.0	0.0	0.0	0.0	0.0	0.0	1.28312167491904e-05	0.0	0.0	0.0	2.846627762753909e-06	0.0	0.0	0.0	0.0	0.0	0.0	0.0	0.0	0.0	0.0	0.0	0.0	0.0	0.0	0.0	0.0	0.0	0.0	0.0	1.0582927097093785e-05	0.0	1.6822551668498853e-05	0.0	0.0	0.0	0.0	0.0	0.0	0.0	0.0	0.0	0.0	0.0	0.0	6.003001500750375e-05	0.0	0.0	0.0	0.0	0.0	0.0	0.0	0.0	0.0	0.0	0.0	0.0
2767890	Paucilactobacillus	0.0	0.0	0.0	0.0	0.0	0.0	0.0	0.0	0.0	0.0	0.0	0.0	0.0	0.0	0.0	0.0	0.0	0.0	0.0	0.0	0.0	0.0	0.0	0.0	0.0	0.0	0.0	0.0	0.0	0.0	0.0	0.0	0.0	0.0	0.0	0.0	0.0	0.0	0.0	0.0	0.0	0.0	0.0	0.0	0.0	0.0	0.0	0.0	0.0	0.0	0.0	1.2313849232308462e-05	0.0	0.0	0.0	0.0	0.0	0.0	0.0	0.0	0.0	0.0	0.0	0.0
2767892	Secundilactobacillus	0.0	0.0	0.0	0.0	0.0	0.0	0.0	0.0	0.0	4.219107331007307e-06	0.0	0.0	0.0	0.0	0.0	0.0	0.0	0.0	0.0	0.0	0.0	0.0	0.0	0.0	0.0	0.0	0.0	0.0	0.0	0.0	0.0	0.0	0.0	0.0	0.0	0.0	1.0159610013210032e-06	0.0	1.6703242791417302e-06	0.0	0.0	0.0	0.0	0.0	0.0	0.0	0.0	0.0	0.0	0.0	0.0	0.0	0.0	0.0	0.0	0.0	0.0	0.0	0.0	0.0	0.0	0.0	0.0	0.0
2767893	Lentilactobacillus	0.0	8.690674079029955e-06	0.0	0.0	0.0	0.0	0.0	6.609937916604736e-06	0.0	0.0	0.0	0.0	4.277072249730133e-06	0.0	0.0	0.0	0.0	0.0	0.0	0.0	0.0	0.0	0.0	0.0	0.0	0.0	0.0	0.0	4.562473955877835e-05	0.0	0.0	0.0	0.0	0.0	0.0	0.0	0.0	0.0	0.0	0.0	0.0	0.0	0.0	0.0	0.0	0.0	0.0	0.0	0.0	0.0	0.0	0.0	0.0	0.0	0.0	0.0	0.0	0.0	0.0	0.0	0.0	0.0	0.0	0.0
2781897	Lichenicoccus	0.0	0.0	0.0	0.0	0.0	0.0	0.0	0.0	0.0	0.0	0.0	0.0	0.0	0.0	0.0	0.0	0.0	0.0	0.0	0.0	0.0	0.0	0.0	0.0	0.0	0.0	0.0	0.0	0.0	0.0	0.0	0.0	0.0	0.0	0.0	0.0	0.0	0.0	0.0	0.0	0.0	0.0	0.0	0.0	0.0	0.0	0.0	0.0	0.0	0.0	0.0	0.0	0.0	0.0	0.0	0.0	3.167530029768447e-06	0.0	0.0	0.0	0.0	0.0	0.0	0.0
2782229	Epilithonimonas	0.0005459271390973461	4.966099473731403e-06	4.832260714465553e-05	0.0	0.00020572880664125503	1.1080015253487666e-05	0.0	9.21818368910282e-05	1.4038819144382018e-05	2.442214051217691e-05	2.8129749926523154e-05	0.00030029363940535037	5.4834259611924784e-06	0.0	5.193523883458283e-06	0.0015909798360599038	1.0979849942050793e-05	0.0	0.0	0.0	0.0	2.1403207728119165e-05	0.0	0.0	0.0	4.119139538042883e-05	0.0	6.383559840781858e-06	0.0	0.00014747495230107012	1.2081216419374971e-05	0.0008769160615945842	1.6219166093165434e-05	0.00018860380376151426	6.517434532370122e-06	0.0	5.672448924042269e-06	0.00043514207388712414	5.726826099914503e-06	0.0002860458922823503	0.0	1.3706046422379233e-05	0.0	0.00034982567020767983	4.308975402824887e-05	1.177588142472464e-05	0.0	5.184292219189377e-05	0.0	0.0	0.00031518858783839	2.616692961865548e-05	0.0001972365957561259	2.5736275585783806e-05	0.0	0.0	3.378698698419677e-06	0.0	7.0601599761649e-06	0.0	0.0	0.0007884812421612184	0.0	0.0
2782231	Kaistella	0.0	0.0	0.0	0.0	0.0	0.0	0.0	0.0	0.0	0.0	0.0	0.0	3.1803870574916374e-06	0.0	0.0	0.0	0.0	0.0	0.0	0.0	0.0	0.0	0.0	0.0	0.0	1.1174261512775905e-05	0.0	0.0	0.0	0.0	0.0	0.0	0.0	0.0	0.0	0.0	0.0	0.0	0.0	0.0	0.0	0.0	0.0	0.0005014167939643411	0.0	0.0	0.0	1.374149744845377e-05	0.0	0.0	0.0	0.0	1.7930599614193265e-05	0.0	0.0	0.0	0.0	0.0	0.0	0.0	0.0	0.0	0.0	0.0
2795377	Pelagovum	0.0	0.0	0.0	0.0	0.0	0.0	0.0	0.0	0.0	0.0	0.0	0.0	0.0	0.0	0.0	0.0	0.0	0.0	0.0	0.0	0.0	0.0	0.0	0.0	0.0	0.0	0.0	0.0	0.0	0.0	0.0	0.0	0.0	0.0	0.0	0.0	0.0	0.0	0.0	0.0	0.0	0.0	0.0	0.0	0.0	0.0	0.0	6.371057907919475e-05	0.0	0.0	0.0	0.0	6.126288201516033e-05	0.0	0.0	0.0	0.0	0.0	0.0	0.0	0.0	0.0	0.0	0.0
2795777	Maioricimonas	0.0	0.0	0.0	0.0	0.0	0.0	0.0	0.0	0.0	0.0	0.0	0.0	0.0	0.0	0.0	0.0	0.0	4.7191774788266235e-05	3.7276156679141754e-05	0.0	0.0	0.0	0.0	0.0	0.0	0.0	0.0	0.0	0.0	0.0	0.0	0.0	0.0	0.0	0.0	0.0	0.0	0.0	0.0	0.0	0.0	2.1641125930072472e-06	0.0	0.0	0.0	0.0	0.0	0.0	0.0	0.0	0.0	0.0	0.0	0.0	0.0	0.0	0.0	0.0	0.0	0.0	0.0	0.0	0.0	0.0
2795782	Botrimarina	0.0	0.0	0.0	0.0	0.0	0.0	0.0	0.0	0.0	0.0	0.0	0.0	0.0	0.0	0.0	0.0	0.0	0.0	1.9880616895542268e-05	0.0	0.0	0.0	0.0	0.0	0.0	0.0	0.0	0.0	0.0	0.0	0.0	0.0	0.0	0.0	0.0	0.0	0.0	0.0	0.0	0.0	0.0	2.1641125930072472e-06	0.0	0.0	0.0	0.0	0.0	0.0	0.0	0.0	0.0	0.0	0.0	0.0	0.0	0.0	0.0	0.0	0.0	0.0	0.0	0.0	0.0	0.0
2800373	Priestia	0.0	0.0	0.00010793554306142684	0.0	0.0	2.1544474104003793e-05	0.0	0.0	0.0	0.0	0.0	0.0	0.0	1.6012105593541975e-06	0.0	0.0	0.0	0.0	0.0	0.0	0.0	0.0	0.0	0.0	0.0	0.0	0.0	0.0	7.705511569927011e-05	0.0	2.180512231789629e-05	0.0	0.0	0.0	0.00010427895251792195	0.0	1.5832058937252302e-05	0.0	6.561988239485368e-06	0.0006411373447707852	0.0	7.2137086433574904e-06	0.0	0.00032650395886050116	0.0	0.0	0.0	0.0	0.0	4.910840188632387e-06	0.0	0.0	8.06876982638697e-05	5.757946402243156e-05	0.0	0.0	0.0	0.0	0.0	0.0	0.0	0.0	0.0	0.0
2800681	Aurantiacibacter	0.0	0.0	0.0	0.0	0.0	0.0	0.0	0.0	0.0	0.0	0.0	0.0	0.0	0.0	0.0	0.0	0.0	0.0	0.0	0.0	0.0	0.0	0.0	0.0	0.0	0.0	0.0	0.0	0.0	0.0	0.0	0.0	0.0	0.0	0.0	0.0	0.0	0.0	0.0	0.0	0.0	0.0	0.0	0.0	0.0	0.0	0.0002746439690788773	0.0	0.0	0.0	0.0	0.0	0.0	0.0	0.0	0.0	0.0	0.0	0.0	0.0	0.0	0.0	0.0	0.0
2800685	Pelagerythrobacter	0.0	0.0	0.0	0.0	0.0	0.0	0.0	0.0	0.0	0.0	0.0	0.0	0.0	0.0	0.0	0.0	0.0	0.0	0.0	0.0	0.0	0.0	0.0	0.0	0.0	0.0	0.0	0.0	0.0	0.0	0.0	0.0	0.0	0.0	0.0	0.0	0.0	0.0	0.0	0.0	0.0	0.0	0.0	0.0	0.0	0.0	0.00022965918104009565	0.0	0.0	0.0	0.0	0.0	0.0	0.0	0.0	0.0	0.0	0.0	0.0	0.0	0.0	0.0	0.0	0.0
2800686	Tsuneonella	0.0	0.0	0.0	0.0	0.0	0.0	0.0	0.0	0.0	0.0	0.0	0.0	0.0	0.0	0.0	0.0	0.0	0.0	0.0	0.0	0.0	0.0	0.0	0.0	0.0	0.0	0.0	0.0	0.0	0.0	0.0	0.0	0.0	0.0	0.0	0.0	0.0	0.0	0.0	0.0	0.0	0.0	0.0	0.001959023753163007	0.0	0.0	0.0	0.0	0.0	0.0	0.0	0.0	0.0	0.0	0.0	0.0	0.0	0.0	0.0	0.0	0.0	0.0	0.0	0.0
2801844	Arachnia	0.0	0.00016650227957760565	0.0003174840450718957	0.00011567331035854494	0.00018597884120369457	0.005517232039833886	0.0	0.00014113110686804706	5.490738154247189e-06	0.0010755478226890935	0.00042388623165140064	1.1090390091674871e-05	0.00014969752874055466	0.0	4.018988482122333e-05	0.0001926963155476281	0.0007228401211850105	0.0	6.461200491051237e-05	0.0003257812564434584	0.00047697833752167833	0.0	0.0	0.0	0.00024309061670219528	0.0017337633598156028	0.0	0.000507796986382195	0.00012166597215674227	0.00013825776778225322	0.0003170582650548163	0.0	0.0009286267645498641	0.00018860380376151426	0.0002650423376497183	5.318017443097213e-05	0.0001084538368910171	0.0	2.266868664549491e-05	0.00019727302916024158	0.0	0.00041460790427697177	0.0	0.0	0.00020387241831275958	0.00018134857394075946	0.0	0.00015365492601452852	8.377080308276555e-05	0.000596667082918835	0.00014592064251777313	0.0006626390118135991	0.0005453890715983784	0.0016815820742914673	2.144643522196484e-05	0.0	0.0010710474873990377	0.0	0.001953546265404828	0.0	0.00024088435660398185	0.0008253059155588577	4.961631126567344e-05	3.485500318674315e-05
2802295	Nitratidesulfovibrio	0.0	0.0	0.0	0.0	0.0	0.0	0.0	0.0	0.0	0.0	0.0	0.0	0.0	0.0	0.0	0.0	0.0	0.0	0.0	0.0	0.0	0.0	0.0	0.0	0.0	0.0	0.0	0.0	0.0	0.0	0.0	0.0	0.0	0.0	0.0	0.0	0.0	0.0	0.0	0.0	0.0	0.0	0.0	0.0	0.0	0.0	0.0	0.0	0.0	0.0	0.0	0.0	0.0	0.0	0.0	0.0	0.0	0.0	0.0	0.0	0.0	9.097860486475597e-05	0.0	0.0
2803845	Usitatibacter	0.0	0.0	0.0	0.0	0.0	0.0	0.0	0.0	0.0	0.0	0.0	0.0	0.0	0.0	0.0	0.0	0.0	0.0	0.0	0.0	0.0	0.0	0.0	0.0	0.0	3.7247538375919685e-06	0.0	0.0	0.0	0.0	0.0	0.0	0.0	0.0	0.0	0.0	0.0	0.0	0.0	0.0	0.0	0.0	0.0	0.0	0.0	0.0	0.0	0.0	0.0	0.0	0.0	0.0	0.0	0.0	0.0	0.0	0.0	0.0	0.0	0.0	0.0	0.0	0.0	0.0
2803850	Mammaliicoccus	0.0	5.821372160874034e-05	3.838711782519364e-05	0.0	0.0	5.786230187932448e-05	0.0	9.968500966122818e-05	1.5598687938202242e-06	3.083193818813032e-06	8.34192584027928e-05	0.0	5.812431518864027e-06	0.0	2.4769113905724117e-06	0.0	3.1516235944775424e-05	0.0	0.0	0.0	0.0	2.0144195508818038e-06	2.8318423683264093e-05	0.0	0.0	1.2927086848113303e-05	0.0	4.270905512523101e-05	1.9263778924817528e-05	0.0	7.60232642975303e-05	0.0	4.038890380062765e-05	7.54415215046057e-05	3.0414694484393903e-05	0.00011475721850893986	0.0002186009421175692	0.0	1.980527359553766e-05	0.0	0.0	0.00010045089285875307	0.0	0.0	0.00011769291025626184	5.02437607454918e-05	0.0	4.747062754920393e-05	0.0	0.0	0.0	7.542232654788933e-05	2.8390116055806e-05	5.3217383414671596e-05	4.612136606874159e-06	0.0	4.730178177787548e-05	0.00023346303501945524	1.553235194756278e-05	0.0	6.098338141872958e-06	0.0	5.477125269587327e-06	4.232393244104525e-05
2804231	Lederbergia	0.0	0.0	0.0	0.0	0.0	0.0	0.0	0.0	0.0	0.0	0.0	0.0	0.0	0.0	0.0	0.0	0.0	0.0	0.0	0.0	0.0	0.0	0.0	0.0	0.0	0.0	0.0	0.0	0.0	0.0	0.0	0.0	0.0	0.0	0.0	0.0	0.0	0.0	0.0	0.0	0.0	0.0	0.0	0.0	0.0	0.0	0.0	0.0	0.0	0.0	0.0	0.0	0.0	0.0	0.0	0.0008039978431674626	2.153920420242544e-05	0.0	0.0	0.0	0.0	0.0	0.0	0.0
2804525	Lichenicola	0.0	0.0	0.0	0.0	0.0	0.0	0.0	0.0	0.0	0.0	0.0	0.0	0.0	0.0	0.0	0.0	0.0	0.0	0.0	0.0	0.0	0.0	0.0	0.0	0.0	0.0	0.0	0.0	0.0	0.0	0.0	0.0	0.0	0.0	0.0	0.0	0.0	0.0	0.0	0.0	0.0	0.0	0.0	0.0	0.0	0.0	0.0	0.0	0.0	0.0	0.0	0.0	0.0	0.0	0.0	0.0	5.912722722234435e-06	0.0	0.0	0.0	0.0	0.0	0.0	0.0
2805645	Pedococcus	0.0	0.0	0.0	0.0	0.0	0.0	0.0	0.0	0.0	0.0	0.0	0.0	0.0	0.0	0.0	0.0	0.0	0.0	0.0	0.0	0.0	0.0	0.0	0.0	0.0	0.0	0.0	0.0	0.0	0.0	0.0	0.0	0.0	0.0	0.0	0.0	1.6509366271466303e-05	0.0	0.0	0.0	0.0	0.0	0.0	0.0	0.0	0.0	8.760195565446948e-05	0.0	0.0	0.0	0.0	0.0	0.0	0.0	0.0	0.0	0.0	0.0	0.0	0.0	0.0	0.0	0.0	0.0
2815775	Berryella	0.0	0.0	0.0	0.0	0.0	0.0	0.0	0.0	0.0	0.0	0.0	0.0	0.0	0.0	0.0	0.0	0.0	0.0	0.0	0.0	0.0	0.0	0.0	0.0	0.0	0.0	0.0	0.0	0.0	0.0	0.0	0.0	0.0	0.0	0.0	0.0	0.0	0.0	2.3861775416310432e-06	0.0	0.0	0.0	0.0	0.0	0.0	0.0	0.0	0.0	0.0	0.0	0.0	0.0	0.0	0.0	0.0	0.0	0.0	0.0	0.0	0.0	0.0	0.0	0.0	0.0
2815786	Sodaliphilus	0.0	0.0	0.0	0.0	0.0	0.0	0.0	0.0	0.0	0.0	0.0	0.0	0.0	0.0	0.0	0.0	0.0	0.0	0.0	0.0	0.0	0.0	0.0	0.0	0.0	0.0	0.0	0.0	0.0	0.0	0.0	0.0	0.0	0.0	0.0	0.0	0.0	0.0	5.010972837425191e-06	0.0	0.0	0.0	0.0	0.0	0.0	0.0	0.0	0.0	0.0	0.0	0.0	0.0	0.0	0.0	0.0	0.0	0.0	0.0	0.0	0.0	0.0	0.0	0.0	0.0
2818469	Fuscovulum	0.0	0.0	0.0	0.0	0.0	0.0	0.0	3.3942924436618915e-06	0.0	0.0	0.0	0.0	0.0	0.0	0.0	0.0	0.0	0.0	0.0	0.0	0.0	0.0	0.0	0.0	0.0	0.0	0.0	0.0	0.0	0.0	0.0	0.0	0.0	0.0	0.0	0.0	0.0	0.0	0.0	0.0	0.0	0.0	0.0	0.0	0.0	0.0	0.0	1.8738405611527868e-05	0.0	0.0	0.0	0.0	4.034384913193485e-05	0.0	0.0	0.0	0.0	0.0	0.0	0.0	0.0	0.0	0.0	0.0
2828348	Occultella	0.0	0.0	0.0	0.0	0.0	0.0	0.0	0.0	0.0	0.0	0.0	0.0	0.0	0.0	0.0	0.0	0.0	0.0	0.0	0.0	0.0	0.0	0.0	0.0	0.0	0.0	0.0	0.0	0.0	0.0	0.0	0.0	0.0	0.0	0.0	0.0	2.0319220026420065e-06	0.0	0.0	0.0	0.0	0.0	0.0	0.0	0.0	0.0	3.3146685923312775e-05	0.0	0.0	0.0	0.0	0.0	0.0	0.0	0.0	0.0	0.0	0.0	0.0	0.0	0.0	0.0	0.0	0.0
2831665	Candidatus Mycosynbacter	0.0	0.0	0.0	0.0	0.0	0.0	0.0	0.0	0.0	1.3793235505216196e-06	0.0	0.0	0.0	0.0	0.0	0.0	0.0	0.0	0.0	0.0	0.0	0.0	0.0	0.0	0.0	0.0	0.0	0.0	0.0	0.0	0.0	0.0	0.0	0.0	0.0	0.0	0.0	0.0	0.0	0.0	0.0	0.0	0.0	0.0	0.0	0.0	0.0	0.0	0.0	0.0	0.0	0.0	0.0	0.0	0.0	0.0	0.0	0.0	0.0	0.0	0.0	0.0	0.0	0.0
2834348	Caproicibacterium	0.0	1.9036714649303712e-05	0.0	0.0	0.0	5.847785828229601e-06	0.0	7.145878828761877e-06	0.0	4.949337445989341e-06	0.0	0.0	1.4256907499100443e-06	0.0	0.0	0.0	1.667310546755861e-05	0.0	0.0	0.0	0.0	0.0	0.0	0.0	0.0	0.0	0.0	0.0	0.0	0.0	0.0	0.0	0.0	0.0	0.0	0.0	0.0	0.0	4.1280871470217046e-05	0.0	0.0	0.0	0.0	0.0	0.0	0.0	0.0	0.0	0.0	4.2092915902563315e-06	0.0	0.0	0.0	0.0	6.918204910311238e-06	0.0	5.701554053583205e-06	0.0	0.0	0.0	0.0	0.0	1.933103036324939e-06	0.0
2837502	Ectobacillus	0.0	0.0	0.0	0.0	0.0	0.0	0.0	0.0	0.0	0.0	0.0	0.0	0.0	0.0	0.0	0.0	0.0	0.00010382190453418572	5.2186619350798456e-05	0.0	0.0	0.0	0.0	0.0	0.0	0.0	0.0	0.0	0.0	0.0	0.0	0.0	0.0	0.0	0.0	0.0	0.0	0.0	0.0	0.0	0.0	1.98376987692331e-06	0.0	0.0	0.0	0.0	0.0	0.0	0.0	0.0	0.0	0.0	0.0	0.0	0.0	0.0	0.0	0.0	0.0	0.0	0.0	0.0	0.0	0.0
2837504	Heyndrickxia	0.0	1.2691143099535808e-05	8.422585263998371e-05	0.0	0.0	5.540007626743833e-06	0.0	2.1080342544847537e-05	0.0	0.0	0.0	0.0	0.0	0.0	0.0	0.0	0.0	0.0	0.0	0.0	1.3502349251765746e-05	0.0	0.0	0.0	0.0	0.0	0.0	0.0	0.0	0.0	0.0	0.0	0.0	0.0	3.1204686548923616e-05	0.0	6.857736758916772e-06	0.0	0.0	0.0	0.0	0.0	0.0	0.0	0.0	0.0	0.0	0.0	0.0	0.0	0.0	0.0	0.0	0.0	2.9978887944682033e-06	0.0	0.0	0.0	0.0	0.0	0.0	0.0	0.0	0.0
2837506	Niallia	0.0	5.517888304146003e-06	0.0	0.0	0.0	0.0	0.0	5.895350033728548e-06	0.0	0.0	1.4549870651649906e-05	0.0	6.7994481918786735e-06	8.28212358286654e-07	1.1985055115672961e-06	0.0	5.489924971025396e-06	0.0	0.0	0.0	0.0	0.0	0.0	0.0	0.0	2.410134836088921e-06	0.0	4.55968560055847e-06	0.0	0.0	0.0	0.0	4.4523201040061975e-06	0.0	2.7649722258539915e-06	0.0	3.04788300396301e-06	0.0	5.607517222832951e-06	0.0	0.0	3.246168889510871e-06	0.0	0.0	0.0	0.0	0.0	0.0	0.0	0.0	0.0	0.0	0.0	0.0	0.0	0.0	0.0	0.0	0.0	0.00112239119883514	0.0	0.0	0.0	0.0
2837508	Rossellomorea	0.0	0.0	0.0	0.0	0.0	0.0	0.0	0.0	0.0	0.0	0.0	0.0	0.0	0.0	0.0	0.0	0.0	0.0	0.0	0.0	0.0	0.0	0.0	0.0	0.0	0.0	0.0	0.0	0.0	0.0	0.0	0.0	0.0	0.0	0.0	0.0	0.0	0.0	0.0	0.0	0.0	0.0	0.0	0.0	0.0	0.0	0.0	0.0	0.0	0.0	0.0	0.0	3.586119922838653e-05	0.0	0.0	0.0	0.0	0.0	0.0	0.0	0.0	0.0	0.0	0.0
2838170	Alkalicella	0.0	0.0	0.0	0.0	0.0	0.0	0.0	0.0	0.0	0.0	0.0	0.0	0.0	0.0	0.0	0.0	0.0	0.0	0.0	0.0	0.0	0.0	0.0	0.0	0.0	0.0	0.0	0.0	0.0	0.0	0.0	0.0	0.0	0.0	0.0	0.0	0.0	0.0	1.1930887708155216e-06	0.0	0.0	0.0	0.0	0.0	0.0	0.0	0.0	0.0	0.0	0.0	0.0	0.0	0.0	0.0	0.0	0.0	0.0	0.0	0.0	0.0	0.0	0.0	0.0	0.0
2838250	Kaustia	0.0	0.0	0.0	0.0	0.0	0.0	0.0	0.0	0.0	0.0	0.0	0.0	0.0	5.521415721911026e-07	9.588044092538368e-07	0.0	0.0	0.0	0.0	0.0	0.0	0.0	0.0	0.0	0.0	0.0	0.0	0.0	0.0	0.0	0.0	0.0	0.0	0.0	0.0	0.0	0.0	0.0	0.0	0.0	0.0	0.0	0.0	0.0	0.0	0.0	0.0	0.0	0.0	0.0	0.0	0.0	0.0	0.0	0.0	0.0	0.0	0.0	0.0	0.0	0.0	0.0	0.0	0.0
2842531	Solibaculum	0.0	8.828621286633606e-06	0.0	0.0	0.0	1.2003349857944971e-05	0.0	6.788584887323783e-06	0.0	1.4442328940755781e-05	0.0	0.0	0.0	0.0	0.0	0.0	1.4233138813769545e-05	0.0	0.0	0.0	0.0	0.0	0.0	0.0	0.0	0.0	0.0	0.0	0.0	0.0	0.0	0.0	0.0	0.0	0.0	0.0	0.0	0.0	5.5120701211677096e-05	0.0	0.0	0.0	0.0	0.0	0.0	0.0	0.0	1.4366110968838032e-05	0.0	0.0	0.0	0.0	0.0	0.0	2.7672819641244956e-06	0.0	7.179734734141814e-06	0.0	0.0	0.0	0.0	0.0	0.0	0.0
2843200	Miltoncostaea	0.0	0.0	0.0	0.0	0.0	0.0	0.0	0.0	0.0	0.0	0.0	0.0	0.0	0.0	0.0	0.0	0.0	0.0	0.0	0.0	0.0	0.0	0.0	0.0	0.0	2.4977761028557905e-05	0.0	0.0	0.0	0.0	0.0	0.0	0.0	0.0	0.0	0.0	0.0	0.0	0.0	0.0	0.0	0.0	0.0	0.0	0.0	1.9626469041207734e-05	4.972002888496916e-05	0.0002448484999906308	7.260136267173015e-05	4.279446450093937e-05	0.0007354400382895766	2.001000500250125e-05	6.126288201516033e-05	2.268281916035183e-05	0.0	0.0	5.912722722234435e-06	0.0	1.7650399940412248e-05	0.0	0.0	0.0	0.0	0.0
2847312	Parafannyhessea	0.0	1.3794720760365008e-06	0.0	0.0	0.0	0.0	0.0	0.0	0.0	0.0	0.0	0.0	0.0	0.0	0.0	0.0	0.0	0.0	0.0	0.0	0.0	0.0	0.0	0.0	0.0	0.0	0.0	0.0	0.0	0.0	0.0	0.0	0.0	0.0	0.0	0.0	0.0	0.0	1.551015402060178e-06	0.0	0.0	0.0	0.0	0.0	0.0	0.0	0.0	0.0	0.0	0.0	0.0	0.0	0.0	0.0	0.0	0.0	0.0	0.0	0.0	0.0	0.0	0.0	0.0	0.0
2847769	Aequoribacter	0.0	0.0	0.0	0.0	0.0	0.0	0.0	0.0	0.0	0.0	0.0	0.0	0.0	0.0	0.0	0.0	0.0	0.0	0.0	0.0	0.0	0.0	0.0	0.0	0.0	0.0	0.0	0.0	0.0	0.0	0.0	0.0	0.0	0.0	0.0	0.0	0.0	0.0	0.0	0.0	0.0	0.0	0.0	0.0	0.0	0.0	0.0	0.0	0.0	0.0	8.755238551066388e-05	0.0	0.0	0.0	0.0	0.0	0.0	0.0	0.0	0.0	0.0	0.0	0.0	0.0
2862144	Ruoffia	0.0	5.793782719353303e-06	2.483872329865471e-06	0.0	0.0	0.0	0.0	2.2509518310599912e-05	0.0	0.0	0.0	0.0	0.0	0.0	0.0	0.0	0.0	0.0	0.0	0.0	0.0	2.8537610304158885e-06	0.0	0.0	0.0	0.0	0.0	1.975863760242004e-06	1.2166597215674227e-05	0.0	2.9466381510670663e-06	0.0	3.8162743748624555e-06	0.0	5.72744246784041e-06	0.0	7.027063592470273e-06	0.0	3.102030804120356e-06	0.0	0.0	3.6068543216787452e-06	0.0	0.0	0.0	0.0	0.0	0.0	0.0	0.0	0.0	0.0	0.0	0.0	0.0	0.0	2.534024023814758e-06	0.0	0.0	0.0	0.0	0.0	0.0	0.0
2862745	Pseudobdellovibrio	0.0	0.0	0.0	0.0	0.0	0.0	0.0	2.1258989515566584e-05	0.0	0.0	0.0	0.0	0.0	0.0	0.0	0.0	0.0	0.0	0.0	0.0	0.0	0.0	0.0	0.0	0.0	0.0	0.0	0.0	0.0	0.0	0.0	0.0	0.0	0.0	0.0	0.0	0.0	0.0	0.0	0.0	0.0	0.0	0.0	0.0	0.0	0.0	0.0	0.0	0.0	0.0	0.0	0.0	0.0	0.0	0.0	0.0	0.0	0.0	0.0	0.0	0.0	0.0	0.0	0.0
2870712	Pararoseomonas	0.0	1.7933136988474511e-06	1.2419361649327356e-05	0.0	0.0	0.0	0.0	2.6797045607857035e-06	0.0	0.0	0.0	0.0	0.0	2.2085662887644104e-06	3.2759150649506093e-06	0.0	0.0	0.0	0.0	0.0	0.0	0.0	0.0	0.0	0.0	0.0	0.0	0.0	0.0	0.0	0.0	0.0	2.798601208232467e-05	0.0	0.0	0.0	2.3451766447159825e-05	0.0	0.0	0.0	0.0	0.0	0.0	0.0	0.0	0.0	0.0	0.0	0.0	0.0	0.0	0.0	0.0	2.0501778856471846e-05	0.0	0.0	0.0	0.0	0.0	0.0	0.0	4.3323145173693317e-05	0.0	0.0
2870717	Pseudoroseomonas	0.0	0.0	9.032263017692623e-06	0.0	0.0	0.0	0.0	0.0	0.0	0.0	0.0	0.0	0.0	1.8772813454497489e-06	1.3583062464429355e-06	0.0	0.0	0.0	0.0	0.0	0.0	0.0	0.0	0.0	0.0	0.0	0.0	0.0	0.0	0.0	0.0	0.0	0.0	0.0	0.0	0.0	7.221789451056798e-05	0.0	0.0	0.0	0.0	0.0	0.0	0.0	0.0	0.0	0.0	0.0	0.0	0.0	0.0	0.0	0.0	0.0	0.0	0.0	0.0	0.0	3.1417711893933804e-05	0.0	0.0	0.0	0.0	0.0
2884814	Pseudoprevotella	0.0	0.0	2.2580657544231557e-06	0.0	0.0	0.0	0.0	0.0	0.0	0.0	0.0	0.0	0.0	0.0	0.0	0.0	0.0	0.0	0.0	0.0	0.0	0.0	0.0	0.0	0.0	0.0	0.0	0.0	0.0	0.0	0.0	0.0	0.0	0.0	0.0	0.0	0.0	0.0	1.6703242791417302e-06	0.0	0.0	0.0	0.0	0.0	0.0	0.0	0.0	0.0	0.0	0.0	0.0	0.0	0.0	0.0	0.0	0.0	0.0	0.0	0.0	0.0	0.0	0.0	0.0	0.0
2886347	Allocoleopsis	0.0	0.0	0.0	0.0	0.0	0.0	0.0	0.0	0.0	0.0	0.0	0.0	0.0	0.0	0.0	0.0	0.0	0.0	0.0	0.0	0.0	0.0	0.0	0.0	0.0	0.0	0.0	0.0	0.0	0.0	0.0	0.0	0.0	0.0	0.0	0.0	0.0	0.0	0.0	0.0	0.0	0.0	0.0	0.0	0.0	0.0	0.0	4.934446811035672e-05	0.0	0.0	0.0	0.0	0.0	0.0	0.0	0.0	0.0	0.0	0.0	0.0	0.0	0.0	0.0	8.713750796685787e-05
2886866	Sinanaerobacter	0.0	0.0	0.0	0.0	0.0	0.0	0.0	0.0	0.0	0.0	0.0	0.0	0.0	0.0	0.0	0.0	0.0	0.0	0.0	0.0	0.0	0.0	0.0	0.0	0.0	0.0	0.0	0.0	0.0	0.0	0.0	0.0	0.0	0.0	0.0	0.0	0.0	0.0	1.551015402060178e-06	0.0	0.0	0.0	0.0	0.0	0.0	0.0	0.0	0.0	0.0	0.0	0.0	0.0	0.0	0.0	0.0	0.0	0.0	0.0	0.0	0.0	0.0	0.0	0.0	0.0
2888809	Novisyntrophococcus	0.0	1.2967037514743107e-05	0.0	0.0	0.0	4.3088948208007585e-06	0.0	5.1807621508523605e-06	0.0	9.492991494766441e-06	0.0	0.0	0.0	0.0	0.0	0.0	2.236636099306643e-05	0.0	0.0	0.0	0.0	0.0	0.0	0.0	0.0	0.0	0.0	0.0	0.0	0.0	0.0	0.0	0.0	0.0	0.0	0.0	0.0	0.0	7.945971213631373e-05	0.0	0.0	0.0	0.0	0.0	0.0	0.0	0.0	1.3116883928069507e-05	0.0	0.0	0.0	0.0	0.0	0.0	4.842743437217867e-06	0.0	1.9216348847261913e-05	0.0	0.0	0.0	0.0	0.0	0.0	0.0
2888818	Pengzhenrongella	0.0	0.0	0.0	0.0	0.0	0.0	0.0	0.0	0.0	0.0	0.0	0.0	0.0	0.0	0.0	0.0	0.0	0.0	0.0	0.0	0.0	0.0	0.0	0.0	0.0	0.0	0.0	0.0	0.0	0.0	0.0	0.0	0.0	0.0	0.0	0.0	5.587785507265518e-06	0.0	0.0	0.0	0.0	0.0	0.0	0.0	0.0	0.0	7.576385353900063e-05	0.0	0.0	0.0	0.0	0.0	0.0	0.0	0.0	0.0	0.0	0.0	0.0	0.0	0.0	0.0	0.0	0.0
2891324	Pseudothauera	0.0	0.0	0.0	0.0	0.0	0.0	0.0	0.0	0.0	0.0	0.0	0.0	2.52237594214854e-06	0.0	0.0	0.0	0.0	0.0	0.0	0.0	0.0	0.0	0.0	0.0	0.0	0.0	0.0	0.0	0.0	0.0	0.0	0.0	0.0	0.0	0.0	0.0	0.0	0.0	0.0	0.0	0.0	0.0	0.0	0.0	0.0	0.0	0.0	0.0	0.0	0.0	0.0	1.308346480932774e-05	0.0	0.0	0.0	0.0	0.0	0.0	0.0	0.0	0.0	0.0	0.0	0.0
2892396	Vescimonas	0.0	0.0006867011994509701	2.3258077270558502e-05	0.0	0.000365374360594869	0.0014794898145420892	0.0	0.0003544355899065891	0.0	0.00019480916734131815	0.0	0.0	4.277072249730133e-06	0.0	4.554320943955725e-06	0.0006077345336502118	0.0006341879994306744	0.0	0.0	0.0	9.106235541888527e-06	6.295061096505637e-06	0.0	0.0	0.0	5.69668233984654e-06	0.0	9.11937120111694e-06	0.0	0.0	2.769839862003042e-05	0.0	1.0812777395443623e-05	0.0	3.930210521035316e-05	0.0	5.503122090488768e-06	0.0006744702145250424	0.004246799479717849	0.0	0.0	1.6050501731470417e-05	0.0	0.0	0.0	4.710352569889856e-05	0.0007789471191978502	0.0004134941504943816	0.0	0.0	0.0	2.001000500250125e-05	6.425131528419253e-05	7.110191390648746e-05	0.00023418123621403542	0.0004766214758896934	0.00029669197945497787	0.0	4.5538031846263606e-05	0.0	0.0002305171817627978	0.0	0.0	3.485500318674315e-05
2892397	Pusillibacter	0.0	2.6347916652297165e-05	0.0	0.0	0.0	2.7392259932233396e-05	0.0	3.376427746589987e-05	8.111317727865166e-07	0.00013273960756784528	0.0	0.0	0.0	0.0	0.0	0.0	0.0001049185661129298	0.0	0.0	0.0	0.0	0.0	0.0	0.0	0.0	0.0	0.0	0.0	0.0	0.0	3.2413019661737725e-06	0.0	0.0	0.0	3.752462306516131e-06	0.0	0.0	0.0	0.0011392804672517415	0.0	0.0	0.0	0.0	0.0	0.0	0.0	0.0	7.432900892572721e-05	0.0	0.0	0.0	0.0	0.0	2.0937986917247842e-05	8.186542477201632e-06	0.0	2.8296601599264794e-05	0.0	8.119183972589636e-06	0.0	0.0	0.0	0.0	0.0
2893055	Halalkalibacterium (ex Joshi et al. 2022)	0.0	0.0	0.0	0.0	0.0	0.0	0.0	0.0	0.0	0.0	0.0	0.0	0.0	0.0	0.0	0.0	0.0	0.0	0.0	0.0	0.0	0.0	0.0	0.0	0.0	0.0	0.0	0.0	3.1430376140491755e-05	0.0	0.0	0.0	0.0	0.0	0.0	0.0	0.0	0.0	0.0	0.0	0.0	0.0	0.0	0.0	0.0	0.0	0.0	0.0	0.0	0.0	0.0	0.0	0.0	0.0	0.0	0.0	0.0	0.0	0.0	0.0	0.0	0.0	0.0	0.0
2893057	Shouchella	0.0	0.0	0.0	0.0	0.0	0.0	0.0	0.0	0.0	9.736401533093785e-07	0.00017265846506624556	0.0	0.0	0.0	0.0	0.0	0.0	0.0	0.0	0.0	0.0	0.0	0.00025769765551770325	0.0	0.0	0.0	0.0	0.0	0.0	0.0	0.0	0.0	8.904640208012395e-06	0.0	2.3502263919758927e-05	0.0	0.0	0.0	0.0	0.005543372119402788	0.0	0.0	0.0	0.0	0.0	0.0	0.0	0.0	0.0	0.0	0.0	0.0	0.0002465457446951574	1.6139698248711877e-05	6.572294664795676e-06	0.0	0.0	0.0	0.0	0.0	0.0	0.0	0.0	0.0
2893060	Alkalihalophilus	0.0	0.0	0.0	0.0	0.0	0.0	0.0	0.0	0.0	0.0	0.0	0.0	0.0	0.0	0.0	0.0	0.0	0.0	0.0	0.0	0.0	0.0	0.0	0.0	0.0	0.0	0.0	0.0	0.0	0.0	0.0	0.0	0.0	0.0	0.0	0.0	1.6932683355350055e-06	0.0	0.0	0.0	0.0	0.0	0.0	0.0009561901652343249	0.0	0.0	0.0	0.0	0.0	0.0	0.0	0.0	0.0	0.0	0.0	0.0	0.0	0.0	0.0	0.0	0.0	0.0	0.0	0.0
2895509	Metamycoplasma	0.0	0.0	7.67742356503873e-06	0.0	0.0	3.354782396194876e-05	0.0	6.431290945885689e-06	1.0607107797977525e-06	1.087231504528806e-05	9.699913767766605e-06	0.0	1.2063537114623452e-06	0.0	0.0	0.0	1.4843130477216811e-05	0.0	0.0	0.0	0.0	2.3501561426954377e-06	0.0	0.0	0.0	1.3365293181947652e-05	0.0	4.407696080539854e-06	0.0	0.0	3.5359657812804793e-06	0.0	6.042434426865554e-06	0.0	5.529944451707983e-06	0.0	0.0	0.0	3.5792663124465646e-06	0.0	0.0	3.4265116055948083e-06	0.0	0.0	0.0	0.0	0.0	0.0	0.0	3.5077429918802765e-06	0.0	2.001000500250125e-05	0.0	1.0468993458623921e-05	0.0	0.0	0.0	0.0	2.047446393087821e-05	0.0	0.0	0.0	0.0	0.0
2897311	Fulvia	0.0	0.0	0.0	0.0001650460647798751	0.0007801236347836391	8.49467836100721e-05	0.0	0.0	0.0	0.0	0.0	0.0	0.0	0.0	6.471929762463399e-06	0.0	0.0	0.046778060229289105	0.04280793833032639	0.0	0.0	0.0	0.0	0.0	0.0	0.0	0.0	0.0	0.0	0.0	0.0	0.0	1.1448823124587365e-05	0.0	0.0	0.0	3.4712000878467614e-06	0.0	0.0	0.0	0.0	0.0012456271399917548	0.00020354798819294053	0.0	0.0	0.0	0.0	0.0	0.0	0.0	0.0	0.0	0.0	0.0	0.0	0.0	0.0	0.0	0.0	0.0	0.0	0.0	0.0	0.0
2897349	Candidatus Uabimicrobium	0.0	0.0	0.0	0.0	4.772908314077117e-05	1.631224467874573e-05	0.0	0.0	0.0	0.0	0.0	0.0	0.0	0.0	0.0	0.0	0.0	0.0	0.0	0.0	0.0	0.0	0.0	0.0	0.0	0.0	0.0	0.0	0.0	0.0	0.0	0.0	0.0	0.0	0.0	0.0	0.0	0.0	0.0	0.0	0.0	0.0	0.0	0.0	0.0	0.0	0.0	0.0	0.0	0.0	0.0	0.0	0.0	0.0	0.0	0.0	0.0	0.0	0.0	0.0	0.0	0.0	0.0	0.0
2901164	Stutzerimonas	0.0002770376526762652	1.4484456798383259e-05	1.625807343184672e-05	0.0	9.216650537528226e-05	1.446557546983112e-05	0.0004964988272355287	2.2509518310599912e-05	3.0573428358876393e-06	5.43615752264403e-06	0.0	2.047456632309207e-05	2.4127074229246904e-06	0.0	3.595516534701888e-06	0.0001087004856935338	5.489924971025396e-06	0.0	0.0	0.0	0.0	0.0	9.911448289142433e-05	0.0	0.0	2.892161803306705e-05	0.0	1.2159161601489253e-05	0.0	0.00027651553556450644	2.4751760468963355e-05	0.0	3.116624072804338e-05	0.0	9.874900806621398e-06	0.0	7.873697760237775e-06	0.0006309560071363301	5.368899468669847e-06	5.260614110939776e-05	0.0005582488614661378	2.0919755065736722e-05	0.0	0.008477442074699441	0.00012991239274188465	0.0	0.0004024954719259408	0.0001917563507579685	0.0	8.102886311243439e-05	0.002515671877006409	5.772116827644592e-05	7.769926499483748e-05	0.00011952100865262309	4.496833191702305e-06	0.0	8.235578077397964e-06	0.0	2.7887631905851354e-05	0.0	0.0	0.0003574159476829699	2.255286875712429e-06	3.236536010197578e-05
2901189	Halopseudomonas	0.0	0.0	0.0	0.0	0.0	0.0	0.0	0.0	0.0	0.0	0.0	0.0	0.0	0.0	0.0	0.0	0.0	0.0	0.0	0.0	0.0	0.0	5.097316262987537e-05	0.0	0.0	0.0	0.0	0.0	0.0	0.0	0.0	0.0	0.0	0.0	0.0	0.0	0.0	0.0	0.0	0.0	0.0	0.0	0.0	0.0	0.0	0.0	0.0	0.0	0.0	0.0	0.0	4.2328856736060335e-05	0.0	0.0	0.0	0.0	0.0	0.0	0.0	0.0	0.0	0.0	0.0	0.0
2901261	Denitrificimonas	0.0	0.0	0.0	0.0	0.0	0.0	0.0	0.0	0.0	0.0	0.0	7.677962371159525e-06	0.0	0.0	0.0	0.0	0.0	0.0	0.0	0.0	0.0	0.0	0.0	0.0	0.0	0.0	0.0	0.0	0.0	0.0	0.0	0.0	0.0	0.0	0.0	0.0	0.0	0.0	0.0	0.0	0.0	0.0	0.0	0.0	0.0	0.0	0.0	0.0	0.0	0.0	0.0	0.0	0.0	0.0	0.0	0.0	0.0	0.0	0.0	0.0	0.0	0.0	0.0	0.0
2905967	Candidatus Minimicrobia	0.0	3.448680190091252e-06	3.47742126181166e-05	0.0	0.0	1.415779726834535e-05	0.0	0.0	0.0	5.841840919856271e-06	3.68596723175131e-05	0.0	1.1076520441608807e-05	0.0	0.0	0.0	2.358634431996096e-05	0.0	0.0	0.0	0.0	0.0	0.0	0.0	0.0	7.887714009018286e-06	0.0	4.058120184497039e-05	5.1708038166615464e-05	0.0	0.0	0.0	1.8127303280596662e-05	0.0	1.6984829387388804e-05	0.0	7.027063592470273e-06	0.0	7.039223747811577e-06	0.0	0.0	8.656450372028989e-06	0.0	0.0	0.0	6.0449524646919825e-05	0.0	0.0	0.0	2.700962103747813e-05	9.33892112113748e-05	0.0	0.0	2.0501778856471846e-05	0.0	0.0	6.757397396839354e-06	0.0	2.1533487927302944e-05	0.0	4.756703750660907e-05	0.0	1.772011116631194e-05	0.0
2910984	Solidesulfovibrio	0.002012597065030515	0.0	0.0	0.0	0.0	0.0	0.0002568097382252735	0.0	0.0	0.0	0.0	0.0	0.0	0.0	1.0387047766916565e-06	0.0	0.0	0.0	0.0	0.0	0.0	0.0	0.0	0.0	0.0	0.0	0.0	0.0	0.0	0.0	0.0	0.0	0.0	0.0	0.0	0.0	0.0	0.0	0.0	0.0	0.0	0.0	0.0	0.0	0.0	0.0	0.0	0.0	0.0	0.0	0.0	0.0	0.0	0.0	0.0	0.0	0.0	0.0	0.0	0.0	0.0	5.1987774208431985e-05	0.0	0.0
2911176	Aquibium	0.0	0.0	0.0	0.0	0.0	0.0	0.0	0.0	0.0	0.0	0.0	0.0	0.0	3.2576352759275054e-06	2.077409553383313e-06	0.0	0.0	0.0	0.0	0.0	0.0	0.0	0.0	0.0	0.0	0.0	0.0	0.0	0.0	0.0	0.0	0.0	0.0	0.0	0.0	0.0	0.0	0.0	0.0	0.0	0.0	0.0	0.0	0.0	0.0	0.0	0.0	0.0	0.0	0.0	0.0	0.0	0.0	0.0	0.0	0.0	0.0	0.0	0.0	0.0	0.0	0.0	0.0	0.0
2912996	Changpingibacter	0.0	0.0	0.0	0.0	0.0	5.847785828229601e-06	0.0	0.0	0.0	0.0	0.0	0.0	0.0	0.0	0.0	0.0	0.0	0.0	0.0	0.0	0.0	0.0	0.0	0.0	0.0	0.0	0.0	0.0	0.0	0.0	0.0	0.0	0.0	0.0	0.0	0.0	0.0	0.0	0.0	0.0	0.0	0.0	0.0	0.0	0.0	0.0	0.0	0.0	0.0	0.0	0.0	0.0	0.0	0.0	0.0	0.0	0.0	0.0	0.0	0.0	0.0	0.0	0.0	0.0
2919589	Vaginimicrobium	0.0	0.0	4.5161315088463115e-06	0.0	0.0	8.31001144011575e-06	0.0	5.538056092290454e-06	0.0	5.517294202086478e-06	0.0	0.0	1.0966851922384958e-06	0.0	1.0387047766916565e-06	0.0	1.2199833268945324e-05	0.0	0.0	0.0	0.0	0.0	0.0	0.0	0.0	5.4775791729293655e-06	0.0	1.2615130161545101e-05	0.0	0.0	9.429242083414611e-06	0.0	1.3356960312018593e-05	0.0	1.0467394855018682e-05	0.0	1.4731434519154548e-05	0.0	7.993694764463994e-06	0.0	0.0	9.882780841399763e-05	0.0	0.0	0.0	0.0	0.0	0.0	0.0	0.0	0.0	0.0	0.0	6.979328972415947e-06	0.0	0.0	7.390903402793043e-06	0.0	0.0	0.0	0.0	0.0	0.0	0.0
2923352	Mesomycoplasma	0.0	0.0	0.0	0.0	0.0	0.0	0.0	0.0	0.0	0.0	0.0	0.0	0.0	0.0	0.0	0.0	0.0	0.0	0.0	0.0	0.0	0.0	0.0	0.0	0.0	0.0	0.0	0.0	0.0	0.0	0.0	0.0	0.0	0.0	0.0	0.0	0.0	0.0	0.0	0.0	0.0	0.0	0.0	0.0	0.0	0.0	0.0	0.0	0.0	0.0	0.0	0.0	0.0	0.0	2.6289178659182705e-05	0.0	0.0	0.0	0.0	0.0	0.0	0.0	0.0	0.0
2924872	Acididesulfobacillus	0.0	0.0	0.0	0.0	0.0	0.0	0.0	0.0	0.0	0.0	0.0	0.0	0.0	0.0	0.0	0.0	0.0	0.0	0.0	0.0	0.0	0.0	0.0	0.0	0.0	0.0	0.0	0.0	0.0	0.0	0.0	0.0	0.0	0.0	0.0	0.0	0.0	0.0	2.0282509103863865e-06	0.0	0.0	0.0	0.0	0.0	0.0	0.0	0.0	0.0	0.0	0.0	0.0	0.0	0.0	0.0	0.0	0.0	0.0	0.0	0.0	0.0	0.0	0.0	0.0	0.0
2943184	Tannockella	0.0	0.0	0.0	0.0	0.0	0.0	0.0	0.0	0.0	0.0	0.0	0.0	0.0	0.0	0.0	0.0	0.0	0.0	0.0	0.0	0.0	0.0	0.0	0.0	0.0	0.0	0.0	0.0	0.0	0.0	0.0	0.0	0.0	0.0	0.0	0.0	0.0	0.0	1.7896331562232823e-06	0.0	0.0	0.0	0.0	0.0	0.0	0.0	0.0	0.0	0.0	0.0	0.0	0.0	0.0	0.0	0.0	0.0	0.0	0.0	0.0	0.0	0.0	0.0	0.0	0.0
2943291	Pseudemcibacter	0.0	0.0	0.0	0.0	0.0	0.0	0.0	0.0	0.0	0.0	0.0	0.0	0.0	0.0	0.0	0.0	0.0	0.0004184337364559606	0.0001677427050561379	0.0	0.0	0.0	0.0	0.0	0.0	0.0	0.0	0.0	0.0	0.0	0.0	0.0	0.0	0.0	0.0	0.0	0.0	0.0	0.0	0.0	0.0	0.0	0.0	0.0	0.0	0.0	0.0	0.0	0.0	0.0	0.0	0.0	0.0	0.0	0.0	0.0	0.0	0.0	0.0	0.0	0.0	0.0	0.0	0.0
2944152	Wujia	0.0	2.2209500424187664e-05	2.9354854807501023e-06	0.0	0.00022712460253194558	0.0004890595621608861	0.0	3.322833655374273e-05	0.0	1.736324940068392e-05	3.20097154336298e-05	0.0	0.0	0.0	1.1985055115672961e-06	8.89367610219822e-05	7.502897460401374e-05	0.0	0.0	0.0	3.7680974656090455e-06	0.0	0.0	0.0	0.0	0.0	0.0	3.799738000465392e-06	0.0	0.0	0.0	0.0	0.0	0.0	2.3699761935891352e-06	0.0	2.793892753632759e-06	0.0	0.00032452014566182187	0.0	0.0	1.803427160839373e-05	0.0	0.0	0.0	0.00010205763901428021	0.0	3.247990305998164e-05	0.0	0.0	0.0	0.0	0.0	1.3522449884055897e-05	5.880474173764552e-06	0.00011554460021568326	3.125296296038201e-05	0.0	7.0601599761649e-06	0.0	0.0	0.0	0.0	0.0
2944193	Simiaoa	0.0	0.0003032079623128229	1.2870974800211988e-05	0.0	2.7979117703210687e-05	6.309453130458254e-05	0.0008731531099659299	0.0005579144895555835	1.4600371910157297e-05	0.0009174935711352044	0.0	0.0	2.303038903700841e-06	0.0	2.8764132277615105e-06	0.00033598331941637723	0.00034383196762977574	0.0	0.0	0.0	6.59417056481583e-06	2.0144195508818038e-06	0.0	0.0	0.0	5.039372839095017e-06	0.0	3.6477484804467763e-06	0.0	0.0	5.8932763021341325e-06	0.0	0.0	0.0	0.00028005218687578284	0.0	2.0319220026420065e-06	0.0038074931465123365	0.014573579335511596	0.0	0.0	1.2263304693707735e-05	0.0	0.0	0.0	1.5701175232966186e-05	0.0001325867436932511	0.00039100806376054815	0.0	4.560065889444359e-06	0.00016926794532061683	2.693654519567476e-05	7.172239845677306e-05	9.24761088845113e-05	3.539814845775917e-05	0.0017331690032352488	0.00020483360859169293	0.0	4.659705584268834e-05	0.0	5.244570802010744e-05	0.0	0.0	4.730321861057999e-05
2944195	Qiania	0.0	1.0897829400688357e-05	0.0	0.0	0.0	1.7235579283203034e-05	0.0	3.5729394143809384e-06	0.0	8.275941303129717e-06	0.0	0.0	0.0	0.0	0.0	0.0	1.6876436022041032e-05	0.0	0.0	0.0	0.0	0.0	0.0	0.0	0.0	0.0	0.0	0.0	0.0	0.0	0.0	0.0	0.0	0.0	0.0	0.0	0.0	0.0	4.3428431257684984e-05	0.0	0.0	0.0	0.0	0.0	0.0	0.0	0.0	7.495362244611147e-06	0.0	0.0	0.0	0.0	0.0	0.0	5.073350267561575e-06	0.0	1.8371674172656995e-05	0.0	0.0	0.0	0.0	0.0	0.0	0.0
2944198	Wansuia	0.0	5.5730671871874634e-05	0.0	0.0	0.0	4.524339561840797e-05	0.0	1.0718818243142814e-05	0.0	4.348926018115224e-05	0.0	0.0	0.0	0.0	0.0	0.0	8.092556068400399e-05	0.0	0.0	0.0	0.0	0.0	0.0	0.0	0.0	0.0	0.0	0.0	0.0	0.0	0.0	0.0	0.0	0.0	0.0	0.0	0.0	0.00021757103694356207	0.000271189077606368	0.0	0.0	0.0	0.0	0.0	0.0	0.0	0.0	7.245516836457442e-05	0.0	0.0	0.0	7.69615577019279e-06	0.0	4.798288668535964e-06	1.3375196159935061e-05	7.221537513480203e-05	6.546228728188124e-05	0.0	0.0	0.0	0.0	0.0	0.0	0.0
2944815	Wielerella	0.0	0.0	0.0	0.0	0.0	0.0	0.0	0.0	0.0	0.0	0.0	0.0	0.0	0.0	0.0	0.0	0.0	0.0	0.0	0.0	0.0	0.0	0.0	0.0	0.0	3.0674443368404447e-06	0.0	0.0	0.0	0.0	0.0	0.0	0.0	0.0	0.0	0.0	0.0	0.0	0.0	0.0	0.0	0.0	0.0	0.0	0.0	0.0	0.0	0.0	0.0	0.0	0.0	0.0	0.0	0.0	1.014670053512315e-05	0.0	0.0	0.0	0.0	0.0	0.0	0.0	0.0	0.0
2946607	Neotabrizicola	0.0	0.0	0.0	0.0	0.0	0.0	0.0	6.788584887323783e-06	0.0	0.0	0.0	0.0	0.0	0.0	0.0	0.0	0.0	0.0	0.0	0.0	0.0	0.0	0.0	0.0	0.0	0.0	0.0	0.0	0.0	0.0	0.0	0.0	0.0	0.0	0.0	0.0	0.0	0.0	0.0	0.0	0.0	0.0	0.0	0.0	0.0	0.0	0.0	1.9987632652296392e-05	0.0	0.0	0.0	0.0	0.0	0.0	0.0	0.0	0.0	0.0	0.0	0.0	0.0	0.0	0.0	0.0
2964429	Candida/Metschnikowiaceae	0.0	0.0	0.0	0.0	0.0	0.0	0.0	0.0	0.0	0.0	0.0	0.0	0.0	0.0	0.0	0.0	0.0	0.0008478788870291834	0.0005976610454222394	0.0	0.0	0.0	0.0	0.0	0.0	0.0	0.0	0.0	0.0	0.0	0.0	0.0	0.0	0.0	0.0	0.0	0.0	0.0	0.0	0.0	0.0	5.590624198602055e-06	0.0	0.0	0.0	0.0	0.0	0.0	0.0	0.0	0.0	0.0	0.0	0.0	0.0	0.0	0.0	0.0	0.0	0.0	0.0	0.0	0.0	0.0
2974251	Segatella	0.00026888948642108095	0.00010042556713545726	0.00014880653321648596	2.6097027336988797e-05	8.064569220337197e-05	6.401786590903985e-05	0.0029789929634131728	0.000148455632667528	1.2603739854067411e-05	5.338793507313092e-05	0.00031524719745241466	5.971748510901854e-06	3.147486501724483e-05	1.275447031761447e-05	7.5905349065928746e-06	0.0005682070843071085	0.0004770134808157622	2.8315064872959742e-05	0.0	7.010482733593409e-05	5.36953888849289e-05	4.700312285390875e-06	0.0	0.0	0.0	6.923660074582717e-05	0.0	0.0003134023902783855	7.299958329404536e-05	0.0	0.0001700210213165697	0.0	0.0004687657023789382	0.0003319426946202651	0.00036438383976432955	4.758226133297507e-05	0.0005128063154167764	0.0	0.00019208729210129895	0.0002137124482569284	0.0	0.00024165923955247594	2.2970932836820876e-05	0.0015042503818930232	0.0002205938153983487	4.003799684406378e-05	4.4984788038781624e-05	8.307359821110688e-05	0.0	6.068395375952878e-05	0.0001342469911163513	0.00012236887674606535	0.00024206309479160907	0.00024035064148757417	1.741081569094995e-05	9.628716684640271e-05	9.080252752002881e-05	0.00028904947192884934	0.00020121455932069963	0.0	2.9881856895177496e-05	0.0004094037218914019	2.980200514334281e-05	8.713750796685787e-05
2974257	Hoylesella	0.00020370415637960677	6.138650738362429e-05	0.00032741953439135757	2.0454426831693922e-05	9.052067492215222e-05	7.940677598332827e-05	0.0	0.00048717028915084095	5.7403171612584245e-06	1.1034588404172957e-05	0.00012318890485063587	5.1186415807730176e-06	8.773481537907966e-06	0.0	4.394520209080085e-06	0.0008152536427015035	8.499217177365243e-05	0.0	0.0	0.0	2.292259291578836e-05	8.141612351480624e-06	0.0	0.0	0.0	5.411848222854213e-05	0.0017783649204816828	0.00018299538210241327	4.9680271964003095e-05	0.00011982339874461947	0.0003450513274899534	0.0	0.0002862205781146841	0.00010561813010644799	0.0001759707323739933	6.437600062696626e-05	7.61124116822985e-05	0.0002828423480266307	0.000481649936778226	9.863651458012079e-05	0.0	0.00018935985188813415	0.0	0.0004547733712699838	9.968525185639664e-05	2.8262115419339137e-05	3.0779065500219e-05	0.0004790785701347291	0.0	6.278859955465695e-05	0.0001342469911163513	0.00011390310539885327	0.0006320536364003126	0.00021766782232722235	1.2452768838560229e-05	0.0012276613772916345	0.0013026995169094367	0.0	0.00013661409553879082	0.0	7.31800577024755e-05	3.249235888026999e-05	3.5440222332623883e-06	4.730321861057999e-05
2976759	Capillimicrobium	0.0	0.0	0.0	0.0	0.0	0.0	0.0	0.0	0.0	0.0	0.0	0.0	0.0	0.0	0.0	0.0	0.0	0.0	0.0	0.0	0.0	0.0	0.00022937923183443917	0.0	0.0	9.202333010521334e-06	0.0	0.0	0.0	0.0	0.0	0.0	0.0	0.0	0.0	0.0	0.0	0.0	0.0	0.0	0.0	0.0	0.0	0.0	0.0	0.0	0.0002343944218862832	0.0	0.0	0.0	0.0	0.0	0.0	0.0	0.0	0.0	0.0	0.0	0.0	0.0	0.0	0.0	0.0	0.0
2979332	Prescottella	0.0	0.0	0.0	0.0	0.0	0.0	0.0	0.0	0.0	0.0	0.0	0.0	0.0	0.0	0.0	0.0	0.0	0.0	0.0	0.0	0.0	0.0	0.0	0.0	0.0	0.0	0.0	0.0	0.0	0.0	0.0	0.0	0.0	0.0	0.0	0.0	2.9632195871862594e-06	0.0	0.0	0.0	0.0	0.0	0.0	0.0	0.0	0.0	0.0	0.0	0.0	0.0	0.0	0.0	0.0	0.0	0.0	0.0	0.0	0.0	0.0	0.0	0.0	0.0	0.0	0.0
2981344	Xiamenia	0.0	2.0692081140547514e-06	0.0	0.0	0.0	0.0	0.0	0.0	0.0	0.0	0.0	0.0	0.0	0.0	0.0	0.0	0.0	0.0	0.0	0.0	0.0	0.0	0.0	0.0	0.0	0.0	0.0	0.0	0.0	0.0	0.0	0.0	0.0	0.0	0.0	0.0	0.0	0.0	0.0	0.0	0.0	0.0	0.0	0.0	0.0	0.0	0.0	0.0	0.0	0.0	0.0	0.0	0.0	0.0	0.0	0.0	0.0	0.0	0.0	0.0	0.0	0.0	0.0	0.0
2994363	Pseudofrankia	0.0	0.0	0.0	0.0	0.0	0.0	0.0	2.6797045607857035e-06	0.0	0.0	0.0	0.0	0.0	0.0	0.0	0.0	0.0	0.0	0.0	0.0	0.0	0.0	0.0	0.0	0.0	0.0	0.0	0.0	0.0	0.0	0.0	0.0	0.0	0.0	0.0	0.0	0.0	0.0	0.0	0.0	0.0	0.0	0.0	0.0	0.0	0.0	0.0	0.0	0.0	0.0	0.0	0.0	0.0	0.0	0.0	0.0	0.0	0.0	0.0	0.0	0.0	0.0	0.0	0.0
2995702	Actinacidiphila	0.0	0.0	0.0	0.0	0.0	0.0	0.0	0.0	0.0	0.0	0.0	0.0	0.0	0.0	0.0	0.0	0.0	0.0	0.0	0.0	0.0	7.1344025760397215e-06	0.0	0.0	0.0	0.0	0.0	0.0	0.0	0.0	0.0	0.0	0.0	0.0	0.0	0.0	2.2181815195508573e-05	0.0	0.0	0.0	0.0	0.0	0.0	0.0	0.0	0.0	0.0	0.0	0.0	0.0	0.00016926794532061683	0.0	0.0	0.0	0.0	0.0	0.0	0.0	0.0	0.0	0.0	0.0	0.0	0.0
2997360	Anaeropeptidivorans	0.0	0.0	0.0	0.0	0.0	0.0	0.0	0.0	0.0	0.0	0.0	0.0	0.0	0.0	0.0	0.0	0.0	0.0	0.0	0.0	0.0	0.0	0.0	0.0	0.0	0.0	0.0	0.0	0.0	0.0	0.0	0.0	0.0	0.0	0.0	0.0	0.0	0.0	1.9089420333048344e-06	0.0	0.0	0.0	0.0	0.0	0.0	0.0	0.0	0.0	0.0	0.0	0.0	0.0	0.0	0.0	0.0	0.0	0.0	0.0	0.0	0.0	0.0	0.0	0.0	0.0
3020833	Isoalcanivorax	0.0	0.0	0.0	0.0	0.0	5.232229425258065e-06	0.0	0.0	0.0	0.0	0.0	0.0	0.0	0.0	0.0	0.0	0.0	0.0	0.0	0.0	0.0	0.0	0.0	0.0	0.0	0.0	0.0	0.0	0.0	0.0	0.0	0.0	0.0	0.0	0.0	0.0	0.0	0.0	0.0	0.0	0.0	0.0	0.0	0.0	0.0	0.0	0.0	0.0	0.0	0.0	0.0	0.0	0.0	0.0	0.0	0.0	0.0	0.0	0.0	0.0	0.0	0.0	0.0	0.0
3024823	Anaeromicropila	0.0	1.517419283640151e-06	0.0	0.0	0.0	0.0	0.0	0.0	0.0	0.0	0.0	0.0	0.0	0.0	0.0	0.0	2.033305544824221e-06	0.0	0.0	0.0	0.0	0.0	0.0	0.0	0.0	0.0	0.0	0.0	0.0	0.0	0.0	0.0	0.0	0.0	0.0	0.0	0.0	0.0	1.0737798937339694e-05	0.0	0.0	0.0	0.0	0.0	0.0	0.0	0.0	0.0	0.0	0.0	0.0	0.0	0.0	0.0	0.0	0.0	0.0	0.0	0.0	0.0	0.0	0.0	0.0	0.0
3025755	Thomasclavelia	0.0	7.29740728223309e-05	0.0	0.0	0.0	7.41745465580702e-05	0.0	0.00021080342544847535	1.80944780083146e-06	0.00016008266853995032	0.0	0.0	4.277072249730133e-06	0.0	0.0	0.000197637246715516	0.00021044712388930685	0.0	0.0	0.0	0.0	0.0	0.0	0.0	0.0	2.6292380030060953e-06	0.0	0.0	0.0	0.0	8.250586822987785e-06	0.0	0.0	0.0	4.02895952910153e-05	0.0	1.0159610013210032e-06	0.00023932814063791827	0.0021161815527954903	0.0	0.0	4.688910618182369e-06	0.0	0.0	0.0	0.0	3.788192676950031e-05	0.0005015646568685626	0.0	0.0	0.0	0.0003363220071574249	1.942481624870937e-05	1.3522449884055897e-05	2.1677042052308548e-05	0.001174703435526113	0.0003600425800503468	0.0	4.6950063841496586e-05	0.0	1.0977008655371325e-05	0.0	0.0	0.0
3026546	Duffyella	0.0	0.0	0.0	0.0	0.0	0.0	0.0	0.0	0.0	0.0	0.0	0.0	0.0	0.0	0.0	0.0	0.0	0.0	0.0	0.0	0.0	0.0	0.0	0.0	0.0	0.0	0.0	1.0031308321228635e-05	0.0	0.0	0.0	0.0	0.0	0.0	0.0	0.0	0.0	0.0	0.0	0.0	0.0	0.0	0.0	0.0	0.0	0.0	0.0	0.0	0.0	0.0	0.0	0.0	0.0	0.0	0.0	0.0	0.0	0.0	0.0	0.0	0.0	0.0	0.0	0.0
3029205	Abyssibius	0.0	0.0	0.0	0.0	0.0	0.0	0.0	0.0	0.0	0.0	0.0	0.0	0.0	0.0	0.0	0.0	0.0	0.0	0.0	0.0	0.0	0.0	0.0	0.0	0.0	0.0	0.0	0.0	0.0	0.0	0.0	0.0	0.0	0.0	0.0	0.0	0.0	0.0	0.0	0.0	0.0	0.0	0.0	0.0	0.0	0.0	0.0	1.124304336691672e-05	0.0	0.0	0.0	0.0	3.137854932483821e-05	0.0	0.0	0.0	0.0	0.0	0.0	0.0	0.0	0.0	0.0	0.0
3031933	Chordicoccus	0.0	1.9312609064511013e-06	0.0	0.0	0.0	0.0	0.0	2.3224106193476097e-06	0.0	1.6227335888489642e-06	0.0	0.0	0.0	0.0	0.0	0.0	0.0	0.0	0.0	0.0	0.0	0.0	0.0	0.0	0.0	0.0	0.0	0.0	0.0	0.0	0.0	0.0	0.0	0.0	0.0	0.0	0.0	0.0	1.383982974146005e-05	0.0	0.0	0.0	0.0	0.0	0.0	0.0	0.0	6.870748724226885e-06	0.0	0.0	0.0	0.0	0.0	0.0	0.0	0.0	2.7451926924659877e-06	0.0	0.0	0.0	0.0	0.0	0.0	0.0
3046369	Aristaeella	0.0	7.173254795389805e-06	0.0	0.0	0.0	0.0	0.0	0.0	0.0	0.0	0.0	0.0	0.0	0.0	0.0	0.0	0.0	0.0	0.0	0.0	0.0	0.0	0.0	0.0	0.0	0.0	0.0	0.0	0.0	0.0	0.0	0.0	0.0	0.0	0.0	0.0	0.0	0.0	1.8731493701803686e-05	0.0	0.0	0.0	0.0	0.0	0.0	0.0	0.0	0.0	0.0	0.0	0.0	0.0	0.0	0.0	0.0	0.0	5.912722722234435e-06	0.0	0.0	0.0	0.0	0.0	0.0	0.0
3047433	Maliibacterium	0.0	1.9450556272114663e-05	0.0	0.0	0.0	7.3866768356584435e-06	0.0	4.108880326538079e-06	0.0	1.3793235505216196e-05	0.0	0.0	0.0	0.0	0.0	5.43502428467669e-05	2.0129724893759784e-05	0.0	0.0	0.0	0.0	0.0	0.0	0.0	0.0	0.0	0.0	0.0	0.0	0.0	0.0	0.0	0.0	0.0	0.0	0.0	0.0	0.0	5.1183508267985874e-05	0.0	0.0	0.0	0.0	0.0	0.0	0.0	0.0	1.3116883928069507e-05	0.0	0.0	0.0	0.0	0.0	0.0	7.379418570998655e-06	0.0	3.589867367070907e-06	0.0	0.0	0.0	0.0	0.0	0.0	0.0
3048127	Thermocaproicibacter	0.0	1.655366491243801e-06	0.0	0.0	0.0	0.0	0.0	0.0	0.0	0.0	0.0	0.0	0.0	0.0	0.0	0.0	0.0	0.0	0.0	0.0	0.0	0.0	0.0	0.0	0.0	0.0	0.0	0.0	0.0	0.0	0.0	0.0	0.0	0.0	0.0	0.0	0.0	0.0	4.533737329098981e-06	0.0	0.0	0.0	0.0	0.0	0.0	0.0	0.0	0.0	0.0	0.0	0.0	0.0	0.0	0.0	0.0	0.0	0.0	0.0	0.0	0.0	0.0	0.0	0.0	0.0
3050898	Sulfuricystis	0.0	0.0	0.0	0.0	0.0	0.0	0.0	0.0	0.0	0.0	0.0	0.0	0.0	0.0	0.0	0.0	0.0	0.0	0.0	0.0	0.0	0.0	0.0	0.0	0.0	0.0	0.0	0.0	0.0	0.0	0.0	0.0	5.406388697721811e-06	0.0	0.0	0.0	0.0	0.0	0.0	0.0	0.0	0.0	0.0	0.0	0.0	0.0	0.0	0.0	0.0	0.0	0.0	2.154923615653981e-05	0.0	0.0	0.0	0.0	0.0	0.0	0.0	0.0	0.0	0.0	0.0	0.0
3051137	Paracidovorax	0.0	0.0	8.061294743290666e-05	0.00010579875947427891	0.0	0.0	0.0	1.5720933423276127e-05	0.0	4.705927407661996e-06	1.939982753553321e-05	0.0	1.5682598249010487e-05	0.0	6.871431599652497e-06	0.0	2.3993005428925805e-05	0.0	0.0	0.0	1.4758381740302095e-05	0.0	0.0	0.0	0.0	0.0	0.0	0.0	5.6777453673146395e-05	0.0	0.0	0.0	4.4205178175490103e-05	0.0	0.0	0.0	6.18042942470277e-06	0.0	0.0	0.0	0.0	0.0	0.0	0.0	0.0	0.0	0.0	0.0	0.0	5.226537057901612e-05	0.0	8.234886674106284e-05	0.0	0.0	0.0	0.0	0.0	0.0	4.7656079839113076e-05	0.0	0.0	0.0	0.0	0.0
3059405	Prodigiosinella	0.0	0.0	0.0	0.0	0.0	0.0	0.0	0.0	0.0	0.0	0.0	0.0	5.04475188429708e-06	0.0	0.0	0.0	0.0	0.0	0.0	0.0	0.0	0.0	0.0	0.0	0.0	0.0	0.0	0.0	0.0	0.0	0.0	0.0	0.0	0.0	0.0	0.0	0.0	0.0	0.0	0.0	0.0	0.0	0.0	0.0	0.0	0.0	0.0	0.0	0.0	0.0	0.0	0.0	0.0	0.0	0.0	0.0	0.0	0.0	0.0	0.0	0.0	0.0	0.0	0.0
3059504	Allocoprobacillus	0.0	0.0	0.0	0.0	0.0	0.0	0.0	0.0	0.0	3.16433049825548e-06	0.0	0.0	0.0	0.0	0.0	0.0	3.8632805351660195e-06	0.0	0.0	0.0	0.0	0.0	0.0	0.0	0.0	0.0	0.0	0.0	0.0	0.0	0.0	0.0	0.0	0.0	0.0	0.0	0.0	0.0	8.232312518627098e-06	0.0	0.0	0.0	0.0	0.0	0.0	0.0	0.0	0.0	0.0	0.0	0.0	0.0	0.0	0.0	0.0	0.0	3.378698698419677e-06	0.0	0.0	0.0	0.0	0.0	0.0	0.0
3076173	Macrococcoides	0.0	1.958850347971831e-05	8.806456442250307e-06	0.0	0.0	0.0	0.0	2.143763648628563e-06	0.0	1.2495048634137024e-05	0.0	0.0	7.896133384117169e-06	0.0	0.0	0.0	7.726561070332039e-06	0.0	0.0	0.0	0.0	0.0	0.0	0.0	0.0	0.0	0.0	2.7358113603350823e-06	0.00024333194431348454	0.0	2.0331803242362756e-05	0.0	0.0	0.0	5.529944451707983e-06	0.0	0.0001227619543262879	0.0	4.533737329098981e-06	0.0	0.0	1.4788102718882856e-05	0.0	0.0	3.087027154262606e-05	0.0	0.0	0.0	0.0	6.313937385384498e-06	0.0	0.0	0.0	0.0	0.0	0.0	0.0	0.0	0.0	0.0	0.0	0.0	0.0	0.0
3076670	Claveliimonas	0.0	1.986439789492561e-05	0.0	0.0	0.0	1.1080015253487666e-05	0.0	1.7686050101185644e-05	0.0	2.5152370627158947e-05	4.267962057817306e-05	0.0	0.0	0.0	0.0	0.0	3.822614424269535e-05	0.0	0.0	0.0	0.0	0.0	0.0	0.0	0.0	0.0	0.0	0.0	0.0	0.0	0.0	0.0	0.0	0.0	2.1724781774567073e-06	0.0	0.0	0.0	0.000136131428750051	0.0	0.0	0.0	0.0	0.0	0.0	0.0	0.0	3.9975265304592784e-05	0.0	0.0	0.0	0.0	0.0	0.0	5.765170758592699e-06	0.00014443075026960406	1.942751751591314e-05	0.0	0.0	0.0	0.0	0.0	0.0	0.0
3079925	Amygdalobacter	0.0	1.517419283640151e-06	5.193551235173258e-06	0.0	3.9499930875120966e-05	6.771120432686907e-06	0.0	3.233510170014749e-05	4.617211629707863e-06	1.7038702682914124e-06	0.0	0.0	1.9740333460292922e-06	0.0	0.0	0.0009239541283950373	0.0	0.0	0.0	0.0	0.0	6.9665342801329045e-06	0.0	0.0	0.0	6.134888673680889e-06	0.001321071083786393	2.4318323202978508e-06	0.0	0.0	0.0	0.0	0.0	0.0	9.084908742091686e-06	0.0	0.0	0.0	9.42540128944262e-06	5.918190874807248e-05	0.0	2.3444553090911845e-06	0.0	0.0003731473815548585	3.9874100742558655e-05	0.0	0.0	0.0	0.0	0.0	0.0	0.0	2.6895899421289897e-05	0.0	0.0	0.0	5.4903853849319754e-06	0.0	1.059023996424735e-05	0.0	0.0	0.0	0.0	0.0
3088373	Chakrabartyella	0.0	0.0	0.0	0.0	0.0	0.0	0.0	0.0	0.0	0.0	0.0	0.0	0.0	0.0	0.0	0.0	0.0	0.0	0.0	0.0	0.0	0.0	0.0	0.0	0.0	0.0	0.0	0.0	0.0	0.0	0.0	0.0	0.0	0.0	0.0	0.0	0.0	0.0	4.056501820772773e-06	0.0	0.0	0.0	0.0	0.0	0.0	0.0	0.0	0.0	0.0	0.0	0.0	0.0	0.0	0.0	0.0	0.0	0.0	0.0	0.0	0.0	0.0	0.0	0.0	0.0
3088764	Marnyiella	0.0	0.0	0.0	0.0	0.0	0.0	0.0	0.0	0.0	0.0	0.0	0.0	2.6320444613723898e-06	0.0	0.0	0.0	0.0	0.0	0.0	0.0	0.0	0.0	0.0	0.0	0.0	0.0	0.0	0.0	0.0	0.0	0.0	0.0	0.0	0.0	0.0	0.0	0.0	0.0	0.0	0.0	0.0	0.0	0.0	0.0	0.0	0.0	0.0	0.0	0.0	0.0	0.0	0.0	0.0	0.0	0.0	0.0	0.0	0.0	0.0	0.0	0.0	0.0	0.0	0.0
3088889	Aurantibacillus	0.0	0.0	0.0	0.0	0.0	0.0	0.0	0.0	0.0	0.0	0.0	0.0	0.0	0.0	0.0	0.0	0.0	1.5730591596088747e-05	1.2425385559713919e-05	0.0	0.0	0.0	0.0	0.0	0.0	0.0	0.0	0.0	0.0	0.0	0.0	0.0	0.0	0.0	0.0	0.0	0.0	0.0	0.0	0.0	0.0	0.0	0.0	0.0	0.0	0.0	0.0	0.0	0.0	0.0	0.0	0.0	0.0	0.0	0.0	0.0	0.0	0.0	0.0	0.0	0.0	0.0	0.0	0.0
3108736	Antiquaquibacter	0.0	0.0	0.0	0.0	0.0	0.0	0.0	0.0	0.0	0.0	0.0	0.0	0.0	0.0	0.0	0.0	0.0	0.0	0.0	0.0	0.0	0.0	0.0	0.0	0.0	0.0	0.0	0.0	0.0	0.0	0.0	0.0	0.0	0.0	0.0	0.0	8.127688010568026e-06	0.0	0.0	0.0	0.0	0.0	0.0	0.0	0.0	0.0	0.0	0.0	0.0	0.0	0.0	0.0	0.0	0.0	0.0	0.0	0.0	0.0	0.0	0.0	0.0	0.0	0.0	0.0
3126915	Taurinivorans	0.0	0.0	0.0	0.0	0.0	0.0	0.0	0.0	0.0	0.0	0.0	0.0	0.0	0.0	0.0	0.0	0.0	0.0	0.0	0.0	0.0	0.0	0.0	0.0	0.0	0.0	0.0	0.0	0.0	0.0	0.0	0.0	0.0	0.0	0.0	0.0	0.0	0.0	1.3123976478970737e-06	0.0	0.0	0.0	0.0	0.0	0.0	0.0	0.0	0.0	0.0	0.0	0.0	0.0	0.0	0.0	0.0	0.0	0.0	0.0	0.0	0.0	0.0	0.0	0.0	0.0
3142786	Terrirubrum	0.0	0.0	0.0	0.0	0.0	0.0	0.0	0.0	0.0	0.0	0.0	0.0	0.0	4.527560891967042e-06	4.714121678831364e-06	0.0	0.0	0.0	0.0	0.0	0.0	0.0	0.0	0.0	0.0	0.0	0.0	0.0	0.0	0.0	0.0	0.0	0.0	0.0	0.0	0.0	0.0	0.0	0.0	0.0	0.0	0.0	0.0	0.0	0.0	0.0	0.0	0.0	0.0	0.0	0.0	0.0	0.0	0.0	0.0	0.0	0.0	0.0	0.0	0.0	0.0	0.0	0.0	0.0
