Run	STATUS	SampleName	Pair_ID	Flight	LocationCode	Location	Contig id	Element symbol	Element name	Class	Subclass	Method	% Coverage of reference	% Identity to reference	Closest reference accession	Kraken_classified	TaxID	Taxon_rank	Taxon_name	Contig_length
SRR17140446	PMA	F6_S7_P	F6_S7	F6	S7	Lab overhead	k141_1758	blaI	penicillinase repressor BlaI	BETA-LACTAM	BETA-LACTAM	BLASTX	100.0	99.21	WP_001284656.1	C	1385	O	Bacillales	2357
SRR17140446	PMA	F6_S7_P	F6_S7	F6	S7	Lab overhead	k141_1758	blaR1	beta-lactam sensor/signal transducer BlaR1	BETA-LACTAM	BETA-LACTAM	BLASTX	97.44	99.82	WP_001096392.1	C	1385	O	Bacillales	2357
SRR17140457	PMA	F6_S2_P	F6_S2	F6	S2	Waste compartment	k141_1859	blaZ	penicillin-hydrolyzing class A beta-lactamase BlaZ	BETA-LACTAM	BETA-LACTAM	PARTIAL_CONTIG_ENDX	88.26	96.77	WP_000733281.1	C	1279	G	Staphylococcus	980
SRR17140457	PMA	F6_S2_P	F6_S2	F6	S2	Waste compartment	k141_2625	blaI	penicillinase repressor BlaI	BETA-LACTAM	BETA-LACTAM	BLASTX	100.0	96.03	WP_001284656.1	C	1279	G	Staphylococcus	572
SRR17140463	PMA	F4_S2_P	F4_S2	F4	S2	Waste compartment	k141_223	erm(A)	23S rRNA (adenine(2058)-N(6))-methyltransferase Erm(A)	LINCOSAMIDE/MACROLIDE	AZITHROMYCIN/CLARITHROMYCIN/CLINDAMYCIN/ERYTHROMYCIN/TELITHROMYCIN	EXACTX	100.0	100.0	WP_001072201.1	C	91061	C	Bacilli	1860
SRR17140463	PMA	F4_S2_P	F4_S2	F4	S2	Waste compartment	k141_2736	lnu(A)'	lincosamide nucleotidyltransferase Lnu(A)'	LINCOSAMIDE	LINCOSAMIDE	ALLELEX	100.0	100.0	WP_011428879.1	C	246432	S	Staphylococcus equorum	2779
SRR17140463	PMA	F4_S2_P	F4_S2	F4	S2	Waste compartment	k141_290	mecR1	beta-lactam sensor/signal transducer MecR1	BETA-LACTAM	METHICILLIN	PARTIAL_CONTIG_ENDX	55.56	100.0	WP_000952923.1	C	90964	F	Staphylococcaceae	3131
SRR17140463	PMA	F4_S2_P	F4_S2	F4	S2	Waste compartment	k141_290	mecA	PBP2a family beta-lactam-resistant peptidoglycan transpeptidase MecA	BETA-LACTAM	METHICILLIN	PARTIALX	78.74	100.0	WP_000721310.1	C	90964	F	Staphylococcaceae	3131
SRR17140463	PMA	F4_S2_P	F4_S2	F4	S2	Waste compartment	k141_3492	aadD1	aminoglycoside O-nucleotidyltransferase ANT(4')-Ia	AMINOGLYCOSIDE	KANAMYCIN/TOBRAMYCIN	EXACTX	100.0	100.0	WP_001014230.1	C	2	D	Bacteria	4837
SRR17140463	PMA	F4_S2_P	F4_S2	F4	S2	Waste compartment	k141_3492	bleO	bleomycin binding protein	BLEOMYCIN	BLEOMYCIN	EXACTX	100.0	100.0	WP_001242578.1	C	2	D	Bacteria	4837
SRR17140463	PMA	F4_S2_P	F4_S2	F4	S2	Waste compartment	k141_3712	qacB	quaternary ammonium compound efflux MFS transporter QacB	QUATERNARY AMMONIUM	QUATERNARY AMMONIUM	BLASTX	100.0	99.61	WP_000622778.1	C	1290	S	Staphylococcus hominis	7321
SRR17140463	PMA	F4_S2_P	F4_S2	F4	S2	Waste compartment	k141_3952	fosB	FosB family fosfomycin resistance bacillithiol transferase	FOSFOMYCIN	FOSFOMYCIN	INTERNAL_STOP	100.0	98.59	WP_002467687.1	C	1282	S	Staphylococcus epidermidis	965
SRR17140463	PMA	F4_S2_P	F4_S2	F4	S2	Waste compartment	k141_3968	aph(3')-Ia	aminoglycoside O-phosphotransferase APH(3')-Ia	AMINOGLYCOSIDE	KANAMYCIN	EXACTX	100.0	100.0	WP_000018326.1	C	2	D	Bacteria	1951
SRR17140463	PMA	F4_S2_P	F4_S2	F4	S2	Waste compartment	k141_5589	ant(9)-Ia	aminoglycoside nucleotidyltransferase ANT(9)-Ia	AMINOGLYCOSIDE	SPECTINOMYCIN	EXACTX	100.0	100.0	WP_000067268.1	C	91061	C	Bacilli	3234
SRR17140463	PMA	F4_S2_P	F4_S2	F4	S2	Waste compartment	k141_5647	msr(A)	ABC-F type ribosomal protection protein Msr(A)	MACROLIDE/STREPTOGRAMIN	ERYTHROMYCIN/STREPTOGRAMIN B	EXACTX	100.0	100.0	WP_002447408.1	C	1290	S	Staphylococcus hominis	17589
SRR17140463	PMA	F4_S2_P	F4_S2	F4	S2	Waste compartment	k141_5647	blaI	penicillinase repressor BlaI	BETA-LACTAM	BETA-LACTAM	BLASTX	100.0	99.21	WP_001284656.1	C	1290	S	Staphylococcus hominis	17589
SRR17140463	PMA	F4_S2_P	F4_S2	F4	S2	Waste compartment	k141_5647	blaR1	beta-lactam sensor/signal transducer BlaR1	BETA-LACTAM	BETA-LACTAM	EXACTX	100.0	100.0	WP_001096386.1	C	1290	S	Staphylococcus hominis	17589
SRR17140463	PMA	F4_S2_P	F4_S2	F4	S2	Waste compartment	k141_5647	blaZ	penicillin-hydrolyzing class A beta-lactamase BlaZ	BETA-LACTAM	BETA-LACTAM	EXACTX	100.0	100.0	WP_000733274.1	C	1290	S	Staphylococcus hominis	17589
SRR17140463	PMA	F4_S2_P	F4_S2	F4	S2	Waste compartment	k141_6080	vga(A)	ABC-F type ribosomal protection protein Vga(A)	LINCOSAMIDE	LINCOSAMIDE	EXACTX	100.0	100.0	WP_032492560.1	C	1279	G	Staphylococcus	3831
SRR17140463	PMA	F4_S2_P	F4_S2	F4	S2	Waste compartment	k141_6326	aac(6')-Ie/aph(2'')-Ia	bifunctional aminoglycoside N-acetyltransferase AAC(6')-Ie/aminoglycoside O-phosphotransferase APH(2'')-Ia	AMINOGLYCOSIDE	AMIKACIN/GENTAMICIN/KANAMYCIN/TOBRAMYCIN	BLASTX	95.2	100.0	WP_001028144.1	C	2	D	Bacteria	3091
SRR17140463	PMA	F4_S2_P	F4_S2	F4	S2	Waste compartment	k141_6441	erm(X)	23S rRNA (adenine(2058)-N(6))-methyltransferase Erm(X)	LINCOSAMIDE/MACROLIDE/STREPTOGRAMIN	AZITHROMYCIN/CLINDAMYCIN/ERYTHROMYCIN/LINCOMYCIN/STREPTOGRAMIN B/TYLOSIN	PARTIAL_CONTIG_ENDX	65.49	99.46	WP_011117480.1	C	1760	C	Actinomycetes	717
SRR17140463	PMA	F4_S2_P	F4_S2	F4	S2	Waste compartment	k141_6721	fusB	fusidic acid resistance EF-G-binding protein FusB	FUSIDIC ACID	FUSIDIC ACID	PARTIAL_CONTIG_ENDX	53.05	100.0	WP_000855537.1	C	1279	G	Staphylococcus	676
SRR17140464	PMA	F5_S7_P	F5_S7	F5	S7	Lab overhead	k141_2749	blaI	penicillinase repressor BlaI	BETA-LACTAM	BETA-LACTAM	PARTIAL_CONTIG_ENDX	76.19	95.83	WP_001284656.1	C	1279	G	Staphylococcus	2043
SRR17140464	PMA	F5_S7_P	F5_S7	F5	S7	Lab overhead	k141_2749	blaR1	beta-lactam sensor/signal transducer BlaR1	BETA-LACTAM	BETA-LACTAM	INTERNAL_STOP	79.83	91.93	WP_001096392.1	C	1279	G	Staphylococcus	2043
SRR17140464	PMA	F5_S7_P	F5_S7	F5	S7	Lab overhead	k141_3266	qacC	quaternary ammonium compound efflux SMR transporter QacC	QUATERNARY AMMONIUM	QUATERNARY AMMONIUM	EXACTX	100.0	100.0	WP_001146389.1	C	1279	G	Staphylococcus	2374
SRR17140464	PMA	F5_S7_P	F5_S7	F5	S7	Lab overhead	k141_3615	blaZ	penicillin-hydrolyzing class A beta-lactamase BlaZ	BETA-LACTAM	BETA-LACTAM	PARTIAL_CONTIG_ENDX	54.45	98.04	WP_000733274.1	C	1279	G	Staphylococcus	510
SRR17140471	PMA	F7_S6_P	F7_S6	F7	S6	PMM	k141_516	erm(X)	23S rRNA (adenine(2058)-N(6))-methyltransferase Erm(X)	LINCOSAMIDE/MACROLIDE/STREPTOGRAMIN	AZITHROMYCIN/CLINDAMYCIN/ERYTHROMYCIN/LINCOMYCIN/STREPTOGRAMIN B/TYLOSIN	PARTIAL_CONTIG_ENDX	52.46	97.32	WP_063844894.1	C	1760	C	Actinomycetes	818
SRR17140477	PMA	F7_S3_P	F7_S3	F7	S3	Exercise platform	k141_1823	qacC	quaternary ammonium compound efflux SMR transporter QacC	QUATERNARY AMMONIUM	QUATERNARY AMMONIUM	EXACTX	100.0	100.0	WP_001146389.1	C	1279	G	Staphylococcus	925
SRR17140477	PMA	F7_S3_P	F7_S3	F7	S3	Exercise platform	k141_1862	qacG	quaternary ammonium compound efflux SMR transporter QacG	QUATERNARY AMMONIUM	QUATERNARY AMMONIUM	BLASTX	100.0	98.13	WP_015740450.1	C	1279	G	Staphylococcus	2011
SRR17140477	PMA	F7_S3_P	F7_S3	F7	S3	Exercise platform	k141_2487	blaZ	penicillin-hydrolyzing class A beta-lactamase BlaZ	BETA-LACTAM	BETA-LACTAM	PARTIAL_CONTIG_ENDX	73.31	97.09	WP_000733281.1	C	1279	G	Staphylococcus	618
SRR17140477	PMA	F7_S3_P	F7_S3	F7	S3	Exercise platform	k141_3562	msr(A)	ABC-F type ribosomal protection protein Msr(A)	MACROLIDE/STREPTOGRAMIN	ERYTHROMYCIN/STREPTOGRAMIN B	BLASTX	100.0	99.8	WP_000438874.1	C	1279	G	Staphylococcus	9601
SRR17140477	PMA	F7_S3_P	F7_S3	F7	S3	Exercise platform	k141_3562	mph(C)	Mph(C) family macrolide 2'-phosphotransferase	MACROLIDE	ERYTHROMYCIN/SPIRAMYCIN/TELITHROMYCIN	EXACTX	100.0	100.0	WP_000196697.1	C	1279	G	Staphylococcus	9601
SRR17140477	PMA	F7_S3_P	F7_S3	F7	S3	Exercise platform	k141_3562	qacB	quaternary ammonium compound efflux MFS transporter QacB	QUATERNARY AMMONIUM	QUATERNARY AMMONIUM	BLASTX	100.0	99.61	WP_000622778.1	C	1279	G	Staphylococcus	9601
SRR17140477	PMA	F7_S3_P	F7_S3	F7	S3	Exercise platform	k141_3826	erm(X)	23S rRNA (adenine(2058)-N(6))-methyltransferase Erm(X)	LINCOSAMIDE/MACROLIDE/STREPTOGRAMIN	AZITHROMYCIN/CLINDAMYCIN/ERYTHROMYCIN/LINCOMYCIN/STREPTOGRAMIN B/TYLOSIN	EXACTX	100.0	100.0	WP_011117480.1	C	1760	C	Actinomycetes	1033
SRR17140477	PMA	F7_S3_P	F7_S3	F7	S3	Exercise platform	k141_4332	mef(A)	macrolide efflux MFS transporter Mef(A)	MACROLIDE	AZITHROMYCIN/ERYTHROMYCIN	PARTIAL_CONTIG_ENDX	89.88	99.73	WP_000417519.1	C	2	D	Bacteria	1736
SRR17140484	PMA	F6_S8_P	F6_S8	F6	S8	Crew quarters	k141_46483	tet(42)	tetracycline efflux MFS transporter Tet(42)	TETRACYCLINE	TETRACYCLINE	PARTIAL_CONTIG_ENDX	89.25	95.55	WP_063855882.1	C	2048898	S	Microbacterium sp. Y-01	1146
SRR17140490	PMA	F5_S5_P	F5_S5	F5	S5	Overhead 4	k141_423	msr(A)	ABC-F type ribosomal protection protein Msr(A)	MACROLIDE/STREPTOGRAMIN	ERYTHROMYCIN/STREPTOGRAMIN B	PARTIAL_CONTIG_ENDX	72.95	100.0	WP_000438874.1	C	1279	G	Staphylococcus	1622
SRR17140494	PMA	F5_S3_P	F5_S3	F5	S3	Exercise platform	k141_10207	blaR1	beta-lactam sensor/signal transducer BlaR1	BETA-LACTAM	BETA-LACTAM	PARTIAL_CONTIG_ENDX	57.09	98.5	WP_001096392.1	C	1280	S	Staphylococcus aureus	1223
SRR17140494	PMA	F5_S3_P	F5_S3	F5	S3	Exercise platform	k141_10516	fosB	FosB family fosfomycin resistance bacillithiol transferase	FOSFOMYCIN	FOSFOMYCIN	PARTIALX	62.68	100.0	WP_002437790.1	C	1282	S	Staphylococcus epidermidis	1565
SRR17140494	PMA	F5_S3_P	F5_S3	F5	S3	Exercise platform	k141_10626	blaZ	penicillin-hydrolyzing class A beta-lactamase BlaZ	BETA-LACTAM	BETA-LACTAM	BLASTX	94.31	97.36	WP_000733274.1	C	1279	G	Staphylococcus	1997
SRR17140494	PMA	F5_S3_P	F5_S3	F5	S3	Exercise platform	k141_10707	qacC	quaternary ammonium compound efflux SMR transporter QacC	QUATERNARY AMMONIUM	QUATERNARY AMMONIUM	EXACTX	100.0	100.0	WP_001146389.1	C	1279	G	Staphylococcus	2418
SRR17140494	PMA	F5_S3_P	F5_S3	F5	S3	Exercise platform	k141_1388	fusD	FusD family fusidic acid resistance EF-G-binding protein	FUSIDIC ACID	FUSIDIC ACID	BLASTX	100.0	98.12	WP_011303797.1	C	29385	S	Staphylococcus saprophyticus	1613
SRR17140494	PMA	F5_S3_P	F5_S3	F5	S3	Exercise platform	k141_3756	qacA	quaternary ammonium compound efflux MFS transporter QacA	QUATERNARY AMMONIUM	QUATERNARY AMMONIUM	BLASTX	90.08	99.35	WP_000622776.1	C	1279	G	Staphylococcus	2251
SRR17140494	PMA	F5_S3_P	F5_S3	F5	S3	Exercise platform	k141_382	erm(C)	23S rRNA (adenine(2058)-N(6))-methyltransferase Erm(C)	LINCOSAMIDE/MACROLIDE/STREPTOGRAMIN	CLINDAMYCIN/ERYTHROMYCIN/STREPTOGRAMIN B/TYLOSIN	BLASTX	97.54	99.58	WP_001003260.1	C	2	D	Bacteria	1149
SRR17140494	PMA	F5_S3_P	F5_S3	F5	S3	Exercise platform	k141_455	erm(X)	23S rRNA (adenine(2058)-N(6))-methyltransferase Erm(X)	LINCOSAMIDE/MACROLIDE/STREPTOGRAMIN	AZITHROMYCIN/CLINDAMYCIN/ERYTHROMYCIN/LINCOMYCIN/STREPTOGRAMIN B/TYLOSIN	PARTIAL_CONTIG_ENDX	72.54	99.03	WP_063844894.1	C	1760	C	Actinomycetes	1019
SRR17140494	PMA	F5_S3_P	F5_S3	F5	S3	Exercise platform	k141_6793	mph(C)	Mph(C) family macrolide 2'-phosphotransferase	MACROLIDE	ERYTHROMYCIN/SPIRAMYCIN/TELITHROMYCIN	EXACTX	100.0	100.0	WP_000196697.1	C	1279	G	Staphylococcus	4296
SRR17140494	PMA	F5_S3_P	F5_S3	F5	S3	Exercise platform	k141_6793	msr(A)	ABC-F type ribosomal protection protein Msr(A)	MACROLIDE/STREPTOGRAMIN	ERYTHROMYCIN/STREPTOGRAMIN B	BLASTX	100.0	99.8	WP_000438874.1	C	1279	G	Staphylococcus	4296
SRR17140494	PMA	F5_S3_P	F5_S3	F5	S3	Exercise platform	k141_8673	fusB	fusidic acid resistance EF-G-binding protein FusB	FUSIDIC ACID	FUSIDIC ACID	PARTIAL_CONTIG_ENDX	67.14	100.0	WP_000855537.1	C	1279	G	Staphylococcus	546
SRR17140494	PMA	F5_S3_P	F5_S3	F5	S3	Exercise platform	k141_9966	blaI	penicillinase repressor BlaI	BETA-LACTAM	BETA-LACTAM	PARTIAL_CONTIG_ENDX	73.02	98.91	WP_001284656.1	C	1385	O	Bacillales	706
SRR17140497	PMA	F5_S2_P	F5_S2	F5	S2	Waste compartment	k141_169	qacC	quaternary ammonium compound efflux SMR transporter QacC	QUATERNARY AMMONIUM	QUATERNARY AMMONIUM	EXACTX	100.0	100.0	WP_001146389.1	C	1279	G	Staphylococcus	2331
SRR17140497	PMA	F5_S2_P	F5_S2	F5	S2	Waste compartment	k141_2516	qacA	quaternary ammonium compound efflux MFS transporter QacA	QUATERNARY AMMONIUM	QUATERNARY AMMONIUM	PARTIAL_CONTIG_ENDX	50.78	98.08	WP_000622776.1	C	1279	G	Staphylococcus	785
SRR17140497	PMA	F5_S2_P	F5_S2	F5	S2	Waste compartment	k141_3139	erm(X)	23S rRNA (adenine(2058)-N(6))-methyltransferase Erm(X)	LINCOSAMIDE/MACROLIDE/STREPTOGRAMIN	AZITHROMYCIN/CLINDAMYCIN/ERYTHROMYCIN/LINCOMYCIN/STREPTOGRAMIN B/TYLOSIN	INTERNAL_STOP	65.85	99.47	WP_011117480.1	C	1760	C	Actinomycetes	562
SRR17140497	PMA	F5_S2_P	F5_S2	F5	S2	Waste compartment	k141_3602	fusB	fusidic acid resistance EF-G-binding protein FusB	FUSIDIC ACID	FUSIDIC ACID	EXACTX	100.0	100.0	WP_000855537.1	C	1283	S	Staphylococcus haemolyticus	15435
SRR17140443	non-PMA	F4_S6	F4_S6	F4	S6	PMM	k141_11750	fusB	fusidic acid resistance EF-G-binding protein FusB	FUSIDIC ACID	FUSIDIC ACID	BLASTX	100.0	99.53	WP_000855537.1	C	1279	G	Staphylococcus	1544
SRR17140443	non-PMA	F4_S6	F4_S6	F4	S6	PMM	k141_13193	msr(A)	ABC-F type ribosomal protection protein Msr(A)	MACROLIDE/STREPTOGRAMIN	ERYTHROMYCIN/STREPTOGRAMIN B	BLASTX	100.0	99.8	WP_000438874.1	C	1279	G	Staphylococcus	6738
SRR17140443	non-PMA	F4_S6	F4_S6	F4	S6	PMM	k141_13193	mph(C)	Mph(C) family macrolide 2'-phosphotransferase	MACROLIDE	ERYTHROMYCIN/SPIRAMYCIN/TELITHROMYCIN	EXACTX	100.0	100.0	WP_000196697.1	C	1279	G	Staphylococcus	6738
SRR17140443	non-PMA	F4_S6	F4_S6	F4	S6	PMM	k141_14432	tet(K)	tetracycline efflux MFS transporter Tet(K)	TETRACYCLINE	TETRACYCLINE	EXACTX	100.0	100.0	WP_000492283.1	C	2	D	Bacteria	4556
SRR17140443	non-PMA	F4_S6	F4_S6	F4	S6	PMM	k141_14643	mecA	PBP2a family beta-lactam-resistant peptidoglycan transpeptidase MecA	BETA-LACTAM	METHICILLIN	PARTIAL_CONTIG_ENDX	75.6	100.0	WP_000721310.1	C	90964	F	Staphylococcaceae	3177
SRR17140443	non-PMA	F4_S6	F4_S6	F4	S6	PMM	k141_14765	blaZ	penicillin-hydrolyzing class A beta-lactamase BlaZ	BETA-LACTAM	BETA-LACTAM	BLASTX	100.0	95.02	WP_000733281.1	C	1279	G	Staphylococcus	3978
SRR17140443	non-PMA	F4_S6	F4_S6	F4	S6	PMM	k141_14765	blaR1	beta-lactam sensor/signal transducer BlaR1	BETA-LACTAM	BETA-LACTAM	BLASTX	100.0	99.15	WP_001096386.1	C	1279	G	Staphylococcus	3978
SRR17140443	non-PMA	F4_S6	F4_S6	F4	S6	PMM	k141_14765	blaI	penicillinase repressor BlaI	BETA-LACTAM	BETA-LACTAM	BLASTX	100.0	99.21	WP_001284656.1	C	1279	G	Staphylococcus	3978
SRR17140443	non-PMA	F4_S6	F4_S6	F4	S6	PMM	k141_16052	cmx	chloramphenicol efflux MFS transporter Cmx	PHENICOL	CHLORAMPHENICOL	EXACTX	100.0	100.0	WP_005297378.1	C	2	D	Bacteria	1753
SRR17140443	non-PMA	F4_S6	F4_S6	F4	S6	PMM	k141_18347	erm(X)	23S rRNA (adenine(2058)-N(6))-methyltransferase Erm(X)	LINCOSAMIDE/MACROLIDE/STREPTOGRAMIN	AZITHROMYCIN/CLINDAMYCIN/ERYTHROMYCIN/LINCOMYCIN/STREPTOGRAMIN B/TYLOSIN	BLASTX	100.0	98.94	WP_063844894.1	C	1716	G	Corynebacterium	2876
SRR17140443	non-PMA	F4_S6	F4_S6	F4	S6	PMM	k141_18363	vga(A)	ABC-F type ribosomal protection protein Vga(A)	LINCOSAMIDE	LINCOSAMIDE	BLASTX	100.0	99.81	WP_032492560.1	C	1282	S	Staphylococcus epidermidis	8944
SRR17140443	non-PMA	F4_S6	F4_S6	F4	S6	PMM	k141_1910	fusF	fusidic acid resistance EF-G-binding protein FusF	FUSIDIC ACID	FUSIDIC ACID	PARTIAL_CONTIG_ENDX	58.88	100.0	WP_063851267.1	C	29382	S	Staphylococcus cohnii	23375
SRR17140443	non-PMA	F4_S6	F4_S6	F4	S6	PMM	k141_19185	aph(3')-Ia	aminoglycoside O-phosphotransferase APH(3')-Ia	AMINOGLYCOSIDE	KANAMYCIN	PARTIAL_CONTIG_ENDX	63.84	100.0	WP_000018326.1	C	2	D	Bacteria	714
SRR17140443	non-PMA	F4_S6	F4_S6	F4	S6	PMM	k141_20956	erm(X)	23S rRNA (adenine(2058)-N(6))-methyltransferase Erm(X)	LINCOSAMIDE/MACROLIDE/STREPTOGRAMIN	AZITHROMYCIN/CLINDAMYCIN/ERYTHROMYCIN/LINCOMYCIN/STREPTOGRAMIN B/TYLOSIN	BLASTX	92.25	99.62	WP_011117480.1	C	1760	C	Actinomycetes	3758
SRR17140443	non-PMA	F4_S6	F4_S6	F4	S6	PMM	k141_21825	catA	type A-8 chloramphenicol O-acetyltransferase	PHENICOL	CHLORAMPHENICOL	EXACTX	100.0	100.0	WP_000143686.1	C	90964	F	Staphylococcaceae	4736
SRR17140443	non-PMA	F4_S6	F4_S6	F4	S6	PMM	k141_24536	lnu(A)	lincosamide nucleotidyltransferase Lnu(A)	LINCOSAMIDE	LINCOSAMIDE	BLASTX	93.79	100.0	WP_011645010.1	C	1279	G	Staphylococcus	2098
SRR17140443	non-PMA	F4_S6	F4_S6	F4	S6	PMM	k141_25604	tet(O)	tetracycline resistance ribosomal protection protein Tet(O)	TETRACYCLINE	TETRACYCLINE	PARTIAL_CONTIG_ENDX	71.52	99.78	WP_012669445.1	C	2	D	Bacteria	2267
SRR17140443	non-PMA	F4_S6	F4_S6	F4	S6	PMM	k141_27337	aph(6)-Id	aminoglycoside O-phosphotransferase APH(6)-Id	AMINOGLYCOSIDE	STREPTOMYCIN	PARTIAL_CONTIG_ENDX	68.35	99.47	WP_000480968.1	C	2	D	Bacteria	573
SRR17140443	non-PMA	F4_S6	F4_S6	F4	S6	PMM	k141_27705	tet(W)	tetracycline resistance ribosomal protection protein Tet(W)	TETRACYCLINE	TETRACYCLINE	PARTIAL_CONTIG_ENDX	68.08	99.77	WP_002586627.1	C	2	D	Bacteria	1307
SRR17140443	non-PMA	F4_S6	F4_S6	F4	S6	PMM	k141_28083	tetB	tetracycline efflux ABC transporter TetAB subunit B	TETRACYCLINE	TETRACYCLINE	PARTIALX	55.68	95.24	WP_011116970.1	C	1716	G	Corynebacterium	948
SRR17140443	non-PMA	F4_S6	F4_S6	F4	S6	PMM	k141_28440	erm(B)	23S rRNA (adenine(2058)-N(6))-methyltransferase Erm(B)	LINCOSAMIDE/MACROLIDE/STREPTOGRAMIN	CLINDAMYCIN/ERYTHROMYCIN/STREPTOGRAMIN B	PARTIAL_CONTIG_ENDX	85.31	99.52	WP_002292226.1	C	2	D	Bacteria	931
SRR17140443	non-PMA	F4_S6	F4_S6	F4	S6	PMM	k141_2942	aph(3'')-Ib	aminoglycoside O-phosphotransferase APH(3'')-Ib	AMINOGLYCOSIDE	STREPTOMYCIN	BLASTX	95.51	100.0	WP_001082319.1	C	2	D	Bacteria	2355
SRR17140443	non-PMA	F4_S6	F4_S6	F4	S6	PMM	k141_30073	erm(52)	23S rRNA (adenine(2058)-N(6))-methyltransferase Erm(52)	MACROLIDE	MACROLIDE	PARTIAL_CONTIG_ENDX	52.43	95.06	WP_002571018.1	C	1496	S	Clostridioides difficile	583
SRR17140443	non-PMA	F4_S6	F4_S6	F4	S6	PMM	k141_30769	fosB	FosB1/FosB3 family fosfomycin resistance bacillithiol transferase	FOSFOMYCIN	FOSFOMYCIN	BLASTX	100.0	99.28	WP_032488468.1	C	1290	S	Staphylococcus hominis	695
SRR17140443	non-PMA	F4_S6	F4_S6	F4	S6	PMM	k141_32143	blaZ	penicillin-hydrolyzing class A beta-lactamase BlaZ	BETA-LACTAM	BETA-LACTAM	EXACTX	100.0	100.0	WP_000733274.1	C	1279	G	Staphylococcus	914
SRR17140443	non-PMA	F4_S6	F4_S6	F4	S6	PMM	k141_33268	erm(C)	23S rRNA (adenine(2058)-N(6))-methyltransferase Erm(C)	LINCOSAMIDE/MACROLIDE/STREPTOGRAMIN	CLINDAMYCIN/ERYTHROMYCIN/STREPTOGRAMIN B/TYLOSIN	PARTIAL_CONTIG_ENDX	55.74	100.0	WP_001003264.1	C	91061	C	Bacilli	1079
SRR17140443	non-PMA	F4_S6	F4_S6	F4	S6	PMM	k141_35128	fosB	FosB family fosfomycin resistance bacillithiol transferase	FOSFOMYCIN	FOSFOMYCIN	PARTIALX	62.68	95.51	WP_002437790.1	C	1282	S	Staphylococcus epidermidis	3719
SRR17140443	non-PMA	F4_S6	F4_S6	F4	S6	PMM	k141_38871	qacA	quaternary ammonium compound efflux MFS transporter QacA	QUATERNARY AMMONIUM	QUATERNARY AMMONIUM	EXACTX	100.0	100.0	WP_000622776.1	C	1279	G	Staphylococcus	4105
SRR17140443	non-PMA	F4_S6	F4_S6	F4	S6	PMM	k141_39417	tet(Q)	tetracycline resistance ribosomal protection protein Tet(Q)	TETRACYCLINE	TETRACYCLINE	PARTIAL_CONTIG_ENDX	66.61	98.36	WP_004293868.1	C	171549	O	Bacteroidales	1281
SRR17140443	non-PMA	F4_S6	F4_S6	F4	S6	PMM	k141_40811	lnu(A)	lincosamide nucleotidyltransferase Lnu(A)	LINCOSAMIDE	LINCOSAMIDE	EXACTX	100.0	100.0	WP_000700648.1	C	1282	S	Staphylococcus epidermidis	2562
SRR17140443	non-PMA	F4_S6	F4_S6	F4	S6	PMM	k141_41075	lnu(A)'	lincosamide nucleotidyltransferase Lnu(A)'	LINCOSAMIDE	LINCOSAMIDE	ALLELEX	100.0	100.0	WP_011428879.1	C	2	D	Bacteria	2593
SRR17140443	non-PMA	F4_S6	F4_S6	F4	S6	PMM	k141_4780	mef(A)	macrolide efflux MFS transporter Mef(A)	MACROLIDE	AZITHROMYCIN/ERYTHROMYCIN	PARTIAL_CONTIG_ENDX	63.7	100.0	WP_000417519.1	C	2	D	Bacteria	890
SRR17140443	non-PMA	F4_S6	F4_S6	F4	S6	PMM	k141_5222	aadD1	aminoglycoside O-nucleotidyltransferase ANT(4')-Ia	AMINOGLYCOSIDE	KANAMYCIN/TOBRAMYCIN	EXACTX	100.0	100.0	WP_001014230.1	C	2	D	Bacteria	1407
SRR17140443	non-PMA	F4_S6	F4_S6	F4	S6	PMM	k141_8016	msr(D)	ABC-F type ribosomal protection protein Msr(D)	MACROLIDE/STREPTOGRAMIN	AZITHROMYCIN/ERYTHROMYCIN/STREPTOGRAMIN B	EXACTX	100.0	100.0	WP_000420313.1	C	2	D	Bacteria	2605
SRR17140443	non-PMA	F4_S6	F4_S6	F4	S6	PMM	k141_9007	qacC	quaternary ammonium compound efflux SMR transporter QacC	QUATERNARY AMMONIUM	QUATERNARY AMMONIUM	EXACTX	100.0	100.0	WP_001146389.1	C	1282	S	Staphylococcus epidermidis	2849
SRR17140443	non-PMA	F4_S6	F4_S6	F4	S6	PMM	k141_9285	blaI	penicillinase repressor BlaI	BETA-LACTAM	BETA-LACTAM	BLASTX	100.0	96.03	WP_001284656.1	C	29388	S	Staphylococcus capitis	2138
SRR17140443	non-PMA	F4_S6	F4_S6	F4	S6	PMM	k141_9593	mecR1	beta-lactam sensor/signal transducer MecR1	BETA-LACTAM	METHICILLIN	PARTIAL_CONTIG_ENDX	82.05	100.0	WP_000952923.1	C	90964	F	Staphylococcaceae	2247
SRR17140443	non-PMA	F4_S6	F4_S6	F4	S6	PMM	k141_9593	mecI	mecA-type methicillin resistance repressor MecI	BETA-LACTAM	METHICILLIN	PARTIALX	58.54	100.0	WP_000369214.1	C	90964	F	Staphylococcaceae	2247
SRR17140443	non-PMA	F4_S6	F4_S6	F4	S6	PMM	k141_9784	tet(M)	tetracycline resistance ribosomal protection protein Tet(M)	TETRACYCLINE	TETRACYCLINE	PARTIAL_CONTIG_ENDX	69.33	99.55	WP_000691743.1	C	2	D	Bacteria	1351
SRR17140444	non-PMA	F4_S5	F4_S5	F4	S5	Overhead 4	k141_10160	qacA	quaternary ammonium compound efflux MFS transporter QacA	QUATERNARY AMMONIUM	QUATERNARY AMMONIUM	EXACTX	100.0	100.0	WP_000622776.1	C	1279	G	Staphylococcus	3906
SRR17140444	non-PMA	F4_S5	F4_S5	F4	S5	Overhead 4	k141_12050	fosB	FosB family fosfomycin resistance bacillithiol transferase	FOSFOMYCIN	FOSFOMYCIN	BLASTX	100.0	97.89	WP_002437790.1	C	1282	S	Staphylococcus epidermidis	5260
SRR17140444	non-PMA	F4_S5	F4_S5	F4	S5	Overhead 4	k141_16371	qacC	quaternary ammonium compound efflux SMR transporter QacC	QUATERNARY AMMONIUM	QUATERNARY AMMONIUM	EXACTX	100.0	100.0	WP_001146389.1	C	1279	G	Staphylococcus	2271
SRR17140444	non-PMA	F4_S5	F4_S5	F4	S5	Overhead 4	k141_17087	lnu(A)	lincosamide nucleotidyltransferase Lnu(A)	LINCOSAMIDE	LINCOSAMIDE	PARTIAL_CONTIG_ENDX	73.91	99.16	WP_001829870.1	C	1279	G	Staphylococcus	2219
SRR17140444	non-PMA	F4_S5	F4_S5	F4	S5	Overhead 4	k141_17420	erm(X)	23S rRNA (adenine(2058)-N(6))-methyltransferase Erm(X)	LINCOSAMIDE/MACROLIDE/STREPTOGRAMIN	AZITHROMYCIN/CLINDAMYCIN/ERYTHROMYCIN/LINCOMYCIN/STREPTOGRAMIN B/TYLOSIN	PARTIAL_CONTIG_ENDX	51.38	90.77	WP_011116967.1	C	1760	C	Actinomycetes	925
SRR17140444	non-PMA	F4_S5	F4_S5	F4	S5	Overhead 4	k141_18207	blaZ	penicillin-hydrolyzing class A beta-lactamase BlaZ	BETA-LACTAM	BETA-LACTAM	BLASTX	100.0	97.86	WP_000733274.1	C	1279	G	Staphylococcus	1248
SRR17140444	non-PMA	F4_S5	F4_S5	F4	S5	Overhead 4	k141_20836	aadD1	aminoglycoside O-nucleotidyltransferase ANT(4')-Ia	AMINOGLYCOSIDE	KANAMYCIN/TOBRAMYCIN	PARTIAL_CONTIG_ENDX	81.42	100.0	WP_001014230.1	C	2	D	Bacteria	765
SRR17140444	non-PMA	F4_S5	F4_S5	F4	S5	Overhead 4	k141_22077	msr(A)	ABC-F type ribosomal protection protein Msr(A)	MACROLIDE/STREPTOGRAMIN	ERYTHROMYCIN/STREPTOGRAMIN B	BLASTX	100.0	99.59	WP_000438874.1	C	170573	S	Staphylococcus pettenkoferi	8346
SRR17140444	non-PMA	F4_S5	F4_S5	F4	S5	Overhead 4	k141_22077	mph(C)	Mph(C) family macrolide 2'-phosphotransferase	MACROLIDE	ERYTHROMYCIN/SPIRAMYCIN/TELITHROMYCIN	EXACTX	100.0	100.0	WP_000196697.1	C	170573	S	Staphylococcus pettenkoferi	8346
SRR17140444	non-PMA	F4_S5	F4_S5	F4	S5	Overhead 4	k141_22118	catA	type A-8 chloramphenicol O-acetyltransferase	PHENICOL	CHLORAMPHENICOL	EXACTX	100.0	100.0	WP_000143686.1	C	1280	S	Staphylococcus aureus	3348
SRR17140444	non-PMA	F4_S5	F4_S5	F4	S5	Overhead 4	k141_24049	blaI	penicillinase repressor BlaI	BETA-LACTAM	BETA-LACTAM	PARTIAL_CONTIG_ENDX	67.46	96.47	WP_001284656.1	C	1282	S	Staphylococcus epidermidis	2752
SRR17140444	non-PMA	F4_S5	F4_S5	F4	S5	Overhead 4	k141_24391	tet(K)	tetracycline efflux MFS transporter Tet(K)	TETRACYCLINE	TETRACYCLINE	PARTIAL_CONTIG_ENDX	56.43	100.0	WP_000492283.1	C	2	D	Bacteria	1914
SRR17140444	non-PMA	F4_S5	F4_S5	F4	S5	Overhead 4	k141_24997	vga(A)	ABC-F type ribosomal protection protein Vga(A)	LINCOSAMIDE	LINCOSAMIDE	BLASTX	100.0	99.81	WP_032492560.1	C	1279	G	Staphylococcus	2497
SRR17140444	non-PMA	F4_S5	F4_S5	F4	S5	Overhead 4	k141_27605	blaZ	penicillin-hydrolyzing class A beta-lactamase BlaZ	BETA-LACTAM	BETA-LACTAM	PARTIAL_CONTIG_ENDX	62.99	97.18	WP_000733281.1	C	1279	G	Staphylococcus	546
SRR17140444	non-PMA	F4_S5	F4_S5	F4	S5	Overhead 4	k141_28936	blaR1	beta-lactam sensor/signal transducer BlaR1	BETA-LACTAM	BETA-LACTAM	BLASTX	100.0	99.49	WP_001096386.1	C	1279	G	Staphylococcus	3056
SRR17140444	non-PMA	F4_S5	F4_S5	F4	S5	Overhead 4	k141_28936	blaI	penicillinase repressor BlaI	BETA-LACTAM	BETA-LACTAM	BLASTX	100.0	99.21	WP_001284656.1	C	1279	G	Staphylococcus	3056
SRR17140444	non-PMA	F4_S5	F4_S5	F4	S5	Overhead 4	k141_29841	erm(X)	23S rRNA (adenine(2058)-N(6))-methyltransferase Erm(X)	LINCOSAMIDE/MACROLIDE/STREPTOGRAMIN	AZITHROMYCIN/CLINDAMYCIN/ERYTHROMYCIN/LINCOMYCIN/STREPTOGRAMIN B/TYLOSIN	EXACTX	100.0	100.0	WP_011117480.1	C	1760	C	Actinomycetes	1052
SRR17140444	non-PMA	F4_S5	F4_S5	F4	S5	Overhead 4	k141_30356	msr(D)	ABC-F type ribosomal protection protein Msr(D)	MACROLIDE/STREPTOGRAMIN	AZITHROMYCIN/ERYTHROMYCIN/STREPTOGRAMIN B	PARTIAL_CONTIG_ENDX	60.99	100.0	WP_000420313.1	C	1301	G	Streptococcus	4012
SRR17140444	non-PMA	F4_S5	F4_S5	F4	S5	Overhead 4	k141_30356	mef(A)	macrolide efflux MFS transporter Mef(A)	MACROLIDE	AZITHROMYCIN/ERYTHROMYCIN	EXACTX	100.0	100.0	WP_000417519.1	C	1301	G	Streptococcus	4012
SRR17140444	non-PMA	F4_S5	F4_S5	F4	S5	Overhead 4	k141_32290	lnu(A)'	lincosamide nucleotidyltransferase Lnu(A)'	LINCOSAMIDE	LINCOSAMIDE	ALLELEX	100.0	100.0	WP_011428879.1	C	90964	F	Staphylococcaceae	920
SRR17140444	non-PMA	F4_S5	F4_S5	F4	S5	Overhead 4	k141_3912	cfxA3	extended-spectrum class A beta-lactamase CfxA3	BETA-LACTAM	CEPHALOSPORIN	PARTIAL_CONTIG_ENDX	57.94	100.0	WP_004348227.1	C	976	P	Bacteroidota	880
SRR17140444	non-PMA	F4_S5	F4_S5	F4	S5	Overhead 4	k141_9733	erm(B)	23S rRNA (adenine(2058)-N(6))-methyltransferase Erm(B)	LINCOSAMIDE/MACROLIDE/STREPTOGRAMIN	CLINDAMYCIN/ERYTHROMYCIN/STREPTOGRAMIN B	BLASTX	93.88	100.0	WP_001038790.1	C	2	D	Bacteria	1003
SRR17140444	non-PMA	F4_S5	F4_S5	F4	S5	Overhead 4	k141_9926	tet(M)	tetracycline resistance ribosomal protection protein Tet(M)	TETRACYCLINE	TETRACYCLINE	PARTIAL_CONTIG_ENDX	70.58	100.0	WP_000691736.1	C	2	D	Bacteria	1892
SRR17140445	non-PMA	F6_S8	F6_S8	F6	S8	Crew quarters	k141_12611	fosB	FosB family fosfomycin resistance bacillithiol transferase	FOSFOMYCIN	FOSFOMYCIN	PARTIAL_CONTIG_ENDX	66.2	96.81	WP_002467687.1	C	1282	S	Staphylococcus epidermidis	555
SRR17140445	non-PMA	F6_S8	F6_S8	F6	S8	Crew quarters	k141_18064	msr(A)	ABC-F type ribosomal protection protein Msr(A)	MACROLIDE/STREPTOGRAMIN	ERYTHROMYCIN/STREPTOGRAMIN B	PARTIAL_CONTIG_ENDX	54.71	100.0	WP_000438874.1	C	1279	G	Staphylococcus	804
SRR17140445	non-PMA	F6_S8	F6_S8	F6	S8	Crew quarters	k141_22084	qacC	quaternary ammonium compound efflux SMR transporter QacC	QUATERNARY AMMONIUM	QUATERNARY AMMONIUM	EXACTX	100.0	100.0	WP_001146389.1	C	1279	G	Staphylococcus	770
SRR17140445	non-PMA	F6_S8	F6_S8	F6	S8	Crew quarters	k141_36890	vga(A)	ABC-F type ribosomal protection protein Vga(A)	LINCOSAMIDE	LINCOSAMIDE	BLASTX	91.0	100.0	WP_002440627.1	C	1282	S	Staphylococcus epidermidis	1741
SRR17140447	non-PMA	F6_S7	F6_S7	F6	S7	Lab overhead	k141_12594	tet(O)	tetracycline resistance ribosomal protection protein Tet(O)	TETRACYCLINE	TETRACYCLINE	PARTIAL_CONTIG_ENDX	59.0	99.73	WP_014636291.1	C	2	D	Bacteria	2075
SRR17140447	non-PMA	F6_S7	F6_S7	F6	S7	Lab overhead	k141_19229	lnu(A)	lincosamide nucleotidyltransferase Lnu(A)	LINCOSAMIDE	LINCOSAMIDE	PARTIAL_CONTIG_ENDX	80.12	100.0	WP_011428879.1	C	246432	S	Staphylococcus equorum	2718
SRR17140447	non-PMA	F6_S7	F6_S7	F6	S7	Lab overhead	k141_20641	fusD	FusD family fusidic acid resistance EF-G-binding protein	FUSIDIC ACID	FUSIDIC ACID	PARTIAL_CONTIG_ENDX	51.64	99.09	WP_011303797.1	C	29385	S	Staphylococcus saprophyticus	953
SRR17140447	non-PMA	F6_S7	F6_S7	F6	S7	Lab overhead	k141_21828	tet(K)	tetracycline efflux MFS transporter Tet(K)	TETRACYCLINE	TETRACYCLINE	EXACTX	100.0	100.0	WP_000492283.1	C	2	D	Bacteria	4133
SRR17140447	non-PMA	F6_S7	F6_S7	F6	S7	Lab overhead	k141_22147	qacC	quaternary ammonium compound efflux SMR transporter QacC	QUATERNARY AMMONIUM	QUATERNARY AMMONIUM	EXACTX	100.0	100.0	WP_001146389.1	C	1279	G	Staphylococcus	2531
SRR17140447	non-PMA	F6_S7	F6_S7	F6	S7	Lab overhead	k141_26170	fosB	FosB family fosfomycin resistance bacillithiol transferase	FOSFOMYCIN	FOSFOMYCIN	BLASTX	100.0	97.18	WP_002467687.1	C	1282	S	Staphylococcus epidermidis	1465
SRR17140447	non-PMA	F6_S7	F6_S7	F6	S7	Lab overhead	k141_26420	tet(M)	tetracycline resistance ribosomal protection protein Tet(M)	TETRACYCLINE	TETRACYCLINE	EXACTX	100.0	100.0	WP_000691727.1	C	1239	P	Bacillota	27056
SRR17140447	non-PMA	F6_S7	F6_S7	F6	S7	Lab overhead	k141_26532	msr(A)	ABC-F type ribosomal protection protein Msr(A)	MACROLIDE/STREPTOGRAMIN	ERYTHROMYCIN/STREPTOGRAMIN B	BLASTX	100.0	99.8	WP_000438874.1	C	1279	G	Staphylococcus	4157
SRR17140447	non-PMA	F6_S7	F6_S7	F6	S7	Lab overhead	k141_26532	mph(C)	Mph(C) family macrolide 2'-phosphotransferase	MACROLIDE	ERYTHROMYCIN/SPIRAMYCIN/TELITHROMYCIN	EXACTX	100.0	100.0	WP_000196697.1	C	1279	G	Staphylococcus	4157
SRR17140447	non-PMA	F6_S7	F6_S7	F6	S7	Lab overhead	k141_26605	tet(W)	tetracycline resistance ribosomal protection protein Tet(W)	TETRACYCLINE	TETRACYCLINE	BLASTX	100.0	99.37	WP_063856414.1	C	1239	P	Bacillota	3183
SRR17140447	non-PMA	F6_S7	F6_S7	F6	S7	Lab overhead	k141_28553	qacA	quaternary ammonium compound efflux MFS transporter QacA	QUATERNARY AMMONIUM	QUATERNARY AMMONIUM	EXACTX	100.0	100.0	WP_000622776.1	C	1280	S	Staphylococcus aureus	5290
SRR17140447	non-PMA	F6_S7	F6_S7	F6	S7	Lab overhead	k141_28682	blaI	penicillinase repressor BlaI	BETA-LACTAM	BETA-LACTAM	BLASTX	100.0	99.21	WP_001284656.1	C	1279	G	Staphylococcus	4895
SRR17140447	non-PMA	F6_S7	F6_S7	F6	S7	Lab overhead	k141_28682	blaR1	beta-lactam sensor/signal transducer BlaR1	BETA-LACTAM	BETA-LACTAM	BLASTX	100.0	97.09	WP_001096386.1	C	1279	G	Staphylococcus	4895
SRR17140447	non-PMA	F6_S7	F6_S7	F6	S7	Lab overhead	k141_28682	blaZ	penicillin-hydrolyzing class A beta-lactamase BlaZ	BETA-LACTAM	BETA-LACTAM	PARTIAL_CONTIG_ENDX	82.92	96.57	WP_000733281.1	C	1279	G	Staphylococcus	4895
SRR17140447	non-PMA	F6_S7	F6_S7	F6	S7	Lab overhead	k141_29112	erm(X)	23S rRNA (adenine(2058)-N(6))-methyltransferase Erm(X)	LINCOSAMIDE/MACROLIDE/STREPTOGRAMIN	AZITHROMYCIN/CLINDAMYCIN/ERYTHROMYCIN/LINCOMYCIN/STREPTOGRAMIN B/TYLOSIN	EXACTX	100.0	100.0	WP_011117480.1	C	1716	G	Corynebacterium	6045
SRR17140447	non-PMA	F6_S7	F6_S7	F6	S7	Lab overhead	k141_37106	bleO	bleomycin binding protein	BLEOMYCIN	BLEOMYCIN	PARTIAL_CONTIG_ENDX	76.87	100.0	WP_001242578.1	C	2	D	Bacteria	906
SRR17140447	non-PMA	F6_S7	F6_S7	F6	S7	Lab overhead	k141_38706	blaZ	penicillin-hydrolyzing class A beta-lactamase BlaZ	BETA-LACTAM	BETA-LACTAM	BLASTX	100.0	98.93	WP_000733274.1	C	1279	G	Staphylococcus	3554
SRR17140447	non-PMA	F6_S7	F6_S7	F6	S7	Lab overhead	k141_41187	erm(B)	23S rRNA (adenine(2058)-N(6))-methyltransferase Erm(B)	LINCOSAMIDE/MACROLIDE/STREPTOGRAMIN	CLINDAMYCIN/ERYTHROMYCIN/STREPTOGRAMIN B	BLASTX	100.0	99.59	WP_002321849.1	C	2	D	Bacteria	1210
SRR17140447	non-PMA	F6_S7	F6_S7	F6	S7	Lab overhead	k141_42828	vga(A)	ABC-F type ribosomal protection protein Vga(A)	LINCOSAMIDE	LINCOSAMIDE	EXACTX	100.0	100.0	WP_002440627.1	C	1282	S	Staphylococcus epidermidis	3315
SRR17140447	non-PMA	F6_S7	F6_S7	F6	S7	Lab overhead	k141_43012	lnu(A)	lincosamide nucleotidyltransferase Lnu(A)	LINCOSAMIDE	LINCOSAMIDE	EXACTX	100.0	100.0	WP_011645010.1	C	1279	G	Staphylococcus	1485
SRR17140447	non-PMA	F6_S7	F6_S7	F6	S7	Lab overhead	k141_44309	erm(X)	23S rRNA (adenine(2058)-N(6))-methyltransferase Erm(X)	LINCOSAMIDE/MACROLIDE/STREPTOGRAMIN	AZITHROMYCIN/CLINDAMYCIN/ERYTHROMYCIN/LINCOMYCIN/STREPTOGRAMIN B/TYLOSIN	PARTIAL_CONTIG_ENDX	53.17	100.0	WP_063844894.1	C	1760	C	Actinomycetes	542
SRR17140447	non-PMA	F6_S7	F6_S7	F6	S7	Lab overhead	k141_45336	erm(C)	23S rRNA (adenine(2058)-N(6))-methyltransferase Erm(C)	LINCOSAMIDE/MACROLIDE/STREPTOGRAMIN	CLINDAMYCIN/ERYTHROMYCIN/STREPTOGRAMIN B/TYLOSIN	EXACTX	100.0	100.0	WP_001003264.1	C	91061	C	Bacilli	2614
SRR17140447	non-PMA	F6_S7	F6_S7	F6	S7	Lab overhead	k141_4639	erm(44)v	23S rRNA (adenine(2058)-N(6))-methyltransferase Erm(44)v	LINCOSAMIDE/MACROLIDE	CLINDAMYCIN/ERYTHROMYCIN	EXACTX	100.0	100.0	WP_041079981.1	C	29385	S	Staphylococcus saprophyticus	855
SRR17140447	non-PMA	F6_S7	F6_S7	F6	S7	Lab overhead	k141_6633	erm(C)	23S rRNA (adenine(2058)-N(6))-methyltransferase Erm(C)	LINCOSAMIDE/MACROLIDE/STREPTOGRAMIN	CLINDAMYCIN/ERYTHROMYCIN/STREPTOGRAMIN B/TYLOSIN	PARTIAL_CONTIG_ENDX	74.59	99.45	WP_014158490.1	C	1385	O	Bacillales	1043
SRR17140447	non-PMA	F6_S7	F6_S7	F6	S7	Lab overhead	k141_9056	erm(A)	23S rRNA (adenine(2058)-N(6))-methyltransferase Erm(A)	LINCOSAMIDE/MACROLIDE	AZITHROMYCIN/CLARITHROMYCIN/CLINDAMYCIN/ERYTHROMYCIN/TELITHROMYCIN	PARTIAL_CONTIG_ENDX	60.91	100.0	WP_000810833.1	C	1239	P	Bacillota	1994
SRR17140449	non-PMA	F6_S6	F6_S6	F6	S6	PMM	k141_10151	tet(W)	tetracycline resistance ribosomal protection protein Tet(W)	TETRACYCLINE	TETRACYCLINE	PARTIAL_CONTIG_ENDX	62.13	99.5	WP_063856423.1	C	2	D	Bacteria	1318
SRR17140449	non-PMA	F6_S6	F6_S6	F6	S6	PMM	k141_10821	erm(F)	23S rRNA (adenine(2058)-N(6))-methyltransferase Erm(F)	LINCOSAMIDE/MACROLIDE/STREPTOGRAMIN	CLINDAMYCIN/MACROLIDE/STREPTOGRAMIN	BLASTX	99.25	99.62	WP_002682030.1	C	171549	O	Bacteroidales	1358
SRR17140449	non-PMA	F6_S6	F6_S6	F6	S6	PMM	k141_11447	erm(X)	23S rRNA (adenine(2058)-N(6))-methyltransferase Erm(X)	LINCOSAMIDE/MACROLIDE/STREPTOGRAMIN	AZITHROMYCIN/CLINDAMYCIN/ERYTHROMYCIN/LINCOMYCIN/STREPTOGRAMIN B/TYLOSIN	PARTIAL_CONTIG_ENDX	88.03	97.6	WP_063844894.1	C	1760	C	Actinomycetes	1034
SRR17140449	non-PMA	F6_S6	F6_S6	F6	S6	PMM	k141_11927	lnu(A)	lincosamide nucleotidyltransferase Lnu(A)	LINCOSAMIDE	LINCOSAMIDE	EXACTX	100.0	100.0	WP_011645010.1	C	90964	F	Staphylococcaceae	2557
SRR17140449	non-PMA	F6_S6	F6_S6	F6	S6	PMM	k141_14990	mph(C)	Mph(C) family macrolide 2'-phosphotransferase	MACROLIDE	ERYTHROMYCIN/SPIRAMYCIN/TELITHROMYCIN	EXACTX	100.0	100.0	WP_000196697.1	C	1279	G	Staphylococcus	4442
SRR17140449	non-PMA	F6_S6	F6_S6	F6	S6	PMM	k141_14990	msr(A)	ABC-F type ribosomal protection protein Msr(A)	MACROLIDE/STREPTOGRAMIN	ERYTHROMYCIN/STREPTOGRAMIN B	BLASTX	100.0	99.59	WP_000438874.1	C	1279	G	Staphylococcus	4442
SRR17140449	non-PMA	F6_S6	F6_S6	F6	S6	PMM	k141_16457	erm(C)	23S rRNA (adenine(2058)-N(6))-methyltransferase Erm(C)	LINCOSAMIDE/MACROLIDE/STREPTOGRAMIN	CLINDAMYCIN/ERYTHROMYCIN/STREPTOGRAMIN B/TYLOSIN	EXACTX	100.0	100.0	WP_001003263.1	C	91061	C	Bacilli	2542
SRR17140449	non-PMA	F6_S6	F6_S6	F6	S6	PMM	k141_17900	vga(A)	ABC-F type ribosomal protection protein Vga(A)	LINCOSAMIDE	LINCOSAMIDE	BLASTX	100.0	99.62	WP_002440627.1	C	1282	S	Staphylococcus epidermidis	3665
SRR17140449	non-PMA	F6_S6	F6_S6	F6	S6	PMM	k141_21810	mef(A)	macrolide efflux MFS transporter Mef(A)	MACROLIDE	AZITHROMYCIN/ERYTHROMYCIN	EXACTX	100.0	100.0	WP_000417519.1	C	1303	S	Streptococcus oralis	822225
SRR17140449	non-PMA	F6_S6	F6_S6	F6	S6	PMM	k141_21810	msr(D)	ABC-F type ribosomal protection protein Msr(D)	MACROLIDE/STREPTOGRAMIN	AZITHROMYCIN/ERYTHROMYCIN/STREPTOGRAMIN B	EXACTX	100.0	100.0	WP_000420313.1	C	1303	S	Streptococcus oralis	822225
SRR17140449	non-PMA	F6_S6	F6_S6	F6	S6	PMM	k141_25303	erm(X)	23S rRNA (adenine(2058)-N(6))-methyltransferase Erm(X)	LINCOSAMIDE/MACROLIDE/STREPTOGRAMIN	AZITHROMYCIN/CLINDAMYCIN/ERYTHROMYCIN/LINCOMYCIN/STREPTOGRAMIN B/TYLOSIN	PARTIAL_CONTIG_ENDX	88.03	98.0	WP_011117480.1	C	1760	C	Actinomycetes	926
SRR17140449	non-PMA	F6_S6	F6_S6	F6	S6	PMM	k141_30088	fusD	FusD family fusidic acid resistance EF-G-binding protein	FUSIDIC ACID	FUSIDIC ACID	PARTIAL_CONTIG_ENDX	87.32	97.85	WP_011303797.1	C	29385	S	Staphylococcus saprophyticus	1059
SRR17140449	non-PMA	F6_S6	F6_S6	F6	S6	PMM	k141_31808	blaI	penicillinase repressor BlaI	BETA-LACTAM	BETA-LACTAM	PARTIAL_CONTIG_ENDX	88.1	95.5	WP_001284656.1	C	1282	S	Staphylococcus epidermidis	983
SRR17140449	non-PMA	F6_S6	F6_S6	F6	S6	PMM	k141_32560	tet(M)	tetracycline resistance ribosomal protection protein Tet(M)	TETRACYCLINE	TETRACYCLINE	BLASTX	100.0	98.9	WP_000691743.1	C	1301	G	Streptococcus	265470
SRR17140449	non-PMA	F6_S6	F6_S6	F6	S6	PMM	k141_32601	blaZ	penicillin-hydrolyzing class A beta-lactamase BlaZ	BETA-LACTAM	BETA-LACTAM	PARTIAL_CONTIG_ENDX	74.38	95.22	WP_000733281.1	C	1279	G	Staphylococcus	801
SRR17140449	non-PMA	F6_S6	F6_S6	F6	S6	PMM	k141_3268	catA	type A-7 chloramphenicol O-acetyltransferase	PHENICOL	CHLORAMPHENICOL	EXACTX	100.0	100.0	WP_002489529.1	C	1279	G	Staphylococcus	4455
SRR17140449	non-PMA	F6_S6	F6_S6	F6	S6	PMM	k141_40891	erm(A)	23S rRNA (adenine(2058)-N(6))-methyltransferase Erm(A)	LINCOSAMIDE/MACROLIDE	AZITHROMYCIN/CLARITHROMYCIN/CLINDAMYCIN/ERYTHROMYCIN/TELITHROMYCIN	EXACTX	100.0	100.0	WP_000810833.1	C	1239	P	Bacillota	2302
SRR17140449	non-PMA	F6_S6	F6_S6	F6	S6	PMM	k141_40944	qacC	quaternary ammonium compound efflux SMR transporter QacC	QUATERNARY AMMONIUM	QUATERNARY AMMONIUM	EXACTX	100.0	100.0	WP_001146389.1	C	90964	F	Staphylococcaceae	1062
SRR17140449	non-PMA	F6_S6	F6_S6	F6	S6	PMM	k141_42048	blaR1	beta-lactam sensor/signal transducer BlaR1	BETA-LACTAM	BETA-LACTAM	BLASTX	90.94	90.41	WP_001096392.1	C	1279	G	Staphylococcus	1762
SRR17140449	non-PMA	F6_S6	F6_S6	F6	S6	PMM	k141_42650	blaCSP	CSP family class A beta-lactamase	BETA-LACTAM	CEPHALOSPORIN	PARTIAL_CONTIG_ENDX	89.18	98.9	WP_063859920.1	U	0	U	unclassified	924
SRR17140449	non-PMA	F6_S6	F6_S6	F6	S6	PMM	k141_4397	fusB	fusidic acid resistance EF-G-binding protein FusB	FUSIDIC ACID	FUSIDIC ACID	EXACTX	100.0	100.0	WP_000855537.1	C	1279	G	Staphylococcus	1399
SRR17140449	non-PMA	F6_S6	F6_S6	F6	S6	PMM	k141_45283	lnu(A)	lincosamide nucleotidyltransferase Lnu(A)	LINCOSAMIDE	LINCOSAMIDE	PARTIAL_CONTIG_ENDX	72.05	100.0	WP_011428879.1	C	2	D	Bacteria	503
SRR17140449	non-PMA	F6_S6	F6_S6	F6	S6	PMM	k141_46599	qacA	quaternary ammonium compound efflux MFS transporter QacA	QUATERNARY AMMONIUM	QUATERNARY AMMONIUM	EXACTX	100.0	100.0	WP_000622776.1	C	1279	G	Staphylococcus	3366
SRR17140449	non-PMA	F6_S6	F6_S6	F6	S6	PMM	k141_46893	blaI	penicillinase repressor BlaI	BETA-LACTAM	BETA-LACTAM	PARTIAL_CONTIG_ENDX	78.57	98.99	WP_001284656.1	C	1385	O	Bacillales	1580
SRR17140449	non-PMA	F6_S6	F6_S6	F6	S6	PMM	k141_46893	blaR1	beta-lactam sensor/signal transducer BlaR1	BETA-LACTAM	BETA-LACTAM	PARTIAL_CONTIG_ENDX	73.33	98.37	WP_001096386.1	C	1385	O	Bacillales	1580
SRR17140449	non-PMA	F6_S6	F6_S6	F6	S6	PMM	k141_48481	blaI	penicillinase repressor BlaI	BETA-LACTAM	BETA-LACTAM	PARTIAL_CONTIG_ENDX	57.94	100.0	WP_001284656.1	C	1279	G	Staphylococcus	1573
SRR17140449	non-PMA	F6_S6	F6_S6	F6	S6	PMM	k141_50685	fosB	FosB family fosfomycin resistance bacillithiol transferase	FOSFOMYCIN	FOSFOMYCIN	BLASTX	100.0	97.89	WP_002437790.1	C	1282	S	Staphylococcus epidermidis	2628
SRR17140449	non-PMA	F6_S6	F6_S6	F6	S6	PMM	k141_51822	erm(B)	23S rRNA (adenine(2058)-N(6))-methyltransferase Erm(B)	LINCOSAMIDE/MACROLIDE/STREPTOGRAMIN	CLINDAMYCIN/ERYTHROMYCIN/STREPTOGRAMIN B	BLASTX	99.59	99.18	WP_001038795.1	C	2	D	Bacteria	1781
SRR17140449	non-PMA	F6_S6	F6_S6	F6	S6	PMM	k141_54336	blaI	penicillinase repressor BlaI	BETA-LACTAM	BETA-LACTAM	PARTIAL_CONTIG_ENDX	57.94	100.0	WP_001284656.1	C	90964	F	Staphylococcaceae	750
SRR17140449	non-PMA	F6_S6	F6_S6	F6	S6	PMM	k141_6919	tetB	tetracycline efflux ABC transporter TetAB subunit B	TETRACYCLINE	TETRACYCLINE	PARTIALX	55.68	94.9	WP_011116970.1	C	144183	S1	Corynebacterium afermentans subsp. afermentans	1859
SRR17140449	non-PMA	F6_S6	F6_S6	F6	S6	PMM	k141_7018	cmx	chloramphenicol efflux MFS transporter Cmx	PHENICOL	CHLORAMPHENICOL	PARTIAL_CONTIG_ENDX	57.8	100.0	WP_005297378.1	C	2	D	Bacteria	4411
SRR17140449	non-PMA	F6_S6	F6_S6	F6	S6	PMM	k141_7018	aph(6)-Id	aminoglycoside O-phosphotransferase APH(6)-Id	AMINOGLYCOSIDE	STREPTOMYCIN	EXACTX	100.0	100.0	WP_000480968.1	C	2	D	Bacteria	4411
SRR17140449	non-PMA	F6_S6	F6_S6	F6	S6	PMM	k141_7018	aph(3'')-Ib	aminoglycoside O-phosphotransferase APH(3'')-Ib	AMINOGLYCOSIDE	STREPTOMYCIN	EXACTX	100.0	100.0	WP_001082319.1	C	2	D	Bacteria	4411
SRR17140449	non-PMA	F6_S6	F6_S6	F6	S6	PMM	k141_7018	aph(3')-Ia	aminoglycoside O-phosphotransferase APH(3')-Ia	AMINOGLYCOSIDE	KANAMYCIN	PARTIAL_CONTIG_ENDX	71.59	100.0	WP_000018326.1	C	2	D	Bacteria	4411
SRR17140449	non-PMA	F6_S6	F6_S6	F6	S6	PMM	k141_9475	mecI	mecA-type methicillin resistance repressor MecI	BETA-LACTAM	METHICILLIN	EXACTX	100.0	100.0	WP_000369214.1	C	1279	G	Staphylococcus	2990
SRR17140451	non-PMA	F6_S5	F6_S5	F6	S5	Overhead 4	k141_104571	cfxA3	extended-spectrum class A beta-lactamase CfxA3	BETA-LACTAM	CEPHALOSPORIN	EXACTX	100.0	100.0	WP_004348227.1	C	171549	O	Bacteroidales	5303
SRR17140451	non-PMA	F6_S5	F6_S5	F6	S5	Overhead 4	k141_1102	dfrF	trimethoprim-resistant dihydrofolate reductase DfrF	TRIMETHOPRIM	TRIMETHOPRIM	PARTIAL_CONTIG_ENDX	87.8	100.0	WP_002322211.1	C	1783272	D1	Terrabacteria group	559
SRR17140451	non-PMA	F6_S5	F6_S5	F6	S5	Overhead 4	k141_111201	erm(B)	23S rRNA (adenine(2058)-N(6))-methyltransferase Erm(B)	LINCOSAMIDE/MACROLIDE/STREPTOGRAMIN	CLINDAMYCIN/ERYTHROMYCIN/STREPTOGRAMIN B	BLASTX	100.0	99.59	WP_001038795.1	C	2	D	Bacteria	5811
SRR17140451	non-PMA	F6_S5	F6_S5	F6	S5	Overhead 4	k141_114799	tet(A)	tetracycline efflux MFS transporter Tet(A)	TETRACYCLINE	TETRACYCLINE	EXACTX	100.0	100.0	WP_011645018.1	C	47671	S	Lautropia mirabilis	8464
SRR17140451	non-PMA	F6_S5	F6_S5	F6	S5	Overhead 4	k141_115980	qacA	quaternary ammonium compound efflux MFS transporter QacA	QUATERNARY AMMONIUM	QUATERNARY AMMONIUM	BLASTX	100.0	99.61	WP_000622776.1	C	1279	G	Staphylococcus	3761
SRR17140451	non-PMA	F6_S5	F6_S5	F6	S5	Overhead 4	k141_117217	blaZ	penicillin-hydrolyzing class A beta-lactamase BlaZ	BETA-LACTAM	BETA-LACTAM	PARTIAL_CONTIG_ENDX	75.09	96.21	WP_000733281.1	C	1279	G	Staphylococcus	675
SRR17140451	non-PMA	F6_S5	F6_S5	F6	S5	Overhead 4	k141_121858	erm(C)	23S rRNA (adenine(2058)-N(6))-methyltransferase Erm(C)	LINCOSAMIDE/MACROLIDE/STREPTOGRAMIN	CLINDAMYCIN/ERYTHROMYCIN/STREPTOGRAMIN B/TYLOSIN	EXACTX	100.0	100.0	WP_001003263.1	C	91061	C	Bacilli	2572
SRR17140451	non-PMA	F6_S5	F6_S5	F6	S5	Overhead 4	k141_123500	blaZ	penicillin-hydrolyzing class A beta-lactamase BlaZ	BETA-LACTAM	BETA-LACTAM	PARTIAL_CONTIG_ENDX	50.18	95.74	WP_000733274.1	C	1279	G	Staphylococcus	615
SRR17140451	non-PMA	F6_S5	F6_S5	F6	S5	Overhead 4	k141_15887	msr(D)	ABC-F type ribosomal protection protein Msr(D)	MACROLIDE/STREPTOGRAMIN	AZITHROMYCIN/ERYTHROMYCIN/STREPTOGRAMIN B	EXACTX	100.0	100.0	WP_000420313.1	C	1783272	D1	Terrabacteria group	6178
SRR17140451	non-PMA	F6_S5	F6_S5	F6	S5	Overhead 4	k141_15887	mef(A)	macrolide efflux MFS transporter Mef(A)	MACROLIDE	AZITHROMYCIN/ERYTHROMYCIN	EXACTX	100.0	100.0	WP_000417519.1	C	1783272	D1	Terrabacteria group	6178
SRR17140451	non-PMA	F6_S5	F6_S5	F6	S5	Overhead 4	k141_24218	blaOXA	OXA-85 family oxacillin-hydrolyzing class D beta-lactamase	BETA-LACTAM	BETA-LACTAM	PARTIAL_CONTIG_ENDX	62.45	100.0	WP_032835180.1	C	848	G	Fusobacterium	1123
SRR17140451	non-PMA	F6_S5	F6_S5	F6	S5	Overhead 4	k141_27750	tet(Q)	tetracycline resistance ribosomal protection protein Tet(Q)	TETRACYCLINE	TETRACYCLINE	BLASTX	100.0	99.06	WP_063856407.1	C	976	P	Bacteroidota	17220
SRR17140451	non-PMA	F6_S5	F6_S5	F6	S5	Overhead 4	k141_29883	tet(O)	tetracycline resistance ribosomal protection protein Tet(O)	TETRACYCLINE	TETRACYCLINE	BLASTX	100.0	99.69	WP_012669445.1	C	2	D	Bacteria	3428
SRR17140451	non-PMA	F6_S5	F6_S5	F6	S5	Overhead 4	k141_35750	tet(32)	tetracycline resistance ribosomal protection protein Tet(32)	TETRACYCLINE	TETRACYCLINE	BLASTX	100.0	99.37	WP_002602099.1	C	1239	P	Bacillota	2956
SRR17140451	non-PMA	F6_S5	F6_S5	F6	S5	Overhead 4	k141_36413	erm(X)	23S rRNA (adenine(2058)-N(6))-methyltransferase Erm(X)	LINCOSAMIDE/MACROLIDE/STREPTOGRAMIN	AZITHROMYCIN/CLINDAMYCIN/ERYTHROMYCIN/LINCOMYCIN/STREPTOGRAMIN B/TYLOSIN	PARTIALX	54.55	91.3	WP_011116967.1	C	1760	C	Actinomycetes	517
SRR17140451	non-PMA	F6_S5	F6_S5	F6	S5	Overhead 4	k141_36886	vga(A)	ABC-F type ribosomal protection protein Vga(A)	LINCOSAMIDE	LINCOSAMIDE	BLASTX	100.0	99.81	WP_002440627.1	C	1282	S	Staphylococcus epidermidis	2451
SRR17140451	non-PMA	F6_S5	F6_S5	F6	S5	Overhead 4	k141_42787	aadD1	aminoglycoside O-nucleotidyltransferase ANT(4')-Ia	AMINOGLYCOSIDE	KANAMYCIN/TOBRAMYCIN	PARTIAL_CONTIG_ENDX	79.84	100.0	WP_001014230.1	C	2	D	Bacteria	607
SRR17140451	non-PMA	F6_S5	F6_S5	F6	S5	Overhead 4	k141_46358	fosB	FosB family fosfomycin resistance bacillithiol transferase	FOSFOMYCIN	FOSFOMYCIN	BLASTX	100.0	97.89	WP_002437790.1	C	1282	S	Staphylococcus epidermidis	2918
SRR17140451	non-PMA	F6_S5	F6_S5	F6	S5	Overhead 4	k141_50172	blaR1	beta-lactam sensor/signal transducer BlaR1	BETA-LACTAM	BETA-LACTAM	BLASTX	100.0	99.32	WP_001096392.1	C	1279	G	Staphylococcus	3006
SRR17140451	non-PMA	F6_S5	F6_S5	F6	S5	Overhead 4	k141_50172	blaI	penicillinase repressor BlaI	BETA-LACTAM	BETA-LACTAM	BLASTX	100.0	99.21	WP_001284656.1	C	1279	G	Staphylococcus	3006
SRR17140451	non-PMA	F6_S5	F6_S5	F6	S5	Overhead 4	k141_58939	catP	type A-11 chloramphenicol O-acetyltransferase CatP	PHENICOL	CHLORAMPHENICOL	EXACTX	100.0	100.0	WP_002570989.1	C	186801	C	Clostridia	1853
SRR17140451	non-PMA	F6_S5	F6_S5	F6	S5	Overhead 4	k141_64138	qacC	quaternary ammonium compound efflux SMR transporter QacC	QUATERNARY AMMONIUM	QUATERNARY AMMONIUM	EXACTX	100.0	100.0	WP_001146389.1	C	1279	G	Staphylococcus	1230
SRR17140451	non-PMA	F6_S5	F6_S5	F6	S5	Overhead 4	k141_64626	tet(M)	tetracycline resistance ribosomal protection protein Tet(M)	TETRACYCLINE	TETRACYCLINE	EXACTX	100.0	100.0	WP_000691743.1	C	1301	G	Streptococcus	29005
SRR17140451	non-PMA	F6_S5	F6_S5	F6	S5	Overhead 4	k141_65814	blaZ	penicillin-hydrolyzing class A beta-lactamase BlaZ	BETA-LACTAM	BETA-LACTAM	PARTIAL_CONTIG_ENDX	67.62	98.95	WP_000733274.1	C	1385	O	Bacillales	590
SRR17140451	non-PMA	F6_S5	F6_S5	F6	S5	Overhead 4	k141_66355	aadE	aminoglycoside 6-adenylyltransferase AadE	AMINOGLYCOSIDE	STREPTOMYCIN	EXACTX	100.0	100.0	WP_001255868.1	C	171549	O	Bacteroidales	8113
SRR17140451	non-PMA	F6_S5	F6_S5	F6	S5	Overhead 4	k141_75300	mph(C)	Mph(C) family macrolide 2'-phosphotransferase	MACROLIDE	ERYTHROMYCIN/SPIRAMYCIN/TELITHROMYCIN	EXACTX	100.0	100.0	WP_000196697.1	C	1279	G	Staphylococcus	4215
SRR17140451	non-PMA	F6_S5	F6_S5	F6	S5	Overhead 4	k141_75300	msr(A)	ABC-F type ribosomal protection protein Msr(A)	MACROLIDE/STREPTOGRAMIN	ERYTHROMYCIN/STREPTOGRAMIN B	BLASTX	100.0	99.8	WP_000438874.1	C	1279	G	Staphylococcus	4215
SRR17140451	non-PMA	F6_S5	F6_S5	F6	S5	Overhead 4	k141_77068	lnu(A)	lincosamide nucleotidyltransferase Lnu(A)	LINCOSAMIDE	LINCOSAMIDE	PARTIAL_CONTIG_ENDX	88.2	100.0	WP_011428879.1	C	2	D	Bacteria	502
SRR17140451	non-PMA	F6_S5	F6_S5	F6	S5	Overhead 4	k141_83811	tet(W)	tetracycline resistance ribosomal protection protein Tet(W)	TETRACYCLINE	TETRACYCLINE	BLASTX	100.0	98.9	WP_002586627.1	C	1239	P	Bacillota	10703
SRR17140451	non-PMA	F6_S5	F6_S5	F6	S5	Overhead 4	k141_87277	erm(F)	23S rRNA (adenine(2058)-N(6))-methyltransferase Erm(F)	LINCOSAMIDE/MACROLIDE/STREPTOGRAMIN	CLINDAMYCIN/MACROLIDE/STREPTOGRAMIN	BLASTX	100.0	99.62	WP_002682030.1	C	171549	O	Bacteroidales	6928
SRR17140451	non-PMA	F6_S5	F6_S5	F6	S5	Overhead 4	k141_94612	cblA	CblA family class A beta-lactamase	BETA-LACTAM	CEPHALOSPORIN	PARTIAL_CONTIG_ENDX	53.04	100.0	WP_005827792.1	C	820	S	Bacteroides uniformis	1274
SRR17140451	non-PMA	F6_S5	F6_S5	F6	S5	Overhead 4	k141_9597	tetB(46)	tetracycline efflux ABC transporter Tet(46) subunit B	TETRACYCLINE	TETRACYCLINE	PARTIAL_CONTIG_ENDX	71.45	91.53	WP_048717443.1	C	1301	G	Streptococcus	1851
SRR17140452	non-PMA	F4_S3	F4_S3	F4	S3	Exercise platform	k141_11091	aadD1	aminoglycoside O-nucleotidyltransferase ANT(4')-Ia	AMINOGLYCOSIDE	KANAMYCIN/TOBRAMYCIN	EXACTX	100.0	100.0	WP_001014230.1	C	2	D	Bacteria	1055
SRR17140452	non-PMA	F4_S3	F4_S3	F4	S3	Exercise platform	k141_11888	lnu(A)	lincosamide nucleotidyltransferase Lnu(A)	LINCOSAMIDE	LINCOSAMIDE	PARTIAL_CONTIG_ENDX	83.85	99.26	WP_001829870.1	C	90964	F	Staphylococcaceae	843
SRR17140452	non-PMA	F4_S3	F4_S3	F4	S3	Exercise platform	k141_13911	tet(K)	tetracycline efflux MFS transporter Tet(K)	TETRACYCLINE	TETRACYCLINE	EXACTX	100.0	100.0	WP_000492283.1	C	2	D	Bacteria	4512
SRR17140452	non-PMA	F4_S3	F4_S3	F4	S3	Exercise platform	k141_13931	vga(A)	ABC-F type ribosomal protection protein Vga(A)	LINCOSAMIDE	LINCOSAMIDE	PARTIAL_CONTIG_ENDX	80.84	99.76	WP_032492560.1	C	1279	G	Staphylococcus	1913
SRR17140452	non-PMA	F4_S3	F4_S3	F4	S3	Exercise platform	k141_15252	blaZ	penicillin-hydrolyzing class A beta-lactamase BlaZ	BETA-LACTAM	BETA-LACTAM	BLASTX	100.0	98.93	WP_000733274.1	C	1279	G	Staphylococcus	3243
SRR17140452	non-PMA	F4_S3	F4_S3	F4	S3	Exercise platform	k141_15252	blaR1	beta-lactam sensor/signal transducer BlaR1	BETA-LACTAM	BETA-LACTAM	BLASTX	100.0	98.97	WP_001096386.1	C	1279	G	Staphylococcus	3243
SRR17140452	non-PMA	F4_S3	F4_S3	F4	S3	Exercise platform	k141_15252	blaI	penicillinase repressor BlaI	BETA-LACTAM	BETA-LACTAM	PARTIAL_CONTIG_ENDX	78.57	98.99	WP_001284656.1	C	1279	G	Staphylococcus	3243
SRR17140452	non-PMA	F4_S3	F4_S3	F4	S3	Exercise platform	k141_15670	erm(B)	23S rRNA (adenine(2058)-N(6))-methyltransferase Erm(B)	LINCOSAMIDE/MACROLIDE/STREPTOGRAMIN	CLINDAMYCIN/ERYTHROMYCIN/STREPTOGRAMIN B	PARTIAL_CONTIG_ENDX	71.02	99.43	WP_001038790.1	C	2	D	Bacteria	525
SRR17140452	non-PMA	F4_S3	F4_S3	F4	S3	Exercise platform	k141_17998	mef(A)	macrolide efflux MFS transporter Mef(A)	MACROLIDE	AZITHROMYCIN/ERYTHROMYCIN	EXACTX	100.0	100.0	WP_000417519.1	C	2	D	Bacteria	4649
SRR17140452	non-PMA	F4_S3	F4_S3	F4	S3	Exercise platform	k141_17998	msr(D)	ABC-F type ribosomal protection protein Msr(D)	MACROLIDE/STREPTOGRAMIN	AZITHROMYCIN/ERYTHROMYCIN/STREPTOGRAMIN B	EXACTX	100.0	100.0	WP_000420313.1	C	2	D	Bacteria	4649
SRR17140452	non-PMA	F4_S3	F4_S3	F4	S3	Exercise platform	k141_18958	lnu(A)	lincosamide nucleotidyltransferase Lnu(A)	LINCOSAMIDE	LINCOSAMIDE	BLASTX	100.0	96.89	WP_001829870.1	C	1279	G	Staphylococcus	1847
SRR17140452	non-PMA	F4_S3	F4_S3	F4	S3	Exercise platform	k141_2405	qacA	quaternary ammonium compound efflux MFS transporter QacA	QUATERNARY AMMONIUM	QUATERNARY AMMONIUM	BLASTX	100.0	99.81	WP_000622776.1	C	1279	G	Staphylococcus	4139
SRR17140452	non-PMA	F4_S3	F4_S3	F4	S3	Exercise platform	k141_3544	qacC	quaternary ammonium compound efflux SMR transporter QacC	QUATERNARY AMMONIUM	QUATERNARY AMMONIUM	EXACTX	100.0	100.0	WP_001146389.1	C	1279	G	Staphylococcus	722
SRR17140452	non-PMA	F4_S3	F4_S3	F4	S3	Exercise platform	k141_4336	msr(A)	ABC-F type ribosomal protection protein Msr(A)	MACROLIDE/STREPTOGRAMIN	ERYTHROMYCIN/STREPTOGRAMIN B	BLASTX	100.0	99.59	WP_000438874.1	C	1279	G	Staphylococcus	3909
SRR17140452	non-PMA	F4_S3	F4_S3	F4	S3	Exercise platform	k141_4336	mph(C)	Mph(C) family macrolide 2'-phosphotransferase	MACROLIDE	ERYTHROMYCIN/SPIRAMYCIN/TELITHROMYCIN	EXACTX	100.0	100.0	WP_000196697.1	C	1279	G	Staphylococcus	3909
SRR17140454	non-PMA	F6_S4	F6_S4	F6	S4	Dining table	k141_11320	tetA(46)	tetracycline efflux ABC transporter Tet(46) subunit A	TETRACYCLINE	TETRACYCLINE	PARTIAL_CONTIG_ENDX	60.8	94.84	WP_063856469.1	C	1301	G	Streptococcus	1049
SRR17140454	non-PMA	F6_S4	F6_S4	F6	S4	Dining table	k141_17368	erm(X)	23S rRNA (adenine(2058)-N(6))-methyltransferase Erm(X)	LINCOSAMIDE/MACROLIDE/STREPTOGRAMIN	AZITHROMYCIN/CLINDAMYCIN/ERYTHROMYCIN/LINCOMYCIN/STREPTOGRAMIN B/TYLOSIN	BLASTX	100.0	99.65	WP_011117480.1	C	1760	C	Actinomycetes	1887
SRR17140454	non-PMA	F6_S4	F6_S4	F6	S4	Dining table	k141_20806	blaI	penicillinase repressor BlaI	BETA-LACTAM	BETA-LACTAM	BLASTX	100.0	96.03	WP_001284656.1	C	1279	G	Staphylococcus	2409
SRR17140454	non-PMA	F6_S4	F6_S4	F6	S4	Dining table	k141_26396	blaZ	penicillin-hydrolyzing class A beta-lactamase BlaZ	BETA-LACTAM	BETA-LACTAM	PARTIAL_CONTIG_ENDX	70.46	98.48	WP_000733285.1	C	1279	G	Staphylococcus	600
SRR17140454	non-PMA	F6_S4	F6_S4	F6	S4	Dining table	k141_2912	erm(B)	23S rRNA (adenine(2058)-N(6))-methyltransferase Erm(B)	LINCOSAMIDE/MACROLIDE/STREPTOGRAMIN	CLINDAMYCIN/ERYTHROMYCIN/STREPTOGRAMIN B	EXACTX	100.0	100.0	WP_001038790.1	C	2	D	Bacteria	2614
SRR17140454	non-PMA	F6_S4	F6_S4	F6	S4	Dining table	k141_40472	fosB	FosB family fosfomycin resistance bacillithiol transferase	FOSFOMYCIN	FOSFOMYCIN	BLASTX	100.0	97.18	WP_002437790.1	C	1282	S	Staphylococcus epidermidis	3851
SRR17140454	non-PMA	F6_S4	F6_S4	F6	S4	Dining table	k141_45133	qacB	quaternary ammonium compound efflux MFS transporter QacB	QUATERNARY AMMONIUM	QUATERNARY AMMONIUM	BLASTX	100.0	99.42	WP_000622778.1	C	1279	G	Staphylococcus	3766
SRR17140454	non-PMA	F6_S4	F6_S4	F6	S4	Dining table	k141_53145	qacC	quaternary ammonium compound efflux SMR transporter QacC	QUATERNARY AMMONIUM	QUATERNARY AMMONIUM	EXACTX	100.0	100.0	WP_001146389.1	C	1279	G	Staphylococcus	1133
SRR17140454	non-PMA	F6_S4	F6_S4	F6	S4	Dining table	k141_54318	vga(A)	ABC-F type ribosomal protection protein Vga(A)	LINCOSAMIDE	LINCOSAMIDE	EXACTX	100.0	100.0	WP_002440627.1	C	1282	S	Staphylococcus epidermidis	4415
SRR17140454	non-PMA	F6_S4	F6_S4	F6	S4	Dining table	k141_65212	tet(K)	tetracycline efflux MFS transporter Tet(K)	TETRACYCLINE	TETRACYCLINE	PARTIALX	58.82	99.63	WP_000492283.1	C	2	D	Bacteria	1845
SRR17140454	non-PMA	F6_S4	F6_S4	F6	S4	Dining table	k141_6943	mef(A)	macrolide efflux MFS transporter Mef(A)	MACROLIDE	AZITHROMYCIN/ERYTHROMYCIN	EXACTX	100.0	100.0	WP_000417519.1	C	2	D	Bacteria	4649
SRR17140454	non-PMA	F6_S4	F6_S4	F6	S4	Dining table	k141_6943	msr(D)	ABC-F type ribosomal protection protein Msr(D)	MACROLIDE/STREPTOGRAMIN	AZITHROMYCIN/ERYTHROMYCIN/STREPTOGRAMIN B	EXACTX	100.0	100.0	WP_000420313.1	C	2	D	Bacteria	4649
SRR17140454	non-PMA	F6_S4	F6_S4	F6	S4	Dining table	k141_71159	tet(W)	tetracycline resistance ribosomal protection protein Tet(W)	TETRACYCLINE	TETRACYCLINE	PARTIAL_CONTIG_ENDX	88.11	99.11	WP_002586627.1	C	2	D	Bacteria	1950
SRR17140454	non-PMA	F6_S4	F6_S4	F6	S4	Dining table	k141_73523	tet	tetracycline resistance protein	TETRACYCLINE	TETRACYCLINE	PARTIALX	63.21	91.8	WP_049554487.1	C	46124	S	Granulicatella adiacens	1265
SRR17140454	non-PMA	F6_S4	F6_S4	F6	S4	Dining table	k141_76959	tet(M)	tetracycline resistance ribosomal protection protein Tet(M)	TETRACYCLINE	TETRACYCLINE	PARTIAL_CONTIG_ENDX	56.49	99.72	WP_000691743.1	C	2	D	Bacteria	1083
SRR17140454	non-PMA	F6_S4	F6_S4	F6	S4	Dining table	k141_80412	mph(C)	Mph(C) family macrolide 2'-phosphotransferase	MACROLIDE	ERYTHROMYCIN/SPIRAMYCIN/TELITHROMYCIN	EXACTX	100.0	100.0	WP_000196697.1	C	1279	G	Staphylococcus	1741
SRR17140454	non-PMA	F6_S4	F6_S4	F6	S4	Dining table	k141_81817	blaR1	beta-lactam sensor/signal transducer BlaR1	BETA-LACTAM	BETA-LACTAM	BLASTX	100.0	99.49	WP_001096386.1	C	1279	G	Staphylococcus	2091
SRR17140454	non-PMA	F6_S4	F6_S4	F6	S4	Dining table	k141_86811	tet(M)	tetracycline resistance ribosomal protection protein Tet(M)	TETRACYCLINE	TETRACYCLINE	PARTIAL_CONTIG_ENDX	61.19	100.0	WP_000691736.1	C	2	D	Bacteria	1173
SRR17140454	non-PMA	F6_S4	F6_S4	F6	S4	Dining table	k141_93053	lsa(C)	ABC-F type ribosomal protection protein Lsa(C)	LINCOSAMIDE/STREPTOGRAMIN	LINCOSAMIDE/STREPTOGRAMIN	BLASTX	91.67	92.9	WP_063851347.1	C	1311	S	Streptococcus agalactiae	1914
SRR17140454	non-PMA	F6_S4	F6_S4	F6	S4	Dining table	k141_93220	erm(C)	23S rRNA (adenine(2058)-N(6))-methyltransferase Erm(C)	LINCOSAMIDE/MACROLIDE/STREPTOGRAMIN	CLINDAMYCIN/ERYTHROMYCIN/STREPTOGRAMIN B/TYLOSIN	EXACTX	100.0	100.0	WP_001003263.1	C	91061	C	Bacilli	2593
SRR17140454	non-PMA	F6_S4	F6_S4	F6	S4	Dining table	k141_9515	msr(A)	ABC-F type ribosomal protection protein Msr(A)	MACROLIDE/STREPTOGRAMIN	ERYTHROMYCIN/STREPTOGRAMIN B	BLASTX	100.0	99.8	WP_000438874.1	C	1279	G	Staphylococcus	2359
SRR17140456	non-PMA	F6_S3	F6_S3	F6	S3	Exercise platform	k141_10125	qacB	quaternary ammonium compound efflux MFS transporter QacB	QUATERNARY AMMONIUM	QUATERNARY AMMONIUM	BLASTX	100.0	99.61	WP_000622778.1	C	1279	G	Staphylococcus	3057
SRR17140456	non-PMA	F6_S3	F6_S3	F6	S3	Exercise platform	k141_11620	qacC	quaternary ammonium compound efflux SMR transporter QacC	QUATERNARY AMMONIUM	QUATERNARY AMMONIUM	EXACTX	100.0	100.0	WP_001146389.1	C	1279	G	Staphylococcus	2418
SRR17140456	non-PMA	F6_S3	F6_S3	F6	S3	Exercise platform	k141_11621	erm(C)	23S rRNA (adenine(2058)-N(6))-methyltransferase Erm(C)	LINCOSAMIDE/MACROLIDE/STREPTOGRAMIN	CLINDAMYCIN/ERYTHROMYCIN/STREPTOGRAMIN B/TYLOSIN	EXACTX	100.0	100.0	WP_001003260.1	C	91061	C	Bacilli	2507
SRR17140456	non-PMA	F6_S3	F6_S3	F6	S3	Exercise platform	k141_1779	fosB	FosB family fosfomycin resistance bacillithiol transferase	FOSFOMYCIN	FOSFOMYCIN	BLASTX	100.0	99.3	WP_002437790.1	C	1282	S	Staphylococcus epidermidis	2269
SRR17140456	non-PMA	F6_S3	F6_S3	F6	S3	Exercise platform	k141_3455	blaI	penicillinase repressor BlaI	BETA-LACTAM	BETA-LACTAM	PARTIAL_CONTIG_ENDX	80.95	100.0	WP_001284656.1	C	1279	G	Staphylococcus	818
SRR17140456	non-PMA	F6_S3	F6_S3	F6	S3	Exercise platform	k141_5585	mph(C)	Mph(C) family macrolide 2'-phosphotransferase	MACROLIDE	ERYTHROMYCIN/SPIRAMYCIN/TELITHROMYCIN	EXACTX	100.0	100.0	WP_000196697.1	C	1279	G	Staphylococcus	1275
SRR17140456	non-PMA	F6_S3	F6_S3	F6	S3	Exercise platform	k141_7379	erm(X)	23S rRNA (adenine(2058)-N(6))-methyltransferase Erm(X)	LINCOSAMIDE/MACROLIDE/STREPTOGRAMIN	AZITHROMYCIN/CLINDAMYCIN/ERYTHROMYCIN/LINCOMYCIN/STREPTOGRAMIN B/TYLOSIN	PARTIAL_CONTIG_ENDX	60.21	98.83	WP_011117480.1	C	1760	C	Actinomycetes	617
SRR17140456	non-PMA	F6_S3	F6_S3	F6	S3	Exercise platform	k141_7729	msr(A)	ABC-F type ribosomal protection protein Msr(A)	MACROLIDE/STREPTOGRAMIN	ERYTHROMYCIN/STREPTOGRAMIN B	BLASTX	100.0	99.8	WP_000438874.1	C	1279	G	Staphylococcus	2034
SRR17140456	non-PMA	F6_S3	F6_S3	F6	S3	Exercise platform	k141_7984	vga(A)	ABC-F type ribosomal protection protein Vga(A)	LINCOSAMIDE	LINCOSAMIDE	BLASTX	100.0	98.85	WP_002440627.1	C	1282	S	Staphylococcus epidermidis	2598
SRR17140456	non-PMA	F6_S3	F6_S3	F6	S3	Exercise platform	k141_8050	blaR1	beta-lactam sensor/signal transducer BlaR1	BETA-LACTAM	BETA-LACTAM	BLASTX	100.0	98.12	WP_001096386.1	C	1279	G	Staphylococcus	2876
SRR17140456	non-PMA	F6_S3	F6_S3	F6	S3	Exercise platform	k141_8050	blaZ	penicillin-hydrolyzing class A beta-lactamase BlaZ	BETA-LACTAM	BETA-LACTAM	BLASTX	100.0	97.86	WP_000733281.1	C	1279	G	Staphylococcus	2876
SRR17140458	non-PMA	F6_S2	F6_S2	F6	S2	Waste compartment	k141_10589	erm(A)	23S rRNA (adenine(2058)-N(6))-methyltransferase Erm(A)	LINCOSAMIDE/MACROLIDE	AZITHROMYCIN/CLARITHROMYCIN/CLINDAMYCIN/ERYTHROMYCIN/TELITHROMYCIN	EXACTX	100.0	100.0	WP_000810833.1	C	1239	P	Bacillota	1476
SRR17140458	non-PMA	F6_S2	F6_S2	F6	S2	Waste compartment	k141_16728	erm(F)	23S rRNA (adenine(2058)-N(6))-methyltransferase Erm(F)	LINCOSAMIDE/MACROLIDE/STREPTOGRAMIN	CLINDAMYCIN/MACROLIDE/STREPTOGRAMIN	PARTIALX	58.65	99.36	WP_002682030.1	C	976	P	Bacteroidota	1231
SRR17140458	non-PMA	F6_S2	F6_S2	F6	S2	Waste compartment	k141_17308	aph(3'')-Ib	aminoglycoside O-phosphotransferase APH(3'')-Ib	AMINOGLYCOSIDE	STREPTOMYCIN	PARTIAL_CONTIG_ENDX	69.66	100.0	WP_001082319.1	C	2	D	Bacteria	558
SRR17140458	non-PMA	F6_S2	F6_S2	F6	S2	Waste compartment	k141_2007	tet(O)	tetracycline resistance ribosomal protection protein Tet(O)	TETRACYCLINE	TETRACYCLINE	BLASTX	100.0	99.69	WP_012669445.1	C	1239	P	Bacillota	6310
SRR17140458	non-PMA	F6_S2	F6_S2	F6	S2	Waste compartment	k141_26310	aadD1	aminoglycoside O-nucleotidyltransferase ANT(4')-Ia	AMINOGLYCOSIDE	KANAMYCIN/TOBRAMYCIN	EXACTX	100.0	100.0	WP_001014230.1	C	2	D	Bacteria	2665
SRR17140458	non-PMA	F6_S2	F6_S2	F6	S2	Waste compartment	k141_27343	blaZ	penicillin-hydrolyzing class A beta-lactamase BlaZ	BETA-LACTAM	BETA-LACTAM	BLASTX	100.0	95.02	WP_000733281.1	C	1279	G	Staphylococcus	1678
SRR17140458	non-PMA	F6_S2	F6_S2	F6	S2	Waste compartment	k141_3259	qacC	quaternary ammonium compound efflux SMR transporter QacC	QUATERNARY AMMONIUM	QUATERNARY AMMONIUM	EXACTX	100.0	100.0	WP_001146389.1	C	1280	S	Staphylococcus aureus	2425
SRR17140458	non-PMA	F6_S2	F6_S2	F6	S2	Waste compartment	k141_34340	pbp2m	penicillin-binding protein PBP2M	BETA-LACTAM	BETA-LACTAM	PARTIAL_CONTIG_ENDX	52.28	99.68	WP_049151672.1	C	1716	G	Corynebacterium	3054
SRR17140458	non-PMA	F6_S2	F6_S2	F6	S2	Waste compartment	k141_34555	blaR1	beta-lactam sensor/signal transducer BlaR1	BETA-LACTAM	BETA-LACTAM	BLASTX	100.0	98.29	WP_001096392.1	C	1279	G	Staphylococcus	2213
SRR17140458	non-PMA	F6_S2	F6_S2	F6	S2	Waste compartment	k141_34555	blaI	penicillinase repressor BlaI	BETA-LACTAM	BETA-LACTAM	BLASTX	100.0	99.21	WP_001284656.1	C	1279	G	Staphylococcus	2213
SRR17140458	non-PMA	F6_S2	F6_S2	F6	S2	Waste compartment	k141_34606	blaI	penicillinase repressor BlaI	BETA-LACTAM	BETA-LACTAM	BLASTX	100.0	96.03	WP_001284656.1	C	1279	G	Staphylococcus	2233
SRR17140458	non-PMA	F6_S2	F6_S2	F6	S2	Waste compartment	k141_36488	tet(32)	tetracycline resistance ribosomal protection protein Tet(32)	TETRACYCLINE	TETRACYCLINE	PARTIAL_CONTIG_ENDX	55.56	97.46	WP_002602099.1	C	1239	P	Bacillota	1067
SRR17140458	non-PMA	F6_S2	F6_S2	F6	S2	Waste compartment	k141_38740	vga(A)	ABC-F type ribosomal protection protein Vga(A)	LINCOSAMIDE	LINCOSAMIDE	PARTIAL_CONTIG_ENDX	67.24	100.0	WP_002440627.1	C	1282	S	Staphylococcus epidermidis	1054
SRR17140458	non-PMA	F6_S2	F6_S2	F6	S2	Waste compartment	k141_38825	lnu(A)	lincosamide nucleotidyltransferase Lnu(A)	LINCOSAMIDE	LINCOSAMIDE	BLASTX	91.93	99.32	WP_000700648.1	C	1783272	D1	Terrabacteria group	718
SRR17140458	non-PMA	F6_S2	F6_S2	F6	S2	Waste compartment	k141_41457	mef(A)	macrolide efflux MFS transporter Mef(A)	MACROLIDE	AZITHROMYCIN/ERYTHROMYCIN	EXACTX	100.0	100.0	WP_000417519.1	C	1783272	D1	Terrabacteria group	5493
SRR17140458	non-PMA	F6_S2	F6_S2	F6	S2	Waste compartment	k141_41457	msr(D)	ABC-F type ribosomal protection protein Msr(D)	MACROLIDE/STREPTOGRAMIN	AZITHROMYCIN/ERYTHROMYCIN/STREPTOGRAMIN B	EXACTX	100.0	100.0	WP_000420313.1	C	1783272	D1	Terrabacteria group	5493
SRR17140458	non-PMA	F6_S2	F6_S2	F6	S2	Waste compartment	k141_4213	erm(X)	23S rRNA (adenine(2058)-N(6))-methyltransferase Erm(X)	LINCOSAMIDE/MACROLIDE/STREPTOGRAMIN	AZITHROMYCIN/CLINDAMYCIN/ERYTHROMYCIN/LINCOMYCIN/STREPTOGRAMIN B/TYLOSIN	PARTIAL_CONTIG_ENDX	60.08	100.0	WP_011116967.1	C	1760	C	Actinomycetes	2013
SRR17140458	non-PMA	F6_S2	F6_S2	F6	S2	Waste compartment	k141_43691	tet(W)	tetracycline resistance ribosomal protection protein Tet(W)	TETRACYCLINE	TETRACYCLINE	BLASTX	100.0	99.69	WP_002586627.1	C	2	D	Bacteria	3478
SRR17140458	non-PMA	F6_S2	F6_S2	F6	S2	Waste compartment	k141_45533	erm(B)	23S rRNA (adenine(2058)-N(6))-methyltransferase Erm(B)	LINCOSAMIDE/MACROLIDE/STREPTOGRAMIN	CLINDAMYCIN/ERYTHROMYCIN/STREPTOGRAMIN B	BLASTX	100.0	99.59	WP_001038795.1	C	33043	S	Coprococcus eutactus	2552
SRR17140458	non-PMA	F6_S2	F6_S2	F6	S2	Waste compartment	k141_49959	tet(M)	tetracycline resistance ribosomal protection protein Tet(M)	TETRACYCLINE	TETRACYCLINE	PARTIAL_CONTIG_ENDX	59.31	100.0	WP_000691743.1	C	2	D	Bacteria	1394
SRR17140458	non-PMA	F6_S2	F6_S2	F6	S2	Waste compartment	k141_51134	tet(K)	tetracycline efflux MFS transporter Tet(K)	TETRACYCLINE	TETRACYCLINE	EXACTX	100.0	100.0	WP_000492283.1	C	2	D	Bacteria	4564
SRR17140458	non-PMA	F6_S2	F6_S2	F6	S2	Waste compartment	k141_52928	tet(M)	tetracycline resistance ribosomal protection protein Tet(M)	TETRACYCLINE	TETRACYCLINE	PARTIAL_CONTIG_ENDX	70.58	99.78	WP_000691736.1	C	2	D	Bacteria	3895
SRR17140458	non-PMA	F6_S2	F6_S2	F6	S2	Waste compartment	k141_53197	dfrF	trimethoprim-resistant dihydrofolate reductase DfrF	TRIMETHOPRIM	TRIMETHOPRIM	EXACTX	100.0	100.0	WP_002322211.1	C	572511	G	Blautia	3414
SRR17140458	non-PMA	F6_S2	F6_S2	F6	S2	Waste compartment	k141_57162	erm(X)	23S rRNA (adenine(2058)-N(6))-methyltransferase Erm(X)	LINCOSAMIDE/MACROLIDE/STREPTOGRAMIN	AZITHROMYCIN/CLINDAMYCIN/ERYTHROMYCIN/LINCOMYCIN/STREPTOGRAMIN B/TYLOSIN	PARTIAL_CONTIG_ENDX	62.68	98.31	WP_063844894.1	C	1760	C	Actinomycetes	1311
SRR17140458	non-PMA	F6_S2	F6_S2	F6	S2	Waste compartment	k141_57217	erm(X)	23S rRNA (adenine(2058)-N(6))-methyltransferase Erm(X)	LINCOSAMIDE/MACROLIDE/STREPTOGRAMIN	AZITHROMYCIN/CLINDAMYCIN/ERYTHROMYCIN/LINCOMYCIN/STREPTOGRAMIN B/TYLOSIN	PARTIAL_CONTIG_ENDX	51.38	90.0	WP_011116967.1	C	1716	G	Corynebacterium	875
SRR17140458	non-PMA	F6_S2	F6_S2	F6	S2	Waste compartment	k141_58018	msr(A)	ABC-F type ribosomal protection protein Msr(A)	MACROLIDE/STREPTOGRAMIN	ERYTHROMYCIN/STREPTOGRAMIN B	BLASTX	100.0	99.8	WP_000438874.1	C	1279	G	Staphylococcus	4695
SRR17140458	non-PMA	F6_S2	F6_S2	F6	S2	Waste compartment	k141_58018	mph(C)	Mph(C) family macrolide 2'-phosphotransferase	MACROLIDE	ERYTHROMYCIN/SPIRAMYCIN/TELITHROMYCIN	EXACTX	100.0	100.0	WP_000196697.1	C	1279	G	Staphylococcus	4695
SRR17140458	non-PMA	F6_S2	F6_S2	F6	S2	Waste compartment	k141_60244	vga(A)	ABC-F type ribosomal protection protein Vga(A)	LINCOSAMIDE	LINCOSAMIDE	BLASTX	100.0	99.04	WP_032492560.1	C	1282	S	Staphylococcus epidermidis	6108
SRR17140458	non-PMA	F6_S2	F6_S2	F6	S2	Waste compartment	k141_62504	sat4	streptothricin N-acetyltransferase Sat4	STREPTOTHRICIN	STREPTOTHRICIN	PARTIAL_CONTIG_ENDX	52.78	100.0	WP_000627290.1	C	2	D	Bacteria	652
SRR17140458	non-PMA	F6_S2	F6_S2	F6	S2	Waste compartment	k141_669	lnu(A)	lincosamide nucleotidyltransferase Lnu(A)	LINCOSAMIDE	LINCOSAMIDE	EXACTX	100.0	100.0	WP_011645010.1	C	90964	F	Staphylococcaceae	2494
SRR17140458	non-PMA	F6_S2	F6_S2	F6	S2	Waste compartment	k141_70992	erm(A)	23S rRNA (adenine(2058)-N(6))-methyltransferase Erm(A)	LINCOSAMIDE/MACROLIDE	AZITHROMYCIN/CLARITHROMYCIN/CLINDAMYCIN/ERYTHROMYCIN/TELITHROMYCIN	EXACTX	100.0	100.0	WP_001072201.1	C	1290	S	Staphylococcus hominis	104081
SRR17140458	non-PMA	F6_S2	F6_S2	F6	S2	Waste compartment	k141_70992	ant(9)-Ia	aminoglycoside nucleotidyltransferase ANT(9)-Ia	AMINOGLYCOSIDE	SPECTINOMYCIN	EXACTX	100.0	100.0	WP_000067268.1	C	1290	S	Staphylococcus hominis	104081
SRR17140458	non-PMA	F6_S2	F6_S2	F6	S2	Waste compartment	k141_72706	fosB	FosB family fosfomycin resistance bacillithiol transferase	FOSFOMYCIN	FOSFOMYCIN	BLASTX	100.0	98.59	WP_002437790.1	C	1282	S	Staphylococcus epidermidis	4614
SRR17140458	non-PMA	F6_S2	F6_S2	F6	S2	Waste compartment	k141_78912	erm(C)	23S rRNA (adenine(2058)-N(6))-methyltransferase Erm(C)	LINCOSAMIDE/MACROLIDE/STREPTOGRAMIN	CLINDAMYCIN/ERYTHROMYCIN/STREPTOGRAMIN B/TYLOSIN	EXACTX	100.0	100.0	WP_001003264.1	C	91061	C	Bacilli	2609
SRR17140458	non-PMA	F6_S2	F6_S2	F6	S2	Waste compartment	k141_79449	mecI	mecA-type methicillin resistance repressor MecI	BETA-LACTAM	METHICILLIN	EXACTX	100.0	100.0	WP_000369214.1	C	90964	F	Staphylococcaceae	535
SRR17140458	non-PMA	F6_S2	F6_S2	F6	S2	Waste compartment	k141_8344	qacA	quaternary ammonium compound efflux MFS transporter QacA	QUATERNARY AMMONIUM	QUATERNARY AMMONIUM	BLASTX	100.0	99.42	WP_000622776.1	C	1282	S	Staphylococcus epidermidis	11367
SRR17140458	non-PMA	F6_S2	F6_S2	F6	S2	Waste compartment	k141_8682	blaZ	penicillin-hydrolyzing class A beta-lactamase BlaZ	BETA-LACTAM	BETA-LACTAM	EXACTX	100.0	100.0	WP_000733274.1	C	1279	G	Staphylococcus	1641
SRR17140460	non-PMA	F6_S1	F6_S1	F6	S1	Cupola	k141_409	qacC	quaternary ammonium compound efflux SMR transporter QacC	QUATERNARY AMMONIUM	QUATERNARY AMMONIUM	EXACTX	100.0	100.0	WP_001146389.1	C	1279	G	Staphylococcus	850
SRR17140462	non-PMA	F5_S8	F5_S8	F5	S8	Crew quarters	k141_10097	fosB	FosB family fosfomycin resistance bacillithiol transferase	FOSFOMYCIN	FOSFOMYCIN	BLASTX	100.0	97.89	WP_002437790.1	C	1282	S	Staphylococcus epidermidis	2773
SRR17140462	non-PMA	F5_S8	F5_S8	F5	S8	Crew quarters	k141_11902	erm(X)	23S rRNA (adenine(2058)-N(6))-methyltransferase Erm(X)	LINCOSAMIDE/MACROLIDE/STREPTOGRAMIN	AZITHROMYCIN/CLINDAMYCIN/ERYTHROMYCIN/LINCOMYCIN/STREPTOGRAMIN B/TYLOSIN	PARTIAL_CONTIG_ENDX	55.28	97.45	WP_063844894.1	C	1760	C	Actinomycetes	534
SRR17140462	non-PMA	F5_S8	F5_S8	F5	S8	Crew quarters	k141_14470	blaI	penicillinase repressor BlaI	BETA-LACTAM	BETA-LACTAM	BLASTX	93.65	99.15	WP_001284656.1	C	1385	O	Bacillales	1072
SRR17140462	non-PMA	F5_S8	F5_S8	F5	S8	Crew quarters	k141_15383	blaZ	penicillin-hydrolyzing class A beta-lactamase BlaZ	BETA-LACTAM	BETA-LACTAM	BLASTX	100.0	96.44	WP_000733281.1	C	1279	G	Staphylococcus	1161
SRR17140462	non-PMA	F5_S8	F5_S8	F5	S8	Crew quarters	k141_17262	cfxA	CfxA family broad-spectrum class A beta-lactamase	BETA-LACTAM	BETA-LACTAM	BLASTX	100.0	99.69	WP_004339683.1	C	171549	O	Bacteroidales	1783
SRR17140462	non-PMA	F5_S8	F5_S8	F5	S8	Crew quarters	k141_1837	qacA	quaternary ammonium compound efflux MFS transporter QacA	QUATERNARY AMMONIUM	QUATERNARY AMMONIUM	PARTIAL_CONTIG_ENDX	79.57	99.51	WP_000622776.1	C	1279	G	Staphylococcus	1230
SRR17140462	non-PMA	F5_S8	F5_S8	F5	S8	Crew quarters	k141_21722	blaR1	beta-lactam sensor/signal transducer BlaR1	BETA-LACTAM	BETA-LACTAM	PARTIAL_CONTIG_ENDX	58.12	99.41	WP_001096386.1	C	1385	O	Bacillales	1022
SRR17140462	non-PMA	F5_S8	F5_S8	F5	S8	Crew quarters	k141_24122	erm(C)	23S rRNA (adenine(2058)-N(6))-methyltransferase Erm(C)	LINCOSAMIDE/MACROLIDE/STREPTOGRAMIN	CLINDAMYCIN/ERYTHROMYCIN/STREPTOGRAMIN B/TYLOSIN	BLASTX	100.0	97.95	WP_001003264.1	C	91061	C	Bacilli	1388
SRR17140462	non-PMA	F5_S8	F5_S8	F5	S8	Crew quarters	k141_25083	tet(M)	tetracycline resistance ribosomal protection protein Tet(M)	TETRACYCLINE	TETRACYCLINE	BLASTX	93.58	100.0	WP_000691736.1	C	2	D	Bacteria	2637
SRR17140462	non-PMA	F5_S8	F5_S8	F5	S8	Crew quarters	k141_2522	blaI	penicillinase repressor BlaI	BETA-LACTAM	BETA-LACTAM	BLASTX	100.0	96.03	WP_001284656.1	C	1279	G	Staphylococcus	1295
SRR17140462	non-PMA	F5_S8	F5_S8	F5	S8	Crew quarters	k141_29650	qacC	quaternary ammonium compound efflux SMR transporter QacC	QUATERNARY AMMONIUM	QUATERNARY AMMONIUM	EXACTX	100.0	100.0	WP_001146389.1	C	1290	S	Staphylococcus hominis	1071
SRR17140462	non-PMA	F5_S8	F5_S8	F5	S8	Crew quarters	k141_4821	msr(A)	ABC-F type ribosomal protection protein Msr(A)	MACROLIDE/STREPTOGRAMIN	ERYTHROMYCIN/STREPTOGRAMIN B	PARTIAL_CONTIG_ENDX	52.05	100.0	WP_000438874.1	C	1279	G	Staphylococcus	763
SRR17140462	non-PMA	F5_S8	F5_S8	F5	S8	Crew quarters	k141_9578	mef(A)	macrolide efflux MFS transporter Mef(A)	MACROLIDE	AZITHROMYCIN/ERYTHROMYCIN	EXACTX	100.0	100.0	WP_000417519.1	C	1301	G	Streptococcus	17567
SRR17140462	non-PMA	F5_S8	F5_S8	F5	S8	Crew quarters	k141_9578	msr(D)	ABC-F type ribosomal protection protein Msr(D)	MACROLIDE/STREPTOGRAMIN	AZITHROMYCIN/ERYTHROMYCIN/STREPTOGRAMIN B	EXACTX	100.0	100.0	WP_000420313.1	C	1301	G	Streptococcus	17567
SRR17140467	non-PMA	F7_S8	F7_S8	F7	S8	Crew quarters	k141_19189	msr(A)	ABC-F type ribosomal protection protein Msr(A)	MACROLIDE/STREPTOGRAMIN	ERYTHROMYCIN/STREPTOGRAMIN B	PARTIAL_CONTIG_ENDX	56.35	100.0	WP_000438874.1	C	1279	G	Staphylococcus	827
SRR17140467	non-PMA	F7_S8	F7_S8	F7	S8	Crew quarters	k141_1952	tet(K)	tetracycline efflux MFS transporter Tet(K)	TETRACYCLINE	TETRACYCLINE	PARTIAL_CONTIG_ENDX	51.42	100.0	WP_000492283.1	C	90964	F	Staphylococcaceae	710
SRR17140467	non-PMA	F7_S8	F7_S8	F7	S8	Crew quarters	k141_28260	vga(A)	ABC-F type ribosomal protection protein Vga(A)	LINCOSAMIDE	LINCOSAMIDE	EXACTX	100.0	100.0	WP_002440627.1	C	1282	S	Staphylococcus epidermidis	3128
SRR17140467	non-PMA	F7_S8	F7_S8	F7	S8	Crew quarters	k141_28847	mef(A)	macrolide efflux MFS transporter Mef(A)	MACROLIDE	AZITHROMYCIN/ERYTHROMYCIN	EXACTX	100.0	100.0	WP_000417519.1	C	1301	G	Streptococcus	7530
SRR17140467	non-PMA	F7_S8	F7_S8	F7	S8	Crew quarters	k141_28847	msr(D)	ABC-F type ribosomal protection protein Msr(D)	MACROLIDE/STREPTOGRAMIN	AZITHROMYCIN/ERYTHROMYCIN/STREPTOGRAMIN B	EXACTX	100.0	100.0	WP_000420313.1	C	1301	G	Streptococcus	7530
SRR17140467	non-PMA	F7_S8	F7_S8	F7	S8	Crew quarters	k141_31287	tet(M)	tetracycline resistance ribosomal protection protein Tet(M)	TETRACYCLINE	TETRACYCLINE	EXACTX	100.0	100.0	WP_000691743.1	C	1301	G	Streptococcus	7984
SRR17140467	non-PMA	F7_S8	F7_S8	F7	S8	Crew quarters	k141_31641	erm(X)	23S rRNA (adenine(2058)-N(6))-methyltransferase Erm(X)	LINCOSAMIDE/MACROLIDE/STREPTOGRAMIN	AZITHROMYCIN/CLINDAMYCIN/ERYTHROMYCIN/LINCOMYCIN/STREPTOGRAMIN B/TYLOSIN	BLASTX	100.0	97.54	WP_063844894.1	C	1760	C	Actinomycetes	2971
SRR17140467	non-PMA	F7_S8	F7_S8	F7	S8	Crew quarters	k141_3199	blaZ	penicillin-hydrolyzing class A beta-lactamase BlaZ	BETA-LACTAM	BETA-LACTAM	BLASTX	100.0	95.02	WP_000733281.1	C	1279	G	Staphylococcus	4279
SRR17140467	non-PMA	F7_S8	F7_S8	F7	S8	Crew quarters	k141_3199	blaR1	beta-lactam sensor/signal transducer BlaR1	BETA-LACTAM	BETA-LACTAM	BLASTX	100.0	91.79	WP_001096386.1	C	1279	G	Staphylococcus	4279
SRR17140467	non-PMA	F7_S8	F7_S8	F7	S8	Crew quarters	k141_3199	blaI	penicillinase repressor BlaI	BETA-LACTAM	BETA-LACTAM	BLASTX	100.0	96.03	WP_001284656.1	C	1279	G	Staphylococcus	4279
SRR17140467	non-PMA	F7_S8	F7_S8	F7	S8	Crew quarters	k141_3664	qacA	quaternary ammonium compound efflux MFS transporter QacA	QUATERNARY AMMONIUM	QUATERNARY AMMONIUM	BLASTX	100.0	99.42	WP_000622776.1	C	1279	G	Staphylococcus	4026
SRR17140467	non-PMA	F7_S8	F7_S8	F7	S8	Crew quarters	k141_38694	tet(42)	tetracycline efflux MFS transporter Tet(42)	TETRACYCLINE	TETRACYCLINE	BLASTX	100.0	95.09	WP_063855882.1	C	2048898	S	Microbacterium sp. Y-01	40929
SRR17140467	non-PMA	F7_S8	F7_S8	F7	S8	Crew quarters	k141_40162	mph(C)	Mph(C) family macrolide 2'-phosphotransferase	MACROLIDE	ERYTHROMYCIN/SPIRAMYCIN/TELITHROMYCIN	PARTIAL_CONTIG_ENDX	70.57	100.0	WP_000196697.1	C	1279	G	Staphylococcus	676
SRR17140467	non-PMA	F7_S8	F7_S8	F7	S8	Crew quarters	k141_44273	fosB	FosB family fosfomycin resistance bacillithiol transferase	FOSFOMYCIN	FOSFOMYCIN	PARTIALX	62.68	98.88	WP_002467687.1	C	1282	S	Staphylococcus epidermidis	5019
SRR17140467	non-PMA	F7_S8	F7_S8	F7	S8	Crew quarters	k141_46232	qacC	quaternary ammonium compound efflux SMR transporter QacC	QUATERNARY AMMONIUM	QUATERNARY AMMONIUM	EXACTX	100.0	100.0	WP_001146389.1	C	1279	G	Staphylococcus	2353
SRR17140467	non-PMA	F7_S8	F7_S8	F7	S8	Crew quarters	k141_47388	erm(C)	23S rRNA (adenine(2058)-N(6))-methyltransferase Erm(C)	LINCOSAMIDE/MACROLIDE/STREPTOGRAMIN	CLINDAMYCIN/ERYTHROMYCIN/STREPTOGRAMIN B/TYLOSIN	EXACTX	100.0	100.0	WP_001003263.1	C	91061	C	Bacilli	2614
SRR17140469	non-PMA	F7_S7	F7_S7	F7	S7	Lab overhead	k141_10170	erm(X)	23S rRNA (adenine(2058)-N(6))-methyltransferase Erm(X)	LINCOSAMIDE/MACROLIDE/STREPTOGRAMIN	AZITHROMYCIN/CLINDAMYCIN/ERYTHROMYCIN/LINCOMYCIN/STREPTOGRAMIN B/TYLOSIN	PARTIAL_CONTIG_ENDX	55.28	98.09	WP_063844894.1	C	1630135	S	Dermabacter vaginalis	609
SRR17140469	non-PMA	F7_S7	F7_S7	F7	S7	Lab overhead	k141_13637	qacA	quaternary ammonium compound efflux MFS transporter QacA	QUATERNARY AMMONIUM	QUATERNARY AMMONIUM	EXACTX	100.0	100.0	WP_000622776.1	C	1290	S	Staphylococcus hominis	15058
SRR17140469	non-PMA	F7_S7	F7_S7	F7	S7	Lab overhead	k141_15401	qacC	quaternary ammonium compound efflux SMR transporter QacC	QUATERNARY AMMONIUM	QUATERNARY AMMONIUM	EXACTX	100.0	100.0	WP_001146389.1	C	1279	G	Staphylococcus	1685
SRR17140469	non-PMA	F7_S7	F7_S7	F7	S7	Lab overhead	k141_19071	fosB	FosB family fosfomycin resistance bacillithiol transferase	FOSFOMYCIN	FOSFOMYCIN	BLASTX	100.0	96.48	WP_002437790.1	C	1282	S	Staphylococcus epidermidis	4066
SRR17140469	non-PMA	F7_S7	F7_S7	F7	S7	Lab overhead	k141_21420	fusB	fusidic acid resistance EF-G-binding protein FusB	FUSIDIC ACID	FUSIDIC ACID	PARTIAL_CONTIG_ENDX	87.79	100.0	WP_000855537.1	C	1279	G	Staphylococcus	670
SRR17140469	non-PMA	F7_S7	F7_S7	F7	S7	Lab overhead	k141_2319	erm(A)	23S rRNA (adenine(2058)-N(6))-methyltransferase Erm(A)	LINCOSAMIDE/MACROLIDE	AZITHROMYCIN/CLARITHROMYCIN/CLINDAMYCIN/ERYTHROMYCIN/TELITHROMYCIN	EXACTX	100.0	100.0	WP_000810833.1	C	1239	P	Bacillota	2563
SRR17140469	non-PMA	F7_S7	F7_S7	F7	S7	Lab overhead	k141_25452	msr(D)	ABC-F type ribosomal protection protein Msr(D)	MACROLIDE/STREPTOGRAMIN	AZITHROMYCIN/ERYTHROMYCIN/STREPTOGRAMIN B	EXACTX	100.0	100.0	WP_000420313.1	C	91061	C	Bacilli	6293
SRR17140469	non-PMA	F7_S7	F7_S7	F7	S7	Lab overhead	k141_25452	mef(A)	macrolide efflux MFS transporter Mef(A)	MACROLIDE	AZITHROMYCIN/ERYTHROMYCIN	EXACTX	100.0	100.0	WP_000417519.1	C	91061	C	Bacilli	6293
SRR17140469	non-PMA	F7_S7	F7_S7	F7	S7	Lab overhead	k141_27539	erm(X)	23S rRNA (adenine(2058)-N(6))-methyltransferase Erm(X)	LINCOSAMIDE/MACROLIDE/STREPTOGRAMIN	AZITHROMYCIN/CLINDAMYCIN/ERYTHROMYCIN/LINCOMYCIN/STREPTOGRAMIN B/TYLOSIN	PARTIAL_CONTIG_ENDX	58.45	100.0	WP_011117480.1	C	1760	C	Actinomycetes	1084
SRR17140469	non-PMA	F7_S7	F7_S7	F7	S7	Lab overhead	k141_35004	msr(A)	ABC-F type ribosomal protection protein Msr(A)	MACROLIDE/STREPTOGRAMIN	ERYTHROMYCIN/STREPTOGRAMIN B	BLASTX	100.0	99.8	WP_000438874.1	C	1279	G	Staphylococcus	3584
SRR17140469	non-PMA	F7_S7	F7_S7	F7	S7	Lab overhead	k141_35004	mph(C)	Mph(C) family macrolide 2'-phosphotransferase	MACROLIDE	ERYTHROMYCIN/SPIRAMYCIN/TELITHROMYCIN	EXACTX	100.0	100.0	WP_000196697.1	C	1279	G	Staphylococcus	3584
SRR17140469	non-PMA	F7_S7	F7_S7	F7	S7	Lab overhead	k141_35703	catA	type A-7 chloramphenicol O-acetyltransferase	PHENICOL	CHLORAMPHENICOL	BLASTX	100.0	96.28	WP_002489529.1	C	90964	F	Staphylococcaceae	979
SRR17140469	non-PMA	F7_S7	F7_S7	F7	S7	Lab overhead	k141_37033	aph(3'')-Ib	aminoglycoside O-phosphotransferase APH(3'')-Ib	AMINOGLYCOSIDE	STREPTOMYCIN	PARTIAL_CONTIG_ENDX	83.15	100.0	WP_001082319.1	C	2	D	Bacteria	832
SRR17140469	non-PMA	F7_S7	F7_S7	F7	S7	Lab overhead	k141_37917	tet(M)	tetracycline resistance ribosomal protection protein Tet(M)	TETRACYCLINE	TETRACYCLINE	BLASTX	90.77	99.66	WP_000691727.1	C	2	D	Bacteria	3466
SRR17140469	non-PMA	F7_S7	F7_S7	F7	S7	Lab overhead	k141_42097	vga(A)	ABC-F type ribosomal protection protein Vga(A)	LINCOSAMIDE	LINCOSAMIDE	EXACTX	100.0	100.0	WP_002440627.1	C	1282	S	Staphylococcus epidermidis	3807
SRR17140469	non-PMA	F7_S7	F7_S7	F7	S7	Lab overhead	k141_42338	lnu(A)	lincosamide nucleotidyltransferase Lnu(A)	LINCOSAMIDE	LINCOSAMIDE	EXACTX	100.0	100.0	WP_011645013.1	C	90964	F	Staphylococcaceae	953
SRR17140469	non-PMA	F7_S7	F7_S7	F7	S7	Lab overhead	k141_51125	erm(B)	23S rRNA (adenine(2058)-N(6))-methyltransferase Erm(B)	LINCOSAMIDE/MACROLIDE/STREPTOGRAMIN	CLINDAMYCIN/ERYTHROMYCIN/STREPTOGRAMIN B	PARTIAL_CONTIG_ENDX	57.96	100.0	WP_001038795.1	C	476272	S1	Blautia hydrogenotrophica DSM 10507	983
SRR17140469	non-PMA	F7_S7	F7_S7	F7	S7	Lab overhead	k141_52440	erm(C)	23S rRNA (adenine(2058)-N(6))-methyltransferase Erm(C)	LINCOSAMIDE/MACROLIDE/STREPTOGRAMIN	CLINDAMYCIN/ERYTHROMYCIN/STREPTOGRAMIN B/TYLOSIN	EXACTX	100.0	100.0	WP_001003263.1	C	91061	C	Bacilli	2616
SRR17140469	non-PMA	F7_S7	F7_S7	F7	S7	Lab overhead	k141_52690	blaI	penicillinase repressor BlaI	BETA-LACTAM	BETA-LACTAM	BLASTX	100.0	96.03	WP_001284656.1	C	1279	G	Staphylococcus	2747
SRR17140469	non-PMA	F7_S7	F7_S7	F7	S7	Lab overhead	k141_58330	erm(44)v	23S rRNA (adenine(2058)-N(6))-methyltransferase Erm(44)v	LINCOSAMIDE/MACROLIDE	CLINDAMYCIN/ERYTHROMYCIN	PARTIAL_CONTIG_ENDX	61.73	100.0	WP_041079981.1	C	29385	S	Staphylococcus saprophyticus	556
SRR17140469	non-PMA	F7_S7	F7_S7	F7	S7	Lab overhead	k141_59705	tet(K)	tetracycline efflux MFS transporter Tet(K)	TETRACYCLINE	TETRACYCLINE	BLASTX	92.81	100.0	WP_000492283.1	C	2	D	Bacteria	4580
SRR17140469	non-PMA	F7_S7	F7_S7	F7	S7	Lab overhead	k141_8324	blaI	penicillinase repressor BlaI	BETA-LACTAM	BETA-LACTAM	BLASTX	100.0	99.21	WP_001284656.1	C	1279	G	Staphylococcus	4120
SRR17140469	non-PMA	F7_S7	F7_S7	F7	S7	Lab overhead	k141_8324	blaR1	beta-lactam sensor/signal transducer BlaR1	BETA-LACTAM	BETA-LACTAM	BLASTX	100.0	98.12	WP_001096386.1	C	1279	G	Staphylococcus	4120
SRR17140469	non-PMA	F7_S7	F7_S7	F7	S7	Lab overhead	k141_8324	blaZ	penicillin-hydrolyzing class A beta-lactamase BlaZ	BETA-LACTAM	BETA-LACTAM	BLASTX	100.0	94.66	WP_000733281.1	C	1279	G	Staphylococcus	4120
SRR17140470	non-PMA	F4_S4	F4_S4	F4	S4	Dining table	k141_1136	tet(K)	tetracycline efflux MFS transporter Tet(K)	TETRACYCLINE	TETRACYCLINE	PARTIAL_CONTIG_ENDX	54.68	100.0	WP_000492283.1	C	90964	F	Staphylococcaceae	754
SRR17140470	non-PMA	F4_S4	F4_S4	F4	S4	Dining table	k141_2011	cfxA	CfxA family broad-spectrum class A beta-lactamase	BETA-LACTAM	BETA-LACTAM	PARTIAL_CONTIG_ENDX	57.32	100.0	WP_004339683.1	C	976	P	Bacteroidota	553
SRR17140470	non-PMA	F4_S4	F4_S4	F4	S4	Dining table	k141_2465	qacC	quaternary ammonium compound efflux SMR transporter QacC	QUATERNARY AMMONIUM	QUATERNARY AMMONIUM	EXACTX	100.0	100.0	WP_001146389.1	C	1282	S	Staphylococcus epidermidis	1175
SRR17140470	non-PMA	F4_S4	F4_S4	F4	S4	Dining table	k141_4453	mef(A)	macrolide efflux MFS transporter Mef(A)	MACROLIDE	AZITHROMYCIN/ERYTHROMYCIN	EXACTX	100.0	100.0	WP_000417519.1	C	2	D	Bacteria	2445
SRR17140470	non-PMA	F4_S4	F4_S4	F4	S4	Dining table	k141_6213	mph(C)	Mph(C) family macrolide 2'-phosphotransferase	MACROLIDE	ERYTHROMYCIN/SPIRAMYCIN/TELITHROMYCIN	PARTIAL_CONTIG_ENDX	68.56	99.51	WP_000196697.1	C	1279	G	Staphylococcus	693
SRR17140470	non-PMA	F4_S4	F4_S4	F4	S4	Dining table	k141_8014	msr(D)	ABC-F type ribosomal protection protein Msr(D)	MACROLIDE/STREPTOGRAMIN	AZITHROMYCIN/ERYTHROMYCIN/STREPTOGRAMIN B	PARTIAL_CONTIG_ENDX	68.38	100.0	WP_000420313.1	C	2	D	Bacteria	1856
SRR17140470	non-PMA	F4_S4	F4_S4	F4	S4	Dining table	k141_8880	blaI	penicillinase repressor BlaI	BETA-LACTAM	BETA-LACTAM	PARTIAL_CONTIG_ENDX	73.02	98.91	WP_001284656.1	C	1385	O	Bacillales	819
SRR17140472	non-PMA	F7_S6	F7_S6	F7	S6	PMM	k141_11455	erm(C)	23S rRNA (adenine(2058)-N(6))-methyltransferase Erm(C)	LINCOSAMIDE/MACROLIDE/STREPTOGRAMIN	CLINDAMYCIN/ERYTHROMYCIN/STREPTOGRAMIN B/TYLOSIN	PARTIAL_CONTIG_ENDX	72.13	100.0	WP_001003263.1	C	2	D	Bacteria	636
SRR17140472	non-PMA	F7_S6	F7_S6	F7	S6	PMM	k141_12391	blaZ	penicillin-hydrolyzing class A beta-lactamase BlaZ	BETA-LACTAM	BETA-LACTAM	BLASTX	100.0	99.29	WP_000733274.1	C	1279	G	Staphylococcus	1879
SRR17140472	non-PMA	F7_S6	F7_S6	F7	S6	PMM	k141_12990	fusB	fusidic acid resistance EF-G-binding protein FusB	FUSIDIC ACID	FUSIDIC ACID	EXACTX	100.0	100.0	WP_000855537.1	C	1279	G	Staphylococcus	945
SRR17140472	non-PMA	F7_S6	F7_S6	F7	S6	PMM	k141_13790	erm(X)	23S rRNA (adenine(2058)-N(6))-methyltransferase Erm(X)	LINCOSAMIDE/MACROLIDE/STREPTOGRAMIN	AZITHROMYCIN/CLINDAMYCIN/ERYTHROMYCIN/LINCOMYCIN/STREPTOGRAMIN B/TYLOSIN	BLASTX	100.0	98.94	WP_063844894.1	C	1716	G	Corynebacterium	2993
SRR17140472	non-PMA	F7_S6	F7_S6	F7	S6	PMM	k141_13879	qacG	quaternary ammonium compound efflux SMR transporter QacG	QUATERNARY AMMONIUM	QUATERNARY AMMONIUM	BLASTX	100.0	98.13	WP_015740450.1	C	1279	G	Staphylococcus	3696
SRR17140472	non-PMA	F7_S6	F7_S6	F7	S6	PMM	k141_15486	tet(K)	tetracycline efflux MFS transporter Tet(K)	TETRACYCLINE	TETRACYCLINE	EXACTX	100.0	100.0	WP_000492283.1	C	1279	G	Staphylococcus	28551
SRR17140472	non-PMA	F7_S6	F7_S6	F7	S6	PMM	k141_18506	qacA	quaternary ammonium compound efflux MFS transporter QacA	QUATERNARY AMMONIUM	QUATERNARY AMMONIUM	BLASTX	100.0	99.42	WP_000622776.1	C	1279	G	Staphylococcus	4072
SRR17140472	non-PMA	F7_S6	F7_S6	F7	S6	PMM	k141_20100	mph(C)	Mph(C) family macrolide 2'-phosphotransferase	MACROLIDE	ERYTHROMYCIN/SPIRAMYCIN/TELITHROMYCIN	EXACTX	100.0	100.0	WP_000196697.1	C	1279	G	Staphylococcus	3834
SRR17140472	non-PMA	F7_S6	F7_S6	F7	S6	PMM	k141_20100	msr(A)	ABC-F type ribosomal protection protein Msr(A)	MACROLIDE/STREPTOGRAMIN	ERYTHROMYCIN/STREPTOGRAMIN B	BLASTX	100.0	99.8	WP_000438874.1	C	1279	G	Staphylococcus	3834
SRR17140472	non-PMA	F7_S6	F7_S6	F7	S6	PMM	k141_20797	dfrG	trimethoprim-resistant dihydrofolate reductase DfrG	TRIMETHOPRIM	TRIMETHOPRIM	PARTIAL_CONTIG_ENDX	76.97	100.0	WP_000868795.1	C	91061	C	Bacilli	1389
SRR17140472	non-PMA	F7_S6	F7_S6	F7	S6	PMM	k141_22536	aph(3')-Ia	aminoglycoside O-phosphotransferase APH(3')-Ia	AMINOGLYCOSIDE	KANAMYCIN	PARTIAL_CONTIG_ENDX	80.07	100.0	WP_000018326.1	C	2	D	Bacteria	653
SRR17140472	non-PMA	F7_S6	F7_S6	F7	S6	PMM	k141_22957	cmx	chloramphenicol efflux MFS transporter Cmx	PHENICOL	CHLORAMPHENICOL	PARTIAL_CONTIG_ENDX	53.71	100.0	WP_005297378.1	C	1760	C	Actinomycetes	1061
SRR17140472	non-PMA	F7_S6	F7_S6	F7	S6	PMM	k141_2336	lnu(A)	lincosamide nucleotidyltransferase Lnu(A)	LINCOSAMIDE	LINCOSAMIDE	EXACTX	100.0	100.0	WP_000700648.1	C	1286	S	Staphylococcus simulans	1121
SRR17140472	non-PMA	F7_S6	F7_S6	F7	S6	PMM	k141_2370	aadD1	aminoglycoside O-nucleotidyltransferase ANT(4')-Ia	AMINOGLYCOSIDE	KANAMYCIN/TOBRAMYCIN	PARTIAL_CONTIG_ENDX	75.1	100.0	WP_001014230.1	C	2	D	Bacteria	574
SRR17140472	non-PMA	F7_S6	F7_S6	F7	S6	PMM	k141_5665	blaI	penicillinase repressor BlaI	BETA-LACTAM	BETA-LACTAM	BLASTX	100.0	99.21	WP_001284656.1	C	1279	G	Staphylococcus	3821
SRR17140472	non-PMA	F7_S6	F7_S6	F7	S6	PMM	k141_5665	blaR1	beta-lactam sensor/signal transducer BlaR1	BETA-LACTAM	BETA-LACTAM	EXACTX	100.0	100.0	WP_001096392.1	C	1279	G	Staphylococcus	3821
SRR17140472	non-PMA	F7_S6	F7_S6	F7	S6	PMM	k141_5665	blaZ	penicillin-hydrolyzing class A beta-lactamase BlaZ	BETA-LACTAM	BETA-LACTAM	BLASTX	100.0	95.37	WP_000733281.1	C	1279	G	Staphylococcus	3821
SRR17140472	non-PMA	F7_S6	F7_S6	F7	S6	PMM	k141_6238	blaI	penicillinase repressor BlaI	BETA-LACTAM	BETA-LACTAM	BLASTX	100.0	96.03	WP_001284656.1	C	1279	G	Staphylococcus	1515
SRR17140472	non-PMA	F7_S6	F7_S6	F7	S6	PMM	k141_6310	fosB	FosB family fosfomycin resistance bacillithiol transferase	FOSFOMYCIN	FOSFOMYCIN	BLASTX	100.0	98.59	WP_002437790.1	C	1282	S	Staphylococcus epidermidis	8897
SRR17140472	non-PMA	F7_S6	F7_S6	F7	S6	PMM	k141_6706	vga(A)	ABC-F type ribosomal protection protein Vga(A)	LINCOSAMIDE	LINCOSAMIDE	BLASTX	100.0	99.81	WP_002440627.1	C	1282	S	Staphylococcus epidermidis	2538
SRR17140472	non-PMA	F7_S6	F7_S6	F7	S6	PMM	k141_6921	lnu(A)	lincosamide nucleotidyltransferase Lnu(A)	LINCOSAMIDE	LINCOSAMIDE	PARTIAL_CONTIG_ENDX	83.23	100.0	WP_011428879.1	C	2	D	Bacteria	737
SRR17140472	non-PMA	F7_S6	F7_S6	F7	S6	PMM	k141_6929	lnu(A)	lincosamide nucleotidyltransferase Lnu(A)	LINCOSAMIDE	LINCOSAMIDE	EXACTX	100.0	100.0	WP_011645010.1	C	1279	G	Staphylococcus	1014
SRR17140472	non-PMA	F7_S6	F7_S6	F7	S6	PMM	k141_7519	qacC	quaternary ammonium compound efflux SMR transporter QacC	QUATERNARY AMMONIUM	QUATERNARY AMMONIUM	EXACTX	100.0	100.0	WP_001146389.1	C	1279	G	Staphylococcus	3197
SRR17140474	non-PMA	F7_S5	F7_S5	F7	S5	Overhead 4	k141_13105	qacC	quaternary ammonium compound efflux SMR transporter QacC	QUATERNARY AMMONIUM	QUATERNARY AMMONIUM	EXACTX	100.0	100.0	WP_001146389.1	C	1279	G	Staphylococcus	2176
SRR17140474	non-PMA	F7_S5	F7_S5	F7	S5	Overhead 4	k141_14911	fosB	FosB family fosfomycin resistance bacillithiol transferase	FOSFOMYCIN	FOSFOMYCIN	BLASTX	100.0	97.18	WP_002437790.1	C	1282	S	Staphylococcus epidermidis	5277
SRR17140474	non-PMA	F7_S5	F7_S5	F7	S5	Overhead 4	k141_15317	blaZ	penicillin-hydrolyzing class A beta-lactamase BlaZ	BETA-LACTAM	BETA-LACTAM	PARTIAL_CONTIG_ENDX	86.48	100.0	WP_000733274.1	C	1279	G	Staphylococcus	1877
SRR17140474	non-PMA	F7_S5	F7_S5	F7	S5	Overhead 4	k141_19999	vga(A)	ABC-F type ribosomal protection protein Vga(A)	LINCOSAMIDE	LINCOSAMIDE	EXACTX	100.0	100.0	WP_002440627.1	C	1282	S	Staphylococcus epidermidis	3501
SRR17140474	non-PMA	F7_S5	F7_S5	F7	S5	Overhead 4	k141_21035	mph(C)	Mph(C) family macrolide 2'-phosphotransferase	MACROLIDE	ERYTHROMYCIN/SPIRAMYCIN/TELITHROMYCIN	EXACTX	100.0	100.0	WP_000196697.1	C	1279	G	Staphylococcus	3641
SRR17140474	non-PMA	F7_S5	F7_S5	F7	S5	Overhead 4	k141_21035	msr(A)	ABC-F type ribosomal protection protein Msr(A)	MACROLIDE/STREPTOGRAMIN	ERYTHROMYCIN/STREPTOGRAMIN B	BLASTX	100.0	99.59	WP_000438874.1	C	1279	G	Staphylococcus	3641
SRR17140474	non-PMA	F7_S5	F7_S5	F7	S5	Overhead 4	k141_2974	blaI	penicillinase repressor BlaI	BETA-LACTAM	BETA-LACTAM	BLASTX	100.0	99.21	WP_001284656.1	C	1385	O	Bacillales	1448
SRR17140474	non-PMA	F7_S5	F7_S5	F7	S5	Overhead 4	k141_30164	aadD1	aminoglycoside O-nucleotidyltransferase ANT(4')-Ia	AMINOGLYCOSIDE	KANAMYCIN/TOBRAMYCIN	PARTIAL_CONTIG_ENDX	55.73	100.0	WP_001014230.1	C	2	D	Bacteria	1260
SRR17140474	non-PMA	F7_S5	F7_S5	F7	S5	Overhead 4	k141_30177	erm(F)	23S rRNA (adenine(2058)-N(6))-methyltransferase Erm(F)	LINCOSAMIDE/MACROLIDE/STREPTOGRAMIN	CLINDAMYCIN/MACROLIDE/STREPTOGRAMIN	PARTIAL_CONTIG_ENDX	62.78	100.0	WP_002682030.1	C	2	D	Bacteria	502
SRR17140474	non-PMA	F7_S5	F7_S5	F7	S5	Overhead 4	k141_31957	bleO	bleomycin binding protein	BLEOMYCIN	BLEOMYCIN	BLASTX	98.51	99.24	WP_001242578.1	C	2	D	Bacteria	874
SRR17140474	non-PMA	F7_S5	F7_S5	F7	S5	Overhead 4	k141_33491	tet(K)	tetracycline efflux MFS transporter Tet(K)	TETRACYCLINE	TETRACYCLINE	EXACTX	100.0	100.0	WP_000492283.1	C	2	D	Bacteria	2568
SRR17140474	non-PMA	F7_S5	F7_S5	F7	S5	Overhead 4	k141_34226	msr(D)	ABC-F type ribosomal protection protein Msr(D)	MACROLIDE/STREPTOGRAMIN	AZITHROMYCIN/ERYTHROMYCIN/STREPTOGRAMIN B	EXACTX	100.0	100.0	WP_000420313.1	C	1301	G	Streptococcus	4611
SRR17140474	non-PMA	F7_S5	F7_S5	F7	S5	Overhead 4	k141_34226	mef(A)	macrolide efflux MFS transporter Mef(A)	MACROLIDE	AZITHROMYCIN/ERYTHROMYCIN	PARTIAL_CONTIG_ENDX	53.09	100.0	WP_000417519.1	C	1301	G	Streptococcus	4611
SRR17140474	non-PMA	F7_S5	F7_S5	F7	S5	Overhead 4	k141_41050	erm(X)	23S rRNA (adenine(2058)-N(6))-methyltransferase Erm(X)	LINCOSAMIDE/MACROLIDE/STREPTOGRAMIN	AZITHROMYCIN/CLINDAMYCIN/ERYTHROMYCIN/LINCOMYCIN/STREPTOGRAMIN B/TYLOSIN	BLASTX	100.0	98.24	WP_011117480.1	C	1760	C	Actinomycetes	2612
SRR17140474	non-PMA	F7_S5	F7_S5	F7	S5	Overhead 4	k141_42516	qacA	quaternary ammonium compound efflux MFS transporter QacA	QUATERNARY AMMONIUM	QUATERNARY AMMONIUM	EXACTX	100.0	100.0	WP_000622776.1	C	1279	G	Staphylococcus	5595
SRR17140474	non-PMA	F7_S5	F7_S5	F7	S5	Overhead 4	k141_4501	blaR1	beta-lactam sensor/signal transducer BlaR1	BETA-LACTAM	BETA-LACTAM	BLASTX	100.0	90.26	WP_001096392.1	C	1279	G	Staphylococcus	2688
SRR17140474	non-PMA	F7_S5	F7_S5	F7	S5	Overhead 4	k141_4501	blaI	penicillinase repressor BlaI	BETA-LACTAM	BETA-LACTAM	BLASTX	100.0	96.03	WP_001284656.1	C	1279	G	Staphylococcus	2688
SRR17140474	non-PMA	F7_S5	F7_S5	F7	S5	Overhead 4	k141_8281	blaZ	penicillin-hydrolyzing class A beta-lactamase BlaZ	BETA-LACTAM	BETA-LACTAM	PARTIAL_CONTIG_ENDX	72.6	95.59	WP_000733281.1	C	1279	G	Staphylococcus	1215
SRR17140474	non-PMA	F7_S5	F7_S5	F7	S5	Overhead 4	k141_8345	lnu(A)	lincosamide nucleotidyltransferase Lnu(A)	LINCOSAMIDE	LINCOSAMIDE	BLASTX	100.0	99.38	WP_001829870.1	C	1279	G	Staphylococcus	952
SRR17140474	non-PMA	F7_S5	F7_S5	F7	S5	Overhead 4	k141_9839	erm(C)	23S rRNA (adenine(2058)-N(6))-methyltransferase Erm(C)	LINCOSAMIDE/MACROLIDE/STREPTOGRAMIN	CLINDAMYCIN/ERYTHROMYCIN/STREPTOGRAMIN B/TYLOSIN	EXACTX	100.0	100.0	WP_001003263.1	C	29388	S	Staphylococcus capitis	3571
SRR17140476	non-PMA	F7_S4	F7_S4	F7	S4	Dining table	k141_10132	erm(44)v	23S rRNA (adenine(2058)-N(6))-methyltransferase Erm(44)v	LINCOSAMIDE/MACROLIDE	CLINDAMYCIN/ERYTHROMYCIN	EXACTX	100.0	100.0	WP_041079981.1	C	29385	S	Staphylococcus saprophyticus	1016
SRR17140476	non-PMA	F7_S4	F7_S4	F7	S4	Dining table	k141_13147	fusB	fusidic acid resistance EF-G-binding protein FusB	FUSIDIC ACID	FUSIDIC ACID	PARTIAL_CONTIG_ENDX	51.64	100.0	WP_000855537.1	C	1279	G	Staphylococcus	624
SRR17140476	non-PMA	F7_S4	F7_S4	F7	S4	Dining table	k141_18107	qacA	quaternary ammonium compound efflux MFS transporter QacA	QUATERNARY AMMONIUM	QUATERNARY AMMONIUM	EXACTX	100.0	100.0	WP_000622776.1	C	1279	G	Staphylococcus	4682
SRR17140476	non-PMA	F7_S4	F7_S4	F7	S4	Dining table	k141_19574	msr(A)	ABC-F type ribosomal protection protein Msr(A)	MACROLIDE/STREPTOGRAMIN	ERYTHROMYCIN/STREPTOGRAMIN B	BLASTX	100.0	99.8	WP_000438874.1	C	1279	G	Staphylococcus	2051
SRR17140476	non-PMA	F7_S4	F7_S4	F7	S4	Dining table	k141_23663	qacC	quaternary ammonium compound efflux SMR transporter QacC	QUATERNARY AMMONIUM	QUATERNARY AMMONIUM	EXACTX	100.0	100.0	WP_001146389.1	C	1279	G	Staphylococcus	3290
SRR17140476	non-PMA	F7_S4	F7_S4	F7	S4	Dining table	k141_24310	blaZ	penicillin-hydrolyzing class A beta-lactamase BlaZ	BETA-LACTAM	BETA-LACTAM	PARTIAL_CONTIG_ENDX	70.82	95.48	WP_000733281.1	C	1279	G	Staphylococcus	2675
SRR17140476	non-PMA	F7_S4	F7_S4	F7	S4	Dining table	k141_31025	lnu(A)	lincosamide nucleotidyltransferase Lnu(A)	LINCOSAMIDE	LINCOSAMIDE	EXACTX	100.0	100.0	WP_001829870.1	C	1279	G	Staphylococcus	3565
SRR17140476	non-PMA	F7_S4	F7_S4	F7	S4	Dining table	k141_36775	tet(K)	tetracycline efflux MFS transporter Tet(K)	TETRACYCLINE	TETRACYCLINE	EXACTX	100.0	100.0	WP_000492283.1	C	2	D	Bacteria	3887
SRR17140476	non-PMA	F7_S4	F7_S4	F7	S4	Dining table	k141_38825	vga(A)	ABC-F type ribosomal protection protein Vga(A)	LINCOSAMIDE	LINCOSAMIDE	EXACTX	100.0	100.0	WP_002440627.1	C	1282	S	Staphylococcus epidermidis	2955
SRR17140476	non-PMA	F7_S4	F7_S4	F7	S4	Dining table	k141_39065	blaR1	beta-lactam sensor/signal transducer BlaR1	BETA-LACTAM	BETA-LACTAM	PARTIAL_CONTIG_ENDX	82.39	99.17	WP_001096392.1	C	1385	O	Bacillales	1485
SRR17140476	non-PMA	F7_S4	F7_S4	F7	S4	Dining table	k141_3974	erm(X)	23S rRNA (adenine(2058)-N(6))-methyltransferase Erm(X)	LINCOSAMIDE/MACROLIDE/STREPTOGRAMIN	AZITHROMYCIN/CLINDAMYCIN/ERYTHROMYCIN/LINCOMYCIN/STREPTOGRAMIN B/TYLOSIN	PARTIAL_CONTIG_ENDX	66.9	98.95	WP_063844894.1	C	1760	C	Actinomycetes	1326
SRR17140476	non-PMA	F7_S4	F7_S4	F7	S4	Dining table	k141_44183	mef(A)	macrolide efflux MFS transporter Mef(A)	MACROLIDE	AZITHROMYCIN/ERYTHROMYCIN	EXACTX	100.0	100.0	WP_000417519.1	C	186826	O	Lactobacillales	6240
SRR17140476	non-PMA	F7_S4	F7_S4	F7	S4	Dining table	k141_44183	msr(D)	ABC-F type ribosomal protection protein Msr(D)	MACROLIDE/STREPTOGRAMIN	AZITHROMYCIN/ERYTHROMYCIN/STREPTOGRAMIN B	BLASTX	100.0	99.79	WP_000420313.1	C	186826	O	Lactobacillales	6240
SRR17140476	non-PMA	F7_S4	F7_S4	F7	S4	Dining table	k141_45052	erm(A)	23S rRNA (adenine(2058)-N(6))-methyltransferase Erm(A)	LINCOSAMIDE/MACROLIDE	AZITHROMYCIN/CLARITHROMYCIN/CLINDAMYCIN/ERYTHROMYCIN/TELITHROMYCIN	PARTIAL_CONTIG_ENDX	52.26	100.0	WP_000810833.1	C	1239	P	Bacillota	629
SRR17140476	non-PMA	F7_S4	F7_S4	F7	S4	Dining table	k141_46240	erm(C)	23S rRNA (adenine(2058)-N(6))-methyltransferase Erm(C)	LINCOSAMIDE/MACROLIDE/STREPTOGRAMIN	CLINDAMYCIN/ERYTHROMYCIN/STREPTOGRAMIN B/TYLOSIN	EXACTX	100.0	100.0	WP_001003263.1	C	91061	C	Bacilli	2540
SRR17140476	non-PMA	F7_S4	F7_S4	F7	S4	Dining table	k141_49448	blaZ	penicillin-hydrolyzing class A beta-lactamase BlaZ	BETA-LACTAM	BETA-LACTAM	BLASTX	100.0	99.64	WP_000733274.1	C	1279	G	Staphylococcus	3130
SRR17140476	non-PMA	F7_S4	F7_S4	F7	S4	Dining table	k141_49448	blaI	penicillinase repressor BlaI	BETA-LACTAM	BETA-LACTAM	BLASTX	100.0	96.03	WP_001284656.1	C	1279	G	Staphylococcus	3130
SRR17140476	non-PMA	F7_S4	F7_S4	F7	S4	Dining table	k141_5810	tet(M)	tetracycline resistance ribosomal protection protein Tet(M)	TETRACYCLINE	TETRACYCLINE	PARTIAL_CONTIG_ENDX	64.95	99.76	WP_050232631.1	C	2	D	Bacteria	1247
SRR17140476	non-PMA	F7_S4	F7_S4	F7	S4	Dining table	k141_7417	mph(C)	Mph(C) family macrolide 2'-phosphotransferase	MACROLIDE	ERYTHROMYCIN/SPIRAMYCIN/TELITHROMYCIN	PARTIAL_CONTIG_ENDX	69.57	100.0	WP_000196697.1	C	1279	G	Staphylococcus	834
SRR17140476	non-PMA	F7_S4	F7_S4	F7	S4	Dining table	k141_8698	fosB	FosB family fosfomycin resistance bacillithiol transferase	FOSFOMYCIN	FOSFOMYCIN	BLASTX	100.0	97.18	WP_002437790.1	C	1282	S	Staphylococcus epidermidis	11182
SRR17140478	non-PMA	F7_S3	F7_S3	F7	S3	Exercise platform	k141_11775	fusF	fusidic acid resistance EF-G-binding protein FusF	FUSIDIC ACID	FUSIDIC ACID	BLASTX	100.0	99.53	WP_063851262.1	C	2799680	S	Staphylococcus sp. 11-B-312	30516
SRR17140478	non-PMA	F7_S3	F7_S3	F7	S3	Exercise platform	k141_12377	lnu(G)	lincosamide nucleotidyltransferase Lnu(G)	LINCOSAMIDE	LINCOSAMIDE	BLASTX	100.0	97.75	WP_002333496.1	C	1279	G	Staphylococcus	36268
SRR17140478	non-PMA	F7_S3	F7_S3	F7	S3	Exercise platform	k141_12685	lnu(A)	lincosamide nucleotidyltransferase Lnu(A)	LINCOSAMIDE	LINCOSAMIDE	EXACTX	100.0	100.0	WP_000700648.1	C	1783272	D1	Terrabacteria group	707
SRR17140478	non-PMA	F7_S3	F7_S3	F7	S3	Exercise platform	k141_12929	blaZ	penicillin-hydrolyzing class A beta-lactamase BlaZ	BETA-LACTAM	BETA-LACTAM	PARTIAL_CONTIG_ENDX	69.4	98.97	WP_000733275.1	C	1279	G	Staphylococcus	587
SRR17140478	non-PMA	F7_S3	F7_S3	F7	S3	Exercise platform	k141_15522	qacC	quaternary ammonium compound efflux SMR transporter QacC	QUATERNARY AMMONIUM	QUATERNARY AMMONIUM	EXACTX	100.0	100.0	WP_001146389.1	C	1279	G	Staphylococcus	3742
SRR17140478	non-PMA	F7_S3	F7_S3	F7	S3	Exercise platform	k141_15550	catA	type A-7 chloramphenicol O-acetyltransferase	PHENICOL	CHLORAMPHENICOL	EXACTX	100.0	100.0	WP_002489529.1	C	90964	F	Staphylococcaceae	1350
SRR17140478	non-PMA	F7_S3	F7_S3	F7	S3	Exercise platform	k141_16768	fosB	FosB family fosfomycin resistance bacillithiol transferase	FOSFOMYCIN	FOSFOMYCIN	BLASTX	100.0	93.66	WP_002437790.1	C	1282	S	Staphylococcus epidermidis	1017
SRR17140478	non-PMA	F7_S3	F7_S3	F7	S3	Exercise platform	k141_21462	aph(3')-Ia	aminoglycoside O-phosphotransferase APH(3')-Ia	AMINOGLYCOSIDE	KANAMYCIN	EXACTX	100.0	100.0	WP_000018326.1	C	2	D	Bacteria	4161
SRR17140478	non-PMA	F7_S3	F7_S3	F7	S3	Exercise platform	k141_21462	aph(3'')-Ib	aminoglycoside O-phosphotransferase APH(3'')-Ib	AMINOGLYCOSIDE	STREPTOMYCIN	EXACTX	100.0	100.0	WP_001082319.1	C	2	D	Bacteria	4161
SRR17140478	non-PMA	F7_S3	F7_S3	F7	S3	Exercise platform	k141_21462	aph(6)-Id	aminoglycoside O-phosphotransferase APH(6)-Id	AMINOGLYCOSIDE	STREPTOMYCIN	BLASTX	100.0	99.64	WP_000480968.1	C	2	D	Bacteria	4161
SRR17140478	non-PMA	F7_S3	F7_S3	F7	S3	Exercise platform	k141_21622	cmx	chloramphenicol efflux MFS transporter Cmx	PHENICOL	CHLORAMPHENICOL	EXACTX	100.0	100.0	WP_005297378.1	C	2763010	S	Corynebacterium lujinxingii	27056
SRR17140478	non-PMA	F7_S3	F7_S3	F7	S3	Exercise platform	k141_21698	tet(M)	tetracycline resistance ribosomal protection protein Tet(M)	TETRACYCLINE	TETRACYCLINE	PARTIAL_CONTIG_ENDX	53.05	100.0	WP_000691727.1	C	2	D	Bacteria	1019
SRR17140478	non-PMA	F7_S3	F7_S3	F7	S3	Exercise platform	k141_22852	mef(A)	macrolide efflux MFS transporter Mef(A)	MACROLIDE	AZITHROMYCIN/ERYTHROMYCIN	EXACTX	100.0	100.0	WP_000417519.1	C	2	D	Bacteria	5767
SRR17140478	non-PMA	F7_S3	F7_S3	F7	S3	Exercise platform	k141_22852	msr(D)	ABC-F type ribosomal protection protein Msr(D)	MACROLIDE/STREPTOGRAMIN	AZITHROMYCIN/ERYTHROMYCIN/STREPTOGRAMIN B	EXACTX	100.0	100.0	WP_000420313.1	C	2	D	Bacteria	5767
SRR17140478	non-PMA	F7_S3	F7_S3	F7	S3	Exercise platform	k141_27602	fosB	FosB1/FosB3 family fosfomycin resistance bacillithiol transferase	FOSFOMYCIN	FOSFOMYCIN	BLASTX	100.0	99.28	WP_085562381.1	C	1279	G	Staphylococcus	859
SRR17140478	non-PMA	F7_S3	F7_S3	F7	S3	Exercise platform	k141_30329	blaR1	beta-lactam sensor/signal transducer BlaR1	BETA-LACTAM	BETA-LACTAM	PARTIAL_CONTIG_ENDX	60.34	96.03	WP_001096376.1	C	1279	G	Staphylococcus	1062
SRR17140478	non-PMA	F7_S3	F7_S3	F7	S3	Exercise platform	k141_31887	erm(B)	23S rRNA (adenine(2058)-N(6))-methyltransferase Erm(B)	LINCOSAMIDE/MACROLIDE/STREPTOGRAMIN	CLINDAMYCIN/ERYTHROMYCIN/STREPTOGRAMIN B	BLASTX	100.0	99.59	WP_001038790.1	C	2	D	Bacteria	2917
SRR17140478	non-PMA	F7_S3	F7_S3	F7	S3	Exercise platform	k141_32042	catA	type A-8 chloramphenicol O-acetyltransferase	PHENICOL	CHLORAMPHENICOL	EXACTX	100.0	100.0	WP_000143686.1	C	1385	O	Bacillales	2468
SRR17140478	non-PMA	F7_S3	F7_S3	F7	S3	Exercise platform	k141_33204	mph(C)	Mph(C) family macrolide 2'-phosphotransferase	MACROLIDE	ERYTHROMYCIN/SPIRAMYCIN/TELITHROMYCIN	EXACTX	100.0	100.0	WP_000196697.1	C	1290	S	Staphylococcus hominis	15235
SRR17140478	non-PMA	F7_S3	F7_S3	F7	S3	Exercise platform	k141_33204	msr(A)	ABC-F type ribosomal protection protein Msr(A)	MACROLIDE/STREPTOGRAMIN	ERYTHROMYCIN/STREPTOGRAMIN B	BLASTX	100.0	99.8	WP_000438874.1	C	1290	S	Staphylococcus hominis	15235
SRR17140478	non-PMA	F7_S3	F7_S3	F7	S3	Exercise platform	k141_35506	fusC	FusC family fusidic acid resistance EF-G-binding protein	FUSIDIC ACID	FUSIDIC ACID	BLASTX	100.0	99.53	WP_001033157.1	C	1279	G	Staphylococcus	950
SRR17140478	non-PMA	F7_S3	F7_S3	F7	S3	Exercise platform	k141_40559	vga(A)	ABC-F type ribosomal protection protein Vga(A)	LINCOSAMIDE	LINCOSAMIDE	BLASTX	100.0	99.04	WP_032492560.1	C	1282	S	Staphylococcus epidermidis	2319
SRR17140478	non-PMA	F7_S3	F7_S3	F7	S3	Exercise platform	k141_42317	pbp2m	penicillin-binding protein PBP2M	BETA-LACTAM	BETA-LACTAM	PARTIAL_CONTIG_ENDX	70.99	100.0	WP_049151672.1	C	1716	G	Corynebacterium	1835
SRR17140478	non-PMA	F7_S3	F7_S3	F7	S3	Exercise platform	k141_43092	fosB	FosB family fosfomycin resistance bacillithiol transferase	FOSFOMYCIN	FOSFOMYCIN	BLASTX	100.0	95.77	WP_002437790.1	C	1282	S	Staphylococcus epidermidis	8345
SRR17140478	non-PMA	F7_S3	F7_S3	F7	S3	Exercise platform	k141_43856	erm(C)	23S rRNA (adenine(2058)-N(6))-methyltransferase Erm(C)	LINCOSAMIDE/MACROLIDE/STREPTOGRAMIN	CLINDAMYCIN/ERYTHROMYCIN/STREPTOGRAMIN B/TYLOSIN	EXACTX	100.0	100.0	WP_001003263.1	C	91061	C	Bacilli	2583
SRR17140478	non-PMA	F7_S3	F7_S3	F7	S3	Exercise platform	k141_43871	lsa	Lsa family ABC-F type ribosomal protection protein	LINCOSAMIDE/STREPTOGRAMIN	LINCOSAMIDE/STREPTOGRAMIN	INTERNAL_STOP	75.41	90.84	WP_063851347.1	C	1301	G	Streptococcus	12221
SRR17140478	non-PMA	F7_S3	F7_S3	F7	S3	Exercise platform	k141_47789	blaR1	beta-lactam sensor/signal transducer BlaR1	BETA-LACTAM	BETA-LACTAM	BLASTX	100.0	95.73	WP_001096392.1	C	1279	G	Staphylococcus	3005
SRR17140478	non-PMA	F7_S3	F7_S3	F7	S3	Exercise platform	k141_47789	blaI	penicillinase repressor BlaI	BETA-LACTAM	BETA-LACTAM	BLASTX	100.0	96.03	WP_001284656.1	C	1279	G	Staphylococcus	3005
SRR17140478	non-PMA	F7_S3	F7_S3	F7	S3	Exercise platform	k141_47865	mecA	PBP2a family beta-lactam-resistant peptidoglycan transpeptidase MecA	BETA-LACTAM	METHICILLIN	EXACTX	100.0	100.0	WP_000721309.1	C	1279	G	Staphylococcus	5842
SRR17140478	non-PMA	F7_S3	F7_S3	F7	S3	Exercise platform	k141_47865	mecR1	beta-lactam sensor/signal transducer MecR1	BETA-LACTAM	METHICILLIN	PARTIALX	55.56	100.0	WP_000952923.1	C	1279	G	Staphylococcus	5842
SRR17140478	non-PMA	F7_S3	F7_S3	F7	S3	Exercise platform	k141_48254	tet(M)	tetracycline resistance ribosomal protection protein Tet(M)	TETRACYCLINE	TETRACYCLINE	PARTIAL_CONTIG_ENDX	68.86	99.77	WP_000691743.1	C	1301	G	Streptococcus	9954
SRR17140478	non-PMA	F7_S3	F7_S3	F7	S3	Exercise platform	k141_49041	erm(X)	23S rRNA (adenine(2058)-N(6))-methyltransferase Erm(X)	LINCOSAMIDE/MACROLIDE/STREPTOGRAMIN	AZITHROMYCIN/CLINDAMYCIN/ERYTHROMYCIN/LINCOMYCIN/STREPTOGRAMIN B/TYLOSIN	BLASTX	100.0	98.94	WP_063844894.1	C	1760	C	Actinomycetes	1719
SRR17140478	non-PMA	F7_S3	F7_S3	F7	S3	Exercise platform	k141_54173	erm(X)	23S rRNA (adenine(2058)-N(6))-methyltransferase Erm(X)	LINCOSAMIDE/MACROLIDE/STREPTOGRAMIN	AZITHROMYCIN/CLINDAMYCIN/ERYTHROMYCIN/LINCOMYCIN/STREPTOGRAMIN B/TYLOSIN	BLASTX	100.0	99.65	WP_011117480.1	C	1716	G	Corynebacterium	5510
SRR17140478	non-PMA	F7_S3	F7_S3	F7	S3	Exercise platform	k141_55300	blaR1	beta-lactam sensor/signal transducer BlaR1	BETA-LACTAM	BETA-LACTAM	BLASTX	99.32	91.39	WP_001096386.1	C	1279	G	Staphylococcus	2371
SRR17140478	non-PMA	F7_S3	F7_S3	F7	S3	Exercise platform	k141_55300	blaI	penicillinase repressor BlaI	BETA-LACTAM	BETA-LACTAM	BLASTX	100.0	99.21	WP_001284656.1	C	1279	G	Staphylococcus	2371
SRR17140478	non-PMA	F7_S3	F7_S3	F7	S3	Exercise platform	k141_59792	tet(K)	tetracycline efflux MFS transporter Tet(K)	TETRACYCLINE	TETRACYCLINE	EXACTX	100.0	100.0	WP_000492283.1	C	90964	F	Staphylococcaceae	6126
SRR17140478	non-PMA	F7_S3	F7_S3	F7	S3	Exercise platform	k141_62601	qacG	quaternary ammonium compound efflux SMR transporter QacG	QUATERNARY AMMONIUM	QUATERNARY AMMONIUM	BLASTX	100.0	98.13	WP_015740450.1	C	1279	G	Staphylococcus	2357
SRR17140478	non-PMA	F7_S3	F7_S3	F7	S3	Exercise platform	k141_63929	erm(A)	23S rRNA (adenine(2058)-N(6))-methyltransferase Erm(A)	LINCOSAMIDE/MACROLIDE	AZITHROMYCIN/CLARITHROMYCIN/CLINDAMYCIN/ERYTHROMYCIN/TELITHROMYCIN	PARTIAL_CONTIG_ENDX	80.66	100.0	WP_000810833.1	C	1239	P	Bacillota	808
SRR17140478	non-PMA	F7_S3	F7_S3	F7	S3	Exercise platform	k141_6417	fosD	fosfomycin resistance bacillithiol transferase FosD	FOSFOMYCIN	FOSFOMYCIN	PARTIAL_CONTIG_ENDX	58.27	100.0	WP_000616116.1	C	90964	F	Staphylococcaceae	742
SRR17140478	non-PMA	F7_S3	F7_S3	F7	S3	Exercise platform	k141_66658	dfrG	trimethoprim-resistant dihydrofolate reductase DfrG	TRIMETHOPRIM	TRIMETHOPRIM	EXACTX	100.0	100.0	WP_000868795.1	C	1283	S	Staphylococcus haemolyticus	38742
SRR17140478	non-PMA	F7_S3	F7_S3	F7	S3	Exercise platform	k141_69045	lnu(A)	lincosamide nucleotidyltransferase Lnu(A)	LINCOSAMIDE	LINCOSAMIDE	BLASTX	100.0	96.89	WP_011645013.1	C	1279	G	Staphylococcus	3880
SRR17140478	non-PMA	F7_S3	F7_S3	F7	S3	Exercise platform	k141_71885	blaZ	penicillin-hydrolyzing class A beta-lactamase BlaZ	BETA-LACTAM	BETA-LACTAM	PARTIAL_CONTIG_ENDX	76.51	96.74	WP_000733281.1	C	1279	G	Staphylococcus	903
SRR17140478	non-PMA	F7_S3	F7_S3	F7	S3	Exercise platform	k141_74859	mecR1	beta-lactam sensor/signal transducer MecR1	BETA-LACTAM	METHICILLIN	PARTIAL_CONTIG_ENDX	50.09	100.0	WP_000952923.1	C	90964	F	Staphylococcaceae	1460
SRR17140478	non-PMA	F7_S3	F7_S3	F7	S3	Exercise platform	k141_74859	mecI	mecA-type methicillin resistance repressor MecI	BETA-LACTAM	METHICILLIN	EXACTX	100.0	100.0	WP_000369214.1	C	90964	F	Staphylococcaceae	1460
SRR17140478	non-PMA	F7_S3	F7_S3	F7	S3	Exercise platform	k141_77797	fusB	fusidic acid resistance EF-G-binding protein FusB	FUSIDIC ACID	FUSIDIC ACID	EXACTX	100.0	100.0	WP_000855537.1	C	1282	S	Staphylococcus epidermidis	12271
SRR17140478	non-PMA	F7_S3	F7_S3	F7	S3	Exercise platform	k141_78257	lnu(A)	lincosamide nucleotidyltransferase Lnu(A)	LINCOSAMIDE	LINCOSAMIDE	BLASTX	100.0	96.27	WP_011645010.1	C	1279	G	Staphylococcus	2795
SRR17140478	non-PMA	F7_S3	F7_S3	F7	S3	Exercise platform	k141_78843	erm(F)	23S rRNA (adenine(2058)-N(6))-methyltransferase Erm(F)	LINCOSAMIDE/MACROLIDE/STREPTOGRAMIN	CLINDAMYCIN/MACROLIDE/STREPTOGRAMIN	PARTIAL_CONTIG_ENDX	65.79	99.43	WP_002682030.1	C	2	D	Bacteria	545
SRR17140478	non-PMA	F7_S3	F7_S3	F7	S3	Exercise platform	k141_79102	qacA	quaternary ammonium compound efflux MFS transporter QacA	QUATERNARY AMMONIUM	QUATERNARY AMMONIUM	BLASTX	100.0	99.42	WP_000622776.1	C	1290	S	Staphylococcus hominis	9455
SRR17140478	non-PMA	F7_S3	F7_S3	F7	S3	Exercise platform	k141_79723	aadD1	aminoglycoside O-nucleotidyltransferase ANT(4')-Ia	AMINOGLYCOSIDE	KANAMYCIN/TOBRAMYCIN	PARTIAL_CONTIG_ENDX	75.1	100.0	WP_001014230.1	C	2	D	Bacteria	4689
SRR17140478	non-PMA	F7_S3	F7_S3	F7	S3	Exercise platform	k141_79723	bleO	bleomycin binding protein	BLEOMYCIN	BLEOMYCIN	EXACTX	100.0	100.0	WP_001242578.1	C	2	D	Bacteria	4689
SRR17140478	non-PMA	F7_S3	F7_S3	F7	S3	Exercise platform	k141_9748	blaZ	penicillin-hydrolyzing class A beta-lactamase BlaZ	BETA-LACTAM	BETA-LACTAM	PARTIAL_CONTIG_ENDX	69.4	98.97	WP_000733274.1	C	1385	O	Bacillales	587
SRR17140480	non-PMA	F7_S2	F7_S2	F7	S2	Waste compartment	k141_100396	sat4	streptothricin N-acetyltransferase Sat4	STREPTOTHRICIN	STREPTOTHRICIN	PARTIALX	73.89	100.0	WP_000627290.1	C	301301	S	Roseburia hominis	559
SRR17140480	non-PMA	F7_S2	F7_S2	F7	S2	Waste compartment	k141_100634	erm(B)	23S rRNA (adenine(2058)-N(6))-methyltransferase Erm(B)	LINCOSAMIDE/MACROLIDE/STREPTOGRAMIN	CLINDAMYCIN/ERYTHROMYCIN/STREPTOGRAMIN B	EXACTX	100.0	100.0	WP_001038795.1	C	1239	P	Bacillota	3754
SRR17140480	non-PMA	F7_S2	F7_S2	F7	S2	Waste compartment	k141_102559	blaMUN	MUN family extended-spectrum class A beta-lactamase	BETA-LACTAM	CEPHALOSPORIN	PARTIAL_CONTIG_ENDX	61.59	100.0	WP_206340447.1	C	171549	O	Bacteroidales	1001
SRR17140480	non-PMA	F7_S2	F7_S2	F7	S2	Waste compartment	k141_105859	tet(O)	tetracycline resistance ribosomal protection protein Tet(O)	TETRACYCLINE	TETRACYCLINE	BLASTX	100.0	99.53	WP_044666383.1	C	2	D	Bacteria	2409
SRR17140480	non-PMA	F7_S2	F7_S2	F7	S2	Waste compartment	k141_105869	tet(X2)	tetracycline-inactivating monooxygenase Tet(X2)	TETRACYCLINE	TIGECYCLINE	PARTIAL_CONTIG_ENDX	61.86	100.0	WP_008651082.1	C	2	D	Bacteria	1284
SRR17140480	non-PMA	F7_S2	F7_S2	F7	S2	Waste compartment	k141_107264	tet(M)	tetracycline resistance ribosomal protection protein Tet(M)	TETRACYCLINE	TETRACYCLINE	EXACTX	100.0	100.0	WP_000691736.1	C	2	D	Bacteria	6145
SRR17140480	non-PMA	F7_S2	F7_S2	F7	S2	Waste compartment	k141_107492	tet(K)	tetracycline efflux MFS transporter Tet(K)	TETRACYCLINE	TETRACYCLINE	PARTIAL_CONTIG_ENDX	61.87	99.65	WP_000492283.1	C	90964	F	Staphylococcaceae	855
SRR17140480	non-PMA	F7_S2	F7_S2	F7	S2	Waste compartment	k141_110747	lnu(A)	lincosamide nucleotidyltransferase Lnu(A)	LINCOSAMIDE	LINCOSAMIDE	BLASTX	100.0	99.38	WP_001829870.1	C	1279	G	Staphylococcus	1052
SRR17140480	non-PMA	F7_S2	F7_S2	F7	S2	Waste compartment	k141_110761	lnu(A)	lincosamide nucleotidyltransferase Lnu(A)	LINCOSAMIDE	LINCOSAMIDE	EXACTX	100.0	100.0	WP_000700648.1	C	1279	G	Staphylococcus	1051
SRR17140480	non-PMA	F7_S2	F7_S2	F7	S2	Waste compartment	k141_111250	lnu(C)	lincosamide nucleotidyltransferase Lnu(C)	LINCOSAMIDE	LINCOSAMIDE	BLASTX	100.0	98.17	WP_063851341.1	C	2	D	Bacteria	2288
SRR17140480	non-PMA	F7_S2	F7_S2	F7	S2	Waste compartment	k141_114093	aac(6')-Ie/aph(2'')-Ia	bifunctional aminoglycoside N-acetyltransferase AAC(6')-Ie/aminoglycoside O-phosphotransferase APH(2'')-Ia	AMINOGLYCOSIDE	AMIKACIN/GENTAMICIN/KANAMYCIN/TOBRAMYCIN	EXACTX	100.0	100.0	WP_001028144.1	C	1239	P	Bacillota	5174
SRR17140480	non-PMA	F7_S2	F7_S2	F7	S2	Waste compartment	k141_115499	erm(X)	23S rRNA (adenine(2058)-N(6))-methyltransferase Erm(X)	LINCOSAMIDE/MACROLIDE/STREPTOGRAMIN	AZITHROMYCIN/CLINDAMYCIN/ERYTHROMYCIN/LINCOMYCIN/STREPTOGRAMIN B/TYLOSIN	BLASTX	100.0	97.89	WP_011117480.1	C	1716	G	Corynebacterium	8289
SRR17140480	non-PMA	F7_S2	F7_S2	F7	S2	Waste compartment	k141_116250	blaI	penicillinase repressor BlaI	BETA-LACTAM	BETA-LACTAM	BLASTX	93.65	99.15	WP_001284656.1	C	1385	O	Bacillales	610
SRR17140480	non-PMA	F7_S2	F7_S2	F7	S2	Waste compartment	k141_120014	erm(A)	23S rRNA (adenine(2058)-N(6))-methyltransferase Erm(A)	LINCOSAMIDE/MACROLIDE	AZITHROMYCIN/CLARITHROMYCIN/CLINDAMYCIN/ERYTHROMYCIN/TELITHROMYCIN	EXACTX	100.0	100.0	WP_000810833.1	C	1239	P	Bacillota	4987
SRR17140480	non-PMA	F7_S2	F7_S2	F7	S2	Waste compartment	k141_120491	qacA	quaternary ammonium compound efflux MFS transporter QacA	QUATERNARY AMMONIUM	QUATERNARY AMMONIUM	BLASTX	100.0	99.42	WP_000622776.1	C	1279	G	Staphylococcus	5727
SRR17140480	non-PMA	F7_S2	F7_S2	F7	S2	Waste compartment	k141_120491	mph(C)	Mph(C) family macrolide 2'-phosphotransferase	MACROLIDE	ERYTHROMYCIN/SPIRAMYCIN/TELITHROMYCIN	EXACTX	100.0	100.0	WP_000196697.1	C	1279	G	Staphylococcus	5727
SRR17140480	non-PMA	F7_S2	F7_S2	F7	S2	Waste compartment	k141_128441	cfxA5	broad-spectrum class A beta-lactamase CfxA5	BETA-LACTAM	CEPHALOSPORIN	PARTIAL_CONTIG_ENDX	56.07	100.0	WP_032946415.1	C	976	P	Bacteroidota	541
SRR17140480	non-PMA	F7_S2	F7_S2	F7	S2	Waste compartment	k141_130438	qacC	quaternary ammonium compound efflux SMR transporter QacC	QUATERNARY AMMONIUM	QUATERNARY AMMONIUM	EXACTX	100.0	100.0	WP_001146389.1	C	1280	S	Staphylococcus aureus	2159
SRR17140480	non-PMA	F7_S2	F7_S2	F7	S2	Waste compartment	k141_16319	aph(3')-IIIa	aminoglycoside O-phosphotransferase APH(3')-IIIa	AMINOGLYCOSIDE	AMIKACIN/KANAMYCIN	BLASTX	99.62	100.0	WP_001096887.1	C	2	D	Bacteria	1084
SRR17140480	non-PMA	F7_S2	F7_S2	F7	S2	Waste compartment	k141_18280	tet(40)	tetracycline efflux MFS transporter Tet(40)	TETRACYCLINE	TETRACYCLINE	PARTIALX	59.36	99.17	WP_009247026.1	C	1239	P	Bacillota	1528
SRR17140480	non-PMA	F7_S2	F7_S2	F7	S2	Waste compartment	k141_20792	cmx	chloramphenicol efflux MFS transporter Cmx	PHENICOL	CHLORAMPHENICOL	EXACTX	100.0	100.0	WP_005297378.1	C	2763010	S	Corynebacterium lujinxingii	14575
SRR17140480	non-PMA	F7_S2	F7_S2	F7	S2	Waste compartment	k141_23755	vga(A)	ABC-F type ribosomal protection protein Vga(A)	LINCOSAMIDE	LINCOSAMIDE	EXACTX	100.0	100.0	WP_002440627.1	C	1282	S	Staphylococcus epidermidis	2149
SRR17140480	non-PMA	F7_S2	F7_S2	F7	S2	Waste compartment	k141_31688	tet(32)	tetracycline resistance ribosomal protection protein Tet(32)	TETRACYCLINE	TETRACYCLINE	BLASTX	100.0	99.69	WP_002602099.1	C	2	D	Bacteria	3404
SRR17140480	non-PMA	F7_S2	F7_S2	F7	S2	Waste compartment	k141_33101	fosB	FosB family fosfomycin resistance bacillithiol transferase	FOSFOMYCIN	FOSFOMYCIN	BLASTX	100.0	97.89	WP_002437790.1	C	1282	S	Staphylococcus epidermidis	17976
SRR17140480	non-PMA	F7_S2	F7_S2	F7	S2	Waste compartment	k141_34011	aph(2'')-If	aminoglycoside O-phosphotransferase APH(2'')-If	AMINOGLYCOSIDE	AMIKACIN/GENTAMICIN/KANAMYCIN/TOBRAMYCIN	PARTIAL_CONTIG_ENDX	67.34	100.0	WP_021424053.1	C	2	D	Bacteria	641
SRR17140480	non-PMA	F7_S2	F7_S2	F7	S2	Waste compartment	k141_35704	tet(L)	tetracycline efflux MFS transporter Tet(L)	TETRACYCLINE	TETRACYCLINE	PARTIALX	62.88	97.57	WP_001574277.1	C	2	D	Bacteria	2024
SRR17140480	non-PMA	F7_S2	F7_S2	F7	S2	Waste compartment	k141_45463	msr(A)	ABC-F type ribosomal protection protein Msr(A)	MACROLIDE/STREPTOGRAMIN	ERYTHROMYCIN/STREPTOGRAMIN B	BLASTX	100.0	99.8	WP_000438874.1	C	1279	G	Staphylococcus	2107
SRR17140480	non-PMA	F7_S2	F7_S2	F7	S2	Waste compartment	k141_45850	vanD	D-alanine--(R)-lactate ligase VanD	GLYCOPEPTIDE	VANCOMYCIN	PARTIAL_CONTIG_ENDX	60.35	94.69	WP_063856693.1	C	1796616	S	Blautia pseudococcoides	623
SRR17140480	non-PMA	F7_S2	F7_S2	F7	S2	Waste compartment	k141_46296	mef(A)	macrolide efflux MFS transporter Mef(A)	MACROLIDE	AZITHROMYCIN/ERYTHROMYCIN	BLASTX	100.0	99.51	WP_012102963.1	C	437897	S	Megamonas funiformis	20520
SRR17140480	non-PMA	F7_S2	F7_S2	F7	S2	Waste compartment	k141_46831	tet(Q)	tetracycline resistance ribosomal protection protein Tet(Q)	TETRACYCLINE	TETRACYCLINE	PARTIAL_CONTIG_ENDX	78.47	99.6	WP_063856407.1	C	976	P	Bacteroidota	5431
SRR17140480	non-PMA	F7_S2	F7_S2	F7	S2	Waste compartment	k141_47725	blaI	penicillinase repressor BlaI	BETA-LACTAM	BETA-LACTAM	BLASTX	100.0	96.03	WP_001284656.1	C	1282	S	Staphylococcus epidermidis	17959
SRR17140480	non-PMA	F7_S2	F7_S2	F7	S2	Waste compartment	k141_47725	blaZ	penicillin-hydrolyzing class A beta-lactamase BlaZ	BETA-LACTAM	BETA-LACTAM	BLASTX	100.0	94.66	WP_000733281.1	C	1282	S	Staphylococcus epidermidis	17959
SRR17140480	non-PMA	F7_S2	F7_S2	F7	S2	Waste compartment	k141_50280	aph(3')-Ia	aminoglycoside O-phosphotransferase APH(3')-Ia	AMINOGLYCOSIDE	KANAMYCIN	EXACTX	100.0	100.0	WP_000018326.1	C	2	D	Bacteria	1642
SRR17140480	non-PMA	F7_S2	F7_S2	F7	S2	Waste compartment	k141_68020	blaR1	beta-lactam sensor/signal transducer BlaR1	BETA-LACTAM	BETA-LACTAM	PARTIAL_CONTIG_ENDX	76.07	98.88	WP_001096392.1	C	1279	G	Staphylococcus	1338
SRR17140480	non-PMA	F7_S2	F7_S2	F7	S2	Waste compartment	k141_72610	erm(X)	23S rRNA (adenine(2058)-N(6))-methyltransferase Erm(X)	LINCOSAMIDE/MACROLIDE/STREPTOGRAMIN	AZITHROMYCIN/CLINDAMYCIN/ERYTHROMYCIN/LINCOMYCIN/STREPTOGRAMIN B/TYLOSIN	PARTIAL_CONTIG_ENDX	57.04	98.77	WP_063844894.1	C	1760	C	Actinomycetes	3445
SRR17140480	non-PMA	F7_S2	F7_S2	F7	S2	Waste compartment	k141_81624	aph(2'')-IIa	aminoglycoside O-phosphotransferase APH(2'')-IIa	AMINOGLYCOSIDE	AMIKACIN/GENTAMICIN/KANAMYCIN/TOBRAMYCIN	PARTIAL_CONTIG_ENDX	52.51	100.0	WP_063840674.1	C	2	D	Bacteria	1001
SRR17140480	non-PMA	F7_S2	F7_S2	F7	S2	Waste compartment	k141_82924	aadE	aminoglycoside 6-adenylyltransferase AadE	AMINOGLYCOSIDE	STREPTOMYCIN	EXACTX	100.0	100.0	WP_001255868.1	C	1496	S	Clostridioides difficile	3612
SRR17140480	non-PMA	F7_S2	F7_S2	F7	S2	Waste compartment	k141_8391	tet(W)	tetracycline resistance ribosomal protection protein Tet(W)	TETRACYCLINE	TETRACYCLINE	EXACTX	100.0	100.0	WP_002586627.1	C	2	D	Bacteria	4450
SRR17140480	non-PMA	F7_S2	F7_S2	F7	S2	Waste compartment	k141_83985	dfrF	trimethoprim-resistant dihydrofolate reductase DfrF	TRIMETHOPRIM	TRIMETHOPRIM	EXACTX	100.0	100.0	WP_002322211.1	C	1239	P	Bacillota	1151
SRR17140480	non-PMA	F7_S2	F7_S2	F7	S2	Waste compartment	k141_93463	erm(C)	23S rRNA (adenine(2058)-N(6))-methyltransferase Erm(C)	LINCOSAMIDE/MACROLIDE/STREPTOGRAMIN	CLINDAMYCIN/ERYTHROMYCIN/STREPTOGRAMIN B/TYLOSIN	EXACTX	100.0	100.0	WP_001003263.1	C	91061	C	Bacilli	2293
SRR17140480	non-PMA	F7_S2	F7_S2	F7	S2	Waste compartment	k141_99709	lnu(AN2)	lincosamide nucleotidyltransferase Lnu(AN2)	LINCOSAMIDE	LINCOSAMIDE	BLASTX	100.0	99.41	WP_004308783.1	C	976	P	Bacteroidota	954
SRR17140483	non-PMA	F7_S1	F7_S1	F7	S1	Cupola	k141_12581	aadD1	aminoglycoside O-nucleotidyltransferase ANT(4')-Ia	AMINOGLYCOSIDE	KANAMYCIN/TOBRAMYCIN	EXACTX	100.0	100.0	WP_001014230.1	C	2	D	Bacteria	1003
SRR17140483	non-PMA	F7_S1	F7_S1	F7	S1	Cupola	k141_13717	msr(A)	ABC-F type ribosomal protection protein Msr(A)	MACROLIDE/STREPTOGRAMIN	ERYTHROMYCIN/STREPTOGRAMIN B	BLASTX	100.0	99.8	WP_000438874.1	C	1279	G	Staphylococcus	4005
SRR17140483	non-PMA	F7_S1	F7_S1	F7	S1	Cupola	k141_13717	mph(C)	Mph(C) family macrolide 2'-phosphotransferase	MACROLIDE	ERYTHROMYCIN/SPIRAMYCIN/TELITHROMYCIN	EXACTX	100.0	100.0	WP_000196697.1	C	1279	G	Staphylococcus	4005
SRR17140483	non-PMA	F7_S1	F7_S1	F7	S1	Cupola	k141_16381	fosB	FosB family fosfomycin resistance bacillithiol transferase	FOSFOMYCIN	FOSFOMYCIN	BLASTX	100.0	97.18	WP_002437790.1	C	1282	S	Staphylococcus epidermidis	4721
SRR17140483	non-PMA	F7_S1	F7_S1	F7	S1	Cupola	k141_17182	vga(A)	ABC-F type ribosomal protection protein Vga(A)	LINCOSAMIDE	LINCOSAMIDE	BLASTX	100.0	99.23	WP_002440627.1	C	1282	S	Staphylococcus epidermidis	2928
SRR17140483	non-PMA	F7_S1	F7_S1	F7	S1	Cupola	k141_19480	blaZ	penicillin-hydrolyzing class A beta-lactamase BlaZ	BETA-LACTAM	BETA-LACTAM	BLASTX	100.0	94.31	WP_000733281.1	C	1279	G	Staphylococcus	1464
SRR17140483	non-PMA	F7_S1	F7_S1	F7	S1	Cupola	k141_20126	mecA	PBP2a family beta-lactam-resistant peptidoglycan transpeptidase MecA	BETA-LACTAM	METHICILLIN	PARTIAL_CONTIG_ENDX	63.62	100.0	WP_000721309.1	C	90964	F	Staphylococcaceae	1277
SRR17140483	non-PMA	F7_S1	F7_S1	F7	S1	Cupola	k141_20716	aph(3'')-Ib	aminoglycoside O-phosphotransferase APH(3'')-Ib	AMINOGLYCOSIDE	STREPTOMYCIN	PARTIAL_CONTIG_ENDX	87.27	99.57	WP_001082319.1	C	2	D	Bacteria	1206
SRR17140483	non-PMA	F7_S1	F7_S1	F7	S1	Cupola	k141_21029	msr(D)	ABC-F type ribosomal protection protein Msr(D)	MACROLIDE/STREPTOGRAMIN	AZITHROMYCIN/ERYTHROMYCIN/STREPTOGRAMIN B	EXACTX	100.0	100.0	WP_000420313.1	C	2	D	Bacteria	3452
SRR17140483	non-PMA	F7_S1	F7_S1	F7	S1	Cupola	k141_21517	lnu(A)	lincosamide nucleotidyltransferase Lnu(A)	LINCOSAMIDE	LINCOSAMIDE	EXACTX	100.0	100.0	WP_000700648.1	C	90964	F	Staphylococcaceae	1000
SRR17140483	non-PMA	F7_S1	F7_S1	F7	S1	Cupola	k141_22662	aph(6)-Id	aminoglycoside O-phosphotransferase APH(6)-Id	AMINOGLYCOSIDE	STREPTOMYCIN	EXACTX	100.0	100.0	WP_000480968.1	C	2	D	Bacteria	1008
SRR17140483	non-PMA	F7_S1	F7_S1	F7	S1	Cupola	k141_24468	erm(X)	23S rRNA (adenine(2058)-N(6))-methyltransferase Erm(X)	LINCOSAMIDE/MACROLIDE/STREPTOGRAMIN	AZITHROMYCIN/CLINDAMYCIN/ERYTHROMYCIN/LINCOMYCIN/STREPTOGRAMIN B/TYLOSIN	PARTIAL_CONTIG_ENDX	88.03	99.6	WP_011117480.1	C	1760	C	Actinomycetes	1419
SRR17140483	non-PMA	F7_S1	F7_S1	F7	S1	Cupola	k141_24883	erm(X)	23S rRNA (adenine(2058)-N(6))-methyltransferase Erm(X)	LINCOSAMIDE/MACROLIDE/STREPTOGRAMIN	AZITHROMYCIN/CLINDAMYCIN/ERYTHROMYCIN/LINCOMYCIN/STREPTOGRAMIN B/TYLOSIN	PARTIAL_CONTIG_ENDX	88.03	98.8	WP_063844894.1	C	1760	C	Actinomycetes	947
SRR17140483	non-PMA	F7_S1	F7_S1	F7	S1	Cupola	k141_24938	blaZ	penicillin-hydrolyzing class A beta-lactamase BlaZ	BETA-LACTAM	BETA-LACTAM	PARTIAL_CONTIG_ENDX	86.48	99.59	WP_000733274.1	C	1279	G	Staphylococcus	1127
SRR17140483	non-PMA	F7_S1	F7_S1	F7	S1	Cupola	k141_28896	lnu(A)	lincosamide nucleotidyltransferase Lnu(A)	LINCOSAMIDE	LINCOSAMIDE	PARTIAL_CONTIG_ENDX	80.12	100.0	WP_011428879.1	C	2	D	Bacteria	958
SRR17140483	non-PMA	F7_S1	F7_S1	F7	S1	Cupola	k141_3123	cmx	chloramphenicol efflux MFS transporter Cmx	PHENICOL	CHLORAMPHENICOL	EXACTX	100.0	100.0	WP_005297378.1	C	2	D	Bacteria	2970
SRR17140483	non-PMA	F7_S1	F7_S1	F7	S1	Cupola	k141_31377	aac(6')-Ie/aph(2'')-Ia	bifunctional aminoglycoside N-acetyltransferase AAC(6')-Ie/aminoglycoside O-phosphotransferase APH(2'')-Ia	AMINOGLYCOSIDE	AMIKACIN/GENTAMICIN/KANAMYCIN/TOBRAMYCIN	BLASTX	94.57	100.0	WP_001028144.1	C	2	D	Bacteria	1455
SRR17140483	non-PMA	F7_S1	F7_S1	F7	S1	Cupola	k141_33602	aph(3')-Ia	aminoglycoside O-phosphotransferase APH(3')-Ia	AMINOGLYCOSIDE	KANAMYCIN	EXACTX	100.0	100.0	WP_000018326.1	C	2	D	Bacteria	2598
SRR17140483	non-PMA	F7_S1	F7_S1	F7	S1	Cupola	k141_33800	catA	type A-8 chloramphenicol O-acetyltransferase	PHENICOL	CHLORAMPHENICOL	EXACTX	100.0	100.0	WP_000143686.1	C	1385	O	Bacillales	1827
SRR17140483	non-PMA	F7_S1	F7_S1	F7	S1	Cupola	k141_34674	blaR1	beta-lactam sensor/signal transducer BlaR1	BETA-LACTAM	BETA-LACTAM	PARTIAL_CONTIG_ENDX	82.56	98.34	WP_001096376.1	C	90964	F	Staphylococcaceae	2527
SRR17140483	non-PMA	F7_S1	F7_S1	F7	S1	Cupola	k141_34674	blaI	penicillinase repressor BlaI	BETA-LACTAM	BETA-LACTAM	BLASTX	100.0	99.21	WP_001284656.1	C	90964	F	Staphylococcaceae	2527
SRR17140483	non-PMA	F7_S1	F7_S1	F7	S1	Cupola	k141_36175	qacA	quaternary ammonium compound efflux MFS transporter QacA	QUATERNARY AMMONIUM	QUATERNARY AMMONIUM	EXACTX	100.0	100.0	WP_000622776.1	C	1290	S	Staphylococcus hominis	11010
SRR17140483	non-PMA	F7_S1	F7_S1	F7	S1	Cupola	k141_37923	lnu(A)	lincosamide nucleotidyltransferase Lnu(A)	LINCOSAMIDE	LINCOSAMIDE	EXACTX	100.0	100.0	WP_011645010.1	C	1280	S	Staphylococcus aureus	819
SRR17140483	non-PMA	F7_S1	F7_S1	F7	S1	Cupola	k141_39123	erm(C)	23S rRNA (adenine(2058)-N(6))-methyltransferase Erm(C)	LINCOSAMIDE/MACROLIDE/STREPTOGRAMIN	CLINDAMYCIN/ERYTHROMYCIN/STREPTOGRAMIN B/TYLOSIN	EXACTX	100.0	100.0	WP_001003263.1	C	91061	C	Bacilli	1802
SRR17140483	non-PMA	F7_S1	F7_S1	F7	S1	Cupola	k141_39360	mecI	mecA-type methicillin resistance repressor MecI	BETA-LACTAM	METHICILLIN	PARTIAL_CONTIG_ENDX	52.85	100.0	WP_000369214.1	C	90964	F	Staphylococcaceae	804
SRR17140483	non-PMA	F7_S1	F7_S1	F7	S1	Cupola	k141_39510	catA	type A-7 chloramphenicol O-acetyltransferase	PHENICOL	CHLORAMPHENICOL	EXACTX	100.0	100.0	WP_002489529.1	C	1279	G	Staphylococcus	4448
SRR17140483	non-PMA	F7_S1	F7_S1	F7	S1	Cupola	k141_39516	tet(K)	tetracycline efflux MFS transporter Tet(K)	TETRACYCLINE	TETRACYCLINE	EXACTX	100.0	100.0	WP_000492283.1	C	2	D	Bacteria	4580
SRR17140483	non-PMA	F7_S1	F7_S1	F7	S1	Cupola	k141_4177	blaI	penicillinase repressor BlaI	BETA-LACTAM	BETA-LACTAM	BLASTX	100.0	96.03	WP_001284656.1	C	1279	G	Staphylococcus	2801
SRR17140483	non-PMA	F7_S1	F7_S1	F7	S1	Cupola	k141_4611	tet(M)	tetracycline resistance ribosomal protection protein Tet(M)	TETRACYCLINE	TETRACYCLINE	PARTIAL_CONTIG_ENDX	64.48	99.76	WP_043029018.1	C	2	D	Bacteria	3721
SRR17140483	non-PMA	F7_S1	F7_S1	F7	S1	Cupola	k141_7349	fusB	fusidic acid resistance EF-G-binding protein FusB	FUSIDIC ACID	FUSIDIC ACID	EXACTX	100.0	100.0	WP_000855537.1	C	1279	G	Staphylococcus	2889
SRR17140483	non-PMA	F7_S1	F7_S1	F7	S1	Cupola	k141_7455	qacG	quaternary ammonium compound efflux SMR transporter QacG	QUATERNARY AMMONIUM	QUATERNARY AMMONIUM	BLASTX	100.0	98.13	WP_015740450.1	C	1279	G	Staphylococcus	5108
SRR17140483	non-PMA	F7_S1	F7_S1	F7	S1	Cupola	k141_7871	fosB	FosB family fosfomycin resistance bacillithiol transferase	FOSFOMYCIN	FOSFOMYCIN	PARTIAL_CONTIG_ENDX	89.44	96.85	WP_002437790.1	C	1282	S	Staphylococcus epidermidis	736
SRR17140483	non-PMA	F7_S1	F7_S1	F7	S1	Cupola	k141_8723	erm(A)	23S rRNA (adenine(2058)-N(6))-methyltransferase Erm(A)	LINCOSAMIDE/MACROLIDE	AZITHROMYCIN/CLARITHROMYCIN/CLINDAMYCIN/ERYTHROMYCIN/TELITHROMYCIN	PARTIAL_CONTIG_ENDX	89.3	100.0	WP_000810833.1	C	1239	P	Bacillota	678
SRR17140486	non-PMA	F4_S1	F4_S1	F4	S1	Cupola	k141_11634	fosB	FosB family fosfomycin resistance bacillithiol transferase	FOSFOMYCIN	FOSFOMYCIN	BLASTX	100.0	95.77	WP_002437790.1	C	1282	S	Staphylococcus epidermidis	1621
SRR17140486	non-PMA	F4_S1	F4_S1	F4	S1	Cupola	k141_13030	fusF	fusidic acid resistance EF-G-binding protein FusF	FUSIDIC ACID	FUSIDIC ACID	PARTIALX	60.28	98.45	WP_063851267.1	C	29382	S	Staphylococcus cohnii	6083
SRR17140486	non-PMA	F4_S1	F4_S1	F4	S1	Cupola	k141_13276	erm(X)	23S rRNA (adenine(2058)-N(6))-methyltransferase Erm(X)	LINCOSAMIDE/MACROLIDE/STREPTOGRAMIN	AZITHROMYCIN/CLINDAMYCIN/ERYTHROMYCIN/LINCOMYCIN/STREPTOGRAMIN B/TYLOSIN	BLASTX	100.0	98.24	WP_011117480.1	C	1760	C	Actinomycetes	1588
SRR17140486	non-PMA	F4_S1	F4_S1	F4	S1	Cupola	k141_2934	lnu(A)	lincosamide nucleotidyltransferase Lnu(A)	LINCOSAMIDE	LINCOSAMIDE	PARTIAL_CONTIG_ENDX	73.91	100.0	WP_011428879.1	C	2	D	Bacteria	2541
SRR17140486	non-PMA	F4_S1	F4_S1	F4	S1	Cupola	k141_3683	erm(X)	23S rRNA (adenine(2058)-N(6))-methyltransferase Erm(X)	LINCOSAMIDE/MACROLIDE/STREPTOGRAMIN	AZITHROMYCIN/CLINDAMYCIN/ERYTHROMYCIN/LINCOMYCIN/STREPTOGRAMIN B/TYLOSIN	PARTIAL_CONTIG_ENDX	67.61	98.96	WP_063844894.1	C	1760	C	Actinomycetes	821
SRR17140486	non-PMA	F4_S1	F4_S1	F4	S1	Cupola	k141_4018	aadD1	aminoglycoside O-nucleotidyltransferase ANT(4')-Ia	AMINOGLYCOSIDE	KANAMYCIN/TOBRAMYCIN	PARTIAL_CONTIG_ENDX	66.01	100.0	WP_001014230.1	C	2	D	Bacteria	1536
SRR17140486	non-PMA	F4_S1	F4_S1	F4	S1	Cupola	k141_4018	bleO	bleomycin binding protein	BLEOMYCIN	BLEOMYCIN	EXACTX	100.0	100.0	WP_001242578.1	C	2	D	Bacteria	1536
SRR17140486	non-PMA	F4_S1	F4_S1	F4	S1	Cupola	k141_4325	qacC	quaternary ammonium compound efflux SMR transporter QacC	QUATERNARY AMMONIUM	QUATERNARY AMMONIUM	EXACTX	100.0	100.0	WP_001146389.1	C	1279	G	Staphylococcus	1604
SRR17140486	non-PMA	F4_S1	F4_S1	F4	S1	Cupola	k141_4835	catA	type A-8 chloramphenicol O-acetyltransferase	PHENICOL	CHLORAMPHENICOL	EXACTX	100.0	100.0	WP_000143686.1	C	90964	F	Staphylococcaceae	4716
SRR17140486	non-PMA	F4_S1	F4_S1	F4	S1	Cupola	k141_50	blaI	penicillinase repressor BlaI	BETA-LACTAM	BETA-LACTAM	BLASTX	100.0	99.21	WP_001284656.1	C	2	D	Bacteria	610
SRR17140486	non-PMA	F4_S1	F4_S1	F4	S1	Cupola	k141_5265	msr(A)	ABC-F type ribosomal protection protein Msr(A)	MACROLIDE/STREPTOGRAMIN	ERYTHROMYCIN/STREPTOGRAMIN B	BLASTX	100.0	99.8	WP_000438874.1	C	1279	G	Staphylococcus	2505
SRR17140486	non-PMA	F4_S1	F4_S1	F4	S1	Cupola	k141_5593	tet(K)	tetracycline efflux MFS transporter Tet(K)	TETRACYCLINE	TETRACYCLINE	PARTIAL_CONTIG_ENDX	54.25	100.0	WP_000492283.1	C	1279	G	Staphylococcus	2351
SRR17140486	non-PMA	F4_S1	F4_S1	F4	S1	Cupola	k141_6380	mph(C)	Mph(C) family macrolide 2'-phosphotransferase	MACROLIDE	ERYTHROMYCIN/SPIRAMYCIN/TELITHROMYCIN	EXACTX	100.0	100.0	WP_000196697.1	C	1279	G	Staphylococcus	4555
SRR17140486	non-PMA	F4_S1	F4_S1	F4	S1	Cupola	k141_6998	lnu(A)	lincosamide nucleotidyltransferase Lnu(A)	LINCOSAMIDE	LINCOSAMIDE	PARTIAL_CONTIG_ENDX	87.58	99.29	WP_001829870.1	C	1279	G	Staphylococcus	2638
SRR17140486	non-PMA	F4_S1	F4_S1	F4	S1	Cupola	k141_7300	qacA	quaternary ammonium compound efflux MFS transporter QacA	QUATERNARY AMMONIUM	QUATERNARY AMMONIUM	EXACTX	100.0	100.0	WP_000622776.1	C	1279	G	Staphylococcus	3360
SRR17140486	non-PMA	F4_S1	F4_S1	F4	S1	Cupola	k141_7304	blaZ	penicillin-hydrolyzing class A beta-lactamase BlaZ	BETA-LACTAM	BETA-LACTAM	PARTIAL_CONTIG_ENDX	57.3	97.52	WP_000733274.1	C	1279	G	Staphylococcus	553
SRR17140486	non-PMA	F4_S1	F4_S1	F4	S1	Cupola	k141_8399	blaZ	penicillin-hydrolyzing class A beta-lactamase BlaZ	BETA-LACTAM	BETA-LACTAM	PARTIAL_CONTIG_ENDX	60.85	97.08	WP_000733281.1	C	1279	G	Staphylococcus	856
SRR17140486	non-PMA	F4_S1	F4_S1	F4	S1	Cupola	k141_9323	vga(A)	ABC-F type ribosomal protection protein Vga(A)	LINCOSAMIDE	LINCOSAMIDE	BLASTX	100.0	99.43	WP_032492560.1	C	1279	G	Staphylococcus	2136
SRR17140487	non-PMA	F5_S7	F5_S7	F5	S7	Lab overhead	k141_11489	blaZ	penicillin-hydrolyzing class A beta-lactamase BlaZ	BETA-LACTAM	BETA-LACTAM	BLASTX	100.0	93.95	WP_000733281.1	C	1279	G	Staphylococcus	3483
SRR17140487	non-PMA	F5_S7	F5_S7	F5	S7	Lab overhead	k141_11489	blaR1	beta-lactam sensor/signal transducer BlaR1	BETA-LACTAM	BETA-LACTAM	BLASTX	100.0	97.61	WP_001096386.1	C	1279	G	Staphylococcus	3483
SRR17140487	non-PMA	F5_S7	F5_S7	F5	S7	Lab overhead	k141_11489	blaI	penicillinase repressor BlaI	BETA-LACTAM	BETA-LACTAM	BLASTX	100.0	99.21	WP_001284656.1	C	1279	G	Staphylococcus	3483
SRR17140487	non-PMA	F5_S7	F5_S7	F5	S7	Lab overhead	k141_13163	mph(C)	Mph(C) family macrolide 2'-phosphotransferase	MACROLIDE	ERYTHROMYCIN/SPIRAMYCIN/TELITHROMYCIN	EXACTX	100.0	100.0	WP_000196697.1	C	1279	G	Staphylococcus	8822
SRR17140487	non-PMA	F5_S7	F5_S7	F5	S7	Lab overhead	k141_13163	msr(A)	ABC-F type ribosomal protection protein Msr(A)	MACROLIDE/STREPTOGRAMIN	ERYTHROMYCIN/STREPTOGRAMIN B	BLASTX	100.0	99.8	WP_000438874.1	C	1279	G	Staphylococcus	8822
SRR17140487	non-PMA	F5_S7	F5_S7	F5	S7	Lab overhead	k141_15672	mef(A)	macrolide efflux MFS transporter Mef(A)	MACROLIDE	AZITHROMYCIN/ERYTHROMYCIN	PARTIAL_CONTIG_ENDX	69.14	100.0	WP_000417519.1	C	2	D	Bacteria	1200
SRR17140487	non-PMA	F5_S7	F5_S7	F5	S7	Lab overhead	k141_15946	blaZ	penicillin-hydrolyzing class A beta-lactamase BlaZ	BETA-LACTAM	BETA-LACTAM	BLASTX	100.0	99.64	WP_000733274.1	C	1279	G	Staphylococcus	1590
SRR17140487	non-PMA	F5_S7	F5_S7	F5	S7	Lab overhead	k141_16077	aph(3')-IIIa	aminoglycoside O-phosphotransferase APH(3')-IIIa	AMINOGLYCOSIDE	AMIKACIN/KANAMYCIN	PARTIAL_CONTIG_ENDX	65.53	100.0	WP_001096887.1	C	2	D	Bacteria	578
SRR17140487	non-PMA	F5_S7	F5_S7	F5	S7	Lab overhead	k141_16305	qacA	quaternary ammonium compound efflux MFS transporter QacA	QUATERNARY AMMONIUM	QUATERNARY AMMONIUM	BLASTX	100.0	99.81	WP_000622776.1	C	1279	G	Staphylococcus	4143
SRR17140487	non-PMA	F5_S7	F5_S7	F5	S7	Lab overhead	k141_17481	aadD1	aminoglycoside O-nucleotidyltransferase ANT(4')-Ia	AMINOGLYCOSIDE	KANAMYCIN/TOBRAMYCIN	PARTIAL_CONTIG_ENDX	59.29	100.0	WP_001014230.1	C	1279	G	Staphylococcus	775
SRR17140487	non-PMA	F5_S7	F5_S7	F5	S7	Lab overhead	k141_2144	fosD	fosfomycin resistance bacillithiol transferase FosD	FOSFOMYCIN	FOSFOMYCIN	EXACTX	100.0	100.0	WP_000616116.1	C	2	D	Bacteria	695
SRR17140487	non-PMA	F5_S7	F5_S7	F5	S7	Lab overhead	k141_2563	tet(K)	tetracycline efflux MFS transporter Tet(K)	TETRACYCLINE	TETRACYCLINE	EXACTX	100.0	100.0	WP_000492283.1	C	2	D	Bacteria	4245
SRR17140487	non-PMA	F5_S7	F5_S7	F5	S7	Lab overhead	k141_2688	fusD	FusD family fusidic acid resistance EF-G-binding protein	FUSIDIC ACID	FUSIDIC ACID	BLASTX	100.0	98.12	WP_011303797.1	C	29385	S	Staphylococcus saprophyticus	2101
SRR17140487	non-PMA	F5_S7	F5_S7	F5	S7	Lab overhead	k141_4076	qacC	quaternary ammonium compound efflux SMR transporter QacC	QUATERNARY AMMONIUM	QUATERNARY AMMONIUM	EXACTX	100.0	100.0	WP_001146389.1	C	1279	G	Staphylococcus	2474
SRR17140487	non-PMA	F5_S7	F5_S7	F5	S7	Lab overhead	k141_4521	fosB	FosB family fosfomycin resistance bacillithiol transferase	FOSFOMYCIN	FOSFOMYCIN	BLASTX	100.0	95.77	WP_002437790.1	C	1282	S	Staphylococcus epidermidis	4948
SRR17140487	non-PMA	F5_S7	F5_S7	F5	S7	Lab overhead	k141_6157	catA	type A-7 chloramphenicol O-acetyltransferase	PHENICOL	CHLORAMPHENICOL	PARTIAL_CONTIG_ENDX	65.12	100.0	WP_002489529.1	C	90964	F	Staphylococcaceae	1072
SRR17140487	non-PMA	F5_S7	F5_S7	F5	S7	Lab overhead	k141_646	blaI	penicillinase repressor BlaI	BETA-LACTAM	BETA-LACTAM	BLASTX	93.65	94.92	WP_001284656.1	C	1282	S	Staphylococcus epidermidis	35110
SRR17140487	non-PMA	F5_S7	F5_S7	F5	S7	Lab overhead	k141_6726	erm(X)	23S rRNA (adenine(2058)-N(6))-methyltransferase Erm(X)	LINCOSAMIDE/MACROLIDE/STREPTOGRAMIN	AZITHROMYCIN/CLINDAMYCIN/ERYTHROMYCIN/LINCOMYCIN/STREPTOGRAMIN B/TYLOSIN	PARTIAL_CONTIG_ENDX	50.7	97.92	WP_063844894.1	C	1760	C	Actinomycetes	600
SRR17140487	non-PMA	F5_S7	F5_S7	F5	S7	Lab overhead	k141_740	vga(A)	ABC-F type ribosomal protection protein Vga(A)	LINCOSAMIDE	LINCOSAMIDE	EXACTX	100.0	100.0	WP_002440627.1	C	1282	S	Staphylococcus epidermidis	3460
SRR17140487	non-PMA	F5_S7	F5_S7	F5	S7	Lab overhead	k141_9141	erm(C)	23S rRNA (adenine(2058)-N(6))-methyltransferase Erm(C)	LINCOSAMIDE/MACROLIDE/STREPTOGRAMIN	CLINDAMYCIN/ERYTHROMYCIN/STREPTOGRAMIN B/TYLOSIN	EXACTX	100.0	100.0	WP_001003263.1	C	91061	C	Bacilli	2661
SRR17140489	non-PMA	F5_S6	F5_S6	F5	S6	PMM	k141_15994	erm(B)	23S rRNA (adenine(2058)-N(6))-methyltransferase Erm(B)	LINCOSAMIDE/MACROLIDE/STREPTOGRAMIN	CLINDAMYCIN/ERYTHROMYCIN/STREPTOGRAMIN B	BLASTX	100.0	99.18	WP_001038795.1	C	186803	F	Lachnospiraceae	3167
SRR17140489	non-PMA	F5_S6	F5_S6	F5	S6	PMM	k141_16323	catA	type A-8 chloramphenicol O-acetyltransferase	PHENICOL	CHLORAMPHENICOL	BLASTX	100.0	95.81	WP_000143686.1	C	91061	C	Bacilli	792
SRR17140489	non-PMA	F5_S6	F5_S6	F5	S6	PMM	k141_164	fosB	FosB family fosfomycin resistance bacillithiol transferase	FOSFOMYCIN	FOSFOMYCIN	PARTIAL_CONTIG_ENDX	50.0	95.77	WP_002437790.1	C	1282	S	Staphylococcus epidermidis	1113
SRR17140489	non-PMA	F5_S6	F5_S6	F5	S6	PMM	k141_18058	blaZ	penicillin-hydrolyzing class A beta-lactamase BlaZ	BETA-LACTAM	BETA-LACTAM	BLASTX	100.0	99.29	WP_000733274.1	C	1279	G	Staphylococcus	9810
SRR17140489	non-PMA	F5_S6	F5_S6	F5	S6	PMM	k141_18058	blaR1	beta-lactam sensor/signal transducer BlaR1	BETA-LACTAM	BETA-LACTAM	BLASTX	100.0	99.49	WP_001096392.1	C	1279	G	Staphylococcus	9810
SRR17140489	non-PMA	F5_S6	F5_S6	F5	S6	PMM	k141_18058	blaI	penicillinase repressor BlaI	BETA-LACTAM	BETA-LACTAM	BLASTX	100.0	99.21	WP_001284656.1	C	1279	G	Staphylococcus	9810
SRR17140489	non-PMA	F5_S6	F5_S6	F5	S6	PMM	k141_21146	tet(O)	tetracycline resistance ribosomal protection protein Tet(O)	TETRACYCLINE	TETRACYCLINE	BLASTX	100.0	99.69	WP_012669445.1	C	2	D	Bacteria	3017
SRR17140489	non-PMA	F5_S6	F5_S6	F5	S6	PMM	k141_22385	erm(F)	23S rRNA (adenine(2058)-N(6))-methyltransferase Erm(F)	LINCOSAMIDE/MACROLIDE/STREPTOGRAMIN	CLINDAMYCIN/MACROLIDE/STREPTOGRAMIN	PARTIAL_CONTIG_ENDX	66.92	99.44	WP_002682030.1	C	2	D	Bacteria	537
SRR17140489	non-PMA	F5_S6	F5_S6	F5	S6	PMM	k141_2360	cmx	chloramphenicol efflux MFS transporter Cmx	PHENICOL	CHLORAMPHENICOL	PARTIAL_CONTIG_ENDX	53.71	99.52	WP_005297378.1	C	2	D	Bacteria	907
SRR17140489	non-PMA	F5_S6	F5_S6	F5	S6	PMM	k141_24166	aadD1	aminoglycoside O-nucleotidyltransferase ANT(4')-Ia	AMINOGLYCOSIDE	KANAMYCIN/TOBRAMYCIN	PARTIAL_CONTIG_ENDX	72.73	100.0	WP_001014230.1	C	2	D	Bacteria	619
SRR17140489	non-PMA	F5_S6	F5_S6	F5	S6	PMM	k141_24887	tet(K)	tetracycline efflux MFS transporter Tet(K)	TETRACYCLINE	TETRACYCLINE	EXACTX	100.0	100.0	WP_000492283.1	C	2	D	Bacteria	3666
SRR17140489	non-PMA	F5_S6	F5_S6	F5	S6	PMM	k141_26023	qacA	quaternary ammonium compound efflux MFS transporter QacA	QUATERNARY AMMONIUM	QUATERNARY AMMONIUM	EXACTX	100.0	100.0	WP_000622776.1	C	1279	G	Staphylococcus	5705
SRR17140489	non-PMA	F5_S6	F5_S6	F5	S6	PMM	k141_26338	fosD	fosfomycin resistance bacillithiol transferase FosD	FOSFOMYCIN	FOSFOMYCIN	PARTIAL_CONTIG_ENDX	66.19	100.0	WP_000616116.1	C	2	D	Bacteria	522
SRR17140489	non-PMA	F5_S6	F5_S6	F5	S6	PMM	k141_26386	fusB	fusidic acid resistance EF-G-binding protein FusB	FUSIDIC ACID	FUSIDIC ACID	EXACTX	100.0	100.0	WP_000855537.1	C	1279	G	Staphylococcus	1102
SRR17140489	non-PMA	F5_S6	F5_S6	F5	S6	PMM	k141_26389	erm(A)	23S rRNA (adenine(2058)-N(6))-methyltransferase Erm(A)	LINCOSAMIDE/MACROLIDE	AZITHROMYCIN/CLARITHROMYCIN/CLINDAMYCIN/ERYTHROMYCIN/TELITHROMYCIN	PARTIAL_CONTIG_ENDX	77.37	100.0	WP_000810833.1	C	1239	P	Bacillota	1220
SRR17140489	non-PMA	F5_S6	F5_S6	F5	S6	PMM	k141_26777	lnu(A)	lincosamide nucleotidyltransferase Lnu(A)	LINCOSAMIDE	LINCOSAMIDE	BLASTX	100.0	96.89	WP_011428879.1	C	91061	C	Bacilli	857
SRR17140489	non-PMA	F5_S6	F5_S6	F5	S6	PMM	k141_27249	msr(A)	ABC-F type ribosomal protection protein Msr(A)	MACROLIDE/STREPTOGRAMIN	ERYTHROMYCIN/STREPTOGRAMIN B	BLASTX	100.0	99.8	WP_000438874.1	C	1279	G	Staphylococcus	4308
SRR17140489	non-PMA	F5_S6	F5_S6	F5	S6	PMM	k141_27249	mph(C)	Mph(C) family macrolide 2'-phosphotransferase	MACROLIDE	ERYTHROMYCIN/SPIRAMYCIN/TELITHROMYCIN	EXACTX	100.0	100.0	WP_000196697.1	C	1279	G	Staphylococcus	4308
SRR17140489	non-PMA	F5_S6	F5_S6	F5	S6	PMM	k141_33307	erm(C)	23S rRNA (adenine(2058)-N(6))-methyltransferase Erm(C)	LINCOSAMIDE/MACROLIDE/STREPTOGRAMIN	CLINDAMYCIN/ERYTHROMYCIN/STREPTOGRAMIN B/TYLOSIN	EXACTX	100.0	100.0	WP_001003263.1	C	91061	C	Bacilli	2616
SRR17140489	non-PMA	F5_S6	F5_S6	F5	S6	PMM	k141_3770	qacG	quaternary ammonium compound efflux SMR transporter QacG	QUATERNARY AMMONIUM	QUATERNARY AMMONIUM	BLASTX	100.0	99.07	WP_015740450.1	C	1279	G	Staphylococcus	2303
SRR17140489	non-PMA	F5_S6	F5_S6	F5	S6	PMM	k141_7111	mecI	mecA-type methicillin resistance repressor MecI	BETA-LACTAM	METHICILLIN	EXACTX	100.0	100.0	WP_000369214.1	C	90964	F	Staphylococcaceae	515
SRR17140489	non-PMA	F5_S6	F5_S6	F5	S6	PMM	k141_8207	fosB	FosB family fosfomycin resistance bacillithiol transferase	FOSFOMYCIN	FOSFOMYCIN	BLASTX	100.0	95.07	WP_002437790.1	C	1282	S	Staphylococcus epidermidis	519
SRR17140489	non-PMA	F5_S6	F5_S6	F5	S6	PMM	k141_8613	qacC	quaternary ammonium compound efflux SMR transporter QacC	QUATERNARY AMMONIUM	QUATERNARY AMMONIUM	EXACTX	100.0	100.0	WP_001146389.1	C	1279	G	Staphylococcus	897
SRR17140489	non-PMA	F5_S6	F5_S6	F5	S6	PMM	k141_8741	erm(X)	23S rRNA (adenine(2058)-N(6))-methyltransferase Erm(X)	LINCOSAMIDE/MACROLIDE/STREPTOGRAMIN	AZITHROMYCIN/CLINDAMYCIN/ERYTHROMYCIN/LINCOMYCIN/STREPTOGRAMIN B/TYLOSIN	PARTIAL_CONTIG_ENDX	65.85	98.4	WP_063844894.1	C	1760	C	Actinomycetes	747
SRR17140489	non-PMA	F5_S6	F5_S6	F5	S6	PMM	k141_8790	vga(A)	ABC-F type ribosomal protection protein Vga(A)	LINCOSAMIDE	LINCOSAMIDE	EXACTX	100.0	100.0	WP_002440627.1	C	1282	S	Staphylococcus epidermidis	2285
SRR17140489	non-PMA	F5_S6	F5_S6	F5	S6	PMM	k141_9795	blaI	penicillinase repressor BlaI	BETA-LACTAM	BETA-LACTAM	PARTIAL_CONTIG_ENDX	69.05	96.55	WP_001284656.1	C	1282	S	Staphylococcus epidermidis	553
SRR17140489	non-PMA	F5_S6	F5_S6	F5	S6	PMM	k141_9836	fosB	FosB family fosfomycin resistance bacillithiol transferase	FOSFOMYCIN	FOSFOMYCIN	BLASTX	100.0	99.3	WP_002437790.1	C	1282	S	Staphylococcus epidermidis	2150
SRR17140491	non-PMA	F5_S5	F5_S5	F5	S5	Overhead 4	k141_10245	blaZ	penicillin-hydrolyzing class A beta-lactamase BlaZ	BETA-LACTAM	BETA-LACTAM	BLASTX	100.0	99.29	WP_000733274.1	C	1279	G	Staphylococcus	3030
SRR17140491	non-PMA	F5_S5	F5_S5	F5	S5	Overhead 4	k141_16226	msr(D)	ABC-F type ribosomal protection protein Msr(D)	MACROLIDE/STREPTOGRAMIN	AZITHROMYCIN/ERYTHROMYCIN/STREPTOGRAMIN B	EXACTX	100.0	100.0	WP_000420313.1	C	2	D	Bacteria	4644
SRR17140491	non-PMA	F5_S5	F5_S5	F5	S5	Overhead 4	k141_16226	mef(A)	macrolide efflux MFS transporter Mef(A)	MACROLIDE	AZITHROMYCIN/ERYTHROMYCIN	EXACTX	100.0	100.0	WP_000417519.1	C	2	D	Bacteria	4644
SRR17140491	non-PMA	F5_S5	F5_S5	F5	S5	Overhead 4	k141_16793	blaZ	penicillin-hydrolyzing class A beta-lactamase BlaZ	BETA-LACTAM	BETA-LACTAM	PARTIAL_CONTIG_ENDX	65.12	95.08	WP_000733281.1	C	1279	G	Staphylococcus	628
SRR17140491	non-PMA	F5_S5	F5_S5	F5	S5	Overhead 4	k141_17896	catA16	type A-16 chloramphenicol O-acetyltransferase CatQ	PHENICOL	CHLORAMPHENICOL	BLASTX	100.0	98.63	WP_063843221.1	C	1301	G	Streptococcus	6000
SRR17140491	non-PMA	F5_S5	F5_S5	F5	S5	Overhead 4	k141_20838	erm(X)	23S rRNA (adenine(2058)-N(6))-methyltransferase Erm(X)	LINCOSAMIDE/MACROLIDE/STREPTOGRAMIN	AZITHROMYCIN/CLINDAMYCIN/ERYTHROMYCIN/LINCOMYCIN/STREPTOGRAMIN B/TYLOSIN	BLASTX	100.0	97.54	WP_011117480.1	C	1716	G	Corynebacterium	1702
SRR17140491	non-PMA	F5_S5	F5_S5	F5	S5	Overhead 4	k141_31329	fosB	FosB family fosfomycin resistance bacillithiol transferase	FOSFOMYCIN	FOSFOMYCIN	BLASTX	100.0	95.77	WP_002437790.1	C	1282	S	Staphylococcus epidermidis	125667
SRR17140491	non-PMA	F5_S5	F5_S5	F5	S5	Overhead 4	k141_32879	vga(A)	ABC-F type ribosomal protection protein Vga(A)	LINCOSAMIDE	LINCOSAMIDE	EXACTX	100.0	100.0	WP_002440627.1	C	1282	S	Staphylococcus epidermidis	3614
SRR17140491	non-PMA	F5_S5	F5_S5	F5	S5	Overhead 4	k141_34556	erm(C)	23S rRNA (adenine(2058)-N(6))-methyltransferase Erm(C)	LINCOSAMIDE/MACROLIDE/STREPTOGRAMIN	CLINDAMYCIN/ERYTHROMYCIN/STREPTOGRAMIN B/TYLOSIN	EXACTX	100.0	100.0	WP_001003263.1	C	91061	C	Bacilli	2614
SRR17140491	non-PMA	F5_S5	F5_S5	F5	S5	Overhead 4	k141_3460	blaR1	beta-lactam sensor/signal transducer BlaR1	BETA-LACTAM	BETA-LACTAM	PARTIAL_CONTIG_ENDX	75.04	99.32	WP_001096386.1	C	1279	G	Staphylococcus	3434
SRR17140491	non-PMA	F5_S5	F5_S5	F5	S5	Overhead 4	k141_3460	blaI	penicillinase repressor BlaI	BETA-LACTAM	BETA-LACTAM	BLASTX	100.0	99.21	WP_001284656.1	C	1279	G	Staphylococcus	3434
SRR17140491	non-PMA	F5_S5	F5_S5	F5	S5	Overhead 4	k141_37946	tetA(46)	tetracycline efflux ABC transporter Tet(46) subunit A	TETRACYCLINE	TETRACYCLINE	PARTIALX	83.8	98.13	WP_063856469.1	C	1318	S	Streptococcus parasanguinis	1953
SRR17140491	non-PMA	F5_S5	F5_S5	F5	S5	Overhead 4	k141_38843	tet(K)	tetracycline efflux MFS transporter Tet(K)	TETRACYCLINE	TETRACYCLINE	PARTIAL_CONTIG_ENDX	63.4	99.66	WP_000492283.1	C	90964	F	Staphylococcaceae	1140
SRR17140491	non-PMA	F5_S5	F5_S5	F5	S5	Overhead 4	k141_41177	qacA	quaternary ammonium compound efflux MFS transporter QacA	QUATERNARY AMMONIUM	QUATERNARY AMMONIUM	BLASTX	100.0	99.22	WP_000622776.1	C	1280	S	Staphylococcus aureus	7907
SRR17140491	non-PMA	F5_S5	F5_S5	F5	S5	Overhead 4	k141_42497	cfxA	CfxA family broad-spectrum class A beta-lactamase	BETA-LACTAM	BETA-LACTAM	PARTIAL_CONTIG_ENDX	62.62	100.0	WP_004339683.1	C	976	P	Bacteroidota	921
SRR17140491	non-PMA	F5_S5	F5_S5	F5	S5	Overhead 4	k141_45411	mph(C)	Mph(C) family macrolide 2'-phosphotransferase	MACROLIDE	ERYTHROMYCIN/SPIRAMYCIN/TELITHROMYCIN	EXACTX	100.0	100.0	WP_000196697.1	C	1279	G	Staphylococcus	5111
SRR17140491	non-PMA	F5_S5	F5_S5	F5	S5	Overhead 4	k141_45411	msr(A)	ABC-F type ribosomal protection protein Msr(A)	MACROLIDE/STREPTOGRAMIN	ERYTHROMYCIN/STREPTOGRAMIN B	BLASTX	100.0	99.8	WP_000438874.1	C	1279	G	Staphylococcus	5111
SRR17140491	non-PMA	F5_S5	F5_S5	F5	S5	Overhead 4	k141_47494	tet(M)	tetracycline resistance ribosomal protection protein Tet(M)	TETRACYCLINE	TETRACYCLINE	PARTIAL_CONTIG_ENDX	52.74	100.0	WP_002414694.1	C	2	D	Bacteria	1012
SRR17140491	non-PMA	F5_S5	F5_S5	F5	S5	Overhead 4	k141_47518	tet(M)	tetracycline resistance ribosomal protection protein Tet(M)	TETRACYCLINE	TETRACYCLINE	PARTIAL_CONTIG_ENDX	52.74	99.41	WP_043029018.1	C	2	D	Bacteria	1012
SRR17140491	non-PMA	F5_S5	F5_S5	F5	S5	Overhead 4	k141_5806	erm(B)	23S rRNA (adenine(2058)-N(6))-methyltransferase Erm(B)	LINCOSAMIDE/MACROLIDE/STREPTOGRAMIN	CLINDAMYCIN/ERYTHROMYCIN/STREPTOGRAMIN B	EXACTX	100.0	100.0	WP_001038790.1	C	1301	G	Streptococcus	13091
SRR17140491	non-PMA	F5_S5	F5_S5	F5	S5	Overhead 4	k141_7262	qacC	quaternary ammonium compound efflux SMR transporter QacC	QUATERNARY AMMONIUM	QUATERNARY AMMONIUM	EXACTX	100.0	100.0	WP_001146389.1	C	1279	G	Staphylococcus	1551
SRR17140491	non-PMA	F5_S5	F5_S5	F5	S5	Overhead 4	k141_9138	tetB(46)	tetracycline efflux ABC transporter Tet(46) subunit B	TETRACYCLINE	TETRACYCLINE	PARTIAL_CONTIG_ENDX	81.49	96.6	WP_048717443.1	C	1318	S	Streptococcus parasanguinis	1415
SRR17140491	non-PMA	F5_S5	F5_S5	F5	S5	Overhead 4	k141_9602	tetA(46)	tetracycline efflux ABC transporter Tet(46) subunit A	TETRACYCLINE	TETRACYCLINE	PARTIALX	89.02	94.91	WP_063856469.1	C	113107	S	Streptococcus australis	5792
SRR17140491	non-PMA	F5_S5	F5_S5	F5	S5	Overhead 4	k141_9602	tetB(46)	tetracycline efflux ABC transporter Tet(46) subunit B	TETRACYCLINE	TETRACYCLINE	BLASTX	100.0	94.81	WP_048717443.1	C	113107	S	Streptococcus australis	5792
SRR17140493	non-PMA	F5_S4	F5_S4	F5	S4	Dining table	k141_10436	blaZ	penicillin-hydrolyzing class A beta-lactamase BlaZ	BETA-LACTAM	BETA-LACTAM	BLASTX	100.0	94.31	WP_000733281.1	C	1279	G	Staphylococcus	2218
SRR17140493	non-PMA	F5_S4	F5_S4	F5	S4	Dining table	k141_11738	mef(A)	macrolide efflux MFS transporter Mef(A)	MACROLIDE	AZITHROMYCIN/ERYTHROMYCIN	EXACTX	100.0	100.0	WP_000417519.1	C	1783272	D1	Terrabacteria group	5906
SRR17140493	non-PMA	F5_S4	F5_S4	F5	S4	Dining table	k141_11738	msr(D)	ABC-F type ribosomal protection protein Msr(D)	MACROLIDE/STREPTOGRAMIN	AZITHROMYCIN/ERYTHROMYCIN/STREPTOGRAMIN B	EXACTX	100.0	100.0	WP_000420313.1	C	1783272	D1	Terrabacteria group	5906
SRR17140493	non-PMA	F5_S4	F5_S4	F5	S4	Dining table	k141_12942	blaR1	beta-lactam sensor/signal transducer BlaR1	BETA-LACTAM	BETA-LACTAM	BLASTX	94.19	98.37	WP_001096386.1	C	1279	G	Staphylococcus	2706
SRR17140493	non-PMA	F5_S4	F5_S4	F5	S4	Dining table	k141_12942	blaI	penicillinase repressor BlaI	BETA-LACTAM	BETA-LACTAM	BLASTX	100.0	99.21	WP_001284656.1	C	1279	G	Staphylococcus	2706
SRR17140493	non-PMA	F5_S4	F5_S4	F5	S4	Dining table	k141_13003	lnu(A)	lincosamide nucleotidyltransferase Lnu(A)	LINCOSAMIDE	LINCOSAMIDE	PARTIAL_CONTIG_ENDX	63.35	99.02	WP_000700648.1	C	1279	G	Staphylococcus	607
SRR17140493	non-PMA	F5_S4	F5_S4	F5	S4	Dining table	k141_14505	erm(X)	23S rRNA (adenine(2058)-N(6))-methyltransferase Erm(X)	LINCOSAMIDE/MACROLIDE/STREPTOGRAMIN	AZITHROMYCIN/CLINDAMYCIN/ERYTHROMYCIN/LINCOMYCIN/STREPTOGRAMIN B/TYLOSIN	PARTIAL_CONTIG_ENDX	87.68	98.8	WP_063844894.1	C	1760	C	Actinomycetes	1086
SRR17140493	non-PMA	F5_S4	F5_S4	F5	S4	Dining table	k141_18518	qacC	quaternary ammonium compound efflux SMR transporter QacC	QUATERNARY AMMONIUM	QUATERNARY AMMONIUM	EXACTX	100.0	100.0	WP_001146389.1	C	1279	G	Staphylococcus	1353
SRR17140493	non-PMA	F5_S4	F5_S4	F5	S4	Dining table	k141_19313	fosD	fosfomycin resistance bacillithiol transferase FosD	FOSFOMYCIN	FOSFOMYCIN	EXACTX	100.0	100.0	WP_000616116.1	C	1288	S	Staphylococcus xylosus	2200
SRR17140493	non-PMA	F5_S4	F5_S4	F5	S4	Dining table	k141_22494	vga(A)	ABC-F type ribosomal protection protein Vga(A)	LINCOSAMIDE	LINCOSAMIDE	PARTIAL_CONTIG_ENDX	57.09	99.66	WP_002440627.1	C	1282	S	Staphylococcus epidermidis	1180
SRR17140493	non-PMA	F5_S4	F5_S4	F5	S4	Dining table	k141_22525	fosB	FosB family fosfomycin resistance bacillithiol transferase	FOSFOMYCIN	FOSFOMYCIN	PARTIAL_CONTIG_ENDX	52.11	100.0	WP_002467687.1	C	1282	S	Staphylococcus epidermidis	1235
SRR17140493	non-PMA	F5_S4	F5_S4	F5	S4	Dining table	k141_2269	blaZ	penicillin-hydrolyzing class A beta-lactamase BlaZ	BETA-LACTAM	BETA-LACTAM	BLASTX	100.0	99.64	WP_000733274.1	C	1279	G	Staphylococcus	1636
SRR17140493	non-PMA	F5_S4	F5_S4	F5	S4	Dining table	k141_23581	erm(C)	23S rRNA (adenine(2058)-N(6))-methyltransferase Erm(C)	LINCOSAMIDE/MACROLIDE/STREPTOGRAMIN	CLINDAMYCIN/ERYTHROMYCIN/STREPTOGRAMIN B/TYLOSIN	EXACTX	100.0	100.0	WP_001003263.1	C	91061	C	Bacilli	2604
SRR17140493	non-PMA	F5_S4	F5_S4	F5	S4	Dining table	k141_3391	tet(K)	tetracycline efflux MFS transporter Tet(K)	TETRACYCLINE	TETRACYCLINE	PARTIAL_CONTIG_ENDX	66.23	100.0	WP_000492283.1	C	90964	F	Staphylococcaceae	914
SRR17140493	non-PMA	F5_S4	F5_S4	F5	S4	Dining table	k141_5053	fosB	FosB family fosfomycin resistance bacillithiol transferase	FOSFOMYCIN	FOSFOMYCIN	PARTIAL_CONTIG_ENDX	61.27	95.4	WP_002437790.1	C	1282	S	Staphylococcus epidermidis	503
SRR17140493	non-PMA	F5_S4	F5_S4	F5	S4	Dining table	k141_8616	msr(A)	ABC-F type ribosomal protection protein Msr(A)	MACROLIDE/STREPTOGRAMIN	ERYTHROMYCIN/STREPTOGRAMIN B	BLASTX	100.0	99.39	WP_000438874.1	C	1279	G	Staphylococcus	5079
SRR17140493	non-PMA	F5_S4	F5_S4	F5	S4	Dining table	k141_8616	mph(C)	Mph(C) family macrolide 2'-phosphotransferase	MACROLIDE	ERYTHROMYCIN/SPIRAMYCIN/TELITHROMYCIN	EXACTX	100.0	100.0	WP_000196697.1	C	1279	G	Staphylococcus	5079
SRR17140495	non-PMA	F5_S3	F5_S3	F5	S3	Exercise platform	k141_12275	erm(44)v	23S rRNA (adenine(2058)-N(6))-methyltransferase Erm(44)v	LINCOSAMIDE/MACROLIDE	CLINDAMYCIN/ERYTHROMYCIN	EXACTX	100.0	100.0	WP_041079981.1	C	29385	S	Staphylococcus saprophyticus	10251
SRR17140495	non-PMA	F5_S3	F5_S3	F5	S3	Exercise platform	k141_12278	erm(B)	23S rRNA (adenine(2058)-N(6))-methyltransferase Erm(B)	LINCOSAMIDE/MACROLIDE/STREPTOGRAMIN	CLINDAMYCIN/ERYTHROMYCIN/STREPTOGRAMIN B	EXACTX	100.0	100.0	WP_001038790.1	C	2	D	Bacteria	3009
SRR17140495	non-PMA	F5_S3	F5_S3	F5	S3	Exercise platform	k141_12295	mecR1	beta-lactam sensor/signal transducer MecR1	BETA-LACTAM	METHICILLIN	PARTIAL_CONTIG_ENDX	61.71	100.0	WP_000952923.1	C	90964	F	Staphylococcaceae	1084
SRR17140495	non-PMA	F5_S3	F5_S3	F5	S3	Exercise platform	k141_14924	aadD1	aminoglycoside O-nucleotidyltransferase ANT(4')-Ia	AMINOGLYCOSIDE	KANAMYCIN/TOBRAMYCIN	EXACTX	100.0	100.0	WP_001014230.1	C	2	D	Bacteria	1523
SRR17140495	non-PMA	F5_S3	F5_S3	F5	S3	Exercise platform	k141_1630	msr(D)	ABC-F type ribosomal protection protein Msr(D)	MACROLIDE/STREPTOGRAMIN	AZITHROMYCIN/ERYTHROMYCIN/STREPTOGRAMIN B	EXACTX	100.0	100.0	WP_000420313.1	C	1301	G	Streptococcus	7318
SRR17140495	non-PMA	F5_S3	F5_S3	F5	S3	Exercise platform	k141_1630	mef(A)	macrolide efflux MFS transporter Mef(A)	MACROLIDE	AZITHROMYCIN/ERYTHROMYCIN	PARTIAL_CONTIG_ENDX	88.64	100.0	WP_000417519.1	C	1301	G	Streptococcus	7318
SRR17140495	non-PMA	F5_S3	F5_S3	F5	S3	Exercise platform	k141_21036	vga(A)	ABC-F type ribosomal protection protein Vga(A)	LINCOSAMIDE	LINCOSAMIDE	BLASTX	100.0	99.81	WP_002440627.1	C	1282	S	Staphylococcus epidermidis	4650
SRR17140495	non-PMA	F5_S3	F5_S3	F5	S3	Exercise platform	k141_21589	blaI	penicillinase repressor BlaI	BETA-LACTAM	BETA-LACTAM	BLASTX	99.21	96.0	WP_001284656.1	C	1279	G	Staphylococcus	1019
SRR17140495	non-PMA	F5_S3	F5_S3	F5	S3	Exercise platform	k141_22914	blaZ	penicillin-hydrolyzing class A beta-lactamase BlaZ	BETA-LACTAM	BETA-LACTAM	BLASTX	100.0	94.31	WP_000733275.1	C	1279	G	Staphylococcus	3973
SRR17140495	non-PMA	F5_S3	F5_S3	F5	S3	Exercise platform	k141_23838	erm(C)	23S rRNA (adenine(2058)-N(6))-methyltransferase Erm(C)	LINCOSAMIDE/MACROLIDE/STREPTOGRAMIN	CLINDAMYCIN/ERYTHROMYCIN/STREPTOGRAMIN B/TYLOSIN	EXACTX	100.0	100.0	WP_001003263.1	C	1279	G	Staphylococcus	4466
SRR17140495	non-PMA	F5_S3	F5_S3	F5	S3	Exercise platform	k141_23979	lnu(A)'	lincosamide nucleotidyltransferase Lnu(A)'	LINCOSAMIDE	LINCOSAMIDE	ALLELEX	100.0	100.0	WP_011428879.1	C	1279	G	Staphylococcus	4384
SRR17140495	non-PMA	F5_S3	F5_S3	F5	S3	Exercise platform	k141_24793	fosB	FosB family fosfomycin resistance bacillithiol transferase	FOSFOMYCIN	FOSFOMYCIN	BLASTX	100.0	92.96	WP_002467687.1	C	1282	S	Staphylococcus epidermidis	830
SRR17140495	non-PMA	F5_S3	F5_S3	F5	S3	Exercise platform	k141_24813	fosB	FosB family fosfomycin resistance bacillithiol transferase	FOSFOMYCIN	FOSFOMYCIN	BLASTX	100.0	97.18	WP_002437790.1	C	1282	S	Staphylococcus epidermidis	4341
SRR17140495	non-PMA	F5_S3	F5_S3	F5	S3	Exercise platform	k141_24903	pbp2m	penicillin-binding protein PBP2M	BETA-LACTAM	BETA-LACTAM	PARTIAL_CONTIG_ENDX	71.84	99.77	WP_049151672.1	C	1716	G	Corynebacterium	1280
SRR17140495	non-PMA	F5_S3	F5_S3	F5	S3	Exercise platform	k141_25919	lnu(A)	lincosamide nucleotidyltransferase Lnu(A)	LINCOSAMIDE	LINCOSAMIDE	BLASTX	100.0	99.38	WP_011645010.1	C	90964	F	Staphylococcaceae	797
SRR17140495	non-PMA	F5_S3	F5_S3	F5	S3	Exercise platform	k141_26323	fusD	FusD family fusidic acid resistance EF-G-binding protein	FUSIDIC ACID	FUSIDIC ACID	BLASTX	100.0	98.12	WP_011303797.1	C	29385	S	Staphylococcus saprophyticus	130691
SRR17140495	non-PMA	F5_S3	F5_S3	F5	S3	Exercise platform	k141_26881	bleO	bleomycin binding protein	BLEOMYCIN	BLEOMYCIN	PARTIAL_CONTIG_ENDX	71.64	100.0	WP_001242578.1	C	2	D	Bacteria	507
SRR17140495	non-PMA	F5_S3	F5_S3	F5	S3	Exercise platform	k141_27461	erm(X)	23S rRNA (adenine(2058)-N(6))-methyltransferase Erm(X)	LINCOSAMIDE/MACROLIDE/STREPTOGRAMIN	AZITHROMYCIN/CLINDAMYCIN/ERYTHROMYCIN/LINCOMYCIN/STREPTOGRAMIN B/TYLOSIN	BLASTX	100.0	99.65	WP_011117480.1	C	1716	G	Corynebacterium	2905
SRR17140495	non-PMA	F5_S3	F5_S3	F5	S3	Exercise platform	k141_28711	cmx	chloramphenicol efflux MFS transporter Cmx	PHENICOL	CHLORAMPHENICOL	PARTIAL_CONTIG_ENDX	66.75	100.0	WP_011113071.1	C	2	D	Bacteria	785
SRR17140495	non-PMA	F5_S3	F5_S3	F5	S3	Exercise platform	k141_32043	mph(C)	Mph(C) family macrolide 2'-phosphotransferase	MACROLIDE	ERYTHROMYCIN/SPIRAMYCIN/TELITHROMYCIN	EXACTX	100.0	100.0	WP_000196697.1	C	1279	G	Staphylococcus	8298
SRR17140495	non-PMA	F5_S3	F5_S3	F5	S3	Exercise platform	k141_32043	msr(A)	ABC-F type ribosomal protection protein Msr(A)	MACROLIDE/STREPTOGRAMIN	ERYTHROMYCIN/STREPTOGRAMIN B	BLASTX	100.0	99.8	WP_000438874.1	C	1279	G	Staphylococcus	8298
SRR17140495	non-PMA	F5_S3	F5_S3	F5	S3	Exercise platform	k141_32471	fusB	fusidic acid resistance EF-G-binding protein FusB	FUSIDIC ACID	FUSIDIC ACID	EXACTX	100.0	100.0	WP_000855537.1	C	1279	G	Staphylococcus	860
SRR17140495	non-PMA	F5_S3	F5_S3	F5	S3	Exercise platform	k141_32570	aph(3')-Ia	aminoglycoside O-phosphotransferase APH(3')-Ia	AMINOGLYCOSIDE	KANAMYCIN	PARTIAL_CONTIG_ENDX	59.04	100.0	WP_000018326.1	C	2	D	Bacteria	538
SRR17140495	non-PMA	F5_S3	F5_S3	F5	S3	Exercise platform	k141_33080	blaI	penicillinase repressor BlaI	BETA-LACTAM	BETA-LACTAM	BLASTX	100.0	99.21	WP_001284656.1	C	1279	G	Staphylococcus	4219
SRR17140495	non-PMA	F5_S3	F5_S3	F5	S3	Exercise platform	k141_33080	blaR1	beta-lactam sensor/signal transducer BlaR1	BETA-LACTAM	BETA-LACTAM	PARTIAL_CONTIG_ENDX	82.56	98.76	WP_001096386.1	C	1279	G	Staphylococcus	4219
SRR17140495	non-PMA	F5_S3	F5_S3	F5	S3	Exercise platform	k141_34347	lnu(A)	lincosamide nucleotidyltransferase Lnu(A)	LINCOSAMIDE	LINCOSAMIDE	EXACTX	100.0	100.0	WP_000700648.1	C	1279	G	Staphylococcus	1102
SRR17140495	non-PMA	F5_S3	F5_S3	F5	S3	Exercise platform	k141_3534	tet(M)	tetracycline resistance ribosomal protection protein Tet(M)	TETRACYCLINE	TETRACYCLINE	PARTIAL_CONTIG_ENDX	76.84	99.59	WP_000691743.1	C	2	D	Bacteria	4003
SRR17140495	non-PMA	F5_S3	F5_S3	F5	S3	Exercise platform	k141_36387	tet(K)	tetracycline efflux MFS transporter Tet(K)	TETRACYCLINE	TETRACYCLINE	EXACTX	100.0	100.0	WP_000492283.1	C	2	D	Bacteria	4580
SRR17140495	non-PMA	F5_S3	F5_S3	F5	S3	Exercise platform	k141_3904	erm(X)	23S rRNA (adenine(2058)-N(6))-methyltransferase Erm(X)	LINCOSAMIDE/MACROLIDE/STREPTOGRAMIN	AZITHROMYCIN/CLINDAMYCIN/ERYTHROMYCIN/LINCOMYCIN/STREPTOGRAMIN B/TYLOSIN	BLASTX	100.0	98.94	WP_063844894.1	C	1760	C	Actinomycetes	2683
SRR17140495	non-PMA	F5_S3	F5_S3	F5	S3	Exercise platform	k141_5185	catA	type A-8 chloramphenicol O-acetyltransferase	PHENICOL	CHLORAMPHENICOL	EXACTX	100.0	100.0	WP_000143686.1	C	91061	C	Bacilli	1172
SRR17140495	non-PMA	F5_S3	F5_S3	F5	S3	Exercise platform	k141_9210	qacC	quaternary ammonium compound efflux SMR transporter QacC	QUATERNARY AMMONIUM	QUATERNARY AMMONIUM	EXACTX	100.0	100.0	WP_001146389.1	C	1279	G	Staphylococcus	2429
SRR17140495	non-PMA	F5_S3	F5_S3	F5	S3	Exercise platform	k141_9369	blaZ	penicillin-hydrolyzing class A beta-lactamase BlaZ	BETA-LACTAM	BETA-LACTAM	BLASTX	100.0	98.93	WP_000733274.1	C	1279	G	Staphylococcus	3146
SRR17140495	non-PMA	F5_S3	F5_S3	F5	S3	Exercise platform	k141_9518	qacA	quaternary ammonium compound efflux MFS transporter QacA	QUATERNARY AMMONIUM	QUATERNARY AMMONIUM	BLASTX	100.0	99.61	WP_000622776.1	C	1290	S	Staphylococcus hominis	5967
SRR17140496	non-PMA	F4_S2	F4_S2	F4	S2	Waste compartment	k141_10752	blaCSP	CSP family class A beta-lactamase	BETA-LACTAM	CEPHALOSPORIN	PARTIAL_CONTIG_ENDX	57.38	99.43	WP_063859920.1	U	0	U	unclassified	528
SRR17140496	non-PMA	F4_S2	F4_S2	F4	S2	Waste compartment	k141_11378	tet(W)	tetracycline resistance ribosomal protection protein Tet(W)	TETRACYCLINE	TETRACYCLINE	BLASTX	100.0	99.06	WP_002586627.1	C	2	D	Bacteria	3842
SRR17140496	non-PMA	F4_S2	F4_S2	F4	S2	Waste compartment	k141_11554	mef(A)	macrolide efflux MFS transporter Mef(A)	MACROLIDE	AZITHROMYCIN/ERYTHROMYCIN	EXACTX	100.0	100.0	WP_000417519.1	C	2	D	Bacteria	6078
SRR17140496	non-PMA	F4_S2	F4_S2	F4	S2	Waste compartment	k141_11554	msr(D)	ABC-F type ribosomal protection protein Msr(D)	MACROLIDE/STREPTOGRAMIN	AZITHROMYCIN/ERYTHROMYCIN/STREPTOGRAMIN B	EXACTX	100.0	100.0	WP_000420313.1	C	2	D	Bacteria	6078
SRR17140496	non-PMA	F4_S2	F4_S2	F4	S2	Waste compartment	k141_13441	tetB(46)	tetracycline efflux ABC transporter Tet(46) subunit B	TETRACYCLINE	TETRACYCLINE	PARTIAL_CONTIG_ENDX	79.41	91.29	WP_048717443.1	C	1301	G	Streptococcus	1964
SRR17140496	non-PMA	F4_S2	F4_S2	F4	S2	Waste compartment	k141_14406	tetB(60)	tetracycline efflux ABC transporter Tet(60) subunit B	TETRACYCLINE	TETRACYCLINE	BLASTX	98.62	97.55	WP_289811733.1	C	46124	S	Granulicatella adiacens	13001
SRR17140496	non-PMA	F4_S2	F4_S2	F4	S2	Waste compartment	k141_15060	tet(M)	tetracycline resistance ribosomal protection protein Tet(M)	TETRACYCLINE	TETRACYCLINE	PARTIAL_CONTIG_ENDX	67.29	99.53	WP_000691736.1	C	2	D	Bacteria	1290
SRR17140496	non-PMA	F4_S2	F4_S2	F4	S2	Waste compartment	k141_16031	qacB	quaternary ammonium compound efflux MFS transporter QacB	QUATERNARY AMMONIUM	QUATERNARY AMMONIUM	BLASTX	100.0	99.61	WP_000622778.1	C	1290	S	Staphylococcus hominis	13750
SRR17140496	non-PMA	F4_S2	F4_S2	F4	S2	Waste compartment	k141_16663	aph(3')-Ia	aminoglycoside O-phosphotransferase APH(3')-Ia	AMINOGLYCOSIDE	KANAMYCIN	EXACTX	100.0	100.0	WP_000018326.1	C	2	D	Bacteria	1855
SRR17140496	non-PMA	F4_S2	F4_S2	F4	S2	Waste compartment	k141_18033	aadD1	aminoglycoside O-nucleotidyltransferase ANT(4')-Ia	AMINOGLYCOSIDE	KANAMYCIN/TOBRAMYCIN	EXACTX	100.0	100.0	WP_001014230.1	C	2	D	Bacteria	4836
SRR17140496	non-PMA	F4_S2	F4_S2	F4	S2	Waste compartment	k141_18033	bleO	bleomycin binding protein	BLEOMYCIN	BLEOMYCIN	EXACTX	100.0	100.0	WP_001242578.1	C	2	D	Bacteria	4836
SRR17140496	non-PMA	F4_S2	F4_S2	F4	S2	Waste compartment	k141_19237	tetB(46)	tetracycline efflux ABC transporter Tet(46) subunit B	TETRACYCLINE	TETRACYCLINE	EXACTX	100.0	100.0	WP_048717443.1	C	1759399	S	Streptococcus sp. A12	12166
SRR17140496	non-PMA	F4_S2	F4_S2	F4	S2	Waste compartment	k141_19237	tetA(46)	tetracycline efflux ABC transporter Tet(46) subunit A	TETRACYCLINE	TETRACYCLINE	BLASTX	100.0	99.83	WP_063856469.1	C	1759399	S	Streptococcus sp. A12	12166
SRR17140496	non-PMA	F4_S2	F4_S2	F4	S2	Waste compartment	k141_20087	vga(A)	ABC-F type ribosomal protection protein Vga(A)	LINCOSAMIDE	LINCOSAMIDE	EXACTX	100.0	100.0	WP_032492560.1	C	1279	G	Staphylococcus	3781
SRR17140496	non-PMA	F4_S2	F4_S2	F4	S2	Waste compartment	k141_2277	tetA(60)	tetracycline efflux ABC transporter Tet(60) subunit A	TETRACYCLINE	TETRACYCLINE	BLASTX	95.16	95.46	WP_289811734.1	U	0	U	unclassified	2153
SRR17140496	non-PMA	F4_S2	F4_S2	F4	S2	Waste compartment	k141_23002	mph(C)	Mph(C) family macrolide 2'-phosphotransferase	MACROLIDE	ERYTHROMYCIN/SPIRAMYCIN/TELITHROMYCIN	EXACTX	100.0	100.0	WP_000196697.1	C	1279	G	Staphylococcus	1469
SRR17140496	non-PMA	F4_S2	F4_S2	F4	S2	Waste compartment	k141_23545	vat(B)	streptogramin A O-acetyltransferase Vat(B)	STREPTOGRAMIN	STREPTOGRAMIN	BLASTX	96.7	100.0	WP_047211550.1	C	1282	S	Staphylococcus epidermidis	628
SRR17140496	non-PMA	F4_S2	F4_S2	F4	S2	Waste compartment	k141_23810	tet(O)	tetracycline resistance ribosomal protection protein Tet(O)	TETRACYCLINE	TETRACYCLINE	PARTIAL_CONTIG_ENDX	56.18	100.0	WP_044666383.1	C	2	D	Bacteria	1079
SRR17140496	non-PMA	F4_S2	F4_S2	F4	S2	Waste compartment	k141_25188	erm(X)	23S rRNA (adenine(2058)-N(6))-methyltransferase Erm(X)	LINCOSAMIDE/MACROLIDE/STREPTOGRAMIN	AZITHROMYCIN/CLINDAMYCIN/ERYTHROMYCIN/LINCOMYCIN/STREPTOGRAMIN B/TYLOSIN	BLASTX	100.0	99.65	WP_011117480.1	C	38304	S	Corynebacterium tuberculostearicum	5537
SRR17140496	non-PMA	F4_S2	F4_S2	F4	S2	Waste compartment	k141_25281	blaZ	penicillin-hydrolyzing class A beta-lactamase BlaZ	BETA-LACTAM	BETA-LACTAM	EXACTX	100.0	100.0	WP_000733274.1	C	1279	G	Staphylococcus	11394
SRR17140496	non-PMA	F4_S2	F4_S2	F4	S2	Waste compartment	k141_25281	blaR1	beta-lactam sensor/signal transducer BlaR1	BETA-LACTAM	BETA-LACTAM	EXACTX	100.0	100.0	WP_001096386.1	C	1279	G	Staphylococcus	11394
SRR17140496	non-PMA	F4_S2	F4_S2	F4	S2	Waste compartment	k141_25281	blaI	penicillinase repressor BlaI	BETA-LACTAM	BETA-LACTAM	BLASTX	100.0	99.21	WP_001284656.1	C	1279	G	Staphylococcus	11394
SRR17140496	non-PMA	F4_S2	F4_S2	F4	S2	Waste compartment	k141_25281	msr(A)	ABC-F type ribosomal protection protein Msr(A)	MACROLIDE/STREPTOGRAMIN	ERYTHROMYCIN/STREPTOGRAMIN B	EXACTX	100.0	100.0	WP_002447408.1	C	1279	G	Staphylococcus	11394
SRR17140496	non-PMA	F4_S2	F4_S2	F4	S2	Waste compartment	k141_28207	tet(K)	tetracycline efflux MFS transporter Tet(K)	TETRACYCLINE	TETRACYCLINE	PARTIAL_CONTIG_ENDX	60.78	99.64	WP_000492283.1	C	90964	F	Staphylococcaceae	1136
SRR17140496	non-PMA	F4_S2	F4_S2	F4	S2	Waste compartment	k141_30313	cmx	chloramphenicol efflux MFS transporter Cmx	PHENICOL	CHLORAMPHENICOL	BLASTX	100.0	99.74	WP_011113071.1	C	1760	C	Actinomycetes	2951
SRR17140496	non-PMA	F4_S2	F4_S2	F4	S2	Waste compartment	k141_31876	erm(B)	23S rRNA (adenine(2058)-N(6))-methyltransferase Erm(B)	LINCOSAMIDE/MACROLIDE/STREPTOGRAMIN	CLINDAMYCIN/ERYTHROMYCIN/STREPTOGRAMIN B	EXACTX	100.0	100.0	WP_001038790.1	C	2	D	Bacteria	6716
SRR17140496	non-PMA	F4_S2	F4_S2	F4	S2	Waste compartment	k141_31894	lnu(A)	lincosamide nucleotidyltransferase Lnu(A)	LINCOSAMIDE	LINCOSAMIDE	PARTIAL_CONTIG_ENDX	60.87	100.0	WP_011428879.1	C	246432	S	Staphylococcus equorum	2779
SRR17140496	non-PMA	F4_S2	F4_S2	F4	S2	Waste compartment	k141_31894	lnu(A)	lincosamide nucleotidyltransferase Lnu(A)	LINCOSAMIDE	LINCOSAMIDE	PARTIAL_CONTIG_ENDX	68.32	100.0	WP_011428879.1	C	246432	S	Staphylococcus equorum	2779
SRR17140496	non-PMA	F4_S2	F4_S2	F4	S2	Waste compartment	k141_4733	erm(X)	23S rRNA (adenine(2058)-N(6))-methyltransferase Erm(X)	LINCOSAMIDE/MACROLIDE/STREPTOGRAMIN	AZITHROMYCIN/CLINDAMYCIN/ERYTHROMYCIN/LINCOMYCIN/STREPTOGRAMIN B/TYLOSIN	BLASTX	100.0	98.94	WP_063844894.1	C	1760	C	Actinomycetes	4251
SRR17140496	non-PMA	F4_S2	F4_S2	F4	S2	Waste compartment	k141_5403	vga(A)	ABC-F type ribosomal protection protein Vga(A)	LINCOSAMIDE	LINCOSAMIDE	BLASTX	100.0	99.81	WP_063856936.1	C	1282	S	Staphylococcus epidermidis	17461
SRR17140496	non-PMA	F4_S2	F4_S2	F4	S2	Waste compartment	k141_5554	lsa	Lsa family ABC-F type ribosomal protection protein	LINCOSAMIDE/STREPTOGRAMIN	LINCOSAMIDE/STREPTOGRAMIN	PARTIAL_CONTIG_ENDX	77.44	95.01	WP_063851347.1	C	1239	P	Bacillota	1200
SRR17140496	non-PMA	F4_S2	F4_S2	F4	S2	Waste compartment	k141_5956	mecA	PBP2a family beta-lactam-resistant peptidoglycan transpeptidase MecA	BETA-LACTAM	METHICILLIN	EXACTX	100.0	100.0	WP_000721310.1	C	90964	F	Staphylococcaceae	4580
SRR17140496	non-PMA	F4_S2	F4_S2	F4	S2	Waste compartment	k141_7010	qacC	quaternary ammonium compound efflux SMR transporter QacC	QUATERNARY AMMONIUM	QUATERNARY AMMONIUM	EXACTX	100.0	100.0	WP_001146389.1	C	1279	G	Staphylococcus	2417
SRR17140496	non-PMA	F4_S2	F4_S2	F4	S2	Waste compartment	k141_7023	aph(6)-Id	aminoglycoside O-phosphotransferase APH(6)-Id	AMINOGLYCOSIDE	STREPTOMYCIN	BLASTX	100.0	99.64	WP_000480968.1	C	2	D	Bacteria	2171
SRR17140496	non-PMA	F4_S2	F4_S2	F4	S2	Waste compartment	k141_7023	aph(3'')-Ib	aminoglycoside O-phosphotransferase APH(3'')-Ib	AMINOGLYCOSIDE	STREPTOMYCIN	EXACTX	100.0	100.0	WP_001082319.1	C	2	D	Bacteria	2171
SRR17140496	non-PMA	F4_S2	F4_S2	F4	S2	Waste compartment	k141_7121	tet(M)	tetracycline resistance ribosomal protection protein Tet(M)	TETRACYCLINE	TETRACYCLINE	PARTIAL_CONTIG_ENDX	61.5	99.49	WP_002414694.1	C	2	D	Bacteria	1179
SRR17140496	non-PMA	F4_S2	F4_S2	F4	S2	Waste compartment	k141_7771	fosB	FosB family fosfomycin resistance bacillithiol transferase	FOSFOMYCIN	FOSFOMYCIN	INTERNAL_STOP	100.0	98.59	WP_002467687.1	C	1282	S	Staphylococcus epidermidis	5239
SRR17140496	non-PMA	F4_S2	F4_S2	F4	S2	Waste compartment	k141_7807	ant(9)-Ia	aminoglycoside nucleotidyltransferase ANT(9)-Ia	AMINOGLYCOSIDE	SPECTINOMYCIN	EXACTX	100.0	100.0	WP_000067268.1	C	91061	C	Bacilli	6916
SRR17140496	non-PMA	F4_S2	F4_S2	F4	S2	Waste compartment	k141_7807	erm(A)	23S rRNA (adenine(2058)-N(6))-methyltransferase Erm(A)	LINCOSAMIDE/MACROLIDE	AZITHROMYCIN/CLARITHROMYCIN/CLINDAMYCIN/ERYTHROMYCIN/TELITHROMYCIN	EXACTX	100.0	100.0	WP_001072201.1	C	91061	C	Bacilli	6916
SRR17140496	non-PMA	F4_S2	F4_S2	F4	S2	Waste compartment	k141_8231	mecR1	beta-lactam sensor/signal transducer MecR1	BETA-LACTAM	METHICILLIN	PARTIALX	55.56	100.0	WP_000952923.1	C	1279	G	Staphylococcus	2185
SRR17140498	non-PMA	F5_S2	F5_S2	F5	S2	Waste compartment	k141_10171	blaZ	penicillin-hydrolyzing class A beta-lactamase BlaZ	BETA-LACTAM	BETA-LACTAM	PARTIAL_CONTIG_ENDX	80.43	96.02	WP_000733281.1	C	1279	G	Staphylococcus	1280
SRR17140498	non-PMA	F5_S2	F5_S2	F5	S2	Waste compartment	k141_1047	dfrF	trimethoprim-resistant dihydrofolate reductase DfrF	TRIMETHOPRIM	TRIMETHOPRIM	PARTIAL_CONTIG_ENDX	89.02	98.63	WP_002322211.1	C	1239	P	Bacillota	724
SRR17140498	non-PMA	F5_S2	F5_S2	F5	S2	Waste compartment	k141_12133	erm(B)	23S rRNA (adenine(2058)-N(6))-methyltransferase Erm(B)	LINCOSAMIDE/MACROLIDE/STREPTOGRAMIN	CLINDAMYCIN/ERYTHROMYCIN/STREPTOGRAMIN B	BLASTX	99.59	99.59	WP_002292226.1	C	1239	P	Bacillota	1923
SRR17140498	non-PMA	F5_S2	F5_S2	F5	S2	Waste compartment	k141_14019	qacE	quaternary ammonium compound efflux SMR transporter QacE	QUATERNARY AMMONIUM	QUATERNARY AMMONIUM	BLASTX	92.17	100.0	WP_000679427.1	C	2	D	Bacteria	917
SRR17140498	non-PMA	F5_S2	F5_S2	F5	S2	Waste compartment	k141_15815	tet(M)	tetracycline resistance ribosomal protection protein Tet(M)	TETRACYCLINE	TETRACYCLINE	PARTIAL_CONTIG_ENDX	51.8	99.7	WP_000691736.1	C	2	D	Bacteria	994
SRR17140498	non-PMA	F5_S2	F5_S2	F5	S2	Waste compartment	k141_17882	erm(X)	23S rRNA (adenine(2058)-N(6))-methyltransferase Erm(X)	LINCOSAMIDE/MACROLIDE/STREPTOGRAMIN	AZITHROMYCIN/CLINDAMYCIN/ERYTHROMYCIN/LINCOMYCIN/STREPTOGRAMIN B/TYLOSIN	BLASTX	100.0	98.94	WP_063844894.1	C	1716	G	Corynebacterium	8900
SRR17140498	non-PMA	F5_S2	F5_S2	F5	S2	Waste compartment	k141_18973	erm(X)	23S rRNA (adenine(2058)-N(6))-methyltransferase Erm(X)	LINCOSAMIDE/MACROLIDE/STREPTOGRAMIN	AZITHROMYCIN/CLINDAMYCIN/ERYTHROMYCIN/LINCOMYCIN/STREPTOGRAMIN B/TYLOSIN	EXACTX	100.0	100.0	WP_011117480.1	C	1716	G	Corynebacterium	8894
SRR17140498	non-PMA	F5_S2	F5_S2	F5	S2	Waste compartment	k141_2245	erm(A)	23S rRNA (adenine(2058)-N(6))-methyltransferase Erm(A)	LINCOSAMIDE/MACROLIDE	AZITHROMYCIN/CLARITHROMYCIN/CLINDAMYCIN/ERYTHROMYCIN/TELITHROMYCIN	BLASTX	100.0	99.59	WP_000810833.1	C	186826	O	Lactobacillales	7530
SRR17140498	non-PMA	F5_S2	F5_S2	F5	S2	Waste compartment	k141_23012	tetA	tetracycline efflux ABC transporter TetAB subunit A	TETRACYCLINE	TETRACYCLINE	BLASTX	96.88	98.79	WP_011116969.1	C	1716	G	Corynebacterium	1680
SRR17140498	non-PMA	F5_S2	F5_S2	F5	S2	Waste compartment	k141_26861	qacC	quaternary ammonium compound efflux SMR transporter QacC	QUATERNARY AMMONIUM	QUATERNARY AMMONIUM	EXACTX	100.0	100.0	WP_001146389.1	C	1279	G	Staphylococcus	2256
SRR17140498	non-PMA	F5_S2	F5_S2	F5	S2	Waste compartment	k141_27166	mecR1	beta-lactam sensor/signal transducer MecR1	BETA-LACTAM	METHICILLIN	PARTIALX	55.56	100.0	WP_000952923.1	C	1279	G	Staphylococcus	1657
SRR17140498	non-PMA	F5_S2	F5_S2	F5	S2	Waste compartment	k141_2719	cmx	chloramphenicol efflux MFS transporter Cmx	PHENICOL	CHLORAMPHENICOL	EXACTX	100.0	100.0	WP_005297378.1	C	2	D	Bacteria	5601
SRR17140498	non-PMA	F5_S2	F5_S2	F5	S2	Waste compartment	k141_2719	aph(6)-Id	aminoglycoside O-phosphotransferase APH(6)-Id	AMINOGLYCOSIDE	STREPTOMYCIN	EXACTX	100.0	100.0	WP_000480968.1	C	2	D	Bacteria	5601
SRR17140498	non-PMA	F5_S2	F5_S2	F5	S2	Waste compartment	k141_2719	aph(3'')-Ib	aminoglycoside O-phosphotransferase APH(3'')-Ib	AMINOGLYCOSIDE	STREPTOMYCIN	EXACTX	100.0	100.0	WP_001082319.1	C	2	D	Bacteria	5601
SRR17140498	non-PMA	F5_S2	F5_S2	F5	S2	Waste compartment	k141_2719	aph(3')-Ia	aminoglycoside O-phosphotransferase APH(3')-Ia	AMINOGLYCOSIDE	KANAMYCIN	EXACTX	100.0	100.0	WP_000018326.1	C	2	D	Bacteria	5601
SRR17140498	non-PMA	F5_S2	F5_S2	F5	S2	Waste compartment	k141_30201	erm(C)	23S rRNA (adenine(2058)-N(6))-methyltransferase Erm(C)	LINCOSAMIDE/MACROLIDE/STREPTOGRAMIN	CLINDAMYCIN/ERYTHROMYCIN/STREPTOGRAMIN B/TYLOSIN	EXACTX	100.0	100.0	WP_001003263.1	C	91061	C	Bacilli	5139
SRR17140498	non-PMA	F5_S2	F5_S2	F5	S2	Waste compartment	k141_30539	tet(O)	tetracycline resistance ribosomal protection protein Tet(O)	TETRACYCLINE	TETRACYCLINE	PARTIAL_CONTIG_ENDX	65.88	99.76	WP_012669445.1	C	2	D	Bacteria	2185
SRR17140498	non-PMA	F5_S2	F5_S2	F5	S2	Waste compartment	k141_30674	aac(3)-XI	aminoglycoside N-acetyltransferase AAC(3)-XI	AMINOGLYCOSIDE	AMINOGLYCOSIDE	EXACTX	100.0	100.0	WP_046095284.1	C	1716	G	Corynebacterium	540
SRR17140498	non-PMA	F5_S2	F5_S2	F5	S2	Waste compartment	k141_37222	tet(Q)	tetracycline resistance ribosomal protection protein Tet(Q)	TETRACYCLINE	TETRACYCLINE	PARTIAL_CONTIG_ENDX	60.53	98.2	WP_063856409.1	C	976	P	Bacteroidota	1384
SRR17140498	non-PMA	F5_S2	F5_S2	F5	S2	Waste compartment	k141_40111	msr(A)	ABC-F type ribosomal protection protein Msr(A)	MACROLIDE/STREPTOGRAMIN	ERYTHROMYCIN/STREPTOGRAMIN B	BLASTX	100.0	99.8	WP_000438874.1	C	1279	G	Staphylococcus	6700
SRR17140498	non-PMA	F5_S2	F5_S2	F5	S2	Waste compartment	k141_40111	mph(C)	Mph(C) family macrolide 2'-phosphotransferase	MACROLIDE	ERYTHROMYCIN/SPIRAMYCIN/TELITHROMYCIN	EXACTX	100.0	100.0	WP_000196697.1	C	1279	G	Staphylococcus	6700
SRR17140498	non-PMA	F5_S2	F5_S2	F5	S2	Waste compartment	k141_40111	qacA	quaternary ammonium compound efflux MFS transporter QacA	QUATERNARY AMMONIUM	QUATERNARY AMMONIUM	BLASTX	100.0	99.81	WP_000622776.1	C	1279	G	Staphylococcus	6700
SRR17140498	non-PMA	F5_S2	F5_S2	F5	S2	Waste compartment	k141_41374	vga(A)	ABC-F type ribosomal protection protein Vga(A)	LINCOSAMIDE	LINCOSAMIDE	BLASTX	100.0	99.62	WP_002449123.1	C	1279	G	Staphylococcus	3030
SRR17140498	non-PMA	F5_S2	F5_S2	F5	S2	Waste compartment	k141_42917	blaI	penicillinase repressor BlaI	BETA-LACTAM	BETA-LACTAM	BLASTX	100.0	96.03	WP_001284656.1	C	1282	S	Staphylococcus epidermidis	3251
SRR17140498	non-PMA	F5_S2	F5_S2	F5	S2	Waste compartment	k141_45568	fusB	fusidic acid resistance EF-G-binding protein FusB	FUSIDIC ACID	FUSIDIC ACID	EXACTX	100.0	100.0	WP_000855537.1	C	1279	G	Staphylococcus	5021
SRR17140498	non-PMA	F5_S2	F5_S2	F5	S2	Waste compartment	k141_45805	tet(W)	tetracycline resistance ribosomal protection protein Tet(W)	TETRACYCLINE	TETRACYCLINE	BLASTX	100.0	99.06	WP_004217777.1	C	1783272	D1	Terrabacteria group	2262
SRR17140498	non-PMA	F5_S2	F5_S2	F5	S2	Waste compartment	k141_48612	aadE	aminoglycoside 6-adenylyltransferase AadE	AMINOGLYCOSIDE	STREPTOMYCIN	PARTIAL_CONTIG_ENDX	76.74	100.0	WP_001255868.1	C	2	D	Bacteria	928
SRR17140498	non-PMA	F5_S2	F5_S2	F5	S2	Waste compartment	k141_48951	fosB	FosB family fosfomycin resistance bacillithiol transferase	FOSFOMYCIN	FOSFOMYCIN	BLASTX	100.0	99.3	WP_002467687.1	C	1282	S	Staphylococcus epidermidis	12248
SRR17140498	non-PMA	F5_S2	F5_S2	F5	S2	Waste compartment	k141_49422	aadD1	aminoglycoside O-nucleotidyltransferase ANT(4')-Ia	AMINOGLYCOSIDE	KANAMYCIN/TOBRAMYCIN	EXACTX	100.0	100.0	WP_001014230.1	C	2	D	Bacteria	1071
SRR17140498	non-PMA	F5_S2	F5_S2	F5	S2	Waste compartment	k141_56949	fosB	FosB/FosD family fosfomycin resistance bacillithiol transferase	FOSFOMYCIN	FOSFOMYCIN	PARTIAL_CONTIG_ENDX	51.08	100.0	WP_000920239.1	C	1279	G	Staphylococcus	556
SRR17140498	non-PMA	F5_S2	F5_S2	F5	S2	Waste compartment	k141_5765	mef(A)	macrolide efflux MFS transporter Mef(A)	MACROLIDE	AZITHROMYCIN/ERYTHROMYCIN	PARTIAL_CONTIG_ENDX	75.31	100.0	WP_000417519.1	C	2	D	Bacteria	918
SRR17140498	non-PMA	F5_S2	F5_S2	F5	S2	Waste compartment	k141_57947	blaZ	penicillin-hydrolyzing class A beta-lactamase BlaZ	BETA-LACTAM	BETA-LACTAM	EXACTX	100.0	100.0	WP_000733274.1	C	1279	G	Staphylococcus	4855
SRR17140498	non-PMA	F5_S2	F5_S2	F5	S2	Waste compartment	k141_57947	blaR1	beta-lactam sensor/signal transducer BlaR1	BETA-LACTAM	BETA-LACTAM	BLASTX	100.0	99.83	WP_001096386.1	C	1279	G	Staphylococcus	4855
SRR17140498	non-PMA	F5_S2	F5_S2	F5	S2	Waste compartment	k141_57947	blaI	penicillinase repressor BlaI	BETA-LACTAM	BETA-LACTAM	EXACTX	100.0	100.0	WP_001284656.1	C	1279	G	Staphylococcus	4855
SRR17140500	non-PMA	F5_S1	F5_S1	F5	S1	Cupola	k141_12585	fusB	fusidic acid resistance EF-G-binding protein FusB	FUSIDIC ACID	FUSIDIC ACID	PARTIAL_CONTIG_ENDX	80.28	100.0	WP_000855537.1	C	1279	G	Staphylococcus	1147
SRR17140500	non-PMA	F5_S1	F5_S1	F5	S1	Cupola	k141_15882	erm(44)v	23S rRNA (adenine(2058)-N(6))-methyltransferase Erm(44)v	LINCOSAMIDE/MACROLIDE	CLINDAMYCIN/ERYTHROMYCIN	PARTIAL_CONTIG_ENDX	71.19	100.0	WP_041079981.1	C	29385	S	Staphylococcus saprophyticus	527
SRR17140500	non-PMA	F5_S1	F5_S1	F5	S1	Cupola	k141_16644	blaI	penicillinase repressor BlaI	BETA-LACTAM	BETA-LACTAM	BLASTX	100.0	99.21	WP_001284656.1	C	1279	G	Staphylococcus	1999
SRR17140500	non-PMA	F5_S1	F5_S1	F5	S1	Cupola	k141_16644	blaR1	beta-lactam sensor/signal transducer BlaR1	BETA-LACTAM	BETA-LACTAM	PARTIAL_CONTIG_ENDX	58.46	100.0	WP_001096386.1	C	1279	G	Staphylococcus	1999
SRR17140500	non-PMA	F5_S1	F5_S1	F5	S1	Cupola	k141_17473	tet(A)	tetracycline efflux MFS transporter Tet(A)	TETRACYCLINE	TETRACYCLINE	EXACTX	100.0	100.0	WP_011645018.1	C	1224	P	Pseudomonadota	4328
SRR17140500	non-PMA	F5_S1	F5_S1	F5	S1	Cupola	k141_193	vga(A)	ABC-F type ribosomal protection protein Vga(A)	LINCOSAMIDE	LINCOSAMIDE	EXACTX	100.0	100.0	WP_002440627.1	C	1282	S	Staphylococcus epidermidis	5832
SRR17140500	non-PMA	F5_S1	F5_S1	F5	S1	Cupola	k141_20205	lnu(A)	lincosamide nucleotidyltransferase Lnu(A)	LINCOSAMIDE	LINCOSAMIDE	BLASTX	100.0	99.38	WP_011428879.1	C	2	D	Bacteria	650
SRR17140500	non-PMA	F5_S1	F5_S1	F5	S1	Cupola	k141_20928	lsa	Lsa family ABC-F type ribosomal protection protein	LINCOSAMIDE/STREPTOGRAMIN	LINCOSAMIDE/STREPTOGRAMIN	PARTIAL_CONTIG_ENDX	61.99	90.49	WP_063851347.1	C	997348	S1	Neisseria macacae ATCC 33926	917
SRR17140500	non-PMA	F5_S1	F5_S1	F5	S1	Cupola	k141_22434	qacA	quaternary ammonium compound efflux MFS transporter QacA	QUATERNARY AMMONIUM	QUATERNARY AMMONIUM	EXACTX	100.0	100.0	WP_000622776.1	C	1279	G	Staphylococcus	5646
SRR17140500	non-PMA	F5_S1	F5_S1	F5	S1	Cupola	k141_22446	blaZ	penicillin-hydrolyzing class A beta-lactamase BlaZ	BETA-LACTAM	BETA-LACTAM	BLASTX	100.0	99.64	WP_000733274.1	C	1279	G	Staphylococcus	3154
SRR17140500	non-PMA	F5_S1	F5_S1	F5	S1	Cupola	k141_24133	lnu(A)	lincosamide nucleotidyltransferase Lnu(A)	LINCOSAMIDE	LINCOSAMIDE	PARTIAL_CONTIG_ENDX	73.91	97.48	WP_001829870.1	C	1279	G	Staphylococcus	574
SRR17140500	non-PMA	F5_S1	F5_S1	F5	S1	Cupola	k141_25528	msr(A)	ABC-F type ribosomal protection protein Msr(A)	MACROLIDE/STREPTOGRAMIN	ERYTHROMYCIN/STREPTOGRAMIN B	BLASTX	95.7	100.0	WP_000438874.1	C	1279	G	Staphylococcus	1961
SRR17140500	non-PMA	F5_S1	F5_S1	F5	S1	Cupola	k141_275	qacC	quaternary ammonium compound efflux SMR transporter QacC	QUATERNARY AMMONIUM	QUATERNARY AMMONIUM	EXACTX	100.0	100.0	WP_001146389.1	C	1279	G	Staphylococcus	4550
SRR17140500	non-PMA	F5_S1	F5_S1	F5	S1	Cupola	k141_28025	erm(F)	23S rRNA (adenine(2058)-N(6))-methyltransferase Erm(F)	LINCOSAMIDE/MACROLIDE/STREPTOGRAMIN	CLINDAMYCIN/MACROLIDE/STREPTOGRAMIN	PARTIAL_CONTIG_ENDX	72.18	99.48	WP_002682030.1	C	2	D	Bacteria	580
SRR17140500	non-PMA	F5_S1	F5_S1	F5	S1	Cupola	k141_28101	aadD1	aminoglycoside O-nucleotidyltransferase ANT(4')-Ia	AMINOGLYCOSIDE	KANAMYCIN/TOBRAMYCIN	BLASTX	96.84	100.0	WP_001014230.1	C	2	D	Bacteria	1114
SRR17140500	non-PMA	F5_S1	F5_S1	F5	S1	Cupola	k141_30328	fosB	FosB family fosfomycin resistance bacillithiol transferase	FOSFOMYCIN	FOSFOMYCIN	BLASTX	100.0	98.59	WP_002437790.1	C	1282	S	Staphylococcus epidermidis	5690
SRR17140500	non-PMA	F5_S1	F5_S1	F5	S1	Cupola	k141_35147	tet(M)	tetracycline resistance ribosomal protection protein Tet(M)	TETRACYCLINE	TETRACYCLINE	EXACTX	100.0	100.0	WP_000691743.1	C	2608887	G1	unclassified Streptococcus	78772
SRR17140500	non-PMA	F5_S1	F5_S1	F5	S1	Cupola	k141_36052	tet(K)	tetracycline efflux MFS transporter Tet(K)	TETRACYCLINE	TETRACYCLINE	PARTIAL_CONTIG_ENDX	65.8	100.0	WP_000492283.1	C	90964	F	Staphylococcaceae	1038
SRR17140500	non-PMA	F5_S1	F5_S1	F5	S1	Cupola	k141_36551	tet(O)	tetracycline resistance ribosomal protection protein Tet(O)	TETRACYCLINE	TETRACYCLINE	BLASTX	100.0	99.84	WP_012669445.1	C	1301	G	Streptococcus	8658
SRR17140500	non-PMA	F5_S1	F5_S1	F5	S1	Cupola	k141_4896	erm(X)	23S rRNA (adenine(2058)-N(6))-methyltransferase Erm(X)	LINCOSAMIDE/MACROLIDE/STREPTOGRAMIN	AZITHROMYCIN/CLINDAMYCIN/ERYTHROMYCIN/LINCOMYCIN/STREPTOGRAMIN B/TYLOSIN	PARTIAL_CONTIG_ENDX	71.83	98.53	WP_063844894.1	C	1760	C	Actinomycetes	1422
SRR17140500	non-PMA	F5_S1	F5_S1	F5	S1	Cupola	k141_5185	erm(C)	23S rRNA (adenine(2058)-N(6))-methyltransferase Erm(C)	LINCOSAMIDE/MACROLIDE/STREPTOGRAMIN	CLINDAMYCIN/ERYTHROMYCIN/STREPTOGRAMIN B/TYLOSIN	EXACTX	100.0	100.0	WP_001003263.1	C	91061	C	Bacilli	2616
SRR17140500	non-PMA	F5_S1	F5_S1	F5	S1	Cupola	k141_5533	erm(B)	23S rRNA (adenine(2058)-N(6))-methyltransferase Erm(B)	LINCOSAMIDE/MACROLIDE/STREPTOGRAMIN	CLINDAMYCIN/ERYTHROMYCIN/STREPTOGRAMIN B	BLASTX	100.0	99.59	WP_001038790.1	C	2	D	Bacteria	835
SRR17140500	non-PMA	F5_S1	F5_S1	F5	S1	Cupola	k141_6775	msr(D)	ABC-F type ribosomal protection protein Msr(D)	MACROLIDE/STREPTOGRAMIN	AZITHROMYCIN/ERYTHROMYCIN/STREPTOGRAMIN B	EXACTX	100.0	100.0	WP_000420313.1	C	2	D	Bacteria	5144
SRR17140500	non-PMA	F5_S1	F5_S1	F5	S1	Cupola	k141_6775	mef(A)	macrolide efflux MFS transporter Mef(A)	MACROLIDE	AZITHROMYCIN/ERYTHROMYCIN	EXACTX	100.0	100.0	WP_000417519.1	C	2	D	Bacteria	5144
SRR17140500	non-PMA	F5_S1	F5_S1	F5	S1	Cupola	k141_7603	tetB(46)	tetracycline efflux ABC transporter Tet(46) subunit B	TETRACYCLINE	TETRACYCLINE	BLASTX	100.0	92.91	WP_048717443.1	C	1759399	S	Streptococcus sp. A12	27159
SRR17140500	non-PMA	F5_S1	F5_S1	F5	S1	Cupola	k141_7603	tetA(46)	tetracycline efflux ABC transporter Tet(46) subunit A	TETRACYCLINE	TETRACYCLINE	BLASTX	99.83	92.32	WP_063856469.1	C	1759399	S	Streptococcus sp. A12	27159
SRR17140500	non-PMA	F5_S1	F5_S1	F5	S1	Cupola	k141_89	mph(C)	Mph(C) family macrolide 2'-phosphotransferase	MACROLIDE	ERYTHROMYCIN/SPIRAMYCIN/TELITHROMYCIN	EXACTX	100.0	100.0	WP_000196697.1	C	1282	S	Staphylococcus epidermidis	8405
SRR17140502	non-PMA	F4_S8	F4_S8	F4	S8	Crew quarters	k141_1398	mph(C)	Mph(C) family macrolide 2'-phosphotransferase	MACROLIDE	ERYTHROMYCIN/SPIRAMYCIN/TELITHROMYCIN	PARTIAL_CONTIG_ENDX	67.56	99.5	WP_000196697.1	C	1279	G	Staphylococcus	795
SRR17140502	non-PMA	F4_S8	F4_S8	F4	S8	Crew quarters	k141_1698	erm(C)	23S rRNA (adenine(2058)-N(6))-methyltransferase Erm(C)	LINCOSAMIDE/MACROLIDE/STREPTOGRAMIN	CLINDAMYCIN/ERYTHROMYCIN/STREPTOGRAMIN B/TYLOSIN	BLASTX	91.39	99.55	WP_001003264.1	C	91061	C	Bacilli	849
SRR17140502	non-PMA	F4_S8	F4_S8	F4	S8	Crew quarters	k141_1992	blaZ	penicillin-hydrolyzing class A beta-lactamase BlaZ	BETA-LACTAM	BETA-LACTAM	PARTIAL_CONTIG_ENDX	64.06	99.44	WP_000733274.1	C	1279	G	Staphylococcus	540
SRR17140502	non-PMA	F4_S8	F4_S8	F4	S8	Crew quarters	k141_2680	vga(A)	ABC-F type ribosomal protection protein Vga(A)	LINCOSAMIDE	LINCOSAMIDE	PARTIAL_CONTIG_ENDX	70.88	99.73	WP_032492560.1	C	1279	G	Staphylococcus	1397
SRR17140502	non-PMA	F4_S8	F4_S8	F4	S8	Crew quarters	k141_4510	msr(A)	ABC-F type ribosomal protection protein Msr(A)	MACROLIDE/STREPTOGRAMIN	ERYTHROMYCIN/STREPTOGRAMIN B	BLASTX	100.0	99.8	WP_000438874.1	C	1279	G	Staphylococcus	2453
SRR17140502	non-PMA	F4_S8	F4_S8	F4	S8	Crew quarters	k141_5284	fosB	FosB family fosfomycin resistance bacillithiol transferase	FOSFOMYCIN	FOSFOMYCIN	PARTIAL_CONTIG_ENDX	63.38	97.78	WP_002437790.1	C	1282	S	Staphylococcus epidermidis	953
SRR17140502	non-PMA	F4_S8	F4_S8	F4	S8	Crew quarters	k141_6595	qacA	quaternary ammonium compound efflux MFS transporter QacA	QUATERNARY AMMONIUM	QUATERNARY AMMONIUM	BLASTX	100.0	99.81	WP_000622776.1	C	1279	G	Staphylococcus	2616
SRR17140502	non-PMA	F4_S8	F4_S8	F4	S8	Crew quarters	k141_7144	blaI	penicillinase repressor BlaI	BETA-LACTAM	BETA-LACTAM	BLASTX	100.0	99.21	WP_001284656.1	C	1385	O	Bacillales	1533
SRR17140504	non-PMA	F4_S7	F4_S7	F4	S7	Lab overhead	k141_2054	vga(A)	ABC-F type ribosomal protection protein Vga(A)	LINCOSAMIDE	LINCOSAMIDE	BLASTX	100.0	98.85	WP_032492560.1	C	1279	G	Staphylococcus	2993
SRR17140504	non-PMA	F4_S7	F4_S7	F4	S7	Lab overhead	k141_2186	aadD1	aminoglycoside O-nucleotidyltransferase ANT(4')-Ia	AMINOGLYCOSIDE	KANAMYCIN/TOBRAMYCIN	EXACTX	100.0	100.0	WP_001014230.1	C	2	D	Bacteria	1268
SRR17140504	non-PMA	F4_S7	F4_S7	F4	S7	Lab overhead	k141_2363	catA	type A-8 chloramphenicol O-acetyltransferase	PHENICOL	CHLORAMPHENICOL	BLASTX	100.0	99.53	WP_000143686.1	C	1280	S	Staphylococcus aureus	2588
SRR17140504	non-PMA	F4_S7	F4_S7	F4	S7	Lab overhead	k141_2646	msr(D)	ABC-F type ribosomal protection protein Msr(D)	MACROLIDE/STREPTOGRAMIN	AZITHROMYCIN/ERYTHROMYCIN/STREPTOGRAMIN B	EXACTX	100.0	100.0	WP_000420313.1	C	1783272	D1	Terrabacteria group	5994
SRR17140504	non-PMA	F4_S7	F4_S7	F4	S7	Lab overhead	k141_2646	mef(A)	macrolide efflux MFS transporter Mef(A)	MACROLIDE	AZITHROMYCIN/ERYTHROMYCIN	EXACTX	100.0	100.0	WP_000417519.1	C	1783272	D1	Terrabacteria group	5994
SRR17140504	non-PMA	F4_S7	F4_S7	F4	S7	Lab overhead	k141_268	blaZ	penicillin-hydrolyzing class A beta-lactamase BlaZ	BETA-LACTAM	BETA-LACTAM	BLASTX	100.0	99.29	WP_000733274.1	C	1279	G	Staphylococcus	4096
SRR17140504	non-PMA	F4_S7	F4_S7	F4	S7	Lab overhead	k141_268	blaR1	beta-lactam sensor/signal transducer BlaR1	BETA-LACTAM	BETA-LACTAM	EXACTX	100.0	100.0	WP_001096386.1	C	1279	G	Staphylococcus	4096
SRR17140504	non-PMA	F4_S7	F4_S7	F4	S7	Lab overhead	k141_268	blaI	penicillinase repressor BlaI	BETA-LACTAM	BETA-LACTAM	BLASTX	100.0	99.21	WP_001284656.1	C	1279	G	Staphylococcus	4096
SRR17140504	non-PMA	F4_S7	F4_S7	F4	S7	Lab overhead	k141_3726	qacC	quaternary ammonium compound efflux SMR transporter QacC	QUATERNARY AMMONIUM	QUATERNARY AMMONIUM	EXACTX	100.0	100.0	WP_001146389.1	C	1279	G	Staphylococcus	658
SRR17140504	non-PMA	F4_S7	F4_S7	F4	S7	Lab overhead	k141_379	tet(M)	tetracycline resistance ribosomal protection protein Tet(M)	TETRACYCLINE	TETRACYCLINE	PARTIAL_CONTIG_ENDX	55.4	99.72	WP_063856401.1	C	2	D	Bacteria	1066
SRR17140504	non-PMA	F4_S7	F4_S7	F4	S7	Lab overhead	k141_4616	msr(A)	ABC-F type ribosomal protection protein Msr(A)	MACROLIDE/STREPTOGRAMIN	ERYTHROMYCIN/STREPTOGRAMIN B	BLASTX	100.0	99.59	WP_000438874.1	C	1279	G	Staphylococcus	9268
SRR17140504	non-PMA	F4_S7	F4_S7	F4	S7	Lab overhead	k141_4616	mph(C)	Mph(C) family macrolide 2'-phosphotransferase	MACROLIDE	ERYTHROMYCIN/SPIRAMYCIN/TELITHROMYCIN	EXACTX	100.0	100.0	WP_000196697.1	C	1279	G	Staphylococcus	9268
SRR17140504	non-PMA	F4_S7	F4_S7	F4	S7	Lab overhead	k141_4616	qacA	quaternary ammonium compound efflux MFS transporter QacA	QUATERNARY AMMONIUM	QUATERNARY AMMONIUM	EXACTX	100.0	100.0	WP_000622776.1	C	1279	G	Staphylococcus	9268
SRR17140504	non-PMA	F4_S7	F4_S7	F4	S7	Lab overhead	k141_7642	fosB	FosB family fosfomycin resistance bacillithiol transferase	FOSFOMYCIN	FOSFOMYCIN	BLASTX	100.0	98.59	WP_002437790.1	C	1282	S	Staphylococcus epidermidis	42322
SRR17140504	non-PMA	F4_S7	F4_S7	F4	S7	Lab overhead	k141_8052	lnu(A)'	lincosamide nucleotidyltransferase Lnu(A)'	LINCOSAMIDE	LINCOSAMIDE	ALLELEX	100.0	100.0	WP_011428879.1	C	1279	G	Staphylococcus	3983
SRR17140504	non-PMA	F4_S7	F4_S7	F4	S7	Lab overhead	k141_8181	lnu(A)	lincosamide nucleotidyltransferase Lnu(A)	LINCOSAMIDE	LINCOSAMIDE	PARTIAL_CONTIG_ENDX	57.76	98.92	WP_001829870.1	C	1279	G	Staphylococcus	1733
SRR17140504	non-PMA	F4_S7	F4_S7	F4	S7	Lab overhead	k141_855	lnu(A)	lincosamide nucleotidyltransferase Lnu(A)	LINCOSAMIDE	LINCOSAMIDE	PARTIAL_CONTIG_ENDX	57.76	100.0	WP_011645010.1	C	90964	F	Staphylococcaceae	1105
SRR17140504	non-PMA	F4_S7	F4_S7	F4	S7	Lab overhead	k141_880	erm(C)	23S rRNA (adenine(2058)-N(6))-methyltransferase Erm(C)	LINCOSAMIDE/MACROLIDE/STREPTOGRAMIN	CLINDAMYCIN/ERYTHROMYCIN/STREPTOGRAMIN B/TYLOSIN	PARTIAL_CONTIG_ENDX	64.75	100.0	WP_001003263.1	C	91061	C	Bacilli	1528
