Protein id	Contig id	Start	Stop	Strand	Element symbol	Element name	Scope	Type	Subtype	Class	Subclass	Method	Target length	Reference sequence length	% Coverage of reference	% Identity to reference	Alignment length	Closest reference accession	Closest reference name	HMM accession	HMM description	Run	STATUS	SampleName	Pair_ID	Flight	LocationCode	Location
	k141_1758	278	655	-	blaI	penicillinase repressor BlaI	core	AMR	AMR	BETA-LACTAM	BETA-LACTAM	BLASTX	126	126	100.0	99.21	126	WP_001284656.1	penicillinase repressor BlaI			SRR17140446	PMA	F6_S7_P	F6_S7	F6	S7	Lab overhead
	k141_1758	648	2357	-	blaR1	beta-lactam sensor/signal transducer BlaR1	core	AMR	AMR	BETA-LACTAM	BETA-LACTAM	BLASTX	570	585	97.44	99.82	570	WP_001096392.1	beta-lactam sensor/signal transducer BlaR1			SRR17140446	PMA	F6_S7_P	F6_S7	F6	S7	Lab overhead
	k141_1859	2	745	-	blaZ	penicillin-hydrolyzing class A beta-lactamase BlaZ	core	AMR	AMR	BETA-LACTAM	BETA-LACTAM	PARTIAL_CONTIG_ENDX	248	281	88.26	96.77	248	WP_000733281.1	penicillin-hydrolyzing class A beta-lactamase BlaZ			SRR17140457	PMA	F6_S2_P	F6_S2	F6	S2	Waste compartment
	k141_2625	112	489	-	blaI	penicillinase repressor BlaI	core	AMR	AMR	BETA-LACTAM	BETA-LACTAM	BLASTX	126	126	100.0	96.03	126	WP_001284656.1	penicillinase repressor BlaI			SRR17140457	PMA	F6_S2_P	F6_S2	F6	S2	Waste compartment
	k141_223	1129	1857	+	erm(A)	23S rRNA (adenine(2058)-N(6))-methyltransferase Erm(A)	core	AMR	AMR	LINCOSAMIDE/MACROLIDE	AZITHROMYCIN/CLARITHROMYCIN/CLINDAMYCIN/ERYTHROMYCIN/TELITHROMYCIN	EXACTX	243	243	100.0	100.0	243	WP_001072201.1	23S rRNA (adenine(2058)-N(6))-methyltransferase Erm(A)			SRR17140463	PMA	F4_S2_P	F4_S2	F4	S2	Waste compartment
	k141_2736	436	918	+	lnu(A)'	lincosamide nucleotidyltransferase Lnu(A)'	core	AMR	AMR	LINCOSAMIDE	LINCOSAMIDE	ALLELEX	161	161	100.0	100.0	161	WP_011428879.1	lincosamide nucleotidyltransferase Lnu(A)'			SRR17140463	PMA	F4_S2_P	F4_S2	F4	S2	Waste compartment
	k141_290	2	976	-	mecR1	beta-lactam sensor/signal transducer MecR1	core	AMR	AMR	BETA-LACTAM	METHICILLIN	PARTIAL_CONTIG_ENDX	325	585	55.56	100.0	325	WP_000952923.1	beta-lactam sensor/signal transducer MecR1			SRR17140463	PMA	F4_S2_P	F4_S2	F4	S2	Waste compartment
	k141_290	1076	2653	+	mecA	PBP2a family beta-lactam-resistant peptidoglycan transpeptidase MecA	core	AMR	AMR	BETA-LACTAM	METHICILLIN	PARTIALX	526	668	78.74	100.0	526	WP_000721310.1	PBP2a family beta-lactam-resistant peptidoglycan transpeptidase MecA			SRR17140463	PMA	F4_S2_P	F4_S2	F4	S2	Waste compartment
	k141_3492	443	1201	+	aadD1	aminoglycoside O-nucleotidyltransferase ANT(4')-Ia	core	AMR	AMR	AMINOGLYCOSIDE	KANAMYCIN/TOBRAMYCIN	EXACTX	253	253	100.0	100.0	253	WP_001014230.1	aminoglycoside O-nucleotidyltransferase ANT(4')-Ia			SRR17140463	PMA	F4_S2_P	F4_S2	F4	S2	Waste compartment
	k141_3492	1421	1822	+	bleO	bleomycin binding protein	core	AMR	AMR	BLEOMYCIN	BLEOMYCIN	EXACTX	134	134	100.0	100.0	134	WP_001242578.1	bleomycin binding protein			SRR17140463	PMA	F4_S2_P	F4_S2	F4	S2	Waste compartment
	k141_3712	2008	3549	+	qacB	quaternary ammonium compound efflux MFS transporter QacB	core	STRESS	BIOCIDE	QUATERNARY AMMONIUM	QUATERNARY AMMONIUM	BLASTX	514	514	100.0	99.61	514	WP_000622778.1	quaternary ammonium compound efflux MFS transporter QacB			SRR17140463	PMA	F4_S2_P	F4_S2	F4	S2	Waste compartment
	k141_3952	474	899	+	fosB	FosB family fosfomycin resistance bacillithiol transferase	core	AMR	AMR	FOSFOMYCIN	FOSFOMYCIN	INTERNAL_STOP	142	142	100.0	98.59	142	WP_002467687.1	FosB family fosfomycin resistance bacillithiol transferase			SRR17140463	PMA	F4_S2_P	F4_S2	F4	S2	Waste compartment
	k141_3968	20	832	-	aph(3')-Ia	aminoglycoside O-phosphotransferase APH(3')-Ia	core	AMR	AMR	AMINOGLYCOSIDE	KANAMYCIN	EXACTX	271	271	100.0	100.0	271	WP_000018326.1	aminoglycoside O-phosphotransferase APH(3')-Ia			SRR17140463	PMA	F4_S2_P	F4_S2	F4	S2	Waste compartment
	k141_5589	123	902	-	ant(9)-Ia	aminoglycoside nucleotidyltransferase ANT(9)-Ia	core	AMR	AMR	AMINOGLYCOSIDE	SPECTINOMYCIN	EXACTX	260	260	100.0	100.0	260	WP_000067268.1	aminoglycoside nucleotidyltransferase ANT(9)-Ia			SRR17140463	PMA	F4_S2_P	F4_S2	F4	S2	Waste compartment
	k141_5647	11088	12551	+	msr(A)	ABC-F type ribosomal protection protein Msr(A)	core	AMR	AMR	MACROLIDE/STREPTOGRAMIN	ERYTHROMYCIN/STREPTOGRAMIN B	EXACTX	488	488	100.0	100.0	488	WP_002447408.1	ABC-F type ribosomal protection protein Msr(A)			SRR17140463	PMA	F4_S2_P	F4_S2	F4	S2	Waste compartment
	k141_5647	14362	14739	-	blaI	penicillinase repressor BlaI	core	AMR	AMR	BETA-LACTAM	BETA-LACTAM	BLASTX	126	126	100.0	99.21	126	WP_001284656.1	penicillinase repressor BlaI			SRR17140463	PMA	F4_S2_P	F4_S2	F4	S2	Waste compartment
	k141_5647	14732	16486	-	blaR1	beta-lactam sensor/signal transducer BlaR1	core	AMR	AMR	BETA-LACTAM	BETA-LACTAM	EXACTX	585	585	100.0	100.0	585	WP_001096386.1	beta-lactam sensor/signal transducer BlaR1			SRR17140463	PMA	F4_S2_P	F4_S2	F4	S2	Waste compartment
	k141_5647	16593	17435	+	blaZ	penicillin-hydrolyzing class A beta-lactamase BlaZ	core	AMR	AMR	BETA-LACTAM	BETA-LACTAM	EXACTX	281	281	100.0	100.0	281	WP_000733274.1	penicillin-hydrolyzing class A beta-lactamase BlaZ			SRR17140463	PMA	F4_S2_P	F4_S2	F4	S2	Waste compartment
	k141_6080	683	2248	+	vga(A)	ABC-F type ribosomal protection protein Vga(A)	core	AMR	AMR	LINCOSAMIDE	LINCOSAMIDE	EXACTX	522	522	100.0	100.0	522	WP_032492560.1	ABC-F type ribosomal protection protein Vga(A)			SRR17140463	PMA	F4_S2_P	F4_S2	F4	S2	Waste compartment
	k141_6326	1724	3091	+	aac(6')-Ie/aph(2'')-Ia	bifunctional aminoglycoside N-acetyltransferase AAC(6')-Ie/aminoglycoside O-phosphotransferase APH(2'')-Ia	core	AMR	AMR	AMINOGLYCOSIDE	AMIKACIN/GENTAMICIN/KANAMYCIN/TOBRAMYCIN	BLASTX	456	479	95.2	100.0	456	WP_001028144.1	bifunctional aminoglycoside N-acetyltransferase AAC(6')-Ie/aminoglycoside O-phosphotransferase APH(2'')-Ia			SRR17140463	PMA	F4_S2_P	F4_S2	F4	S2	Waste compartment
	k141_6441	158	715	+	erm(X)	23S rRNA (adenine(2058)-N(6))-methyltransferase Erm(X)	core	AMR	AMR	LINCOSAMIDE/MACROLIDE/STREPTOGRAMIN	AZITHROMYCIN/CLINDAMYCIN/ERYTHROMYCIN/LINCOMYCIN/STREPTOGRAMIN B/TYLOSIN	PARTIAL_CONTIG_ENDX	186	284	65.49	99.46	186	WP_011117480.1	23S rRNA (adenine(2058)-N(6))-methyltransferase Erm(X)			SRR17140463	PMA	F4_S2_P	F4_S2	F4	S2	Waste compartment
	k141_6721	3	341	+	fusB	fusidic acid resistance EF-G-binding protein FusB	core	AMR	AMR	FUSIDIC ACID	FUSIDIC ACID	PARTIAL_CONTIG_ENDX	113	213	53.05	100.0	113	WP_000855537.1	fusidic acid resistance EF-G-binding protein FusB			SRR17140463	PMA	F4_S2_P	F4_S2	F4	S2	Waste compartment
	k141_2749	1	288	-	blaI	penicillinase repressor BlaI	core	AMR	AMR	BETA-LACTAM	BETA-LACTAM	PARTIAL_CONTIG_ENDX	96	126	76.19	95.83	96	WP_001284656.1	penicillinase repressor BlaI			SRR17140464	PMA	F5_S7_P	F5_S7	F5	S7	Lab overhead
	k141_2749	281	1687	-	blaR1	beta-lactam sensor/signal transducer BlaR1	core	AMR	AMR	BETA-LACTAM	BETA-LACTAM	INTERNAL_STOP	469	585	79.83	91.93	471	WP_001096392.1	beta-lactam sensor/signal transducer BlaR1			SRR17140464	PMA	F5_S7_P	F5_S7	F5	S7	Lab overhead
	k141_3266	239	559	-	qacC	quaternary ammonium compound efflux SMR transporter QacC	core	STRESS	BIOCIDE	QUATERNARY AMMONIUM	QUATERNARY AMMONIUM	EXACTX	107	107	100.0	100.0	107	WP_001146389.1	quaternary ammonium compound efflux SMR transporter QacC			SRR17140464	PMA	F5_S7_P	F5_S7	F5	S7	Lab overhead
	k141_3615	51	509	+	blaZ	penicillin-hydrolyzing class A beta-lactamase BlaZ	core	AMR	AMR	BETA-LACTAM	BETA-LACTAM	PARTIAL_CONTIG_ENDX	153	281	54.45	98.04	153	WP_000733274.1	penicillin-hydrolyzing class A beta-lactamase BlaZ			SRR17140464	PMA	F5_S7_P	F5_S7	F5	S7	Lab overhead
	k141_516	371	817	-	erm(X)	23S rRNA (adenine(2058)-N(6))-methyltransferase Erm(X)	core	AMR	AMR	LINCOSAMIDE/MACROLIDE/STREPTOGRAMIN	AZITHROMYCIN/CLINDAMYCIN/ERYTHROMYCIN/LINCOMYCIN/STREPTOGRAMIN B/TYLOSIN	PARTIAL_CONTIG_ENDX	149	284	52.46	97.32	149	WP_063844894.1	23S rRNA (adenine(2058)-N(6))-methyltransferase Erm(X)			SRR17140471	PMA	F7_S6_P	F7_S6	F7	S6	PMM
	k141_1823	111	431	-	qacC	quaternary ammonium compound efflux SMR transporter QacC	core	STRESS	BIOCIDE	QUATERNARY AMMONIUM	QUATERNARY AMMONIUM	EXACTX	107	107	100.0	100.0	107	WP_001146389.1	quaternary ammonium compound efflux SMR transporter QacC			SRR17140477	PMA	F7_S3_P	F7_S3	F7	S3	Exercise platform
	k141_1862	1581	1901	+	qacG	quaternary ammonium compound efflux SMR transporter QacG	core	STRESS	BIOCIDE	QUATERNARY AMMONIUM	QUATERNARY AMMONIUM	BLASTX	107	107	100.0	98.13	107	WP_015740450.1	quaternary ammonium compound efflux SMR transporter QacG			SRR17140477	PMA	F7_S3_P	F7_S3	F7	S3	Exercise platform
	k141_2487	1	618	+	blaZ	penicillin-hydrolyzing class A beta-lactamase BlaZ	core	AMR	AMR	BETA-LACTAM	BETA-LACTAM	PARTIAL_CONTIG_ENDX	206	281	73.31	97.09	206	WP_000733281.1	penicillin-hydrolyzing class A beta-lactamase BlaZ			SRR17140477	PMA	F7_S3_P	F7_S3	F7	S3	Exercise platform
	k141_3562	599	2062	+	msr(A)	ABC-F type ribosomal protection protein Msr(A)	core	AMR	AMR	MACROLIDE/STREPTOGRAMIN	ERYTHROMYCIN/STREPTOGRAMIN B	BLASTX	488	488	100.0	99.8	488	WP_000438874.1	ABC-F type ribosomal protection protein Msr(A)			SRR17140477	PMA	F7_S3_P	F7_S3	F7	S3	Exercise platform
	k141_3562	2164	3060	+	mph(C)	Mph(C) family macrolide 2'-phosphotransferase	core	AMR	AMR	MACROLIDE	ERYTHROMYCIN/SPIRAMYCIN/TELITHROMYCIN	EXACTX	299	299	100.0	100.0	299	WP_000196697.1	Mph(C) family macrolide 2'-phosphotransferase			SRR17140477	PMA	F7_S3_P	F7_S3	F7	S3	Exercise platform
	k141_3562	5113	6654	+	qacB	quaternary ammonium compound efflux MFS transporter QacB	core	STRESS	BIOCIDE	QUATERNARY AMMONIUM	QUATERNARY AMMONIUM	BLASTX	514	514	100.0	99.61	514	WP_000622778.1	quaternary ammonium compound efflux MFS transporter QacB			SRR17140477	PMA	F7_S3_P	F7_S3	F7	S3	Exercise platform
	k141_3826	178	1029	+	erm(X)	23S rRNA (adenine(2058)-N(6))-methyltransferase Erm(X)	core	AMR	AMR	LINCOSAMIDE/MACROLIDE/STREPTOGRAMIN	AZITHROMYCIN/CLINDAMYCIN/ERYTHROMYCIN/LINCOMYCIN/STREPTOGRAMIN B/TYLOSIN	EXACTX	284	284	100.0	100.0	284	WP_011117480.1	23S rRNA (adenine(2058)-N(6))-methyltransferase Erm(X)			SRR17140477	PMA	F7_S3_P	F7_S3	F7	S3	Exercise platform
	k141_4332	643	1734	-	mef(A)	macrolide efflux MFS transporter Mef(A)	core	AMR	AMR	MACROLIDE	AZITHROMYCIN/ERYTHROMYCIN	PARTIAL_CONTIG_ENDX	364	405	89.88	99.73	364	WP_000417519.1	macrolide efflux MFS transporter Mef(A)			SRR17140477	PMA	F7_S3_P	F7_S3	F7	S3	Exercise platform
	k141_46483	1	1146	-	tet(42)	tetracycline efflux MFS transporter Tet(42)	core	AMR	AMR	TETRACYCLINE	TETRACYCLINE	PARTIAL_CONTIG_ENDX	382	428	89.25	95.55	382	WP_063855882.1	tetracycline efflux MFS transporter Tet(42)			SRR17140484	PMA	F6_S8_P	F6_S8	F6	S8	Crew quarters
	k141_423	2	1069	-	msr(A)	ABC-F type ribosomal protection protein Msr(A)	core	AMR	AMR	MACROLIDE/STREPTOGRAMIN	ERYTHROMYCIN/STREPTOGRAMIN B	PARTIAL_CONTIG_ENDX	356	488	72.95	100.0	356	WP_000438874.1	ABC-F type ribosomal protection protein Msr(A)			SRR17140490	PMA	F5_S5_P	F5_S5	F5	S5	Overhead 4
	k141_10207	220	1221	+	blaR1	beta-lactam sensor/signal transducer BlaR1	core	AMR	AMR	BETA-LACTAM	BETA-LACTAM	PARTIAL_CONTIG_ENDX	334	585	57.09	98.5	334	WP_001096392.1	beta-lactam sensor/signal transducer BlaR1			SRR17140494	PMA	F5_S3_P	F5_S3	F5	S3	Exercise platform
	k141_10516	57	323	+	fosB	FosB family fosfomycin resistance bacillithiol transferase	core	AMR	AMR	FOSFOMYCIN	FOSFOMYCIN	PARTIALX	89	142	62.68	100.0	89	WP_002437790.1	FosB family fosfomycin resistance bacillithiol transferase			SRR17140494	PMA	F5_S3_P	F5_S3	F5	S3	Exercise platform
	k141_10626	2	796	+	blaZ	penicillin-hydrolyzing class A beta-lactamase BlaZ	core	AMR	AMR	BETA-LACTAM	BETA-LACTAM	BLASTX	265	281	94.31	97.36	265	WP_000733274.1	penicillin-hydrolyzing class A beta-lactamase BlaZ			SRR17140494	PMA	F5_S3_P	F5_S3	F5	S3	Exercise platform
	k141_10707	674	994	+	qacC	quaternary ammonium compound efflux SMR transporter QacC	core	STRESS	BIOCIDE	QUATERNARY AMMONIUM	QUATERNARY AMMONIUM	EXACTX	107	107	100.0	100.0	107	WP_001146389.1	quaternary ammonium compound efflux SMR transporter QacC			SRR17140494	PMA	F5_S3_P	F5_S3	F5	S3	Exercise platform
	k141_1388	171	809	-	fusD	FusD family fusidic acid resistance EF-G-binding protein	core	AMR	AMR	FUSIDIC ACID	FUSIDIC ACID	BLASTX	213	213	100.0	98.12	213	WP_011303797.1	FusD family fusidic acid resistance EF-G-binding protein			SRR17140494	PMA	F5_S3_P	F5_S3	F5	S3	Exercise platform
	k141_3756	861	2249	+	qacA	quaternary ammonium compound efflux MFS transporter QacA	core	STRESS	BIOCIDE	QUATERNARY AMMONIUM	QUATERNARY AMMONIUM	BLASTX	463	514	90.08	99.35	463	WP_000622776.1	quaternary ammonium compound efflux MFS transporter QacA			SRR17140494	PMA	F5_S3_P	F5_S3	F5	S3	Exercise platform
	k141_382	3	716	-	erm(C)	23S rRNA (adenine(2058)-N(6))-methyltransferase Erm(C)	core	AMR	AMR	LINCOSAMIDE/MACROLIDE/STREPTOGRAMIN	CLINDAMYCIN/ERYTHROMYCIN/STREPTOGRAMIN B/TYLOSIN	BLASTX	238	244	97.54	99.58	238	WP_001003260.1	23S rRNA (adenine(2058)-N(6))-methyltransferase Erm(C)			SRR17140494	PMA	F5_S3_P	F5_S3	F5	S3	Exercise platform
	k141_455	1	618	-	erm(X)	23S rRNA (adenine(2058)-N(6))-methyltransferase Erm(X)	core	AMR	AMR	LINCOSAMIDE/MACROLIDE/STREPTOGRAMIN	AZITHROMYCIN/CLINDAMYCIN/ERYTHROMYCIN/LINCOMYCIN/STREPTOGRAMIN B/TYLOSIN	PARTIAL_CONTIG_ENDX	206	284	72.54	99.03	206	WP_063844894.1	23S rRNA (adenine(2058)-N(6))-methyltransferase Erm(X)			SRR17140494	PMA	F5_S3_P	F5_S3	F5	S3	Exercise platform
	k141_6793	1228	2124	-	mph(C)	Mph(C) family macrolide 2'-phosphotransferase	core	AMR	AMR	MACROLIDE	ERYTHROMYCIN/SPIRAMYCIN/TELITHROMYCIN	EXACTX	299	299	100.0	100.0	299	WP_000196697.1	Mph(C) family macrolide 2'-phosphotransferase			SRR17140494	PMA	F5_S3_P	F5_S3	F5	S3	Exercise platform
	k141_6793	2226	3689	-	msr(A)	ABC-F type ribosomal protection protein Msr(A)	core	AMR	AMR	MACROLIDE/STREPTOGRAMIN	ERYTHROMYCIN/STREPTOGRAMIN B	BLASTX	488	488	100.0	99.8	488	WP_000438874.1	ABC-F type ribosomal protection protein Msr(A)			SRR17140494	PMA	F5_S3_P	F5_S3	F5	S3	Exercise platform
	k141_8673	116	544	-	fusB	fusidic acid resistance EF-G-binding protein FusB	core	AMR	AMR	FUSIDIC ACID	FUSIDIC ACID	PARTIAL_CONTIG_ENDX	143	213	67.14	100.0	143	WP_000855537.1	fusidic acid resistance EF-G-binding protein FusB			SRR17140494	PMA	F5_S3_P	F5_S3	F5	S3	Exercise platform
	k141_9966	430	705	+	blaI	penicillinase repressor BlaI	core	AMR	AMR	BETA-LACTAM	BETA-LACTAM	PARTIAL_CONTIG_ENDX	92	126	73.02	98.91	92	WP_001284656.1	penicillinase repressor BlaI			SRR17140494	PMA	F5_S3_P	F5_S3	F5	S3	Exercise platform
	k141_169	1568	1888	+	qacC	quaternary ammonium compound efflux SMR transporter QacC	core	STRESS	BIOCIDE	QUATERNARY AMMONIUM	QUATERNARY AMMONIUM	EXACTX	107	107	100.0	100.0	107	WP_001146389.1	quaternary ammonium compound efflux SMR transporter QacC			SRR17140497	PMA	F5_S2_P	F5_S2	F5	S2	Waste compartment
	k141_2516	2	784	+	qacA	quaternary ammonium compound efflux MFS transporter QacA	core	STRESS	BIOCIDE	QUATERNARY AMMONIUM	QUATERNARY AMMONIUM	PARTIAL_CONTIG_ENDX	261	514	50.78	98.08	261	WP_000622776.1	quaternary ammonium compound efflux MFS transporter QacA			SRR17140497	PMA	F5_S2_P	F5_S2	F5	S2	Waste compartment
	k141_3139	1	561	-	erm(X)	23S rRNA (adenine(2058)-N(6))-methyltransferase Erm(X)	core	AMR	AMR	LINCOSAMIDE/MACROLIDE/STREPTOGRAMIN	AZITHROMYCIN/CLINDAMYCIN/ERYTHROMYCIN/LINCOMYCIN/STREPTOGRAMIN B/TYLOSIN	INTERNAL_STOP	187	284	65.85	99.47	187	WP_011117480.1	23S rRNA (adenine(2058)-N(6))-methyltransferase Erm(X)			SRR17140497	PMA	F5_S2_P	F5_S2	F5	S2	Waste compartment
	k141_3602	11451	12089	-	fusB	fusidic acid resistance EF-G-binding protein FusB	core	AMR	AMR	FUSIDIC ACID	FUSIDIC ACID	EXACTX	213	213	100.0	100.0	213	WP_000855537.1	fusidic acid resistance EF-G-binding protein FusB			SRR17140497	PMA	F5_S2_P	F5_S2	F5	S2	Waste compartment
	k141_11750	872	1510	-	fusB	fusidic acid resistance EF-G-binding protein FusB	core	AMR	AMR	FUSIDIC ACID	FUSIDIC ACID	BLASTX	213	213	100.0	99.53	213	WP_000855537.1	fusidic acid resistance EF-G-binding protein FusB			SRR17140443	non-PMA	F4_S6	F4_S6	F4	S6	PMM
	k141_13193	851	2314	+	msr(A)	ABC-F type ribosomal protection protein Msr(A)	core	AMR	AMR	MACROLIDE/STREPTOGRAMIN	ERYTHROMYCIN/STREPTOGRAMIN B	BLASTX	488	488	100.0	99.8	488	WP_000438874.1	ABC-F type ribosomal protection protein Msr(A)			SRR17140443	non-PMA	F4_S6	F4_S6	F4	S6	PMM
	k141_13193	2416	3312	+	mph(C)	Mph(C) family macrolide 2'-phosphotransferase	core	AMR	AMR	MACROLIDE	ERYTHROMYCIN/SPIRAMYCIN/TELITHROMYCIN	EXACTX	299	299	100.0	100.0	299	WP_000196697.1	Mph(C) family macrolide 2'-phosphotransferase			SRR17140443	non-PMA	F4_S6	F4_S6	F4	S6	PMM
	k141_14432	1606	2982	+	tet(K)	tetracycline efflux MFS transporter Tet(K)	core	AMR	AMR	TETRACYCLINE	TETRACYCLINE	EXACTX	459	459	100.0	100.0	459	WP_000492283.1	tetracycline efflux MFS transporter Tet(K)			SRR17140443	non-PMA	F4_S6	F4_S6	F4	S6	PMM
	k141_14643	1662	3176	-	mecA	PBP2a family beta-lactam-resistant peptidoglycan transpeptidase MecA	core	AMR	AMR	BETA-LACTAM	METHICILLIN	PARTIAL_CONTIG_ENDX	505	668	75.6	100.0	505	WP_000721310.1	PBP2a family beta-lactam-resistant peptidoglycan transpeptidase MecA			SRR17140443	non-PMA	F4_S6	F4_S6	F4	S6	PMM
	k141_14765	759	1601	-	blaZ	penicillin-hydrolyzing class A beta-lactamase BlaZ	core	AMR	AMR	BETA-LACTAM	BETA-LACTAM	BLASTX	281	281	100.0	95.02	281	WP_000733281.1	penicillin-hydrolyzing class A beta-lactamase BlaZ			SRR17140443	non-PMA	F4_S6	F4_S6	F4	S6	PMM
	k141_14765	1708	3462	+	blaR1	beta-lactam sensor/signal transducer BlaR1	core	AMR	AMR	BETA-LACTAM	BETA-LACTAM	BLASTX	585	585	100.0	99.15	585	WP_001096386.1	beta-lactam sensor/signal transducer BlaR1			SRR17140443	non-PMA	F4_S6	F4_S6	F4	S6	PMM
	k141_14765	3455	3832	+	blaI	penicillinase repressor BlaI	core	AMR	AMR	BETA-LACTAM	BETA-LACTAM	BLASTX	126	126	100.0	99.21	126	WP_001284656.1	penicillinase repressor BlaI			SRR17140443	non-PMA	F4_S6	F4_S6	F4	S6	PMM
	k141_16052	367	1539	+	cmx	chloramphenicol efflux MFS transporter Cmx	core	AMR	AMR	PHENICOL	CHLORAMPHENICOL	EXACTX	391	391	100.0	100.0	391	WP_005297378.1	chloramphenicol efflux MFS transporter Cmx			SRR17140443	non-PMA	F4_S6	F4_S6	F4	S6	PMM
	k141_18347	846	1697	+	erm(X)	23S rRNA (adenine(2058)-N(6))-methyltransferase Erm(X)	core	AMR	AMR	LINCOSAMIDE/MACROLIDE/STREPTOGRAMIN	AZITHROMYCIN/CLINDAMYCIN/ERYTHROMYCIN/LINCOMYCIN/STREPTOGRAMIN B/TYLOSIN	BLASTX	284	284	100.0	98.94	284	WP_063844894.1	23S rRNA (adenine(2058)-N(6))-methyltransferase Erm(X)			SRR17140443	non-PMA	F4_S6	F4_S6	F4	S6	PMM
	k141_18363	2619	4184	+	vga(A)	ABC-F type ribosomal protection protein Vga(A)	core	AMR	AMR	LINCOSAMIDE	LINCOSAMIDE	BLASTX	522	522	100.0	99.81	522	WP_032492560.1	ABC-F type ribosomal protection protein Vga(A)			SRR17140443	non-PMA	F4_S6	F4_S6	F4	S6	PMM
	k141_1910	22996	23373	+	fusF	fusidic acid resistance EF-G-binding protein FusF	core	AMR	AMR	FUSIDIC ACID	FUSIDIC ACID	PARTIAL_CONTIG_ENDX	126	214	58.88	100.0	126	WP_063851267.1	fusidic acid resistance EF-G-binding protein FusF			SRR17140443	non-PMA	F4_S6	F4_S6	F4	S6	PMM
	k141_19185	196	714	-	aph(3')-Ia	aminoglycoside O-phosphotransferase APH(3')-Ia	core	AMR	AMR	AMINOGLYCOSIDE	KANAMYCIN	PARTIAL_CONTIG_ENDX	173	271	63.84	100.0	173	WP_000018326.1	aminoglycoside O-phosphotransferase APH(3')-Ia			SRR17140443	non-PMA	F4_S6	F4_S6	F4	S6	PMM
	k141_20956	1	786	-	erm(X)	23S rRNA (adenine(2058)-N(6))-methyltransferase Erm(X)	core	AMR	AMR	LINCOSAMIDE/MACROLIDE/STREPTOGRAMIN	AZITHROMYCIN/CLINDAMYCIN/ERYTHROMYCIN/LINCOMYCIN/STREPTOGRAMIN B/TYLOSIN	BLASTX	262	284	92.25	99.62	262	WP_011117480.1	23S rRNA (adenine(2058)-N(6))-methyltransferase Erm(X)			SRR17140443	non-PMA	F4_S6	F4_S6	F4	S6	PMM
	k141_21825	2484	3128	-	catA	type A-8 chloramphenicol O-acetyltransferase	core	AMR	AMR	PHENICOL	CHLORAMPHENICOL	EXACTX	215	215	100.0	100.0	215	WP_000143686.1	type A-8 chloramphenicol O-acetyltransferase			SRR17140443	non-PMA	F4_S6	F4_S6	F4	S6	PMM
	k141_24536	1	453	+	lnu(A)	lincosamide nucleotidyltransferase Lnu(A)	core	AMR	AMR	LINCOSAMIDE	LINCOSAMIDE	BLASTX	151	161	93.79	100.0	151	WP_011645010.1	lincosamide nucleotidyltransferase Lnu(A)			SRR17140443	non-PMA	F4_S6	F4_S6	F4	S6	PMM
	k141_25604	2	1372	-	tet(O)	tetracycline resistance ribosomal protection protein Tet(O)	core	AMR	AMR	TETRACYCLINE	TETRACYCLINE	PARTIAL_CONTIG_ENDX	457	639	71.52	99.78	457	WP_012669445.1	tetracycline resistance ribosomal protection protein Tet(O)			SRR17140443	non-PMA	F4_S6	F4_S6	F4	S6	PMM
	k141_27337	3	572	-	aph(6)-Id	aminoglycoside O-phosphotransferase APH(6)-Id	core	AMR	AMR	AMINOGLYCOSIDE	STREPTOMYCIN	PARTIAL_CONTIG_ENDX	190	278	68.35	99.47	190	WP_000480968.1	aminoglycoside O-phosphotransferase APH(6)-Id			SRR17140443	non-PMA	F4_S6	F4_S6	F4	S6	PMM
	k141_27705	2	1306	+	tet(W)	tetracycline resistance ribosomal protection protein Tet(W)	core	AMR	AMR	TETRACYCLINE	TETRACYCLINE	PARTIAL_CONTIG_ENDX	435	639	68.08	99.77	435	WP_002586627.1	tetracycline resistance ribosomal protection protein Tet(W)			SRR17140443	non-PMA	F4_S6	F4_S6	F4	S6	PMM
	k141_28083	35	916	+	tetB	tetracycline efflux ABC transporter TetAB subunit B	core	AMR	AMR	TETRACYCLINE	TETRACYCLINE	PARTIALX	294	528	55.68	95.24	294	WP_011116970.1	tetracycline efflux ABC transporter TetAB subunit B			SRR17140443	non-PMA	F4_S6	F4_S6	F4	S6	PMM
	k141_28440	2	628	+	erm(B)	23S rRNA (adenine(2058)-N(6))-methyltransferase Erm(B)	core	AMR	AMR	LINCOSAMIDE/MACROLIDE/STREPTOGRAMIN	CLINDAMYCIN/ERYTHROMYCIN/STREPTOGRAMIN B	PARTIAL_CONTIG_ENDX	209	245	85.31	99.52	209	WP_002292226.1	23S rRNA (adenine(2058)-N(6))-methyltransferase Erm(B)			SRR17140443	non-PMA	F4_S6	F4_S6	F4	S6	PMM
	k141_2942	1589	2353	+	aph(3'')-Ib	aminoglycoside O-phosphotransferase APH(3'')-Ib	core	AMR	AMR	AMINOGLYCOSIDE	STREPTOMYCIN	BLASTX	255	267	95.51	100.0	255	WP_001082319.1	aminoglycoside O-phosphotransferase APH(3'')-Ib			SRR17140443	non-PMA	F4_S6	F4_S6	F4	S6	PMM
	k141_30073	96	581	-	erm(52)	23S rRNA (adenine(2058)-N(6))-methyltransferase Erm(52)	core	AMR	AMR	MACROLIDE	MACROLIDE	PARTIAL_CONTIG_ENDX	162	309	52.43	95.06	162	WP_002571018.1	23S rRNA (adenine(2058)-N(6))-methyltransferase Erm(52)			SRR17140443	non-PMA	F4_S6	F4_S6	F4	S6	PMM
	k141_30769	205	621	+	fosB	FosB1/FosB3 family fosfomycin resistance bacillithiol transferase	core	AMR	AMR	FOSFOMYCIN	FOSFOMYCIN	BLASTX	139	139	100.0	99.28	139	WP_032488468.1	fosfomycin resistance bacillithiol transferase FosB			SRR17140443	non-PMA	F4_S6	F4_S6	F4	S6	PMM
	k141_32143	46	888	+	blaZ	penicillin-hydrolyzing class A beta-lactamase BlaZ	core	AMR	AMR	BETA-LACTAM	BETA-LACTAM	EXACTX	281	281	100.0	100.0	281	WP_000733274.1	penicillin-hydrolyzing class A beta-lactamase BlaZ			SRR17140443	non-PMA	F4_S6	F4_S6	F4	S6	PMM
	k141_33268	1	408	+	erm(C)	23S rRNA (adenine(2058)-N(6))-methyltransferase Erm(C)	core	AMR	AMR	LINCOSAMIDE/MACROLIDE/STREPTOGRAMIN	CLINDAMYCIN/ERYTHROMYCIN/STREPTOGRAMIN B/TYLOSIN	PARTIAL_CONTIG_ENDX	136	244	55.74	100.0	136	WP_001003264.1	23S rRNA (adenine(2058)-N(6))-methyltransferase Erm(C)			SRR17140443	non-PMA	F4_S6	F4_S6	F4	S6	PMM
	k141_35128	79	345	-	fosB	FosB family fosfomycin resistance bacillithiol transferase	core	AMR	AMR	FOSFOMYCIN	FOSFOMYCIN	PARTIALX	89	142	62.68	95.51	89	WP_002437790.1	FosB family fosfomycin resistance bacillithiol transferase			SRR17140443	non-PMA	F4_S6	F4_S6	F4	S6	PMM
	k141_38871	1769	3310	-	qacA	quaternary ammonium compound efflux MFS transporter QacA	core	STRESS	BIOCIDE	QUATERNARY AMMONIUM	QUATERNARY AMMONIUM	EXACTX	514	514	100.0	100.0	514	WP_000622776.1	quaternary ammonium compound efflux MFS transporter QacA			SRR17140443	non-PMA	F4_S6	F4_S6	F4	S6	PMM
	k141_39417	1	1281	-	tet(Q)	tetracycline resistance ribosomal protection protein Tet(Q)	core	AMR	AMR	TETRACYCLINE	TETRACYCLINE	PARTIAL_CONTIG_ENDX	427	641	66.61	98.36	427	WP_004293868.1	tetracycline resistance ribosomal protection protein Tet(Q)			SRR17140443	non-PMA	F4_S6	F4_S6	F4	S6	PMM
	k141_40811	1977	2459	+	lnu(A)	lincosamide nucleotidyltransferase Lnu(A)	core	AMR	AMR	LINCOSAMIDE	LINCOSAMIDE	EXACTX	161	161	100.0	100.0	161	WP_000700648.1	lincosamide nucleotidyltransferase Lnu(A)			SRR17140443	non-PMA	F4_S6	F4_S6	F4	S6	PMM
	k141_41075	865	1347	-	lnu(A)'	lincosamide nucleotidyltransferase Lnu(A)'	core	AMR	AMR	LINCOSAMIDE	LINCOSAMIDE	ALLELEX	161	161	100.0	100.0	161	WP_011428879.1	lincosamide nucleotidyltransferase Lnu(A)'			SRR17140443	non-PMA	F4_S6	F4_S6	F4	S6	PMM
	k141_4780	117	890	+	mef(A)	macrolide efflux MFS transporter Mef(A)	core	AMR	AMR	MACROLIDE	AZITHROMYCIN/ERYTHROMYCIN	PARTIAL_CONTIG_ENDX	258	405	63.7	100.0	258	WP_000417519.1	macrolide efflux MFS transporter Mef(A)			SRR17140443	non-PMA	F4_S6	F4_S6	F4	S6	PMM
	k141_5222	219	977	-	aadD1	aminoglycoside O-nucleotidyltransferase ANT(4')-Ia	core	AMR	AMR	AMINOGLYCOSIDE	KANAMYCIN/TOBRAMYCIN	EXACTX	253	253	100.0	100.0	253	WP_001014230.1	aminoglycoside O-nucleotidyltransferase ANT(4')-Ia			SRR17140443	non-PMA	F4_S6	F4_S6	F4	S6	PMM
	k141_8016	574	2034	+	msr(D)	ABC-F type ribosomal protection protein Msr(D)	core	AMR	AMR	MACROLIDE/STREPTOGRAMIN	AZITHROMYCIN/ERYTHROMYCIN/STREPTOGRAMIN B	EXACTX	487	487	100.0	100.0	487	WP_000420313.1	ABC-F type ribosomal protection protein Msr(D)			SRR17140443	non-PMA	F4_S6	F4_S6	F4	S6	PMM
	k141_9007	2524	2844	-	qacC	quaternary ammonium compound efflux SMR transporter QacC	core	STRESS	BIOCIDE	QUATERNARY AMMONIUM	QUATERNARY AMMONIUM	EXACTX	107	107	100.0	100.0	107	WP_001146389.1	quaternary ammonium compound efflux SMR transporter QacC			SRR17140443	non-PMA	F4_S6	F4_S6	F4	S6	PMM
	k141_9285	1374	1751	+	blaI	penicillinase repressor BlaI	core	AMR	AMR	BETA-LACTAM	BETA-LACTAM	BLASTX	126	126	100.0	96.03	126	WP_001284656.1	penicillinase repressor BlaI			SRR17140443	non-PMA	F4_S6	F4_S6	F4	S6	PMM
	k141_9593	1	1440	+	mecR1	beta-lactam sensor/signal transducer MecR1	core	AMR	AMR	BETA-LACTAM	METHICILLIN	PARTIAL_CONTIG_ENDX	480	585	82.05	100.0	480	WP_000952923.1	beta-lactam sensor/signal transducer MecR1			SRR17140443	non-PMA	F4_S6	F4_S6	F4	S6	PMM
	k141_9593	1595	1810	+	mecI	mecA-type methicillin resistance repressor MecI	core	AMR	AMR	BETA-LACTAM	METHICILLIN	PARTIALX	72	123	58.54	100.0	72	WP_000369214.1	mecA-type methicillin resistance repressor MecI			SRR17140443	non-PMA	F4_S6	F4_S6	F4	S6	PMM
	k141_9784	22	1350	+	tet(M)	tetracycline resistance ribosomal protection protein Tet(M)	core	AMR	AMR	TETRACYCLINE	TETRACYCLINE	PARTIAL_CONTIG_ENDX	443	639	69.33	99.55	443	WP_000691743.1	tetracycline resistance ribosomal protection protein Tet(M)			SRR17140443	non-PMA	F4_S6	F4_S6	F4	S6	PMM
	k141_10160	1525	3066	-	qacA	quaternary ammonium compound efflux MFS transporter QacA	core	STRESS	BIOCIDE	QUATERNARY AMMONIUM	QUATERNARY AMMONIUM	EXACTX	514	514	100.0	100.0	514	WP_000622776.1	quaternary ammonium compound efflux MFS transporter QacA			SRR17140444	non-PMA	F4_S5	F4_S5	F4	S5	Overhead 4
	k141_12050	1479	1904	-	fosB	FosB family fosfomycin resistance bacillithiol transferase	core	AMR	AMR	FOSFOMYCIN	FOSFOMYCIN	BLASTX	142	142	100.0	97.89	142	WP_002437790.1	FosB family fosfomycin resistance bacillithiol transferase			SRR17140444	non-PMA	F4_S5	F4_S5	F4	S5	Overhead 4
	k141_16371	520	840	-	qacC	quaternary ammonium compound efflux SMR transporter QacC	core	STRESS	BIOCIDE	QUATERNARY AMMONIUM	QUATERNARY AMMONIUM	EXACTX	107	107	100.0	100.0	107	WP_001146389.1	quaternary ammonium compound efflux SMR transporter QacC			SRR17140444	non-PMA	F4_S5	F4_S5	F4	S5	Overhead 4
	k141_17087	1861	2217	-	lnu(A)	lincosamide nucleotidyltransferase Lnu(A)	core	AMR	AMR	LINCOSAMIDE	LINCOSAMIDE	PARTIAL_CONTIG_ENDX	119	161	73.91	99.16	119	WP_001829870.1	lincosamide nucleotidyltransferase Lnu(A)			SRR17140444	non-PMA	F4_S5	F4_S5	F4	S5	Overhead 4
	k141_17420	535	924	+	erm(X)	23S rRNA (adenine(2058)-N(6))-methyltransferase Erm(X)	core	AMR	AMR	LINCOSAMIDE/MACROLIDE/STREPTOGRAMIN	AZITHROMYCIN/CLINDAMYCIN/ERYTHROMYCIN/LINCOMYCIN/STREPTOGRAMIN B/TYLOSIN	PARTIAL_CONTIG_ENDX	130	253	51.38	90.77	130	WP_011116967.1	23S rRNA (adenine(2058)-N(6))-methyltransferase Erm(X)			SRR17140444	non-PMA	F4_S5	F4_S5	F4	S5	Overhead 4
	k141_18207	255	1097	+	blaZ	penicillin-hydrolyzing class A beta-lactamase BlaZ	core	AMR	AMR	BETA-LACTAM	BETA-LACTAM	BLASTX	281	281	100.0	97.86	281	WP_000733274.1	penicillin-hydrolyzing class A beta-lactamase BlaZ			SRR17140444	non-PMA	F4_S5	F4_S5	F4	S5	Overhead 4
	k141_20836	148	765	+	aadD1	aminoglycoside O-nucleotidyltransferase ANT(4')-Ia	core	AMR	AMR	AMINOGLYCOSIDE	KANAMYCIN/TOBRAMYCIN	PARTIAL_CONTIG_ENDX	206	253	81.42	100.0	206	WP_001014230.1	aminoglycoside O-nucleotidyltransferase ANT(4')-Ia			SRR17140444	non-PMA	F4_S5	F4_S5	F4	S5	Overhead 4
	k141_22077	2556	4019	+	msr(A)	ABC-F type ribosomal protection protein Msr(A)	core	AMR	AMR	MACROLIDE/STREPTOGRAMIN	ERYTHROMYCIN/STREPTOGRAMIN B	BLASTX	488	488	100.0	99.59	488	WP_000438874.1	ABC-F type ribosomal protection protein Msr(A)			SRR17140444	non-PMA	F4_S5	F4_S5	F4	S5	Overhead 4
	k141_22077	4121	5017	+	mph(C)	Mph(C) family macrolide 2'-phosphotransferase	core	AMR	AMR	MACROLIDE	ERYTHROMYCIN/SPIRAMYCIN/TELITHROMYCIN	EXACTX	299	299	100.0	100.0	299	WP_000196697.1	Mph(C) family macrolide 2'-phosphotransferase			SRR17140444	non-PMA	F4_S5	F4_S5	F4	S5	Overhead 4
	k141_22118	2465	3109	-	catA	type A-8 chloramphenicol O-acetyltransferase	core	AMR	AMR	PHENICOL	CHLORAMPHENICOL	EXACTX	215	215	100.0	100.0	215	WP_000143686.1	type A-8 chloramphenicol O-acetyltransferase			SRR17140444	non-PMA	F4_S5	F4_S5	F4	S5	Overhead 4
	k141_24049	1	255	+	blaI	penicillinase repressor BlaI	core	AMR	AMR	BETA-LACTAM	BETA-LACTAM	PARTIAL_CONTIG_ENDX	85	126	67.46	96.47	85	WP_001284656.1	penicillinase repressor BlaI			SRR17140444	non-PMA	F4_S5	F4_S5	F4	S5	Overhead 4
	k141_24391	1138	1914	-	tet(K)	tetracycline efflux MFS transporter Tet(K)	core	AMR	AMR	TETRACYCLINE	TETRACYCLINE	PARTIAL_CONTIG_ENDX	259	459	56.43	100.0	259	WP_000492283.1	tetracycline efflux MFS transporter Tet(K)			SRR17140444	non-PMA	F4_S5	F4_S5	F4	S5	Overhead 4
	k141_24997	292	1857	-	vga(A)	ABC-F type ribosomal protection protein Vga(A)	core	AMR	AMR	LINCOSAMIDE	LINCOSAMIDE	BLASTX	522	522	100.0	99.81	522	WP_032492560.1	ABC-F type ribosomal protection protein Vga(A)			SRR17140444	non-PMA	F4_S5	F4_S5	F4	S5	Overhead 4
	k141_27605	3	533	+	blaZ	penicillin-hydrolyzing class A beta-lactamase BlaZ	core	AMR	AMR	BETA-LACTAM	BETA-LACTAM	PARTIAL_CONTIG_ENDX	177	281	62.99	97.18	177	WP_000733281.1	penicillin-hydrolyzing class A beta-lactamase BlaZ			SRR17140444	non-PMA	F4_S5	F4_S5	F4	S5	Overhead 4
	k141_28936	355	2109	+	blaR1	beta-lactam sensor/signal transducer BlaR1	core	AMR	AMR	BETA-LACTAM	BETA-LACTAM	BLASTX	585	585	100.0	99.49	585	WP_001096386.1	beta-lactam sensor/signal transducer BlaR1			SRR17140444	non-PMA	F4_S5	F4_S5	F4	S5	Overhead 4
	k141_28936	2102	2479	+	blaI	penicillinase repressor BlaI	core	AMR	AMR	BETA-LACTAM	BETA-LACTAM	BLASTX	126	126	100.0	99.21	126	WP_001284656.1	penicillinase repressor BlaI			SRR17140444	non-PMA	F4_S5	F4_S5	F4	S5	Overhead 4
	k141_29841	94	945	+	erm(X)	23S rRNA (adenine(2058)-N(6))-methyltransferase Erm(X)	core	AMR	AMR	LINCOSAMIDE/MACROLIDE/STREPTOGRAMIN	AZITHROMYCIN/CLINDAMYCIN/ERYTHROMYCIN/LINCOMYCIN/STREPTOGRAMIN B/TYLOSIN	EXACTX	284	284	100.0	100.0	284	WP_011117480.1	23S rRNA (adenine(2058)-N(6))-methyltransferase Erm(X)			SRR17140444	non-PMA	F4_S5	F4_S5	F4	S5	Overhead 4
	k141_30356	3	893	-	msr(D)	ABC-F type ribosomal protection protein Msr(D)	core	AMR	AMR	MACROLIDE/STREPTOGRAMIN	AZITHROMYCIN/ERYTHROMYCIN/STREPTOGRAMIN B	PARTIAL_CONTIG_ENDX	297	487	60.99	100.0	297	WP_000420313.1	ABC-F type ribosomal protection protein Msr(D)			SRR17140444	non-PMA	F4_S5	F4_S5	F4	S5	Overhead 4
	k141_30356	1016	2230	-	mef(A)	macrolide efflux MFS transporter Mef(A)	core	AMR	AMR	MACROLIDE	AZITHROMYCIN/ERYTHROMYCIN	EXACTX	405	405	100.0	100.0	405	WP_000417519.1	macrolide efflux MFS transporter Mef(A)			SRR17140444	non-PMA	F4_S5	F4_S5	F4	S5	Overhead 4
	k141_32290	217	699	-	lnu(A)'	lincosamide nucleotidyltransferase Lnu(A)'	core	AMR	AMR	LINCOSAMIDE	LINCOSAMIDE	ALLELEX	161	161	100.0	100.0	161	WP_011428879.1	lincosamide nucleotidyltransferase Lnu(A)'			SRR17140444	non-PMA	F4_S5	F4_S5	F4	S5	Overhead 4
	k141_3912	321	878	-	cfxA3	extended-spectrum class A beta-lactamase CfxA3	core	AMR	AMR	BETA-LACTAM	CEPHALOSPORIN	PARTIAL_CONTIG_ENDX	186	321	57.94	100.0	186	WP_004348227.1	extended-spectrum class A beta-lactamase CfxA3			SRR17140444	non-PMA	F4_S5	F4_S5	F4	S5	Overhead 4
	k141_9733	312	1001	-	erm(B)	23S rRNA (adenine(2058)-N(6))-methyltransferase Erm(B)	core	AMR	AMR	LINCOSAMIDE/MACROLIDE/STREPTOGRAMIN	CLINDAMYCIN/ERYTHROMYCIN/STREPTOGRAMIN B	BLASTX	230	245	93.88	100.0	230	WP_001038790.1	23S rRNA (adenine(2058)-N(6))-methyltransferase Erm(B)			SRR17140444	non-PMA	F4_S5	F4_S5	F4	S5	Overhead 4
	k141_9926	2	1354	+	tet(M)	tetracycline resistance ribosomal protection protein Tet(M)	core	AMR	AMR	TETRACYCLINE	TETRACYCLINE	PARTIAL_CONTIG_ENDX	451	639	70.58	100.0	451	WP_000691736.1	tetracycline resistance ribosomal protection protein Tet(M)			SRR17140444	non-PMA	F4_S5	F4_S5	F4	S5	Overhead 4
	k141_12611	274	555	-	fosB	FosB family fosfomycin resistance bacillithiol transferase	core	AMR	AMR	FOSFOMYCIN	FOSFOMYCIN	PARTIAL_CONTIG_ENDX	94	142	66.2	96.81	94	WP_002467687.1	FosB family fosfomycin resistance bacillithiol transferase			SRR17140445	non-PMA	F6_S8	F6_S8	F6	S8	Crew quarters
	k141_18064	2	802	+	msr(A)	ABC-F type ribosomal protection protein Msr(A)	core	AMR	AMR	MACROLIDE/STREPTOGRAMIN	ERYTHROMYCIN/STREPTOGRAMIN B	PARTIAL_CONTIG_ENDX	267	488	54.71	100.0	267	WP_000438874.1	ABC-F type ribosomal protection protein Msr(A)			SRR17140445	non-PMA	F6_S8	F6_S8	F6	S8	Crew quarters
	k141_22084	212	532	+	qacC	quaternary ammonium compound efflux SMR transporter QacC	core	STRESS	BIOCIDE	QUATERNARY AMMONIUM	QUATERNARY AMMONIUM	EXACTX	107	107	100.0	100.0	107	WP_001146389.1	quaternary ammonium compound efflux SMR transporter QacC			SRR17140445	non-PMA	F6_S8	F6_S8	F6	S8	Crew quarters
	k141_36890	316	1740	+	vga(A)	ABC-F type ribosomal protection protein Vga(A)	core	AMR	AMR	LINCOSAMIDE	LINCOSAMIDE	BLASTX	475	522	91.0	100.0	475	WP_002440627.1	ABC-F type ribosomal protection protein Vga(A)			SRR17140445	non-PMA	F6_S8	F6_S8	F6	S8	Crew quarters
	k141_12594	1	1131	+	tet(O)	tetracycline resistance ribosomal protection protein Tet(O)	core	AMR	AMR	TETRACYCLINE	TETRACYCLINE	PARTIAL_CONTIG_ENDX	377	639	59.0	99.73	377	WP_014636291.1	tetracycline resistance ribosomal protection protein Tet(O)			SRR17140447	non-PMA	F6_S7	F6_S7	F6	S7	Lab overhead
	k141_19229	2330	2716	-	lnu(A)	lincosamide nucleotidyltransferase Lnu(A)	core	AMR	AMR	LINCOSAMIDE	LINCOSAMIDE	PARTIAL_CONTIG_ENDX	129	161	80.12	100.0	129	WP_011428879.1	lincosamide nucleotidyltransferase Lnu(A)'			SRR17140447	non-PMA	F6_S7	F6_S7	F6	S7	Lab overhead
	k141_20641	3	332	+	fusD	FusD family fusidic acid resistance EF-G-binding protein	core	AMR	AMR	FUSIDIC ACID	FUSIDIC ACID	PARTIAL_CONTIG_ENDX	110	213	51.64	99.09	110	WP_011303797.1	FusD family fusidic acid resistance EF-G-binding protein			SRR17140447	non-PMA	F6_S7	F6_S7	F6	S7	Lab overhead
	k141_21828	1740	3116	-	tet(K)	tetracycline efflux MFS transporter Tet(K)	core	AMR	AMR	TETRACYCLINE	TETRACYCLINE	EXACTX	459	459	100.0	100.0	459	WP_000492283.1	tetracycline efflux MFS transporter Tet(K)			SRR17140447	non-PMA	F6_S7	F6_S7	F6	S7	Lab overhead
	k141_22147	2049	2369	-	qacC	quaternary ammonium compound efflux SMR transporter QacC	core	STRESS	BIOCIDE	QUATERNARY AMMONIUM	QUATERNARY AMMONIUM	EXACTX	107	107	100.0	100.0	107	WP_001146389.1	quaternary ammonium compound efflux SMR transporter QacC			SRR17140447	non-PMA	F6_S7	F6_S7	F6	S7	Lab overhead
	k141_26170	240	653	+	fosB	FosB family fosfomycin resistance bacillithiol transferase	core	AMR	AMR	FOSFOMYCIN	FOSFOMYCIN	BLASTX	138	142	100.0	97.18	142	WP_002467687.1	FosB family fosfomycin resistance bacillithiol transferase			SRR17140447	non-PMA	F6_S7	F6_S7	F6	S7	Lab overhead
	k141_26420	1411	3327	-	tet(M)	tetracycline resistance ribosomal protection protein Tet(M)	core	AMR	AMR	TETRACYCLINE	TETRACYCLINE	EXACTX	639	639	100.0	100.0	639	WP_000691727.1	tetracycline resistance ribosomal protection protein Tet(M)			SRR17140447	non-PMA	F6_S7	F6_S7	F6	S7	Lab overhead
	k141_26532	305	1768	+	msr(A)	ABC-F type ribosomal protection protein Msr(A)	core	AMR	AMR	MACROLIDE/STREPTOGRAMIN	ERYTHROMYCIN/STREPTOGRAMIN B	BLASTX	488	488	100.0	99.8	488	WP_000438874.1	ABC-F type ribosomal protection protein Msr(A)			SRR17140447	non-PMA	F6_S7	F6_S7	F6	S7	Lab overhead
	k141_26532	1870	2766	+	mph(C)	Mph(C) family macrolide 2'-phosphotransferase	core	AMR	AMR	MACROLIDE	ERYTHROMYCIN/SPIRAMYCIN/TELITHROMYCIN	EXACTX	299	299	100.0	100.0	299	WP_000196697.1	Mph(C) family macrolide 2'-phosphotransferase			SRR17140447	non-PMA	F6_S7	F6_S7	F6	S7	Lab overhead
	k141_26605	177	2093	-	tet(W)	tetracycline resistance ribosomal protection protein Tet(W)	core	AMR	AMR	TETRACYCLINE	TETRACYCLINE	BLASTX	639	639	100.0	99.37	639	WP_063856414.1	tetracycline resistance ribosomal protection protein Tet(W)			SRR17140447	non-PMA	F6_S7	F6_S7	F6	S7	Lab overhead
	k141_28553	2954	4495	-	qacA	quaternary ammonium compound efflux MFS transporter QacA	core	STRESS	BIOCIDE	QUATERNARY AMMONIUM	QUATERNARY AMMONIUM	EXACTX	514	514	100.0	100.0	514	WP_000622776.1	quaternary ammonium compound efflux MFS transporter QacA			SRR17140447	non-PMA	F6_S7	F6_S7	F6	S7	Lab overhead
	k141_28682	1966	2343	-	blaI	penicillinase repressor BlaI	core	AMR	AMR	BETA-LACTAM	BETA-LACTAM	BLASTX	126	126	100.0	99.21	126	WP_001284656.1	penicillinase repressor BlaI			SRR17140447	non-PMA	F6_S7	F6_S7	F6	S7	Lab overhead
	k141_28682	2336	4090	-	blaR1	beta-lactam sensor/signal transducer BlaR1	core	AMR	AMR	BETA-LACTAM	BETA-LACTAM	BLASTX	585	585	100.0	97.09	585	WP_001096386.1	beta-lactam sensor/signal transducer BlaR1			SRR17140447	non-PMA	F6_S7	F6_S7	F6	S7	Lab overhead
	k141_28682	4197	4895	+	blaZ	penicillin-hydrolyzing class A beta-lactamase BlaZ	core	AMR	AMR	BETA-LACTAM	BETA-LACTAM	PARTIAL_CONTIG_ENDX	233	281	82.92	96.57	233	WP_000733281.1	penicillin-hydrolyzing class A beta-lactamase BlaZ			SRR17140447	non-PMA	F6_S7	F6_S7	F6	S7	Lab overhead
	k141_29112	1489	2340	+	erm(X)	23S rRNA (adenine(2058)-N(6))-methyltransferase Erm(X)	core	AMR	AMR	LINCOSAMIDE/MACROLIDE/STREPTOGRAMIN	AZITHROMYCIN/CLINDAMYCIN/ERYTHROMYCIN/LINCOMYCIN/STREPTOGRAMIN B/TYLOSIN	EXACTX	284	284	100.0	100.0	284	WP_011117480.1	23S rRNA (adenine(2058)-N(6))-methyltransferase Erm(X)			SRR17140447	non-PMA	F6_S7	F6_S7	F6	S7	Lab overhead
	k141_37106	3	311	-	bleO	bleomycin binding protein	core	AMR	AMR	BLEOMYCIN	BLEOMYCIN	PARTIAL_CONTIG_ENDX	103	134	76.87	100.0	103	WP_001242578.1	bleomycin binding protein			SRR17140447	non-PMA	F6_S7	F6_S7	F6	S7	Lab overhead
	k141_38706	965	1807	+	blaZ	penicillin-hydrolyzing class A beta-lactamase BlaZ	core	AMR	AMR	BETA-LACTAM	BETA-LACTAM	BLASTX	281	281	100.0	98.93	281	WP_000733274.1	penicillin-hydrolyzing class A beta-lactamase BlaZ			SRR17140447	non-PMA	F6_S7	F6_S7	F6	S7	Lab overhead
	k141_41187	134	868	-	erm(B)	23S rRNA (adenine(2058)-N(6))-methyltransferase Erm(B)	core	AMR	AMR	LINCOSAMIDE/MACROLIDE/STREPTOGRAMIN	CLINDAMYCIN/ERYTHROMYCIN/STREPTOGRAMIN B	BLASTX	245	245	100.0	99.59	245	WP_002321849.1	23S rRNA (adenine(2058)-N(6))-methyltransferase Erm(B)			SRR17140447	non-PMA	F6_S7	F6_S7	F6	S7	Lab overhead
	k141_42828	871	2436	-	vga(A)	ABC-F type ribosomal protection protein Vga(A)	core	AMR	AMR	LINCOSAMIDE	LINCOSAMIDE	EXACTX	522	522	100.0	100.0	522	WP_002440627.1	ABC-F type ribosomal protection protein Vga(A)			SRR17140447	non-PMA	F6_S7	F6_S7	F6	S7	Lab overhead
	k141_43012	541	1023	-	lnu(A)	lincosamide nucleotidyltransferase Lnu(A)	core	AMR	AMR	LINCOSAMIDE	LINCOSAMIDE	EXACTX	161	161	100.0	100.0	161	WP_011645010.1	lincosamide nucleotidyltransferase Lnu(A)			SRR17140447	non-PMA	F6_S7	F6_S7	F6	S7	Lab overhead
	k141_44309	89	541	+	erm(X)	23S rRNA (adenine(2058)-N(6))-methyltransferase Erm(X)	core	AMR	AMR	LINCOSAMIDE/MACROLIDE/STREPTOGRAMIN	AZITHROMYCIN/CLINDAMYCIN/ERYTHROMYCIN/LINCOMYCIN/STREPTOGRAMIN B/TYLOSIN	PARTIAL_CONTIG_ENDX	151	284	53.17	100.0	151	WP_063844894.1	23S rRNA (adenine(2058)-N(6))-methyltransferase Erm(X)			SRR17140447	non-PMA	F6_S7	F6_S7	F6	S7	Lab overhead
	k141_45336	944	1675	+	erm(C)	23S rRNA (adenine(2058)-N(6))-methyltransferase Erm(C)	core	AMR	AMR	LINCOSAMIDE/MACROLIDE/STREPTOGRAMIN	CLINDAMYCIN/ERYTHROMYCIN/STREPTOGRAMIN B/TYLOSIN	EXACTX	244	244	100.0	100.0	244	WP_001003264.1	23S rRNA (adenine(2058)-N(6))-methyltransferase Erm(C)			SRR17140447	non-PMA	F6_S7	F6_S7	F6	S7	Lab overhead
	k141_4639	59	787	-	erm(44)v	23S rRNA (adenine(2058)-N(6))-methyltransferase Erm(44)v	core	AMR	AMR	LINCOSAMIDE/MACROLIDE	CLINDAMYCIN/ERYTHROMYCIN	EXACTX	243	243	100.0	100.0	243	WP_041079981.1	23S rRNA (adenine(2058)-N(6))-methyltransferase Erm(44)v			SRR17140447	non-PMA	F6_S7	F6_S7	F6	S7	Lab overhead
	k141_6633	496	1041	+	erm(C)	23S rRNA (adenine(2058)-N(6))-methyltransferase Erm(C)	core	AMR	AMR	LINCOSAMIDE/MACROLIDE/STREPTOGRAMIN	CLINDAMYCIN/ERYTHROMYCIN/STREPTOGRAMIN B/TYLOSIN	PARTIAL_CONTIG_ENDX	182	244	74.59	99.45	182	WP_014158490.1	23S rRNA (adenine(2058)-N(6))-methyltransferase Erm(C)			SRR17140447	non-PMA	F6_S7	F6_S7	F6	S7	Lab overhead
	k141_9056	1550	1993	-	erm(A)	23S rRNA (adenine(2058)-N(6))-methyltransferase Erm(A)	core	AMR	AMR	LINCOSAMIDE/MACROLIDE	AZITHROMYCIN/CLARITHROMYCIN/CLINDAMYCIN/ERYTHROMYCIN/TELITHROMYCIN	PARTIAL_CONTIG_ENDX	148	243	60.91	100.0	148	WP_000810833.1	23S rRNA (adenine(2058)-N(6))-methyltransferase Erm(A)			SRR17140447	non-PMA	F6_S7	F6_S7	F6	S7	Lab overhead
	k141_10151	128	1318	-	tet(W)	tetracycline resistance ribosomal protection protein Tet(W)	core	AMR	AMR	TETRACYCLINE	TETRACYCLINE	PARTIAL_CONTIG_ENDX	397	639	62.13	99.5	397	WP_063856423.1	tetracycline resistance ribosomal protection protein Tet(W)			SRR17140449	non-PMA	F6_S6	F6_S6	F6	S6	PMM
	k141_10821	229	1020	+	erm(F)	23S rRNA (adenine(2058)-N(6))-methyltransferase Erm(F)	core	AMR	AMR	LINCOSAMIDE/MACROLIDE/STREPTOGRAMIN	CLINDAMYCIN/MACROLIDE/STREPTOGRAMIN	BLASTX	264	266	99.25	99.62	264	WP_002682030.1	23S rRNA (adenine(2058)-N(6))-methyltransferase Erm(F)			SRR17140449	non-PMA	F6_S6	F6_S6	F6	S6	PMM
	k141_11447	1	750	-	erm(X)	23S rRNA (adenine(2058)-N(6))-methyltransferase Erm(X)	core	AMR	AMR	LINCOSAMIDE/MACROLIDE/STREPTOGRAMIN	AZITHROMYCIN/CLINDAMYCIN/ERYTHROMYCIN/LINCOMYCIN/STREPTOGRAMIN B/TYLOSIN	PARTIAL_CONTIG_ENDX	250	284	88.03	97.6	250	WP_063844894.1	23S rRNA (adenine(2058)-N(6))-methyltransferase Erm(X)			SRR17140449	non-PMA	F6_S6	F6_S6	F6	S6	PMM
	k141_11927	144	626	-	lnu(A)	lincosamide nucleotidyltransferase Lnu(A)	core	AMR	AMR	LINCOSAMIDE	LINCOSAMIDE	EXACTX	161	161	100.0	100.0	161	WP_011645010.1	lincosamide nucleotidyltransferase Lnu(A)			SRR17140449	non-PMA	F6_S6	F6_S6	F6	S6	PMM
	k141_14990	972	1868	-	mph(C)	Mph(C) family macrolide 2'-phosphotransferase	core	AMR	AMR	MACROLIDE	ERYTHROMYCIN/SPIRAMYCIN/TELITHROMYCIN	EXACTX	299	299	100.0	100.0	299	WP_000196697.1	Mph(C) family macrolide 2'-phosphotransferase			SRR17140449	non-PMA	F6_S6	F6_S6	F6	S6	PMM
	k141_14990	1970	3433	-	msr(A)	ABC-F type ribosomal protection protein Msr(A)	core	AMR	AMR	MACROLIDE/STREPTOGRAMIN	ERYTHROMYCIN/STREPTOGRAMIN B	BLASTX	488	488	100.0	99.59	488	WP_000438874.1	ABC-F type ribosomal protection protein Msr(A)			SRR17140449	non-PMA	F6_S6	F6_S6	F6	S6	PMM
	k141_16457	1540	2271	+	erm(C)	23S rRNA (adenine(2058)-N(6))-methyltransferase Erm(C)	core	AMR	AMR	LINCOSAMIDE/MACROLIDE/STREPTOGRAMIN	CLINDAMYCIN/ERYTHROMYCIN/STREPTOGRAMIN B/TYLOSIN	EXACTX	244	244	100.0	100.0	244	WP_001003263.1	23S rRNA (adenine(2058)-N(6))-methyltransferase Erm(C)			SRR17140449	non-PMA	F6_S6	F6_S6	F6	S6	PMM
	k141_17900	869	2434	+	vga(A)	ABC-F type ribosomal protection protein Vga(A)	core	AMR	AMR	LINCOSAMIDE	LINCOSAMIDE	BLASTX	522	522	100.0	99.62	522	WP_002440627.1	ABC-F type ribosomal protection protein Vga(A)			SRR17140449	non-PMA	F6_S6	F6_S6	F6	S6	PMM
	k141_21810	196688	197902	+	mef(A)	macrolide efflux MFS transporter Mef(A)	core	AMR	AMR	MACROLIDE	AZITHROMYCIN/ERYTHROMYCIN	EXACTX	405	405	100.0	100.0	405	WP_000417519.1	macrolide efflux MFS transporter Mef(A)			SRR17140449	non-PMA	F6_S6	F6_S6	F6	S6	PMM
	k141_21810	198025	199485	+	msr(D)	ABC-F type ribosomal protection protein Msr(D)	core	AMR	AMR	MACROLIDE/STREPTOGRAMIN	AZITHROMYCIN/ERYTHROMYCIN/STREPTOGRAMIN B	EXACTX	487	487	100.0	100.0	487	WP_000420313.1	ABC-F type ribosomal protection protein Msr(D)			SRR17140449	non-PMA	F6_S6	F6_S6	F6	S6	PMM
	k141_25303	1	750	-	erm(X)	23S rRNA (adenine(2058)-N(6))-methyltransferase Erm(X)	core	AMR	AMR	LINCOSAMIDE/MACROLIDE/STREPTOGRAMIN	AZITHROMYCIN/CLINDAMYCIN/ERYTHROMYCIN/LINCOMYCIN/STREPTOGRAMIN B/TYLOSIN	PARTIAL_CONTIG_ENDX	250	284	88.03	98.0	250	WP_011117480.1	23S rRNA (adenine(2058)-N(6))-methyltransferase Erm(X)			SRR17140449	non-PMA	F6_S6	F6_S6	F6	S6	PMM
	k141_30088	3	560	-	fusD	FusD family fusidic acid resistance EF-G-binding protein	core	AMR	AMR	FUSIDIC ACID	FUSIDIC ACID	PARTIAL_CONTIG_ENDX	186	213	87.32	97.85	186	WP_011303797.1	FusD family fusidic acid resistance EF-G-binding protein			SRR17140449	non-PMA	F6_S6	F6_S6	F6	S6	PMM
	k141_31808	2	334	+	blaI	penicillinase repressor BlaI	core	AMR	AMR	BETA-LACTAM	BETA-LACTAM	PARTIAL_CONTIG_ENDX	111	126	88.1	95.5	111	WP_001284656.1	penicillinase repressor BlaI			SRR17140449	non-PMA	F6_S6	F6_S6	F6	S6	PMM
	k141_32560	32706	34622	+	tet(M)	tetracycline resistance ribosomal protection protein Tet(M)	core	AMR	AMR	TETRACYCLINE	TETRACYCLINE	BLASTX	639	639	100.0	98.9	639	WP_000691743.1	tetracycline resistance ribosomal protection protein Tet(M)			SRR17140449	non-PMA	F6_S6	F6_S6	F6	S6	PMM
	k141_32601	1	627	-	blaZ	penicillin-hydrolyzing class A beta-lactamase BlaZ	core	AMR	AMR	BETA-LACTAM	BETA-LACTAM	PARTIAL_CONTIG_ENDX	209	281	74.38	95.22	209	WP_000733281.1	penicillin-hydrolyzing class A beta-lactamase BlaZ			SRR17140449	non-PMA	F6_S6	F6_S6	F6	S6	PMM
	k141_3268	3279	3923	-	catA	type A-7 chloramphenicol O-acetyltransferase	core	AMR	AMR	PHENICOL	CHLORAMPHENICOL	EXACTX	215	215	100.0	100.0	215	WP_002489529.1	type A-7 chloramphenicol O-acetyltransferase			SRR17140449	non-PMA	F6_S6	F6_S6	F6	S6	PMM
	k141_40891	506	1234	+	erm(A)	23S rRNA (adenine(2058)-N(6))-methyltransferase Erm(A)	core	AMR	AMR	LINCOSAMIDE/MACROLIDE	AZITHROMYCIN/CLARITHROMYCIN/CLINDAMYCIN/ERYTHROMYCIN/TELITHROMYCIN	EXACTX	243	243	100.0	100.0	243	WP_000810833.1	23S rRNA (adenine(2058)-N(6))-methyltransferase Erm(A)			SRR17140449	non-PMA	F6_S6	F6_S6	F6	S6	PMM
	k141_40944	178	498	+	qacC	quaternary ammonium compound efflux SMR transporter QacC	core	STRESS	BIOCIDE	QUATERNARY AMMONIUM	QUATERNARY AMMONIUM	EXACTX	107	107	100.0	100.0	107	WP_001146389.1	quaternary ammonium compound efflux SMR transporter QacC			SRR17140449	non-PMA	F6_S6	F6_S6	F6	S6	PMM
	k141_42048	167	1762	+	blaR1	beta-lactam sensor/signal transducer BlaR1	core	AMR	AMR	BETA-LACTAM	BETA-LACTAM	BLASTX	532	585	90.94	90.41	532	WP_001096392.1	beta-lactam sensor/signal transducer BlaR1			SRR17140449	non-PMA	F6_S6	F6_S6	F6	S6	PMM
	k141_42650	2	817	+	blaCSP	CSP family class A beta-lactamase	core	AMR	AMR	BETA-LACTAM	CEPHALOSPORIN	PARTIAL_CONTIG_ENDX	272	305	89.18	98.9	272	WP_063859920.1	extended-spectrum class A beta-lactamase CSP-1			SRR17140449	non-PMA	F6_S6	F6_S6	F6	S6	PMM
	k141_4397	294	932	+	fusB	fusidic acid resistance EF-G-binding protein FusB	core	AMR	AMR	FUSIDIC ACID	FUSIDIC ACID	EXACTX	213	213	100.0	100.0	213	WP_000855537.1	fusidic acid resistance EF-G-binding protein FusB			SRR17140449	non-PMA	F6_S6	F6_S6	F6	S6	PMM
	k141_45283	156	503	-	lnu(A)	lincosamide nucleotidyltransferase Lnu(A)	core	AMR	AMR	LINCOSAMIDE	LINCOSAMIDE	PARTIAL_CONTIG_ENDX	116	161	72.05	100.0	116	WP_011428879.1	lincosamide nucleotidyltransferase Lnu(A)'			SRR17140449	non-PMA	F6_S6	F6_S6	F6	S6	PMM
	k141_46599	796	2337	+	qacA	quaternary ammonium compound efflux MFS transporter QacA	core	STRESS	BIOCIDE	QUATERNARY AMMONIUM	QUATERNARY AMMONIUM	EXACTX	514	514	100.0	100.0	514	WP_000622776.1	quaternary ammonium compound efflux MFS transporter QacA			SRR17140449	non-PMA	F6_S6	F6_S6	F6	S6	PMM
	k141_46893	3	299	-	blaI	penicillinase repressor BlaI	core	AMR	AMR	BETA-LACTAM	BETA-LACTAM	PARTIAL_CONTIG_ENDX	99	126	78.57	98.99	99	WP_001284656.1	penicillinase repressor BlaI			SRR17140449	non-PMA	F6_S6	F6_S6	F6	S6	PMM
	k141_46893	292	1578	-	blaR1	beta-lactam sensor/signal transducer BlaR1	core	AMR	AMR	BETA-LACTAM	BETA-LACTAM	PARTIAL_CONTIG_ENDX	429	585	73.33	98.37	429	WP_001096386.1	beta-lactam sensor/signal transducer BlaR1			SRR17140449	non-PMA	F6_S6	F6_S6	F6	S6	PMM
	k141_48481	2	220	+	blaI	penicillinase repressor BlaI	core	AMR	AMR	BETA-LACTAM	BETA-LACTAM	PARTIAL_CONTIG_ENDX	73	126	57.94	100.0	73	WP_001284656.1	penicillinase repressor BlaI			SRR17140449	non-PMA	F6_S6	F6_S6	F6	S6	PMM
	k141_50685	1278	1703	+	fosB	FosB family fosfomycin resistance bacillithiol transferase	core	AMR	AMR	FOSFOMYCIN	FOSFOMYCIN	BLASTX	142	142	100.0	97.89	142	WP_002437790.1	FosB family fosfomycin resistance bacillithiol transferase			SRR17140449	non-PMA	F6_S6	F6_S6	F6	S6	PMM
	k141_51822	189	920	-	erm(B)	23S rRNA (adenine(2058)-N(6))-methyltransferase Erm(B)	core	AMR	AMR	LINCOSAMIDE/MACROLIDE/STREPTOGRAMIN	CLINDAMYCIN/ERYTHROMYCIN/STREPTOGRAMIN B	BLASTX	244	245	99.59	99.18	244	WP_001038795.1	23S rRNA (adenine(2058)-N(6))-methyltransferase Erm(B)			SRR17140449	non-PMA	F6_S6	F6_S6	F6	S6	PMM
	k141_54336	2	220	+	blaI	penicillinase repressor BlaI	core	AMR	AMR	BETA-LACTAM	BETA-LACTAM	PARTIAL_CONTIG_ENDX	73	126	57.94	100.0	73	WP_001284656.1	penicillinase repressor BlaI			SRR17140449	non-PMA	F6_S6	F6_S6	F6	S6	PMM
	k141_6919	98	979	-	tetB	tetracycline efflux ABC transporter TetAB subunit B	core	AMR	AMR	TETRACYCLINE	TETRACYCLINE	PARTIALX	294	528	55.68	94.9	294	WP_011116970.1	tetracycline efflux ABC transporter TetAB subunit B			SRR17140449	non-PMA	F6_S6	F6_S6	F6	S6	PMM
	k141_7018	2	679	+	cmx	chloramphenicol efflux MFS transporter Cmx	core	AMR	AMR	PHENICOL	CHLORAMPHENICOL	PARTIAL_CONTIG_ENDX	226	391	57.8	100.0	226	WP_005297378.1	chloramphenicol efflux MFS transporter Cmx			SRR17140449	non-PMA	F6_S6	F6_S6	F6	S6	PMM
	k141_7018	889	1722	-	aph(6)-Id	aminoglycoside O-phosphotransferase APH(6)-Id	core	AMR	AMR	AMINOGLYCOSIDE	STREPTOMYCIN	EXACTX	278	278	100.0	100.0	278	WP_000480968.1	aminoglycoside O-phosphotransferase APH(6)-Id			SRR17140449	non-PMA	F6_S6	F6_S6	F6	S6	PMM
	k141_7018	1725	2525	-	aph(3'')-Ib	aminoglycoside O-phosphotransferase APH(3'')-Ib	core	AMR	AMR	AMINOGLYCOSIDE	STREPTOMYCIN	EXACTX	267	267	100.0	100.0	267	WP_001082319.1	aminoglycoside O-phosphotransferase APH(3'')-Ib			SRR17140449	non-PMA	F6_S6	F6_S6	F6	S6	PMM
	k141_7018	3829	4410	-	aph(3')-Ia	aminoglycoside O-phosphotransferase APH(3')-Ia	core	AMR	AMR	AMINOGLYCOSIDE	KANAMYCIN	PARTIAL_CONTIG_ENDX	194	271	71.59	100.0	194	WP_000018326.1	aminoglycoside O-phosphotransferase APH(3')-Ia			SRR17140449	non-PMA	F6_S6	F6_S6	F6	S6	PMM
	k141_9475	302	670	+	mecI	mecA-type methicillin resistance repressor MecI	core	AMR	AMR	BETA-LACTAM	METHICILLIN	EXACTX	123	123	100.0	100.0	123	WP_000369214.1	mecA-type methicillin resistance repressor MecI			SRR17140449	non-PMA	F6_S6	F6_S6	F6	S6	PMM
	k141_104571	4326	5288	-	cfxA3	extended-spectrum class A beta-lactamase CfxA3	core	AMR	AMR	BETA-LACTAM	CEPHALOSPORIN	EXACTX	321	321	100.0	100.0	321	WP_004348227.1	extended-spectrum class A beta-lactamase CfxA3			SRR17140451	non-PMA	F6_S5	F6_S5	F6	S5	Overhead 4
	k141_1102	2	433	+	dfrF	trimethoprim-resistant dihydrofolate reductase DfrF	core	AMR	AMR	TRIMETHOPRIM	TRIMETHOPRIM	PARTIAL_CONTIG_ENDX	144	164	87.8	100.0	144	WP_002322211.1	trimethoprim-resistant dihydrofolate reductase DfrF			SRR17140451	non-PMA	F6_S5	F6_S5	F6	S5	Overhead 4
	k141_111201	3101	3835	+	erm(B)	23S rRNA (adenine(2058)-N(6))-methyltransferase Erm(B)	core	AMR	AMR	LINCOSAMIDE/MACROLIDE/STREPTOGRAMIN	CLINDAMYCIN/ERYTHROMYCIN/STREPTOGRAMIN B	BLASTX	245	245	100.0	99.59	245	WP_001038795.1	23S rRNA (adenine(2058)-N(6))-methyltransferase Erm(B)			SRR17140451	non-PMA	F6_S5	F6_S5	F6	S5	Overhead 4
	k141_114799	440	1636	-	tet(A)	tetracycline efflux MFS transporter Tet(A)	core	AMR	AMR	TETRACYCLINE	TETRACYCLINE	EXACTX	399	399	100.0	100.0	399	WP_011645018.1	tetracycline efflux MFS transporter Tet(A)			SRR17140451	non-PMA	F6_S5	F6_S5	F6	S5	Overhead 4
	k141_115980	1362	2903	-	qacA	quaternary ammonium compound efflux MFS transporter QacA	core	STRESS	BIOCIDE	QUATERNARY AMMONIUM	QUATERNARY AMMONIUM	BLASTX	514	514	100.0	99.61	514	WP_000622776.1	quaternary ammonium compound efflux MFS transporter QacA			SRR17140451	non-PMA	F6_S5	F6_S5	F6	S5	Overhead 4
	k141_117217	3	635	+	blaZ	penicillin-hydrolyzing class A beta-lactamase BlaZ	core	AMR	AMR	BETA-LACTAM	BETA-LACTAM	PARTIAL_CONTIG_ENDX	211	281	75.09	96.21	211	WP_000733281.1	penicillin-hydrolyzing class A beta-lactamase BlaZ			SRR17140451	non-PMA	F6_S5	F6_S5	F6	S5	Overhead 4
	k141_121858	260	991	-	erm(C)	23S rRNA (adenine(2058)-N(6))-methyltransferase Erm(C)	core	AMR	AMR	LINCOSAMIDE/MACROLIDE/STREPTOGRAMIN	CLINDAMYCIN/ERYTHROMYCIN/STREPTOGRAMIN B/TYLOSIN	EXACTX	244	244	100.0	100.0	244	WP_001003263.1	23S rRNA (adenine(2058)-N(6))-methyltransferase Erm(C)			SRR17140451	non-PMA	F6_S5	F6_S5	F6	S5	Overhead 4
	k141_123500	3	425	-	blaZ	penicillin-hydrolyzing class A beta-lactamase BlaZ	core	AMR	AMR	BETA-LACTAM	BETA-LACTAM	PARTIAL_CONTIG_ENDX	141	281	50.18	95.74	141	WP_000733274.1	penicillin-hydrolyzing class A beta-lactamase BlaZ			SRR17140451	non-PMA	F6_S5	F6_S5	F6	S5	Overhead 4
	k141_15887	2275	3735	-	msr(D)	ABC-F type ribosomal protection protein Msr(D)	core	AMR	AMR	MACROLIDE/STREPTOGRAMIN	AZITHROMYCIN/ERYTHROMYCIN/STREPTOGRAMIN B	EXACTX	487	487	100.0	100.0	487	WP_000420313.1	ABC-F type ribosomal protection protein Msr(D)			SRR17140451	non-PMA	F6_S5	F6_S5	F6	S5	Overhead 4
	k141_15887	3858	5072	-	mef(A)	macrolide efflux MFS transporter Mef(A)	core	AMR	AMR	MACROLIDE	AZITHROMYCIN/ERYTHROMYCIN	EXACTX	405	405	100.0	100.0	405	WP_000417519.1	macrolide efflux MFS transporter Mef(A)			SRR17140451	non-PMA	F6_S5	F6_S5	F6	S5	Overhead 4
	k141_24218	634	1122	+	blaOXA	OXA-85 family oxacillin-hydrolyzing class D beta-lactamase	core	AMR	AMR	BETA-LACTAM	BETA-LACTAM	PARTIAL_CONTIG_ENDX	163	261	62.45	100.0	163	WP_032835180.1	oxacillin-hydrolyzing class D beta-lactamase OXA-85			SRR17140451	non-PMA	F6_S5	F6_S5	F6	S5	Overhead 4
	k141_27750	11164	13086	-	tet(Q)	tetracycline resistance ribosomal protection protein Tet(Q)	core	AMR	AMR	TETRACYCLINE	TETRACYCLINE	BLASTX	641	641	100.0	99.06	641	WP_063856407.1	tetracycline resistance ribosomal protection protein Tet(Q)			SRR17140451	non-PMA	F6_S5	F6_S5	F6	S5	Overhead 4
	k141_29883	800	2716	+	tet(O)	tetracycline resistance ribosomal protection protein Tet(O)	core	AMR	AMR	TETRACYCLINE	TETRACYCLINE	BLASTX	639	639	100.0	99.69	639	WP_012669445.1	tetracycline resistance ribosomal protection protein Tet(O)			SRR17140451	non-PMA	F6_S5	F6_S5	F6	S5	Overhead 4
	k141_35750	75	1991	+	tet(32)	tetracycline resistance ribosomal protection protein Tet(32)	core	AMR	AMR	TETRACYCLINE	TETRACYCLINE	BLASTX	639	639	100.0	99.37	639	WP_002602099.1	tetracycline resistance ribosomal protection protein Tet(32)			SRR17140451	non-PMA	F6_S5	F6_S5	F6	S5	Overhead 4
	k141_36413	25	438	-	erm(X)	23S rRNA (adenine(2058)-N(6))-methyltransferase Erm(X)	core	AMR	AMR	LINCOSAMIDE/MACROLIDE/STREPTOGRAMIN	AZITHROMYCIN/CLINDAMYCIN/ERYTHROMYCIN/LINCOMYCIN/STREPTOGRAMIN B/TYLOSIN	PARTIALX	138	253	54.55	91.3	138	WP_011116967.1	23S rRNA (adenine(2058)-N(6))-methyltransferase Erm(X)			SRR17140451	non-PMA	F6_S5	F6_S5	F6	S5	Overhead 4
	k141_36886	417	1982	+	vga(A)	ABC-F type ribosomal protection protein Vga(A)	core	AMR	AMR	LINCOSAMIDE	LINCOSAMIDE	BLASTX	522	522	100.0	99.81	522	WP_002440627.1	ABC-F type ribosomal protection protein Vga(A)			SRR17140451	non-PMA	F6_S5	F6_S5	F6	S5	Overhead 4
	k141_42787	2	607	+	aadD1	aminoglycoside O-nucleotidyltransferase ANT(4')-Ia	core	AMR	AMR	AMINOGLYCOSIDE	KANAMYCIN/TOBRAMYCIN	PARTIAL_CONTIG_ENDX	202	253	79.84	100.0	202	WP_001014230.1	aminoglycoside O-nucleotidyltransferase ANT(4')-Ia			SRR17140451	non-PMA	F6_S5	F6_S5	F6	S5	Overhead 4
	k141_46358	1067	1492	+	fosB	FosB family fosfomycin resistance bacillithiol transferase	core	AMR	AMR	FOSFOMYCIN	FOSFOMYCIN	BLASTX	142	142	100.0	97.89	142	WP_002437790.1	FosB family fosfomycin resistance bacillithiol transferase			SRR17140451	non-PMA	F6_S5	F6_S5	F6	S5	Overhead 4
	k141_50172	295	2049	+	blaR1	beta-lactam sensor/signal transducer BlaR1	core	AMR	AMR	BETA-LACTAM	BETA-LACTAM	BLASTX	585	585	100.0	99.32	585	WP_001096392.1	beta-lactam sensor/signal transducer BlaR1			SRR17140451	non-PMA	F6_S5	F6_S5	F6	S5	Overhead 4
	k141_50172	2042	2419	+	blaI	penicillinase repressor BlaI	core	AMR	AMR	BETA-LACTAM	BETA-LACTAM	BLASTX	126	126	100.0	99.21	126	WP_001284656.1	penicillinase repressor BlaI			SRR17140451	non-PMA	F6_S5	F6_S5	F6	S5	Overhead 4
	k141_58939	938	1558	-	catP	type A-11 chloramphenicol O-acetyltransferase CatP	core	AMR	AMR	PHENICOL	CHLORAMPHENICOL	EXACTX	207	207	100.0	100.0	207	WP_002570989.1	type A-11 chloramphenicol O-acetyltransferase CatP			SRR17140451	non-PMA	F6_S5	F6_S5	F6	S5	Overhead 4
	k141_64138	348	668	-	qacC	quaternary ammonium compound efflux SMR transporter QacC	core	STRESS	BIOCIDE	QUATERNARY AMMONIUM	QUATERNARY AMMONIUM	EXACTX	107	107	100.0	100.0	107	WP_001146389.1	quaternary ammonium compound efflux SMR transporter QacC			SRR17140451	non-PMA	F6_S5	F6_S5	F6	S5	Overhead 4
	k141_64626	22465	24381	+	tet(M)	tetracycline resistance ribosomal protection protein Tet(M)	core	AMR	AMR	TETRACYCLINE	TETRACYCLINE	EXACTX	639	639	100.0	100.0	639	WP_000691743.1	tetracycline resistance ribosomal protection protein Tet(M)			SRR17140451	non-PMA	F6_S5	F6_S5	F6	S5	Overhead 4
	k141_65814	1	570	+	blaZ	penicillin-hydrolyzing class A beta-lactamase BlaZ	core	AMR	AMR	BETA-LACTAM	BETA-LACTAM	PARTIAL_CONTIG_ENDX	190	281	67.62	98.95	190	WP_000733274.1	penicillin-hydrolyzing class A beta-lactamase BlaZ			SRR17140451	non-PMA	F6_S5	F6_S5	F6	S5	Overhead 4
	k141_66355	4455	5318	+	aadE	aminoglycoside 6-adenylyltransferase AadE	core	AMR	AMR	AMINOGLYCOSIDE	STREPTOMYCIN	EXACTX	288	288	100.0	100.0	288	WP_001255868.1	aminoglycoside 6-adenylyltransferase AadE			SRR17140451	non-PMA	F6_S5	F6_S5	F6	S5	Overhead 4
	k141_75300	1083	1979	-	mph(C)	Mph(C) family macrolide 2'-phosphotransferase	core	AMR	AMR	MACROLIDE	ERYTHROMYCIN/SPIRAMYCIN/TELITHROMYCIN	EXACTX	299	299	100.0	100.0	299	WP_000196697.1	Mph(C) family macrolide 2'-phosphotransferase			SRR17140451	non-PMA	F6_S5	F6_S5	F6	S5	Overhead 4
	k141_75300	2081	3544	-	msr(A)	ABC-F type ribosomal protection protein Msr(A)	core	AMR	AMR	MACROLIDE/STREPTOGRAMIN	ERYTHROMYCIN/STREPTOGRAMIN B	BLASTX	488	488	100.0	99.8	488	WP_000438874.1	ABC-F type ribosomal protection protein Msr(A)			SRR17140451	non-PMA	F6_S5	F6_S5	F6	S5	Overhead 4
	k141_77068	76	501	+	lnu(A)	lincosamide nucleotidyltransferase Lnu(A)	core	AMR	AMR	LINCOSAMIDE	LINCOSAMIDE	PARTIAL_CONTIG_ENDX	142	161	88.2	100.0	142	WP_011428879.1	lincosamide nucleotidyltransferase Lnu(A)'			SRR17140451	non-PMA	F6_S5	F6_S5	F6	S5	Overhead 4
	k141_83811	6353	8269	+	tet(W)	tetracycline resistance ribosomal protection protein Tet(W)	core	AMR	AMR	TETRACYCLINE	TETRACYCLINE	BLASTX	639	639	100.0	98.9	639	WP_002586627.1	tetracycline resistance ribosomal protection protein Tet(W)			SRR17140451	non-PMA	F6_S5	F6_S5	F6	S5	Overhead 4
	k141_87277	1561	2358	+	erm(F)	23S rRNA (adenine(2058)-N(6))-methyltransferase Erm(F)	core	AMR	AMR	LINCOSAMIDE/MACROLIDE/STREPTOGRAMIN	CLINDAMYCIN/MACROLIDE/STREPTOGRAMIN	BLASTX	266	266	100.0	99.62	266	WP_002682030.1	23S rRNA (adenine(2058)-N(6))-methyltransferase Erm(F)			SRR17140451	non-PMA	F6_S5	F6_S5	F6	S5	Overhead 4
	k141_94612	803	1273	+	cblA	CblA family class A beta-lactamase	core	AMR	AMR	BETA-LACTAM	CEPHALOSPORIN	PARTIAL_CONTIG_ENDX	157	296	53.04	100.0	157	WP_005827792.1	CblA family class A beta-lactamase			SRR17140451	non-PMA	F6_S5	F6_S5	F6	S5	Overhead 4
	k141_9597	613	1851	+	tetB(46)	tetracycline efflux ABC transporter Tet(46) subunit B	core	AMR	AMR	TETRACYCLINE	TETRACYCLINE	PARTIAL_CONTIG_ENDX	413	578	71.45	91.53	413	WP_048717443.1	tetracycline efflux ABC transporter Tet(46) subunit B			SRR17140451	non-PMA	F6_S5	F6_S5	F6	S5	Overhead 4
	k141_11091	222	980	+	aadD1	aminoglycoside O-nucleotidyltransferase ANT(4')-Ia	core	AMR	AMR	AMINOGLYCOSIDE	KANAMYCIN/TOBRAMYCIN	EXACTX	253	253	100.0	100.0	253	WP_001014230.1	aminoglycoside O-nucleotidyltransferase ANT(4')-Ia			SRR17140452	non-PMA	F4_S3	F4_S3	F4	S3	Exercise platform
	k141_11888	437	841	-	lnu(A)	lincosamide nucleotidyltransferase Lnu(A)	core	AMR	AMR	LINCOSAMIDE	LINCOSAMIDE	PARTIAL_CONTIG_ENDX	135	161	83.85	99.26	135	WP_001829870.1	lincosamide nucleotidyltransferase Lnu(A)			SRR17140452	non-PMA	F4_S3	F4_S3	F4	S3	Exercise platform
	k141_13911	1806	3182	-	tet(K)	tetracycline efflux MFS transporter Tet(K)	core	AMR	AMR	TETRACYCLINE	TETRACYCLINE	EXACTX	459	459	100.0	100.0	459	WP_000492283.1	tetracycline efflux MFS transporter Tet(K)			SRR17140452	non-PMA	F4_S3	F4_S3	F4	S3	Exercise platform
	k141_13931	2	1267	+	vga(A)	ABC-F type ribosomal protection protein Vga(A)	core	AMR	AMR	LINCOSAMIDE	LINCOSAMIDE	PARTIAL_CONTIG_ENDX	422	522	80.84	99.76	422	WP_032492560.1	ABC-F type ribosomal protection protein Vga(A)			SRR17140452	non-PMA	F4_S3	F4_S3	F4	S3	Exercise platform
	k141_15252	251	1093	-	blaZ	penicillin-hydrolyzing class A beta-lactamase BlaZ	core	AMR	AMR	BETA-LACTAM	BETA-LACTAM	BLASTX	281	281	100.0	98.93	281	WP_000733274.1	penicillin-hydrolyzing class A beta-lactamase BlaZ			SRR17140452	non-PMA	F4_S3	F4_S3	F4	S3	Exercise platform
	k141_15252	1200	2954	+	blaR1	beta-lactam sensor/signal transducer BlaR1	core	AMR	AMR	BETA-LACTAM	BETA-LACTAM	BLASTX	585	585	100.0	98.97	585	WP_001096386.1	beta-lactam sensor/signal transducer BlaR1			SRR17140452	non-PMA	F4_S3	F4_S3	F4	S3	Exercise platform
	k141_15252	2947	3243	+	blaI	penicillinase repressor BlaI	core	AMR	AMR	BETA-LACTAM	BETA-LACTAM	PARTIAL_CONTIG_ENDX	99	126	78.57	98.99	99	WP_001284656.1	penicillinase repressor BlaI			SRR17140452	non-PMA	F4_S3	F4_S3	F4	S3	Exercise platform
	k141_15670	3	524	+	erm(B)	23S rRNA (adenine(2058)-N(6))-methyltransferase Erm(B)	core	AMR	AMR	LINCOSAMIDE/MACROLIDE/STREPTOGRAMIN	CLINDAMYCIN/ERYTHROMYCIN/STREPTOGRAMIN B	PARTIAL_CONTIG_ENDX	174	245	71.02	99.43	174	WP_001038790.1	23S rRNA (adenine(2058)-N(6))-methyltransferase Erm(B)			SRR17140452	non-PMA	F4_S3	F4_S3	F4	S3	Exercise platform
	k141_17998	1107	2321	+	mef(A)	macrolide efflux MFS transporter Mef(A)	core	AMR	AMR	MACROLIDE	AZITHROMYCIN/ERYTHROMYCIN	EXACTX	405	405	100.0	100.0	405	WP_000417519.1	macrolide efflux MFS transporter Mef(A)			SRR17140452	non-PMA	F4_S3	F4_S3	F4	S3	Exercise platform
	k141_17998	2444	3904	+	msr(D)	ABC-F type ribosomal protection protein Msr(D)	core	AMR	AMR	MACROLIDE/STREPTOGRAMIN	AZITHROMYCIN/ERYTHROMYCIN/STREPTOGRAMIN B	EXACTX	487	487	100.0	100.0	487	WP_000420313.1	ABC-F type ribosomal protection protein Msr(D)			SRR17140452	non-PMA	F4_S3	F4_S3	F4	S3	Exercise platform
	k141_18958	207	689	-	lnu(A)	lincosamide nucleotidyltransferase Lnu(A)	core	AMR	AMR	LINCOSAMIDE	LINCOSAMIDE	BLASTX	161	161	100.0	96.89	161	WP_001829870.1	lincosamide nucleotidyltransferase Lnu(A)			SRR17140452	non-PMA	F4_S3	F4_S3	F4	S3	Exercise platform
	k141_2405	158	1699	-	qacA	quaternary ammonium compound efflux MFS transporter QacA	core	STRESS	BIOCIDE	QUATERNARY AMMONIUM	QUATERNARY AMMONIUM	BLASTX	514	514	100.0	99.81	514	WP_000622776.1	quaternary ammonium compound efflux MFS transporter QacA			SRR17140452	non-PMA	F4_S3	F4_S3	F4	S3	Exercise platform
	k141_3544	145	465	-	qacC	quaternary ammonium compound efflux SMR transporter QacC	core	STRESS	BIOCIDE	QUATERNARY AMMONIUM	QUATERNARY AMMONIUM	EXACTX	107	107	100.0	100.0	107	WP_001146389.1	quaternary ammonium compound efflux SMR transporter QacC			SRR17140452	non-PMA	F4_S3	F4_S3	F4	S3	Exercise platform
	k141_4336	655	2118	+	msr(A)	ABC-F type ribosomal protection protein Msr(A)	core	AMR	AMR	MACROLIDE/STREPTOGRAMIN	ERYTHROMYCIN/STREPTOGRAMIN B	BLASTX	488	488	100.0	99.59	488	WP_000438874.1	ABC-F type ribosomal protection protein Msr(A)			SRR17140452	non-PMA	F4_S3	F4_S3	F4	S3	Exercise platform
	k141_4336	2220	3116	+	mph(C)	Mph(C) family macrolide 2'-phosphotransferase	core	AMR	AMR	MACROLIDE	ERYTHROMYCIN/SPIRAMYCIN/TELITHROMYCIN	EXACTX	299	299	100.0	100.0	299	WP_000196697.1	Mph(C) family macrolide 2'-phosphotransferase			SRR17140452	non-PMA	F4_S3	F4_S3	F4	S3	Exercise platform
	k141_11320	1	1047	+	tetA(46)	tetracycline efflux ABC transporter Tet(46) subunit A	core	AMR	AMR	TETRACYCLINE	TETRACYCLINE	PARTIAL_CONTIG_ENDX	349	574	60.8	94.84	349	WP_063856469.1	tetracycline efflux ABC transporter Tet(46) subunit A			SRR17140454	non-PMA	F6_S4	F6_S4	F6	S4	Dining table
	k141_17368	741	1592	-	erm(X)	23S rRNA (adenine(2058)-N(6))-methyltransferase Erm(X)	core	AMR	AMR	LINCOSAMIDE/MACROLIDE/STREPTOGRAMIN	AZITHROMYCIN/CLINDAMYCIN/ERYTHROMYCIN/LINCOMYCIN/STREPTOGRAMIN B/TYLOSIN	BLASTX	284	284	100.0	99.65	284	WP_011117480.1	23S rRNA (adenine(2058)-N(6))-methyltransferase Erm(X)			SRR17140454	non-PMA	F6_S4	F6_S4	F6	S4	Dining table
	k141_20806	1853	2230	-	blaI	penicillinase repressor BlaI	core	AMR	AMR	BETA-LACTAM	BETA-LACTAM	BLASTX	126	126	100.0	96.03	126	WP_001284656.1	penicillinase repressor BlaI			SRR17140454	non-PMA	F6_S4	F6_S4	F6	S4	Dining table
	k141_26396	6	599	+	blaZ	penicillin-hydrolyzing class A beta-lactamase BlaZ	core	AMR	AMR	BETA-LACTAM	BETA-LACTAM	PARTIAL_CONTIG_ENDX	198	281	70.46	98.48	198	WP_000733285.1	penicillin-hydrolyzing class A beta-lactamase BlaZ			SRR17140454	non-PMA	F6_S4	F6_S4	F6	S4	Dining table
	k141_2912	390	1124	-	erm(B)	23S rRNA (adenine(2058)-N(6))-methyltransferase Erm(B)	core	AMR	AMR	LINCOSAMIDE/MACROLIDE/STREPTOGRAMIN	CLINDAMYCIN/ERYTHROMYCIN/STREPTOGRAMIN B	EXACTX	245	245	100.0	100.0	245	WP_001038790.1	23S rRNA (adenine(2058)-N(6))-methyltransferase Erm(B)			SRR17140454	non-PMA	F6_S4	F6_S4	F6	S4	Dining table
	k141_40472	147	572	-	fosB	FosB family fosfomycin resistance bacillithiol transferase	core	AMR	AMR	FOSFOMYCIN	FOSFOMYCIN	BLASTX	142	142	100.0	97.18	142	WP_002437790.1	FosB family fosfomycin resistance bacillithiol transferase			SRR17140454	non-PMA	F6_S4	F6_S4	F6	S4	Dining table
	k141_45133	1253	2794	-	qacB	quaternary ammonium compound efflux MFS transporter QacB	core	STRESS	BIOCIDE	QUATERNARY AMMONIUM	QUATERNARY AMMONIUM	BLASTX	514	514	100.0	99.42	514	WP_000622778.1	quaternary ammonium compound efflux MFS transporter QacB			SRR17140454	non-PMA	F6_S4	F6_S4	F6	S4	Dining table
	k141_53145	675	995	+	qacC	quaternary ammonium compound efflux SMR transporter QacC	core	STRESS	BIOCIDE	QUATERNARY AMMONIUM	QUATERNARY AMMONIUM	EXACTX	107	107	100.0	100.0	107	WP_001146389.1	quaternary ammonium compound efflux SMR transporter QacC			SRR17140454	non-PMA	F6_S4	F6_S4	F6	S4	Dining table
	k141_54318	711	2276	+	vga(A)	ABC-F type ribosomal protection protein Vga(A)	core	AMR	AMR	LINCOSAMIDE	LINCOSAMIDE	EXACTX	522	522	100.0	100.0	522	WP_002440627.1	ABC-F type ribosomal protection protein Vga(A)			SRR17140454	non-PMA	F6_S4	F6_S4	F6	S4	Dining table
	k141_65212	945	1754	-	tet(K)	tetracycline efflux MFS transporter Tet(K)	core	AMR	AMR	TETRACYCLINE	TETRACYCLINE	PARTIALX	270	459	58.82	99.63	270	WP_000492283.1	tetracycline efflux MFS transporter Tet(K)			SRR17140454	non-PMA	F6_S4	F6_S4	F6	S4	Dining table
	k141_6943	1107	2321	+	mef(A)	macrolide efflux MFS transporter Mef(A)	core	AMR	AMR	MACROLIDE	AZITHROMYCIN/ERYTHROMYCIN	EXACTX	405	405	100.0	100.0	405	WP_000417519.1	macrolide efflux MFS transporter Mef(A)			SRR17140454	non-PMA	F6_S4	F6_S4	F6	S4	Dining table
	k141_6943	2444	3904	+	msr(D)	ABC-F type ribosomal protection protein Msr(D)	core	AMR	AMR	MACROLIDE/STREPTOGRAMIN	AZITHROMYCIN/ERYTHROMYCIN/STREPTOGRAMIN B	EXACTX	487	487	100.0	100.0	487	WP_000420313.1	ABC-F type ribosomal protection protein Msr(D)			SRR17140454	non-PMA	F6_S4	F6_S4	F6	S4	Dining table
	k141_71159	261	1949	+	tet(W)	tetracycline resistance ribosomal protection protein Tet(W)	core	AMR	AMR	TETRACYCLINE	TETRACYCLINE	PARTIAL_CONTIG_ENDX	563	639	88.11	99.11	563	WP_002586627.1	tetracycline resistance ribosomal protection protein Tet(W)			SRR17140454	non-PMA	F6_S4	F6_S4	F6	S4	Dining table
	k141_73523	6	1103	+	tet	tetracycline resistance protein	core	AMR	AMR	TETRACYCLINE	TETRACYCLINE	PARTIALX	366	579	63.21	91.8	366	WP_049554487.1	tetracycline efflux ABC transporter Tet(60) subunit B			SRR17140454	non-PMA	F6_S4	F6_S4	F6	S4	Dining table
	k141_76959	1	1083	-	tet(M)	tetracycline resistance ribosomal protection protein Tet(M)	core	AMR	AMR	TETRACYCLINE	TETRACYCLINE	PARTIAL_CONTIG_ENDX	361	639	56.49	99.72	361	WP_000691743.1	tetracycline resistance ribosomal protection protein Tet(M)			SRR17140454	non-PMA	F6_S4	F6_S4	F6	S4	Dining table
	k141_80412	211	1107	+	mph(C)	Mph(C) family macrolide 2'-phosphotransferase	core	AMR	AMR	MACROLIDE	ERYTHROMYCIN/SPIRAMYCIN/TELITHROMYCIN	EXACTX	299	299	100.0	100.0	299	WP_000196697.1	Mph(C) family macrolide 2'-phosphotransferase			SRR17140454	non-PMA	F6_S4	F6_S4	F6	S4	Dining table
	k141_81817	165	1919	+	blaR1	beta-lactam sensor/signal transducer BlaR1	core	AMR	AMR	BETA-LACTAM	BETA-LACTAM	BLASTX	585	585	100.0	99.49	585	WP_001096386.1	beta-lactam sensor/signal transducer BlaR1			SRR17140454	non-PMA	F6_S4	F6_S4	F6	S4	Dining table
	k141_86811	1	1173	-	tet(M)	tetracycline resistance ribosomal protection protein Tet(M)	core	AMR	AMR	TETRACYCLINE	TETRACYCLINE	PARTIAL_CONTIG_ENDX	391	639	61.19	100.0	391	WP_000691736.1	tetracycline resistance ribosomal protection protein Tet(M)			SRR17140454	non-PMA	F6_S4	F6_S4	F6	S4	Dining table
	k141_93053	3	1355	-	lsa(C)	ABC-F type ribosomal protection protein Lsa(C)	core	AMR	AMR	LINCOSAMIDE/STREPTOGRAMIN	LINCOSAMIDE/STREPTOGRAMIN	BLASTX	451	492	91.67	92.9	451	WP_063851347.1	ABC-F type ribosomal protection protein Lsa(C)			SRR17140454	non-PMA	F6_S4	F6_S4	F6	S4	Dining table
	k141_93220	765	1496	-	erm(C)	23S rRNA (adenine(2058)-N(6))-methyltransferase Erm(C)	core	AMR	AMR	LINCOSAMIDE/MACROLIDE/STREPTOGRAMIN	CLINDAMYCIN/ERYTHROMYCIN/STREPTOGRAMIN B/TYLOSIN	EXACTX	244	244	100.0	100.0	244	WP_001003263.1	23S rRNA (adenine(2058)-N(6))-methyltransferase Erm(C)			SRR17140454	non-PMA	F6_S4	F6_S4	F6	S4	Dining table
	k141_9515	864	2327	+	msr(A)	ABC-F type ribosomal protection protein Msr(A)	core	AMR	AMR	MACROLIDE/STREPTOGRAMIN	ERYTHROMYCIN/STREPTOGRAMIN B	BLASTX	488	488	100.0	99.8	488	WP_000438874.1	ABC-F type ribosomal protection protein Msr(A)			SRR17140454	non-PMA	F6_S4	F6_S4	F6	S4	Dining table
	k141_10125	1450	2991	+	qacB	quaternary ammonium compound efflux MFS transporter QacB	core	STRESS	BIOCIDE	QUATERNARY AMMONIUM	QUATERNARY AMMONIUM	BLASTX	514	514	100.0	99.61	514	WP_000622778.1	quaternary ammonium compound efflux MFS transporter QacB			SRR17140456	non-PMA	F6_S3	F6_S3	F6	S3	Exercise platform
	k141_11620	687	1007	+	qacC	quaternary ammonium compound efflux SMR transporter QacC	core	STRESS	BIOCIDE	QUATERNARY AMMONIUM	QUATERNARY AMMONIUM	EXACTX	107	107	100.0	100.0	107	WP_001146389.1	quaternary ammonium compound efflux SMR transporter QacC			SRR17140456	non-PMA	F6_S3	F6_S3	F6	S3	Exercise platform
	k141_11621	78	809	-	erm(C)	23S rRNA (adenine(2058)-N(6))-methyltransferase Erm(C)	core	AMR	AMR	LINCOSAMIDE/MACROLIDE/STREPTOGRAMIN	CLINDAMYCIN/ERYTHROMYCIN/STREPTOGRAMIN B/TYLOSIN	EXACTX	244	244	100.0	100.0	244	WP_001003260.1	23S rRNA (adenine(2058)-N(6))-methyltransferase Erm(C)			SRR17140456	non-PMA	F6_S3	F6_S3	F6	S3	Exercise platform
	k141_1779	906	1331	+	fosB	FosB family fosfomycin resistance bacillithiol transferase	core	AMR	AMR	FOSFOMYCIN	FOSFOMYCIN	BLASTX	142	142	100.0	99.3	142	WP_002437790.1	FosB family fosfomycin resistance bacillithiol transferase			SRR17140456	non-PMA	F6_S3	F6_S3	F6	S3	Exercise platform
	k141_3455	1	306	+	blaI	penicillinase repressor BlaI	core	AMR	AMR	BETA-LACTAM	BETA-LACTAM	PARTIAL_CONTIG_ENDX	102	126	80.95	100.0	102	WP_001284656.1	penicillinase repressor BlaI			SRR17140456	non-PMA	F6_S3	F6_S3	F6	S3	Exercise platform
	k141_5585	174	1070	+	mph(C)	Mph(C) family macrolide 2'-phosphotransferase	core	AMR	AMR	MACROLIDE	ERYTHROMYCIN/SPIRAMYCIN/TELITHROMYCIN	EXACTX	299	299	100.0	100.0	299	WP_000196697.1	Mph(C) family macrolide 2'-phosphotransferase			SRR17140456	non-PMA	F6_S3	F6_S3	F6	S3	Exercise platform
	k141_7379	3	515	+	erm(X)	23S rRNA (adenine(2058)-N(6))-methyltransferase Erm(X)	core	AMR	AMR	LINCOSAMIDE/MACROLIDE/STREPTOGRAMIN	AZITHROMYCIN/CLINDAMYCIN/ERYTHROMYCIN/LINCOMYCIN/STREPTOGRAMIN B/TYLOSIN	PARTIAL_CONTIG_ENDX	171	284	60.21	98.83	171	WP_011117480.1	23S rRNA (adenine(2058)-N(6))-methyltransferase Erm(X)			SRR17140456	non-PMA	F6_S3	F6_S3	F6	S3	Exercise platform
	k141_7729	537	2000	+	msr(A)	ABC-F type ribosomal protection protein Msr(A)	core	AMR	AMR	MACROLIDE/STREPTOGRAMIN	ERYTHROMYCIN/STREPTOGRAMIN B	BLASTX	488	488	100.0	99.8	488	WP_000438874.1	ABC-F type ribosomal protection protein Msr(A)			SRR17140456	non-PMA	F6_S3	F6_S3	F6	S3	Exercise platform
	k141_7984	443	2002	+	vga(A)	ABC-F type ribosomal protection protein Vga(A)	core	AMR	AMR	LINCOSAMIDE	LINCOSAMIDE	BLASTX	520	522	100.0	98.85	522	WP_002440627.1	ABC-F type ribosomal protection protein Vga(A)			SRR17140456	non-PMA	F6_S3	F6_S3	F6	S3	Exercise platform
	k141_8050	51	1805	-	blaR1	beta-lactam sensor/signal transducer BlaR1	core	AMR	AMR	BETA-LACTAM	BETA-LACTAM	BLASTX	585	585	100.0	98.12	585	WP_001096386.1	beta-lactam sensor/signal transducer BlaR1			SRR17140456	non-PMA	F6_S3	F6_S3	F6	S3	Exercise platform
	k141_8050	1912	2754	+	blaZ	penicillin-hydrolyzing class A beta-lactamase BlaZ	core	AMR	AMR	BETA-LACTAM	BETA-LACTAM	BLASTX	281	281	100.0	97.86	281	WP_000733281.1	penicillin-hydrolyzing class A beta-lactamase BlaZ			SRR17140456	non-PMA	F6_S3	F6_S3	F6	S3	Exercise platform
	k141_10589	418	1146	-	erm(A)	23S rRNA (adenine(2058)-N(6))-methyltransferase Erm(A)	core	AMR	AMR	LINCOSAMIDE/MACROLIDE	AZITHROMYCIN/CLARITHROMYCIN/CLINDAMYCIN/ERYTHROMYCIN/TELITHROMYCIN	EXACTX	243	243	100.0	100.0	243	WP_000810833.1	23S rRNA (adenine(2058)-N(6))-methyltransferase Erm(A)			SRR17140458	non-PMA	F6_S2	F6_S2	F6	S2	Waste compartment
	k141_16728	447	914	-	erm(F)	23S rRNA (adenine(2058)-N(6))-methyltransferase Erm(F)	core	AMR	AMR	LINCOSAMIDE/MACROLIDE/STREPTOGRAMIN	CLINDAMYCIN/MACROLIDE/STREPTOGRAMIN	PARTIALX	156	266	58.65	99.36	156	WP_002682030.1	23S rRNA (adenine(2058)-N(6))-methyltransferase Erm(F)			SRR17140458	non-PMA	F6_S2	F6_S2	F6	S2	Waste compartment
	k141_17308	1	558	-	aph(3'')-Ib	aminoglycoside O-phosphotransferase APH(3'')-Ib	core	AMR	AMR	AMINOGLYCOSIDE	STREPTOMYCIN	PARTIAL_CONTIG_ENDX	186	267	69.66	100.0	186	WP_001082319.1	aminoglycoside O-phosphotransferase APH(3'')-Ib			SRR17140458	non-PMA	F6_S2	F6_S2	F6	S2	Waste compartment
	k141_2007	1962	3878	+	tet(O)	tetracycline resistance ribosomal protection protein Tet(O)	core	AMR	AMR	TETRACYCLINE	TETRACYCLINE	BLASTX	639	639	100.0	99.69	639	WP_012669445.1	tetracycline resistance ribosomal protection protein Tet(O)			SRR17140458	non-PMA	F6_S2	F6_S2	F6	S2	Waste compartment
	k141_26310	1803	2561	+	aadD1	aminoglycoside O-nucleotidyltransferase ANT(4')-Ia	core	AMR	AMR	AMINOGLYCOSIDE	KANAMYCIN/TOBRAMYCIN	EXACTX	253	253	100.0	100.0	253	WP_001014230.1	aminoglycoside O-nucleotidyltransferase ANT(4')-Ia			SRR17140458	non-PMA	F6_S2	F6_S2	F6	S2	Waste compartment
	k141_27343	604	1446	-	blaZ	penicillin-hydrolyzing class A beta-lactamase BlaZ	core	AMR	AMR	BETA-LACTAM	BETA-LACTAM	BLASTX	281	281	100.0	95.02	281	WP_000733281.1	penicillin-hydrolyzing class A beta-lactamase BlaZ			SRR17140458	non-PMA	F6_S2	F6_S2	F6	S2	Waste compartment
	k141_3259	758	1078	-	qacC	quaternary ammonium compound efflux SMR transporter QacC	core	STRESS	BIOCIDE	QUATERNARY AMMONIUM	QUATERNARY AMMONIUM	EXACTX	107	107	100.0	100.0	107	WP_001146389.1	quaternary ammonium compound efflux SMR transporter QacC			SRR17140458	non-PMA	F6_S2	F6_S2	F6	S2	Waste compartment
	k141_34340	2	931	-	pbp2m	penicillin-binding protein PBP2M	core	AMR	AMR	BETA-LACTAM	BETA-LACTAM	PARTIAL_CONTIG_ENDX	310	593	52.28	99.68	310	WP_049151672.1	penicillin-binding protein PBP2M			SRR17140458	non-PMA	F6_S2	F6_S2	F6	S2	Waste compartment
	k141_34555	16	1770	+	blaR1	beta-lactam sensor/signal transducer BlaR1	core	AMR	AMR	BETA-LACTAM	BETA-LACTAM	BLASTX	585	585	100.0	98.29	585	WP_001096392.1	beta-lactam sensor/signal transducer BlaR1			SRR17140458	non-PMA	F6_S2	F6_S2	F6	S2	Waste compartment
	k141_34555	1763	2140	+	blaI	penicillinase repressor BlaI	core	AMR	AMR	BETA-LACTAM	BETA-LACTAM	BLASTX	126	126	100.0	99.21	126	WP_001284656.1	penicillinase repressor BlaI			SRR17140458	non-PMA	F6_S2	F6_S2	F6	S2	Waste compartment
	k141_34606	1763	2140	+	blaI	penicillinase repressor BlaI	core	AMR	AMR	BETA-LACTAM	BETA-LACTAM	BLASTX	126	126	100.0	96.03	126	WP_001284656.1	penicillinase repressor BlaI			SRR17140458	non-PMA	F6_S2	F6_S2	F6	S2	Waste compartment
	k141_36488	3	1067	-	tet(32)	tetracycline resistance ribosomal protection protein Tet(32)	core	AMR	AMR	TETRACYCLINE	TETRACYCLINE	PARTIAL_CONTIG_ENDX	355	639	55.56	97.46	355	WP_002602099.1	tetracycline resistance ribosomal protection protein Tet(32)			SRR17140458	non-PMA	F6_S2	F6_S2	F6	S2	Waste compartment
	k141_38740	2	1054	+	vga(A)	ABC-F type ribosomal protection protein Vga(A)	core	AMR	AMR	LINCOSAMIDE	LINCOSAMIDE	PARTIAL_CONTIG_ENDX	351	522	67.24	100.0	351	WP_002440627.1	ABC-F type ribosomal protection protein Vga(A)			SRR17140458	non-PMA	F6_S2	F6_S2	F6	S2	Waste compartment
	k141_38825	275	718	-	lnu(A)	lincosamide nucleotidyltransferase Lnu(A)	core	AMR	AMR	LINCOSAMIDE	LINCOSAMIDE	BLASTX	148	161	91.93	99.32	148	WP_000700648.1	lincosamide nucleotidyltransferase Lnu(A)			SRR17140458	non-PMA	F6_S2	F6_S2	F6	S2	Waste compartment
	k141_41457	1424	2638	+	mef(A)	macrolide efflux MFS transporter Mef(A)	core	AMR	AMR	MACROLIDE	AZITHROMYCIN/ERYTHROMYCIN	EXACTX	405	405	100.0	100.0	405	WP_000417519.1	macrolide efflux MFS transporter Mef(A)			SRR17140458	non-PMA	F6_S2	F6_S2	F6	S2	Waste compartment
	k141_41457	2761	4221	+	msr(D)	ABC-F type ribosomal protection protein Msr(D)	core	AMR	AMR	MACROLIDE/STREPTOGRAMIN	AZITHROMYCIN/ERYTHROMYCIN/STREPTOGRAMIN B	EXACTX	487	487	100.0	100.0	487	WP_000420313.1	ABC-F type ribosomal protection protein Msr(D)			SRR17140458	non-PMA	F6_S2	F6_S2	F6	S2	Waste compartment
	k141_4213	1556	2011	+	erm(X)	23S rRNA (adenine(2058)-N(6))-methyltransferase Erm(X)	core	AMR	AMR	LINCOSAMIDE/MACROLIDE/STREPTOGRAMIN	AZITHROMYCIN/CLINDAMYCIN/ERYTHROMYCIN/LINCOMYCIN/STREPTOGRAMIN B/TYLOSIN	PARTIAL_CONTIG_ENDX	152	253	60.08	100.0	152	WP_011116967.1	23S rRNA (adenine(2058)-N(6))-methyltransferase Erm(X)			SRR17140458	non-PMA	F6_S2	F6_S2	F6	S2	Waste compartment
	k141_43691	913	2829	-	tet(W)	tetracycline resistance ribosomal protection protein Tet(W)	core	AMR	AMR	TETRACYCLINE	TETRACYCLINE	BLASTX	639	639	100.0	99.69	639	WP_002586627.1	tetracycline resistance ribosomal protection protein Tet(W)			SRR17140458	non-PMA	F6_S2	F6_S2	F6	S2	Waste compartment
	k141_45533	878	1612	-	erm(B)	23S rRNA (adenine(2058)-N(6))-methyltransferase Erm(B)	core	AMR	AMR	LINCOSAMIDE/MACROLIDE/STREPTOGRAMIN	CLINDAMYCIN/ERYTHROMYCIN/STREPTOGRAMIN B	BLASTX	245	245	100.0	99.59	245	WP_001038795.1	23S rRNA (adenine(2058)-N(6))-methyltransferase Erm(B)			SRR17140458	non-PMA	F6_S2	F6_S2	F6	S2	Waste compartment
	k141_49959	2	1138	-	tet(M)	tetracycline resistance ribosomal protection protein Tet(M)	core	AMR	AMR	TETRACYCLINE	TETRACYCLINE	PARTIAL_CONTIG_ENDX	379	639	59.31	100.0	379	WP_000691743.1	tetracycline resistance ribosomal protection protein Tet(M)			SRR17140458	non-PMA	F6_S2	F6_S2	F6	S2	Waste compartment
	k141_51134	1612	2988	+	tet(K)	tetracycline efflux MFS transporter Tet(K)	core	AMR	AMR	TETRACYCLINE	TETRACYCLINE	EXACTX	459	459	100.0	100.0	459	WP_000492283.1	tetracycline efflux MFS transporter Tet(K)			SRR17140458	non-PMA	F6_S2	F6_S2	F6	S2	Waste compartment
	k141_52928	2	1354	+	tet(M)	tetracycline resistance ribosomal protection protein Tet(M)	core	AMR	AMR	TETRACYCLINE	TETRACYCLINE	PARTIAL_CONTIG_ENDX	451	639	70.58	99.78	451	WP_000691736.1	tetracycline resistance ribosomal protection protein Tet(M)			SRR17140458	non-PMA	F6_S2	F6_S2	F6	S2	Waste compartment
	k141_53197	191	682	+	dfrF	trimethoprim-resistant dihydrofolate reductase DfrF	core	AMR	AMR	TRIMETHOPRIM	TRIMETHOPRIM	EXACTX	164	164	100.0	100.0	164	WP_002322211.1	trimethoprim-resistant dihydrofolate reductase DfrF			SRR17140458	non-PMA	F6_S2	F6_S2	F6	S2	Waste compartment
	k141_57162	2	535	+	erm(X)	23S rRNA (adenine(2058)-N(6))-methyltransferase Erm(X)	core	AMR	AMR	LINCOSAMIDE/MACROLIDE/STREPTOGRAMIN	AZITHROMYCIN/CLINDAMYCIN/ERYTHROMYCIN/LINCOMYCIN/STREPTOGRAMIN B/TYLOSIN	PARTIAL_CONTIG_ENDX	178	284	62.68	98.31	178	WP_063844894.1	23S rRNA (adenine(2058)-N(6))-methyltransferase Erm(X)			SRR17140458	non-PMA	F6_S2	F6_S2	F6	S2	Waste compartment
	k141_57217	3	392	-	erm(X)	23S rRNA (adenine(2058)-N(6))-methyltransferase Erm(X)	core	AMR	AMR	LINCOSAMIDE/MACROLIDE/STREPTOGRAMIN	AZITHROMYCIN/CLINDAMYCIN/ERYTHROMYCIN/LINCOMYCIN/STREPTOGRAMIN B/TYLOSIN	PARTIAL_CONTIG_ENDX	130	253	51.38	90.0	130	WP_011116967.1	23S rRNA (adenine(2058)-N(6))-methyltransferase Erm(X)			SRR17140458	non-PMA	F6_S2	F6_S2	F6	S2	Waste compartment
	k141_58018	710	2173	+	msr(A)	ABC-F type ribosomal protection protein Msr(A)	core	AMR	AMR	MACROLIDE/STREPTOGRAMIN	ERYTHROMYCIN/STREPTOGRAMIN B	BLASTX	488	488	100.0	99.8	488	WP_000438874.1	ABC-F type ribosomal protection protein Msr(A)			SRR17140458	non-PMA	F6_S2	F6_S2	F6	S2	Waste compartment
	k141_58018	2275	3171	+	mph(C)	Mph(C) family macrolide 2'-phosphotransferase	core	AMR	AMR	MACROLIDE	ERYTHROMYCIN/SPIRAMYCIN/TELITHROMYCIN	EXACTX	299	299	100.0	100.0	299	WP_000196697.1	Mph(C) family macrolide 2'-phosphotransferase			SRR17140458	non-PMA	F6_S2	F6_S2	F6	S2	Waste compartment
	k141_60244	2079	3644	-	vga(A)	ABC-F type ribosomal protection protein Vga(A)	core	AMR	AMR	LINCOSAMIDE	LINCOSAMIDE	BLASTX	522	522	100.0	99.04	522	WP_032492560.1	ABC-F type ribosomal protection protein Vga(A)			SRR17140458	non-PMA	F6_S2	F6_S2	F6	S2	Waste compartment
	k141_62504	3	287	+	sat4	streptothricin N-acetyltransferase Sat4	core	AMR	AMR	STREPTOTHRICIN	STREPTOTHRICIN	PARTIAL_CONTIG_ENDX	95	180	52.78	100.0	95	WP_000627290.1	streptothricin N-acetyltransferase Sat4			SRR17140458	non-PMA	F6_S2	F6_S2	F6	S2	Waste compartment
	k141_669	173	655	-	lnu(A)	lincosamide nucleotidyltransferase Lnu(A)	core	AMR	AMR	LINCOSAMIDE	LINCOSAMIDE	EXACTX	161	161	100.0	100.0	161	WP_011645010.1	lincosamide nucleotidyltransferase Lnu(A)			SRR17140458	non-PMA	F6_S2	F6_S2	F6	S2	Waste compartment
	k141_70992	78750	79478	+	erm(A)	23S rRNA (adenine(2058)-N(6))-methyltransferase Erm(A)	core	AMR	AMR	LINCOSAMIDE/MACROLIDE	AZITHROMYCIN/CLARITHROMYCIN/CLINDAMYCIN/ERYTHROMYCIN/TELITHROMYCIN	EXACTX	243	243	100.0	100.0	243	WP_001072201.1	23S rRNA (adenine(2058)-N(6))-methyltransferase Erm(A)			SRR17140458	non-PMA	F6_S2	F6_S2	F6	S2	Waste compartment
	k141_70992	79610	80389	-	ant(9)-Ia	aminoglycoside nucleotidyltransferase ANT(9)-Ia	core	AMR	AMR	AMINOGLYCOSIDE	SPECTINOMYCIN	EXACTX	260	260	100.0	100.0	260	WP_000067268.1	aminoglycoside nucleotidyltransferase ANT(9)-Ia			SRR17140458	non-PMA	F6_S2	F6_S2	F6	S2	Waste compartment
	k141_72706	3224	3649	+	fosB	FosB family fosfomycin resistance bacillithiol transferase	core	AMR	AMR	FOSFOMYCIN	FOSFOMYCIN	BLASTX	142	142	100.0	98.59	142	WP_002437790.1	FosB family fosfomycin resistance bacillithiol transferase			SRR17140458	non-PMA	F6_S2	F6_S2	F6	S2	Waste compartment
	k141_78912	292	1023	-	erm(C)	23S rRNA (adenine(2058)-N(6))-methyltransferase Erm(C)	core	AMR	AMR	LINCOSAMIDE/MACROLIDE/STREPTOGRAMIN	CLINDAMYCIN/ERYTHROMYCIN/STREPTOGRAMIN B/TYLOSIN	EXACTX	244	244	100.0	100.0	244	WP_001003264.1	23S rRNA (adenine(2058)-N(6))-methyltransferase Erm(C)			SRR17140458	non-PMA	F6_S2	F6_S2	F6	S2	Waste compartment
	k141_79449	76	444	-	mecI	mecA-type methicillin resistance repressor MecI	core	AMR	AMR	BETA-LACTAM	METHICILLIN	EXACTX	123	123	100.0	100.0	123	WP_000369214.1	mecA-type methicillin resistance repressor MecI			SRR17140458	non-PMA	F6_S2	F6_S2	F6	S2	Waste compartment
	k141_8344	1028	2569	-	qacA	quaternary ammonium compound efflux MFS transporter QacA	core	STRESS	BIOCIDE	QUATERNARY AMMONIUM	QUATERNARY AMMONIUM	BLASTX	514	514	100.0	99.42	514	WP_000622776.1	quaternary ammonium compound efflux MFS transporter QacA			SRR17140458	non-PMA	F6_S2	F6_S2	F6	S2	Waste compartment
	k141_8682	397	1239	-	blaZ	penicillin-hydrolyzing class A beta-lactamase BlaZ	core	AMR	AMR	BETA-LACTAM	BETA-LACTAM	EXACTX	281	281	100.0	100.0	281	WP_000733274.1	penicillin-hydrolyzing class A beta-lactamase BlaZ			SRR17140458	non-PMA	F6_S2	F6_S2	F6	S2	Waste compartment
	k141_409	233	553	+	qacC	quaternary ammonium compound efflux SMR transporter QacC	core	STRESS	BIOCIDE	QUATERNARY AMMONIUM	QUATERNARY AMMONIUM	EXACTX	107	107	100.0	100.0	107	WP_001146389.1	quaternary ammonium compound efflux SMR transporter QacC			SRR17140460	non-PMA	F6_S1	F6_S1	F6	S1	Cupola
	k141_10097	984	1409	+	fosB	FosB family fosfomycin resistance bacillithiol transferase	core	AMR	AMR	FOSFOMYCIN	FOSFOMYCIN	BLASTX	142	142	100.0	97.89	142	WP_002437790.1	FosB family fosfomycin resistance bacillithiol transferase			SRR17140462	non-PMA	F5_S8	F5_S8	F5	S8	Crew quarters
	k141_11902	62	532	+	erm(X)	23S rRNA (adenine(2058)-N(6))-methyltransferase Erm(X)	core	AMR	AMR	LINCOSAMIDE/MACROLIDE/STREPTOGRAMIN	AZITHROMYCIN/CLINDAMYCIN/ERYTHROMYCIN/LINCOMYCIN/STREPTOGRAMIN B/TYLOSIN	PARTIAL_CONTIG_ENDX	157	284	55.28	97.45	157	WP_063844894.1	23S rRNA (adenine(2058)-N(6))-methyltransferase Erm(X)			SRR17140462	non-PMA	F5_S8	F5_S8	F5	S8	Crew quarters
	k141_14470	2	355	-	blaI	penicillinase repressor BlaI	core	AMR	AMR	BETA-LACTAM	BETA-LACTAM	BLASTX	118	126	93.65	99.15	118	WP_001284656.1	penicillinase repressor BlaI			SRR17140462	non-PMA	F5_S8	F5_S8	F5	S8	Crew quarters
	k141_15383	15	857	-	blaZ	penicillin-hydrolyzing class A beta-lactamase BlaZ	core	AMR	AMR	BETA-LACTAM	BETA-LACTAM	BLASTX	281	281	100.0	96.44	281	WP_000733281.1	penicillin-hydrolyzing class A beta-lactamase BlaZ			SRR17140462	non-PMA	F5_S8	F5_S8	F5	S8	Crew quarters
	k141_17262	627	1589	-	cfxA	CfxA family broad-spectrum class A beta-lactamase	core	AMR	AMR	BETA-LACTAM	BETA-LACTAM	BLASTX	321	321	100.0	99.69	321	WP_004339683.1	CfxA family broad-spectrum class A beta-lactamase			SRR17140462	non-PMA	F5_S8	F5_S8	F5	S8	Crew quarters
	k141_1837	3	1229	+	qacA	quaternary ammonium compound efflux MFS transporter QacA	core	STRESS	BIOCIDE	QUATERNARY AMMONIUM	QUATERNARY AMMONIUM	PARTIAL_CONTIG_ENDX	409	514	79.57	99.51	409	WP_000622776.1	quaternary ammonium compound efflux MFS transporter QacA			SRR17140462	non-PMA	F5_S8	F5_S8	F5	S8	Crew quarters
	k141_21722	3	1022	-	blaR1	beta-lactam sensor/signal transducer BlaR1	core	AMR	AMR	BETA-LACTAM	BETA-LACTAM	PARTIAL_CONTIG_ENDX	340	585	58.12	99.41	340	WP_001096386.1	beta-lactam sensor/signal transducer BlaR1			SRR17140462	non-PMA	F5_S8	F5_S8	F5	S8	Crew quarters
	k141_24122	574	1305	-	erm(C)	23S rRNA (adenine(2058)-N(6))-methyltransferase Erm(C)	core	AMR	AMR	LINCOSAMIDE/MACROLIDE/STREPTOGRAMIN	CLINDAMYCIN/ERYTHROMYCIN/STREPTOGRAMIN B/TYLOSIN	BLASTX	244	244	100.0	97.95	244	WP_001003264.1	23S rRNA (adenine(2058)-N(6))-methyltransferase Erm(C)			SRR17140462	non-PMA	F5_S8	F5_S8	F5	S8	Crew quarters
	k141_25083	1	1794	+	tet(M)	tetracycline resistance ribosomal protection protein Tet(M)	core	AMR	AMR	TETRACYCLINE	TETRACYCLINE	BLASTX	598	639	93.58	100.0	598	WP_000691736.1	tetracycline resistance ribosomal protection protein Tet(M)			SRR17140462	non-PMA	F5_S8	F5_S8	F5	S8	Crew quarters
	k141_2522	275	652	-	blaI	penicillinase repressor BlaI	core	AMR	AMR	BETA-LACTAM	BETA-LACTAM	BLASTX	126	126	100.0	96.03	126	WP_001284656.1	penicillinase repressor BlaI			SRR17140462	non-PMA	F5_S8	F5_S8	F5	S8	Crew quarters
	k141_29650	293	613	-	qacC	quaternary ammonium compound efflux SMR transporter QacC	core	STRESS	BIOCIDE	QUATERNARY AMMONIUM	QUATERNARY AMMONIUM	EXACTX	107	107	100.0	100.0	107	WP_001146389.1	quaternary ammonium compound efflux SMR transporter QacC			SRR17140462	non-PMA	F5_S8	F5_S8	F5	S8	Crew quarters
	k141_4821	1	762	+	msr(A)	ABC-F type ribosomal protection protein Msr(A)	core	AMR	AMR	MACROLIDE/STREPTOGRAMIN	ERYTHROMYCIN/STREPTOGRAMIN B	PARTIAL_CONTIG_ENDX	254	488	52.05	100.0	254	WP_000438874.1	ABC-F type ribosomal protection protein Msr(A)			SRR17140462	non-PMA	F5_S8	F5_S8	F5	S8	Crew quarters
	k141_9578	4297	5511	+	mef(A)	macrolide efflux MFS transporter Mef(A)	core	AMR	AMR	MACROLIDE	AZITHROMYCIN/ERYTHROMYCIN	EXACTX	405	405	100.0	100.0	405	WP_000417519.1	macrolide efflux MFS transporter Mef(A)			SRR17140462	non-PMA	F5_S8	F5_S8	F5	S8	Crew quarters
	k141_9578	5634	7094	+	msr(D)	ABC-F type ribosomal protection protein Msr(D)	core	AMR	AMR	MACROLIDE/STREPTOGRAMIN	AZITHROMYCIN/ERYTHROMYCIN/STREPTOGRAMIN B	EXACTX	487	487	100.0	100.0	487	WP_000420313.1	ABC-F type ribosomal protection protein Msr(D)			SRR17140462	non-PMA	F5_S8	F5_S8	F5	S8	Crew quarters
	k141_19189	2	826	+	msr(A)	ABC-F type ribosomal protection protein Msr(A)	core	AMR	AMR	MACROLIDE/STREPTOGRAMIN	ERYTHROMYCIN/STREPTOGRAMIN B	PARTIAL_CONTIG_ENDX	275	488	56.35	100.0	275	WP_000438874.1	ABC-F type ribosomal protection protein Msr(A)			SRR17140467	non-PMA	F7_S8	F7_S8	F7	S8	Crew quarters
	k141_1952	3	710	-	tet(K)	tetracycline efflux MFS transporter Tet(K)	core	AMR	AMR	TETRACYCLINE	TETRACYCLINE	PARTIAL_CONTIG_ENDX	236	459	51.42	100.0	236	WP_000492283.1	tetracycline efflux MFS transporter Tet(K)			SRR17140467	non-PMA	F7_S8	F7_S8	F7	S8	Crew quarters
	k141_28260	1293	2858	+	vga(A)	ABC-F type ribosomal protection protein Vga(A)	core	AMR	AMR	LINCOSAMIDE	LINCOSAMIDE	EXACTX	522	522	100.0	100.0	522	WP_002440627.1	ABC-F type ribosomal protection protein Vga(A)			SRR17140467	non-PMA	F7_S8	F7_S8	F7	S8	Crew quarters
	k141_28847	1365	2579	+	mef(A)	macrolide efflux MFS transporter Mef(A)	core	AMR	AMR	MACROLIDE	AZITHROMYCIN/ERYTHROMYCIN	EXACTX	405	405	100.0	100.0	405	WP_000417519.1	macrolide efflux MFS transporter Mef(A)			SRR17140467	non-PMA	F7_S8	F7_S8	F7	S8	Crew quarters
	k141_28847	2702	4162	+	msr(D)	ABC-F type ribosomal protection protein Msr(D)	core	AMR	AMR	MACROLIDE/STREPTOGRAMIN	AZITHROMYCIN/ERYTHROMYCIN/STREPTOGRAMIN B	EXACTX	487	487	100.0	100.0	487	WP_000420313.1	ABC-F type ribosomal protection protein Msr(D)			SRR17140467	non-PMA	F7_S8	F7_S8	F7	S8	Crew quarters
	k141_31287	5225	7141	-	tet(M)	tetracycline resistance ribosomal protection protein Tet(M)	core	AMR	AMR	TETRACYCLINE	TETRACYCLINE	EXACTX	639	639	100.0	100.0	639	WP_000691743.1	tetracycline resistance ribosomal protection protein Tet(M)			SRR17140467	non-PMA	F7_S8	F7_S8	F7	S8	Crew quarters
	k141_31641	1842	2693	+	erm(X)	23S rRNA (adenine(2058)-N(6))-methyltransferase Erm(X)	core	AMR	AMR	LINCOSAMIDE/MACROLIDE/STREPTOGRAMIN	AZITHROMYCIN/CLINDAMYCIN/ERYTHROMYCIN/LINCOMYCIN/STREPTOGRAMIN B/TYLOSIN	BLASTX	284	284	100.0	97.54	284	WP_063844894.1	23S rRNA (adenine(2058)-N(6))-methyltransferase Erm(X)			SRR17140467	non-PMA	F7_S8	F7_S8	F7	S8	Crew quarters
	k141_3199	1053	1895	-	blaZ	penicillin-hydrolyzing class A beta-lactamase BlaZ	core	AMR	AMR	BETA-LACTAM	BETA-LACTAM	BLASTX	281	281	100.0	95.02	281	WP_000733281.1	penicillin-hydrolyzing class A beta-lactamase BlaZ			SRR17140467	non-PMA	F7_S8	F7_S8	F7	S8	Crew quarters
	k141_3199	2002	3756	+	blaR1	beta-lactam sensor/signal transducer BlaR1	core	AMR	AMR	BETA-LACTAM	BETA-LACTAM	BLASTX	585	585	100.0	91.79	585	WP_001096386.1	beta-lactam sensor/signal transducer BlaR1			SRR17140467	non-PMA	F7_S8	F7_S8	F7	S8	Crew quarters
	k141_3199	3749	4126	+	blaI	penicillinase repressor BlaI	core	AMR	AMR	BETA-LACTAM	BETA-LACTAM	BLASTX	126	126	100.0	96.03	126	WP_001284656.1	penicillinase repressor BlaI			SRR17140467	non-PMA	F7_S8	F7_S8	F7	S8	Crew quarters
	k141_3664	1183	2724	+	qacA	quaternary ammonium compound efflux MFS transporter QacA	core	STRESS	BIOCIDE	QUATERNARY AMMONIUM	QUATERNARY AMMONIUM	BLASTX	514	514	100.0	99.42	514	WP_000622776.1	quaternary ammonium compound efflux MFS transporter QacA			SRR17140467	non-PMA	F7_S8	F7_S8	F7	S8	Crew quarters
	k141_38694	26741	28024	-	tet(42)	tetracycline efflux MFS transporter Tet(42)	core	AMR	AMR	TETRACYCLINE	TETRACYCLINE	BLASTX	428	428	100.0	95.09	428	WP_063855882.1	tetracycline efflux MFS transporter Tet(42)			SRR17140467	non-PMA	F7_S8	F7_S8	F7	S8	Crew quarters
	k141_40162	3	635	+	mph(C)	Mph(C) family macrolide 2'-phosphotransferase	core	AMR	AMR	MACROLIDE	ERYTHROMYCIN/SPIRAMYCIN/TELITHROMYCIN	PARTIAL_CONTIG_ENDX	211	299	70.57	100.0	211	WP_000196697.1	Mph(C) family macrolide 2'-phosphotransferase			SRR17140467	non-PMA	F7_S8	F7_S8	F7	S8	Crew quarters
	k141_44273	1299	1565	-	fosB	FosB family fosfomycin resistance bacillithiol transferase	core	AMR	AMR	FOSFOMYCIN	FOSFOMYCIN	PARTIALX	89	142	62.68	98.88	89	WP_002467687.1	FosB family fosfomycin resistance bacillithiol transferase			SRR17140467	non-PMA	F7_S8	F7_S8	F7	S8	Crew quarters
	k141_46232	145	465	-	qacC	quaternary ammonium compound efflux SMR transporter QacC	core	STRESS	BIOCIDE	QUATERNARY AMMONIUM	QUATERNARY AMMONIUM	EXACTX	107	107	100.0	100.0	107	WP_001146389.1	quaternary ammonium compound efflux SMR transporter QacC			SRR17140467	non-PMA	F7_S8	F7_S8	F7	S8	Crew quarters
	k141_47388	1619	2350	+	erm(C)	23S rRNA (adenine(2058)-N(6))-methyltransferase Erm(C)	core	AMR	AMR	LINCOSAMIDE/MACROLIDE/STREPTOGRAMIN	CLINDAMYCIN/ERYTHROMYCIN/STREPTOGRAMIN B/TYLOSIN	EXACTX	244	244	100.0	100.0	244	WP_001003263.1	23S rRNA (adenine(2058)-N(6))-methyltransferase Erm(C)			SRR17140467	non-PMA	F7_S8	F7_S8	F7	S8	Crew quarters
	k141_10170	3	473	-	erm(X)	23S rRNA (adenine(2058)-N(6))-methyltransferase Erm(X)	core	AMR	AMR	LINCOSAMIDE/MACROLIDE/STREPTOGRAMIN	AZITHROMYCIN/CLINDAMYCIN/ERYTHROMYCIN/LINCOMYCIN/STREPTOGRAMIN B/TYLOSIN	PARTIAL_CONTIG_ENDX	157	284	55.28	98.09	157	WP_063844894.1	23S rRNA (adenine(2058)-N(6))-methyltransferase Erm(X)			SRR17140469	non-PMA	F7_S7	F7_S7	F7	S7	Lab overhead
	k141_13637	6227	7768	-	qacA	quaternary ammonium compound efflux MFS transporter QacA	core	STRESS	BIOCIDE	QUATERNARY AMMONIUM	QUATERNARY AMMONIUM	EXACTX	514	514	100.0	100.0	514	WP_000622776.1	quaternary ammonium compound efflux MFS transporter QacA			SRR17140469	non-PMA	F7_S7	F7_S7	F7	S7	Lab overhead
	k141_15401	959	1279	+	qacC	quaternary ammonium compound efflux SMR transporter QacC	core	STRESS	BIOCIDE	QUATERNARY AMMONIUM	QUATERNARY AMMONIUM	EXACTX	107	107	100.0	100.0	107	WP_001146389.1	quaternary ammonium compound efflux SMR transporter QacC			SRR17140469	non-PMA	F7_S7	F7_S7	F7	S7	Lab overhead
	k141_19071	3304	3729	+	fosB	FosB family fosfomycin resistance bacillithiol transferase	core	AMR	AMR	FOSFOMYCIN	FOSFOMYCIN	BLASTX	142	142	100.0	96.48	142	WP_002437790.1	FosB family fosfomycin resistance bacillithiol transferase			SRR17140469	non-PMA	F7_S7	F7_S7	F7	S7	Lab overhead
	k141_21420	108	668	-	fusB	fusidic acid resistance EF-G-binding protein FusB	core	AMR	AMR	FUSIDIC ACID	FUSIDIC ACID	PARTIAL_CONTIG_ENDX	187	213	87.79	100.0	187	WP_000855537.1	fusidic acid resistance EF-G-binding protein FusB			SRR17140469	non-PMA	F7_S7	F7_S7	F7	S7	Lab overhead
	k141_2319	1118	1846	-	erm(A)	23S rRNA (adenine(2058)-N(6))-methyltransferase Erm(A)	core	AMR	AMR	LINCOSAMIDE/MACROLIDE	AZITHROMYCIN/CLARITHROMYCIN/CLINDAMYCIN/ERYTHROMYCIN/TELITHROMYCIN	EXACTX	243	243	100.0	100.0	243	WP_000810833.1	23S rRNA (adenine(2058)-N(6))-methyltransferase Erm(A)			SRR17140469	non-PMA	F7_S7	F7_S7	F7	S7	Lab overhead
	k141_25452	2176	3636	-	msr(D)	ABC-F type ribosomal protection protein Msr(D)	core	AMR	AMR	MACROLIDE/STREPTOGRAMIN	AZITHROMYCIN/ERYTHROMYCIN/STREPTOGRAMIN B	EXACTX	487	487	100.0	100.0	487	WP_000420313.1	ABC-F type ribosomal protection protein Msr(D)			SRR17140469	non-PMA	F7_S7	F7_S7	F7	S7	Lab overhead
	k141_25452	3759	4973	-	mef(A)	macrolide efflux MFS transporter Mef(A)	core	AMR	AMR	MACROLIDE	AZITHROMYCIN/ERYTHROMYCIN	EXACTX	405	405	100.0	100.0	405	WP_000417519.1	macrolide efflux MFS transporter Mef(A)			SRR17140469	non-PMA	F7_S7	F7_S7	F7	S7	Lab overhead
	k141_27539	587	1084	-	erm(X)	23S rRNA (adenine(2058)-N(6))-methyltransferase Erm(X)	core	AMR	AMR	LINCOSAMIDE/MACROLIDE/STREPTOGRAMIN	AZITHROMYCIN/CLINDAMYCIN/ERYTHROMYCIN/LINCOMYCIN/STREPTOGRAMIN B/TYLOSIN	PARTIAL_CONTIG_ENDX	166	284	58.45	100.0	166	WP_011117480.1	23S rRNA (adenine(2058)-N(6))-methyltransferase Erm(X)			SRR17140469	non-PMA	F7_S7	F7_S7	F7	S7	Lab overhead
	k141_35004	305	1768	+	msr(A)	ABC-F type ribosomal protection protein Msr(A)	core	AMR	AMR	MACROLIDE/STREPTOGRAMIN	ERYTHROMYCIN/STREPTOGRAMIN B	BLASTX	488	488	100.0	99.8	488	WP_000438874.1	ABC-F type ribosomal protection protein Msr(A)			SRR17140469	non-PMA	F7_S7	F7_S7	F7	S7	Lab overhead
	k141_35004	1870	2766	+	mph(C)	Mph(C) family macrolide 2'-phosphotransferase	core	AMR	AMR	MACROLIDE	ERYTHROMYCIN/SPIRAMYCIN/TELITHROMYCIN	EXACTX	299	299	100.0	100.0	299	WP_000196697.1	Mph(C) family macrolide 2'-phosphotransferase			SRR17140469	non-PMA	F7_S7	F7_S7	F7	S7	Lab overhead
	k141_35703	199	843	+	catA	type A-7 chloramphenicol O-acetyltransferase	core	AMR	AMR	PHENICOL	CHLORAMPHENICOL	BLASTX	215	215	100.0	96.28	215	WP_002489529.1	type A-7 chloramphenicol O-acetyltransferase			SRR17140469	non-PMA	F7_S7	F7_S7	F7	S7	Lab overhead
	k141_37033	166	831	+	aph(3'')-Ib	aminoglycoside O-phosphotransferase APH(3'')-Ib	core	AMR	AMR	AMINOGLYCOSIDE	STREPTOMYCIN	PARTIAL_CONTIG_ENDX	222	267	83.15	100.0	222	WP_001082319.1	aminoglycoside O-phosphotransferase APH(3'')-Ib			SRR17140469	non-PMA	F7_S7	F7_S7	F7	S7	Lab overhead
	k141_37917	4	1743	+	tet(M)	tetracycline resistance ribosomal protection protein Tet(M)	core	AMR	AMR	TETRACYCLINE	TETRACYCLINE	BLASTX	580	639	90.77	99.66	580	WP_000691727.1	tetracycline resistance ribosomal protection protein Tet(M)			SRR17140469	non-PMA	F7_S7	F7_S7	F7	S7	Lab overhead
	k141_42097	421	1986	+	vga(A)	ABC-F type ribosomal protection protein Vga(A)	core	AMR	AMR	LINCOSAMIDE	LINCOSAMIDE	EXACTX	522	522	100.0	100.0	522	WP_002440627.1	ABC-F type ribosomal protection protein Vga(A)			SRR17140469	non-PMA	F7_S7	F7_S7	F7	S7	Lab overhead
	k141_42338	393	875	+	lnu(A)	lincosamide nucleotidyltransferase Lnu(A)	core	AMR	AMR	LINCOSAMIDE	LINCOSAMIDE	EXACTX	161	161	100.0	100.0	161	WP_011645013.1	lincosamide nucleotidyltransferase Lnu(A)			SRR17140469	non-PMA	F7_S7	F7_S7	F7	S7	Lab overhead
	k141_51125	558	983	+	erm(B)	23S rRNA (adenine(2058)-N(6))-methyltransferase Erm(B)	core	AMR	AMR	LINCOSAMIDE/MACROLIDE/STREPTOGRAMIN	CLINDAMYCIN/ERYTHROMYCIN/STREPTOGRAMIN B	PARTIAL_CONTIG_ENDX	142	245	57.96	100.0	142	WP_001038795.1	23S rRNA (adenine(2058)-N(6))-methyltransferase Erm(B)			SRR17140469	non-PMA	F7_S7	F7_S7	F7	S7	Lab overhead
	k141_52440	1469	2200	+	erm(C)	23S rRNA (adenine(2058)-N(6))-methyltransferase Erm(C)	core	AMR	AMR	LINCOSAMIDE/MACROLIDE/STREPTOGRAMIN	CLINDAMYCIN/ERYTHROMYCIN/STREPTOGRAMIN B/TYLOSIN	EXACTX	244	244	100.0	100.0	244	WP_001003263.1	23S rRNA (adenine(2058)-N(6))-methyltransferase Erm(C)			SRR17140469	non-PMA	F7_S7	F7_S7	F7	S7	Lab overhead
	k141_52690	2135	2512	+	blaI	penicillinase repressor BlaI	core	AMR	AMR	BETA-LACTAM	BETA-LACTAM	BLASTX	126	126	100.0	96.03	126	WP_001284656.1	penicillinase repressor BlaI			SRR17140469	non-PMA	F7_S7	F7_S7	F7	S7	Lab overhead
	k141_58330	1	450	-	erm(44)v	23S rRNA (adenine(2058)-N(6))-methyltransferase Erm(44)v	core	AMR	AMR	LINCOSAMIDE/MACROLIDE	CLINDAMYCIN/ERYTHROMYCIN	PARTIAL_CONTIG_ENDX	150	243	61.73	100.0	150	WP_041079981.1	23S rRNA (adenine(2058)-N(6))-methyltransferase Erm(44)v			SRR17140469	non-PMA	F7_S7	F7_S7	F7	S7	Lab overhead
	k141_59705	3301	4578	+	tet(K)	tetracycline efflux MFS transporter Tet(K)	core	AMR	AMR	TETRACYCLINE	TETRACYCLINE	BLASTX	426	459	92.81	100.0	426	WP_000492283.1	tetracycline efflux MFS transporter Tet(K)			SRR17140469	non-PMA	F7_S7	F7_S7	F7	S7	Lab overhead
	k141_8324	444	821	-	blaI	penicillinase repressor BlaI	core	AMR	AMR	BETA-LACTAM	BETA-LACTAM	BLASTX	126	126	100.0	99.21	126	WP_001284656.1	penicillinase repressor BlaI			SRR17140469	non-PMA	F7_S7	F7_S7	F7	S7	Lab overhead
	k141_8324	814	2568	-	blaR1	beta-lactam sensor/signal transducer BlaR1	core	AMR	AMR	BETA-LACTAM	BETA-LACTAM	BLASTX	585	585	100.0	98.12	585	WP_001096386.1	beta-lactam sensor/signal transducer BlaR1			SRR17140469	non-PMA	F7_S7	F7_S7	F7	S7	Lab overhead
	k141_8324	2675	3517	+	blaZ	penicillin-hydrolyzing class A beta-lactamase BlaZ	core	AMR	AMR	BETA-LACTAM	BETA-LACTAM	BLASTX	281	281	100.0	94.66	281	WP_000733281.1	penicillin-hydrolyzing class A beta-lactamase BlaZ			SRR17140469	non-PMA	F7_S7	F7_S7	F7	S7	Lab overhead
	k141_1136	1	753	+	tet(K)	tetracycline efflux MFS transporter Tet(K)	core	AMR	AMR	TETRACYCLINE	TETRACYCLINE	PARTIAL_CONTIG_ENDX	251	459	54.68	100.0	251	WP_000492283.1	tetracycline efflux MFS transporter Tet(K)			SRR17140470	non-PMA	F4_S4	F4_S4	F4	S4	Dining table
	k141_2011	2	553	-	cfxA	CfxA family broad-spectrum class A beta-lactamase	core	AMR	AMR	BETA-LACTAM	BETA-LACTAM	PARTIAL_CONTIG_ENDX	184	321	57.32	100.0	184	WP_004339683.1	CfxA family broad-spectrum class A beta-lactamase			SRR17140470	non-PMA	F4_S4	F4_S4	F4	S4	Dining table
	k141_2465	248	568	-	qacC	quaternary ammonium compound efflux SMR transporter QacC	core	STRESS	BIOCIDE	QUATERNARY AMMONIUM	QUATERNARY AMMONIUM	EXACTX	107	107	100.0	100.0	107	WP_001146389.1	quaternary ammonium compound efflux SMR transporter QacC			SRR17140470	non-PMA	F4_S4	F4_S4	F4	S4	Dining table
	k141_4453	807	2021	+	mef(A)	macrolide efflux MFS transporter Mef(A)	core	AMR	AMR	MACROLIDE	AZITHROMYCIN/ERYTHROMYCIN	EXACTX	405	405	100.0	100.0	405	WP_000417519.1	macrolide efflux MFS transporter Mef(A)			SRR17140470	non-PMA	F4_S4	F4_S4	F4	S4	Dining table
	k141_6213	77	691	+	mph(C)	Mph(C) family macrolide 2'-phosphotransferase	core	AMR	AMR	MACROLIDE	ERYTHROMYCIN/SPIRAMYCIN/TELITHROMYCIN	PARTIAL_CONTIG_ENDX	205	299	68.56	99.51	205	WP_000196697.1	Mph(C) family macrolide 2'-phosphotransferase			SRR17140470	non-PMA	F4_S4	F4_S4	F4	S4	Dining table
	k141_8014	1	999	+	msr(D)	ABC-F type ribosomal protection protein Msr(D)	core	AMR	AMR	MACROLIDE/STREPTOGRAMIN	AZITHROMYCIN/ERYTHROMYCIN/STREPTOGRAMIN B	PARTIAL_CONTIG_ENDX	333	487	68.38	100.0	333	WP_000420313.1	ABC-F type ribosomal protection protein Msr(D)			SRR17140470	non-PMA	F4_S4	F4_S4	F4	S4	Dining table
	k141_8880	2	277	-	blaI	penicillinase repressor BlaI	core	AMR	AMR	BETA-LACTAM	BETA-LACTAM	PARTIAL_CONTIG_ENDX	92	126	73.02	98.91	92	WP_001284656.1	penicillinase repressor BlaI			SRR17140470	non-PMA	F4_S4	F4_S4	F4	S4	Dining table
	k141_11455	107	634	-	erm(C)	23S rRNA (adenine(2058)-N(6))-methyltransferase Erm(C)	core	AMR	AMR	LINCOSAMIDE/MACROLIDE/STREPTOGRAMIN	CLINDAMYCIN/ERYTHROMYCIN/STREPTOGRAMIN B/TYLOSIN	PARTIAL_CONTIG_ENDX	176	244	72.13	100.0	176	WP_001003263.1	23S rRNA (adenine(2058)-N(6))-methyltransferase Erm(C)			SRR17140472	non-PMA	F7_S6	F7_S6	F7	S6	PMM
	k141_12391	624	1466	+	blaZ	penicillin-hydrolyzing class A beta-lactamase BlaZ	core	AMR	AMR	BETA-LACTAM	BETA-LACTAM	BLASTX	281	281	100.0	99.29	281	WP_000733274.1	penicillin-hydrolyzing class A beta-lactamase BlaZ			SRR17140472	non-PMA	F7_S6	F7_S6	F7	S6	PMM
	k141_12990	67	705	-	fusB	fusidic acid resistance EF-G-binding protein FusB	core	AMR	AMR	FUSIDIC ACID	FUSIDIC ACID	EXACTX	213	213	100.0	100.0	213	WP_000855537.1	fusidic acid resistance EF-G-binding protein FusB			SRR17140472	non-PMA	F7_S6	F7_S6	F7	S6	PMM
	k141_13790	903	1754	+	erm(X)	23S rRNA (adenine(2058)-N(6))-methyltransferase Erm(X)	core	AMR	AMR	LINCOSAMIDE/MACROLIDE/STREPTOGRAMIN	AZITHROMYCIN/CLINDAMYCIN/ERYTHROMYCIN/LINCOMYCIN/STREPTOGRAMIN B/TYLOSIN	BLASTX	284	284	100.0	98.94	284	WP_063844894.1	23S rRNA (adenine(2058)-N(6))-methyltransferase Erm(X)			SRR17140472	non-PMA	F7_S6	F7_S6	F7	S6	PMM
	k141_13879	1780	2100	+	qacG	quaternary ammonium compound efflux SMR transporter QacG	core	STRESS	BIOCIDE	QUATERNARY AMMONIUM	QUATERNARY AMMONIUM	BLASTX	107	107	100.0	98.13	107	WP_015740450.1	quaternary ammonium compound efflux SMR transporter QacG			SRR17140472	non-PMA	F7_S6	F7_S6	F7	S6	PMM
	k141_15486	1760	3136	+	tet(K)	tetracycline efflux MFS transporter Tet(K)	core	AMR	AMR	TETRACYCLINE	TETRACYCLINE	EXACTX	459	459	100.0	100.0	459	WP_000492283.1	tetracycline efflux MFS transporter Tet(K)			SRR17140472	non-PMA	F7_S6	F7_S6	F7	S6	PMM
	k141_18506	1028	2569	-	qacA	quaternary ammonium compound efflux MFS transporter QacA	core	STRESS	BIOCIDE	QUATERNARY AMMONIUM	QUATERNARY AMMONIUM	BLASTX	514	514	100.0	99.42	514	WP_000622776.1	quaternary ammonium compound efflux MFS transporter QacA			SRR17140472	non-PMA	F7_S6	F7_S6	F7	S6	PMM
	k141_20100	691	1587	-	mph(C)	Mph(C) family macrolide 2'-phosphotransferase	core	AMR	AMR	MACROLIDE	ERYTHROMYCIN/SPIRAMYCIN/TELITHROMYCIN	EXACTX	299	299	100.0	100.0	299	WP_000196697.1	Mph(C) family macrolide 2'-phosphotransferase			SRR17140472	non-PMA	F7_S6	F7_S6	F7	S6	PMM
	k141_20100	1689	3152	-	msr(A)	ABC-F type ribosomal protection protein Msr(A)	core	AMR	AMR	MACROLIDE/STREPTOGRAMIN	ERYTHROMYCIN/STREPTOGRAMIN B	BLASTX	488	488	100.0	99.8	488	WP_000438874.1	ABC-F type ribosomal protection protein Msr(A)			SRR17140472	non-PMA	F7_S6	F7_S6	F7	S6	PMM
	k141_20797	2	382	+	dfrG	trimethoprim-resistant dihydrofolate reductase DfrG	core	AMR	AMR	TRIMETHOPRIM	TRIMETHOPRIM	PARTIAL_CONTIG_ENDX	127	165	76.97	100.0	127	WP_000868795.1	trimethoprim-resistant dihydrofolate reductase DfrG			SRR17140472	non-PMA	F7_S6	F7_S6	F7	S6	PMM
	k141_22536	3	653	+	aph(3')-Ia	aminoglycoside O-phosphotransferase APH(3')-Ia	core	AMR	AMR	AMINOGLYCOSIDE	KANAMYCIN	PARTIAL_CONTIG_ENDX	217	271	80.07	100.0	217	WP_000018326.1	aminoglycoside O-phosphotransferase APH(3')-Ia			SRR17140472	non-PMA	F7_S6	F7_S6	F7	S6	PMM
	k141_22957	430	1059	+	cmx	chloramphenicol efflux MFS transporter Cmx	core	AMR	AMR	PHENICOL	CHLORAMPHENICOL	PARTIAL_CONTIG_ENDX	210	391	53.71	100.0	210	WP_005297378.1	chloramphenicol efflux MFS transporter Cmx			SRR17140472	non-PMA	F7_S6	F7_S6	F7	S6	PMM
	k141_2336	535	1017	+	lnu(A)	lincosamide nucleotidyltransferase Lnu(A)	core	AMR	AMR	LINCOSAMIDE	LINCOSAMIDE	EXACTX	161	161	100.0	100.0	161	WP_000700648.1	lincosamide nucleotidyltransferase Lnu(A)			SRR17140472	non-PMA	F7_S6	F7_S6	F7	S6	PMM
	k141_2370	3	572	+	aadD1	aminoglycoside O-nucleotidyltransferase ANT(4')-Ia	core	AMR	AMR	AMINOGLYCOSIDE	KANAMYCIN/TOBRAMYCIN	PARTIAL_CONTIG_ENDX	190	253	75.1	100.0	190	WP_001014230.1	aminoglycoside O-nucleotidyltransferase ANT(4')-Ia			SRR17140472	non-PMA	F7_S6	F7_S6	F7	S6	PMM
	k141_5665	611	988	-	blaI	penicillinase repressor BlaI	core	AMR	AMR	BETA-LACTAM	BETA-LACTAM	BLASTX	126	126	100.0	99.21	126	WP_001284656.1	penicillinase repressor BlaI			SRR17140472	non-PMA	F7_S6	F7_S6	F7	S6	PMM
	k141_5665	981	2735	-	blaR1	beta-lactam sensor/signal transducer BlaR1	core	AMR	AMR	BETA-LACTAM	BETA-LACTAM	EXACTX	585	585	100.0	100.0	585	WP_001096392.1	beta-lactam sensor/signal transducer BlaR1			SRR17140472	non-PMA	F7_S6	F7_S6	F7	S6	PMM
	k141_5665	2842	3684	+	blaZ	penicillin-hydrolyzing class A beta-lactamase BlaZ	core	AMR	AMR	BETA-LACTAM	BETA-LACTAM	BLASTX	281	281	100.0	95.37	281	WP_000733281.1	penicillin-hydrolyzing class A beta-lactamase BlaZ			SRR17140472	non-PMA	F7_S6	F7_S6	F7	S6	PMM
	k141_6238	776	1153	+	blaI	penicillinase repressor BlaI	core	AMR	AMR	BETA-LACTAM	BETA-LACTAM	BLASTX	126	126	100.0	96.03	126	WP_001284656.1	penicillinase repressor BlaI			SRR17140472	non-PMA	F7_S6	F7_S6	F7	S6	PMM
	k141_6310	4762	5187	-	fosB	FosB family fosfomycin resistance bacillithiol transferase	core	AMR	AMR	FOSFOMYCIN	FOSFOMYCIN	BLASTX	142	142	100.0	98.59	142	WP_002437790.1	FosB family fosfomycin resistance bacillithiol transferase			SRR17140472	non-PMA	F7_S6	F7_S6	F7	S6	PMM
	k141_6706	399	1964	-	vga(A)	ABC-F type ribosomal protection protein Vga(A)	core	AMR	AMR	LINCOSAMIDE	LINCOSAMIDE	BLASTX	522	522	100.0	99.81	522	WP_002440627.1	ABC-F type ribosomal protection protein Vga(A)			SRR17140472	non-PMA	F7_S6	F7_S6	F7	S6	PMM
	k141_6921	336	737	-	lnu(A)	lincosamide nucleotidyltransferase Lnu(A)	core	AMR	AMR	LINCOSAMIDE	LINCOSAMIDE	PARTIAL_CONTIG_ENDX	134	161	83.23	100.0	134	WP_011428879.1	lincosamide nucleotidyltransferase Lnu(A)'			SRR17140472	non-PMA	F7_S6	F7_S6	F7	S6	PMM
	k141_6929	105	587	-	lnu(A)	lincosamide nucleotidyltransferase Lnu(A)	core	AMR	AMR	LINCOSAMIDE	LINCOSAMIDE	EXACTX	161	161	100.0	100.0	161	WP_011645010.1	lincosamide nucleotidyltransferase Lnu(A)			SRR17140472	non-PMA	F7_S6	F7_S6	F7	S6	PMM
	k141_7519	2019	2339	-	qacC	quaternary ammonium compound efflux SMR transporter QacC	core	STRESS	BIOCIDE	QUATERNARY AMMONIUM	QUATERNARY AMMONIUM	EXACTX	107	107	100.0	100.0	107	WP_001146389.1	quaternary ammonium compound efflux SMR transporter QacC			SRR17140472	non-PMA	F7_S6	F7_S6	F7	S6	PMM
	k141_13105	470	790	-	qacC	quaternary ammonium compound efflux SMR transporter QacC	core	STRESS	BIOCIDE	QUATERNARY AMMONIUM	QUATERNARY AMMONIUM	EXACTX	107	107	100.0	100.0	107	WP_001146389.1	quaternary ammonium compound efflux SMR transporter QacC			SRR17140474	non-PMA	F7_S5	F7_S5	F7	S5	Overhead 4
	k141_14911	1504	1929	-	fosB	FosB family fosfomycin resistance bacillithiol transferase	core	AMR	AMR	FOSFOMYCIN	FOSFOMYCIN	BLASTX	142	142	100.0	97.18	142	WP_002437790.1	FosB family fosfomycin resistance bacillithiol transferase			SRR17140474	non-PMA	F7_S5	F7_S5	F7	S5	Overhead 4
	k141_15317	1	729	+	blaZ	penicillin-hydrolyzing class A beta-lactamase BlaZ	core	AMR	AMR	BETA-LACTAM	BETA-LACTAM	PARTIAL_CONTIG_ENDX	243	281	86.48	100.0	243	WP_000733274.1	penicillin-hydrolyzing class A beta-lactamase BlaZ			SRR17140474	non-PMA	F7_S5	F7_S5	F7	S5	Overhead 4
	k141_19999	781	2346	+	vga(A)	ABC-F type ribosomal protection protein Vga(A)	core	AMR	AMR	LINCOSAMIDE	LINCOSAMIDE	EXACTX	522	522	100.0	100.0	522	WP_002440627.1	ABC-F type ribosomal protection protein Vga(A)			SRR17140474	non-PMA	F7_S5	F7_S5	F7	S5	Overhead 4
	k141_21035	568	1464	-	mph(C)	Mph(C) family macrolide 2'-phosphotransferase	core	AMR	AMR	MACROLIDE	ERYTHROMYCIN/SPIRAMYCIN/TELITHROMYCIN	EXACTX	299	299	100.0	100.0	299	WP_000196697.1	Mph(C) family macrolide 2'-phosphotransferase			SRR17140474	non-PMA	F7_S5	F7_S5	F7	S5	Overhead 4
	k141_21035	1566	3029	-	msr(A)	ABC-F type ribosomal protection protein Msr(A)	core	AMR	AMR	MACROLIDE/STREPTOGRAMIN	ERYTHROMYCIN/STREPTOGRAMIN B	BLASTX	488	488	100.0	99.59	488	WP_000438874.1	ABC-F type ribosomal protection protein Msr(A)			SRR17140474	non-PMA	F7_S5	F7_S5	F7	S5	Overhead 4
	k141_2974	304	681	-	blaI	penicillinase repressor BlaI	core	AMR	AMR	BETA-LACTAM	BETA-LACTAM	BLASTX	126	126	100.0	99.21	126	WP_001284656.1	penicillinase repressor BlaI			SRR17140474	non-PMA	F7_S5	F7_S5	F7	S5	Overhead 4
	k141_30164	837	1259	+	aadD1	aminoglycoside O-nucleotidyltransferase ANT(4')-Ia	core	AMR	AMR	AMINOGLYCOSIDE	KANAMYCIN/TOBRAMYCIN	PARTIAL_CONTIG_ENDX	141	253	55.73	100.0	141	WP_001014230.1	aminoglycoside O-nucleotidyltransferase ANT(4')-Ia			SRR17140474	non-PMA	F7_S5	F7_S5	F7	S5	Overhead 4
	k141_30177	2	502	-	erm(F)	23S rRNA (adenine(2058)-N(6))-methyltransferase Erm(F)	core	AMR	AMR	LINCOSAMIDE/MACROLIDE/STREPTOGRAMIN	CLINDAMYCIN/MACROLIDE/STREPTOGRAMIN	PARTIAL_CONTIG_ENDX	167	266	62.78	100.0	167	WP_002682030.1	23S rRNA (adenine(2058)-N(6))-methyltransferase Erm(F)			SRR17140474	non-PMA	F7_S5	F7_S5	F7	S5	Overhead 4
	k141_31957	1	396	+	bleO	bleomycin binding protein	core	AMR	AMR	BLEOMYCIN	BLEOMYCIN	BLASTX	132	134	98.51	99.24	132	WP_001242578.1	bleomycin binding protein			SRR17140474	non-PMA	F7_S5	F7_S5	F7	S5	Overhead 4
	k141_33491	691	2067	-	tet(K)	tetracycline efflux MFS transporter Tet(K)	core	AMR	AMR	TETRACYCLINE	TETRACYCLINE	EXACTX	459	459	100.0	100.0	459	WP_000492283.1	tetracycline efflux MFS transporter Tet(K)			SRR17140474	non-PMA	F7_S5	F7_S5	F7	S5	Overhead 4
	k141_34226	2382	3842	-	msr(D)	ABC-F type ribosomal protection protein Msr(D)	core	AMR	AMR	MACROLIDE/STREPTOGRAMIN	AZITHROMYCIN/ERYTHROMYCIN/STREPTOGRAMIN B	EXACTX	487	487	100.0	100.0	487	WP_000420313.1	ABC-F type ribosomal protection protein Msr(D)			SRR17140474	non-PMA	F7_S5	F7_S5	F7	S5	Overhead 4
	k141_34226	3965	4609	-	mef(A)	macrolide efflux MFS transporter Mef(A)	core	AMR	AMR	MACROLIDE	AZITHROMYCIN/ERYTHROMYCIN	PARTIAL_CONTIG_ENDX	215	405	53.09	100.0	215	WP_000417519.1	macrolide efflux MFS transporter Mef(A)			SRR17140474	non-PMA	F7_S5	F7_S5	F7	S5	Overhead 4
	k141_41050	940	1791	-	erm(X)	23S rRNA (adenine(2058)-N(6))-methyltransferase Erm(X)	core	AMR	AMR	LINCOSAMIDE/MACROLIDE/STREPTOGRAMIN	AZITHROMYCIN/CLINDAMYCIN/ERYTHROMYCIN/LINCOMYCIN/STREPTOGRAMIN B/TYLOSIN	BLASTX	284	284	100.0	98.24	284	WP_011117480.1	23S rRNA (adenine(2058)-N(6))-methyltransferase Erm(X)			SRR17140474	non-PMA	F7_S5	F7_S5	F7	S5	Overhead 4
	k141_42516	1030	2571	-	qacA	quaternary ammonium compound efflux MFS transporter QacA	core	STRESS	BIOCIDE	QUATERNARY AMMONIUM	QUATERNARY AMMONIUM	EXACTX	514	514	100.0	100.0	514	WP_000622776.1	quaternary ammonium compound efflux MFS transporter QacA			SRR17140474	non-PMA	F7_S5	F7_S5	F7	S5	Overhead 4
	k141_4501	362	2116	+	blaR1	beta-lactam sensor/signal transducer BlaR1	core	AMR	AMR	BETA-LACTAM	BETA-LACTAM	BLASTX	585	585	100.0	90.26	585	WP_001096392.1	beta-lactam sensor/signal transducer BlaR1			SRR17140474	non-PMA	F7_S5	F7_S5	F7	S5	Overhead 4
	k141_4501	2109	2486	+	blaI	penicillinase repressor BlaI	core	AMR	AMR	BETA-LACTAM	BETA-LACTAM	BLASTX	126	126	100.0	96.03	126	WP_001284656.1	penicillinase repressor BlaI			SRR17140474	non-PMA	F7_S5	F7_S5	F7	S5	Overhead 4
	k141_8281	1	612	+	blaZ	penicillin-hydrolyzing class A beta-lactamase BlaZ	core	AMR	AMR	BETA-LACTAM	BETA-LACTAM	PARTIAL_CONTIG_ENDX	204	281	72.6	95.59	204	WP_000733281.1	penicillin-hydrolyzing class A beta-lactamase BlaZ			SRR17140474	non-PMA	F7_S5	F7_S5	F7	S5	Overhead 4
	k141_8345	196	678	+	lnu(A)	lincosamide nucleotidyltransferase Lnu(A)	core	AMR	AMR	LINCOSAMIDE	LINCOSAMIDE	BLASTX	161	161	100.0	99.38	161	WP_001829870.1	lincosamide nucleotidyltransferase Lnu(A)			SRR17140474	non-PMA	F7_S5	F7_S5	F7	S5	Overhead 4
	k141_9839	1501	2232	+	erm(C)	23S rRNA (adenine(2058)-N(6))-methyltransferase Erm(C)	core	AMR	AMR	LINCOSAMIDE/MACROLIDE/STREPTOGRAMIN	CLINDAMYCIN/ERYTHROMYCIN/STREPTOGRAMIN B/TYLOSIN	EXACTX	244	244	100.0	100.0	244	WP_001003263.1	23S rRNA (adenine(2058)-N(6))-methyltransferase Erm(C)			SRR17140474	non-PMA	F7_S5	F7_S5	F7	S5	Overhead 4
	k141_10132	6	734	+	erm(44)v	23S rRNA (adenine(2058)-N(6))-methyltransferase Erm(44)v	core	AMR	AMR	LINCOSAMIDE/MACROLIDE	CLINDAMYCIN/ERYTHROMYCIN	EXACTX	243	243	100.0	100.0	243	WP_041079981.1	23S rRNA (adenine(2058)-N(6))-methyltransferase Erm(44)v			SRR17140476	non-PMA	F7_S4	F7_S4	F7	S4	Dining table
	k141_13147	294	623	+	fusB	fusidic acid resistance EF-G-binding protein FusB	core	AMR	AMR	FUSIDIC ACID	FUSIDIC ACID	PARTIAL_CONTIG_ENDX	110	213	51.64	100.0	110	WP_000855537.1	fusidic acid resistance EF-G-binding protein FusB			SRR17140476	non-PMA	F7_S4	F7_S4	F7	S4	Dining table
	k141_18107	1793	3334	+	qacA	quaternary ammonium compound efflux MFS transporter QacA	core	STRESS	BIOCIDE	QUATERNARY AMMONIUM	QUATERNARY AMMONIUM	EXACTX	514	514	100.0	100.0	514	WP_000622776.1	quaternary ammonium compound efflux MFS transporter QacA			SRR17140476	non-PMA	F7_S4	F7_S4	F7	S4	Dining table
	k141_19574	556	2019	+	msr(A)	ABC-F type ribosomal protection protein Msr(A)	core	AMR	AMR	MACROLIDE/STREPTOGRAMIN	ERYTHROMYCIN/STREPTOGRAMIN B	BLASTX	488	488	100.0	99.8	488	WP_000438874.1	ABC-F type ribosomal protection protein Msr(A)			SRR17140476	non-PMA	F7_S4	F7_S4	F7	S4	Dining table
	k141_23663	2301	2621	+	qacC	quaternary ammonium compound efflux SMR transporter QacC	core	STRESS	BIOCIDE	QUATERNARY AMMONIUM	QUATERNARY AMMONIUM	EXACTX	107	107	100.0	100.0	107	WP_001146389.1	quaternary ammonium compound efflux SMR transporter QacC			SRR17140476	non-PMA	F7_S4	F7_S4	F7	S4	Dining table
	k141_24310	2078	2674	-	blaZ	penicillin-hydrolyzing class A beta-lactamase BlaZ	core	AMR	AMR	BETA-LACTAM	BETA-LACTAM	PARTIAL_CONTIG_ENDX	199	281	70.82	95.48	199	WP_000733281.1	penicillin-hydrolyzing class A beta-lactamase BlaZ			SRR17140476	non-PMA	F7_S4	F7_S4	F7	S4	Dining table
	k141_31025	801	1283	+	lnu(A)	lincosamide nucleotidyltransferase Lnu(A)	core	AMR	AMR	LINCOSAMIDE	LINCOSAMIDE	EXACTX	161	161	100.0	100.0	161	WP_001829870.1	lincosamide nucleotidyltransferase Lnu(A)			SRR17140476	non-PMA	F7_S4	F7_S4	F7	S4	Dining table
	k141_36775	799	2175	+	tet(K)	tetracycline efflux MFS transporter Tet(K)	core	AMR	AMR	TETRACYCLINE	TETRACYCLINE	EXACTX	459	459	100.0	100.0	459	WP_000492283.1	tetracycline efflux MFS transporter Tet(K)			SRR17140476	non-PMA	F7_S4	F7_S4	F7	S4	Dining table
	k141_38825	421	1986	+	vga(A)	ABC-F type ribosomal protection protein Vga(A)	core	AMR	AMR	LINCOSAMIDE	LINCOSAMIDE	EXACTX	522	522	100.0	100.0	522	WP_002440627.1	ABC-F type ribosomal protection protein Vga(A)			SRR17140476	non-PMA	F7_S4	F7_S4	F7	S4	Dining table
	k141_39065	39	1484	+	blaR1	beta-lactam sensor/signal transducer BlaR1	core	AMR	AMR	BETA-LACTAM	BETA-LACTAM	PARTIAL_CONTIG_ENDX	482	585	82.39	99.17	482	WP_001096392.1	beta-lactam sensor/signal transducer BlaR1			SRR17140476	non-PMA	F7_S4	F7_S4	F7	S4	Dining table
	k141_3974	757	1326	-	erm(X)	23S rRNA (adenine(2058)-N(6))-methyltransferase Erm(X)	core	AMR	AMR	LINCOSAMIDE/MACROLIDE/STREPTOGRAMIN	AZITHROMYCIN/CLINDAMYCIN/ERYTHROMYCIN/LINCOMYCIN/STREPTOGRAMIN B/TYLOSIN	PARTIAL_CONTIG_ENDX	190	284	66.9	98.95	190	WP_063844894.1	23S rRNA (adenine(2058)-N(6))-methyltransferase Erm(X)			SRR17140476	non-PMA	F7_S4	F7_S4	F7	S4	Dining table
	k141_44183	1218	2432	+	mef(A)	macrolide efflux MFS transporter Mef(A)	core	AMR	AMR	MACROLIDE	AZITHROMYCIN/ERYTHROMYCIN	EXACTX	405	405	100.0	100.0	405	WP_000417519.1	macrolide efflux MFS transporter Mef(A)			SRR17140476	non-PMA	F7_S4	F7_S4	F7	S4	Dining table
	k141_44183	2555	4015	+	msr(D)	ABC-F type ribosomal protection protein Msr(D)	core	AMR	AMR	MACROLIDE/STREPTOGRAMIN	AZITHROMYCIN/ERYTHROMYCIN/STREPTOGRAMIN B	BLASTX	487	487	100.0	99.79	487	WP_000420313.1	ABC-F type ribosomal protection protein Msr(D)			SRR17140476	non-PMA	F7_S4	F7_S4	F7	S4	Dining table
	k141_45052	2	382	-	erm(A)	23S rRNA (adenine(2058)-N(6))-methyltransferase Erm(A)	core	AMR	AMR	LINCOSAMIDE/MACROLIDE	AZITHROMYCIN/CLARITHROMYCIN/CLINDAMYCIN/ERYTHROMYCIN/TELITHROMYCIN	PARTIAL_CONTIG_ENDX	127	243	52.26	100.0	127	WP_000810833.1	23S rRNA (adenine(2058)-N(6))-methyltransferase Erm(A)			SRR17140476	non-PMA	F7_S4	F7_S4	F7	S4	Dining table
	k141_46240	1796	2527	+	erm(C)	23S rRNA (adenine(2058)-N(6))-methyltransferase Erm(C)	core	AMR	AMR	LINCOSAMIDE/MACROLIDE/STREPTOGRAMIN	CLINDAMYCIN/ERYTHROMYCIN/STREPTOGRAMIN B/TYLOSIN	EXACTX	244	244	100.0	100.0	244	WP_001003263.1	23S rRNA (adenine(2058)-N(6))-methyltransferase Erm(C)			SRR17140476	non-PMA	F7_S4	F7_S4	F7	S4	Dining table
	k141_49448	44	886	-	blaZ	penicillin-hydrolyzing class A beta-lactamase BlaZ	core	AMR	AMR	BETA-LACTAM	BETA-LACTAM	BLASTX	281	281	100.0	99.64	281	WP_000733274.1	penicillin-hydrolyzing class A beta-lactamase BlaZ			SRR17140476	non-PMA	F7_S4	F7_S4	F7	S4	Dining table
	k141_49448	2740	3117	+	blaI	penicillinase repressor BlaI	core	AMR	AMR	BETA-LACTAM	BETA-LACTAM	BLASTX	126	126	100.0	96.03	126	WP_001284656.1	penicillinase repressor BlaI			SRR17140476	non-PMA	F7_S4	F7_S4	F7	S4	Dining table
	k141_5810	3	1247	-	tet(M)	tetracycline resistance ribosomal protection protein Tet(M)	core	AMR	AMR	TETRACYCLINE	TETRACYCLINE	PARTIAL_CONTIG_ENDX	415	639	64.95	99.76	415	WP_050232631.1	tetracycline resistance ribosomal protection protein Tet(M)			SRR17140476	non-PMA	F7_S4	F7_S4	F7	S4	Dining table
	k141_7417	211	834	+	mph(C)	Mph(C) family macrolide 2'-phosphotransferase	core	AMR	AMR	MACROLIDE	ERYTHROMYCIN/SPIRAMYCIN/TELITHROMYCIN	PARTIAL_CONTIG_ENDX	208	299	69.57	100.0	208	WP_000196697.1	Mph(C) family macrolide 2'-phosphotransferase			SRR17140476	non-PMA	F7_S4	F7_S4	F7	S4	Dining table
	k141_8698	8483	8908	-	fosB	FosB family fosfomycin resistance bacillithiol transferase	core	AMR	AMR	FOSFOMYCIN	FOSFOMYCIN	BLASTX	142	142	100.0	97.18	142	WP_002437790.1	FosB family fosfomycin resistance bacillithiol transferase			SRR17140476	non-PMA	F7_S4	F7_S4	F7	S4	Dining table
	k141_11775	13795	14436	+	fusF	fusidic acid resistance EF-G-binding protein FusF	core	AMR	AMR	FUSIDIC ACID	FUSIDIC ACID	BLASTX	214	214	100.0	99.53	214	WP_063851262.1	fusidic acid resistance EF-G-binding protein FusF			SRR17140478	non-PMA	F7_S3	F7_S3	F7	S3	Exercise platform
	k141_12377	35342	36142	+	lnu(G)	lincosamide nucleotidyltransferase Lnu(G)	core	AMR	AMR	LINCOSAMIDE	LINCOSAMIDE	BLASTX	267	267	100.0	97.75	267	WP_002333496.1	lincosamide nucleotidyltransferase Lnu(G)			SRR17140478	non-PMA	F7_S3	F7_S3	F7	S3	Exercise platform
	k141_12685	137	619	+	lnu(A)	lincosamide nucleotidyltransferase Lnu(A)	core	AMR	AMR	LINCOSAMIDE	LINCOSAMIDE	EXACTX	161	161	100.0	100.0	161	WP_000700648.1	lincosamide nucleotidyltransferase Lnu(A)			SRR17140478	non-PMA	F7_S3	F7_S3	F7	S3	Exercise platform
	k141_12929	3	587	-	blaZ	penicillin-hydrolyzing class A beta-lactamase BlaZ	core	AMR	AMR	BETA-LACTAM	BETA-LACTAM	PARTIAL_CONTIG_ENDX	195	281	69.4	98.97	195	WP_000733275.1	penicillin-hydrolyzing class A beta-lactamase BlaZ			SRR17140478	non-PMA	F7_S3	F7_S3	F7	S3	Exercise platform
	k141_15522	2046	2366	+	qacC	quaternary ammonium compound efflux SMR transporter QacC	core	STRESS	BIOCIDE	QUATERNARY AMMONIUM	QUATERNARY AMMONIUM	EXACTX	107	107	100.0	100.0	107	WP_001146389.1	quaternary ammonium compound efflux SMR transporter QacC			SRR17140478	non-PMA	F7_S3	F7_S3	F7	S3	Exercise platform
	k141_15550	256	900	-	catA	type A-7 chloramphenicol O-acetyltransferase	core	AMR	AMR	PHENICOL	CHLORAMPHENICOL	EXACTX	215	215	100.0	100.0	215	WP_002489529.1	type A-7 chloramphenicol O-acetyltransferase			SRR17140478	non-PMA	F7_S3	F7_S3	F7	S3	Exercise platform
	k141_16768	352	777	-	fosB	FosB family fosfomycin resistance bacillithiol transferase	core	AMR	AMR	FOSFOMYCIN	FOSFOMYCIN	BLASTX	142	142	100.0	93.66	142	WP_002437790.1	FosB family fosfomycin resistance bacillithiol transferase			SRR17140478	non-PMA	F7_S3	F7_S3	F7	S3	Exercise platform
	k141_21462	160	972	+	aph(3')-Ia	aminoglycoside O-phosphotransferase APH(3')-Ia	core	AMR	AMR	AMINOGLYCOSIDE	KANAMYCIN	EXACTX	271	271	100.0	100.0	271	WP_000018326.1	aminoglycoside O-phosphotransferase APH(3')-Ia			SRR17140478	non-PMA	F7_S3	F7_S3	F7	S3	Exercise platform
	k141_21462	2276	3076	+	aph(3'')-Ib	aminoglycoside O-phosphotransferase APH(3'')-Ib	core	AMR	AMR	AMINOGLYCOSIDE	STREPTOMYCIN	EXACTX	267	267	100.0	100.0	267	WP_001082319.1	aminoglycoside O-phosphotransferase APH(3'')-Ib			SRR17140478	non-PMA	F7_S3	F7_S3	F7	S3	Exercise platform
	k141_21462	3079	3912	+	aph(6)-Id	aminoglycoside O-phosphotransferase APH(6)-Id	core	AMR	AMR	AMINOGLYCOSIDE	STREPTOMYCIN	BLASTX	278	278	100.0	99.64	278	WP_000480968.1	aminoglycoside O-phosphotransferase APH(6)-Id			SRR17140478	non-PMA	F7_S3	F7_S3	F7	S3	Exercise platform
	k141_21622	25783	26955	+	cmx	chloramphenicol efflux MFS transporter Cmx	core	AMR	AMR	PHENICOL	CHLORAMPHENICOL	EXACTX	391	391	100.0	100.0	391	WP_005297378.1	chloramphenicol efflux MFS transporter Cmx			SRR17140478	non-PMA	F7_S3	F7_S3	F7	S3	Exercise platform
	k141_21698	1	1017	-	tet(M)	tetracycline resistance ribosomal protection protein Tet(M)	core	AMR	AMR	TETRACYCLINE	TETRACYCLINE	PARTIAL_CONTIG_ENDX	339	639	53.05	100.0	339	WP_000691727.1	tetracycline resistance ribosomal protection protein Tet(M)			SRR17140478	non-PMA	F7_S3	F7_S3	F7	S3	Exercise platform
	k141_22852	1107	2321	+	mef(A)	macrolide efflux MFS transporter Mef(A)	core	AMR	AMR	MACROLIDE	AZITHROMYCIN/ERYTHROMYCIN	EXACTX	405	405	100.0	100.0	405	WP_000417519.1	macrolide efflux MFS transporter Mef(A)			SRR17140478	non-PMA	F7_S3	F7_S3	F7	S3	Exercise platform
	k141_22852	2444	3904	+	msr(D)	ABC-F type ribosomal protection protein Msr(D)	core	AMR	AMR	MACROLIDE/STREPTOGRAMIN	AZITHROMYCIN/ERYTHROMYCIN/STREPTOGRAMIN B	EXACTX	487	487	100.0	100.0	487	WP_000420313.1	ABC-F type ribosomal protection protein Msr(D)			SRR17140478	non-PMA	F7_S3	F7_S3	F7	S3	Exercise platform
	k141_27602	265	681	-	fosB	FosB1/FosB3 family fosfomycin resistance bacillithiol transferase	core	AMR	AMR	FOSFOMYCIN	FOSFOMYCIN	BLASTX	139	139	100.0	99.28	139	WP_085562381.1	fosfomycin resistance bacillithiol transferase FosB6			SRR17140478	non-PMA	F7_S3	F7_S3	F7	S3	Exercise platform
	k141_30329	3	1061	+	blaR1	beta-lactam sensor/signal transducer BlaR1	core	AMR	AMR	BETA-LACTAM	BETA-LACTAM	PARTIAL_CONTIG_ENDX	353	585	60.34	96.03	353	WP_001096376.1	beta-lactam sensor/signal transducer BlaR1			SRR17140478	non-PMA	F7_S3	F7_S3	F7	S3	Exercise platform
	k141_31887	1556	2290	-	erm(B)	23S rRNA (adenine(2058)-N(6))-methyltransferase Erm(B)	core	AMR	AMR	LINCOSAMIDE/MACROLIDE/STREPTOGRAMIN	CLINDAMYCIN/ERYTHROMYCIN/STREPTOGRAMIN B	BLASTX	245	245	100.0	99.59	245	WP_001038790.1	23S rRNA (adenine(2058)-N(6))-methyltransferase Erm(B)			SRR17140478	non-PMA	F7_S3	F7_S3	F7	S3	Exercise platform
	k141_32042	768	1412	+	catA	type A-8 chloramphenicol O-acetyltransferase	core	AMR	AMR	PHENICOL	CHLORAMPHENICOL	EXACTX	215	215	100.0	100.0	215	WP_000143686.1	type A-8 chloramphenicol O-acetyltransferase			SRR17140478	non-PMA	F7_S3	F7_S3	F7	S3	Exercise platform
	k141_33204	9610	10506	-	mph(C)	Mph(C) family macrolide 2'-phosphotransferase	core	AMR	AMR	MACROLIDE	ERYTHROMYCIN/SPIRAMYCIN/TELITHROMYCIN	EXACTX	299	299	100.0	100.0	299	WP_000196697.1	Mph(C) family macrolide 2'-phosphotransferase			SRR17140478	non-PMA	F7_S3	F7_S3	F7	S3	Exercise platform
	k141_33204	10608	12071	-	msr(A)	ABC-F type ribosomal protection protein Msr(A)	core	AMR	AMR	MACROLIDE/STREPTOGRAMIN	ERYTHROMYCIN/STREPTOGRAMIN B	BLASTX	488	488	100.0	99.8	488	WP_000438874.1	ABC-F type ribosomal protection protein Msr(A)			SRR17140478	non-PMA	F7_S3	F7_S3	F7	S3	Exercise platform
	k141_35506	220	855	-	fusC	FusC family fusidic acid resistance EF-G-binding protein	core	AMR	AMR	FUSIDIC ACID	FUSIDIC ACID	BLASTX	212	212	100.0	99.53	212	WP_001033157.1	fusidic acid resistance EF-G-binding protein FusC			SRR17140478	non-PMA	F7_S3	F7_S3	F7	S3	Exercise platform
	k141_40559	9	1574	-	vga(A)	ABC-F type ribosomal protection protein Vga(A)	core	AMR	AMR	LINCOSAMIDE	LINCOSAMIDE	BLASTX	522	522	100.0	99.04	522	WP_032492560.1	ABC-F type ribosomal protection protein Vga(A)			SRR17140478	non-PMA	F7_S3	F7_S3	F7	S3	Exercise platform
	k141_42317	572	1834	-	pbp2m	penicillin-binding protein PBP2M	core	AMR	AMR	BETA-LACTAM	BETA-LACTAM	PARTIAL_CONTIG_ENDX	421	593	70.99	100.0	421	WP_049151672.1	penicillin-binding protein PBP2M			SRR17140478	non-PMA	F7_S3	F7_S3	F7	S3	Exercise platform
	k141_43092	6407	6832	+	fosB	FosB family fosfomycin resistance bacillithiol transferase	core	AMR	AMR	FOSFOMYCIN	FOSFOMYCIN	BLASTX	142	142	100.0	95.77	142	WP_002437790.1	FosB family fosfomycin resistance bacillithiol transferase			SRR17140478	non-PMA	F7_S3	F7_S3	F7	S3	Exercise platform
	k141_43856	1581	2312	+	erm(C)	23S rRNA (adenine(2058)-N(6))-methyltransferase Erm(C)	core	AMR	AMR	LINCOSAMIDE/MACROLIDE/STREPTOGRAMIN	CLINDAMYCIN/ERYTHROMYCIN/STREPTOGRAMIN B/TYLOSIN	EXACTX	244	244	100.0	100.0	244	WP_001003263.1	23S rRNA (adenine(2058)-N(6))-methyltransferase Erm(C)			SRR17140478	non-PMA	F7_S3	F7_S3	F7	S3	Exercise platform
	k141_43871	2860	3972	+	lsa	Lsa family ABC-F type ribosomal protection protein	core	AMR	AMR	LINCOSAMIDE/STREPTOGRAMIN	LINCOSAMIDE/STREPTOGRAMIN	INTERNAL_STOP	371	492	75.41	90.84	371	WP_063851347.1	ABC-F type ribosomal protection protein Lsa(C)			SRR17140478	non-PMA	F7_S3	F7_S3	F7	S3	Exercise platform
	k141_47789	461	2215	+	blaR1	beta-lactam sensor/signal transducer BlaR1	core	AMR	AMR	BETA-LACTAM	BETA-LACTAM	BLASTX	585	585	100.0	95.73	585	WP_001096392.1	beta-lactam sensor/signal transducer BlaR1			SRR17140478	non-PMA	F7_S3	F7_S3	F7	S3	Exercise platform
	k141_47789	2208	2585	+	blaI	penicillinase repressor BlaI	core	AMR	AMR	BETA-LACTAM	BETA-LACTAM	BLASTX	126	126	100.0	96.03	126	WP_001284656.1	penicillinase repressor BlaI			SRR17140478	non-PMA	F7_S3	F7_S3	F7	S3	Exercise platform
	k141_47865	1687	3690	-	mecA	PBP2a family beta-lactam-resistant peptidoglycan transpeptidase MecA	core	AMR	AMR	BETA-LACTAM	METHICILLIN	EXACTX	668	668	100.0	100.0	668	WP_000721309.1	PBP2a family beta-lactam-resistant peptidoglycan transpeptidase MecA			SRR17140478	non-PMA	F7_S3	F7_S3	F7	S3	Exercise platform
	k141_47865	3790	4764	+	mecR1	beta-lactam sensor/signal transducer MecR1	core	AMR	AMR	BETA-LACTAM	METHICILLIN	PARTIALX	325	585	55.56	100.0	325	WP_000952923.1	beta-lactam sensor/signal transducer MecR1			SRR17140478	non-PMA	F7_S3	F7_S3	F7	S3	Exercise platform
	k141_48254	8633	9952	-	tet(M)	tetracycline resistance ribosomal protection protein Tet(M)	core	AMR	AMR	TETRACYCLINE	TETRACYCLINE	PARTIAL_CONTIG_ENDX	440	639	68.86	99.77	440	WP_000691743.1	tetracycline resistance ribosomal protection protein Tet(M)			SRR17140478	non-PMA	F7_S3	F7_S3	F7	S3	Exercise platform
	k141_49041	671	1522	-	erm(X)	23S rRNA (adenine(2058)-N(6))-methyltransferase Erm(X)	core	AMR	AMR	LINCOSAMIDE/MACROLIDE/STREPTOGRAMIN	AZITHROMYCIN/CLINDAMYCIN/ERYTHROMYCIN/LINCOMYCIN/STREPTOGRAMIN B/TYLOSIN	BLASTX	284	284	100.0	98.94	284	WP_063844894.1	23S rRNA (adenine(2058)-N(6))-methyltransferase Erm(X)			SRR17140478	non-PMA	F7_S3	F7_S3	F7	S3	Exercise platform
	k141_54173	4579	5430	+	erm(X)	23S rRNA (adenine(2058)-N(6))-methyltransferase Erm(X)	core	AMR	AMR	LINCOSAMIDE/MACROLIDE/STREPTOGRAMIN	AZITHROMYCIN/CLINDAMYCIN/ERYTHROMYCIN/LINCOMYCIN/STREPTOGRAMIN B/TYLOSIN	BLASTX	284	284	100.0	99.65	284	WP_011117480.1	23S rRNA (adenine(2058)-N(6))-methyltransferase Erm(X)			SRR17140478	non-PMA	F7_S3	F7_S3	F7	S3	Exercise platform
	k141_55300	2	1744	+	blaR1	beta-lactam sensor/signal transducer BlaR1	core	AMR	AMR	BETA-LACTAM	BETA-LACTAM	BLASTX	581	585	99.32	91.39	581	WP_001096386.1	beta-lactam sensor/signal transducer BlaR1			SRR17140478	non-PMA	F7_S3	F7_S3	F7	S3	Exercise platform
	k141_55300	1737	2114	+	blaI	penicillinase repressor BlaI	core	AMR	AMR	BETA-LACTAM	BETA-LACTAM	BLASTX	126	126	100.0	99.21	126	WP_001284656.1	penicillinase repressor BlaI			SRR17140478	non-PMA	F7_S3	F7_S3	F7	S3	Exercise platform
	k141_59792	1438	2814	+	tet(K)	tetracycline efflux MFS transporter Tet(K)	core	AMR	AMR	TETRACYCLINE	TETRACYCLINE	EXACTX	459	459	100.0	100.0	459	WP_000492283.1	tetracycline efflux MFS transporter Tet(K)			SRR17140478	non-PMA	F7_S3	F7_S3	F7	S3	Exercise platform
	k141_62601	1575	1895	-	qacG	quaternary ammonium compound efflux SMR transporter QacG	core	STRESS	BIOCIDE	QUATERNARY AMMONIUM	QUATERNARY AMMONIUM	BLASTX	107	107	100.0	98.13	107	WP_015740450.1	quaternary ammonium compound efflux SMR transporter QacG			SRR17140478	non-PMA	F7_S3	F7_S3	F7	S3	Exercise platform
	k141_63929	3	590	-	erm(A)	23S rRNA (adenine(2058)-N(6))-methyltransferase Erm(A)	core	AMR	AMR	LINCOSAMIDE/MACROLIDE	AZITHROMYCIN/CLARITHROMYCIN/CLINDAMYCIN/ERYTHROMYCIN/TELITHROMYCIN	PARTIAL_CONTIG_ENDX	196	243	80.66	100.0	196	WP_000810833.1	23S rRNA (adenine(2058)-N(6))-methyltransferase Erm(A)			SRR17140478	non-PMA	F7_S3	F7_S3	F7	S3	Exercise platform
	k141_6417	500	742	+	fosD	fosfomycin resistance bacillithiol transferase FosD	core	AMR	AMR	FOSFOMYCIN	FOSFOMYCIN	PARTIAL_CONTIG_ENDX	81	139	58.27	100.0	81	WP_000616116.1	fosfomycin resistance bacillithiol transferase FosD			SRR17140478	non-PMA	F7_S3	F7_S3	F7	S3	Exercise platform
	k141_66658	33841	34335	+	dfrG	trimethoprim-resistant dihydrofolate reductase DfrG	core	AMR	AMR	TRIMETHOPRIM	TRIMETHOPRIM	EXACTX	165	165	100.0	100.0	165	WP_000868795.1	trimethoprim-resistant dihydrofolate reductase DfrG			SRR17140478	non-PMA	F7_S3	F7_S3	F7	S3	Exercise platform
	k141_69045	2995	3477	-	lnu(A)	lincosamide nucleotidyltransferase Lnu(A)	core	AMR	AMR	LINCOSAMIDE	LINCOSAMIDE	BLASTX	161	161	100.0	96.89	161	WP_011645013.1	lincosamide nucleotidyltransferase Lnu(A)			SRR17140478	non-PMA	F7_S3	F7_S3	F7	S3	Exercise platform
	k141_71885	259	903	+	blaZ	penicillin-hydrolyzing class A beta-lactamase BlaZ	core	AMR	AMR	BETA-LACTAM	BETA-LACTAM	PARTIAL_CONTIG_ENDX	215	281	76.51	96.74	215	WP_000733281.1	penicillin-hydrolyzing class A beta-lactamase BlaZ			SRR17140478	non-PMA	F7_S3	F7_S3	F7	S3	Exercise platform
	k141_74859	1	879	+	mecR1	beta-lactam sensor/signal transducer MecR1	core	AMR	AMR	BETA-LACTAM	METHICILLIN	PARTIAL_CONTIG_ENDX	293	585	50.09	100.0	293	WP_000952923.1	beta-lactam sensor/signal transducer MecR1			SRR17140478	non-PMA	F7_S3	F7_S3	F7	S3	Exercise platform
	k141_74859	882	1250	+	mecI	mecA-type methicillin resistance repressor MecI	core	AMR	AMR	BETA-LACTAM	METHICILLIN	EXACTX	123	123	100.0	100.0	123	WP_000369214.1	mecA-type methicillin resistance repressor MecI			SRR17140478	non-PMA	F7_S3	F7_S3	F7	S3	Exercise platform
	k141_77797	8757	9395	-	fusB	fusidic acid resistance EF-G-binding protein FusB	core	AMR	AMR	FUSIDIC ACID	FUSIDIC ACID	EXACTX	213	213	100.0	100.0	213	WP_000855537.1	fusidic acid resistance EF-G-binding protein FusB			SRR17140478	non-PMA	F7_S3	F7_S3	F7	S3	Exercise platform
	k141_78257	1767	2249	+	lnu(A)	lincosamide nucleotidyltransferase Lnu(A)	core	AMR	AMR	LINCOSAMIDE	LINCOSAMIDE	BLASTX	161	161	100.0	96.27	161	WP_011645010.1	lincosamide nucleotidyltransferase Lnu(A)			SRR17140478	non-PMA	F7_S3	F7_S3	F7	S3	Exercise platform
	k141_78843	2	526	+	erm(F)	23S rRNA (adenine(2058)-N(6))-methyltransferase Erm(F)	core	AMR	AMR	LINCOSAMIDE/MACROLIDE/STREPTOGRAMIN	CLINDAMYCIN/MACROLIDE/STREPTOGRAMIN	PARTIAL_CONTIG_ENDX	175	266	65.79	99.43	175	WP_002682030.1	23S rRNA (adenine(2058)-N(6))-methyltransferase Erm(F)			SRR17140478	non-PMA	F7_S3	F7_S3	F7	S3	Exercise platform
	k141_79102	1651	3192	-	qacA	quaternary ammonium compound efflux MFS transporter QacA	core	STRESS	BIOCIDE	QUATERNARY AMMONIUM	QUATERNARY AMMONIUM	BLASTX	514	514	100.0	99.42	514	WP_000622776.1	quaternary ammonium compound efflux MFS transporter QacA			SRR17140478	non-PMA	F7_S3	F7_S3	F7	S3	Exercise platform
	k141_79723	2	571	-	aadD1	aminoglycoside O-nucleotidyltransferase ANT(4')-Ia	core	AMR	AMR	AMINOGLYCOSIDE	KANAMYCIN/TOBRAMYCIN	PARTIAL_CONTIG_ENDX	190	253	75.1	100.0	190	WP_001014230.1	aminoglycoside O-nucleotidyltransferase ANT(4')-Ia			SRR17140478	non-PMA	F7_S3	F7_S3	F7	S3	Exercise platform
	k141_79723	3740	4141	-	bleO	bleomycin binding protein	core	AMR	AMR	BLEOMYCIN	BLEOMYCIN	EXACTX	134	134	100.0	100.0	134	WP_001242578.1	bleomycin binding protein			SRR17140478	non-PMA	F7_S3	F7_S3	F7	S3	Exercise platform
	k141_9748	3	587	-	blaZ	penicillin-hydrolyzing class A beta-lactamase BlaZ	core	AMR	AMR	BETA-LACTAM	BETA-LACTAM	PARTIAL_CONTIG_ENDX	195	281	69.4	98.97	195	WP_000733274.1	penicillin-hydrolyzing class A beta-lactamase BlaZ			SRR17140478	non-PMA	F7_S3	F7_S3	F7	S3	Exercise platform
	k141_100396	26	424	-	sat4	streptothricin N-acetyltransferase Sat4	core	AMR	AMR	STREPTOTHRICIN	STREPTOTHRICIN	PARTIALX	133	180	73.89	100.0	133	WP_000627290.1	streptothricin N-acetyltransferase Sat4			SRR17140480	non-PMA	F7_S2	F7_S2	F7	S2	Waste compartment
	k141_100634	6	740	+	erm(B)	23S rRNA (adenine(2058)-N(6))-methyltransferase Erm(B)	core	AMR	AMR	LINCOSAMIDE/MACROLIDE/STREPTOGRAMIN	CLINDAMYCIN/ERYTHROMYCIN/STREPTOGRAMIN B	EXACTX	245	245	100.0	100.0	245	WP_001038795.1	23S rRNA (adenine(2058)-N(6))-methyltransferase Erm(B)			SRR17140480	non-PMA	F7_S2	F7_S2	F7	S2	Waste compartment
	k141_102559	442	999	+	blaMUN	MUN family extended-spectrum class A beta-lactamase	core	AMR	AMR	BETA-LACTAM	CEPHALOSPORIN	PARTIAL_CONTIG_ENDX	186	302	61.59	100.0	186	WP_206340447.1	MUN family extended-spectrum class A beta-lactamase MUN-1			SRR17140480	non-PMA	F7_S2	F7_S2	F7	S2	Waste compartment
	k141_105859	428	2344	+	tet(O)	tetracycline resistance ribosomal protection protein Tet(O)	core	AMR	AMR	TETRACYCLINE	TETRACYCLINE	BLASTX	639	639	100.0	99.53	639	WP_044666383.1	tetracycline resistance ribosomal protection protein Tet(O)			SRR17140480	non-PMA	F7_S2	F7_S2	F7	S2	Waste compartment
	k141_105869	3	722	+	tet(X2)	tetracycline-inactivating monooxygenase Tet(X2)	core	AMR	AMR	TETRACYCLINE	TIGECYCLINE	PARTIAL_CONTIG_ENDX	240	388	61.86	100.0	240	WP_008651082.1	tetracycline-inactivating monooxygenase Tet(X2)			SRR17140480	non-PMA	F7_S2	F7_S2	F7	S2	Waste compartment
	k141_107264	1042	2958	-	tet(M)	tetracycline resistance ribosomal protection protein Tet(M)	core	AMR	AMR	TETRACYCLINE	TETRACYCLINE	EXACTX	639	639	100.0	100.0	639	WP_000691736.1	tetracycline resistance ribosomal protection protein Tet(M)			SRR17140480	non-PMA	F7_S2	F7_S2	F7	S2	Waste compartment
	k141_107492	2	853	+	tet(K)	tetracycline efflux MFS transporter Tet(K)	core	AMR	AMR	TETRACYCLINE	TETRACYCLINE	PARTIAL_CONTIG_ENDX	284	459	61.87	99.65	284	WP_000492283.1	tetracycline efflux MFS transporter Tet(K)			SRR17140480	non-PMA	F7_S2	F7_S2	F7	S2	Waste compartment
	k141_110747	94	576	-	lnu(A)	lincosamide nucleotidyltransferase Lnu(A)	core	AMR	AMR	LINCOSAMIDE	LINCOSAMIDE	BLASTX	161	161	100.0	99.38	161	WP_001829870.1	lincosamide nucleotidyltransferase Lnu(A)			SRR17140480	non-PMA	F7_S2	F7_S2	F7	S2	Waste compartment
	k141_110761	94	576	-	lnu(A)	lincosamide nucleotidyltransferase Lnu(A)	core	AMR	AMR	LINCOSAMIDE	LINCOSAMIDE	EXACTX	161	161	100.0	100.0	161	WP_000700648.1	lincosamide nucleotidyltransferase Lnu(A)			SRR17140480	non-PMA	F7_S2	F7_S2	F7	S2	Waste compartment
	k141_111250	1337	1828	+	lnu(C)	lincosamide nucleotidyltransferase Lnu(C)	core	AMR	AMR	LINCOSAMIDE	LINCOSAMIDE	BLASTX	164	164	100.0	98.17	164	WP_063851341.1	lincosamide nucleotidyltransferase Lnu(C)			SRR17140480	non-PMA	F7_S2	F7_S2	F7	S2	Waste compartment
	k141_114093	1511	2947	-	aac(6')-Ie/aph(2'')-Ia	bifunctional aminoglycoside N-acetyltransferase AAC(6')-Ie/aminoglycoside O-phosphotransferase APH(2'')-Ia	core	AMR	AMR	AMINOGLYCOSIDE	AMIKACIN/GENTAMICIN/KANAMYCIN/TOBRAMYCIN	EXACTX	479	479	100.0	100.0	479	WP_001028144.1	bifunctional aminoglycoside N-acetyltransferase AAC(6')-Ie/aminoglycoside O-phosphotransferase APH(2'')-Ia			SRR17140480	non-PMA	F7_S2	F7_S2	F7	S2	Waste compartment
	k141_115499	3884	4735	+	erm(X)	23S rRNA (adenine(2058)-N(6))-methyltransferase Erm(X)	core	AMR	AMR	LINCOSAMIDE/MACROLIDE/STREPTOGRAMIN	AZITHROMYCIN/CLINDAMYCIN/ERYTHROMYCIN/LINCOMYCIN/STREPTOGRAMIN B/TYLOSIN	BLASTX	284	284	100.0	97.89	284	WP_011117480.1	23S rRNA (adenine(2058)-N(6))-methyltransferase Erm(X)			SRR17140480	non-PMA	F7_S2	F7_S2	F7	S2	Waste compartment
	k141_116250	2	355	+	blaI	penicillinase repressor BlaI	core	AMR	AMR	BETA-LACTAM	BETA-LACTAM	BLASTX	118	126	93.65	99.15	118	WP_001284656.1	penicillinase repressor BlaI			SRR17140480	non-PMA	F7_S2	F7_S2	F7	S2	Waste compartment
	k141_120014	1585	2313	-	erm(A)	23S rRNA (adenine(2058)-N(6))-methyltransferase Erm(A)	core	AMR	AMR	LINCOSAMIDE/MACROLIDE	AZITHROMYCIN/CLARITHROMYCIN/CLINDAMYCIN/ERYTHROMYCIN/TELITHROMYCIN	EXACTX	243	243	100.0	100.0	243	WP_000810833.1	23S rRNA (adenine(2058)-N(6))-methyltransferase Erm(A)			SRR17140480	non-PMA	F7_S2	F7_S2	F7	S2	Waste compartment
	k141_120491	1030	2571	-	qacA	quaternary ammonium compound efflux MFS transporter QacA	core	STRESS	BIOCIDE	QUATERNARY AMMONIUM	QUATERNARY AMMONIUM	BLASTX	514	514	100.0	99.42	514	WP_000622776.1	quaternary ammonium compound efflux MFS transporter QacA			SRR17140480	non-PMA	F7_S2	F7_S2	F7	S2	Waste compartment
	k141_120491	4621	5517	-	mph(C)	Mph(C) family macrolide 2'-phosphotransferase	core	AMR	AMR	MACROLIDE	ERYTHROMYCIN/SPIRAMYCIN/TELITHROMYCIN	EXACTX	299	299	100.0	100.0	299	WP_000196697.1	Mph(C) family macrolide 2'-phosphotransferase			SRR17140480	non-PMA	F7_S2	F7_S2	F7	S2	Waste compartment
	k141_128441	1	540	-	cfxA5	broad-spectrum class A beta-lactamase CfxA5	core	AMR	AMR	BETA-LACTAM	CEPHALOSPORIN	PARTIAL_CONTIG_ENDX	180	321	56.07	100.0	180	WP_032946415.1	broad-spectrum class A beta-lactamase CfxA5			SRR17140480	non-PMA	F7_S2	F7_S2	F7	S2	Waste compartment
	k141_130438	1698	2018	+	qacC	quaternary ammonium compound efflux SMR transporter QacC	core	STRESS	BIOCIDE	QUATERNARY AMMONIUM	QUATERNARY AMMONIUM	EXACTX	107	107	100.0	100.0	107	WP_001146389.1	quaternary ammonium compound efflux SMR transporter QacC			SRR17140480	non-PMA	F7_S2	F7_S2	F7	S2	Waste compartment
	k141_16319	296	1084	-	aph(3')-IIIa	aminoglycoside O-phosphotransferase APH(3')-IIIa	core	AMR	AMR	AMINOGLYCOSIDE	AMIKACIN/KANAMYCIN	BLASTX	263	264	99.62	100.0	263	WP_001096887.1	aminoglycoside O-phosphotransferase APH(3')-IIIa			SRR17140480	non-PMA	F7_S2	F7_S2	F7	S2	Waste compartment
	k141_18280	164	886	-	tet(40)	tetracycline efflux MFS transporter Tet(40)	core	AMR	AMR	TETRACYCLINE	TETRACYCLINE	PARTIALX	241	406	59.36	99.17	241	WP_009247026.1	tetracycline efflux MFS transporter Tet(40)			SRR17140480	non-PMA	F7_S2	F7_S2	F7	S2	Waste compartment
	k141_20792	8340	9512	+	cmx	chloramphenicol efflux MFS transporter Cmx	core	AMR	AMR	PHENICOL	CHLORAMPHENICOL	EXACTX	391	391	100.0	100.0	391	WP_005297378.1	chloramphenicol efflux MFS transporter Cmx			SRR17140480	non-PMA	F7_S2	F7_S2	F7	S2	Waste compartment
	k141_23755	452	2017	+	vga(A)	ABC-F type ribosomal protection protein Vga(A)	core	AMR	AMR	LINCOSAMIDE	LINCOSAMIDE	EXACTX	522	522	100.0	100.0	522	WP_002440627.1	ABC-F type ribosomal protection protein Vga(A)			SRR17140480	non-PMA	F7_S2	F7_S2	F7	S2	Waste compartment
	k141_31688	557	2473	-	tet(32)	tetracycline resistance ribosomal protection protein Tet(32)	core	AMR	AMR	TETRACYCLINE	TETRACYCLINE	BLASTX	639	639	100.0	99.69	639	WP_002602099.1	tetracycline resistance ribosomal protection protein Tet(32)			SRR17140480	non-PMA	F7_S2	F7_S2	F7	S2	Waste compartment
	k141_33101	11909	12334	-	fosB	FosB family fosfomycin resistance bacillithiol transferase	core	AMR	AMR	FOSFOMYCIN	FOSFOMYCIN	BLASTX	142	142	100.0	97.89	142	WP_002437790.1	FosB family fosfomycin resistance bacillithiol transferase			SRR17140480	non-PMA	F7_S2	F7_S2	F7	S2	Waste compartment
	k141_34011	1	600	+	aph(2'')-If	aminoglycoside O-phosphotransferase APH(2'')-If	core	AMR	AMR	AMINOGLYCOSIDE	AMIKACIN/GENTAMICIN/KANAMYCIN/TOBRAMYCIN	PARTIAL_CONTIG_ENDX	200	297	67.34	100.0	200	WP_021424053.1	aminoglycoside O-phosphotransferase APH(2'')-If			SRR17140480	non-PMA	F7_S2	F7_S2	F7	S2	Waste compartment
	k141_35704	974	1837	-	tet(L)	tetracycline efflux MFS transporter Tet(L)	core	AMR	AMR	TETRACYCLINE	TETRACYCLINE	PARTIALX	288	458	62.88	97.57	288	WP_001574277.1	tetracycline efflux MFS transporter Tet(L)			SRR17140480	non-PMA	F7_S2	F7_S2	F7	S2	Waste compartment
	k141_45463	612	2075	+	msr(A)	ABC-F type ribosomal protection protein Msr(A)	core	AMR	AMR	MACROLIDE/STREPTOGRAMIN	ERYTHROMYCIN/STREPTOGRAMIN B	BLASTX	488	488	100.0	99.8	488	WP_000438874.1	ABC-F type ribosomal protection protein Msr(A)			SRR17140480	non-PMA	F7_S2	F7_S2	F7	S2	Waste compartment
	k141_45850	2	622	+	vanD	D-alanine--(R)-lactate ligase VanD	core	AMR	AMR	GLYCOPEPTIDE	VANCOMYCIN	PARTIAL_CONTIG_ENDX	207	343	60.35	94.69	207	WP_063856693.1	D-alanine--(R)-lactate ligase VanD			SRR17140480	non-PMA	F7_S2	F7_S2	F7	S2	Waste compartment
	k141_46296	9122	10345	+	mef(A)	macrolide efflux MFS transporter Mef(A)	core	AMR	AMR	MACROLIDE	AZITHROMYCIN/ERYTHROMYCIN	BLASTX	408	408	100.0	99.51	408	WP_012102963.1	macrolide efflux MFS transporter Mef(A)			SRR17140480	non-PMA	F7_S2	F7_S2	F7	S2	Waste compartment
	k141_46831	3922	5430	+	tet(Q)	tetracycline resistance ribosomal protection protein Tet(Q)	core	AMR	AMR	TETRACYCLINE	TETRACYCLINE	PARTIAL_CONTIG_ENDX	503	641	78.47	99.6	503	WP_063856407.1	tetracycline resistance ribosomal protection protein Tet(Q)			SRR17140480	non-PMA	F7_S2	F7_S2	F7	S2	Waste compartment
	k141_47725	14283	14660	-	blaI	penicillinase repressor BlaI	core	AMR	AMR	BETA-LACTAM	BETA-LACTAM	BLASTX	126	126	100.0	96.03	126	WP_001284656.1	penicillinase repressor BlaI			SRR17140480	non-PMA	F7_S2	F7_S2	F7	S2	Waste compartment
	k141_47725	16514	17356	+	blaZ	penicillin-hydrolyzing class A beta-lactamase BlaZ	core	AMR	AMR	BETA-LACTAM	BETA-LACTAM	BLASTX	281	281	100.0	94.66	281	WP_000733281.1	penicillin-hydrolyzing class A beta-lactamase BlaZ			SRR17140480	non-PMA	F7_S2	F7_S2	F7	S2	Waste compartment
	k141_50280	186	998	+	aph(3')-Ia	aminoglycoside O-phosphotransferase APH(3')-Ia	core	AMR	AMR	AMINOGLYCOSIDE	KANAMYCIN	EXACTX	271	271	100.0	100.0	271	WP_000018326.1	aminoglycoside O-phosphotransferase APH(3')-Ia			SRR17140480	non-PMA	F7_S2	F7_S2	F7	S2	Waste compartment
	k141_68020	3	1337	-	blaR1	beta-lactam sensor/signal transducer BlaR1	core	AMR	AMR	BETA-LACTAM	BETA-LACTAM	PARTIAL_CONTIG_ENDX	445	585	76.07	98.88	445	WP_001096392.1	beta-lactam sensor/signal transducer BlaR1			SRR17140480	non-PMA	F7_S2	F7_S2	F7	S2	Waste compartment
	k141_72610	2960	3445	+	erm(X)	23S rRNA (adenine(2058)-N(6))-methyltransferase Erm(X)	core	AMR	AMR	LINCOSAMIDE/MACROLIDE/STREPTOGRAMIN	AZITHROMYCIN/CLINDAMYCIN/ERYTHROMYCIN/LINCOMYCIN/STREPTOGRAMIN B/TYLOSIN	PARTIAL_CONTIG_ENDX	162	284	57.04	98.77	162	WP_063844894.1	23S rRNA (adenine(2058)-N(6))-methyltransferase Erm(X)			SRR17140480	non-PMA	F7_S2	F7_S2	F7	S2	Waste compartment
	k141_81624	530	1000	+	aph(2'')-IIa	aminoglycoside O-phosphotransferase APH(2'')-IIa	core	AMR	AMR	AMINOGLYCOSIDE	AMIKACIN/GENTAMICIN/KANAMYCIN/TOBRAMYCIN	PARTIAL_CONTIG_ENDX	157	299	52.51	100.0	157	WP_063840674.1	aminoglycoside O-phosphotransferase APH(2'')-IIa			SRR17140480	non-PMA	F7_S2	F7_S2	F7	S2	Waste compartment
	k141_82924	2668	3531	+	aadE	aminoglycoside 6-adenylyltransferase AadE	core	AMR	AMR	AMINOGLYCOSIDE	STREPTOMYCIN	EXACTX	288	288	100.0	100.0	288	WP_001255868.1	aminoglycoside 6-adenylyltransferase AadE			SRR17140480	non-PMA	F7_S2	F7_S2	F7	S2	Waste compartment
	k141_8391	202	2118	+	tet(W)	tetracycline resistance ribosomal protection protein Tet(W)	core	AMR	AMR	TETRACYCLINE	TETRACYCLINE	EXACTX	639	639	100.0	100.0	639	WP_002586627.1	tetracycline resistance ribosomal protection protein Tet(W)			SRR17140480	non-PMA	F7_S2	F7_S2	F7	S2	Waste compartment
	k141_83985	111	602	+	dfrF	trimethoprim-resistant dihydrofolate reductase DfrF	core	AMR	AMR	TRIMETHOPRIM	TRIMETHOPRIM	EXACTX	164	164	100.0	100.0	164	WP_002322211.1	trimethoprim-resistant dihydrofolate reductase DfrF			SRR17140480	non-PMA	F7_S2	F7_S2	F7	S2	Waste compartment
	k141_93463	291	1022	-	erm(C)	23S rRNA (adenine(2058)-N(6))-methyltransferase Erm(C)	core	AMR	AMR	LINCOSAMIDE/MACROLIDE/STREPTOGRAMIN	CLINDAMYCIN/ERYTHROMYCIN/STREPTOGRAMIN B/TYLOSIN	EXACTX	244	244	100.0	100.0	244	WP_001003263.1	23S rRNA (adenine(2058)-N(6))-methyltransferase Erm(C)			SRR17140480	non-PMA	F7_S2	F7_S2	F7	S2	Waste compartment
	k141_99709	336	845	+	lnu(AN2)	lincosamide nucleotidyltransferase Lnu(AN2)	core	AMR	AMR	LINCOSAMIDE	LINCOSAMIDE	BLASTX	170	170	100.0	99.41	170	WP_004308783.1	lincosamide nucleotidyltransferase Lnu(AN2)			SRR17140480	non-PMA	F7_S2	F7_S2	F7	S2	Waste compartment
	k141_12581	175	933	-	aadD1	aminoglycoside O-nucleotidyltransferase ANT(4')-Ia	core	AMR	AMR	AMINOGLYCOSIDE	KANAMYCIN/TOBRAMYCIN	EXACTX	253	253	100.0	100.0	253	WP_001014230.1	aminoglycoside O-nucleotidyltransferase ANT(4')-Ia			SRR17140483	non-PMA	F7_S1	F7_S1	F7	S1	Cupola
	k141_13717	1006	2469	+	msr(A)	ABC-F type ribosomal protection protein Msr(A)	core	AMR	AMR	MACROLIDE/STREPTOGRAMIN	ERYTHROMYCIN/STREPTOGRAMIN B	BLASTX	488	488	100.0	99.8	488	WP_000438874.1	ABC-F type ribosomal protection protein Msr(A)			SRR17140483	non-PMA	F7_S1	F7_S1	F7	S1	Cupola
	k141_13717	2571	3467	+	mph(C)	Mph(C) family macrolide 2'-phosphotransferase	core	AMR	AMR	MACROLIDE	ERYTHROMYCIN/SPIRAMYCIN/TELITHROMYCIN	EXACTX	299	299	100.0	100.0	299	WP_000196697.1	Mph(C) family macrolide 2'-phosphotransferase			SRR17140483	non-PMA	F7_S1	F7_S1	F7	S1	Cupola
	k141_16381	1500	1925	-	fosB	FosB family fosfomycin resistance bacillithiol transferase	core	AMR	AMR	FOSFOMYCIN	FOSFOMYCIN	BLASTX	142	142	100.0	97.18	142	WP_002437790.1	FosB family fosfomycin resistance bacillithiol transferase			SRR17140483	non-PMA	F7_S1	F7_S1	F7	S1	Cupola
	k141_17182	752	2317	-	vga(A)	ABC-F type ribosomal protection protein Vga(A)	core	AMR	AMR	LINCOSAMIDE	LINCOSAMIDE	BLASTX	522	522	100.0	99.23	522	WP_002440627.1	ABC-F type ribosomal protection protein Vga(A)			SRR17140483	non-PMA	F7_S1	F7_S1	F7	S1	Cupola
	k141_19480	69	911	-	blaZ	penicillin-hydrolyzing class A beta-lactamase BlaZ	core	AMR	AMR	BETA-LACTAM	BETA-LACTAM	BLASTX	281	281	100.0	94.31	281	WP_000733281.1	penicillin-hydrolyzing class A beta-lactamase BlaZ			SRR17140483	non-PMA	F7_S1	F7_S1	F7	S1	Cupola
	k141_20126	1	1275	+	mecA	PBP2a family beta-lactam-resistant peptidoglycan transpeptidase MecA	core	AMR	AMR	BETA-LACTAM	METHICILLIN	PARTIAL_CONTIG_ENDX	425	668	63.62	100.0	425	WP_000721309.1	PBP2a family beta-lactam-resistant peptidoglycan transpeptidase MecA			SRR17140483	non-PMA	F7_S1	F7_S1	F7	S1	Cupola
	k141_20716	2	700	-	aph(3'')-Ib	aminoglycoside O-phosphotransferase APH(3'')-Ib	core	AMR	AMR	AMINOGLYCOSIDE	STREPTOMYCIN	PARTIAL_CONTIG_ENDX	233	267	87.27	99.57	233	WP_001082319.1	aminoglycoside O-phosphotransferase APH(3'')-Ib			SRR17140483	non-PMA	F7_S1	F7_S1	F7	S1	Cupola
	k141_21029	1273	2733	-	msr(D)	ABC-F type ribosomal protection protein Msr(D)	core	AMR	AMR	MACROLIDE/STREPTOGRAMIN	AZITHROMYCIN/ERYTHROMYCIN/STREPTOGRAMIN B	EXACTX	487	487	100.0	100.0	487	WP_000420313.1	ABC-F type ribosomal protection protein Msr(D)			SRR17140483	non-PMA	F7_S1	F7_S1	F7	S1	Cupola
	k141_21517	105	587	-	lnu(A)	lincosamide nucleotidyltransferase Lnu(A)	core	AMR	AMR	LINCOSAMIDE	LINCOSAMIDE	EXACTX	161	161	100.0	100.0	161	WP_000700648.1	lincosamide nucleotidyltransferase Lnu(A)			SRR17140483	non-PMA	F7_S1	F7_S1	F7	S1	Cupola
	k141_22662	38	871	+	aph(6)-Id	aminoglycoside O-phosphotransferase APH(6)-Id	core	AMR	AMR	AMINOGLYCOSIDE	STREPTOMYCIN	EXACTX	278	278	100.0	100.0	278	WP_000480968.1	aminoglycoside O-phosphotransferase APH(6)-Id			SRR17140483	non-PMA	F7_S1	F7_S1	F7	S1	Cupola
	k141_24468	1	750	-	erm(X)	23S rRNA (adenine(2058)-N(6))-methyltransferase Erm(X)	core	AMR	AMR	LINCOSAMIDE/MACROLIDE/STREPTOGRAMIN	AZITHROMYCIN/CLINDAMYCIN/ERYTHROMYCIN/LINCOMYCIN/STREPTOGRAMIN B/TYLOSIN	PARTIAL_CONTIG_ENDX	250	284	88.03	99.6	250	WP_011117480.1	23S rRNA (adenine(2058)-N(6))-methyltransferase Erm(X)			SRR17140483	non-PMA	F7_S1	F7_S1	F7	S1	Cupola
	k141_24883	1	750	-	erm(X)	23S rRNA (adenine(2058)-N(6))-methyltransferase Erm(X)	core	AMR	AMR	LINCOSAMIDE/MACROLIDE/STREPTOGRAMIN	AZITHROMYCIN/CLINDAMYCIN/ERYTHROMYCIN/LINCOMYCIN/STREPTOGRAMIN B/TYLOSIN	PARTIAL_CONTIG_ENDX	250	284	88.03	98.8	250	WP_063844894.1	23S rRNA (adenine(2058)-N(6))-methyltransferase Erm(X)			SRR17140483	non-PMA	F7_S1	F7_S1	F7	S1	Cupola
	k141_24938	1	729	+	blaZ	penicillin-hydrolyzing class A beta-lactamase BlaZ	core	AMR	AMR	BETA-LACTAM	BETA-LACTAM	PARTIAL_CONTIG_ENDX	243	281	86.48	99.59	243	WP_000733274.1	penicillin-hydrolyzing class A beta-lactamase BlaZ			SRR17140483	non-PMA	F7_S1	F7_S1	F7	S1	Cupola
	k141_28896	1	387	+	lnu(A)	lincosamide nucleotidyltransferase Lnu(A)	core	AMR	AMR	LINCOSAMIDE	LINCOSAMIDE	PARTIAL_CONTIG_ENDX	129	161	80.12	100.0	129	WP_011428879.1	lincosamide nucleotidyltransferase Lnu(A)'			SRR17140483	non-PMA	F7_S1	F7_S1	F7	S1	Cupola
	k141_3123	1136	2308	-	cmx	chloramphenicol efflux MFS transporter Cmx	core	AMR	AMR	PHENICOL	CHLORAMPHENICOL	EXACTX	391	391	100.0	100.0	391	WP_005297378.1	chloramphenicol efflux MFS transporter Cmx			SRR17140483	non-PMA	F7_S1	F7_S1	F7	S1	Cupola
	k141_31377	1	1359	+	aac(6')-Ie/aph(2'')-Ia	bifunctional aminoglycoside N-acetyltransferase AAC(6')-Ie/aminoglycoside O-phosphotransferase APH(2'')-Ia	core	AMR	AMR	AMINOGLYCOSIDE	AMIKACIN/GENTAMICIN/KANAMYCIN/TOBRAMYCIN	BLASTX	453	479	94.57	100.0	453	WP_001028144.1	bifunctional aminoglycoside N-acetyltransferase AAC(6')-Ie/aminoglycoside O-phosphotransferase APH(2'')-Ia			SRR17140483	non-PMA	F7_S1	F7_S1	F7	S1	Cupola
	k141_33602	83	895	+	aph(3')-Ia	aminoglycoside O-phosphotransferase APH(3')-Ia	core	AMR	AMR	AMINOGLYCOSIDE	KANAMYCIN	EXACTX	271	271	100.0	100.0	271	WP_000018326.1	aminoglycoside O-phosphotransferase APH(3')-Ia			SRR17140483	non-PMA	F7_S1	F7_S1	F7	S1	Cupola
	k141_33800	1096	1740	+	catA	type A-8 chloramphenicol O-acetyltransferase	core	AMR	AMR	PHENICOL	CHLORAMPHENICOL	EXACTX	215	215	100.0	100.0	215	WP_000143686.1	type A-8 chloramphenicol O-acetyltransferase			SRR17140483	non-PMA	F7_S1	F7_S1	F7	S1	Cupola
	k141_34674	1	1449	+	blaR1	beta-lactam sensor/signal transducer BlaR1	core	AMR	AMR	BETA-LACTAM	BETA-LACTAM	PARTIAL_CONTIG_ENDX	483	585	82.56	98.34	483	WP_001096376.1	beta-lactam sensor/signal transducer BlaR1			SRR17140483	non-PMA	F7_S1	F7_S1	F7	S1	Cupola
	k141_34674	1442	1819	+	blaI	penicillinase repressor BlaI	core	AMR	AMR	BETA-LACTAM	BETA-LACTAM	BLASTX	126	126	100.0	99.21	126	WP_001284656.1	penicillinase repressor BlaI			SRR17140483	non-PMA	F7_S1	F7_S1	F7	S1	Cupola
	k141_36175	1654	3195	+	qacA	quaternary ammonium compound efflux MFS transporter QacA	core	STRESS	BIOCIDE	QUATERNARY AMMONIUM	QUATERNARY AMMONIUM	EXACTX	514	514	100.0	100.0	514	WP_000622776.1	quaternary ammonium compound efflux MFS transporter QacA			SRR17140483	non-PMA	F7_S1	F7_S1	F7	S1	Cupola
	k141_37923	105	587	-	lnu(A)	lincosamide nucleotidyltransferase Lnu(A)	core	AMR	AMR	LINCOSAMIDE	LINCOSAMIDE	EXACTX	161	161	100.0	100.0	161	WP_011645010.1	lincosamide nucleotidyltransferase Lnu(A)			SRR17140483	non-PMA	F7_S1	F7_S1	F7	S1	Cupola
	k141_39123	229	960	-	erm(C)	23S rRNA (adenine(2058)-N(6))-methyltransferase Erm(C)	core	AMR	AMR	LINCOSAMIDE/MACROLIDE/STREPTOGRAMIN	CLINDAMYCIN/ERYTHROMYCIN/STREPTOGRAMIN B/TYLOSIN	EXACTX	244	244	100.0	100.0	244	WP_001003263.1	23S rRNA (adenine(2058)-N(6))-methyltransferase Erm(C)			SRR17140483	non-PMA	F7_S1	F7_S1	F7	S1	Cupola
	k141_39360	610	804	+	mecI	mecA-type methicillin resistance repressor MecI	core	AMR	AMR	BETA-LACTAM	METHICILLIN	PARTIAL_CONTIG_ENDX	65	123	52.85	100.0	65	WP_000369214.1	mecA-type methicillin resistance repressor MecI			SRR17140483	non-PMA	F7_S1	F7_S1	F7	S1	Cupola
	k141_39510	2480	3124	+	catA	type A-7 chloramphenicol O-acetyltransferase	core	AMR	AMR	PHENICOL	CHLORAMPHENICOL	EXACTX	215	215	100.0	100.0	215	WP_002489529.1	type A-7 chloramphenicol O-acetyltransferase			SRR17140483	non-PMA	F7_S1	F7_S1	F7	S1	Cupola
	k141_39516	821	2197	-	tet(K)	tetracycline efflux MFS transporter Tet(K)	core	AMR	AMR	TETRACYCLINE	TETRACYCLINE	EXACTX	459	459	100.0	100.0	459	WP_000492283.1	tetracycline efflux MFS transporter Tet(K)			SRR17140483	non-PMA	F7_S1	F7_S1	F7	S1	Cupola
	k141_4177	485	862	-	blaI	penicillinase repressor BlaI	core	AMR	AMR	BETA-LACTAM	BETA-LACTAM	BLASTX	126	126	100.0	96.03	126	WP_001284656.1	penicillinase repressor BlaI			SRR17140483	non-PMA	F7_S1	F7_S1	F7	S1	Cupola
	k141_4611	1	1236	-	tet(M)	tetracycline resistance ribosomal protection protein Tet(M)	core	AMR	AMR	TETRACYCLINE	TETRACYCLINE	PARTIAL_CONTIG_ENDX	412	639	64.48	99.76	412	WP_043029018.1	tetracycline resistance ribosomal protection protein Tet(M)			SRR17140483	non-PMA	F7_S1	F7_S1	F7	S1	Cupola
	k141_7349	1188	1826	+	fusB	fusidic acid resistance EF-G-binding protein FusB	core	AMR	AMR	FUSIDIC ACID	FUSIDIC ACID	EXACTX	213	213	100.0	100.0	213	WP_000855537.1	fusidic acid resistance EF-G-binding protein FusB			SRR17140483	non-PMA	F7_S1	F7_S1	F7	S1	Cupola
	k141_7455	1605	1925	+	qacG	quaternary ammonium compound efflux SMR transporter QacG	core	STRESS	BIOCIDE	QUATERNARY AMMONIUM	QUATERNARY AMMONIUM	BLASTX	107	107	100.0	98.13	107	WP_015740450.1	quaternary ammonium compound efflux SMR transporter QacG			SRR17140483	non-PMA	F7_S1	F7_S1	F7	S1	Cupola
	k141_7871	355	735	+	fosB	FosB family fosfomycin resistance bacillithiol transferase	core	AMR	AMR	FOSFOMYCIN	FOSFOMYCIN	PARTIAL_CONTIG_ENDX	127	142	89.44	96.85	127	WP_002437790.1	FosB family fosfomycin resistance bacillithiol transferase			SRR17140483	non-PMA	F7_S1	F7_S1	F7	S1	Cupola
	k141_8723	1	651	-	erm(A)	23S rRNA (adenine(2058)-N(6))-methyltransferase Erm(A)	core	AMR	AMR	LINCOSAMIDE/MACROLIDE	AZITHROMYCIN/CLARITHROMYCIN/CLINDAMYCIN/ERYTHROMYCIN/TELITHROMYCIN	PARTIAL_CONTIG_ENDX	217	243	89.3	100.0	217	WP_000810833.1	23S rRNA (adenine(2058)-N(6))-methyltransferase Erm(A)			SRR17140483	non-PMA	F7_S1	F7_S1	F7	S1	Cupola
	k141_11634	1004	1429	-	fosB	FosB family fosfomycin resistance bacillithiol transferase	core	AMR	AMR	FOSFOMYCIN	FOSFOMYCIN	BLASTX	142	142	100.0	95.77	142	WP_002437790.1	FosB family fosfomycin resistance bacillithiol transferase			SRR17140486	non-PMA	F4_S1	F4_S1	F4	S1	Cupola
	k141_13030	4087	4473	-	fusF	fusidic acid resistance EF-G-binding protein FusF	core	AMR	AMR	FUSIDIC ACID	FUSIDIC ACID	PARTIALX	129	214	60.28	98.45	129	WP_063851267.1	fusidic acid resistance EF-G-binding protein FusF			SRR17140486	non-PMA	F4_S1	F4_S1	F4	S1	Cupola
	k141_13276	733	1584	-	erm(X)	23S rRNA (adenine(2058)-N(6))-methyltransferase Erm(X)	core	AMR	AMR	LINCOSAMIDE/MACROLIDE/STREPTOGRAMIN	AZITHROMYCIN/CLINDAMYCIN/ERYTHROMYCIN/LINCOMYCIN/STREPTOGRAMIN B/TYLOSIN	BLASTX	284	284	100.0	98.24	284	WP_011117480.1	23S rRNA (adenine(2058)-N(6))-methyltransferase Erm(X)			SRR17140486	non-PMA	F4_S1	F4_S1	F4	S1	Cupola
	k141_2934	2185	2541	-	lnu(A)	lincosamide nucleotidyltransferase Lnu(A)	core	AMR	AMR	LINCOSAMIDE	LINCOSAMIDE	PARTIAL_CONTIG_ENDX	119	161	73.91	100.0	119	WP_011428879.1	lincosamide nucleotidyltransferase Lnu(A)'			SRR17140486	non-PMA	F4_S1	F4_S1	F4	S1	Cupola
	k141_3683	1	576	-	erm(X)	23S rRNA (adenine(2058)-N(6))-methyltransferase Erm(X)	core	AMR	AMR	LINCOSAMIDE/MACROLIDE/STREPTOGRAMIN	AZITHROMYCIN/CLINDAMYCIN/ERYTHROMYCIN/LINCOMYCIN/STREPTOGRAMIN B/TYLOSIN	PARTIAL_CONTIG_ENDX	192	284	67.61	98.96	192	WP_063844894.1	23S rRNA (adenine(2058)-N(6))-methyltransferase Erm(X)			SRR17140486	non-PMA	F4_S1	F4_S1	F4	S1	Cupola
	k141_4018	2	502	+	aadD1	aminoglycoside O-nucleotidyltransferase ANT(4')-Ia	core	AMR	AMR	AMINOGLYCOSIDE	KANAMYCIN/TOBRAMYCIN	PARTIAL_CONTIG_ENDX	167	253	66.01	100.0	167	WP_001014230.1	aminoglycoside O-nucleotidyltransferase ANT(4')-Ia			SRR17140486	non-PMA	F4_S1	F4_S1	F4	S1	Cupola
	k141_4018	722	1123	+	bleO	bleomycin binding protein	core	AMR	AMR	BLEOMYCIN	BLEOMYCIN	EXACTX	134	134	100.0	100.0	134	WP_001242578.1	bleomycin binding protein			SRR17140486	non-PMA	F4_S1	F4_S1	F4	S1	Cupola
	k141_4325	1146	1466	+	qacC	quaternary ammonium compound efflux SMR transporter QacC	core	STRESS	BIOCIDE	QUATERNARY AMMONIUM	QUATERNARY AMMONIUM	EXACTX	107	107	100.0	100.0	107	WP_001146389.1	quaternary ammonium compound efflux SMR transporter QacC			SRR17140486	non-PMA	F4_S1	F4_S1	F4	S1	Cupola
	k141_4835	1630	2274	+	catA	type A-8 chloramphenicol O-acetyltransferase	core	AMR	AMR	PHENICOL	CHLORAMPHENICOL	EXACTX	215	215	100.0	100.0	215	WP_000143686.1	type A-8 chloramphenicol O-acetyltransferase			SRR17140486	non-PMA	F4_S1	F4_S1	F4	S1	Cupola
	k141_50	190	567	+	blaI	penicillinase repressor BlaI	core	AMR	AMR	BETA-LACTAM	BETA-LACTAM	BLASTX	126	126	100.0	99.21	126	WP_001284656.1	penicillinase repressor BlaI			SRR17140486	non-PMA	F4_S1	F4_S1	F4	S1	Cupola
	k141_5265	33	1496	-	msr(A)	ABC-F type ribosomal protection protein Msr(A)	core	AMR	AMR	MACROLIDE/STREPTOGRAMIN	ERYTHROMYCIN/STREPTOGRAMIN B	BLASTX	488	488	100.0	99.8	488	WP_000438874.1	ABC-F type ribosomal protection protein Msr(A)			SRR17140486	non-PMA	F4_S1	F4_S1	F4	S1	Cupola
	k141_5593	1605	2351	-	tet(K)	tetracycline efflux MFS transporter Tet(K)	core	AMR	AMR	TETRACYCLINE	TETRACYCLINE	PARTIAL_CONTIG_ENDX	249	459	54.25	100.0	249	WP_000492283.1	tetracycline efflux MFS transporter Tet(K)			SRR17140486	non-PMA	F4_S1	F4_S1	F4	S1	Cupola
	k141_6380	3449	4345	-	mph(C)	Mph(C) family macrolide 2'-phosphotransferase	core	AMR	AMR	MACROLIDE	ERYTHROMYCIN/SPIRAMYCIN/TELITHROMYCIN	EXACTX	299	299	100.0	100.0	299	WP_000196697.1	Mph(C) family macrolide 2'-phosphotransferase			SRR17140486	non-PMA	F4_S1	F4_S1	F4	S1	Cupola
	k141_6998	2215	2637	-	lnu(A)	lincosamide nucleotidyltransferase Lnu(A)	core	AMR	AMR	LINCOSAMIDE	LINCOSAMIDE	PARTIAL_CONTIG_ENDX	141	161	87.58	99.29	141	WP_001829870.1	lincosamide nucleotidyltransferase Lnu(A)			SRR17140486	non-PMA	F4_S1	F4_S1	F4	S1	Cupola
	k141_7300	1658	3199	+	qacA	quaternary ammonium compound efflux MFS transporter QacA	core	STRESS	BIOCIDE	QUATERNARY AMMONIUM	QUATERNARY AMMONIUM	EXACTX	514	514	100.0	100.0	514	WP_000622776.1	quaternary ammonium compound efflux MFS transporter QacA			SRR17140486	non-PMA	F4_S1	F4_S1	F4	S1	Cupola
	k141_7304	1	483	+	blaZ	penicillin-hydrolyzing class A beta-lactamase BlaZ	core	AMR	AMR	BETA-LACTAM	BETA-LACTAM	PARTIAL_CONTIG_ENDX	161	281	57.3	97.52	161	WP_000733274.1	penicillin-hydrolyzing class A beta-lactamase BlaZ			SRR17140486	non-PMA	F4_S1	F4_S1	F4	S1	Cupola
	k141_8399	342	854	+	blaZ	penicillin-hydrolyzing class A beta-lactamase BlaZ	core	AMR	AMR	BETA-LACTAM	BETA-LACTAM	PARTIAL_CONTIG_ENDX	171	281	60.85	97.08	171	WP_000733281.1	penicillin-hydrolyzing class A beta-lactamase BlaZ			SRR17140486	non-PMA	F4_S1	F4_S1	F4	S1	Cupola
	k141_9323	172	1737	-	vga(A)	ABC-F type ribosomal protection protein Vga(A)	core	AMR	AMR	LINCOSAMIDE	LINCOSAMIDE	BLASTX	522	522	100.0	99.43	522	WP_032492560.1	ABC-F type ribosomal protection protein Vga(A)			SRR17140486	non-PMA	F4_S1	F4_S1	F4	S1	Cupola
	k141_11489	386	1228	-	blaZ	penicillin-hydrolyzing class A beta-lactamase BlaZ	core	AMR	AMR	BETA-LACTAM	BETA-LACTAM	BLASTX	281	281	100.0	93.95	281	WP_000733281.1	penicillin-hydrolyzing class A beta-lactamase BlaZ			SRR17140487	non-PMA	F5_S7	F5_S7	F5	S7	Lab overhead
	k141_11489	1335	3089	+	blaR1	beta-lactam sensor/signal transducer BlaR1	core	AMR	AMR	BETA-LACTAM	BETA-LACTAM	BLASTX	585	585	100.0	97.61	585	WP_001096386.1	beta-lactam sensor/signal transducer BlaR1			SRR17140487	non-PMA	F5_S7	F5_S7	F5	S7	Lab overhead
	k141_11489	3082	3459	+	blaI	penicillinase repressor BlaI	core	AMR	AMR	BETA-LACTAM	BETA-LACTAM	BLASTX	126	126	100.0	99.21	126	WP_001284656.1	penicillinase repressor BlaI			SRR17140487	non-PMA	F5_S7	F5_S7	F5	S7	Lab overhead
	k141_13163	5477	6373	-	mph(C)	Mph(C) family macrolide 2'-phosphotransferase	core	AMR	AMR	MACROLIDE	ERYTHROMYCIN/SPIRAMYCIN/TELITHROMYCIN	EXACTX	299	299	100.0	100.0	299	WP_000196697.1	Mph(C) family macrolide 2'-phosphotransferase			SRR17140487	non-PMA	F5_S7	F5_S7	F5	S7	Lab overhead
	k141_13163	6475	7938	-	msr(A)	ABC-F type ribosomal protection protein Msr(A)	core	AMR	AMR	MACROLIDE/STREPTOGRAMIN	ERYTHROMYCIN/STREPTOGRAMIN B	BLASTX	488	488	100.0	99.8	488	WP_000438874.1	ABC-F type ribosomal protection protein Msr(A)			SRR17140487	non-PMA	F5_S7	F5_S7	F5	S7	Lab overhead
	k141_15672	359	1198	-	mef(A)	macrolide efflux MFS transporter Mef(A)	core	AMR	AMR	MACROLIDE	AZITHROMYCIN/ERYTHROMYCIN	PARTIAL_CONTIG_ENDX	280	405	69.14	100.0	280	WP_000417519.1	macrolide efflux MFS transporter Mef(A)			SRR17140487	non-PMA	F5_S7	F5_S7	F5	S7	Lab overhead
	k141_15946	392	1234	+	blaZ	penicillin-hydrolyzing class A beta-lactamase BlaZ	core	AMR	AMR	BETA-LACTAM	BETA-LACTAM	BLASTX	281	281	100.0	99.64	281	WP_000733274.1	penicillin-hydrolyzing class A beta-lactamase BlaZ			SRR17140487	non-PMA	F5_S7	F5_S7	F5	S7	Lab overhead
	k141_16077	60	578	+	aph(3')-IIIa	aminoglycoside O-phosphotransferase APH(3')-IIIa	core	AMR	AMR	AMINOGLYCOSIDE	AMIKACIN/KANAMYCIN	PARTIAL_CONTIG_ENDX	173	264	65.53	100.0	173	WP_001096887.1	aminoglycoside O-phosphotransferase APH(3')-IIIa			SRR17140487	non-PMA	F5_S7	F5_S7	F5	S7	Lab overhead
	k141_16305	1335	2876	-	qacA	quaternary ammonium compound efflux MFS transporter QacA	core	STRESS	BIOCIDE	QUATERNARY AMMONIUM	QUATERNARY AMMONIUM	BLASTX	514	514	100.0	99.81	514	WP_000622776.1	quaternary ammonium compound efflux MFS transporter QacA			SRR17140487	non-PMA	F5_S7	F5_S7	F5	S7	Lab overhead
	k141_17481	1	450	-	aadD1	aminoglycoside O-nucleotidyltransferase ANT(4')-Ia	core	AMR	AMR	AMINOGLYCOSIDE	KANAMYCIN/TOBRAMYCIN	PARTIAL_CONTIG_ENDX	150	253	59.29	100.0	150	WP_001014230.1	aminoglycoside O-nucleotidyltransferase ANT(4')-Ia			SRR17140487	non-PMA	F5_S7	F5_S7	F5	S7	Lab overhead
	k141_2144	209	625	+	fosD	fosfomycin resistance bacillithiol transferase FosD	core	AMR	AMR	FOSFOMYCIN	FOSFOMYCIN	EXACTX	139	139	100.0	100.0	139	WP_000616116.1	fosfomycin resistance bacillithiol transferase FosD			SRR17140487	non-PMA	F5_S7	F5_S7	F5	S7	Lab overhead
	k141_2563	794	2170	+	tet(K)	tetracycline efflux MFS transporter Tet(K)	core	AMR	AMR	TETRACYCLINE	TETRACYCLINE	EXACTX	459	459	100.0	100.0	459	WP_000492283.1	tetracycline efflux MFS transporter Tet(K)			SRR17140487	non-PMA	F5_S7	F5_S7	F5	S7	Lab overhead
	k141_2688	287	925	+	fusD	FusD family fusidic acid resistance EF-G-binding protein	core	AMR	AMR	FUSIDIC ACID	FUSIDIC ACID	BLASTX	213	213	100.0	98.12	213	WP_011303797.1	FusD family fusidic acid resistance EF-G-binding protein			SRR17140487	non-PMA	F5_S7	F5_S7	F5	S7	Lab overhead
	k141_4076	2010	2330	+	qacC	quaternary ammonium compound efflux SMR transporter QacC	core	STRESS	BIOCIDE	QUATERNARY AMMONIUM	QUATERNARY AMMONIUM	EXACTX	107	107	100.0	100.0	107	WP_001146389.1	quaternary ammonium compound efflux SMR transporter QacC			SRR17140487	non-PMA	F5_S7	F5_S7	F5	S7	Lab overhead
	k141_4521	3712	4137	+	fosB	FosB family fosfomycin resistance bacillithiol transferase	core	AMR	AMR	FOSFOMYCIN	FOSFOMYCIN	BLASTX	142	142	100.0	95.77	142	WP_002437790.1	FosB family fosfomycin resistance bacillithiol transferase			SRR17140487	non-PMA	F5_S7	F5_S7	F5	S7	Lab overhead
	k141_6157	2	421	-	catA	type A-7 chloramphenicol O-acetyltransferase	core	AMR	AMR	PHENICOL	CHLORAMPHENICOL	PARTIAL_CONTIG_ENDX	140	215	65.12	100.0	140	WP_002489529.1	type A-7 chloramphenicol O-acetyltransferase			SRR17140487	non-PMA	F5_S7	F5_S7	F5	S7	Lab overhead
	k141_646	2	355	+	blaI	penicillinase repressor BlaI	core	AMR	AMR	BETA-LACTAM	BETA-LACTAM	BLASTX	118	126	93.65	94.92	118	WP_001284656.1	penicillinase repressor BlaI			SRR17140487	non-PMA	F5_S7	F5_S7	F5	S7	Lab overhead
	k141_6726	3	434	+	erm(X)	23S rRNA (adenine(2058)-N(6))-methyltransferase Erm(X)	core	AMR	AMR	LINCOSAMIDE/MACROLIDE/STREPTOGRAMIN	AZITHROMYCIN/CLINDAMYCIN/ERYTHROMYCIN/LINCOMYCIN/STREPTOGRAMIN B/TYLOSIN	PARTIAL_CONTIG_ENDX	144	284	50.7	97.92	144	WP_063844894.1	23S rRNA (adenine(2058)-N(6))-methyltransferase Erm(X)			SRR17140487	non-PMA	F5_S7	F5_S7	F5	S7	Lab overhead
	k141_740	1656	3221	+	vga(A)	ABC-F type ribosomal protection protein Vga(A)	core	AMR	AMR	LINCOSAMIDE	LINCOSAMIDE	EXACTX	522	522	100.0	100.0	522	WP_002440627.1	ABC-F type ribosomal protection protein Vga(A)			SRR17140487	non-PMA	F5_S7	F5_S7	F5	S7	Lab overhead
	k141_9141	1659	2390	+	erm(C)	23S rRNA (adenine(2058)-N(6))-methyltransferase Erm(C)	core	AMR	AMR	LINCOSAMIDE/MACROLIDE/STREPTOGRAMIN	CLINDAMYCIN/ERYTHROMYCIN/STREPTOGRAMIN B/TYLOSIN	EXACTX	244	244	100.0	100.0	244	WP_001003263.1	23S rRNA (adenine(2058)-N(6))-methyltransferase Erm(C)			SRR17140487	non-PMA	F5_S7	F5_S7	F5	S7	Lab overhead
	k141_15994	2172	2906	+	erm(B)	23S rRNA (adenine(2058)-N(6))-methyltransferase Erm(B)	core	AMR	AMR	LINCOSAMIDE/MACROLIDE/STREPTOGRAMIN	CLINDAMYCIN/ERYTHROMYCIN/STREPTOGRAMIN B	BLASTX	245	245	100.0	99.18	245	WP_001038795.1	23S rRNA (adenine(2058)-N(6))-methyltransferase Erm(B)			SRR17140489	non-PMA	F5_S6	F5_S6	F5	S6	PMM
	k141_16323	12	656	-	catA	type A-8 chloramphenicol O-acetyltransferase	core	AMR	AMR	PHENICOL	CHLORAMPHENICOL	BLASTX	215	215	100.0	95.81	215	WP_000143686.1	type A-8 chloramphenicol O-acetyltransferase			SRR17140489	non-PMA	F5_S6	F5_S6	F5	S6	PMM
	k141_164	1	213	-	fosB	FosB family fosfomycin resistance bacillithiol transferase	core	AMR	AMR	FOSFOMYCIN	FOSFOMYCIN	PARTIAL_CONTIG_ENDX	71	142	50.0	95.77	71	WP_002437790.1	FosB family fosfomycin resistance bacillithiol transferase			SRR17140489	non-PMA	F5_S6	F5_S6	F5	S6	PMM
	k141_18058	1242	2084	-	blaZ	penicillin-hydrolyzing class A beta-lactamase BlaZ	core	AMR	AMR	BETA-LACTAM	BETA-LACTAM	BLASTX	281	281	100.0	99.29	281	WP_000733274.1	penicillin-hydrolyzing class A beta-lactamase BlaZ			SRR17140489	non-PMA	F5_S6	F5_S6	F5	S6	PMM
	k141_18058	2191	3945	+	blaR1	beta-lactam sensor/signal transducer BlaR1	core	AMR	AMR	BETA-LACTAM	BETA-LACTAM	BLASTX	585	585	100.0	99.49	585	WP_001096392.1	beta-lactam sensor/signal transducer BlaR1			SRR17140489	non-PMA	F5_S6	F5_S6	F5	S6	PMM
	k141_18058	3938	4315	+	blaI	penicillinase repressor BlaI	core	AMR	AMR	BETA-LACTAM	BETA-LACTAM	BLASTX	126	126	100.0	99.21	126	WP_001284656.1	penicillinase repressor BlaI			SRR17140489	non-PMA	F5_S6	F5_S6	F5	S6	PMM
	k141_21146	956	2872	+	tet(O)	tetracycline resistance ribosomal protection protein Tet(O)	core	AMR	AMR	TETRACYCLINE	TETRACYCLINE	BLASTX	639	639	100.0	99.69	639	WP_012669445.1	tetracycline resistance ribosomal protection protein Tet(O)			SRR17140489	non-PMA	F5_S6	F5_S6	F5	S6	PMM
	k141_22385	3	536	-	erm(F)	23S rRNA (adenine(2058)-N(6))-methyltransferase Erm(F)	core	AMR	AMR	LINCOSAMIDE/MACROLIDE/STREPTOGRAMIN	CLINDAMYCIN/MACROLIDE/STREPTOGRAMIN	PARTIAL_CONTIG_ENDX	178	266	66.92	99.44	178	WP_002682030.1	23S rRNA (adenine(2058)-N(6))-methyltransferase Erm(F)			SRR17140489	non-PMA	F5_S6	F5_S6	F5	S6	PMM
	k141_2360	1	630	+	cmx	chloramphenicol efflux MFS transporter Cmx	core	AMR	AMR	PHENICOL	CHLORAMPHENICOL	PARTIAL_CONTIG_ENDX	210	391	53.71	99.52	210	WP_005297378.1	chloramphenicol efflux MFS transporter Cmx			SRR17140489	non-PMA	F5_S6	F5_S6	F5	S6	PMM
	k141_24166	1	552	+	aadD1	aminoglycoside O-nucleotidyltransferase ANT(4')-Ia	core	AMR	AMR	AMINOGLYCOSIDE	KANAMYCIN/TOBRAMYCIN	PARTIAL_CONTIG_ENDX	184	253	72.73	100.0	184	WP_001014230.1	aminoglycoside O-nucleotidyltransferase ANT(4')-Ia			SRR17140489	non-PMA	F5_S6	F5_S6	F5	S6	PMM
	k141_24887	1135	2511	-	tet(K)	tetracycline efflux MFS transporter Tet(K)	core	AMR	AMR	TETRACYCLINE	TETRACYCLINE	EXACTX	459	459	100.0	100.0	459	WP_000492283.1	tetracycline efflux MFS transporter Tet(K)			SRR17140489	non-PMA	F5_S6	F5_S6	F5	S6	PMM
	k141_26023	1568	3109	+	qacA	quaternary ammonium compound efflux MFS transporter QacA	core	STRESS	BIOCIDE	QUATERNARY AMMONIUM	QUATERNARY AMMONIUM	EXACTX	514	514	100.0	100.0	514	WP_000622776.1	quaternary ammonium compound efflux MFS transporter QacA			SRR17140489	non-PMA	F5_S6	F5_S6	F5	S6	PMM
	k141_26338	246	521	+	fosD	fosfomycin resistance bacillithiol transferase FosD	core	AMR	AMR	FOSFOMYCIN	FOSFOMYCIN	PARTIAL_CONTIG_ENDX	92	139	66.19	100.0	92	WP_000616116.1	fosfomycin resistance bacillithiol transferase FosD			SRR17140489	non-PMA	F5_S6	F5_S6	F5	S6	PMM
	k141_26386	27	665	+	fusB	fusidic acid resistance EF-G-binding protein FusB	core	AMR	AMR	FUSIDIC ACID	FUSIDIC ACID	EXACTX	213	213	100.0	100.0	213	WP_000855537.1	fusidic acid resistance EF-G-binding protein FusB			SRR17140489	non-PMA	F5_S6	F5_S6	F5	S6	PMM
	k141_26389	655	1218	+	erm(A)	23S rRNA (adenine(2058)-N(6))-methyltransferase Erm(A)	core	AMR	AMR	LINCOSAMIDE/MACROLIDE	AZITHROMYCIN/CLARITHROMYCIN/CLINDAMYCIN/ERYTHROMYCIN/TELITHROMYCIN	PARTIAL_CONTIG_ENDX	188	243	77.37	100.0	188	WP_000810833.1	23S rRNA (adenine(2058)-N(6))-methyltransferase Erm(A)			SRR17140489	non-PMA	F5_S6	F5_S6	F5	S6	PMM
	k141_26777	297	779	+	lnu(A)	lincosamide nucleotidyltransferase Lnu(A)	core	AMR	AMR	LINCOSAMIDE	LINCOSAMIDE	BLASTX	161	161	100.0	96.89	161	WP_011428879.1	lincosamide nucleotidyltransferase Lnu(A)'			SRR17140489	non-PMA	F5_S6	F5_S6	F5	S6	PMM
	k141_27249	559	2022	+	msr(A)	ABC-F type ribosomal protection protein Msr(A)	core	AMR	AMR	MACROLIDE/STREPTOGRAMIN	ERYTHROMYCIN/STREPTOGRAMIN B	BLASTX	488	488	100.0	99.8	488	WP_000438874.1	ABC-F type ribosomal protection protein Msr(A)			SRR17140489	non-PMA	F5_S6	F5_S6	F5	S6	PMM
	k141_27249	2124	3020	+	mph(C)	Mph(C) family macrolide 2'-phosphotransferase	core	AMR	AMR	MACROLIDE	ERYTHROMYCIN/SPIRAMYCIN/TELITHROMYCIN	EXACTX	299	299	100.0	100.0	299	WP_000196697.1	Mph(C) family macrolide 2'-phosphotransferase			SRR17140489	non-PMA	F5_S6	F5_S6	F5	S6	PMM
	k141_33307	530	1261	-	erm(C)	23S rRNA (adenine(2058)-N(6))-methyltransferase Erm(C)	core	AMR	AMR	LINCOSAMIDE/MACROLIDE/STREPTOGRAMIN	CLINDAMYCIN/ERYTHROMYCIN/STREPTOGRAMIN B/TYLOSIN	EXACTX	244	244	100.0	100.0	244	WP_001003263.1	23S rRNA (adenine(2058)-N(6))-methyltransferase Erm(C)			SRR17140489	non-PMA	F5_S6	F5_S6	F5	S6	PMM
	k141_3770	1306	1626	+	qacG	quaternary ammonium compound efflux SMR transporter QacG	core	STRESS	BIOCIDE	QUATERNARY AMMONIUM	QUATERNARY AMMONIUM	BLASTX	107	107	100.0	99.07	107	WP_015740450.1	quaternary ammonium compound efflux SMR transporter QacG			SRR17140489	non-PMA	F5_S6	F5_S6	F5	S6	PMM
	k141_7111	76	444	+	mecI	mecA-type methicillin resistance repressor MecI	core	AMR	AMR	BETA-LACTAM	METHICILLIN	EXACTX	123	123	100.0	100.0	123	WP_000369214.1	mecA-type methicillin resistance repressor MecI			SRR17140489	non-PMA	F5_S6	F5_S6	F5	S6	PMM
	k141_8207	74	499	-	fosB	FosB family fosfomycin resistance bacillithiol transferase	core	AMR	AMR	FOSFOMYCIN	FOSFOMYCIN	BLASTX	142	142	100.0	95.07	142	WP_002437790.1	FosB family fosfomycin resistance bacillithiol transferase			SRR17140489	non-PMA	F5_S6	F5_S6	F5	S6	PMM
	k141_8613	163	483	+	qacC	quaternary ammonium compound efflux SMR transporter QacC	core	STRESS	BIOCIDE	QUATERNARY AMMONIUM	QUATERNARY AMMONIUM	EXACTX	107	107	100.0	100.0	107	WP_001146389.1	quaternary ammonium compound efflux SMR transporter QacC			SRR17140489	non-PMA	F5_S6	F5_S6	F5	S6	PMM
	k141_8741	186	746	-	erm(X)	23S rRNA (adenine(2058)-N(6))-methyltransferase Erm(X)	core	AMR	AMR	LINCOSAMIDE/MACROLIDE/STREPTOGRAMIN	AZITHROMYCIN/CLINDAMYCIN/ERYTHROMYCIN/LINCOMYCIN/STREPTOGRAMIN B/TYLOSIN	PARTIAL_CONTIG_ENDX	187	284	65.85	98.4	187	WP_063844894.1	23S rRNA (adenine(2058)-N(6))-methyltransferase Erm(X)			SRR17140489	non-PMA	F5_S6	F5_S6	F5	S6	PMM
	k141_8790	635	2200	+	vga(A)	ABC-F type ribosomal protection protein Vga(A)	core	AMR	AMR	LINCOSAMIDE	LINCOSAMIDE	EXACTX	522	522	100.0	100.0	522	WP_002440627.1	ABC-F type ribosomal protection protein Vga(A)			SRR17140489	non-PMA	F5_S6	F5_S6	F5	S6	PMM
	k141_9795	291	551	-	blaI	penicillinase repressor BlaI	core	AMR	AMR	BETA-LACTAM	BETA-LACTAM	PARTIAL_CONTIG_ENDX	87	126	69.05	96.55	87	WP_001284656.1	penicillinase repressor BlaI			SRR17140489	non-PMA	F5_S6	F5_S6	F5	S6	PMM
	k141_9836	1537	1962	-	fosB	FosB family fosfomycin resistance bacillithiol transferase	core	AMR	AMR	FOSFOMYCIN	FOSFOMYCIN	BLASTX	142	142	100.0	99.3	142	WP_002437790.1	FosB family fosfomycin resistance bacillithiol transferase			SRR17140489	non-PMA	F5_S6	F5_S6	F5	S6	PMM
	k141_10245	1505	2347	-	blaZ	penicillin-hydrolyzing class A beta-lactamase BlaZ	core	AMR	AMR	BETA-LACTAM	BETA-LACTAM	BLASTX	281	281	100.0	99.29	281	WP_000733274.1	penicillin-hydrolyzing class A beta-lactamase BlaZ			SRR17140491	non-PMA	F5_S5	F5_S5	F5	S5	Overhead 4
	k141_16226	1608	3068	-	msr(D)	ABC-F type ribosomal protection protein Msr(D)	core	AMR	AMR	MACROLIDE/STREPTOGRAMIN	AZITHROMYCIN/ERYTHROMYCIN/STREPTOGRAMIN B	EXACTX	487	487	100.0	100.0	487	WP_000420313.1	ABC-F type ribosomal protection protein Msr(D)			SRR17140491	non-PMA	F5_S5	F5_S5	F5	S5	Overhead 4
	k141_16226	3191	4405	-	mef(A)	macrolide efflux MFS transporter Mef(A)	core	AMR	AMR	MACROLIDE	AZITHROMYCIN/ERYTHROMYCIN	EXACTX	405	405	100.0	100.0	405	WP_000417519.1	macrolide efflux MFS transporter Mef(A)			SRR17140491	non-PMA	F5_S5	F5_S5	F5	S5	Overhead 4
	k141_16793	2	550	+	blaZ	penicillin-hydrolyzing class A beta-lactamase BlaZ	core	AMR	AMR	BETA-LACTAM	BETA-LACTAM	PARTIAL_CONTIG_ENDX	183	281	65.12	95.08	183	WP_000733281.1	penicillin-hydrolyzing class A beta-lactamase BlaZ			SRR17140491	non-PMA	F5_S5	F5_S5	F5	S5	Overhead 4
	k141_17896	2373	3029	+	catA16	type A-16 chloramphenicol O-acetyltransferase CatQ	core	AMR	AMR	PHENICOL	CHLORAMPHENICOL	BLASTX	219	219	100.0	98.63	219	WP_063843221.1	type A-16 chloramphenicol O-acetyltransferase CatQ			SRR17140491	non-PMA	F5_S5	F5_S5	F5	S5	Overhead 4
	k141_20838	538	1389	-	erm(X)	23S rRNA (adenine(2058)-N(6))-methyltransferase Erm(X)	core	AMR	AMR	LINCOSAMIDE/MACROLIDE/STREPTOGRAMIN	AZITHROMYCIN/CLINDAMYCIN/ERYTHROMYCIN/LINCOMYCIN/STREPTOGRAMIN B/TYLOSIN	BLASTX	284	284	100.0	97.54	284	WP_011117480.1	23S rRNA (adenine(2058)-N(6))-methyltransferase Erm(X)			SRR17140491	non-PMA	F5_S5	F5_S5	F5	S5	Overhead 4
	k141_31329	57257	57682	-	fosB	FosB family fosfomycin resistance bacillithiol transferase	core	AMR	AMR	FOSFOMYCIN	FOSFOMYCIN	BLASTX	142	142	100.0	95.77	142	WP_002437790.1	FosB family fosfomycin resistance bacillithiol transferase			SRR17140491	non-PMA	F5_S5	F5_S5	F5	S5	Overhead 4
	k141_32879	780	2345	-	vga(A)	ABC-F type ribosomal protection protein Vga(A)	core	AMR	AMR	LINCOSAMIDE	LINCOSAMIDE	EXACTX	522	522	100.0	100.0	522	WP_002440627.1	ABC-F type ribosomal protection protein Vga(A)			SRR17140491	non-PMA	F5_S5	F5_S5	F5	S5	Overhead 4
	k141_34556	724	1455	+	erm(C)	23S rRNA (adenine(2058)-N(6))-methyltransferase Erm(C)	core	AMR	AMR	LINCOSAMIDE/MACROLIDE/STREPTOGRAMIN	CLINDAMYCIN/ERYTHROMYCIN/STREPTOGRAMIN B/TYLOSIN	EXACTX	244	244	100.0	100.0	244	WP_001003263.1	23S rRNA (adenine(2058)-N(6))-methyltransferase Erm(C)			SRR17140491	non-PMA	F5_S5	F5_S5	F5	S5	Overhead 4
	k141_3460	3	1319	+	blaR1	beta-lactam sensor/signal transducer BlaR1	core	AMR	AMR	BETA-LACTAM	BETA-LACTAM	PARTIAL_CONTIG_ENDX	439	585	75.04	99.32	439	WP_001096386.1	beta-lactam sensor/signal transducer BlaR1			SRR17140491	non-PMA	F5_S5	F5_S5	F5	S5	Overhead 4
	k141_3460	1312	1689	+	blaI	penicillinase repressor BlaI	core	AMR	AMR	BETA-LACTAM	BETA-LACTAM	BLASTX	126	126	100.0	99.21	126	WP_001284656.1	penicillinase repressor BlaI			SRR17140491	non-PMA	F5_S5	F5_S5	F5	S5	Overhead 4
	k141_37946	16	1458	-	tetA(46)	tetracycline efflux ABC transporter Tet(46) subunit A	core	AMR	AMR	TETRACYCLINE	TETRACYCLINE	PARTIALX	481	574	83.8	98.13	481	WP_063856469.1	tetracycline efflux ABC transporter Tet(46) subunit A			SRR17140491	non-PMA	F5_S5	F5_S5	F5	S5	Overhead 4
	k141_38843	3	875	+	tet(K)	tetracycline efflux MFS transporter Tet(K)	core	AMR	AMR	TETRACYCLINE	TETRACYCLINE	PARTIAL_CONTIG_ENDX	291	459	63.4	99.66	291	WP_000492283.1	tetracycline efflux MFS transporter Tet(K)			SRR17140491	non-PMA	F5_S5	F5_S5	F5	S5	Overhead 4
	k141_41177	1789	3330	+	qacA	quaternary ammonium compound efflux MFS transporter QacA	core	STRESS	BIOCIDE	QUATERNARY AMMONIUM	QUATERNARY AMMONIUM	BLASTX	514	514	100.0	99.22	514	WP_000622776.1	quaternary ammonium compound efflux MFS transporter QacA			SRR17140491	non-PMA	F5_S5	F5_S5	F5	S5	Overhead 4
	k141_42497	317	919	-	cfxA	CfxA family broad-spectrum class A beta-lactamase	core	AMR	AMR	BETA-LACTAM	BETA-LACTAM	PARTIAL_CONTIG_ENDX	201	321	62.62	100.0	201	WP_004339683.1	CfxA family broad-spectrum class A beta-lactamase			SRR17140491	non-PMA	F5_S5	F5_S5	F5	S5	Overhead 4
	k141_45411	1531	2427	-	mph(C)	Mph(C) family macrolide 2'-phosphotransferase	core	AMR	AMR	MACROLIDE	ERYTHROMYCIN/SPIRAMYCIN/TELITHROMYCIN	EXACTX	299	299	100.0	100.0	299	WP_000196697.1	Mph(C) family macrolide 2'-phosphotransferase			SRR17140491	non-PMA	F5_S5	F5_S5	F5	S5	Overhead 4
	k141_45411	2529	3992	-	msr(A)	ABC-F type ribosomal protection protein Msr(A)	core	AMR	AMR	MACROLIDE/STREPTOGRAMIN	ERYTHROMYCIN/STREPTOGRAMIN B	BLASTX	488	488	100.0	99.8	488	WP_000438874.1	ABC-F type ribosomal protection protein Msr(A)			SRR17140491	non-PMA	F5_S5	F5_S5	F5	S5	Overhead 4
	k141_47494	2	1012	+	tet(M)	tetracycline resistance ribosomal protection protein Tet(M)	core	AMR	AMR	TETRACYCLINE	TETRACYCLINE	PARTIAL_CONTIG_ENDX	337	639	52.74	100.0	337	WP_002414694.1	tetracycline resistance ribosomal protection protein Tet(M)			SRR17140491	non-PMA	F5_S5	F5_S5	F5	S5	Overhead 4
	k141_47518	2	1012	+	tet(M)	tetracycline resistance ribosomal protection protein Tet(M)	core	AMR	AMR	TETRACYCLINE	TETRACYCLINE	PARTIAL_CONTIG_ENDX	337	639	52.74	99.41	337	WP_043029018.1	tetracycline resistance ribosomal protection protein Tet(M)			SRR17140491	non-PMA	F5_S5	F5_S5	F5	S5	Overhead 4
	k141_5806	10866	11600	-	erm(B)	23S rRNA (adenine(2058)-N(6))-methyltransferase Erm(B)	core	AMR	AMR	LINCOSAMIDE/MACROLIDE/STREPTOGRAMIN	CLINDAMYCIN/ERYTHROMYCIN/STREPTOGRAMIN B	EXACTX	245	245	100.0	100.0	245	WP_001038790.1	23S rRNA (adenine(2058)-N(6))-methyltransferase Erm(B)			SRR17140491	non-PMA	F5_S5	F5_S5	F5	S5	Overhead 4
	k141_7262	704	1024	-	qacC	quaternary ammonium compound efflux SMR transporter QacC	core	STRESS	BIOCIDE	QUATERNARY AMMONIUM	QUATERNARY AMMONIUM	EXACTX	107	107	100.0	100.0	107	WP_001146389.1	quaternary ammonium compound efflux SMR transporter QacC			SRR17140491	non-PMA	F5_S5	F5_S5	F5	S5	Overhead 4
	k141_9138	2	1414	-	tetB(46)	tetracycline efflux ABC transporter Tet(46) subunit B	core	AMR	AMR	TETRACYCLINE	TETRACYCLINE	PARTIAL_CONTIG_ENDX	471	578	81.49	96.6	471	WP_048717443.1	tetracycline efflux ABC transporter Tet(46) subunit B			SRR17140491	non-PMA	F5_S5	F5_S5	F5	S5	Overhead 4
	k141_9602	90	1622	+	tetA(46)	tetracycline efflux ABC transporter Tet(46) subunit A	core	AMR	AMR	TETRACYCLINE	TETRACYCLINE	PARTIALX	511	574	89.02	94.91	511	WP_063856469.1	tetracycline efflux ABC transporter Tet(46) subunit A			SRR17140491	non-PMA	F5_S5	F5_S5	F5	S5	Overhead 4
	k141_9602	1627	3360	+	tetB(46)	tetracycline efflux ABC transporter Tet(46) subunit B	core	AMR	AMR	TETRACYCLINE	TETRACYCLINE	BLASTX	578	578	100.0	94.81	578	WP_048717443.1	tetracycline efflux ABC transporter Tet(46) subunit B			SRR17140491	non-PMA	F5_S5	F5_S5	F5	S5	Overhead 4
	k141_10436	1118	1960	-	blaZ	penicillin-hydrolyzing class A beta-lactamase BlaZ	core	AMR	AMR	BETA-LACTAM	BETA-LACTAM	BLASTX	281	281	100.0	94.31	281	WP_000733281.1	penicillin-hydrolyzing class A beta-lactamase BlaZ			SRR17140493	non-PMA	F5_S4	F5_S4	F5	S4	Dining table
	k141_11738	1335	2549	+	mef(A)	macrolide efflux MFS transporter Mef(A)	core	AMR	AMR	MACROLIDE	AZITHROMYCIN/ERYTHROMYCIN	EXACTX	405	405	100.0	100.0	405	WP_000417519.1	macrolide efflux MFS transporter Mef(A)			SRR17140493	non-PMA	F5_S4	F5_S4	F5	S4	Dining table
	k141_11738	2672	4132	+	msr(D)	ABC-F type ribosomal protection protein Msr(D)	core	AMR	AMR	MACROLIDE/STREPTOGRAMIN	AZITHROMYCIN/ERYTHROMYCIN/STREPTOGRAMIN B	EXACTX	487	487	100.0	100.0	487	WP_000420313.1	ABC-F type ribosomal protection protein Msr(D)			SRR17140493	non-PMA	F5_S4	F5_S4	F5	S4	Dining table
	k141_12942	2	1654	+	blaR1	beta-lactam sensor/signal transducer BlaR1	core	AMR	AMR	BETA-LACTAM	BETA-LACTAM	BLASTX	551	585	94.19	98.37	551	WP_001096386.1	beta-lactam sensor/signal transducer BlaR1			SRR17140493	non-PMA	F5_S4	F5_S4	F5	S4	Dining table
	k141_12942	1647	2024	+	blaI	penicillinase repressor BlaI	core	AMR	AMR	BETA-LACTAM	BETA-LACTAM	BLASTX	126	126	100.0	99.21	126	WP_001284656.1	penicillinase repressor BlaI			SRR17140493	non-PMA	F5_S4	F5_S4	F5	S4	Dining table
	k141_13003	3	308	-	lnu(A)	lincosamide nucleotidyltransferase Lnu(A)	core	AMR	AMR	LINCOSAMIDE	LINCOSAMIDE	PARTIAL_CONTIG_ENDX	102	161	63.35	99.02	102	WP_000700648.1	lincosamide nucleotidyltransferase Lnu(A)			SRR17140493	non-PMA	F5_S4	F5_S4	F5	S4	Dining table
	k141_14505	2	748	-	erm(X)	23S rRNA (adenine(2058)-N(6))-methyltransferase Erm(X)	core	AMR	AMR	LINCOSAMIDE/MACROLIDE/STREPTOGRAMIN	AZITHROMYCIN/CLINDAMYCIN/ERYTHROMYCIN/LINCOMYCIN/STREPTOGRAMIN B/TYLOSIN	PARTIAL_CONTIG_ENDX	249	284	87.68	98.8	249	WP_063844894.1	23S rRNA (adenine(2058)-N(6))-methyltransferase Erm(X)			SRR17140493	non-PMA	F5_S4	F5_S4	F5	S4	Dining table
	k141_18518	900	1220	+	qacC	quaternary ammonium compound efflux SMR transporter QacC	core	STRESS	BIOCIDE	QUATERNARY AMMONIUM	QUATERNARY AMMONIUM	EXACTX	107	107	100.0	100.0	107	WP_001146389.1	quaternary ammonium compound efflux SMR transporter QacC			SRR17140493	non-PMA	F5_S4	F5_S4	F5	S4	Dining table
	k141_19313	1344	1760	+	fosD	fosfomycin resistance bacillithiol transferase FosD	core	AMR	AMR	FOSFOMYCIN	FOSFOMYCIN	EXACTX	139	139	100.0	100.0	139	WP_000616116.1	fosfomycin resistance bacillithiol transferase FosD			SRR17140493	non-PMA	F5_S4	F5_S4	F5	S4	Dining table
	k141_22494	1	894	+	vga(A)	ABC-F type ribosomal protection protein Vga(A)	core	AMR	AMR	LINCOSAMIDE	LINCOSAMIDE	PARTIAL_CONTIG_ENDX	298	522	57.09	99.66	298	WP_002440627.1	ABC-F type ribosomal protection protein Vga(A)			SRR17140493	non-PMA	F5_S4	F5_S4	F5	S4	Dining table
	k141_22525	3	224	+	fosB	FosB family fosfomycin resistance bacillithiol transferase	core	AMR	AMR	FOSFOMYCIN	FOSFOMYCIN	PARTIAL_CONTIG_ENDX	74	142	52.11	100.0	74	WP_002467687.1	FosB family fosfomycin resistance bacillithiol transferase			SRR17140493	non-PMA	F5_S4	F5_S4	F5	S4	Dining table
	k141_2269	394	1236	+	blaZ	penicillin-hydrolyzing class A beta-lactamase BlaZ	core	AMR	AMR	BETA-LACTAM	BETA-LACTAM	BLASTX	281	281	100.0	99.64	281	WP_000733274.1	penicillin-hydrolyzing class A beta-lactamase BlaZ			SRR17140493	non-PMA	F5_S4	F5_S4	F5	S4	Dining table
	k141_23581	351	1082	-	erm(C)	23S rRNA (adenine(2058)-N(6))-methyltransferase Erm(C)	core	AMR	AMR	LINCOSAMIDE/MACROLIDE/STREPTOGRAMIN	CLINDAMYCIN/ERYTHROMYCIN/STREPTOGRAMIN B/TYLOSIN	EXACTX	244	244	100.0	100.0	244	WP_001003263.1	23S rRNA (adenine(2058)-N(6))-methyltransferase Erm(C)			SRR17140493	non-PMA	F5_S4	F5_S4	F5	S4	Dining table
	k141_3391	3	914	-	tet(K)	tetracycline efflux MFS transporter Tet(K)	core	AMR	AMR	TETRACYCLINE	TETRACYCLINE	PARTIAL_CONTIG_ENDX	304	459	66.23	100.0	304	WP_000492283.1	tetracycline efflux MFS transporter Tet(K)			SRR17140493	non-PMA	F5_S4	F5_S4	F5	S4	Dining table
	k141_5053	241	501	+	fosB	FosB family fosfomycin resistance bacillithiol transferase	core	AMR	AMR	FOSFOMYCIN	FOSFOMYCIN	PARTIAL_CONTIG_ENDX	87	142	61.27	95.4	87	WP_002437790.1	FosB family fosfomycin resistance bacillithiol transferase			SRR17140493	non-PMA	F5_S4	F5_S4	F5	S4	Dining table
	k141_8616	2112	3575	+	msr(A)	ABC-F type ribosomal protection protein Msr(A)	core	AMR	AMR	MACROLIDE/STREPTOGRAMIN	ERYTHROMYCIN/STREPTOGRAMIN B	BLASTX	488	488	100.0	99.39	488	WP_000438874.1	ABC-F type ribosomal protection protein Msr(A)			SRR17140493	non-PMA	F5_S4	F5_S4	F5	S4	Dining table
	k141_8616	3677	4573	+	mph(C)	Mph(C) family macrolide 2'-phosphotransferase	core	AMR	AMR	MACROLIDE	ERYTHROMYCIN/SPIRAMYCIN/TELITHROMYCIN	EXACTX	299	299	100.0	100.0	299	WP_000196697.1	Mph(C) family macrolide 2'-phosphotransferase			SRR17140493	non-PMA	F5_S4	F5_S4	F5	S4	Dining table
	k141_12275	8460	9188	+	erm(44)v	23S rRNA (adenine(2058)-N(6))-methyltransferase Erm(44)v	core	AMR	AMR	LINCOSAMIDE/MACROLIDE	CLINDAMYCIN/ERYTHROMYCIN	EXACTX	243	243	100.0	100.0	243	WP_041079981.1	23S rRNA (adenine(2058)-N(6))-methyltransferase Erm(44)v			SRR17140495	non-PMA	F5_S3	F5_S3	F5	S3	Exercise platform
	k141_12278	304	1038	-	erm(B)	23S rRNA (adenine(2058)-N(6))-methyltransferase Erm(B)	core	AMR	AMR	LINCOSAMIDE/MACROLIDE/STREPTOGRAMIN	CLINDAMYCIN/ERYTHROMYCIN/STREPTOGRAMIN B	EXACTX	245	245	100.0	100.0	245	WP_001038790.1	23S rRNA (adenine(2058)-N(6))-methyltransferase Erm(B)			SRR17140495	non-PMA	F5_S3	F5_S3	F5	S3	Exercise platform
	k141_12295	1	1083	+	mecR1	beta-lactam sensor/signal transducer MecR1	core	AMR	AMR	BETA-LACTAM	METHICILLIN	PARTIAL_CONTIG_ENDX	361	585	61.71	100.0	361	WP_000952923.1	beta-lactam sensor/signal transducer MecR1			SRR17140495	non-PMA	F5_S3	F5_S3	F5	S3	Exercise platform
	k141_14924	359	1117	-	aadD1	aminoglycoside O-nucleotidyltransferase ANT(4')-Ia	core	AMR	AMR	AMINOGLYCOSIDE	KANAMYCIN/TOBRAMYCIN	EXACTX	253	253	100.0	100.0	253	WP_001014230.1	aminoglycoside O-nucleotidyltransferase ANT(4')-Ia			SRR17140495	non-PMA	F5_S3	F5_S3	F5	S3	Exercise platform
	k141_1630	4658	6118	-	msr(D)	ABC-F type ribosomal protection protein Msr(D)	core	AMR	AMR	MACROLIDE/STREPTOGRAMIN	AZITHROMYCIN/ERYTHROMYCIN/STREPTOGRAMIN B	EXACTX	487	487	100.0	100.0	487	WP_000420313.1	ABC-F type ribosomal protection protein Msr(D)			SRR17140495	non-PMA	F5_S3	F5_S3	F5	S3	Exercise platform
	k141_1630	6241	7317	-	mef(A)	macrolide efflux MFS transporter Mef(A)	core	AMR	AMR	MACROLIDE	AZITHROMYCIN/ERYTHROMYCIN	PARTIAL_CONTIG_ENDX	359	405	88.64	100.0	359	WP_000417519.1	macrolide efflux MFS transporter Mef(A)			SRR17140495	non-PMA	F5_S3	F5_S3	F5	S3	Exercise platform
	k141_21036	1156	2721	-	vga(A)	ABC-F type ribosomal protection protein Vga(A)	core	AMR	AMR	LINCOSAMIDE	LINCOSAMIDE	BLASTX	522	522	100.0	99.81	522	WP_002440627.1	ABC-F type ribosomal protection protein Vga(A)			SRR17140495	non-PMA	F5_S3	F5_S3	F5	S3	Exercise platform
	k141_21589	643	1017	+	blaI	penicillinase repressor BlaI	core	AMR	AMR	BETA-LACTAM	BETA-LACTAM	BLASTX	125	126	99.21	96.0	125	WP_001284656.1	penicillinase repressor BlaI			SRR17140495	non-PMA	F5_S3	F5_S3	F5	S3	Exercise platform
	k141_22914	554	1396	+	blaZ	penicillin-hydrolyzing class A beta-lactamase BlaZ	core	AMR	AMR	BETA-LACTAM	BETA-LACTAM	BLASTX	281	281	100.0	94.31	281	WP_000733275.1	penicillin-hydrolyzing class A beta-lactamase BlaZ			SRR17140495	non-PMA	F5_S3	F5_S3	F5	S3	Exercise platform
	k141_23838	3241	3972	+	erm(C)	23S rRNA (adenine(2058)-N(6))-methyltransferase Erm(C)	core	AMR	AMR	LINCOSAMIDE/MACROLIDE/STREPTOGRAMIN	CLINDAMYCIN/ERYTHROMYCIN/STREPTOGRAMIN B/TYLOSIN	EXACTX	244	244	100.0	100.0	244	WP_001003263.1	23S rRNA (adenine(2058)-N(6))-methyltransferase Erm(C)			SRR17140495	non-PMA	F5_S3	F5_S3	F5	S3	Exercise platform
	k141_23979	1635	2117	+	lnu(A)'	lincosamide nucleotidyltransferase Lnu(A)'	core	AMR	AMR	LINCOSAMIDE	LINCOSAMIDE	ALLELEX	161	161	100.0	100.0	161	WP_011428879.1	lincosamide nucleotidyltransferase Lnu(A)'			SRR17140495	non-PMA	F5_S3	F5_S3	F5	S3	Exercise platform
	k141_24793	93	518	+	fosB	FosB family fosfomycin resistance bacillithiol transferase	core	AMR	AMR	FOSFOMYCIN	FOSFOMYCIN	BLASTX	142	142	100.0	92.96	142	WP_002467687.1	FosB family fosfomycin resistance bacillithiol transferase			SRR17140495	non-PMA	F5_S3	F5_S3	F5	S3	Exercise platform
	k141_24813	3216	3641	+	fosB	FosB family fosfomycin resistance bacillithiol transferase	core	AMR	AMR	FOSFOMYCIN	FOSFOMYCIN	BLASTX	142	142	100.0	97.18	142	WP_002437790.1	FosB family fosfomycin resistance bacillithiol transferase			SRR17140495	non-PMA	F5_S3	F5_S3	F5	S3	Exercise platform
	k141_24903	1	1278	+	pbp2m	penicillin-binding protein PBP2M	core	AMR	AMR	BETA-LACTAM	BETA-LACTAM	PARTIAL_CONTIG_ENDX	426	593	71.84	99.77	426	WP_049151672.1	penicillin-binding protein PBP2M			SRR17140495	non-PMA	F5_S3	F5_S3	F5	S3	Exercise platform
	k141_25919	94	576	-	lnu(A)	lincosamide nucleotidyltransferase Lnu(A)	core	AMR	AMR	LINCOSAMIDE	LINCOSAMIDE	BLASTX	161	161	100.0	99.38	161	WP_011645010.1	lincosamide nucleotidyltransferase Lnu(A)			SRR17140495	non-PMA	F5_S3	F5_S3	F5	S3	Exercise platform
	k141_26323	43070	43708	-	fusD	FusD family fusidic acid resistance EF-G-binding protein	core	AMR	AMR	FUSIDIC ACID	FUSIDIC ACID	BLASTX	213	213	100.0	98.12	213	WP_011303797.1	FusD family fusidic acid resistance EF-G-binding protein			SRR17140495	non-PMA	F5_S3	F5_S3	F5	S3	Exercise platform
	k141_26881	220	507	-	bleO	bleomycin binding protein	core	AMR	AMR	BLEOMYCIN	BLEOMYCIN	PARTIAL_CONTIG_ENDX	96	134	71.64	100.0	96	WP_001242578.1	bleomycin binding protein			SRR17140495	non-PMA	F5_S3	F5_S3	F5	S3	Exercise platform
	k141_27461	171	1022	+	erm(X)	23S rRNA (adenine(2058)-N(6))-methyltransferase Erm(X)	core	AMR	AMR	LINCOSAMIDE/MACROLIDE/STREPTOGRAMIN	AZITHROMYCIN/CLINDAMYCIN/ERYTHROMYCIN/LINCOMYCIN/STREPTOGRAMIN B/TYLOSIN	BLASTX	284	284	100.0	99.65	284	WP_011117480.1	23S rRNA (adenine(2058)-N(6))-methyltransferase Erm(X)			SRR17140495	non-PMA	F5_S3	F5_S3	F5	S3	Exercise platform
	k141_28711	3	785	+	cmx	chloramphenicol efflux MFS transporter Cmx	core	AMR	AMR	PHENICOL	CHLORAMPHENICOL	PARTIAL_CONTIG_ENDX	261	391	66.75	100.0	261	WP_011113071.1	chloramphenicol efflux MFS transporter Cmx			SRR17140495	non-PMA	F5_S3	F5_S3	F5	S3	Exercise platform
	k141_32043	5142	6038	-	mph(C)	Mph(C) family macrolide 2'-phosphotransferase	core	AMR	AMR	MACROLIDE	ERYTHROMYCIN/SPIRAMYCIN/TELITHROMYCIN	EXACTX	299	299	100.0	100.0	299	WP_000196697.1	Mph(C) family macrolide 2'-phosphotransferase			SRR17140495	non-PMA	F5_S3	F5_S3	F5	S3	Exercise platform
	k141_32043	6140	7603	-	msr(A)	ABC-F type ribosomal protection protein Msr(A)	core	AMR	AMR	MACROLIDE/STREPTOGRAMIN	ERYTHROMYCIN/STREPTOGRAMIN B	BLASTX	488	488	100.0	99.8	488	WP_000438874.1	ABC-F type ribosomal protection protein Msr(A)			SRR17140495	non-PMA	F5_S3	F5_S3	F5	S3	Exercise platform
	k141_32471	162	800	-	fusB	fusidic acid resistance EF-G-binding protein FusB	core	AMR	AMR	FUSIDIC ACID	FUSIDIC ACID	EXACTX	213	213	100.0	100.0	213	WP_000855537.1	fusidic acid resistance EF-G-binding protein FusB			SRR17140495	non-PMA	F5_S3	F5_S3	F5	S3	Exercise platform
	k141_32570	1	480	+	aph(3')-Ia	aminoglycoside O-phosphotransferase APH(3')-Ia	core	AMR	AMR	AMINOGLYCOSIDE	KANAMYCIN	PARTIAL_CONTIG_ENDX	160	271	59.04	100.0	160	WP_000018326.1	aminoglycoside O-phosphotransferase APH(3')-Ia			SRR17140495	non-PMA	F5_S3	F5_S3	F5	S3	Exercise platform
	k141_33080	2401	2778	-	blaI	penicillinase repressor BlaI	core	AMR	AMR	BETA-LACTAM	BETA-LACTAM	BLASTX	126	126	100.0	99.21	126	WP_001284656.1	penicillinase repressor BlaI			SRR17140495	non-PMA	F5_S3	F5_S3	F5	S3	Exercise platform
	k141_33080	2771	4219	-	blaR1	beta-lactam sensor/signal transducer BlaR1	core	AMR	AMR	BETA-LACTAM	BETA-LACTAM	PARTIAL_CONTIG_ENDX	483	585	82.56	98.76	483	WP_001096386.1	beta-lactam sensor/signal transducer BlaR1			SRR17140495	non-PMA	F5_S3	F5_S3	F5	S3	Exercise platform
	k141_34347	94	576	-	lnu(A)	lincosamide nucleotidyltransferase Lnu(A)	core	AMR	AMR	LINCOSAMIDE	LINCOSAMIDE	EXACTX	161	161	100.0	100.0	161	WP_000700648.1	lincosamide nucleotidyltransferase Lnu(A)			SRR17140495	non-PMA	F5_S3	F5_S3	F5	S3	Exercise platform
	k141_3534	2531	4003	+	tet(M)	tetracycline resistance ribosomal protection protein Tet(M)	core	AMR	AMR	TETRACYCLINE	TETRACYCLINE	PARTIAL_CONTIG_ENDX	491	639	76.84	99.59	491	WP_000691743.1	tetracycline resistance ribosomal protection protein Tet(M)			SRR17140495	non-PMA	F5_S3	F5_S3	F5	S3	Exercise platform
	k141_36387	2943	4319	+	tet(K)	tetracycline efflux MFS transporter Tet(K)	core	AMR	AMR	TETRACYCLINE	TETRACYCLINE	EXACTX	459	459	100.0	100.0	459	WP_000492283.1	tetracycline efflux MFS transporter Tet(K)			SRR17140495	non-PMA	F5_S3	F5_S3	F5	S3	Exercise platform
	k141_3904	1146	1997	+	erm(X)	23S rRNA (adenine(2058)-N(6))-methyltransferase Erm(X)	core	AMR	AMR	LINCOSAMIDE/MACROLIDE/STREPTOGRAMIN	AZITHROMYCIN/CLINDAMYCIN/ERYTHROMYCIN/LINCOMYCIN/STREPTOGRAMIN B/TYLOSIN	BLASTX	284	284	100.0	98.94	284	WP_063844894.1	23S rRNA (adenine(2058)-N(6))-methyltransferase Erm(X)			SRR17140495	non-PMA	F5_S3	F5_S3	F5	S3	Exercise platform
	k141_5185	168	812	-	catA	type A-8 chloramphenicol O-acetyltransferase	core	AMR	AMR	PHENICOL	CHLORAMPHENICOL	EXACTX	215	215	100.0	100.0	215	WP_000143686.1	type A-8 chloramphenicol O-acetyltransferase			SRR17140495	non-PMA	F5_S3	F5_S3	F5	S3	Exercise platform
	k141_9210	1944	2264	+	qacC	quaternary ammonium compound efflux SMR transporter QacC	core	STRESS	BIOCIDE	QUATERNARY AMMONIUM	QUATERNARY AMMONIUM	EXACTX	107	107	100.0	100.0	107	WP_001146389.1	quaternary ammonium compound efflux SMR transporter QacC			SRR17140495	non-PMA	F5_S3	F5_S3	F5	S3	Exercise platform
	k141_9369	1751	2593	-	blaZ	penicillin-hydrolyzing class A beta-lactamase BlaZ	core	AMR	AMR	BETA-LACTAM	BETA-LACTAM	BLASTX	281	281	100.0	98.93	281	WP_000733274.1	penicillin-hydrolyzing class A beta-lactamase BlaZ			SRR17140495	non-PMA	F5_S3	F5_S3	F5	S3	Exercise platform
	k141_9518	796	2337	+	qacA	quaternary ammonium compound efflux MFS transporter QacA	core	STRESS	BIOCIDE	QUATERNARY AMMONIUM	QUATERNARY AMMONIUM	BLASTX	514	514	100.0	99.61	514	WP_000622776.1	quaternary ammonium compound efflux MFS transporter QacA			SRR17140495	non-PMA	F5_S3	F5_S3	F5	S3	Exercise platform
	k141_10752	3	527	+	blaCSP	CSP family class A beta-lactamase	core	AMR	AMR	BETA-LACTAM	CEPHALOSPORIN	PARTIAL_CONTIG_ENDX	175	305	57.38	99.43	175	WP_063859920.1	extended-spectrum class A beta-lactamase CSP-1			SRR17140496	non-PMA	F4_S2	F4_S2	F4	S2	Waste compartment
	k141_11378	1597	3513	-	tet(W)	tetracycline resistance ribosomal protection protein Tet(W)	core	AMR	AMR	TETRACYCLINE	TETRACYCLINE	BLASTX	639	639	100.0	99.06	639	WP_002586627.1	tetracycline resistance ribosomal protection protein Tet(W)			SRR17140496	non-PMA	F4_S2	F4_S2	F4	S2	Waste compartment
	k141_11554	1425	2639	+	mef(A)	macrolide efflux MFS transporter Mef(A)	core	AMR	AMR	MACROLIDE	AZITHROMYCIN/ERYTHROMYCIN	EXACTX	405	405	100.0	100.0	405	WP_000417519.1	macrolide efflux MFS transporter Mef(A)			SRR17140496	non-PMA	F4_S2	F4_S2	F4	S2	Waste compartment
	k141_11554	2762	4222	+	msr(D)	ABC-F type ribosomal protection protein Msr(D)	core	AMR	AMR	MACROLIDE/STREPTOGRAMIN	AZITHROMYCIN/ERYTHROMYCIN/STREPTOGRAMIN B	EXACTX	487	487	100.0	100.0	487	WP_000420313.1	ABC-F type ribosomal protection protein Msr(D)			SRR17140496	non-PMA	F4_S2	F4_S2	F4	S2	Waste compartment
	k141_13441	2	1378	-	tetB(46)	tetracycline efflux ABC transporter Tet(46) subunit B	core	AMR	AMR	TETRACYCLINE	TETRACYCLINE	PARTIAL_CONTIG_ENDX	459	578	79.41	91.29	459	WP_048717443.1	tetracycline efflux ABC transporter Tet(46) subunit B			SRR17140496	non-PMA	F4_S2	F4_S2	F4	S2	Waste compartment
	k141_14406	1	1713	+	tetB(60)	tetracycline efflux ABC transporter Tet(60) subunit B	core	AMR	AMR	TETRACYCLINE	TETRACYCLINE	BLASTX	571	579	98.62	97.55	571	WP_289811733.1	tetracycline efflux ABC transporter Tet(60) subunit B			SRR17140496	non-PMA	F4_S2	F4_S2	F4	S2	Waste compartment
	k141_15060	1	1290	-	tet(M)	tetracycline resistance ribosomal protection protein Tet(M)	core	AMR	AMR	TETRACYCLINE	TETRACYCLINE	PARTIAL_CONTIG_ENDX	430	639	67.29	99.53	430	WP_000691736.1	tetracycline resistance ribosomal protection protein Tet(M)			SRR17140496	non-PMA	F4_S2	F4_S2	F4	S2	Waste compartment
	k141_16031	8187	9728	+	qacB	quaternary ammonium compound efflux MFS transporter QacB	core	STRESS	BIOCIDE	QUATERNARY AMMONIUM	QUATERNARY AMMONIUM	BLASTX	514	514	100.0	99.61	514	WP_000622778.1	quaternary ammonium compound efflux MFS transporter QacB			SRR17140496	non-PMA	F4_S2	F4_S2	F4	S2	Waste compartment
	k141_16663	127	939	+	aph(3')-Ia	aminoglycoside O-phosphotransferase APH(3')-Ia	core	AMR	AMR	AMINOGLYCOSIDE	KANAMYCIN	EXACTX	271	271	100.0	100.0	271	WP_000018326.1	aminoglycoside O-phosphotransferase APH(3')-Ia			SRR17140496	non-PMA	F4_S2	F4_S2	F4	S2	Waste compartment
	k141_18033	443	1201	+	aadD1	aminoglycoside O-nucleotidyltransferase ANT(4')-Ia	core	AMR	AMR	AMINOGLYCOSIDE	KANAMYCIN/TOBRAMYCIN	EXACTX	253	253	100.0	100.0	253	WP_001014230.1	aminoglycoside O-nucleotidyltransferase ANT(4')-Ia			SRR17140496	non-PMA	F4_S2	F4_S2	F4	S2	Waste compartment
	k141_18033	1421	1822	+	bleO	bleomycin binding protein	core	AMR	AMR	BLEOMYCIN	BLEOMYCIN	EXACTX	134	134	100.0	100.0	134	WP_001242578.1	bleomycin binding protein			SRR17140496	non-PMA	F4_S2	F4_S2	F4	S2	Waste compartment
	k141_19237	1749	3482	-	tetB(46)	tetracycline efflux ABC transporter Tet(46) subunit B	core	AMR	AMR	TETRACYCLINE	TETRACYCLINE	EXACTX	578	578	100.0	100.0	578	WP_048717443.1	tetracycline efflux ABC transporter Tet(46) subunit B			SRR17140496	non-PMA	F4_S2	F4_S2	F4	S2	Waste compartment
	k141_19237	3487	5208	-	tetA(46)	tetracycline efflux ABC transporter Tet(46) subunit A	core	AMR	AMR	TETRACYCLINE	TETRACYCLINE	BLASTX	574	574	100.0	99.83	574	WP_063856469.1	tetracycline efflux ABC transporter Tet(46) subunit A			SRR17140496	non-PMA	F4_S2	F4_S2	F4	S2	Waste compartment
	k141_20087	137	1702	-	vga(A)	ABC-F type ribosomal protection protein Vga(A)	core	AMR	AMR	LINCOSAMIDE	LINCOSAMIDE	EXACTX	522	522	100.0	100.0	522	WP_032492560.1	ABC-F type ribosomal protection protein Vga(A)			SRR17140496	non-PMA	F4_S2	F4_S2	F4	S2	Waste compartment
	k141_2277	2	1654	+	tetA(60)	tetracycline efflux ABC transporter Tet(60) subunit A	core	AMR	AMR	TETRACYCLINE	TETRACYCLINE	BLASTX	551	579	95.16	95.46	551	WP_289811734.1	tetracycline efflux ABC transporter Tet(60) subunit A			SRR17140496	non-PMA	F4_S2	F4_S2	F4	S2	Waste compartment
	k141_23002	135	1031	+	mph(C)	Mph(C) family macrolide 2'-phosphotransferase	core	AMR	AMR	MACROLIDE	ERYTHROMYCIN/SPIRAMYCIN/TELITHROMYCIN	EXACTX	299	299	100.0	100.0	299	WP_000196697.1	Mph(C) family macrolide 2'-phosphotransferase			SRR17140496	non-PMA	F4_S2	F4_S2	F4	S2	Waste compartment
	k141_23545	14	628	+	vat(B)	streptogramin A O-acetyltransferase Vat(B)	core	AMR	AMR	STREPTOGRAMIN	STREPTOGRAMIN	BLASTX	205	212	96.7	100.0	205	WP_047211550.1	streptogramin A O-acetyltransferase Vat(B)			SRR17140496	non-PMA	F4_S2	F4_S2	F4	S2	Waste compartment
	k141_23810	1	1077	-	tet(O)	tetracycline resistance ribosomal protection protein Tet(O)	core	AMR	AMR	TETRACYCLINE	TETRACYCLINE	PARTIAL_CONTIG_ENDX	359	639	56.18	100.0	359	WP_044666383.1	tetracycline resistance ribosomal protection protein Tet(O)			SRR17140496	non-PMA	F4_S2	F4_S2	F4	S2	Waste compartment
	k141_25188	1900	2751	-	erm(X)	23S rRNA (adenine(2058)-N(6))-methyltransferase Erm(X)	core	AMR	AMR	LINCOSAMIDE/MACROLIDE/STREPTOGRAMIN	AZITHROMYCIN/CLINDAMYCIN/ERYTHROMYCIN/LINCOMYCIN/STREPTOGRAMIN B/TYLOSIN	BLASTX	284	284	100.0	99.65	284	WP_011117480.1	23S rRNA (adenine(2058)-N(6))-methyltransferase Erm(X)			SRR17140496	non-PMA	F4_S2	F4_S2	F4	S2	Waste compartment
	k141_25281	155	997	-	blaZ	penicillin-hydrolyzing class A beta-lactamase BlaZ	core	AMR	AMR	BETA-LACTAM	BETA-LACTAM	EXACTX	281	281	100.0	100.0	281	WP_000733274.1	penicillin-hydrolyzing class A beta-lactamase BlaZ			SRR17140496	non-PMA	F4_S2	F4_S2	F4	S2	Waste compartment
	k141_25281	1104	2858	+	blaR1	beta-lactam sensor/signal transducer BlaR1	core	AMR	AMR	BETA-LACTAM	BETA-LACTAM	EXACTX	585	585	100.0	100.0	585	WP_001096386.1	beta-lactam sensor/signal transducer BlaR1			SRR17140496	non-PMA	F4_S2	F4_S2	F4	S2	Waste compartment
	k141_25281	2851	3228	+	blaI	penicillinase repressor BlaI	core	AMR	AMR	BETA-LACTAM	BETA-LACTAM	BLASTX	126	126	100.0	99.21	126	WP_001284656.1	penicillinase repressor BlaI			SRR17140496	non-PMA	F4_S2	F4_S2	F4	S2	Waste compartment
	k141_25281	5039	6502	-	msr(A)	ABC-F type ribosomal protection protein Msr(A)	core	AMR	AMR	MACROLIDE/STREPTOGRAMIN	ERYTHROMYCIN/STREPTOGRAMIN B	EXACTX	488	488	100.0	100.0	488	WP_002447408.1	ABC-F type ribosomal protection protein Msr(A)			SRR17140496	non-PMA	F4_S2	F4_S2	F4	S2	Waste compartment
	k141_28207	3	839	+	tet(K)	tetracycline efflux MFS transporter Tet(K)	core	AMR	AMR	TETRACYCLINE	TETRACYCLINE	PARTIAL_CONTIG_ENDX	279	459	60.78	99.64	279	WP_000492283.1	tetracycline efflux MFS transporter Tet(K)			SRR17140496	non-PMA	F4_S2	F4_S2	F4	S2	Waste compartment
	k141_30313	216	1388	-	cmx	chloramphenicol efflux MFS transporter Cmx	core	AMR	AMR	PHENICOL	CHLORAMPHENICOL	BLASTX	391	391	100.0	99.74	391	WP_011113071.1	chloramphenicol efflux MFS transporter Cmx			SRR17140496	non-PMA	F4_S2	F4_S2	F4	S2	Waste compartment
	k141_31876	1361	2095	+	erm(B)	23S rRNA (adenine(2058)-N(6))-methyltransferase Erm(B)	core	AMR	AMR	LINCOSAMIDE/MACROLIDE/STREPTOGRAMIN	CLINDAMYCIN/ERYTHROMYCIN/STREPTOGRAMIN B	EXACTX	245	245	100.0	100.0	245	WP_001038790.1	23S rRNA (adenine(2058)-N(6))-methyltransferase Erm(B)			SRR17140496	non-PMA	F4_S2	F4_S2	F4	S2	Waste compartment
	k141_31894	1	294	+	lnu(A)	lincosamide nucleotidyltransferase Lnu(A)	core	AMR	AMR	LINCOSAMIDE	LINCOSAMIDE	PARTIAL_CONTIG_ENDX	98	161	60.87	100.0	98	WP_011428879.1	lincosamide nucleotidyltransferase Lnu(A)'			SRR17140496	non-PMA	F4_S2	F4_S2	F4	S2	Waste compartment
	k141_31894	2450	2779	+	lnu(A)	lincosamide nucleotidyltransferase Lnu(A)	core	AMR	AMR	LINCOSAMIDE	LINCOSAMIDE	PARTIAL_CONTIG_ENDX	110	161	68.32	100.0	110	WP_011428879.1	lincosamide nucleotidyltransferase Lnu(A)'			SRR17140496	non-PMA	F4_S2	F4_S2	F4	S2	Waste compartment
	k141_4733	422	1273	-	erm(X)	23S rRNA (adenine(2058)-N(6))-methyltransferase Erm(X)	core	AMR	AMR	LINCOSAMIDE/MACROLIDE/STREPTOGRAMIN	AZITHROMYCIN/CLINDAMYCIN/ERYTHROMYCIN/LINCOMYCIN/STREPTOGRAMIN B/TYLOSIN	BLASTX	284	284	100.0	98.94	284	WP_063844894.1	23S rRNA (adenine(2058)-N(6))-methyltransferase Erm(X)			SRR17140496	non-PMA	F4_S2	F4_S2	F4	S2	Waste compartment
	k141_5403	243	1814	-	vga(A)	ABC-F type ribosomal protection protein Vga(A)	core	AMR	AMR	LINCOSAMIDE	LINCOSAMIDE	BLASTX	524	524	100.0	99.81	524	WP_063856936.1	ABC-F type ribosomal protection protein Vga(A)			SRR17140496	non-PMA	F4_S2	F4_S2	F4	S2	Waste compartment
	k141_5554	3	1145	-	lsa	Lsa family ABC-F type ribosomal protection protein	core	AMR	AMR	LINCOSAMIDE/STREPTOGRAMIN	LINCOSAMIDE/STREPTOGRAMIN	PARTIAL_CONTIG_ENDX	381	492	77.44	95.01	381	WP_063851347.1	ABC-F type ribosomal protection protein Lsa(C)			SRR17140496	non-PMA	F4_S2	F4_S2	F4	S2	Waste compartment
	k141_5956	2534	4537	-	mecA	PBP2a family beta-lactam-resistant peptidoglycan transpeptidase MecA	core	AMR	AMR	BETA-LACTAM	METHICILLIN	EXACTX	668	668	100.0	100.0	668	WP_000721310.1	PBP2a family beta-lactam-resistant peptidoglycan transpeptidase MecA			SRR17140496	non-PMA	F4_S2	F4_S2	F4	S2	Waste compartment
	k141_7010	2092	2412	-	qacC	quaternary ammonium compound efflux SMR transporter QacC	core	STRESS	BIOCIDE	QUATERNARY AMMONIUM	QUATERNARY AMMONIUM	EXACTX	107	107	100.0	100.0	107	WP_001146389.1	quaternary ammonium compound efflux SMR transporter QacC			SRR17140496	non-PMA	F4_S2	F4_S2	F4	S2	Waste compartment
	k141_7023	7	840	-	aph(6)-Id	aminoglycoside O-phosphotransferase APH(6)-Id	core	AMR	AMR	AMINOGLYCOSIDE	STREPTOMYCIN	BLASTX	278	278	100.0	99.64	278	WP_000480968.1	aminoglycoside O-phosphotransferase APH(6)-Id			SRR17140496	non-PMA	F4_S2	F4_S2	F4	S2	Waste compartment
	k141_7023	843	1643	-	aph(3'')-Ib	aminoglycoside O-phosphotransferase APH(3'')-Ib	core	AMR	AMR	AMINOGLYCOSIDE	STREPTOMYCIN	EXACTX	267	267	100.0	100.0	267	WP_001082319.1	aminoglycoside O-phosphotransferase APH(3'')-Ib			SRR17140496	non-PMA	F4_S2	F4_S2	F4	S2	Waste compartment
	k141_7121	1	1179	-	tet(M)	tetracycline resistance ribosomal protection protein Tet(M)	core	AMR	AMR	TETRACYCLINE	TETRACYCLINE	PARTIAL_CONTIG_ENDX	393	639	61.5	99.49	393	WP_002414694.1	tetracycline resistance ribosomal protection protein Tet(M)			SRR17140496	non-PMA	F4_S2	F4_S2	F4	S2	Waste compartment
	k141_7771	3703	4128	+	fosB	FosB family fosfomycin resistance bacillithiol transferase	core	AMR	AMR	FOSFOMYCIN	FOSFOMYCIN	INTERNAL_STOP	142	142	100.0	98.59	142	WP_002467687.1	FosB family fosfomycin resistance bacillithiol transferase			SRR17140496	non-PMA	F4_S2	F4_S2	F4	S2	Waste compartment
	k141_7807	3662	4441	+	ant(9)-Ia	aminoglycoside nucleotidyltransferase ANT(9)-Ia	core	AMR	AMR	AMINOGLYCOSIDE	SPECTINOMYCIN	EXACTX	260	260	100.0	100.0	260	WP_000067268.1	aminoglycoside nucleotidyltransferase ANT(9)-Ia			SRR17140496	non-PMA	F4_S2	F4_S2	F4	S2	Waste compartment
	k141_7807	4573	5301	-	erm(A)	23S rRNA (adenine(2058)-N(6))-methyltransferase Erm(A)	core	AMR	AMR	LINCOSAMIDE/MACROLIDE	AZITHROMYCIN/CLARITHROMYCIN/CLINDAMYCIN/ERYTHROMYCIN/TELITHROMYCIN	EXACTX	243	243	100.0	100.0	243	WP_001072201.1	23S rRNA (adenine(2058)-N(6))-methyltransferase Erm(A)			SRR17140496	non-PMA	F4_S2	F4_S2	F4	S2	Waste compartment
	k141_8231	56	1030	+	mecR1	beta-lactam sensor/signal transducer MecR1	core	AMR	AMR	BETA-LACTAM	METHICILLIN	PARTIALX	325	585	55.56	100.0	325	WP_000952923.1	beta-lactam sensor/signal transducer MecR1			SRR17140496	non-PMA	F4_S2	F4_S2	F4	S2	Waste compartment
	k141_10171	1	678	+	blaZ	penicillin-hydrolyzing class A beta-lactamase BlaZ	core	AMR	AMR	BETA-LACTAM	BETA-LACTAM	PARTIAL_CONTIG_ENDX	226	281	80.43	96.02	226	WP_000733281.1	penicillin-hydrolyzing class A beta-lactamase BlaZ			SRR17140498	non-PMA	F5_S2	F5_S2	F5	S2	Waste compartment
	k141_1047	2	439	-	dfrF	trimethoprim-resistant dihydrofolate reductase DfrF	core	AMR	AMR	TRIMETHOPRIM	TRIMETHOPRIM	PARTIAL_CONTIG_ENDX	146	164	89.02	98.63	146	WP_002322211.1	trimethoprim-resistant dihydrofolate reductase DfrF			SRR17140498	non-PMA	F5_S2	F5_S2	F5	S2	Waste compartment
	k141_12133	227	958	-	erm(B)	23S rRNA (adenine(2058)-N(6))-methyltransferase Erm(B)	core	AMR	AMR	LINCOSAMIDE/MACROLIDE/STREPTOGRAMIN	CLINDAMYCIN/ERYTHROMYCIN/STREPTOGRAMIN B	BLASTX	244	245	99.59	99.59	244	WP_002292226.1	23S rRNA (adenine(2058)-N(6))-methyltransferase Erm(B)			SRR17140498	non-PMA	F5_S2	F5_S2	F5	S2	Waste compartment
	k141_14019	598	915	+	qacE	quaternary ammonium compound efflux SMR transporter QacE	core	STRESS	BIOCIDE	QUATERNARY AMMONIUM	QUATERNARY AMMONIUM	BLASTX	106	115	92.17	100.0	106	WP_000679427.1	quaternary ammonium compound efflux SMR transporter QacE delta 1			SRR17140498	non-PMA	F5_S2	F5_S2	F5	S2	Waste compartment
	k141_15815	1	993	+	tet(M)	tetracycline resistance ribosomal protection protein Tet(M)	core	AMR	AMR	TETRACYCLINE	TETRACYCLINE	PARTIAL_CONTIG_ENDX	331	639	51.8	99.7	331	WP_000691736.1	tetracycline resistance ribosomal protection protein Tet(M)			SRR17140498	non-PMA	F5_S2	F5_S2	F5	S2	Waste compartment
	k141_17882	7881	8732	-	erm(X)	23S rRNA (adenine(2058)-N(6))-methyltransferase Erm(X)	core	AMR	AMR	LINCOSAMIDE/MACROLIDE/STREPTOGRAMIN	AZITHROMYCIN/CLINDAMYCIN/ERYTHROMYCIN/LINCOMYCIN/STREPTOGRAMIN B/TYLOSIN	BLASTX	284	284	100.0	98.94	284	WP_063844894.1	23S rRNA (adenine(2058)-N(6))-methyltransferase Erm(X)			SRR17140498	non-PMA	F5_S2	F5_S2	F5	S2	Waste compartment
	k141_18973	7863	8714	-	erm(X)	23S rRNA (adenine(2058)-N(6))-methyltransferase Erm(X)	core	AMR	AMR	LINCOSAMIDE/MACROLIDE/STREPTOGRAMIN	AZITHROMYCIN/CLINDAMYCIN/ERYTHROMYCIN/LINCOMYCIN/STREPTOGRAMIN B/TYLOSIN	EXACTX	284	284	100.0	100.0	284	WP_011117480.1	23S rRNA (adenine(2058)-N(6))-methyltransferase Erm(X)			SRR17140498	non-PMA	F5_S2	F5_S2	F5	S2	Waste compartment
	k141_2245	3507	4235	+	erm(A)	23S rRNA (adenine(2058)-N(6))-methyltransferase Erm(A)	core	AMR	AMR	LINCOSAMIDE/MACROLIDE	AZITHROMYCIN/CLARITHROMYCIN/CLINDAMYCIN/ERYTHROMYCIN/TELITHROMYCIN	BLASTX	243	243	100.0	99.59	243	WP_000810833.1	23S rRNA (adenine(2058)-N(6))-methyltransferase Erm(A)			SRR17140498	non-PMA	F5_S2	F5_S2	F5	S2	Waste compartment
	k141_23012	188	1678	-	tetA	tetracycline efflux ABC transporter TetAB subunit A	core	AMR	AMR	TETRACYCLINE	TETRACYCLINE	BLASTX	497	513	96.88	98.79	497	WP_011116969.1	tetracycline efflux ABC transporter TetAB subunit A			SRR17140498	non-PMA	F5_S2	F5_S2	F5	S2	Waste compartment
	k141_26861	1348	1668	+	qacC	quaternary ammonium compound efflux SMR transporter QacC	core	STRESS	BIOCIDE	QUATERNARY AMMONIUM	QUATERNARY AMMONIUM	EXACTX	107	107	100.0	100.0	107	WP_001146389.1	quaternary ammonium compound efflux SMR transporter QacC			SRR17140498	non-PMA	F5_S2	F5_S2	F5	S2	Waste compartment
	k141_27166	311	1285	+	mecR1	beta-lactam sensor/signal transducer MecR1	core	AMR	AMR	BETA-LACTAM	METHICILLIN	PARTIALX	325	585	55.56	100.0	325	WP_000952923.1	beta-lactam sensor/signal transducer MecR1			SRR17140498	non-PMA	F5_S2	F5_S2	F5	S2	Waste compartment
	k141_2719	269	1441	+	cmx	chloramphenicol efflux MFS transporter Cmx	core	AMR	AMR	PHENICOL	CHLORAMPHENICOL	EXACTX	391	391	100.0	100.0	391	WP_005297378.1	chloramphenicol efflux MFS transporter Cmx			SRR17140498	non-PMA	F5_S2	F5_S2	F5	S2	Waste compartment
	k141_2719	1651	2484	-	aph(6)-Id	aminoglycoside O-phosphotransferase APH(6)-Id	core	AMR	AMR	AMINOGLYCOSIDE	STREPTOMYCIN	EXACTX	278	278	100.0	100.0	278	WP_000480968.1	aminoglycoside O-phosphotransferase APH(6)-Id			SRR17140498	non-PMA	F5_S2	F5_S2	F5	S2	Waste compartment
	k141_2719	2487	3287	-	aph(3'')-Ib	aminoglycoside O-phosphotransferase APH(3'')-Ib	core	AMR	AMR	AMINOGLYCOSIDE	STREPTOMYCIN	EXACTX	267	267	100.0	100.0	267	WP_001082319.1	aminoglycoside O-phosphotransferase APH(3'')-Ib			SRR17140498	non-PMA	F5_S2	F5_S2	F5	S2	Waste compartment
	k141_2719	4591	5403	-	aph(3')-Ia	aminoglycoside O-phosphotransferase APH(3')-Ia	core	AMR	AMR	AMINOGLYCOSIDE	KANAMYCIN	EXACTX	271	271	100.0	100.0	271	WP_000018326.1	aminoglycoside O-phosphotransferase APH(3')-Ia			SRR17140498	non-PMA	F5_S2	F5_S2	F5	S2	Waste compartment
	k141_30201	1564	2295	-	erm(C)	23S rRNA (adenine(2058)-N(6))-methyltransferase Erm(C)	core	AMR	AMR	LINCOSAMIDE/MACROLIDE/STREPTOGRAMIN	CLINDAMYCIN/ERYTHROMYCIN/STREPTOGRAMIN B/TYLOSIN	EXACTX	244	244	100.0	100.0	244	WP_001003263.1	23S rRNA (adenine(2058)-N(6))-methyltransferase Erm(C)			SRR17140498	non-PMA	F5_S2	F5_S2	F5	S2	Waste compartment
	k141_30539	1	1263	-	tet(O)	tetracycline resistance ribosomal protection protein Tet(O)	core	AMR	AMR	TETRACYCLINE	TETRACYCLINE	PARTIAL_CONTIG_ENDX	421	639	65.88	99.76	421	WP_012669445.1	tetracycline resistance ribosomal protection protein Tet(O)			SRR17140498	non-PMA	F5_S2	F5_S2	F5	S2	Waste compartment
	k141_30674	52	495	-	aac(3)-XI	aminoglycoside N-acetyltransferase AAC(3)-XI	core	AMR	AMR	AMINOGLYCOSIDE	AMINOGLYCOSIDE	EXACTX	148	148	100.0	100.0	148	WP_046095284.1	aminoglycoside N-acetyltransferase AAC(3)-XI			SRR17140498	non-PMA	F5_S2	F5_S2	F5	S2	Waste compartment
	k141_37222	219	1382	-	tet(Q)	tetracycline resistance ribosomal protection protein Tet(Q)	core	AMR	AMR	TETRACYCLINE	TETRACYCLINE	PARTIAL_CONTIG_ENDX	388	641	60.53	98.2	388	WP_063856409.1	tetracycline resistance ribosomal protection protein Tet(Q)			SRR17140498	non-PMA	F5_S2	F5_S2	F5	S2	Waste compartment
	k141_40111	586	2049	+	msr(A)	ABC-F type ribosomal protection protein Msr(A)	core	AMR	AMR	MACROLIDE/STREPTOGRAMIN	ERYTHROMYCIN/STREPTOGRAMIN B	BLASTX	488	488	100.0	99.8	488	WP_000438874.1	ABC-F type ribosomal protection protein Msr(A)			SRR17140498	non-PMA	F5_S2	F5_S2	F5	S2	Waste compartment
	k141_40111	2151	3047	+	mph(C)	Mph(C) family macrolide 2'-phosphotransferase	core	AMR	AMR	MACROLIDE	ERYTHROMYCIN/SPIRAMYCIN/TELITHROMYCIN	EXACTX	299	299	100.0	100.0	299	WP_000196697.1	Mph(C) family macrolide 2'-phosphotransferase			SRR17140498	non-PMA	F5_S2	F5_S2	F5	S2	Waste compartment
	k141_40111	5093	6634	+	qacA	quaternary ammonium compound efflux MFS transporter QacA	core	STRESS	BIOCIDE	QUATERNARY AMMONIUM	QUATERNARY AMMONIUM	BLASTX	514	514	100.0	99.81	514	WP_000622776.1	quaternary ammonium compound efflux MFS transporter QacA			SRR17140498	non-PMA	F5_S2	F5_S2	F5	S2	Waste compartment
	k141_41374	1294	2859	-	vga(A)	ABC-F type ribosomal protection protein Vga(A)	core	AMR	AMR	LINCOSAMIDE	LINCOSAMIDE	BLASTX	522	522	100.0	99.62	522	WP_002449123.1	ABC-F type ribosomal protection protein Vga(A)-LC			SRR17140498	non-PMA	F5_S2	F5_S2	F5	S2	Waste compartment
	k141_42917	715	1092	-	blaI	penicillinase repressor BlaI	core	AMR	AMR	BETA-LACTAM	BETA-LACTAM	BLASTX	126	126	100.0	96.03	126	WP_001284656.1	penicillinase repressor BlaI			SRR17140498	non-PMA	F5_S2	F5_S2	F5	S2	Waste compartment
	k141_45568	3347	3985	+	fusB	fusidic acid resistance EF-G-binding protein FusB	core	AMR	AMR	FUSIDIC ACID	FUSIDIC ACID	EXACTX	213	213	100.0	100.0	213	WP_000855537.1	fusidic acid resistance EF-G-binding protein FusB			SRR17140498	non-PMA	F5_S2	F5_S2	F5	S2	Waste compartment
	k141_45805	173	2089	+	tet(W)	tetracycline resistance ribosomal protection protein Tet(W)	core	AMR	AMR	TETRACYCLINE	TETRACYCLINE	BLASTX	639	639	100.0	99.06	639	WP_004217777.1	tetracycline resistance ribosomal protection protein Tet(W)			SRR17140498	non-PMA	F5_S2	F5_S2	F5	S2	Waste compartment
	k141_48612	1	663	-	aadE	aminoglycoside 6-adenylyltransferase AadE	core	AMR	AMR	AMINOGLYCOSIDE	STREPTOMYCIN	PARTIAL_CONTIG_ENDX	221	288	76.74	100.0	221	WP_001255868.1	aminoglycoside 6-adenylyltransferase AadE			SRR17140498	non-PMA	F5_S2	F5_S2	F5	S2	Waste compartment
	k141_48951	4019	4444	+	fosB	FosB family fosfomycin resistance bacillithiol transferase	core	AMR	AMR	FOSFOMYCIN	FOSFOMYCIN	BLASTX	142	142	100.0	99.3	142	WP_002467687.1	FosB family fosfomycin resistance bacillithiol transferase			SRR17140498	non-PMA	F5_S2	F5_S2	F5	S2	Waste compartment
	k141_49422	24	782	-	aadD1	aminoglycoside O-nucleotidyltransferase ANT(4')-Ia	core	AMR	AMR	AMINOGLYCOSIDE	KANAMYCIN/TOBRAMYCIN	EXACTX	253	253	100.0	100.0	253	WP_001014230.1	aminoglycoside O-nucleotidyltransferase ANT(4')-Ia			SRR17140498	non-PMA	F5_S2	F5_S2	F5	S2	Waste compartment
	k141_56949	3	215	-	fosB	FosB/FosD family fosfomycin resistance bacillithiol transferase	core	AMR	AMR	FOSFOMYCIN	FOSFOMYCIN	PARTIAL_CONTIG_ENDX	71	139	51.08	100.0	71	WP_000920239.1	FosB/FosD family fosfomycin resistance bacillithiol transferase			SRR17140498	non-PMA	F5_S2	F5_S2	F5	S2	Waste compartment
	k141_5765	2	916	+	mef(A)	macrolide efflux MFS transporter Mef(A)	core	AMR	AMR	MACROLIDE	AZITHROMYCIN/ERYTHROMYCIN	PARTIAL_CONTIG_ENDX	305	405	75.31	100.0	305	WP_000417519.1	macrolide efflux MFS transporter Mef(A)			SRR17140498	non-PMA	F5_S2	F5_S2	F5	S2	Waste compartment
	k141_57947	449	1291	-	blaZ	penicillin-hydrolyzing class A beta-lactamase BlaZ	core	AMR	AMR	BETA-LACTAM	BETA-LACTAM	EXACTX	281	281	100.0	100.0	281	WP_000733274.1	penicillin-hydrolyzing class A beta-lactamase BlaZ			SRR17140498	non-PMA	F5_S2	F5_S2	F5	S2	Waste compartment
	k141_57947	1398	3152	+	blaR1	beta-lactam sensor/signal transducer BlaR1	core	AMR	AMR	BETA-LACTAM	BETA-LACTAM	BLASTX	585	585	100.0	99.83	585	WP_001096386.1	beta-lactam sensor/signal transducer BlaR1			SRR17140498	non-PMA	F5_S2	F5_S2	F5	S2	Waste compartment
	k141_57947	3145	3522	+	blaI	penicillinase repressor BlaI	core	AMR	AMR	BETA-LACTAM	BETA-LACTAM	EXACTX	126	126	100.0	100.0	126	WP_001284656.1	penicillinase repressor BlaI			SRR17140498	non-PMA	F5_S2	F5_S2	F5	S2	Waste compartment
	k141_12585	3	515	-	fusB	fusidic acid resistance EF-G-binding protein FusB	core	AMR	AMR	FUSIDIC ACID	FUSIDIC ACID	PARTIAL_CONTIG_ENDX	171	213	80.28	100.0	171	WP_000855537.1	fusidic acid resistance EF-G-binding protein FusB			SRR17140500	non-PMA	F5_S1	F5_S1	F5	S1	Cupola
	k141_15882	2	520	-	erm(44)v	23S rRNA (adenine(2058)-N(6))-methyltransferase Erm(44)v	core	AMR	AMR	LINCOSAMIDE/MACROLIDE	CLINDAMYCIN/ERYTHROMYCIN	PARTIAL_CONTIG_ENDX	173	243	71.19	100.0	173	WP_041079981.1	23S rRNA (adenine(2058)-N(6))-methyltransferase Erm(44)v			SRR17140500	non-PMA	F5_S1	F5_S1	F5	S1	Cupola
	k141_16644	604	981	-	blaI	penicillinase repressor BlaI	core	AMR	AMR	BETA-LACTAM	BETA-LACTAM	BLASTX	126	126	100.0	99.21	126	WP_001284656.1	penicillinase repressor BlaI			SRR17140500	non-PMA	F5_S1	F5_S1	F5	S1	Cupola
	k141_16644	974	1999	-	blaR1	beta-lactam sensor/signal transducer BlaR1	core	AMR	AMR	BETA-LACTAM	BETA-LACTAM	PARTIAL_CONTIG_ENDX	342	585	58.46	100.0	342	WP_001096386.1	beta-lactam sensor/signal transducer BlaR1			SRR17140500	non-PMA	F5_S1	F5_S1	F5	S1	Cupola
	k141_17473	2092	3288	+	tet(A)	tetracycline efflux MFS transporter Tet(A)	core	AMR	AMR	TETRACYCLINE	TETRACYCLINE	EXACTX	399	399	100.0	100.0	399	WP_011645018.1	tetracycline efflux MFS transporter Tet(A)			SRR17140500	non-PMA	F5_S1	F5_S1	F5	S1	Cupola
	k141_193	3766	5331	+	vga(A)	ABC-F type ribosomal protection protein Vga(A)	core	AMR	AMR	LINCOSAMIDE	LINCOSAMIDE	EXACTX	522	522	100.0	100.0	522	WP_002440627.1	ABC-F type ribosomal protection protein Vga(A)			SRR17140500	non-PMA	F5_S1	F5_S1	F5	S1	Cupola
	k141_20205	95	577	-	lnu(A)	lincosamide nucleotidyltransferase Lnu(A)	core	AMR	AMR	LINCOSAMIDE	LINCOSAMIDE	BLASTX	161	161	100.0	99.38	161	WP_011428879.1	lincosamide nucleotidyltransferase Lnu(A)'			SRR17140500	non-PMA	F5_S1	F5_S1	F5	S1	Cupola
	k141_20928	3	917	-	lsa	Lsa family ABC-F type ribosomal protection protein	core	AMR	AMR	LINCOSAMIDE/STREPTOGRAMIN	LINCOSAMIDE/STREPTOGRAMIN	PARTIAL_CONTIG_ENDX	305	492	61.99	90.49	305	WP_063851347.1	ABC-F type ribosomal protection protein Lsa(C)			SRR17140500	non-PMA	F5_S1	F5_S1	F5	S1	Cupola
	k141_22434	1583	3124	+	qacA	quaternary ammonium compound efflux MFS transporter QacA	core	STRESS	BIOCIDE	QUATERNARY AMMONIUM	QUATERNARY AMMONIUM	EXACTX	514	514	100.0	100.0	514	WP_000622776.1	quaternary ammonium compound efflux MFS transporter QacA			SRR17140500	non-PMA	F5_S1	F5_S1	F5	S1	Cupola
	k141_22446	977	1819	+	blaZ	penicillin-hydrolyzing class A beta-lactamase BlaZ	core	AMR	AMR	BETA-LACTAM	BETA-LACTAM	BLASTX	281	281	100.0	99.64	281	WP_000733274.1	penicillin-hydrolyzing class A beta-lactamase BlaZ			SRR17140500	non-PMA	F5_S1	F5_S1	F5	S1	Cupola
	k141_24133	216	572	-	lnu(A)	lincosamide nucleotidyltransferase Lnu(A)	core	AMR	AMR	LINCOSAMIDE	LINCOSAMIDE	PARTIAL_CONTIG_ENDX	119	161	73.91	97.48	119	WP_001829870.1	lincosamide nucleotidyltransferase Lnu(A)			SRR17140500	non-PMA	F5_S1	F5_S1	F5	S1	Cupola
	k141_25528	559	1959	+	msr(A)	ABC-F type ribosomal protection protein Msr(A)	core	AMR	AMR	MACROLIDE/STREPTOGRAMIN	ERYTHROMYCIN/STREPTOGRAMIN B	BLASTX	467	488	95.7	100.0	467	WP_000438874.1	ABC-F type ribosomal protection protein Msr(A)			SRR17140500	non-PMA	F5_S1	F5_S1	F5	S1	Cupola
	k141_275	3260	3580	-	qacC	quaternary ammonium compound efflux SMR transporter QacC	core	STRESS	BIOCIDE	QUATERNARY AMMONIUM	QUATERNARY AMMONIUM	EXACTX	107	107	100.0	100.0	107	WP_001146389.1	quaternary ammonium compound efflux SMR transporter QacC			SRR17140500	non-PMA	F5_S1	F5_S1	F5	S1	Cupola
	k141_28025	3	578	-	erm(F)	23S rRNA (adenine(2058)-N(6))-methyltransferase Erm(F)	core	AMR	AMR	LINCOSAMIDE/MACROLIDE/STREPTOGRAMIN	CLINDAMYCIN/MACROLIDE/STREPTOGRAMIN	PARTIAL_CONTIG_ENDX	192	266	72.18	99.48	192	WP_002682030.1	23S rRNA (adenine(2058)-N(6))-methyltransferase Erm(F)			SRR17140500	non-PMA	F5_S1	F5_S1	F5	S1	Cupola
	k141_28101	380	1114	-	aadD1	aminoglycoside O-nucleotidyltransferase ANT(4')-Ia	core	AMR	AMR	AMINOGLYCOSIDE	KANAMYCIN/TOBRAMYCIN	BLASTX	245	253	96.84	100.0	245	WP_001014230.1	aminoglycoside O-nucleotidyltransferase ANT(4')-Ia			SRR17140500	non-PMA	F5_S1	F5_S1	F5	S1	Cupola
	k141_30328	4170	4595	+	fosB	FosB family fosfomycin resistance bacillithiol transferase	core	AMR	AMR	FOSFOMYCIN	FOSFOMYCIN	BLASTX	142	142	100.0	98.59	142	WP_002437790.1	FosB family fosfomycin resistance bacillithiol transferase			SRR17140500	non-PMA	F5_S1	F5_S1	F5	S1	Cupola
	k141_35147	10095	12011	-	tet(M)	tetracycline resistance ribosomal protection protein Tet(M)	core	AMR	AMR	TETRACYCLINE	TETRACYCLINE	EXACTX	639	639	100.0	100.0	639	WP_000691743.1	tetracycline resistance ribosomal protection protein Tet(M)			SRR17140500	non-PMA	F5_S1	F5_S1	F5	S1	Cupola
	k141_36052	3	908	+	tet(K)	tetracycline efflux MFS transporter Tet(K)	core	AMR	AMR	TETRACYCLINE	TETRACYCLINE	PARTIAL_CONTIG_ENDX	302	459	65.8	100.0	302	WP_000492283.1	tetracycline efflux MFS transporter Tet(K)			SRR17140500	non-PMA	F5_S1	F5_S1	F5	S1	Cupola
	k141_36551	4620	6536	+	tet(O)	tetracycline resistance ribosomal protection protein Tet(O)	core	AMR	AMR	TETRACYCLINE	TETRACYCLINE	BLASTX	639	639	100.0	99.84	639	WP_012669445.1	tetracycline resistance ribosomal protection protein Tet(O)			SRR17140500	non-PMA	F5_S1	F5_S1	F5	S1	Cupola
	k141_4896	3	614	+	erm(X)	23S rRNA (adenine(2058)-N(6))-methyltransferase Erm(X)	core	AMR	AMR	LINCOSAMIDE/MACROLIDE/STREPTOGRAMIN	AZITHROMYCIN/CLINDAMYCIN/ERYTHROMYCIN/LINCOMYCIN/STREPTOGRAMIN B/TYLOSIN	PARTIAL_CONTIG_ENDX	204	284	71.83	98.53	204	WP_063844894.1	23S rRNA (adenine(2058)-N(6))-methyltransferase Erm(X)			SRR17140500	non-PMA	F5_S1	F5_S1	F5	S1	Cupola
	k141_5185	314	1045	-	erm(C)	23S rRNA (adenine(2058)-N(6))-methyltransferase Erm(C)	core	AMR	AMR	LINCOSAMIDE/MACROLIDE/STREPTOGRAMIN	CLINDAMYCIN/ERYTHROMYCIN/STREPTOGRAMIN B/TYLOSIN	EXACTX	244	244	100.0	100.0	244	WP_001003263.1	23S rRNA (adenine(2058)-N(6))-methyltransferase Erm(C)			SRR17140500	non-PMA	F5_S1	F5_S1	F5	S1	Cupola
	k141_5533	83	817	-	erm(B)	23S rRNA (adenine(2058)-N(6))-methyltransferase Erm(B)	core	AMR	AMR	LINCOSAMIDE/MACROLIDE/STREPTOGRAMIN	CLINDAMYCIN/ERYTHROMYCIN/STREPTOGRAMIN B	BLASTX	245	245	100.0	99.59	245	WP_001038790.1	23S rRNA (adenine(2058)-N(6))-methyltransferase Erm(B)			SRR17140500	non-PMA	F5_S1	F5_S1	F5	S1	Cupola
	k141_6775	1241	2701	-	msr(D)	ABC-F type ribosomal protection protein Msr(D)	core	AMR	AMR	MACROLIDE/STREPTOGRAMIN	AZITHROMYCIN/ERYTHROMYCIN/STREPTOGRAMIN B	EXACTX	487	487	100.0	100.0	487	WP_000420313.1	ABC-F type ribosomal protection protein Msr(D)			SRR17140500	non-PMA	F5_S1	F5_S1	F5	S1	Cupola
	k141_6775	2824	4038	-	mef(A)	macrolide efflux MFS transporter Mef(A)	core	AMR	AMR	MACROLIDE	AZITHROMYCIN/ERYTHROMYCIN	EXACTX	405	405	100.0	100.0	405	WP_000417519.1	macrolide efflux MFS transporter Mef(A)			SRR17140500	non-PMA	F5_S1	F5_S1	F5	S1	Cupola
	k141_7603	23702	25435	-	tetB(46)	tetracycline efflux ABC transporter Tet(46) subunit B	core	AMR	AMR	TETRACYCLINE	TETRACYCLINE	BLASTX	578	578	100.0	92.91	578	WP_048717443.1	tetracycline efflux ABC transporter Tet(46) subunit B			SRR17140500	non-PMA	F5_S1	F5_S1	F5	S1	Cupola
	k141_7603	25440	27158	-	tetA(46)	tetracycline efflux ABC transporter Tet(46) subunit A	core	AMR	AMR	TETRACYCLINE	TETRACYCLINE	BLASTX	573	574	99.83	92.32	573	WP_063856469.1	tetracycline efflux ABC transporter Tet(46) subunit A			SRR17140500	non-PMA	F5_S1	F5_S1	F5	S1	Cupola
	k141_89	7207	8103	-	mph(C)	Mph(C) family macrolide 2'-phosphotransferase	core	AMR	AMR	MACROLIDE	ERYTHROMYCIN/SPIRAMYCIN/TELITHROMYCIN	EXACTX	299	299	100.0	100.0	299	WP_000196697.1	Mph(C) family macrolide 2'-phosphotransferase			SRR17140500	non-PMA	F5_S1	F5_S1	F5	S1	Cupola
	k141_1398	189	794	+	mph(C)	Mph(C) family macrolide 2'-phosphotransferase	core	AMR	AMR	MACROLIDE	ERYTHROMYCIN/SPIRAMYCIN/TELITHROMYCIN	PARTIAL_CONTIG_ENDX	202	299	67.56	99.5	202	WP_000196697.1	Mph(C) family macrolide 2'-phosphotransferase			SRR17140502	non-PMA	F4_S8	F4_S8	F4	S8	Crew quarters
	k141_1698	180	848	-	erm(C)	23S rRNA (adenine(2058)-N(6))-methyltransferase Erm(C)	core	AMR	AMR	LINCOSAMIDE/MACROLIDE/STREPTOGRAMIN	CLINDAMYCIN/ERYTHROMYCIN/STREPTOGRAMIN B/TYLOSIN	BLASTX	223	244	91.39	99.55	223	WP_001003264.1	23S rRNA (adenine(2058)-N(6))-methyltransferase Erm(C)			SRR17140502	non-PMA	F4_S8	F4_S8	F4	S8	Crew quarters
	k141_1992	1	540	+	blaZ	penicillin-hydrolyzing class A beta-lactamase BlaZ	core	AMR	AMR	BETA-LACTAM	BETA-LACTAM	PARTIAL_CONTIG_ENDX	180	281	64.06	99.44	180	WP_000733274.1	penicillin-hydrolyzing class A beta-lactamase BlaZ			SRR17140502	non-PMA	F4_S8	F4_S8	F4	S8	Crew quarters
	k141_2680	2	1111	+	vga(A)	ABC-F type ribosomal protection protein Vga(A)	core	AMR	AMR	LINCOSAMIDE	LINCOSAMIDE	PARTIAL_CONTIG_ENDX	370	522	70.88	99.73	370	WP_032492560.1	ABC-F type ribosomal protection protein Vga(A)			SRR17140502	non-PMA	F4_S8	F4_S8	F4	S8	Crew quarters
	k141_4510	428	1891	+	msr(A)	ABC-F type ribosomal protection protein Msr(A)	core	AMR	AMR	MACROLIDE/STREPTOGRAMIN	ERYTHROMYCIN/STREPTOGRAMIN B	BLASTX	488	488	100.0	99.8	488	WP_000438874.1	ABC-F type ribosomal protection protein Msr(A)			SRR17140502	non-PMA	F4_S8	F4_S8	F4	S8	Crew quarters
	k141_5284	3	272	-	fosB	FosB family fosfomycin resistance bacillithiol transferase	core	AMR	AMR	FOSFOMYCIN	FOSFOMYCIN	PARTIAL_CONTIG_ENDX	90	142	63.38	97.78	90	WP_002437790.1	FosB family fosfomycin resistance bacillithiol transferase			SRR17140502	non-PMA	F4_S8	F4_S8	F4	S8	Crew quarters
	k141_6595	728	2269	-	qacA	quaternary ammonium compound efflux MFS transporter QacA	core	STRESS	BIOCIDE	QUATERNARY AMMONIUM	QUATERNARY AMMONIUM	BLASTX	514	514	100.0	99.81	514	WP_000622776.1	quaternary ammonium compound efflux MFS transporter QacA			SRR17140502	non-PMA	F4_S8	F4_S8	F4	S8	Crew quarters
	k141_7144	243	620	+	blaI	penicillinase repressor BlaI	core	AMR	AMR	BETA-LACTAM	BETA-LACTAM	BLASTX	126	126	100.0	99.21	126	WP_001284656.1	penicillinase repressor BlaI			SRR17140502	non-PMA	F4_S8	F4_S8	F4	S8	Crew quarters
	k141_2054	741	2306	-	vga(A)	ABC-F type ribosomal protection protein Vga(A)	core	AMR	AMR	LINCOSAMIDE	LINCOSAMIDE	BLASTX	522	522	100.0	98.85	522	WP_032492560.1	ABC-F type ribosomal protection protein Vga(A)			SRR17140504	non-PMA	F4_S7	F4_S7	F4	S7	Lab overhead
	k141_2186	351	1109	+	aadD1	aminoglycoside O-nucleotidyltransferase ANT(4')-Ia	core	AMR	AMR	AMINOGLYCOSIDE	KANAMYCIN/TOBRAMYCIN	EXACTX	253	253	100.0	100.0	253	WP_001014230.1	aminoglycoside O-nucleotidyltransferase ANT(4')-Ia			SRR17140504	non-PMA	F4_S7	F4_S7	F4	S7	Lab overhead
	k141_2363	931	1575	+	catA	type A-8 chloramphenicol O-acetyltransferase	core	AMR	AMR	PHENICOL	CHLORAMPHENICOL	BLASTX	215	215	100.0	99.53	215	WP_000143686.1	type A-8 chloramphenicol O-acetyltransferase			SRR17140504	non-PMA	F4_S7	F4_S7	F4	S7	Lab overhead
	k141_2646	1691	3151	-	msr(D)	ABC-F type ribosomal protection protein Msr(D)	core	AMR	AMR	MACROLIDE/STREPTOGRAMIN	AZITHROMYCIN/ERYTHROMYCIN/STREPTOGRAMIN B	EXACTX	487	487	100.0	100.0	487	WP_000420313.1	ABC-F type ribosomal protection protein Msr(D)			SRR17140504	non-PMA	F4_S7	F4_S7	F4	S7	Lab overhead
	k141_2646	3274	4488	-	mef(A)	macrolide efflux MFS transporter Mef(A)	core	AMR	AMR	MACROLIDE	AZITHROMYCIN/ERYTHROMYCIN	EXACTX	405	405	100.0	100.0	405	WP_000417519.1	macrolide efflux MFS transporter Mef(A)			SRR17140504	non-PMA	F4_S7	F4_S7	F4	S7	Lab overhead
	k141_268	374	1216	-	blaZ	penicillin-hydrolyzing class A beta-lactamase BlaZ	core	AMR	AMR	BETA-LACTAM	BETA-LACTAM	BLASTX	281	281	100.0	99.29	281	WP_000733274.1	penicillin-hydrolyzing class A beta-lactamase BlaZ			SRR17140504	non-PMA	F4_S7	F4_S7	F4	S7	Lab overhead
	k141_268	1323	3077	+	blaR1	beta-lactam sensor/signal transducer BlaR1	core	AMR	AMR	BETA-LACTAM	BETA-LACTAM	EXACTX	585	585	100.0	100.0	585	WP_001096386.1	beta-lactam sensor/signal transducer BlaR1			SRR17140504	non-PMA	F4_S7	F4_S7	F4	S7	Lab overhead
	k141_268	3070	3447	+	blaI	penicillinase repressor BlaI	core	AMR	AMR	BETA-LACTAM	BETA-LACTAM	BLASTX	126	126	100.0	99.21	126	WP_001284656.1	penicillinase repressor BlaI			SRR17140504	non-PMA	F4_S7	F4_S7	F4	S7	Lab overhead
	k141_3726	168	488	+	qacC	quaternary ammonium compound efflux SMR transporter QacC	core	STRESS	BIOCIDE	QUATERNARY AMMONIUM	QUATERNARY AMMONIUM	EXACTX	107	107	100.0	100.0	107	WP_001146389.1	quaternary ammonium compound efflux SMR transporter QacC			SRR17140504	non-PMA	F4_S7	F4_S7	F4	S7	Lab overhead
	k141_379	3	1064	-	tet(M)	tetracycline resistance ribosomal protection protein Tet(M)	core	AMR	AMR	TETRACYCLINE	TETRACYCLINE	PARTIAL_CONTIG_ENDX	354	639	55.4	99.72	354	WP_063856401.1	tetracycline resistance ribosomal protection protein Tet(M)			SRR17140504	non-PMA	F4_S7	F4_S7	F4	S7	Lab overhead
	k141_4616	2191	3654	+	msr(A)	ABC-F type ribosomal protection protein Msr(A)	core	AMR	AMR	MACROLIDE/STREPTOGRAMIN	ERYTHROMYCIN/STREPTOGRAMIN B	BLASTX	488	488	100.0	99.59	488	WP_000438874.1	ABC-F type ribosomal protection protein Msr(A)			SRR17140504	non-PMA	F4_S7	F4_S7	F4	S7	Lab overhead
	k141_4616	3756	4652	+	mph(C)	Mph(C) family macrolide 2'-phosphotransferase	core	AMR	AMR	MACROLIDE	ERYTHROMYCIN/SPIRAMYCIN/TELITHROMYCIN	EXACTX	299	299	100.0	100.0	299	WP_000196697.1	Mph(C) family macrolide 2'-phosphotransferase			SRR17140504	non-PMA	F4_S7	F4_S7	F4	S7	Lab overhead
	k141_4616	6698	8239	+	qacA	quaternary ammonium compound efflux MFS transporter QacA	core	STRESS	BIOCIDE	QUATERNARY AMMONIUM	QUATERNARY AMMONIUM	EXACTX	514	514	100.0	100.0	514	WP_000622776.1	quaternary ammonium compound efflux MFS transporter QacA			SRR17140504	non-PMA	F4_S7	F4_S7	F4	S7	Lab overhead
	k141_7642	6303	6728	+	fosB	FosB family fosfomycin resistance bacillithiol transferase	core	AMR	AMR	FOSFOMYCIN	FOSFOMYCIN	BLASTX	142	142	100.0	98.59	142	WP_002437790.1	FosB family fosfomycin resistance bacillithiol transferase			SRR17140504	non-PMA	F4_S7	F4_S7	F4	S7	Lab overhead
	k141_8052	2231	2713	-	lnu(A)'	lincosamide nucleotidyltransferase Lnu(A)'	core	AMR	AMR	LINCOSAMIDE	LINCOSAMIDE	ALLELEX	161	161	100.0	100.0	161	WP_011428879.1	lincosamide nucleotidyltransferase Lnu(A)'			SRR17140504	non-PMA	F4_S7	F4_S7	F4	S7	Lab overhead
	k141_8181	2	280	-	lnu(A)	lincosamide nucleotidyltransferase Lnu(A)	core	AMR	AMR	LINCOSAMIDE	LINCOSAMIDE	PARTIAL_CONTIG_ENDX	93	161	57.76	98.92	93	WP_001829870.1	lincosamide nucleotidyltransferase Lnu(A)			SRR17140504	non-PMA	F4_S7	F4_S7	F4	S7	Lab overhead
	k141_855	2	280	-	lnu(A)	lincosamide nucleotidyltransferase Lnu(A)	core	AMR	AMR	LINCOSAMIDE	LINCOSAMIDE	PARTIAL_CONTIG_ENDX	93	161	57.76	100.0	93	WP_011645010.1	lincosamide nucleotidyltransferase Lnu(A)			SRR17140504	non-PMA	F4_S7	F4_S7	F4	S7	Lab overhead
	k141_880	1054	1527	+	erm(C)	23S rRNA (adenine(2058)-N(6))-methyltransferase Erm(C)	core	AMR	AMR	LINCOSAMIDE/MACROLIDE/STREPTOGRAMIN	CLINDAMYCIN/ERYTHROMYCIN/STREPTOGRAMIN B/TYLOSIN	PARTIAL_CONTIG_ENDX	158	244	64.75	100.0	158	WP_001003263.1	23S rRNA (adenine(2058)-N(6))-methyltransferase Erm(C)			SRR17140504	non-PMA	F4_S7	F4_S7	F4	S7	Lab overhead
