ARG-group	ReadCount	16s-NormalizedReadCount	Run	STATUS	SampleName	Pair_ID	Flight	LocationCode	Location
LNUA	3	0.110718795907	SRR17140442	PMA	F4_S5_P	F4_S5	F4	S5	Overhead 4
MAJOR_FACILITATOR_SUPERFAMILY_TRANSPORTER	3	0.0458244887945	SRR17140442	PMA	F4_S5_P	F4_S5	F4	S5	Overhead 4
BACA	6	0.130591400301	SRR17140442	PMA	F4_S5_P	F4_S5	F4	S5	Overhead 4
ERMC	2	0.0487041697844	SRR17140442	PMA	F4_S5_P	F4_S5	F4	S5	Overhead 4
ERMF	3	0.0670140080492	SRR17140442	PMA	F4_S5_P	F4_S5	F4	S5	Overhead 4
CAMP-REGULATORY_PROTEIN	2	0.0729068553827	SRR17140442	PMA	F4_S5_P	F4_S5	F4	S5	Overhead 4
PATB	18	0.275655558883	SRR17140442	PMA	F4_S5_P	F4_S5	F4	S5	Overhead 4
CHLORAMPHENICOL_EXPORTER	1	0.0125092815025	SRR17140442	PMA	F4_S5_P	F4_S5	F4	S5	Overhead 4
VGAA	6	0.0682978013068	SRR17140442	PMA	F4_S5_P	F4_S5	F4	S5	Overhead 4
RBPA	1	0.0521220062605	SRR17140442	PMA	F4_S5_P	F4_S5	F4	S5	Overhead 4
OPRN	3	0.037766368943	SRR17140442	PMA	F4_S5_P	F4_S5	F4	S5	Overhead 4
MULTIDRUG_ABC_TRANSPORTER	4	0.0411204755273	SRR17140442	PMA	F4_S5_P	F4_S5	F4	S5	Overhead 4
TETQ	3	0.0271320032589	SRR17140442	PMA	F4_S5_P	F4_S5	F4	S5	Overhead 4
OPRA	1	0.0127235732627	SRR17140442	PMA	F4_S5_P	F4_S5	F4	S5	Overhead 4
CEOB	5	0.0289284747502	SRR17140442	PMA	F4_S5_P	F4_S5	F4	S5	Overhead 4
UGD	2	0.0306283954314	SRR17140442	PMA	F4_S5_P	F4_S5	F4	S5	Overhead 4
ADEF	1	0.00561086752946	SRR17140442	PMA	F4_S5_P	F4_S5	F4	S5	Overhead 4
PBP-2X	24	0.190141078838	SRR17140442	PMA	F4_S5_P	F4_S5	F4	S5	Overhead 4
MDTG	3	0.044342602341	SRR17140442	PMA	F4_S5_P	F4_S5	F4	S5	Overhead 4
TETM	4	0.0371950467211	SRR17140442	PMA	F4_S5_P	F4_S5	F4	S5	Overhead 4
MDTK	1	0.0125356723918	SRR17140442	PMA	F4_S5_P	F4_S5	F4	S5	Overhead 4
QACB	8	0.0924810694738	SRR17140442	PMA	F4_S5_P	F4_S5	F4	S5	Overhead 4
QACA	1	0.0115601336842	SRR17140442	PMA	F4_S5_P	F4_S5	F4	S5	Overhead 4
LMRD	4	0.0359027716839	SRR17140442	PMA	F4_S5_P	F4_S5	F4	S5	Overhead 4
LMRC	2	0.0207759045933	SRR17140442	PMA	F4_S5_P	F4_S5	F4	S5	Overhead 4
MPHC	3	0.0596178131809	SRR17140442	PMA	F4_S5_P	F4_S5	F4	S5	Overhead 4
OQXB	1	0.00565896067971	SRR17140442	PMA	F4_S5_P	F4_S5	F4	S5	Overhead 4
TRIC	3	0.0175622917646	SRR17140442	PMA	F4_S5_P	F4_S5	F4	S5	Overhead 4
CAT_CHLORAMPHENICOL_ACETYLTRANSFERASE	2	0.0552735694297	SRR17140442	PMA	F4_S5_P	F4_S5	F4	S5	Overhead 4
OPRM	1	0.0126963861404	SRR17140442	PMA	F4_S5_P	F4_S5	F4	S5	Overhead 4
SMED	1	0.015080986583	SRR17140442	PMA	F4_S5_P	F4_S5	F4	S5	Overhead 4
KASUGAMYCIN_RESISTANCE_PROTEIN_KSGA	1	0.0217652333835	SRR17140442	PMA	F4_S5_P	F4_S5	F4	S5	Overhead 4
MEXF	4	0.0223800704847	SRR17140442	PMA	F4_S5_P	F4_S5	F4	S5	Overhead 4
RLMA(II)	7	0.147494187929	SRR17140442	PMA	F4_S5_P	F4_S5	F4	S5	Overhead 4
PBP-1A	26	0.214867352651	SRR17140442	PMA	F4_S5_P	F4_S5	F4	S5	Overhead 4
MACB	1	0.00922656632561	SRR17140442	PMA	F4_S5_P	F4_S5	F4	S5	Overhead 4
TRUNCATED_PUTATIVE_RESPONSE_REGULATOR_ARLR	2	0.0542640065177	SRR17140442	PMA	F4_S5_P	F4_S5	F4	S5	Overhead 4
APH(3')-I	5	0.109629312061	SRR17140442	PMA	F4_S5_P	F4_S5	F4	S5	Overhead 4
FMTC	2	0.0141474016993	SRR17140442	PMA	F4_S5_P	F4_S5	F4	S5	Overhead 4
OXA	4	0.086114619039	SRR17140442	PMA	F4_S5_P	F4_S5	F4	S5	Overhead 4
TEM	2	0.042291165222	SRR17140442	PMA	F4_S5_P	F4_S5	F4	S5	Overhead 4
PBP-1B	9	0.0651366363255	SRR17140442	PMA	F4_S5_P	F4_S5	F4	S5	Overhead 4
CLASS_A	4	0.0792254495159	SRR17140442	PMA	F4_S5_P	F4_S5	F4	S5	Overhead 4
EFPA	1	0.0112111485164	SRR17140442	PMA	F4_S5_P	F4_S5	F4	S5	Overhead 4
MEFA	10	0.1467137954	SRR17140442	PMA	F4_S5_P	F4_S5	F4	S5	Overhead 4
RPOB2	35	0.178973154027	SRR17140442	PMA	F4_S5_P	F4_S5	F4	S5	Overhead 4
MEL	4	0.0488041783466	SRR17140442	PMA	F4_S5_P	F4_S5	F4	S5	Overhead 4
EMRB-QACA_FAMILY_MAJOR_FACILITATOR_TRANSPORTER	4	0.049412962276	SRR17140442	PMA	F4_S5_P	F4_S5	F4	S5	Overhead 4
AMRB	1	0.0056860370466	SRR17140442	PMA	F4_S5_P	F4_S5	F4	S5	Overhead 4
MSRA	2	0.0243520848922	SRR17140442	PMA	F4_S5_P	F4_S5	F4	S5	Overhead 4
ACRB	3	0.0171072227841	SRR17140442	PMA	F4_S5_P	F4_S5	F4	S5	Overhead 4
NORA	1	0.0153141977157	SRR17140442	PMA	F4_S5_P	F4_S5	F4	S5	Overhead 4
TAEA	1	0.00916961221249	SRR17140442	PMA	F4_S5_P	F4_S5	F4	S5	Overhead 4
MARR	4	0.161684590849	SRR17140442	PMA	F4_S5_P	F4_S5	F4	S5	Overhead 4
EMRA	3	0.0457069901053	SRR17140442	PMA	F4_S5_P	F4_S5	F4	S5	Overhead 4
EMRB	5	0.0580264522822	SRR17140442	PMA	F4_S5_P	F4_S5	F4	S5	Overhead 4
ABCA	38	0.0298856331914	SRR17140446	PMA	F6_S7_P	F6_S7	F6	S7	Lab overhead
MAJOR_FACILITATOR_SUPERFAMILY_TRANSPORTER	41	0.120359323174	SRR17140446	PMA	F6_S7_P	F6_S7	F6	S7	Lab overhead
BACA	28	0.117122643438	SRR17140446	PMA	F6_S7_P	F6_S7	F6	S7	Lab overhead
ERMB	3	0.0139830094717	SRR17140446	PMA	F6_S7_P	F6_S7	F6	S7	Lab overhead
ERMC	5	0.023400528146	SRR17140446	PMA	F6_S7_P	F6_S7	F6	S7	Lab overhead
FOSB	3	0.0246463116588	SRR17140446	PMA	F6_S7_P	F6_S7	F6	S7	Lab overhead
ERM(TR)	2	0.00939873064629	SRR17140446	PMA	F6_S7_P	F6_S7	F6	S7	Lab overhead
STAPHYLOCOCCUS_MUPA_CONFERRING_RESISTANCE_TO_MUPIROCIN	2	0.00223036283892	SRR17140446	PMA	F6_S7_P	F6_S7	F6	S7	Lab overhead
PATA	1	0.00248789928872	SRR17140446	PMA	F6_S7_P	F6_S7	F6	S7	Lab overhead
ERMX	1	0.0045136196582	SRR17140446	PMA	F6_S7_P	F6_S7	F6	S7	Lab overhead
PATB	15	0.0441473881517	SRR17140446	PMA	F6_S7_P	F6_S7	F6	S7	Lab overhead
VGAA	16	0.0350021693034	SRR17140446	PMA	F6_S7_P	F6_S7	F6	S7	Lab overhead
RBPA	2	0.0200341363776	SRR17140446	PMA	F6_S7_P	F6_S7	F6	S7	Lab overhead
DFRC	12	0.0851139706975	SRR17140446	PMA	F6_S7_P	F6_S7	F6	S7	Lab overhead
MARR	18	0.139830094717	SRR17140446	PMA	F6_S7_P	F6_S7	F6	S7	Lab overhead
MULTIDRUG_ABC_TRANSPORTER	60	0.118541083757	SRR17140446	PMA	F6_S7_P	F6_S7	F6	S7	Lab overhead
MEPA	8	0.0432965222189	SRR17140446	PMA	F6_S7_P	F6_S7	F6	S7	Lab overhead
OPMB	1	0.00229306380226	SRR17140446	PMA	F6_S7_P	F6_S7	F6	S7	Lab overhead
MEXW	3	0.00336526259388	SRR17140446	PMA	F6_S7_P	F6_S7	F6	S7	Lab overhead
MECA	1	0.00170949966097	SRR17140446	PMA	F6_S7_P	F6_S7	F6	S7	Lab overhead
RLMA(II)	20	0.0809890619521	SRR17140446	PMA	F6_S7_P	F6_S7	F6	S7	Lab overhead
UGD	1	0.00294315921012	SRR17140446	PMA	F6_S7_P	F6_S7	F6	S7	Lab overhead
PBP-2X	30	0.045677830941	SRR17140446	PMA	F6_S7_P	F6_S7	F6	S7	Lab overhead
MDTG	13	0.0369285946662	SRR17140446	PMA	F6_S7_P	F6_S7	F6	S7	Lab overhead
ADEB	4	0.00440905704064	SRR17140446	PMA	F6_S7_P	F6_S7	F6	S7	Lab overhead
TETM	9	0.0160837432891	SRR17140446	PMA	F6_S7_P	F6_S7	F6	S7	Lab overhead
ADEL	1	0.00338856312619	SRR17140446	PMA	F6_S7_P	F6_S7	F6	S7	Lab overhead
QACB	7	0.01555179069	SRR17140446	PMA	F6_S7_P	F6_S7	F6	S7	Lab overhead
MEXD	1	0.00109486651345	SRR17140446	PMA	F6_S7_P	F6_S7	F6	S7	Lab overhead
LMRD	2	0.00344998723119	SRR17140446	PMA	F6_S7_P	F6_S7	F6	S7	Lab overhead
ADEJ	2	0.00215868766262	SRR17140446	PMA	F6_S7_P	F6_S7	F6	S7	Lab overhead
MPHC	1	0.00381921663386	SRR17140446	PMA	F6_S7_P	F6_S7	F6	S7	Lab overhead
VANR	5	0.0249333138324	SRR17140446	PMA	F6_S7_P	F6_S7	F6	S7	Lab overhead
CAT_CHLORAMPHENICOL_ACETYLTRANSFERASE	2	0.0106227513816	SRR17140446	PMA	F6_S7_P	F6_S7	F6	S7	Lab overhead
AADD	1	0.0045136196582	SRR17140446	PMA	F6_S7_P	F6_S7	F6	S7	Lab overhead
MTRD	1	0.00107023971277	SRR17140446	PMA	F6_S7_P	F6_S7	F6	S7	Lab overhead
TETQ	3	0.00521436426267	SRR17140446	PMA	F6_S7_P	F6_S7	F6	S7	Lab overhead
TETA	1	0.00271891850839	SRR17140446	PMA	F6_S7_P	F6_S7	F6	S7	Lab overhead
PBP-1A	30	0.0476472506339	SRR17140446	PMA	F6_S7_P	F6_S7	F6	S7	Lab overhead
MACB	2	0.00354641544573	SRR17140446	PMA	F6_S7_P	F6_S7	F6	S7	Lab overhead
TRUNCATED_PUTATIVE_RESPONSE_REGULATOR_ARLR	11	0.0573580068894	SRR17140446	PMA	F6_S7_P	F6_S7	F6	S7	Lab overhead
TET35	1	0.00309470399329	SRR17140446	PMA	F6_S7_P	F6_S7	F6	S7	Lab overhead
FMTC	36	0.0489405331511	SRR17140446	PMA	F6_S7_P	F6_S7	F6	S7	Lab overhead
EFRB	1	0.0031545463357	SRR17140446	PMA	F6_S7_P	F6_S7	F6	S7	Lab overhead
EFRA	2	0.00470905473618	SRR17140446	PMA	F6_S7_P	F6_S7	F6	S7	Lab overhead
PBP-1B	32	0.044509457677	SRR17140446	PMA	F6_S7_P	F6_S7	F6	S7	Lab overhead
CLASS_C	1	0.00292806608596	SRR17140446	PMA	F6_S7_P	F6_S7	F6	S7	Lab overhead
CLASS_A	15	0.0570972886762	SRR17140446	PMA	F6_S7_P	F6_S7	F6	S7	Lab overhead
MEFA	1	0.00281961919389	SRR17140446	PMA	F6_S7_P	F6_S7	F6	S7	Lab overhead
TETB	2	0.005075314549	SRR17140446	PMA	F6_S7_P	F6_S7	F6	S7	Lab overhead
RPOB2	77	0.0756711054745	SRR17140446	PMA	F6_S7_P	F6_S7	F6	S7	Lab overhead
MEL	1	0.00234485785118	SRR17140446	PMA	F6_S7_P	F6_S7	F6	S7	Lab overhead
ARLS	5	0.0126601526998	SRR17140446	PMA	F6_S7_P	F6_S7	F6	S7	Lab overhead
QACA	2	0.00444336876858	SRR17140446	PMA	F6_S7_P	F6_S7	F6	S7	Lab overhead
EMRB-QACA_FAMILY_MAJOR_FACILITATOR_TRANSPORTER	39	0.0925901978534	SRR17140446	PMA	F6_S7_P	F6_S7	F6	S7	Lab overhead
OMPR	2	0.0100170681888	SRR17140446	PMA	F6_S7_P	F6_S7	F6	S7	Lab overhead
AMRB	1	0.00109277107514	SRR17140446	PMA	F6_S7_P	F6_S7	F6	S7	Lab overhead
MSRA	14	0.0327607394044	SRR17140446	PMA	F6_S7_P	F6_S7	F6	S7	Lab overhead
NORB	4	0.00980210964399	SRR17140446	PMA	F6_S7_P	F6_S7	F6	S7	Lab overhead
NORA	16	0.0470905473618	SRR17140446	PMA	F6_S7_P	F6_S7	F6	S7	Lab overhead
TAEA	1	0.00176226199618	SRR17140446	PMA	F6_S7_P	F6_S7	F6	S7	Lab overhead
AAD(9)	1	0.00439209912894	SRR17140446	PMA	F6_S7_P	F6_S7	F6	S7	Lab overhead
TETP	2	0.00542492053931	SRR17140446	PMA	F6_S7_P	F6_S7	F6	S7	Lab overhead
EMRB	1	0.00223036283892	SRR17140446	PMA	F6_S7_P	F6_S7	F6	S7	Lab overhead
MEXE	1	0.00287643771669	SRR17140446	PMA	F6_S7_P	F6_S7	F6	S7	Lab overhead
TOLC	1	0.00230696115864	SRR17140446	PMA	F6_S7_P	F6_S7	F6	S7	Lab overhead
MEXT	4	0.0150256022832	SRR17140446	PMA	F6_S7_P	F6_S7	F6	S7	Lab overhead
LNUA	2	0.10165039929	SRR17140448	PMA	F6_S6_P	F6_S6	F6	S6	PMM
MAJOR_FACILITATOR_SUPERFAMILY_TRANSPORTER	7	0.147249357326	SRR17140448	PMA	F6_S6_P	F6_S6	F6	S6	PMM
BACA	5	0.149869178441	SRR17140448	PMA	F6_S6_P	F6_S6	F6	S6	PMM
MUXB	2	0.0156910012327	SRR17140448	PMA	F6_S6_P	F6_S6	F6	S6	PMM
ERMF	1	0.0307626208378	SRR17140448	PMA	F6_S6_P	F6_S6	F6	S6	PMM
CAMP-REGULATORY_PROTEIN	1	0.0502015775635	SRR17140448	PMA	F6_S6_P	F6_S6	F6	S6	PMM
AAC(6')-IE-APH(2'')-IA	3	0.0512496271995	SRR17140448	PMA	F6_S6_P	F6_S6	F6	S6	PMM
PATB	3	0.0632695139912	SRR17140448	PMA	F6_S6_P	F6_S6	F6	S6	PMM
UGD	1	0.0210898379971	SRR17140448	PMA	F6_S6_P	F6_S6	F6	S6	PMM
MSBA	2	0.0281197839961	SRR17140448	PMA	F6_S6_P	F6_S6	F6	S6	PMM
TETB(60)	1	0.0141327411794	SRR17140448	PMA	F6_S6_P	F6_S6	F6	S6	PMM
DFRC	2	0.10165039929	SRR17140448	PMA	F6_S6_P	F6_S6	F6	S6	PMM
TETA	1	0.0194829931973	SRR17140448	PMA	F6_S6_P	F6_S6	F6	S6	PMM
MULTIDRUG_ABC_TRANSPORTER	6	0.0849431537321	SRR17140448	PMA	F6_S6_P	F6_S6	F6	S6	PMM
MEPA	1	0.0387813134733	SRR17140448	PMA	F6_S6_P	F6_S6	F6	S6	PMM
MEXW	1	0.00803817008139	SRR17140448	PMA	F6_S6_P	F6_S6	F6	S6	PMM
NORA	4	0.0843593519882	SRR17140448	PMA	F6_S6_P	F6_S6	F6	S6	PMM
MEXQ	2	0.0155419888753	SRR17140448	PMA	F6_S6_P	F6_S6	F6	S6	PMM
VGAA	3	0.0470279146141	SRR17140448	PMA	F6_S6_P	F6_S6	F6	S6	PMM
PBP-2X	2	0.021820952381	SRR17140448	PMA	F6_S6_P	F6_S6	F6	S6	PMM
MDTG	6	0.122132196162	SRR17140448	PMA	F6_S6_P	F6_S6	F6	S6	PMM
MEXK	2	0.0159665505226	SRR17140448	PMA	F6_S6_P	F6_S6	F6	S6	PMM
PENA	10	0.131346021555	SRR17140448	PMA	F6_S6_P	F6_S6	F6	S6	PMM
MDTK	2	0.0345268233876	SRR17140448	PMA	F6_S6_P	F6_S6	F6	S6	PMM
QACB	3	0.0477598665926	SRR17140448	PMA	F6_S6_P	F6_S6	F6	S6	PMM
MDTH	1	0.020355366027	SRR17140448	PMA	F6_S6_P	F6_S6	F6	S6	PMM
CPXA	4	0.0716223819944	SRR17140448	PMA	F6_S6_P	F6_S6	F6	S6	PMM
MDTN	1	0.023856726364	SRR17140448	PMA	F6_S6_P	F6_S6	F6	S6	PMM
MPHC	2	0.054734830387	SRR17140448	PMA	F6_S6_P	F6_S6	F6	S6	PMM
OQXA	2	0.0418560467665	SRR17140448	PMA	F6_S6_P	F6_S6	F6	S6	PMM
OQXB	1	0.00779319727891	SRR17140448	PMA	F6_S6_P	F6_S6	F6	S6	PMM
VANX	2	0.081018387553	SRR17140448	PMA	F6_S6_P	F6_S6	F6	S6	PMM
TRIA	1	0.0213651622529	SRR17140448	PMA	F6_S6_P	F6_S6	F6	S6	PMM
MEXF	1	0.0077051385526	SRR17140448	PMA	F6_S6_P	F6_S6	F6	S6	PMM
PBP-1A	1	0.0113808861514	SRR17140448	PMA	F6_S6_P	F6_S6	F6	S6	PMM
TRUNCATED_PUTATIVE_RESPONSE_REGULATOR_ARLR	1	0.0373646444879	SRR17140448	PMA	F6_S6_P	F6_S6	F6	S6	PMM
FMTC	1	0.00974149659864	SRR17140448	PMA	F6_S6_P	F6_S6	F6	S6	PMM
EFRB	3	0.0678137332281	SRR17140448	PMA	F6_S6_P	F6_S6	F6	S6	PMM
PBP-1B	1	0.00996693927266	SRR17140448	PMA	F6_S6_P	F6_S6	F6	S6	PMM
CLASS_A	4	0.109104761905	SRR17140448	PMA	F6_S6_P	F6_S6	F6	S6	PMM
MTRA	1	0.0358897243108	SRR17140448	PMA	F6_S6_P	F6_S6	F6	S6	PMM
OPRM	2	0.0349694749695	SRR17140448	PMA	F6_S6_P	F6_S6	F6	S6	PMM
TETB	1	0.0181841269841	SRR17140448	PMA	F6_S6_P	F6_S6	F6	S6	PMM
RPOB2	13	0.0915465945414	SRR17140448	PMA	F6_S6_P	F6_S6	F6	S6	PMM
MEXB	2	0.0156459983611	SRR17140448	PMA	F6_S6_P	F6_S6	F6	S6	PMM
MEXY	1	0.00783048530417	SRR17140448	PMA	F6_S6_P	F6_S6	F6	S6	PMM
EMRB-QACA_FAMILY_MAJOR_FACILITATOR_TRANSPORTER	6	0.102073062073	SRR17140448	PMA	F6_S6_P	F6_S6	F6	S6	PMM
MUXC	1	0.00789851075565	SRR17140448	PMA	F6_S6_P	F6_S6	F6	S6	PMM
MSRA	2	0.0335362997658	SRR17140448	PMA	F6_S6_P	F6_S6	F6	S6	PMM
ACRB	1	0.00785302988758	SRR17140448	PMA	F6_S6_P	F6_S6	F6	S6	PMM
ARNA	1	0.012360811394	SRR17140448	PMA	F6_S6_P	F6_S6	F6	S6	PMM
ACRA	1	0.0205084138919	SRR17140448	PMA	F6_S6_P	F6_S6	F6	S6	PMM
MARR	1	0.0556656948494	SRR17140448	PMA	F6_S6_P	F6_S6	F6	S6	PMM
TETP	9	0.174930437733	SRR17140448	PMA	F6_S6_P	F6_S6	F6	S6	PMM
EMRB	1	0.0159821428571	SRR17140448	PMA	F6_S6_P	F6_S6	F6	S6	PMM
EMRD	2	0.0415373459028	SRR17140448	PMA	F6_S6_P	F6_S6	F6	S6	PMM
TOLC	2	0.033062049062	SRR17140448	PMA	F6_S6_P	F6_S6	F6	S6	PMM
TRUNCATED_PUTATIVE_RESPONSE_REGULATOR_ARLR	4	0.03731134257	SRR17140450	PMA	F6_S5_P	F6_S5	F6	S5	Overhead 4
TETR	2	0.0196422692856	SRR17140450	PMA	F6_S5_P	F6_S5	F6	S5	Overhead 4
ABCA	1440	2.02591339409	SRR17140450	PMA	F6_S5_P	F6_S5	F6	S5	Overhead 4
MAJOR_FACILITATOR_SUPERFAMILY_TRANSPORTER	4	0.0210056144546	SRR17140450	PMA	F6_S5_P	F6_S5	F6	S5	Overhead 4
BACA	6	0.04489661551	SRR17140450	PMA	F6_S5_P	F6_S5	F6	S5	Overhead 4
ERMB	6	0.0500276572826	SRR17140450	PMA	F6_S5_P	F6_S5	F6	S5	Overhead 4
ERMA	2	0.0142355122349	SRR17140450	PMA	F6_S5_P	F6_S5	F6	S5	Overhead 4
CAMP-REGULATORY_PROTEIN	1	0.0125324908326	SRR17140450	PMA	F6_S5_P	F6_S5	F6	S5	Overhead 4
ROSA	3	0.0149472878466	SRR17140450	PMA	F6_S5_P	F6_S5	F6	S5	Overhead 4
ERMX	1	0.00807429251267	SRR17140450	PMA	F6_S5_P	F6_S5	F6	S5	Overhead 4
PATB	1	0.00526493815904	SRR17140450	PMA	F6_S5_P	F6_S5	F6	S5	Overhead 4
UGD	5	0.0263246907952	SRR17140450	PMA	F6_S5_P	F6_S5	F6	S5	Overhead 4
TETA(60)	5	0.0176407254379	SRR17140450	PMA	F6_S5_P	F6_S5	F6	S5	Overhead 4
PGPB	1	0.00865591527842	SRR17140450	PMA	F6_S5_P	F6_S5	F6	S5	Overhead 4
MEXQ	1	0.0019399772134	SRR17140450	PMA	F6_S5_P	F6_S5	F6	S5	Overhead 4
TETB(60)	1	0.00352814508758	SRR17140450	PMA	F6_S5_P	F6_S5	F6	S5	Overhead 4
ESCHERICHIA_COLI_LAMB	1	0.00458026010248	SRR17140450	PMA	F6_S5_P	F6_S5	F6	S5	Overhead 4
MEXN	1	0.00197181081632	SRR17140450	PMA	F6_S5_P	F6_S5	F6	S5	Overhead 4
MEXF	1	0.00192353672854	SRR17140450	PMA	F6_S5_P	F6_S5	F6	S5	Overhead 4
TETA	2	0.00972760002717	SRR17140450	PMA	F6_S5_P	F6_S5	F6	S5	Overhead 4
MARR	6	0.0833794288043	SRR17140450	PMA	F6_S5_P	F6_S5	F6	S5	Overhead 4
ADER	2	0.0165408583458	SRR17140450	PMA	F6_S5_P	F6_S5	F6	S5	Overhead 4
TETQ	4	0.01243711419	SRR17140450	PMA	F6_S5_P	F6_S5	F6	S5	Overhead 4
TETP	7	0.033965729311	SRR17140450	PMA	F6_S5_P	F6_S5	F6	S5	Overhead 4
MPHD	2	0.0138965714674	SRR17140450	PMA	F6_S5_P	F6_S5	F6	S5	Overhead 4
LSAC	12	0.0498242928221	SRR17140450	PMA	F6_S5_P	F6_S5	F6	S5	Overhead 4
TETW	5	0.0159843192935	SRR17140450	PMA	F6_S5_P	F6_S5	F6	S5	Overhead 4
LMRP	1	0.00503151725543	SRR17140450	PMA	F6_S5_P	F6_S5	F6	S5	Overhead 4
MDTC	1	0.00199297171288	SRR17140450	PMA	F6_S5_P	F6_S5	F6	S5	Overhead 4
PBP-2X	2	0.00544745601522	SRR17140450	PMA	F6_S5_P	F6_S5	F6	S5	Overhead 4
TETM	2	0.00639372771739	SRR17140450	PMA	F6_S5_P	F6_S5	F6	S5	Overhead 4
VGAA	6	0.0234804138587	SRR17140450	PMA	F6_S5_P	F6_S5	F6	S5	Overhead 4
ADEB	2	0.00394362163264	SRR17140450	PMA	F6_S5_P	F6_S5	F6	S5	Overhead 4
ADEL	3	0.0181851276472	SRR17140450	PMA	F6_S5_P	F6_S5	F6	S5	Overhead 4
MEXG	1	0.0138026757142	SRR17140450	PMA	F6_S5_P	F6_S5	F6	S5	Overhead 4
MEXD	1	0.00195857718668	SRR17140450	PMA	F6_S5_P	F6_S5	F6	S5	Overhead 4
MULTIDRUG_ABC_TRANSPORTER	2	0.00706849828964	SRR17140450	PMA	F6_S5_P	F6_S5	F6	S5	Overhead 4
KDPE	2	0.0181581867174	SRR17140450	PMA	F6_S5_P	F6_S5	F6	S5	Overhead 4
ADEI	1	0.00491056732141	SRR17140450	PMA	F6_S5_P	F6_S5	F6	S5	Overhead 4
ADEK	1	0.00422065290435	SRR17140450	PMA	F6_S5_P	F6_S5	F6	S5	Overhead 4
MPHC	1	0.00683209366457	SRR17140450	PMA	F6_S5_P	F6_S5	F6	S5	Overhead 4
OQXA	2	0.0104490844282	SRR17140450	PMA	F6_S5_P	F6_S5	F6	S5	Overhead 4
MECR1	1	0.00622803660276	SRR17140450	PMA	F6_S5_P	F6_S5	F6	S5	Overhead 4
CAT_CHLORAMPHENICOL_ACETYLTRANSFERASE	2	0.0190027535415	SRR17140450	PMA	F6_S5_P	F6_S5	F6	S5	Overhead 4
SHV	4	0.0285705735064	SRR17140450	PMA	F6_S5_P	F6_S5	F6	S5	Overhead 4
AADE	1	0.00861939242914	SRR17140450	PMA	F6_S5_P	F6_S5	F6	S5	Overhead 4
BICYCLOMYCIN-MULTIDRUG_EFFLUX_PROTEIN_BCR	1	0.00515857577199	SRR17140450	PMA	F6_S5_P	F6_S5	F6	S5	Overhead 4
TRIC	1	0.00201260690217	SRR17140450	PMA	F6_S5_P	F6_S5	F6	S5	Overhead 4
LLMA_23S_RIBOSOMAL_RNA_METHYLTRANSFERASE	2	0.0142355122349	SRR17140450	PMA	F6_S5_P	F6_S5	F6	S5	Overhead 4
RLMA(II)	4	0.0289758298682	SRR17140450	PMA	F6_S5_P	F6_S5	F6	S5	Overhead 4
TAEA	1	0.00315246297177	SRR17140450	PMA	F6_S5_P	F6_S5	F6	S5	Overhead 4
TETA(46)	1	0.00355887805872	SRR17140450	PMA	F6_S5_P	F6_S5	F6	S5	Overhead 4
MACB	2	0.00634408697424	SRR17140450	PMA	F6_S5_P	F6_S5	F6	S5	Overhead 4
QACB	2	0.0079486225903	SRR17140450	PMA	F6_S5_P	F6_S5	F6	S5	Overhead 4
APH(3')-I	1	0.00753799264098	SRR17140450	PMA	F6_S5_P	F6_S5	F6	S5	Overhead 4
EFRB	1	0.00564308288869	SRR17140450	PMA	F6_S5_P	F6_S5	F6	S5	Overhead 4
MTRD	1	0.00191452296692	SRR17140450	PMA	F6_S5_P	F6_S5	F6	S5	Overhead 4
PBP-1A	11	0.0312527900734	SRR17140450	PMA	F6_S5_P	F6_S5	F6	S5	Overhead 4
TETB(46)	1	0.00353424914482	SRR17140450	PMA	F6_S5_P	F6_S5	F6	S5	Overhead 4
ADP-RIBOSYLATING_TRANSFERASE_ARR	2	0.0272372800761	SRR17140450	PMA	F6_S5_P	F6_S5	F6	S5	Overhead 4
BAER	3	0.0255349500713	SRR17140450	PMA	F6_S5_P	F6_S5	F6	S5	Overhead 4
RPOB2	55	0.0966900002701	SRR17140450	PMA	F6_S5_P	F6_S5	F6	S5	Overhead 4
LMRC	2	0.00714264337659	SRR17140450	PMA	F6_S5_P	F6_S5	F6	S5	Overhead 4
ARLS	1	0.00452948116565	SRR17140450	PMA	F6_S5_P	F6_S5	F6	S5	Overhead 4
EMRB-QACA_FAMILY_MAJOR_FACILITATOR_TRANSPORTER	1	0.00424697714284	SRR17140450	PMA	F6_S5_P	F6_S5	F6	S5	Overhead 4
OMPF	1	0.00581993164019	SRR17140450	PMA	F6_S5_P	F6_S5	F6	S5	Overhead 4
AMRB	4	0.00781931485438	SRR17140450	PMA	F6_S5_P	F6_S5	F6	S5	Overhead 4
MSRA	3	0.0125581721662	SRR17140450	PMA	F6_S5_P	F6_S5	F6	S5	Overhead 4
ACRB	12	0.0235254818315	SRR17140450	PMA	F6_S5_P	F6_S5	F6	S5	Overhead 4
NORB	1	0.00438368241568	SRR17140450	PMA	F6_S5_P	F6_S5	F6	S5	Overhead 4
TET(38)	2	0.00907909335869	SRR17140450	PMA	F6_S5_P	F6_S5	F6	S5	Overhead 4
ACRA	2	0.010239578976	SRR17140450	PMA	F6_S5_P	F6_S5	F6	S5	Overhead 4
TET32	3	0.00959059157609	SRR17140450	PMA	F6_S5_P	F6_S5	F6	S5	Overhead 4
ACRD	1	0.00196990935941	SRR17140450	PMA	F6_S5_P	F6_S5	F6	S5	Overhead 4
MEL	3	0.0125839589674	SRR17140450	PMA	F6_S5_P	F6_S5	F6	S5	Overhead 4
EMRA	3	0.0157138154285	SRR17140450	PMA	F6_S5_P	F6_S5	F6	S5	Overhead 4
EMRB	1	0.00398983594864	SRR17140450	PMA	F6_S5_P	F6_S5	F6	S5	Overhead 4
OPRA	3	0.0131228865463	SRR17140450	PMA	F6_S5_P	F6_S5	F6	S5	Overhead 4
TOLC	1	0.00412686061759	SRR17140450	PMA	F6_S5_P	F6_S5	F6	S5	Overhead 4
OMPR	50	0.0559278873944	SRR17140453	PMA	F6_S4_P	F6_S4	F6	S4	Dining table
BACA	606	0.566113138865	SRR17140453	PMA	F6_S4_P	F6_S4	F6	S4	Dining table
EPTA	3	0.00139870840869	SRR17140453	PMA	F6_S4_P	F6_S4	F6	S4	Dining table
MSBA	72	0.0315502474043	SRR17140453	PMA	F6_S4_P	F6_S4	F6	S4	Dining table
RBPA	1	0.00223711549577	SRR17140453	PMA	F6_S4_P	F6_S4	F6	S4	Dining table
MULTIDRUG_ABC_TRANSPORTER	6	0.0026473823514	SRR17140453	PMA	F6_S4_P	F6_S4	F6	S4	Dining table
ADEF	3	0.000722467893819	SRR17140453	PMA	F6_S4_P	F6_S4	F6	S4	Dining table
LMRP	3	0.00188446674767	SRR17140453	PMA	F6_S4_P	F6_S4	F6	S4	Dining table
PBP-2X	1	0.000340041555358	SRR17140453	PMA	F6_S4_P	F6_S4	F6	S4	Dining table
LMRD	6	0.00231146072373	SRR17140453	PMA	F6_S4_P	F6_S4	F6	S4	Dining table
LMRC	6	0.00267515209635	SRR17140453	PMA	F6_S4_P	F6_S4	F6	S4	Dining table
MPHC	1	0.000852947045212	SRR17140453	PMA	F6_S4_P	F6_S4	F6	S4	Dining table
MPHD	1	0.000867452947341	SRR17140453	PMA	F6_S4_P	F6_S4	F6	S4	Dining table
FMTC	1	0.000303608531569	SRR17140453	PMA	F6_S4_P	F6_S4	F6	S4	Dining table
CLASS_C	2	0.00130785213599	SRR17140453	PMA	F6_S4_P	F6_S4	F6	S4	Dining table
CLASS_A	2	0.00170020777679	SRR17140453	PMA	F6_S4_P	F6_S4	F6	S4	Dining table
MTRA	1	0.00111855774789	SRR17140453	PMA	F6_S4_P	F6_S4	F6	S4	Dining table
ROSA	6	0.00373216341246	SRR17140453	PMA	F6_S4_P	F6_S4	F6	S4	Dining table
ROSB	2	0.000939341313143	SRR17140453	PMA	F6_S4_P	F6_S4	F6	S4	Dining table
MEXC	2	0.00131799052464	SRR17140453	PMA	F6_S4_P	F6_S4	F6	S4	Dining table
NORA	2	0.00131459364185	SRR17140453	PMA	F6_S4_P	F6_S4	F6	S4	Dining table
MAJOR_FACILITATOR_SUPERFAMILY_TRANSPORTER	4	0.00262242844749	SRR17140453	PMA	F6_S4_P	F6_S4	F6	S4	Dining table
CAMP-REGULATORY_PROTEIN	17	0.0265983425203	SRR17140453	PMA	F6_S4_P	F6_S4	F6	S4	Dining table
STAPHYLOCOCCUS_MUPA_CONFERRING_RESISTANCE_TO_MUPIROCIN	1	0.000249053873553	SRR17140453	PMA	F6_S4_P	F6_S4	F6	S4	Dining table
AMRB	14	0.00341668548446	SRR17140453	PMA	F6_S4_P	F6_S4	F6	S4	Dining table
YOJI	2	0.000932472272462	SRR17140453	PMA	F6_S4_P	F6_S4	F6	S4	Dining table
DFRC	1	0.00158404451254	SRR17140453	PMA	F6_S4_P	F6_S4	F6	S4	Dining table
UGD	2	0.00131459364185	SRR17140453	PMA	F6_S4_P	F6_S4	F6	S4	Dining table
MDTC	18	0.00447859609495	SRR17140453	PMA	F6_S4_P	F6_S4	F6	S4	Dining table
MDTB	61	0.0149585588054	SRR17140453	PMA	F6_S4_P	F6_S4	F6	S4	Dining table
MDTG	1	0.000634405886861	SRR17140453	PMA	F6_S4_P	F6_S4	F6	S4	Dining table
MDTF	13	0.00319711202	SRR17140453	PMA	F6_S4_P	F6_S4	F6	S4	Dining table
MDTK	13	0.006994525664	SRR17140453	PMA	F6_S4_P	F6_S4	F6	S4	Dining table
VANR	1	0.00111367321624	SRR17140453	PMA	F6_S4_P	F6_S4	F6	S4	Dining table
MVAT	154	0.316732255192	SRR17140453	PMA	F6_S4_P	F6_S4	F6	S4	Dining table
BAES	2	0.00109221056325	SRR17140453	PMA	F6_S4_P	F6_S4	F6	S4	Dining table
MUXB	181	0.04425756581	SRR17140453	PMA	F6_S4_P	F6_S4	F6	S4	Dining table
PMRF	2	0.00158404451254	SRR17140453	PMA	F6_S4_P	F6_S4	F6	S4	Dining table
MUXA	17	0.0101773000723	SRR17140453	PMA	F6_S4_P	F6_S4	F6	S4	Dining table
RPSD_(RAMA_OR_SUD2)	32	0.0297846617832	SRR17140453	PMA	F6_S4_P	F6_S4	F6	S4	Dining table
EMRA	1	0.000653926067996	SRR17140453	PMA	F6_S4_P	F6_S4	F6	S4	Dining table
EMRB	48	0.0239091718611	SRR17140453	PMA	F6_S4_P	F6_S4	F6	S4	Dining table
ABCA	2	0.00035128259851	SRR17140453	PMA	F6_S4_P	F6_S4	F6	S4	Dining table
MDFA	1	0.00062202723541	SRR17140453	PMA	F6_S4_P	F6_S4	F6	S4	Dining table
ERMC	1	0.00104520969885	SRR17140453	PMA	F6_S4_P	F6_S4	F6	S4	Dining table
ERMA	1	0.000888610336301	SRR17140453	PMA	F6_S4_P	F6_S4	F6	S4	Dining table
ESCHERICHIA_COLI_LAMB	1	0.00057181875901	SRR17140453	PMA	F6_S4_P	F6_S4	F6	S4	Dining table
OPMH	218	0.115346046268	SRR17140453	PMA	F6_S4_P	F6_S4	F6	S4	Dining table
OPMB	18	0.00921799397054	SRR17140453	PMA	F6_S4_P	F6_S4	F6	S4	Dining table
TETM	2	0.000798219613516	SRR17140453	PMA	F6_S4_P	F6_S4	F6	S4	Dining table
QACB	2	0.000992339169332	SRR17140453	PMA	F6_S4_P	F6_S4	F6	S4	Dining table
RLMA(II)	4	0.00361746335487	SRR17140453	PMA	F6_S4_P	F6_S4	F6	S4	Dining table
TRIA	31	0.0206422093004	SRR17140453	PMA	F6_S4_P	F6_S4	F6	S4	Dining table
TRIC	747	0.187692888068	SRR17140453	PMA	F6_S4_P	F6_S4	F6	S4	Dining table
TRUNCATED_PUTATIVE_RESPONSE_REGULATOR_ARLR	1	0.00116452587451	SRR17140453	PMA	F6_S4_P	F6_S4	F6	S4	Dining table
MEL	1	0.000523677959996	SRR17140453	PMA	F6_S4_P	F6_S4	F6	S4	Dining table
ARNA	1	0.000385243453955	SRR17140453	PMA	F6_S4_P	F6_S4	F6	S4	Dining table
TET(K)	4	0.00222249382587	SRR17140453	PMA	F6_S4_P	F6_S4	F6	S4	Dining table
MARR	3	0.00520471768405	SRR17140453	PMA	F6_S4_P	F6_S4	F6	S4	Dining table
EMRB-QACA_FAMILY_MAJOR_FACILITATOR_TRANSPORTER	1	0.000530210325402	SRR17140453	PMA	F6_S4_P	F6_S4	F6	S4	Dining table
MUXC	59	0.0145239756994	SRR17140453	PMA	F6_S4_P	F6_S4	F6	S4	Dining table
ACRB	119	0.0291254403221	SRR17140453	PMA	F6_S4_P	F6_S4	F6	S4	Dining table
OPRN	192	0.103741491465	SRR17140453	PMA	F6_S4_P	F6_S4	F6	S4	Dining table
OPRM	184	0.100268663759	SRR17140453	PMA	F6_S4_P	F6_S4	F6	S4	Dining table
ADES	1	0.000706457524981	SRR17140453	PMA	F6_S4_P	F6_S4	F6	S4	Dining table
MEXW	1096	0.274571864935	SRR17140453	PMA	F6_S4_P	F6_S4	F6	S4	Dining table
MEXT	412	0.345634344097	SRR17140453	PMA	F6_S4_P	F6_S4	F6	S4	Dining table
MEXN	266	0.0654809751871	SRR17140453	PMA	F6_S4_P	F6_S4	F6	S4	Dining table
MEXL	2	0.00240595440112	SRR17140453	PMA	F6_S4_P	F6_S4	F6	S4	Dining table
MEXJ	70	0.0486435467474	SRR17140453	PMA	F6_S4_P	F6_S4	F6	S4	Dining table
MEXK	824	0.205020176791	SRR17140453	PMA	F6_S4_P	F6_S4	F6	S4	Dining table
ADEB	20	0.00492338159302	SRR17140453	PMA	F6_S4_P	F6_S4	F6	S4	Dining table
MEXF	936	0.224773231508	SRR17140453	PMA	F6_S4_P	F6_S4	F6	S4	Dining table
TRANSCRIPTIONAL_REGULATORY_PROTEIN_CPXR_CPXR	2	0.00219854453895	SRR17140453	PMA	F6_S4_P	F6_S4	F6	S4	Dining table
MEXD	58	0.0141819824142	SRR17140453	PMA	F6_S4_P	F6_S4	F6	S4	Dining table
MEXE	180	0.115631259379	SRR17140453	PMA	F6_S4_P	F6_S4	F6	S4	Dining table
MEXB	806	0.196515411294	SRR17140453	PMA	F6_S4_P	F6_S4	F6	S4	Dining table
ADEI	2	0.00122611137749	SRR17140453	PMA	F6_S4_P	F6_S4	F6	S4	Dining table
ADEJ	21	0.00506205529006	SRR17140453	PMA	F6_S4_P	F6_S4	F6	S4	Dining table
MEXA	94	0.0625925056207	SRR17140453	PMA	F6_S4_P	F6_S4	F6	S4	Dining table
SMEF	1	0.000538040435693	SRR17140453	PMA	F6_S4_P	F6_S4	F6	S4	Dining table
SMEE	6	0.00147133365299	SRR17140453	PMA	F6_S4_P	F6_S4	F6	S4	Dining table
SMED	6	0.00388372334799	SRR17140453	PMA	F6_S4_P	F6_S4	F6	S4	Dining table
SMEC	1	0.000541467444837	SRR17140453	PMA	F6_S4_P	F6_S4	F6	S4	Dining table
MACB	126	0.0498974021449	SRR17140453	PMA	F6_S4_P	F6_S4	F6	S4	Dining table
MACA	3	0.00206224662953	SRR17140453	PMA	F6_S4_P	F6_S4	F6	S4	Dining table
SMER	1	0.00111367321624	SRR17140453	PMA	F6_S4_P	F6_S4	F6	S4	Dining table
PBP-1B	1	0.000310634794785	SRR17140453	PMA	F6_S4_P	F6_S4	F6	S4	Dining table
RPOB2	126	0.0276539819116	SRR17140453	PMA	F6_S4_P	F6_S4	F6	S4	Dining table
MEXY	61	0.0148869867537	SRR17140453	PMA	F6_S4_P	F6_S4	F6	S4	Dining table
SERRATIA_MARCESCENS_OMP1	1	0.000681901514755	SRR17140453	PMA	F6_S4_P	F6_S4	F6	S4	Dining table
ACRA	3	0.00191752756781	SRR17140453	PMA	F6_S4_P	F6_S4	F6	S4	Dining table
ACRF	2	0.000493290457482	SRR17140453	PMA	F6_S4_P	F6_S4	F6	S4	Dining table
ACRD	1	0.000245931693846	SRR17140453	PMA	F6_S4_P	F6_S4	F6	S4	Dining table
OPRA	8	0.00436884225299	SRR17140453	PMA	F6_S4_P	F6_S4	F6	S4	Dining table
MAJOR_FACILITATOR_SUPERFAMILY_TRANSPORTER	6	0.000538034775382	SRR17140455	PMA	F6_S3_P	F6_S3	F6	S3	Exercise platform
BACA	3277	0.418718830294	SRR17140455	PMA	F6_S3_P	F6_S3	F6	S3	Exercise platform
CTX-M	13	0.00155832867074	SRR17140455	PMA	F6_S3_P	F6_S3	F6	S3	Exercise platform
ERMC	1	0.000142961425972	SRR17140455	PMA	F6_S3_P	F6_S3	F6	S3	Exercise platform
ERMA	1	0.000121542118248	SRR17140455	PMA	F6_S3_P	F6_S3	F6	S3	Exercise platform
ERMX	4	0.000551503366597	SRR17140455	PMA	F6_S3_P	F6_S3	F6	S3	Exercise platform
BPEF	308	0.0101261423984	SRR17140455	PMA	F6_S3_P	F6_S3	F6	S3	Exercise platform
MUXA	1	8.18840092424e-05	SRR17140455	PMA	F6_S3_P	F6_S3	F6	S3	Exercise platform
MSBA	206	0.0123467579297	SRR17140455	PMA	F6_S3_P	F6_S3	F6	S3	Exercise platform
MEXN	88	0.00296299974757	SRR17140455	PMA	F6_S3_P	F6_S3	F6	S3	Exercise platform
DFRC	2	0.000433324073755	SRR17140455	PMA	F6_S3_P	F6_S3	F6	S3	Exercise platform
OMPR	106	0.0162173435147	SRR17140455	PMA	F6_S3_P	F6_S3	F6	S3	Exercise platform
MULTIDRUG_ABC_TRANSPORTER	769	0.0464095330861	SRR17140455	PMA	F6_S3_P	F6_S3	F6	S3	Exercise platform
MEXY	9	0.00030042420233	SRR17140455	PMA	F6_S3_P	F6_S3	F6	S3	Exercise platform
CEOB	1413	0.0479932782428	SRR17140455	PMA	F6_S3_P	F6_S3	F6	S3	Exercise platform
MUXB	416	0.0139129018043	SRR17140455	PMA	F6_S3_P	F6_S3	F6	S3	Exercise platform
MEXQ	8	0.000265014913104	SRR17140455	PMA	F6_S3_P	F6_S3	F6	S3	Exercise platform
MDTC	373	0.0126938588298	SRR17140455	PMA	F6_S3_P	F6_S3	F6	S3	Exercise platform
MDTB	931	0.0312266243938	SRR17140455	PMA	F6_S3_P	F6_S3	F6	S3	Exercise platform
ADEF	1675	0.0551731206751	SRR17140455	PMA	F6_S3_P	F6_S3	F6	S3	Exercise platform
MEXK	1	3.40317931095e-05	SRR17140455	PMA	F6_S3_P	F6_S3	F6	S3	Exercise platform
ADEB	256	0.00861963562928	SRR17140455	PMA	F6_S3_P	F6_S3	F6	S3	Exercise platform
MEXI	1	3.38995023686e-05	SRR17140455	PMA	F6_S3_P	F6_S3	F6	S3	Exercise platform
MEXF	4541	0.149154267253	SRR17140455	PMA	F6_S3_P	F6_S3	F6	S3	Exercise platform
QACB	5	0.000339324785382	SRR17140455	PMA	F6_S3_P	F6_S3	F6	S3	Exercise platform
MEXD	385	0.0128761230641	SRR17140455	PMA	F6_S3_P	F6_S3	F6	S3	Exercise platform
TETB	3	0.000232550586248	SRR17140455	PMA	F6_S3_P	F6_S3	F6	S3	Exercise platform
MEXB	140	0.00466879762066	SRR17140455	PMA	F6_S3_P	F6_S3	F6	S3	Exercise platform
VGAA	1	6.68248811058e-05	SRR17140455	PMA	F6_S3_P	F6_S3	F6	S3	Exercise platform
MPHC	3	0.00034999252111	SRR17140455	PMA	F6_S3_P	F6_S3	F6	S3	Exercise platform
OQXB	122	0.00405302450319	SRR17140455	PMA	F6_S3_P	F6_S3	F6	S3	Exercise platform
AXYY	4	0.000133521867702	SRR17140455	PMA	F6_S3_P	F6_S3	F6	S3	Exercise platform
OPRM	1	7.45354443104e-05	SRR17140455	PMA	F6_S3_P	F6_S3	F6	S3	Exercise platform
RIFAMPIN_MONOOXYGENASE	12	0.000875713504701	SRR17140455	PMA	F6_S3_P	F6_S3	F6	S3	Exercise platform
TRIC	1324	0.0455020161861	SRR17140455	PMA	F6_S3_P	F6_S3	F6	S3	Exercise platform
MACB	400	0.0216662036877	SRR17140455	PMA	F6_S3_P	F6_S3	F6	S3	Exercise platform
TRUNCATED_PUTATIVE_RESPONSE_REGULATOR_ARLR	11	0.00175209345804	SRR17140455	PMA	F6_S3_P	F6_S3	F6	S3	Exercise platform
FMTC	5	0.000207634452007	SRR17140455	PMA	F6_S3_P	F6_S3	F6	S3	Exercise platform
UGD	2	0.000179807154316	SRR17140455	PMA	F6_S3_P	F6_S3	F6	S3	Exercise platform
MTRD	196	0.00640767313561	SRR17140455	PMA	F6_S3_P	F6_S3	F6	S3	Exercise platform
MVAT	1	0.000281311193042	SRR17140455	PMA	F6_S3_P	F6_S3	F6	S3	Exercise platform
MDSB	2	6.6128128791e-05	SRR17140455	PMA	F6_S3_P	F6_S3	F6	S3	Exercise platform
EMRB-QACA_FAMILY_MAJOR_FACILITATOR_TRANSPORTER	6	0.000435125837055	SRR17140455	PMA	F6_S3_P	F6_S3	F6	S3	Exercise platform
MUXC	86	0.00289565884421	SRR17140455	PMA	F6_S3_P	F6_S3	F6	S3	Exercise platform
AMRB	572	0.0190936270814	SRR17140455	PMA	F6_S3_P	F6_S3	F6	S3	Exercise platform
MSRA	2	0.000142961425972	SRR17140455	PMA	F6_S3_P	F6_S3	F6	S3	Exercise platform
ACRB	377	0.0126206676126	SRR17140455	PMA	F6_S3_P	F6_S3	F6	S3	Exercise platform
RPOB2	1189	0.0356931127861	SRR17140455	PMA	F6_S3_P	F6_S3	F6	S3	Exercise platform
NORA	4	0.000359614308631	SRR17140455	PMA	F6_S3_P	F6_S3	F6	S3	Exercise platform
TRANSCRIPTIONAL_REGULATORY_PROTEIN_CPXR_CPXR	191	0.0287179926552	SRR17140455	PMA	F6_S3_P	F6_S3	F6	S3	Exercise platform
BLAZ	1	0.00838171942311	SRR17140457	PMA	F6_S2_P	F6_S2	F6	S2	Waste compartment
LNUA	4	0.0585158548545	SRR17140457	PMA	F6_S2_P	F6_S2	F6	S2	Waste compartment
OMPR	2	0.0206602031394	SRR17140457	PMA	F6_S2_P	F6_S2	F6	S2	Waste compartment
BACA	17	0.14666473877	SRR17140457	PMA	F6_S2_P	F6_S2	F6	S2	Waste compartment
ERM(TR)	1	0.00969244097899	SRR17140457	PMA	F6_S2_P	F6_S2	F6	S2	Waste compartment
BPEF	3	0.00665955652562	SRR17140457	PMA	F6_S2_P	F6_S2	F6	S2	Waste compartment
RBPA	1	0.0206602031394	SRR17140457	PMA	F6_S2_P	F6_S2	F6	S2	Waste compartment
MULTIDRUG_ABC_TRANSPORTER	29	0.11817064287	SRR17140457	PMA	F6_S2_P	F6_S2	F6	S2	Waste compartment
MDFA	1	0.00574454428755	SRR17140457	PMA	F6_S2_P	F6_S2	F6	S2	Waste compartment
PBP-2X	6	0.0188421052632	SRR17140457	PMA	F6_S2_P	F6_S2	F6	S2	Waste compartment
MPHC	15	0.11815701461	SRR17140457	PMA	F6_S2_P	F6_S2	F6	S2	Waste compartment
FMTC	16	0.0448621553885	SRR17140457	PMA	F6_S2_P	F6_S2	F6	S2	Waste compartment
MTRE	1	0.00504339005973	SRR17140457	PMA	F6_S2_P	F6_S2	F6	S2	Waste compartment
CLASS_A	15	0.117763157895	SRR17140457	PMA	F6_S2_P	F6_S2	F6	S2	Waste compartment
MEFA	5	0.029077322937	SRR17140457	PMA	F6_S2_P	F6_S2	F6	S2	Waste compartment
ROSB	1	0.00433750121159	SRR17140457	PMA	F6_S2_P	F6_S2	F6	S2	Waste compartment
MSRA	14	0.0675690250216	SRR17140457	PMA	F6_S2_P	F6_S2	F6	S2	Waste compartment
NORB	1	0.00505421278518	SRR17140457	PMA	F6_S2_P	F6_S2	F6	S2	Waste compartment
NORA	16	0.0971242539338	SRR17140457	PMA	F6_S2_P	F6_S2	F6	S2	Waste compartment
AAD(9)	1	0.00905870445344	SRR17140457	PMA	F6_S2_P	F6_S2	F6	S2	Waste compartment
MEL	3	0.0145088079542	SRR17140457	PMA	F6_S2_P	F6_S2	F6	S2	Waste compartment
APH(3''')-III	1	0.00892145135566	SRR17140457	PMA	F6_S2_P	F6_S2	F6	S2	Waste compartment
MAJOR_FACILITATOR_SUPERFAMILY_TRANSPORTER	20	0.121093221486	SRR17140457	PMA	F6_S2_P	F6_S2	F6	S2	Waste compartment
CEOB	2	0.00458668579921	SRR17140457	PMA	F6_S2_P	F6_S2	F6	S2	Waste compartment
DFRC	11	0.16091860085	SRR17140457	PMA	F6_S2_P	F6_S2	F6	S2	Waste compartment
LSAC	1	0.00478712023962	SRR17140457	PMA	F6_S2_P	F6_S2	F6	S2	Waste compartment
UGD	14	0.0849837221921	SRR17140457	PMA	F6_S2_P	F6_S2	F6	S2	Waste compartment
MDTB	1	0.00226467611336	SRR17140457	PMA	F6_S2_P	F6_S2	F6	S2	Waste compartment
MDTA	1	0.00567533291059	SRR17140457	PMA	F6_S2_P	F6_S2	F6	S2	Waste compartment
MDTG	3	0.0175765907306	SRR17140457	PMA	F6_S2_P	F6_S2	F6	S2	Waste compartment
MDTK	2	0.00993781923162	SRR17140457	PMA	F6_S2_P	F6_S2	F6	S2	Waste compartment
MDTH	1	0.00585886357685	SRR17140457	PMA	F6_S2_P	F6_S2	F6	S2	Waste compartment
MDTL	2	0.0120473818818	SRR17140457	PMA	F6_S2_P	F6_S2	F6	S2	Waste compartment
VANS	1	0.00526904509596	SRR17140457	PMA	F6_S2_P	F6_S2	F6	S2	Waste compartment
VANR	3	0.0308549758676	SRR17140457	PMA	F6_S2_P	F6_S2	F6	S2	Waste compartment
BCRA	2	0.0152444217339	SRR17140457	PMA	F6_S2_P	F6_S2	F6	S2	Waste compartment
VAND	2	0.013733312874	SRR17140457	PMA	F6_S2_P	F6_S2	F6	S2	Waste compartment
EFRB	1	0.00650625181739	SRR17140457	PMA	F6_S2_P	F6_S2	F6	S2	Waste compartment
EFRA	1	0.00485621269669	SRR17140457	PMA	F6_S2_P	F6_S2	F6	S2	Waste compartment
EMRB-QACA_FAMILY_MAJOR_FACILITATOR_TRANSPORTER	19	0.0930353430353	SRR17140457	PMA	F6_S2_P	F6_S2	F6	S2	Waste compartment
BIFUNCTIONAL_AMINOGLYCOSIDE_N-ACETYLTRANSFERASE_AND_AMINOGLYCOSIDE_PHOSPHOTRANSFERASE	3	0.014390609926	SRR17140457	PMA	F6_S2_P	F6_S2	F6	S2	Waste compartment
EMRB	3	0.0138003700658	SRR17140457	PMA	F6_S2_P	F6_S2	F6	S2	Waste compartment
ERMB	3	0.0288399570354	SRR17140457	PMA	F6_S2_P	F6_S2	F6	S2	Waste compartment
ERMC	10	0.0965271786022	SRR17140457	PMA	F6_S2_P	F6_S2	F6	S2	Waste compartment
ERMA	3	0.0246194755181	SRR17140457	PMA	F6_S2_P	F6_S2	F6	S2	Waste compartment
HMRM	1	0.00507599818512	SRR17140457	PMA	F6_S2_P	F6_S2	F6	S2	Waste compartment
ERMX	3	0.0279280216351	SRR17140457	PMA	F6_S2_P	F6_S2	F6	S2	Waste compartment
ADC-44	2	0.0122990243232	SRR17140457	PMA	F6_S2_P	F6_S2	F6	S2	Waste compartment
BLEO	1	0.0175765907306	SRR17140457	PMA	F6_S2_P	F6_S2	F6	S2	Waste compartment
TEM	2	0.0167634388462	SRR17140457	PMA	F6_S2_P	F6_S2	F6	S2	Waste compartment
TETQ	3	0.0107546262918	SRR17140457	PMA	F6_S2_P	F6_S2	F6	S2	Waste compartment
TETP	29	0.162239029879	SRR17140457	PMA	F6_S2_P	F6_S2	F6	S2	Waste compartment
SUL1	4	0.0332899386275	SRR17140457	PMA	F6_S2_P	F6_S2	F6	S2	Waste compartment
TETW	2	0.00737171567416	SRR17140457	PMA	F6_S2_P	F6_S2	F6	S2	Waste compartment
TETM	7	0.0258010048596	SRR17140457	PMA	F6_S2_P	F6_S2	F6	S2	Waste compartment
TETO	2	0.00737171567416	SRR17140457	PMA	F6_S2_P	F6_S2	F6	S2	Waste compartment
TETA	1	0.00560776942356	SRR17140457	PMA	F6_S2_P	F6_S2	F6	S2	Waste compartment
QACB	27	0.12372004915	SRR17140457	PMA	F6_S2_P	F6_S2	F6	S2	Waste compartment
QACA	1	0.0045822240426	SRR17140457	PMA	F6_S2_P	F6_S2	F6	S2	Waste compartment
TETB	3	0.015701754386	SRR17140457	PMA	F6_S2_P	F6_S2	F6	S2	Waste compartment
AADD	1	0.00930934054504	SRR17140457	PMA	F6_S2_P	F6_S2	F6	S2	Waste compartment
TRIC	3	0.00696136893959	SRR17140457	PMA	F6_S2_P	F6_S2	F6	S2	Waste compartment
TAEA	1	0.00363466536712	SRR17140457	PMA	F6_S2_P	F6_S2	F6	S2	Waste compartment
FUSB	1	0.0110575735112	SRR17140457	PMA	F6_S2_P	F6_S2	F6	S2	Waste compartment
TRUNCATED_PUTATIVE_RESPONSE_REGULATOR_ARLR	13	0.139810141793	SRR17140457	PMA	F6_S2_P	F6_S2	F6	S2	Waste compartment
PDC	1	0.00638282698616	SRR17140457	PMA	F6_S2_P	F6_S2	F6	S2	Waste compartment
TET32	1	0.00368585783708	SRR17140457	PMA	F6_S2_P	F6_S2	F6	S2	Waste compartment
ANT(3'')-IIC	1	0.00909368014631	SRR17140457	PMA	F6_S2_P	F6_S2	F6	S2	Waste compartment
RPHB	1	0.00266432483925	SRR17140457	PMA	F6_S2_P	F6_S2	F6	S2	Waste compartment
ARNA	3	0.0106733979965	SRR17140457	PMA	F6_S2_P	F6_S2	F6	S2	Waste compartment
TET(K)	7	0.035919045981	SRR17140457	PMA	F6_S2_P	F6_S2	F6	S2	Waste compartment
MARR	4	0.0640887934121	SRR17140457	PMA	F6_S2_P	F6_S2	F6	S2	Waste compartment
PATA	2	0.010262584566	SRR17140457	PMA	F6_S2_P	F6_S2	F6	S2	Waste compartment
PATB	4	0.0242810634835	SRR17140457	PMA	F6_S2_P	F6_S2	F6	S2	Waste compartment
OPRN	1	0.00498996431757	SRR17140457	PMA	F6_S2_P	F6_S2	F6	S2	Waste compartment
ADER	1	0.00953547837204	SRR17140457	PMA	F6_S2_P	F6_S2	F6	S2	Waste compartment
MEPA	4	0.0446495385383	SRR17140457	PMA	F6_S2_P	F6_S2	F6	S2	Waste compartment
MEXW	2	0.00462723606659	SRR17140457	PMA	F6_S2_P	F6_S2	F6	S2	Waste compartment
MEXT	1	0.00774757617729	SRR17140457	PMA	F6_S2_P	F6_S2	F6	S2	Waste compartment
CFXA3	1	0.00733726840466	SRR17140457	PMA	F6_S2_P	F6_S2	F6	S2	Waste compartment
CFXA2	2	0.0146745368093	SRR17140457	PMA	F6_S2_P	F6_S2	F6	S2	Waste compartment
VGAA	38	0.171455938697	SRR17140457	PMA	F6_S2_P	F6_S2	F6	S2	Waste compartment
MEXN	2	0.00454684007316	SRR17140457	PMA	F6_S2_P	F6_S2	F6	S2	Waste compartment
ADEF	2	0.00444808906118	SRR17140457	PMA	F6_S2_P	F6_S2	F6	S2	Waste compartment
MEXK	3	0.00689345314506	SRR17140457	PMA	F6_S2_P	F6_S2	F6	S2	Waste compartment
ADEB	1	0.00227342003658	SRR17140457	PMA	F6_S2_P	F6_S2	F6	S2	Waste compartment
MEXF	6	0.0133065715135	SRR17140457	PMA	F6_S2_P	F6_S2	F6	S2	Waste compartment
MEXD	2	0.00451632436797	SRR17140457	PMA	F6_S2_P	F6_S2	F6	S2	Waste compartment
MEXE	1	0.00593265279067	SRR17140457	PMA	F6_S2_P	F6_S2	F6	S2	Waste compartment
MEXB	6	0.0135101137164	SRR17140457	PMA	F6_S2_P	F6_S2	F6	S2	Waste compartment
ADEJ	3	0.00667843995622	SRR17140457	PMA	F6_S2_P	F6_S2	F6	S2	Waste compartment
ADEK	2	0.00973249238799	SRR17140457	PMA	F6_S2_P	F6_S2	F6	S2	Waste compartment
OQXB	1	0.00224310776942	SRR17140457	PMA	F6_S2_P	F6_S2	F6	S2	Waste compartment
KLEBSIELLA_PNEUMONIAE_OMPK37	1	0.00629749507458	SRR17140457	PMA	F6_S2_P	F6_S2	F6	S2	Waste compartment
SMEB	1	0.00224524609904	SRR17140457	PMA	F6_S2_P	F6_S2	F6	S2	Waste compartment
MACB	5	0.018286204642	SRR17140457	PMA	F6_S2_P	F6_S2	F6	S2	Waste compartment
MACA	3	0.019045254646	SRR17140457	PMA	F6_S2_P	F6_S2	F6	S2	Waste compartment
PBP-1B	1	0.00286877363934	SRR17140457	PMA	F6_S2_P	F6_S2	F6	S2	Waste compartment
PBP-1A	5	0.0163787424054	SRR17140457	PMA	F6_S2_P	F6_S2	F6	S2	Waste compartment
OPRM	2	0.0100652271705	SRR17140457	PMA	F6_S2_P	F6_S2	F6	S2	Waste compartment
RPOB2	70	0.141883322765	SRR17140457	PMA	F6_S2_P	F6_S2	F6	S2	Waste compartment
ARLS	4	0.0208892519547	SRR17140457	PMA	F6_S2_P	F6_S2	F6	S2	Waste compartment
ACRB	4	0.00904131730478	SRR17140457	PMA	F6_S2_P	F6_S2	F6	S2	Waste compartment
ACRD	1	0.00227122773182	SRR17140457	PMA	F6_S2_P	F6_S2	F6	S2	Waste compartment
MPHC	1	0.0563446783396	SRR17140459	PMA	F6_S1_P	F6_S1	F6	S1	Cupola
SUL1	1	0.0595302431927	SRR17140459	PMA	F6_S1_P	F6_S1	F6	S1	Cupola
ABCA	954	11.0689353427	SRR17140459	PMA	F6_S1_P	F6_S1	F6	S1	Cupola
MULTIDRUG_ABC_TRANSPORTER	2	0.0582943211887	SRR17140459	PMA	F6_S1_P	F6_S1	F6	S1	Cupola
MSBA	4	0.115787345866	SRR17140459	PMA	F6_S1_P	F6_S1	F6	S1	Cupola
BACA	3	0.0339143615006	SRR17140461	PMA	F5_S8_P	F5_S8	F5	S8	Crew quarters
ERMC	1	0.0126483889203	SRR17140461	PMA	F5_S8_P	F5_S8	F5	S8	Crew quarters
ERMF	1	0.011602281566	SRR17140461	PMA	F5_S8_P	F5_S8	F5	S8	Crew quarters
ERMX	6	0.0731906773886	SRR17140461	PMA	F5_S8_P	F5_S8	F5	S8	Crew quarters
PATB	1	0.00795414148596	SRR17140461	PMA	F5_S8_P	F5_S8	F5	S8	Crew quarters
SERRATIA_MARCESCENS_OMP1	1	0.00825189009773	SRR17140461	PMA	F5_S8_P	F5_S8	F5	S8	Crew quarters
DFRC	1	0.0191689869351	SRR17140461	PMA	F5_S8_P	F5_S8	F5	S8	Crew quarters
MEXX	1	0.00779345175897	SRR17140461	PMA	F5_S8_P	F5_S8	F5	S8	Crew quarters
TETQ	3	0.014092268934	SRR17140461	PMA	F5_S8_P	F5_S8	F5	S8	Crew quarters
UGD	6	0.0477248489157	SRR17140461	PMA	F5_S8_P	F5_S8	F5	S8	Crew quarters
MDTB	2	0.0059350132626	SRR17140461	PMA	F5_S8_P	F5_S8	F5	S8	Crew quarters
MDTG	1	0.00767713158346	SRR17140461	PMA	F5_S8_P	F5_S8	F5	S8	Crew quarters
MDTK	1	0.00651098501382	SRR17140461	PMA	F5_S8_P	F5_S8	F5	S8	Crew quarters
TETM	1	0.00482974475204	SRR17140461	PMA	F5_S8_P	F5_S8	F5	S8	Crew quarters
MULTIDRUG_ABC_TRANSPORTER	6	0.0320367497912	SRR17140461	PMA	F5_S8_P	F5_S8	F5	S8	Crew quarters
ADEJ	1	0.00291701975099	SRR17140461	PMA	F5_S8_P	F5_S8	F5	S8	Crew quarters
MPHC	1	0.0103217621958	SRR17140461	PMA	F5_S8_P	F5_S8	F5	S8	Crew quarters
OQXA	1	0.0078931122674	SRR17140461	PMA	F5_S8_P	F5_S8	F5	S8	Crew quarters
MECR1	1	0.00940916736754	SRR17140461	PMA	F5_S8_P	F5_S8	F5	S8	Crew quarters
OPRM	1	0.00659445918067	SRR17140461	PMA	F5_S8_P	F5_S8	F5	S8	Crew quarters
TETA	3	0.0220443349754	SRR17140461	PMA	F5_S8_P	F5_S8	F5	S8	Crew quarters
TETA(60)	1	0.00533023643619	SRR17140461	PMA	F5_S8_P	F5_S8	F5	S8	Crew quarters
TRUNCATED_PUTATIVE_RESPONSE_REGULATOR_ARLR	1	0.014092268934	SRR17140461	PMA	F5_S8_P	F5_S8	F5	S8	Crew quarters
APH(3')-I	1	0.0113882173304	SRR17140461	PMA	F5_S8_P	F5_S8	F5	S8	Crew quarters
FMTC	2	0.00734811165846	SRR17140461	PMA	F5_S8_P	F5_S8	F5	S8	Crew quarters
PBP-1B	1	0.00375908269982	SRR17140461	PMA	F5_S8_P	F5_S8	F5	S8	Crew quarters
TETA(46)	4	0.0215066682687	SRR17140461	PMA	F5_S8_P	F5_S8	F5	S8	Crew quarters
MEFA	7	0.0533418475947	SRR17140461	PMA	F5_S8_P	F5_S8	F5	S8	Crew quarters
MTRC	1	0.00749079343823	SRR17140461	PMA	F5_S8_P	F5_S8	F5	S8	Crew quarters
RPOB2	86	0.228411181673	SRR17140461	PMA	F5_S8_P	F5_S8	F5	S8	Crew quarters
MEL	3	0.0190115414572	SRR17140461	PMA	F5_S8_P	F5_S8	F5	S8	Crew quarters
MDSA	1	0.00756423258959	SRR17140461	PMA	F5_S8_P	F5_S8	F5	S8	Crew quarters
EMRB-QACA_FAMILY_MAJOR_FACILITATOR_TRANSPORTER	3	0.0192486916625	SRR17140461	PMA	F5_S8_P	F5_S8	F5	S8	Crew quarters
MSRA	1	0.00632419446015	SRR17140461	PMA	F5_S8_P	F5_S8	F5	S8	Crew quarters
ACRB	1	0.00296181084122	SRR17140461	PMA	F5_S8_P	F5_S8	F5	S8	Crew quarters
TET(K)	1	0.00672376230186	SRR17140461	PMA	F5_S8_P	F5_S8	F5	S8	Crew quarters
LNUE	10	0.00303849080369	SRR17140463	PMA	F4_S2_P	F4_S2	F4	S2	Waste compartment
BLAZ	16	0.00299307563865	SRR17140463	PMA	F4_S2_P	F4_S2	F4	S2	Waste compartment
LNUA	1174	0.383306558516	SRR17140463	PMA	F4_S2_P	F4_S2	F4	S2	Waste compartment
BACA	282	0.0542988323621	SRR17140463	PMA	F4_S2_P	F4_S2	F4	S2	Waste compartment
ERM(TR)	5	0.00108160269349	SRR17140463	PMA	F4_S2_P	F4_S2	F4	S2	Waste compartment
VATB	11	0.00272747547142	SRR17140463	PMA	F4_S2_P	F4_S2	F4	S2	Waste compartment
CHLORAMPHENICOL_EXPORTER	9	0.000995985301334	SRR17140463	PMA	F4_S2_P	F4_S2	F4	S2	Waste compartment
RBPA	3	0.00138331291852	SRR17140463	PMA	F4_S2_P	F4_S2	F4	S2	Waste compartment
MULTIDRUG_ABC_TRANSPORTER	338	0.0307392234005	SRR17140463	PMA	F4_S2_P	F4_S2	F4	S2	Waste compartment
LMRD	22	0.00174690271886	SRR17140463	PMA	F4_S2_P	F4_S2	F4	S2	Waste compartment
LMRC	6	0.000551390464025	SRR17140463	PMA	F4_S2_P	F4_S2	F4	S2	Waste compartment
MPHC	4	0.000703222620786	SRR17140463	PMA	F4_S2_P	F4_S2	F4	S2	Waste compartment
APH(6)-I	11	0.00217377744339	SRR17140463	PMA	F4_S2_P	F4_S2	F4	S2	Waste compartment
ADEL	1	0.000155981872118	SRR17140463	PMA	F4_S2_P	F4_S2	F4	S2	Waste compartment
FMTC	221	0.013829835583	SRR17140463	PMA	F4_S2_P	F4_S2	F4	S2	Waste compartment
MTRE	1	0.000112560794226	SRR17140463	PMA	F4_S2_P	F4_S2	F4	S2	Waste compartment
CLASS_A	312	0.0546685265399	SRR17140463	PMA	F4_S2_P	F4_S2	F4	S2	Waste compartment
MTRA	9	0.00207496937778	SRR17140463	PMA	F4_S2_P	F4_S2	F4	S2	Waste compartment
MEFA	2	0.000259584646438	SRR17140463	PMA	F4_S2_P	F4_S2	F4	S2	Waste compartment
METALLO-BETA-LACTAMASE	1	0.000181261692772	SRR17140463	PMA	F4_S2_P	F4_S2	F4	S2	Waste compartment
STAPHYLOCOCCUS_MUPA_CONFERRING_RESISTANCE_TO_MUPIROCIN	31	0.00159135021291	SRR17140463	PMA	F4_S2_P	F4_S2	F4	S2	Waste compartment
AMRB	3	0.000150906863839	SRR17140463	PMA	F4_S2_P	F4_S2	F4	S2	Waste compartment
MSRA	640	0.0689388733164	SRR17140463	PMA	F4_S2_P	F4_S2	F4	S2	Waste compartment
NORB	10	0.00112802340995	SRR17140463	PMA	F4_S2_P	F4_S2	F4	S2	Waste compartment
NORA	351	0.0475531641939	SRR17140463	PMA	F4_S2_P	F4_S2	F4	S2	Waste compartment
AAD(9)	55	0.0111197076912	SRR17140463	PMA	F4_S2_P	F4_S2	F4	S2	Waste compartment
APH(2'')-IF	4	0.00070795812665	SRR17140463	PMA	F4_S2_P	F4_S2	F4	S2	Waste compartment
MAJOR_FACILITATOR_SUPERFAMILY_TRANSPORTER	271	0.0366204535602	SRR17140463	PMA	F4_S2_P	F4_S2	F4	S2	Waste compartment
AAC(6')-IE-APH(2'')-IA	49	0.00537730407992	SRR17140463	PMA	F4_S2_P	F4_S2	F4	S2	Waste compartment
VANR	5	0.00114772687563	SRR17140463	PMA	F4_S2_P	F4_S2	F4	S2	Waste compartment
LLMA_23S_RIBOSOMAL_RNA_METHYLTRANSFERASE	1	0.000183156414299	SRR17140463	PMA	F4_S2_P	F4_S2	F4	S2	Waste compartment
DFRC	89	0.0290581632946	SRR17140463	PMA	F4_S2_P	F4_S2	F4	S2	Waste compartment
LSA	6	0.000633323986792	SRR17140463	PMA	F4_S2_P	F4_S2	F4	S2	Waste compartment
LSAC	2	0.000213682483349	SRR17140463	PMA	F4_S2_P	F4_S2	F4	S2	Waste compartment
UGD	638	0.0864356659706	SRR17140463	PMA	F4_S2_P	F4_S2	F4	S2	Waste compartment
MDTG	3	0.000392282767938	SRR17140463	PMA	F4_S2_P	F4_S2	F4	S2	Waste compartment
MDTK	1	0.000110898504016	SRR17140463	PMA	F4_S2_P	F4_S2	F4	S2	Waste compartment
ANT(9)-I	1	0.000204536540482	SRR17140463	PMA	F4_S2_P	F4_S2	F4	S2	Waste compartment
MECR1	57	0.00913492616315	SRR17140463	PMA	F4_S2_P	F4_S2	F4	S2	Waste compartment
APH(3')-I	29	0.00562513223693	SRR17140463	PMA	F4_S2_P	F4_S2	F4	S2	Waste compartment
BLEOMYCIN_RESISTANCE_PROTEIN	214	0.122272833189	SRR17140463	PMA	F4_S2_P	F4_S2	F4	S2	Waste compartment
OXA	4	0.000761824505851	SRR17140463	PMA	F4_S2_P	F4_S2	F4	S2	Waste compartment
EFRA	4	0.000433533120856	SRR17140463	PMA	F4_S2_P	F4_S2	F4	S2	Waste compartment
BAER	1	0.000219024545432	SRR17140463	PMA	F4_S2_P	F4_S2	F4	S2	Waste compartment
MUXB	1	5.03987448742e-05	SRR17140463	PMA	F4_S2_P	F4_S2	F4	S2	Waste compartment
BIFUNCTIONAL_AMINOGLYCOSIDE_N-ACETYLTRANSFERASE_AND_AMINOGLYCOSIDE_PHOSPHOTRANSFERASE	51	0.00546000088817	SRR17140463	PMA	F4_S2_P	F4_S2	F4	S2	Waste compartment
TETQ	1	8.0008966368e-05	SRR17140463	PMA	F4_S2_P	F4_S2	F4	S2	Waste compartment
EMRA	3	0.000404353006952	SRR17140463	PMA	F4_S2_P	F4_S2	F4	S2	Waste compartment
TETS	12	0.00097948865038	SRR17140463	PMA	F4_S2_P	F4_S2	F4	S2	Waste compartment
APH(3'')-I	18	0.00347862513334	SRR17140463	PMA	F4_S2_P	F4_S2	F4	S2	Waste compartment
ERMB	4	0.000858218627	SRR17140463	PMA	F4_S2_P	F4_S2	F4	S2	Waste compartment
FOSB	12	0.00453806252406	SRR17140463	PMA	F4_S2_P	F4_S2	F4	S2	Waste compartment
ERMA	42	0.00769256940055	SRR17140463	PMA	F4_S2_P	F4_S2	F4	S2	Waste compartment
ERMG	1	0.000215433979114	SRR17140463	PMA	F4_S2_P	F4_S2	F4	S2	Waste compartment
ERMX	36	0.007479731512	SRR17140463	PMA	F4_S2_P	F4_S2	F4	S2	Waste compartment
BLEO	23	0.00902250366258	SRR17140463	PMA	F4_S2_P	F4_S2	F4	S2	Waste compartment
ESCHERICHIA_COLI_MIPA	1	0.000211959237515	SRR17140463	PMA	F4_S2_P	F4_S2	F4	S2	Waste compartment
TETB(60)	1	9.0787376345e-05	SRR17140463	PMA	F4_S2_P	F4_S2	F4	S2	Waste compartment
OPMB	1	0.000105553997799	SRR17140463	PMA	F4_S2_P	F4_S2	F4	S2	Waste compartment
TETP	35	0.00437008594212	SRR17140463	PMA	F4_S2_P	F4_S2	F4	S2	Waste compartment
MECA	98	0.00771176243798	SRR17140463	PMA	F4_S2_P	F4_S2	F4	S2	Waste compartment
TETR	3	0.000758161888035	SRR17140463	PMA	F4_S2_P	F4_S2	F4	S2	Waste compartment
SUL1	1	0.00018574519754	SRR17140463	PMA	F4_S2_P	F4_S2	F4	S2	Waste compartment
TETW	11	0.000904890140753	SRR17140463	PMA	F4_S2_P	F4_S2	F4	S2	Waste compartment
EFRB	13	0.00188772536395	SRR17140463	PMA	F4_S2_P	F4_S2	F4	S2	Waste compartment
TETM	3	0.000246788220205	SRR17140463	PMA	F4_S2_P	F4_S2	F4	S2	Waste compartment
TETA	27	0.00337923584381	SRR17140463	PMA	F4_S2_P	F4_S2	F4	S2	Waste compartment
QACB	1255	0.128346679152	SRR17140463	PMA	F4_S2_P	F4_S2	F4	S2	Waste compartment
QACA	45	0.00460207216083	SRR17140463	PMA	F4_S2_P	F4_S2	F4	S2	Waste compartment
TETB	14	0.00163538327256	SRR17140463	PMA	F4_S2_P	F4_S2	F4	S2	Waste compartment
QACG	105	0.0515833508869	SRR17140463	PMA	F4_S2_P	F4_S2	F4	S2	Waste compartment
ERM(39)	1	0.000213682483349	SRR17140463	PMA	F4_S2_P	F4_S2	F4	S2	Waste compartment
AADA	1	0.000199870307619	SRR17140463	PMA	F4_S2_P	F4_S2	F4	S2	Waste compartment
AADD	540	0.11219597268	SRR17140463	PMA	F4_S2_P	F4_S2	F4	S2	Waste compartment
TAEA	29	0.00235248585835	SRR17140463	PMA	F4_S2_P	F4_S2	F4	S2	Waste compartment
FUSB	12	0.00296145864246	SRR17140463	PMA	F4_S2_P	F4_S2	F4	S2	Waste compartment
TRUNCATED_PUTATIVE_RESPONSE_REGULATOR_ARLR	128	0.0307234430853	SRR17140463	PMA	F4_S2_P	F4_S2	F4	S2	Waste compartment
TETB(46)	1	9.09444479304e-05	SRR17140463	PMA	F4_S2_P	F4_S2	F4	S2	Waste compartment
MARA	1	0.000413904652785	SRR17140463	PMA	F4_S2_P	F4_S2	F4	S2	Waste compartment
MEL	10	0.0010793817434	SRR17140463	PMA	F4_S2_P	F4_S2	F4	S2	Waste compartment
RPHB	1	5.94636774929e-05	SRR17140463	PMA	F4_S2_P	F4_S2	F4	S2	Waste compartment
ARNA	3	0.000238214007117	SRR17140463	PMA	F4_S2_P	F4_S2	F4	S2	Waste compartment
TET(K)	10	0.00114522638135	SRR17140463	PMA	F4_S2_P	F4_S2	F4	S2	Waste compartment
MARR	167	0.0597177127954	SRR17140463	PMA	F4_S2_P	F4_S2	F4	S2	Waste compartment
EMRB-QACA_FAMILY_MAJOR_FACILITATOR_TRANSPORTER	213	0.0232776190489	SRR17140463	PMA	F4_S2_P	F4_S2	F4	S2	Waste compartment
MEXW	1	5.16364350724e-05	SRR17140463	PMA	F4_S2_P	F4_S2	F4	S2	Waste compartment
VGAD	1	0.000100125506483	SRR17140463	PMA	F4_S2_P	F4_S2	F4	S2	Waste compartment
VGAB	33	0.00314252608664	SRR17140463	PMA	F4_S2_P	F4_S2	F4	S2	Waste compartment
VGAA	140	0.01409813166	SRR17140463	PMA	F4_S2_P	F4_S2	F4	S2	Waste compartment
MEXK	1	5.12837960037e-05	SRR17140463	PMA	F4_S2_P	F4_S2	F4	S2	Waste compartment
MEXF	3	0.000148491217242	SRR17140463	PMA	F4_S2_P	F4_S2	F4	S2	Waste compartment
MEXD	1	5.03987448742e-05	SRR17140463	PMA	F4_S2_P	F4_S2	F4	S2	Waste compartment
MEXE	2	0.000264815571304	SRR17140463	PMA	F4_S2_P	F4_S2	F4	S2	Waste compartment
MEXB	6	0.000301525186828	SRR17140463	PMA	F4_S2_P	F4_S2	F4	S2	Waste compartment
ADEJ	1	4.96842069034e-05	SRR17140463	PMA	F4_S2_P	F4_S2	F4	S2	Waste compartment
OQXB	2	0.000100125506483	SRR17140463	PMA	F4_S2_P	F4_S2	F4	S2	Waste compartment
AAC(6')-I	3	0.000861735916455	SRR17140463	PMA	F4_S2_P	F4_S2	F4	S2	Waste compartment
SMER	3	0.000688636125377	SRR17140463	PMA	F4_S2_P	F4_S2	F4	S2	Waste compartment
PBP-1B	4	0.000256106654829	SRR17140463	PMA	F4_S2_P	F4_S2	F4	S2	Waste compartment
PBP-1A	1	7.31097230928e-05	SRR17140463	PMA	F4_S2_P	F4_S2	F4	S2	Waste compartment
RPOB2	6029	0.272736451169	SRR17140463	PMA	F4_S2_P	F4_S2	F4	S2	Waste compartment
ARLS	92	0.010722975528	SRR17140463	PMA	F4_S2_P	F4_S2	F4	S2	Waste compartment
ACRB	5	0.000252235560959	SRR17140463	PMA	F4_S2_P	F4_S2	F4	S2	Waste compartment
TRANSCRIPTIONAL_REGULATORY_PROTEIN_CPXR_CPXR	7	0.00158603981175	SRR17140463	PMA	F4_S2_P	F4_S2	F4	S2	Waste compartment
TCR3	1	0.000102667755671	SRR17140463	PMA	F4_S2_P	F4_S2	F4	S2	Waste compartment
BACTERIAL_REGULATORY_PROTEIN_LUXR	2	0.000515351871605	SRR17140463	PMA	F4_S2_P	F4_S2	F4	S2	Waste compartment
TOLC	2	0.000212387437995	SRR17140463	PMA	F4_S2_P	F4_S2	F4	S2	Waste compartment
BLAZ	1	0.00596033381199	SRR17140464	PMA	F5_S7_P	F5_S7	F5	S7	Lab overhead
MAJOR_FACILITATOR_SUPERFAMILY_TRANSPORTER	40	0.172221470557	SRR17140464	PMA	F5_S7_P	F5_S7	F5	S7	Lab overhead
BACA	33	0.202454855086	SRR17140464	PMA	F5_S7_P	F5_S7	F5	S7	Lab overhead
MDFA	1	0.00408500927115	SRR17140464	PMA	F5_S7_P	F5_S7	F5	S7	Lab overhead
ERMC	9	0.0617773943054	SRR17140464	PMA	F5_S7_P	F5_S7	F5	S7	Lab overhead
FOSB	12	0.144591695065	SRR17140464	PMA	F5_S7_P	F5_S7	F5	S7	Lab overhead
SUL1	6	0.0355092678693	SRR17140464	PMA	F5_S7_P	F5_S7	F5	S7	Lab overhead
ERMX	8	0.0529598039896	SRR17140464	PMA	F5_S7_P	F5_S7	F5	S7	Lab overhead
PATB	1	0.00431663350817	SRR17140464	PMA	F5_S7_P	F5_S7	F5	S7	Lab overhead
UGD	14	0.0604328691144	SRR17140464	PMA	F5_S7_P	F5_S7	F5	S7	Lab overhead
TETB(60)	1	0.00289266632326	SRR17140464	PMA	F5_S7_P	F5_S7	F5	S7	Lab overhead
OPRJ	1	0.00349656325923	SRR17140464	PMA	F5_S7_P	F5_S7	F5	S7	Lab overhead
DFRC	12	0.12483382369	SRR17140464	PMA	F5_S7_P	F5_S7	F5	S7	Lab overhead
TAP	1	0.00409499706887	SRR17140464	PMA	F5_S7_P	F5_S7	F5	S7	Lab overhead
ADP-RIBOSYLATING_TRANSFERASE_ARR	2	0.0223313840156	SRR17140464	PMA	F5_S7_P	F5_S7	F5	S7	Lab overhead
MEPA	2	0.0158753914803	SRR17140464	PMA	F5_S7_P	F5_S7	F5	S7	Lab overhead
FMTC	20	0.0398774714564	SRR17140464	PMA	F5_S7_P	F5_S7	F5	S7	Lab overhead
MEXT	1	0.00550938750385	SRR17140464	PMA	F5_S7_P	F5_S7	F5	S7	Lab overhead
CFXA2	1	0.00521761308776	SRR17140464	PMA	F5_S7_P	F5_S7	F5	S7	Lab overhead
OPMD	1	0.0034391248484	SRR17140464	PMA	F5_S7_P	F5_S7	F5	S7	Lab overhead
TETA	1	0.00398774714564	SRR17140464	PMA	F5_S7_P	F5_S7	F5	S7	Lab overhead
MEPR	1	0.0120493079221	SRR17140464	PMA	F5_S7_P	F5_S7	F5	S7	Lab overhead
VGAA	16	0.0513365149784	SRR17140464	PMA	F5_S7_P	F5_S7	F5	S7	Lab overhead
MEXI	1	0.00162765189618	SRR17140464	PMA	F5_S7_P	F5_S7	F5	S7	Lab overhead
MDTK	3	0.0106003405137	SRR17140464	PMA	F5_S7_P	F5_S7	F5	S7	Lab overhead
QACB	6	0.0195508225817	SRR17140464	PMA	F5_S7_P	F5_S7	F5	S7	Lab overhead
QACA	4	0.0130338817212	SRR17140464	PMA	F5_S7_P	F5_S7	F5	S7	Lab overhead
LMRD	1	0.00252999063621	SRR17140464	PMA	F5_S7_P	F5_S7	F5	S7	Lab overhead
ADEH	1	0.0034676062136	SRR17140464	PMA	F5_S7_P	F5_S7	F5	S7	Lab overhead
ADEI	1	0.0040260908682	SRR17140464	PMA	F5_S7_P	F5_S7	F5	S7	Lab overhead
ADEJ	5	0.00791518809626	SRR17140464	PMA	F5_S7_P	F5_S7	F5	S7	Lab overhead
MPHC	7	0.0392106241076	SRR17140464	PMA	F5_S7_P	F5_S7	F5	S7	Lab overhead
VANS	10	0.0374687651268	SRR17140464	PMA	F5_S7_P	F5_S7	F5	S7	Lab overhead
AADD	3	0.0198599264961	SRR17140464	PMA	F5_S7_P	F5_S7	F5	S7	Lab overhead
JOHN-1	3	0.02026032824	SRR17140464	PMA	F5_S7_P	F5_S7	F5	S7	Lab overhead
SMEF	1	0.00353344683791	SRR17140464	PMA	F5_S7_P	F5_S7	F5	S7	Lab overhead
TETM	3	0.00786316338577	SRR17140464	PMA	F5_S7_P	F5_S7	F5	S7	Lab overhead
MEXF	2	0.00315415028469	SRR17140464	PMA	F5_S7_P	F5_S7	F5	S7	Lab overhead
FUSD	1	0.00786316338577	SRR17140464	PMA	F5_S7_P	F5_S7	F5	S7	Lab overhead
PBP-1A	3	0.0069882634263	SRR17140464	PMA	F5_S7_P	F5_S7	F5	S7	Lab overhead
TRUNCATED_PUTATIVE_RESPONSE_REGULATOR_ARLR	22	0.168250153542	SRR17140464	PMA	F5_S7_P	F5_S7	F5	S7	Lab overhead
SAT-4	1	0.00930474333983	SRR17140464	PMA	F5_S7_P	F5_S7	F5	S7	Lab overhead
ERM(44)	2	0.0133454486149	SRR17140464	PMA	F5_S7_P	F5_S7	F5	S7	Lab overhead
EFRB	1	0.00462666795903	SRR17140464	PMA	F5_S7_P	F5_S7	F5	S7	Lab overhead
PBP-1B	2	0.00408003362039	SRR17140464	PMA	F5_S7_P	F5_S7	F5	S7	Lab overhead
CLASS_A	26	0.145153996101	SRR17140464	PMA	F5_S7_P	F5_S7	F5	S7	Lab overhead
MTRA	4	0.0293834000205	SRR17140464	PMA	F5_S7_P	F5_S7	F5	S7	Lab overhead
MULTIDRUG_ABC_TRANSPORTER	32	0.0927254699609	SRR17140464	PMA	F5_S7_P	F5_S7	F5	S7	Lab overhead
TETB	3	0.0111656920078	SRR17140464	PMA	F5_S7_P	F5_S7	F5	S7	Lab overhead
RPOB2	158	0.227733993619	SRR17140464	PMA	F5_S7_P	F5_S7	F5	S7	Lab overhead
MEL	2	0.0068782496968	SRR17140464	PMA	F5_S7_P	F5_S7	F5	S7	Lab overhead
ARLS	2	0.0074272895839	SRR17140464	PMA	F5_S7_P	F5_S7	F5	S7	Lab overhead
EMRB-QACA_FAMILY_MAJOR_FACILITATOR_TRANSPORTER	21	0.0731225152278	SRR17140464	PMA	F5_S7_P	F5_S7	F5	S7	Lab overhead
ROSB	1	0.00308444530602	SRR17140464	PMA	F5_S7_P	F5_S7	F5	S7	Lab overhead
MSRA	14	0.0480490844598	SRR17140464	PMA	F5_S7_P	F5_S7	F5	S7	Lab overhead
ACRB	2	0.00321469059725	SRR17140464	PMA	F5_S7_P	F5_S7	F5	S7	Lab overhead
NORA	26	0.112232471212	SRR17140464	PMA	F5_S7_P	F5_S7	F5	S7	Lab overhead
TET(K)	8	0.0291913516544	SRR17140464	PMA	F5_S7_P	F5_S7	F5	S7	Lab overhead
MARR	17	0.193690575645	SRR17140464	PMA	F5_S7_P	F5_S7	F5	S7	Lab overhead
MAJOR_FACILITATOR_SUPERFAMILY_TRANSPORTER	1	0.0274718950236	SRR17140465	PMA	F4_S4_P	F4_S4	F4	S4	Dining table
BACA	3	0.117434804002	SRR17140465	PMA	F4_S4_P	F4_S4	F4	S4	Dining table
MDFA	1	0.0260647979614	SRR17140465	PMA	F4_S4_P	F4_S4	F4	S4	Dining table
CAMP-REGULATORY_PROTEIN	1	0.0655617617434	SRR17140465	PMA	F4_S4_P	F4_S4	F4	S4	Dining table
DFRC	1	0.0663761935663	SRR17140465	PMA	F4_S4_P	F4_S4	F4	S4	Dining table
TEM	7	0.266213416901	SRR17140465	PMA	F4_S4_P	F4_S4	F4	S4	Dining table
MEXT	3	0.105459544383	SRR17140465	PMA	F4_S4_P	F4_S4	F4	S4	Dining table
UGD	1	0.0275426988768	SRR17140465	PMA	F4_S4_P	F4_S4	F4	S4	Dining table
MDTB	2	0.0205510907003	SRR17140465	PMA	F4_S4_P	F4_S4	F4	S4	Dining table
MDTA	2	0.0515015285021	SRR17140465	PMA	F4_S4_P	F4_S4	F4	S4	Dining table
PBP-2X	1	0.0142487562189	SRR17140465	PMA	F4_S4_P	F4_S4	F4	S4	Dining table
TETM	2	0.0334477845514	SRR17140465	PMA	F4_S4_P	F4_S4	F4	S4	Dining table
LMRD	2	0.0322857014024	SRR17140465	PMA	F4_S4_P	F4_S4	F4	S4	Dining table
MEXB	2	0.0204332068149	SRR17140465	PMA	F4_S4_P	F4_S4	F4	S4	Dining table
MTRD	2	0.0200310537285	SRR17140465	PMA	F4_S4_P	F4_S4	F4	S4	Dining table
APH(3')-I	1	0.0394338271741	SRR17140465	PMA	F4_S4_P	F4_S4	F4	S4	Dining table
EMRY	1	0.0208722014925	SRR17140465	PMA	F4_S4_P	F4_S4	F4	S4	Dining table
PBP-1A	1	0.0148630975858	SRR17140465	PMA	F4_S4_P	F4_S4	F4	S4	Dining table
RPOB2	13	0.119557119737	SRR17140465	PMA	F4_S4_P	F4_S4	F4	S4	Dining table
MUXC	2	0.0206304385409	SRR17140465	PMA	F4_S4_P	F4_S4	F4	S4	Dining table
MARR	1	0.0726977358107	SRR17140465	PMA	F4_S4_P	F4_S4	F4	S4	Dining table
TETS	12	0.199128580699	SRR17140465	PMA	F4_S4_P	F4_S4	F4	S4	Dining table
APH(3'')-I	1	0.0548406862745	SRR17140466	PMA	F7_S8_P	F7_S8	F7	S8	Crew quarters
MAJOR_FACILITATOR_SUPERFAMILY_TRANSPORTER	1	0.0383461868038	SRR17140466	PMA	F7_S8_P	F7_S8	F7	S8	Crew quarters
BACA	5	0.273199023199	SRR17140466	PMA	F7_S8_P	F7_S8	F7	S8	Crew quarters
FOSB	1	0.107314148681	SRR17140466	PMA	F7_S8_P	F7_S8	F7	S8	Crew quarters
TET(42)	1	0.0348520249221	SRR17140466	PMA	F7_S8_P	F7_S8	F7	S8	Crew quarters
ROSA	1	0.0363821138211	SRR17140466	PMA	F7_S8_P	F7_S8	F7	S8	Crew quarters
ERMX	1	0.0589591567852	SRR17140466	PMA	F7_S8_P	F7_S8	F7	S8	Crew quarters
MEPA	1	0.0706951026856	SRR17140466	PMA	F7_S8_P	F7_S8	F7	S8	Crew quarters
BPEF	2	0.0281181275526	SRR17140466	PMA	F7_S8_P	F7_S8	F7	S8	Crew quarters
YOJI	1	0.0272699573431	SRR17140466	PMA	F7_S8_P	F7_S8	F7	S8	Crew quarters
MULTIDRUG_ABC_TRANSPORTER	1	0.0258073817762	SRR17140466	PMA	F7_S8_P	F7_S8	F7	S8	Crew quarters
MEXY	1	0.0142743221691	SRR17140466	PMA	F7_S8_P	F7_S8	F7	S8	Crew quarters
MEXW	1	0.0146529142109	SRR17140466	PMA	F7_S8_P	F7_S8	F7	S8	Crew quarters
UGD	1	0.0384450171821	SRR17140466	PMA	F7_S8_P	F7_S8	F7	S8	Crew quarters
MEXF	1	0.0140458254865	SRR17140466	PMA	F7_S8_P	F7_S8	F7	S8	Crew quarters
MEXD	1	0.0143016938319	SRR17140466	PMA	F7_S8_P	F7_S8	F7	S8	Crew quarters
MDTK	1	0.0314697609001	SRR17140466	PMA	F7_S8_P	F7_S8	F7	S8	Crew quarters
FMTC	3	0.0532738095238	SRR17140466	PMA	F7_S8_P	F7_S8	F7	S8	Crew quarters
MTRA	3	0.196271929825	SRR17140466	PMA	F7_S8_P	F7_S8	F7	S8	Crew quarters
OPRM	2	0.0637464387464	SRR17140466	PMA	F7_S8_P	F7_S8	F7	S8	Crew quarters
RPOB2	9	0.115533562823	SRR17140466	PMA	F7_S8_P	F7_S8	F7	S8	Crew quarters
MEL	1	0.030629705681	SRR17140466	PMA	F7_S8_P	F7_S8	F7	S8	Crew quarters
ARLS	1	0.0330746489283	SRR17140466	PMA	F7_S8_P	F7_S8	F7	S8	Crew quarters
METALLO-BETA-LACTAMASE	1	0.0514367816092	SRR17140466	PMA	F7_S8_P	F7_S8	F7	S8	Crew quarters
PMRF	1	0.0463250517598	SRR17140466	PMA	F7_S8_P	F7_S8	F7	S8	Crew quarters
AMRB	1	0.0142743221691	SRR17140466	PMA	F7_S8_P	F7_S8	F7	S8	Crew quarters
ACRB	2	0.0286308381318	SRR17140466	PMA	F7_S8_P	F7_S8	F7	S8	Crew quarters
NORA	2	0.0768900343643	SRR17140466	PMA	F7_S8_P	F7_S8	F7	S8	Crew quarters
TOLC	1	0.0301346801347	SRR17140466	PMA	F7_S8_P	F7_S8	F7	S8	Crew quarters
MARR	2	0.202947845805	SRR17140466	PMA	F7_S8_P	F7_S8	F7	S8	Crew quarters
TETA(46)	1	0.0779616724739	SRR17140468	PMA	F7_S7_P	F7_S7	F7	S7	Lab overhead
TETB(46)	1	0.0774221453287	SRR17140468	PMA	F7_S7_P	F7_S7	F7	S7	Lab overhead
AADD	1	0.176877470356	SRR17140468	PMA	F7_S7_P	F7_S7	F7	S7	Lab overhead
MAJOR_FACILITATOR_SUPERFAMILY_TRANSPORTER	1	0.115038560411	SRR17140468	PMA	F7_S7_P	F7_S7	F7	S7	Lab overhead
RPOB2	3	0.115533562823	SRR17140468	PMA	F7_S7_P	F7_S7	F7	S7	Lab overhead
MEXW	1	0.0439587426326	SRR17140468	PMA	F7_S7_P	F7_S7	F7	S7	Lab overhead
EMRB-QACA_FAMILY_MAJOR_FACILITATOR_TRANSPORTER	2	0.186070686071	SRR17140468	PMA	F7_S7_P	F7_S7	F7	S7	Lab overhead
MSRA	2	0.183401639344	SRR17140468	PMA	F7_S7_P	F7_S7	F7	S7	Lab overhead
NORA	1	0.115335051546	SRR17140468	PMA	F7_S7_P	F7_S7	F7	S7	Lab overhead
PATB	1	0.115335051546	SRR17140468	PMA	F7_S7_P	F7_S7	F7	S7	Lab overhead
MULTIDRUG_ABC_TRANSPORTER	1	0.0774221453287	SRR17140468	PMA	F7_S7_P	F7_S7	F7	S7	Lab overhead
FMTC	1	0.0532738095238	SRR17140468	PMA	F7_S7_P	F7_S7	F7	S7	Lab overhead
MEFA	1	0.11049382716	SRR17140468	PMA	F7_S7_P	F7_S7	F7	S7	Lab overhead
MAJOR_FACILITATOR_SUPERFAMILY_TRANSPORTER	9	0.133593166929	SRR17140471	PMA	F7_S6_P	F7_S6	F7	S6	PMM
BACA	6	0.126905352712	SRR17140471	PMA	F7_S6_P	F7_S6	F7	S6	PMM
FOSB	1	0.0415409607798	SRR17140471	PMA	F7_S6_P	F7_S6	F7	S6	PMM
ERMX	27	0.61621828382	SRR17140471	PMA	F7_S6_P	F7_S6	F7	S6	PMM
VGAA	3	0.033185020393	SRR17140471	PMA	F7_S6_P	F7_S6	F7	S6	PMM
DFRC	2	0.0717291124023	SRR17140471	PMA	F7_S6_P	F7_S6	F7	S6	PMM
MULTIDRUG_ABC_TRANSPORTER	14	0.139859359303	SRR17140471	PMA	F7_S6_P	F7_S6	F7	S6	PMM
QACG	2	0.107928851372	SRR17140471	PMA	F7_S6_P	F7_S6	F7	S6	PMM
MEXT	3	0.0569821731749	SRR17140471	PMA	F7_S6_P	F7_S6	F7	S6	PMM
UGD	5	0.0744097106751	SRR17140471	PMA	F7_S6_P	F7_S6	F7	S6	PMM
TETM	1	0.00903629663284	SRR17140471	PMA	F7_S6_P	F7_S6	F7	S6	PMM
PENA	2	0.018536736913	SRR17140471	PMA	F7_S6_P	F7_S6	F7	S6	PMM
ADEC	1	0.0123117133228	SRR17140471	PMA	F7_S6_P	F7_S6	F7	S6	PMM
MDTK	3	0.0365455287873	SRR17140471	PMA	F7_S6_P	F7_S6	F7	S6	PMM
QACB	5	0.0561691979415	SRR17140471	PMA	F7_S6_P	F7_S6	F7	S6	PMM
MEXD	1	0.00553613954783	SRR17140471	PMA	F7_S6_P	F7_S6	F7	S6	PMM
CPXA	1	0.0126349968236	SRR17140471	PMA	F7_S6_P	F7_S6	F7	S6	PMM
SHV	1	0.0201894879314	SRR17140471	PMA	F7_S6_P	F7_S6	F7	S6	PMM
MACB	1	0.00896613905029	SRR17140471	PMA	F7_S6_P	F7_S6	F7	S6	PMM
TRUNCATED_PUTATIVE_RESPONSE_REGULATOR_ARLR	3	0.0790985417587	SRR17140471	PMA	F7_S6_P	F7_S6	F7	S6	PMM
TETB(46)	2	0.0199799084719	SRR17140471	PMA	F7_S6_P	F7_S6	F7	S6	PMM
FMTC	5	0.0343701996928	SRR17140471	PMA	F7_S6_P	F7_S6	F7	S6	PMM
PBP-1B	1	0.00703312247063	SRR17140471	PMA	F7_S6_P	F7_S6	F7	S6	PMM
CLASS_A	1	0.019247311828	SRR17140471	PMA	F7_S6_P	F7_S6	F7	S6	PMM
MTRA	3	0.0759762308998	SRR17140471	PMA	F7_S6_P	F7_S6	F7	S6	PMM
RPOB2	58	0.28821275887	SRR17140471	PMA	F7_S6_P	F7_S6	F7	S6	PMM
MEL	1	0.0118566602636	SRR17140471	PMA	F7_S6_P	F7_S6	F7	S6	PMM
ANT(3'')-IIA	1	0.0220389066732	SRR17140471	PMA	F7_S6_P	F7_S6	F7	S6	PMM
EMRB-QACA_FAMILY_MAJOR_FACILITATOR_TRANSPORTER	6	0.0720273623499	SRR17140471	PMA	F7_S6_P	F7_S6	F7	S6	PMM
MSRA	4	0.0473294553146	SRR17140471	PMA	F7_S6_P	F7_S6	F7	S6	PMM
ACRB	2	0.0110829050833	SRR17140471	PMA	F7_S6_P	F7_S6	F7	S6	PMM
NORB	2	0.0247819465596	SRR17140471	PMA	F7_S6_P	F7_S6	F7	S6	PMM
NORA	1	0.014881942135	SRR17140471	PMA	F7_S6_P	F7_S6	F7	S6	PMM
TET(K)	1	0.0125799423712	SRR17140471	PMA	F7_S6_P	F7_S6	F7	S6	PMM
TRANSCRIPTIONAL_REGULATORY_PROTEIN_CPXR_CPXR	1	0.0248887652948	SRR17140471	PMA	F7_S6_P	F7_S6	F7	S6	PMM
MARR	4	0.157120912881	SRR17140471	PMA	F7_S6_P	F7_S6	F7	S6	PMM
EMRB	1	0.0112777217742	SRR17140471	PMA	F7_S6_P	F7_S6	F7	S6	PMM
BACA	5	0.391449346673	SRR17140473	PMA	F7_S5_P	F7_S5	F7	S5	Overhead 4
ERMA	1	0.0744708513183	SRR17140473	PMA	F7_S5_P	F7_S5	F7	S5	Overhead 4
DFRC	1	0.132752387133	SRR17140473	PMA	F7_S5_P	F7_S5	F7	S5	Overhead 4
OPRM	1	0.0456690904452	SRR17140473	PMA	F7_S5_P	F7_S5	F7	S5	Overhead 4
MEXY	1	0.0204527601228	SRR17140473	PMA	F7_S5_P	F7_S5	F7	S5	Overhead 4
MEXT	2	0.140612725844	SRR17140473	PMA	F7_S5_P	F7_S5	F7	S5	Overhead 4
LSAC	2	0.0868826598714	SRR17140473	PMA	F7_S5_P	F7_S5	F7	S5	Overhead 4
MEXS	1	0.063047593889	SRR17140473	PMA	F7_S5_P	F7_S5	F7	S5	Overhead 4
MEXL	1	0.10081667136	SRR17140473	PMA	F7_S5_P	F7_S5	F7	S5	Overhead 4
MDTG	1	0.0531670008168	SRR17140473	PMA	F7_S5_P	F7_S5	F7	S5	Overhead 4
PENA	1	0.0343067966747	SRR17140473	PMA	F7_S5_P	F7_S5	F7	S5	Overhead 4
MEXF	1	0.0201253618911	SRR17140473	PMA	F7_S5_P	F7_S5	F7	S5	Overhead 4
TETM	1	0.0334477845514	SRR17140473	PMA	F7_S5_P	F7_S5	F7	S5	Overhead 4
MEXB	2	0.0408664136297	SRR17140473	PMA	F7_S5_P	F7_S5	F7	S5	Overhead 4
RAMA	1	0.172363986519	SRR17140473	PMA	F7_S5_P	F7_S5	F7	S5	Overhead 4
ADEJ	1	0.0202014502158	SRR17140473	PMA	F7_S5_P	F7_S5	F7	S5	Overhead 4
MPHC	1	0.0714820546099	SRR17140473	PMA	F7_S5_P	F7_S5	F7	S5	Overhead 4
CAT_CHLORAMPHENICOL_ACETYLTRANSFERASE	1	0.0994099271086	SRR17140473	PMA	F7_S5_P	F7_S5	F7	S5	Overhead 4
SMEE	1	0.0205510907003	SRR17140473	PMA	F7_S5_P	F7_S5	F7	S5	Overhead 4
SMED	1	0.0542465338283	SRR17140473	PMA	F7_S5_P	F7_S5	F7	S5	Overhead 4
TETA	1	0.0508884150675	SRR17140473	PMA	F7_S5_P	F7_S5	F7	S5	Overhead 4
MACA	2	0.115219052983	SRR17140473	PMA	F7_S5_P	F7_S5	F7	S5	Overhead 4
TRUNCATED_PUTATIVE_RESPONSE_REGULATOR_ARLR	3	0.292782662032	SRR17140473	PMA	F7_S5_P	F7_S5	F7	S5	Overhead 4
APH(3')-I	3	0.236602963045	SRR17140473	PMA	F7_S5_P	F7_S5	F7	S5	Overhead 4
FMTC	1	0.0254442075338	SRR17140473	PMA	F7_S5_P	F7_S5	F7	S5	Overhead 4
PBP-1B	4	0.104132201356	SRR17140473	PMA	F7_S5_P	F7_S5	F7	S5	Overhead 4
CLASS_A	2	0.142487562189	SRR17140473	PMA	F7_S5_P	F7_S5	F7	S5	Overhead 4
RPOB2	11	0.202327433401	SRR17140473	PMA	F7_S5_P	F7_S5	F7	S5	Overhead 4
ANT(3'')-IIC	1	0.0825217541635	SRR17140473	PMA	F7_S5_P	F7_S5	F7	S5	Overhead 4
RPHA	1	0.0247088258131	SRR17140473	PMA	F7_S5_P	F7_S5	F7	S5	Overhead 4
EMRB-QACA_FAMILY_MAJOR_FACILITATOR_TRANSPORTER	1	0.0444347907034	SRR17140473	PMA	F7_S5_P	F7_S5	F7	S5	Overhead 4
ROSA	1	0.0521295959228	SRR17140473	PMA	F7_S5_P	F7_S5	F7	S5	Overhead 4
MSRA	1	0.0437974064106	SRR17140473	PMA	F7_S5_P	F7_S5	F7	S5	Overhead 4
ACRB	1	0.0205116452288	SRR17140473	PMA	F7_S5_P	F7_S5	F7	S5	Overhead 4
NORA	2	0.110170795507	SRR17140473	PMA	F7_S5_P	F7_S5	F7	S5	Overhead 4
ACRF	1	0.0206703426773	SRR17140473	PMA	F7_S5_P	F7_S5	F7	S5	Overhead 4
MARR	1	0.145395471621	SRR17140473	PMA	F7_S5_P	F7_S5	F7	S5	Overhead 4
MEL	1	0.0438873394833	SRR17140473	PMA	F7_S5_P	F7_S5	F7	S5	Overhead 4
LNUA	7	0.320932317346	SRR17140475	PMA	F7_S4_P	F7_S4	F7	S4	Dining table
MAJOR_FACILITATOR_SUPERFAMILY_TRANSPORTER	20	0.379508652903	SRR17140475	PMA	F7_S4_P	F7_S4	F7	S4	Dining table
FARB	5	0.0726520009741	SRR17140475	PMA	F7_S4_P	F7_S4	F7	S4	Dining table
MUXB	8	0.0566170147572	SRR17140475	PMA	F7_S4_P	F7_S4	F7	S4	Dining table
CAMP-REGULATORY_PROTEIN	1	0.0452849282145	SRR17140475	PMA	F7_S4_P	F7_S4	F7	S4	Dining table
AAC(6')-IE-APH(2'')-IA	2	0.0308202225427	SRR17140475	PMA	F7_S4_P	F7_S4	F7	S4	Dining table
CRPP	1	0.113560666138	SRR17140475	PMA	F7_S4_P	F7_S4	F7	S4	Dining table
MVAT	2	0.11905553708	SRR17140475	PMA	F7_S4_P	F7_S4	F7	S4	Dining table
ESCHERICHIA_COLI_LAMB	2	0.0331006425963	SRR17140475	PMA	F7_S4_P	F7_S4	F7	S4	Dining table
RBPA	4	0.25899801049	SRR17140475	PMA	F7_S4_P	F7_S4	F7	S4	Dining table
DFRC	3	0.13754242172	SRR17140475	PMA	F7_S4_P	F7_S4	F7	S4	Dining table
OPRN	2	0.0312773021143	SRR17140475	PMA	F7_S4_P	F7_S4	F7	S4	Dining table
MULTIDRUG_ABC_TRANSPORTER	6	0.076623978882	SRR17140475	PMA	F7_S4_P	F7_S4	F7	S4	Dining table
VGAA	2	0.0282813919501	SRR17140475	PMA	F7_S4_P	F7_S4	F7	S4	Dining table
MEXV	1	0.0196314981356	SRR17140475	PMA	F7_S4_P	F7_S4	F7	S4	Dining table
MEXW	6	0.0435055597189	SRR17140475	PMA	F7_S4_P	F7_S4	F7	S4	Dining table
BACA	6	0.162229523054	SRR17140475	PMA	F7_S4_P	F7_S4	F7	S4	Dining table
CFXA2	1	0.0229951504641	SRR17140475	PMA	F7_S4_P	F7_S4	F7	S4	Dining table
LMRP	1	0.018180894825	SRR17140475	PMA	F7_S4_P	F7_S4	F7	S4	Dining table
ADEF	2	0.0139404028309	SRR17140475	PMA	F7_S4_P	F7_S4	F7	S4	Dining table
PBP-2X	1	0.00984192439863	SRR17140475	PMA	F7_S4_P	F7_S4	F7	S4	Dining table
TETM	1	0.0115515544585	SRR17140475	PMA	F7_S4_P	F7_S4	F7	S4	Dining table
MDTF	1	0.00711807454095	SRR17140475	PMA	F7_S4_P	F7_S4	F7	S4	Dining table
ADEB	1	0.00712494526928	SRR17140475	PMA	F7_S4_P	F7_S4	F7	S4	Dining table
MEXF	4	0.0278020463238	SRR17140475	PMA	F7_S4_P	F7_S4	F7	S4	Dining table
LMRD	1	0.0111502164637	SRR17140475	PMA	F7_S4_P	F7_S4	F7	S4	Dining table
MEXB	4	0.0282273166309	SRR17140475	PMA	F7_S4_P	F7_S4	F7	S4	Dining table
MDTN	3	0.0645607285624	SRR17140475	PMA	F7_S4_P	F7_S4	F7	S4	Dining table
MEXK	3	0.0216042242897	SRR17140475	PMA	F7_S4_P	F7_S4	F7	S4	Dining table
MPHC	1	0.0246871013343	SRR17140475	PMA	F7_S4_P	F7_S4	F7	S4	Dining table
TETB(60)	1	0.012748606734	SRR17140475	PMA	F7_S4_P	F7_S4	F7	S4	Dining table
VANS	1	0.0165132959708	SRR17140475	PMA	F7_S4_P	F7_S4	F7	S4	Dining table
RLMA(II)	1	0.0261753308474	SRR17140475	PMA	F7_S4_P	F7_S4	F7	S4	Dining table
TETA	3	0.0527245949926	SRR17140475	PMA	F7_S4_P	F7_S4	F7	S4	Dining table
PBP-1A	4	0.0410650531236	SRR17140475	PMA	F7_S4_P	F7_S4	F7	S4	Dining table
MACB	7	0.0802330793366	SRR17140475	PMA	F7_S4_P	F7_S4	F7	S4	Dining table
APH(3')-I	5	0.136188990756	SRR17140475	PMA	F7_S4_P	F7_S4	F7	S4	Dining table
FMTC	7	0.0615120274914	SRR17140475	PMA	F7_S4_P	F7_S4	F7	S4	Dining table
CLASS_A	5	0.123024054983	SRR17140475	PMA	F7_S4_P	F7_S4	F7	S4	Dining table
MTRA	1	0.0323747513113	SRR17140475	PMA	F7_S4_P	F7_S4	F7	S4	Dining table
MEFA	1	0.0182257859234	SRR17140475	PMA	F7_S4_P	F7_S4	F7	S4	Dining table
BAES	1	0.0158060884346	SRR17140475	PMA	F7_S4_P	F7_S4	F7	S4	Dining table
RPOB2	26	0.165161381905	SRR17140475	PMA	F7_S4_P	F7_S4	F7	S4	Dining table
MEL	6	0.0909418065581	SRR17140475	PMA	F7_S4_P	F7_S4	F7	S4	Dining table
EMRB-QACA_FAMILY_MAJOR_FACILITATOR_TRANSPORTER	10	0.153460359646	SRR17140475	PMA	F7_S4_P	F7_S4	F7	S4	Dining table
MSRA	9	0.136133175596	SRR17140475	PMA	F7_S4_P	F7_S4	F7	S4	Dining table
ACRB	1	0.00708391871302	SRR17140475	PMA	F7_S4_P	F7_S4	F7	S4	Dining table
TETQ	1	0.0112350735144	SRR17140475	PMA	F7_S4_P	F7_S4	F7	S4	Dining table
NORA	5	0.095121691997	SRR17140475	PMA	F7_S4_P	F7_S4	F7	S4	Dining table
TET(K)	2	0.0321631516295	SRR17140475	PMA	F7_S4_P	F7_S4	F7	S4	Dining table
TRANSCRIPTIONAL_REGULATORY_PROTEIN_CPXR_CPXR	1	0.0318165659438	SRR17140475	PMA	F7_S4_P	F7_S4	F7	S4	Dining table
MARR	5	0.251069499965	SRR17140475	PMA	F7_S4_P	F7_S4	F7	S4	Dining table
LNUG	2	0.0136297226942	SRR17140477	PMA	F7_S3_P	F7_S3	F7	S3	Exercise platform
BLAZ	4	0.025901323554	SRR17140477	PMA	F7_S3_P	F7_S3	F7	S3	Exercise platform
LNUA	2	0.02260332894	SRR17140477	PMA	F7_S3_P	F7_S3	F7	S3	Exercise platform
APH(3'')-I	1	0.00668958816055	SRR17140477	PMA	F7_S3_P	F7_S3	F7	S3	Exercise platform
MAJOR_FACILITATOR_SUPERFAMILY_TRANSPORTER	39	0.182424553232	SRR17140477	PMA	F7_S3_P	F7_S3	F7	S3	Exercise platform
BACA	32	0.213282693588	SRR17140477	PMA	F7_S3_P	F7_S3	F7	S3	Exercise platform
ERMB	1	0.00742680808028	SRR17140477	PMA	F7_S3_P	F7_S3	F7	S3	Exercise platform
MUXB	1	0.00174455223362	SRR17140477	PMA	F7_S3_P	F7_S3	F7	S3	Exercise platform
FOSB	3	0.0392712513598	SRR17140477	PMA	F7_S3_P	F7_S3	F7	S3	Exercise platform
TET(K)	1	0.00396420039144	SRR17140477	PMA	F7_S3_P	F7_S3	F7	S3	Exercise platform
ERMX	24	0.172607239178	SRR17140477	PMA	F7_S3_P	F7_S3	F7	S3	Exercise platform
PATB	11	0.0515856901453	SRR17140477	PMA	F7_S3_P	F7_S3	F7	S3	Exercise platform
CHLORAMPHENICOL_EXPORTER	3	0.0114920082927	SRR17140477	PMA	F7_S3_P	F7_S3	F7	S3	Exercise platform
UGD	7	0.0328272573652	SRR17140477	PMA	F7_S3_P	F7_S3	F7	S3	Exercise platform
MECI	1	0.0147932356071	SRR17140477	PMA	F7_S3_P	F7_S3	F7	S3	Exercise platform
DFRC	17	0.19212829599	SRR17140477	PMA	F7_S3_P	F7_S3	F7	S3	Exercise platform
MULTIDRUG_ABC_TRANSPORTER	72	0.226658987087	SRR17140477	PMA	F7_S3_P	F7_S3	F7	S3	Exercise platform
BJP-1	1	0.00618900673357	SRR17140477	PMA	F7_S3_P	F7_S3	F7	S3	Exercise platform
MECA	9	0.0245151374506	SRR17140477	PMA	F7_S3_P	F7_S3	F7	S3	Exercise platform
LSAC	3	0.0110949267053	SRR17140477	PMA	F7_S3_P	F7_S3	F7	S3	Exercise platform
NORA	52	0.243859626141	SRR17140477	PMA	F7_S3_P	F7_S3	F7	S3	Exercise platform
TETA	1	0.0043323047135	SRR17140477	PMA	F7_S3_P	F7_S3	F7	S3	Exercise platform
PBP-2X	26	0.0630783566285	SRR17140477	PMA	F7_S3_P	F7_S3	F7	S3	Exercise platform
MDTG	17	0.0769469046129	SRR17140477	PMA	F7_S3_P	F7_S3	F7	S3	Exercise platform
VGAA	4	0.0139430496526	SRR17140477	PMA	F7_S3_P	F7_S3	F7	S3	Exercise platform
MEXI	1	0.00176828763816	SRR17140477	PMA	F7_S3_P	F7_S3	F7	S3	Exercise platform
MDTK	1	0.00383875101196	SRR17140477	PMA	F7_S3_P	F7_S3	F7	S3	Exercise platform
QACB	80	0.283201241972	SRR17140477	PMA	F7_S3_P	F7_S3	F7	S3	Exercise platform
ADEN	2	0.0167702117942	SRR17140477	PMA	F7_S3_P	F7_S3	F7	S3	Exercise platform
LMRD	7	0.0192401448001	SRR17140477	PMA	F7_S3_P	F7_S3	F7	S3	Exercise platform
LMRC	1	0.00318106290152	SRR17140477	PMA	F7_S3_P	F7_S3	F7	S3	Exercise platform
MPHC	46	0.279933535334	SRR17140477	PMA	F7_S3_P	F7_S3	F7	S3	Exercise platform
MECR1	4	0.0221898534106	SRR17140477	PMA	F7_S3_P	F7_S3	F7	S3	Exercise platform
CAT_CHLORAMPHENICOL_ACETYLTRANSFERASE	1	0.00846310688218	SRR17140477	PMA	F7_S3_P	F7_S3	F7	S3	Exercise platform
AADD	3	0.0215759048973	SRR17140477	PMA	F7_S3_P	F7_S3	F7	S3	Exercise platform
RLMA(II)	10	0.0645236872223	SRR17140477	PMA	F7_S3_P	F7_S3	F7	S3	Exercise platform
APH(6)-I	1	0.00684048112658	SRR17140477	PMA	F7_S3_P	F7_S3	F7	S3	Exercise platform
TAEA	1	0.00280797527727	SRR17140477	PMA	F7_S3_P	F7_S3	F7	S3	Exercise platform
TETM	31	0.0882732509699	SRR17140477	PMA	F7_S3_P	F7_S3	F7	S3	Exercise platform
SMEB	2	0.00346914772101	SRR17140477	PMA	F7_S3_P	F7_S3	F7	S3	Exercise platform
MEXF	1	0.00171334084715	SRR17140477	PMA	F7_S3_P	F7_S3	F7	S3	Exercise platform
BCRA	1	0.00588856951349	SRR17140477	PMA	F7_S3_P	F7_S3	F7	S3	Exercise platform
PBP-1A	11	0.0278376186041	SRR17140477	PMA	F7_S3_P	F7_S3	F7	S3	Exercise platform
FUSB	5	0.0427128633725	SRR17140477	PMA	F7_S3_P	F7_S3	F7	S3	Exercise platform
MACB	1	0.0028254161175	SRR17140477	PMA	F7_S3_P	F7_S3	F7	S3	Exercise platform
TRUNCATED_PUTATIVE_RESPONSE_REGULATOR_ARLR	25	0.207713239688	SRR17140477	PMA	F7_S3_P	F7_S3	F7	S3	Exercise platform
FMTC	23	0.0498215042052	SRR17140477	PMA	F7_S3_P	F7_S3	F7	S3	Exercise platform
QACA	9	0.0318601397218	SRR17140477	PMA	F7_S3_P	F7_S3	F7	S3	Exercise platform
PBP-1B	18	0.0398930860342	SRR17140477	PMA	F7_S3_P	F7_S3	F7	S3	Exercise platform
MEFE	9	0.0406355131936	SRR17140477	PMA	F7_S3_P	F7_S3	F7	S3	Exercise platform
CLASS_A	11	0.0667174925879	SRR17140477	PMA	F7_S3_P	F7_S3	F7	S3	Exercise platform
MTRA	3	0.023941683943	SRR17140477	PMA	F7_S3_P	F7_S3	F7	S3	Exercise platform
MEFA	20	0.0898552088726	SRR17140477	PMA	F7_S3_P	F7_S3	F7	S3	Exercise platform
TETB	11	0.0444783283919	SRR17140477	PMA	F7_S3_P	F7_S3	F7	S3	Exercise platform
RPOB2	121	0.189473085663	SRR17140477	PMA	F7_S3_P	F7_S3	F7	S3	Exercise platform
MEL	24	0.0896707012568	SRR17140477	PMA	F7_S3_P	F7_S3	F7	S3	Exercise platform
ARLS	20	0.0806903760386	SRR17140477	PMA	F7_S3_P	F7_S3	F7	S3	Exercise platform
MEPA	14	0.120729628983	SRR17140477	PMA	F7_S3_P	F7_S3	F7	S3	Exercise platform
EMRB-QACA_FAMILY_MAJOR_FACILITATOR_TRANSPORTER	18	0.0680919410271	SRR17140477	PMA	F7_S3_P	F7_S3	F7	S3	Exercise platform
STAPHYLOCOCCUS_MUPA_CONFERRING_RESISTANCE_TO_MUPIROCIN	1	0.00177692185515	SRR17140477	PMA	F7_S3_P	F7_S3	F7	S3	Exercise platform
MSRA	101	0.376590913825	SRR17140477	PMA	F7_S3_P	F7_S3	F7	S3	Exercise platform
ACRB	1	0.00174622646801	SRR17140477	PMA	F7_S3_P	F7_S3	F7	S3	Exercise platform
NORB	2	0.00780930463378	SRR17140477	PMA	F7_S3_P	F7_S3	F7	S3	Exercise platform
ARNA	2	0.00549718422861	SRR17140477	PMA	F7_S3_P	F7_S3	F7	S3	Exercise platform
ACRA	1	0.00456032075105	SRR17140477	PMA	F7_S3_P	F7_S3	F7	S3	Exercise platform
MARR	21	0.25993828281	SRR17140477	PMA	F7_S3_P	F7_S3	F7	S3	Exercise platform
TETA(48)	1	0.00530486291449	SRR17140477	PMA	F7_S3_P	F7_S3	F7	S3	Exercise platform
QACG	8	0.13604246577	SRR17140477	PMA	F7_S3_P	F7_S3	F7	S3	Exercise platform
VAND	2	0.010609725829	SRR17140477	PMA	F7_S3_P	F7_S3	F7	S3	Exercise platform
MAJOR_FACILITATOR_SUPERFAMILY_TRANSPORTER	1	0.0533512164226	SRR17140479	PMA	F7_S2_P	F7_S2	F7	S2	Waste compartment
BACA	6	0.456123586558	SRR17140479	PMA	F7_S2_P	F7_S2	F7	S2	Waste compartment
ERMX	4	0.328120524718	SRR17140479	PMA	F7_S2_P	F7_S2	F7	S2	Waste compartment
PATB	2	0.106977439115	SRR17140479	PMA	F7_S2_P	F7_S2	F7	S2	Waste compartment
BPEF	2	0.0391208731167	SRR17140479	PMA	F7_S2_P	F7_S2	F7	S2	Waste compartment
TEM	4	0.295425241116	SRR17140479	PMA	F7_S2_P	F7_S2	F7	S2	Waste compartment
MULTIDRUG_ABC_TRANSPORTER	3	0.107717767414	SRR17140479	PMA	F7_S2_P	F7_S2	F7	S2	Waste compartment
MEXY	1	0.0198599264961	SRR17140479	PMA	F7_S2_P	F7_S2	F7	S2	Waste compartment
LSAC	2	0.0843643219041	SRR17140479	PMA	F7_S2_P	F7_S2	F7	S2	Waste compartment
CFXA2	2	0.129306063479	SRR17140479	PMA	F7_S2_P	F7_S2	F7	S2	Waste compartment
TETW	2	0.0649565670999	SRR17140479	PMA	F7_S2_P	F7_S2	F7	S2	Waste compartment
UGD	1	0.0534887195577	SRR17140479	PMA	F7_S2_P	F7_S2	F7	S2	Waste compartment
ADEF	2	0.0391947557855	SRR17140479	PMA	F7_S2_P	F7_S2	F7	S2	Waste compartment
PBP-2X	1	0.0276714975845	SRR17140479	PMA	F7_S2_P	F7_S2	F7	S2	Waste compartment
TETM	2	0.0649565670999	SRR17140479	PMA	F7_S2_P	F7_S2	F7	S2	Waste compartment
MEXK	2	0.040494874514	SRR17140479	PMA	F7_S2_P	F7_S2	F7	S2	Waste compartment
MEXI	1	0.0201687300179	SRR17140479	PMA	F7_S2_P	F7_S2	F7	S2	Waste compartment
QACG	1	0.193959095219	SRR17140479	PMA	F7_S2_P	F7_S2	F7	S2	Waste compartment
MEXC	1	0.0536269333034	SRR17140479	PMA	F7_S2_P	F7_S2	F7	S2	Waste compartment
ADEJ	1	0.0196159009342	SRR17140479	PMA	F7_S2_P	F7_S2	F7	S2	Waste compartment
MPHC	2	0.138820221996	SRR17140479	PMA	F7_S2_P	F7_S2	F7	S2	Waste compartment
VANR	2	0.18125435099	SRR17140479	PMA	F7_S2_P	F7_S2	F7	S2	Waste compartment
AADE	1	0.0875680303308	SRR17140479	PMA	F7_S2_P	F7_S2	F7	S2	Waste compartment
APH(6)-I	2	0.156042279612	SRR17140479	PMA	F7_S2_P	F7_S2	F7	S2	Waste compartment
KASUGAMYCIN_RESISTANCE_PROTEIN_KSGA	1	0.0760205977597	SRR17140479	PMA	F7_S2_P	F7_S2	F7	S2	Waste compartment
RLMA(II)	1	0.0735944084695	SRR17140479	PMA	F7_S2_P	F7_S2	F7	S2	Waste compartment
CLASS_A	1	0.0691787439614	SRR17140479	PMA	F7_S2_P	F7_S2	F7	S2	Waste compartment
RPOB2	9	0.160742348275	SRR17140479	PMA	F7_S2_P	F7_S2	F7	S2	Waste compartment
MEL	1	0.0426152426867	SRR17140479	PMA	F7_S2_P	F7_S2	F7	S2	Waste compartment
ROSA	1	0.0506185931425	SRR17140479	PMA	F7_S2_P	F7_S2	F7	S2	Waste compartment
MSRA	2	0.0850558327394	SRR17140479	PMA	F7_S2_P	F7_S2	F7	S2	Waste compartment
NORB	1	0.0445356720781	SRR17140479	PMA	F7_S2_P	F7_S2	F7	S2	Waste compartment
SERRATIA_MARCESCENS_OMP1	2	0.0163278337115	SRR17140481	PMA	F4_S3_P	F4_S3	F4	S3	Exercise platform
LSAC	1	0.00620590427653	SRR17140481	PMA	F4_S3_P	F4_S3	F4	S3	Exercise platform
LNUA	12	0.227575520799	SRR17140481	PMA	F4_S3_P	F4_S3	F4	S3	Exercise platform
APH(3'')-I	2	0.0224507713533	SRR17140481	PMA	F4_S3_P	F4_S3	F4	S3	Exercise platform
MAJOR_FACILITATOR_SUPERFAMILY_TRANSPORTER	9	0.070642015775	SRR17140481	PMA	F4_S3_P	F4_S3	F4	S3	Exercise platform
BACA	7	0.0782898693346	SRR17140481	PMA	F4_S3_P	F4_S3	F4	S3	Exercise platform
FOSB	4	0.0878648893252	SRR17140481	PMA	F4_S3_P	F4_S3	F4	S3	Exercise platform
TET(K)	10	0.0665208040098	SRR17140481	PMA	F4_S3_P	F4_S3	F4	S3	Exercise platform
ERMF	1	0.0114785898649	SRR17140481	PMA	F4_S3_P	F4_S3	F4	S3	Exercise platform
ERMX	7	0.0844787918117	SRR17140481	PMA	F4_S3_P	F4_S3	F4	S3	Exercise platform
PATB	1	0.00786934253621	SRR17140481	PMA	F4_S3_P	F4_S3	F4	S3	Exercise platform
OPCM	1	0.00596348614072	SRR17140481	PMA	F4_S3_P	F4_S3	F4	S3	Exercise platform
CHLORAMPHENICOL_EXPORTER	1	0.00642801032432	SRR17140481	PMA	F4_S3_P	F4_S3	F4	S3	Exercise platform
BPEF	1	0.00287776145528	SRR17140481	PMA	F4_S3_P	F4_S3	F4	S3	Exercise platform
TRUNCATED_PUTATIVE_RESPONSE_REGULATOR_ARLR	15	0.20913047288	SRR17140481	PMA	F4_S3_P	F4_S3	F4	S3	Exercise platform
VGAA	9	0.0526431880009	SRR17140481	PMA	F4_S3_P	F4_S3	F4	S3	Exercise platform
MEXN	1	0.00294720550584	SRR17140481	PMA	F4_S3_P	F4_S3	F4	S3	Exercise platform
OPMH	3	0.0190039724319	SRR17140481	PMA	F4_S3_P	F4_S3	F4	S3	Exercise platform
DFRC	6	0.113787760399	SRR17140481	PMA	F4_S3_P	F4_S3	F4	S3	Exercise platform
OMPR	1	0.0133916881757	SRR17140481	PMA	F4_S3_P	F4_S3	F4	S3	Exercise platform
ADP-RIBOSYLATING_TRANSFERASE_ARR	1	0.020355366027	SRR17140481	PMA	F4_S3_P	F4_S3	F4	S3	Exercise platform
MEPA	1	0.0144706393557	SRR17140481	PMA	F4_S3_P	F4_S3	F4	S3	Exercise platform
OPRC	5	0.00968688104077	SRR17140481	PMA	F4_S3_P	F4_S3	F4	S3	Exercise platform
SMES	1	0.00653812613287	SRR17140481	PMA	F4_S3_P	F4_S3	F4	S3	Exercise platform
TETS	1	0.00474115668331	SRR17140481	PMA	F4_S3_P	F4_S3	F4	S3	Exercise platform
BACILLUS_SUBTILIS_MPRF	2	0.00713388996274	SRR17140481	PMA	F4_S3_P	F4_S3	F4	S3	Exercise platform
UGD	14	0.110170795507	SRR17140481	PMA	F4_S3_P	F4_S3	F4	S3	Exercise platform
MDTC	1	0.00297883405273	SRR17140481	PMA	F4_S3_P	F4_S3	F4	S3	Exercise platform
MDTB	3	0.00880761030015	SRR17140481	PMA	F4_S3_P	F4_S3	F4	S3	Exercise platform
ADEF	1	0.00288319632111	SRR17140481	PMA	F4_S3_P	F4_S3	F4	S3	Exercise platform
PBP-2X	5	0.020355366027	SRR17140481	PMA	F4_S3_P	F4_S3	F4	S3	Exercise platform
MEPR	3	0.0658986669939	SRR17140481	PMA	F4_S3_P	F4_S3	F4	S3	Exercise platform
MEXK	2	0.00595766810547	SRR17140481	PMA	F4_S3_P	F4_S3	F4	S3	Exercise platform
PENA	1	0.00490097095353	SRR17140481	PMA	F4_S3_P	F4_S3	F4	S3	Exercise platform
ADEC	1	0.00651024499798	SRR17140481	PMA	F4_S3_P	F4_S3	F4	S3	Exercise platform
MEXF	6	0.0172503101924	SRR17140481	PMA	F4_S3_P	F4_S3	F4	S3	Exercise platform
QACB	23	0.136626484033	SRR17140481	PMA	F4_S3_P	F4_S3	F4	S3	Exercise platform
MEXD	1	0.00292742560312	SRR17140481	PMA	F4_S3_P	F4_S3	F4	S3	Exercise platform
LMRD	1	0.00461224305748	SRR17140481	PMA	F4_S3_P	F4_S3	F4	S3	Exercise platform
CPXA	2	0.0133623847004	SRR17140481	PMA	F4_S3_P	F4_S3	F4	S3	Exercise platform
ADEJ	2	0.00577184291881	SRR17140481	PMA	F4_S3_P	F4_S3	F4	S3	Exercise platform
MPHC	8	0.081693776697	SRR17140481	PMA	F4_S3_P	F4_S3	F4	S3	Exercise platform
TETQ	1	0.00464734384178	SRR17140481	PMA	F4_S3_P	F4_S3	F4	S3	Exercise platform
AADD	1	0.0120683988302	SRR17140481	PMA	F4_S3_P	F4_S3	F4	S3	Exercise platform
RLMA(II)	1	0.0108273223548	SRR17140481	PMA	F4_S3_P	F4_S3	F4	S3	Exercise platform
AADK	5	0.0537553680291	SRR17140481	PMA	F4_S3_P	F4_S3	F4	S3	Exercise platform
APH(6)-I	1	0.0114785898649	SRR17140481	PMA	F4_S3_P	F4_S3	F4	S3	Exercise platform
QACA	8	0.047522255316	SRR17140481	PMA	F4_S3_P	F4_S3	F4	S3	Exercise platform
PBP-1A	3	0.0127397979307	SRR17140481	PMA	F4_S3_P	F4_S3	F4	S3	Exercise platform
MULTIDRUG_ABC_TRANSPORTER	16	0.0845205509772	SRR17140481	PMA	F4_S3_P	F4_S3	F4	S3	Exercise platform
MDTP	1	0.00625677234437	SRR17140481	PMA	F4_S3_P	F4_S3	F4	S3	Exercise platform
TETM	6	0.0286695296155	SRR17140481	PMA	F4_S3_P	F4_S3	F4	S3	Exercise platform
MACA	1	0.00822993235593	SRR17140481	PMA	F4_S3_P	F4_S3	F4	S3	Exercise platform
ARR-8	1	0.020355366027	SRR17140481	PMA	F4_S3_P	F4_S3	F4	S3	Exercise platform
APH(3')-I	1	0.011266807764	SRR17140481	PMA	F4_S3_P	F4_S3	F4	S3	Exercise platform
BLEOMYCIN_RESISTANCE_PROTEIN	1	0.0331880967832	SRR17140481	PMA	F4_S3_P	F4_S3	F4	S3	Exercise platform
FMTC	18	0.0654279622297	SRR17140481	PMA	F4_S3_P	F4_S3	F4	S3	Exercise platform
OXA	5	0.0553134946386	SRR17140481	PMA	F4_S3_P	F4_S3	F4	S3	Exercise platform
PBP-1B	4	0.0148760287652	SRR17140481	PMA	F4_S3_P	F4_S3	F4	S3	Exercise platform
MTRD	2	0.00572315820816	SRR17140481	PMA	F4_S3_P	F4_S3	F4	S3	Exercise platform
CLASS_A	14	0.142487562189	SRR17140481	PMA	F4_S3_P	F4_S3	F4	S3	Exercise platform
MEFA	3	0.0226170733633	SRR17140481	PMA	F4_S3_P	F4_S3	F4	S3	Exercise platform
RPHB	2	0.00690792964717	SRR17140481	PMA	F4_S3_P	F4_S3	F4	S3	Exercise platform
MEL	3	0.0188088597785	SRR17140481	PMA	F4_S3_P	F4_S3	F4	S3	Exercise platform
ARLS	5	0.0338503869629	SRR17140481	PMA	F4_S3_P	F4_S3	F4	S3	Exercise platform
MEXY	1	0.00292182287469	SRR17140481	PMA	F4_S3_P	F4_S3	F4	S3	Exercise platform
EMRB-QACA_FAMILY_MAJOR_FACILITATOR_TRANSPORTER	5	0.0317391362167	SRR17140481	PMA	F4_S3_P	F4_S3	F4	S3	Exercise platform
ROSB	2	0.0112460585785	SRR17140481	PMA	F4_S3_P	F4_S3	F4	S3	Exercise platform
MSRA	15	0.0938515851655	SRR17140481	PMA	F4_S3_P	F4_S3	F4	S3	Exercise platform
ACRB	2	0.00586047006536	SRR17140481	PMA	F4_S3_P	F4_S3	F4	S3	Exercise platform
RPOB2	105	0.275901045547	SRR17140481	PMA	F4_S3_P	F4_S3	F4	S3	Exercise platform
NORA	15	0.118040138043	SRR17140481	PMA	F4_S3_P	F4_S3	F4	S3	Exercise platform
ACRA	1	0.00765239324324	SRR17140481	PMA	F4_S3_P	F4_S3	F4	S3	Exercise platform
MARR	2	0.0415415633204	SRR17140481	PMA	F4_S3_P	F4_S3	F4	S3	Exercise platform
KLEBSIELLA_PNEUMONIAE_OMPK36	3	0.0249588956734	SRR17140481	PMA	F4_S3_P	F4_S3	F4	S3	Exercise platform
MAJOR_FACILITATOR_SUPERFAMILY_TRANSPORTER	6	0.596956854026	SRR17140482	PMA	F7_S1_P	F7_S1	F7	S1	Cupola
BACA	2	0.283536283536	SRR17140482	PMA	F7_S1_P	F7_S1	F7	S1	Cupola
ERMC	1	0.158617634027	SRR17140482	PMA	F7_S1_P	F7_S1	F7	S1	Cupola
ERMX	3	0.458925328491	SRR17140482	PMA	F7_S1_P	F7_S1	F7	S1	Cupola
PATB	1	0.0997492337699	SRR17140482	PMA	F7_S1_P	F7_S1	F7	S1	Cupola
MULTIDRUG_ABC_TRANSPORTER	1	0.0669596932573	SRR17140482	PMA	F7_S1_P	F7_S1	F7	S1	Cupola
MEXS	3	0.342501793829	SRR17140482	PMA	F7_S1_P	F7_S1	F7	S1	Cupola
PBP-2X	1	0.0516036036036	SRR17140482	PMA	F7_S1_P	F7_S1	F7	S1	Cupola
MEXK	1	0.0377587343441	SRR17140482	PMA	F7_S1_P	F7_S1	F7	S1	Cupola
MEXF	4	0.145772891536	SRR17140482	PMA	F7_S1_P	F7_S1	F7	S1	Cupola
QACB	3	0.225891260911	SRR17140482	PMA	F7_S1_P	F7_S1	F7	S1	Cupola
QACA	2	0.15059417394	SRR17140482	PMA	F7_S1_P	F7_S1	F7	S1	Cupola
LMRD	1	0.058463297134	SRR17140482	PMA	F7_S1_P	F7_S1	F7	S1	Cupola
MPHC	2	0.258880954533	SRR17140482	PMA	F7_S1_P	F7_S1	F7	S1	Cupola
CAT_CHLORAMPHENICOL_ACETYLTRANSFERASE	3	0.540037712131	SRR17140482	PMA	F7_S1_P	F7_S1	F7	S1	Cupola
AADD	1	0.152975109497	SRR17140482	PMA	F7_S1_P	F7_S1	F7	S1	Cupola
MACB	1	0.0600973644452	SRR17140482	PMA	F7_S1_P	F7_S1	F7	S1	Cupola
TRUNCATED_PUTATIVE_RESPONSE_REGULATOR_ARLR	1	0.176724669875	SRR17140482	PMA	F7_S1_P	F7_S1	F7	S1	Cupola
FMTC	1	0.0460746460746	SRR17140482	PMA	F7_S1_P	F7_S1	F7	S1	Cupola
OXA	1	0.140227183705	SRR17140482	PMA	F7_S1_P	F7_S1	F7	S1	Cupola
MEFA	1	0.0955622288956	SRR17140482	PMA	F7_S1_P	F7_S1	F7	S1	Cupola
PBP-1A	1	0.0538285155809	SRR17140482	PMA	F7_S1_P	F7_S1	F7	S1	Cupola
ADP-RIBOSYLATING_TRANSFERASE_ARR	1	0.258018018018	SRR17140482	PMA	F7_S1_P	F7_S1	F7	S1	Cupola
TETB	1	0.086006006006	SRR17140482	PMA	F7_S1_P	F7_S1	F7	S1	Cupola
RPOB2	8	0.266455784528	SRR17140482	PMA	F7_S1_P	F7_S1	F7	S1	Cupola
MSRA	3	0.237926451041	SRR17140482	PMA	F7_S1_P	F7_S1	F7	S1	Cupola
ACRB	2	0.0742854178555	SRR17140482	PMA	F7_S1_P	F7_S1	F7	S1	Cupola
NORA	4	0.398996935079	SRR17140482	PMA	F7_S1_P	F7_S1	F7	S1	Cupola
MARR	1	0.263283691855	SRR17140482	PMA	F7_S1_P	F7_S1	F7	S1	Cupola
ABCA	1591	1.19686147937	SRR17140484	PMA	F6_S8_P	F6_S8	F6	S8	Crew quarters
MAJOR_FACILITATOR_SUPERFAMILY_TRANSPORTER	15	0.0421193813863	SRR17140484	PMA	F6_S8_P	F6_S8	F6	S8	Crew quarters
BACA	7	0.0280075886483	SRR17140484	PMA	F6_S8_P	F6_S8	F6	S8	Crew quarters
TRANSCRIPTIONAL_REGULATORY_PROTEIN_CPXR_CPXR	1	0.00470817222967	SRR17140484	PMA	F6_S8_P	F6_S8	F6	S8	Crew quarters
ERMC	1	0.00447662277576	SRR17140484	PMA	F6_S8_P	F6_S8	F6	S8	Crew quarters
TET(42)	96	0.245000962382	SRR17140484	PMA	F6_S8_P	F6_S8	F6	S8	Crew quarters
VANS	2	0.00488723023394	SRR17140484	PMA	F6_S8_P	F6_S8	F6	S8	Crew quarters
ROSA	1	0.00266413648118	SRR17140484	PMA	F6_S8_P	F6_S8	F6	S8	Crew quarters
ERMX	1	0.00431737532524	SRR17140484	PMA	F6_S8_P	F6_S8	F6	S8	Crew quarters
PATB	1	0.0028151957662	SRR17140484	PMA	F6_S8_P	F6_S8	F6	S8	Crew quarters
MEXF	8	0.00822821813397	SRR17140484	PMA	F6_S8_P	F6_S8	F6	S8	Crew quarters
CHLORAMPHENICOL_EXPORTER	18	0.041392267855	SRR17140484	PMA	F6_S8_P	F6_S8	F6	S8	Crew quarters
BPEF	1	0.00102949666097	SRR17140484	PMA	F6_S8_P	F6_S8	F6	S8	Crew quarters
MEXB	4	0.00417703998962	SRR17140484	PMA	F6_S8_P	F6_S8	F6	S8	Crew quarters
MEXN	1	0.00105433972711	SRR17140484	PMA	F6_S8_P	F6_S8	F6	S8	Crew quarters
SRMB	1	0.00198599264961	SRR17140484	PMA	F6_S8_P	F6_S8	F6	S8	Crew quarters
DFRC	3	0.020353340819	SRR17140484	PMA	F6_S8_P	F6_S8	F6	S8	Crew quarters
TAP	12	0.0320478031477	SRR17140484	PMA	F6_S8_P	F6_S8	F6	S8	Crew quarters
ADP-RIBOSYLATING_TRANSFERASE_ARR	10	0.0728197304856	SRR17140484	PMA	F6_S8_P	F6_S8	F6	S8	Crew quarters
MEPA	2	0.0103535161828	SRR17140484	PMA	F6_S8_P	F6_S8	F6	S8	Crew quarters
TETB	1	0.00242732434952	SRR17140484	PMA	F6_S8_P	F6_S8	F6	S8	Crew quarters
MEXW	2	0.00214596455262	SRR17140484	PMA	F6_S8_P	F6_S8	F6	S8	Crew quarters
CEOB	5	0.0053178965788	SRR17140484	PMA	F6_S8_P	F6_S8	F6	S8	Crew quarters
TET43	2	0.00420923297605	SRR17140484	PMA	F6_S8_P	F6_S8	F6	S8	Crew quarters
MUXB	1	0.00104726362156	SRR17140484	PMA	F6_S8_P	F6_S8	F6	S8	Crew quarters
TETA	1	0.0026007046602	SRR17140484	PMA	F6_S8_P	F6_S8	F6	S8	Crew quarters
MDTC	1	0.00106565459247	SRR17140484	PMA	F6_S8_P	F6_S8	F6	S8	Crew quarters
MDTB	3	0.00315085372294	SRR17140484	PMA	F6_S8_P	F6_S8	F6	S8	Crew quarters
ADEF	3	0.00309432282517	SRR17140484	PMA	F6_S8_P	F6_S8	F6	S8	Crew quarters
TETM	1	0.00170938334473	SRR17140484	PMA	F6_S8_P	F6_S8	F6	S8	Crew quarters
MDTF	1	0.00105332300606	SRR17140484	PMA	F6_S8_P	F6_S8	F6	S8	Crew quarters
MDTE	1	0.00283713235658	SRR17140484	PMA	F6_S8_P	F6_S8	F6	S8	Crew quarters
RIFAMPIN_MONOOXYGENASE	4	0.0091405519438	SRR17140484	PMA	F6_S8_P	F6_S8	F6	S8	Crew quarters
BURKHOLDERIA_PSEUDOMALLEI_OMP38	1	0.00292057742589	SRR17140484	PMA	F6_S8_P	F6_S8	F6	S8	Crew quarters
QACB	2	0.00425017882212	SRR17140484	PMA	F6_S8_P	F6_S8	F6	S8	Crew quarters
QACA	3	0.00637526823318	SRR17140484	PMA	F6_S8_P	F6_S8	F6	S8	Crew quarters
MEXE	1	0.00275137520727	SRR17140484	PMA	F6_S8_P	F6_S8	F6	S8	Crew quarters
CPXA	1	0.00239014432666	SRR17140484	PMA	F6_S8_P	F6_S8	F6	S8	Crew quarters
ROSB	3	0.00603478429439	SRR17140484	PMA	F6_S8_P	F6_S8	F6	S8	Crew quarters
OQXB	3	0.00312084559224	SRR17140484	PMA	F6_S8_P	F6_S8	F6	S8	Crew quarters
VANR	70	0.33388959393	SRR17140484	PMA	F6_S8_P	F6_S8	F6	S8	Crew quarters
TRIC	4	0.00430461460999	SRR17140484	PMA	F6_S8_P	F6_S8	F6	S8	Crew quarters
OPRM	1	0.00233396572069	SRR17140484	PMA	F6_S8_P	F6_S8	F6	S8	Crew quarters
SMEE	3	0.00315085372294	SRR17140484	PMA	F6_S8_P	F6_S8	F6	S8	Crew quarters
TAEA	1	0.00168564190939	SRR17140484	PMA	F6_S8_P	F6_S8	F6	S8	Crew quarters
KASUGAMYCIN_RESISTANCE_PROTEIN_KSGA	1	0.00400108409262	SRR17140484	PMA	F6_S8_P	F6_S8	F6	S8	Crew quarters
LLMA_23S_RIBOSOMAL_RNA_METHYLTRANSFERASE	1	0.00380590925883	SRR17140484	PMA	F6_S8_P	F6_S8	F6	S8	Crew quarters
BCRA	1	0.00353493837309	SRR17140484	PMA	F6_S8_P	F6_S8	F6	S8	Crew quarters
PBP-1A	2	0.00303837540274	SRR17140484	PMA	F6_S8_P	F6_S8	F6	S8	Crew quarters
MACB	3	0.00508833520474	SRR17140484	PMA	F6_S8_P	F6_S8	F6	S8	Crew quarters
RLMA(II)	1	0.00387338991945	SRR17140484	PMA	F6_S8_P	F6_S8	F6	S8	Crew quarters
MTRA	16	0.0766523478796	SRR17140484	PMA	F6_S8_P	F6_S8	F6	S8	Crew quarters
FMTC	3	0.0039010569903	SRR17140484	PMA	F6_S8_P	F6_S8	F6	S8	Crew quarters
UGD	3	0.00844558729859	SRR17140484	PMA	F6_S8_P	F6_S8	F6	S8	Crew quarters
TETV	6	0.0159848188871	SRR17140484	PMA	F6_S8_P	F6_S8	F6	S8	Crew quarters
MTRD	1	0.00102370755134	SRR17140484	PMA	F6_S8_P	F6_S8	F6	S8	Crew quarters
CLASS_A	3	0.0109229595728	SRR17140484	PMA	F6_S8_P	F6_S8	F6	S8	Crew quarters
EFPA	3	0.00618280730538	SRR17140484	PMA	F6_S8_P	F6_S8	F6	S8	Crew quarters
MULTIDRUG_ABC_TRANSPORTER	26	0.0491344202239	SRR17140484	PMA	F6_S8_P	F6_S8	F6	S8	Crew quarters
BAER	1	0.00455123315535	SRR17140484	PMA	F6_S8_P	F6_S8	F6	S8	Crew quarters
MDSB	1	0.00103535161828	SRR17140484	PMA	F6_S8_P	F6_S8	F6	S8	Crew quarters
LRFA	6	0.013003523301	SRR17140484	PMA	F6_S8_P	F6_S8	F6	S8	Crew quarters
ARLS	3	0.00726582676686	SRR17140484	PMA	F6_S8_P	F6_S8	F6	S8	Crew quarters
RPHA	1	0.00126276989281	SRR17140484	PMA	F6_S8_P	F6_S8	F6	S8	Crew quarters
EMRB-QACA_FAMILY_MAJOR_FACILITATOR_TRANSPORTER	7	0.0158961989626	SRR17140484	PMA	F6_S8_P	F6_S8	F6	S8	Crew quarters
MUXC	1	0.00105433972711	SRR17140484	PMA	F6_S8_P	F6_S8	F6	S8	Crew quarters
AMRB	3	0.0031357778678	SRR17140484	PMA	F6_S8_P	F6_S8	F6	S8	Crew quarters
ACRB	9	0.00943441805716	SRR17140484	PMA	F6_S8_P	F6_S8	F6	S8	Crew quarters
RPOB2	220	0.206803021173	SRR17140484	PMA	F6_S8_P	F6_S8	F6	S8	Crew quarters
NORA	11	0.0309671534282	SRR17140484	PMA	F6_S8_P	F6_S8	F6	S8	Crew quarters
AAC(3)-IIIA	2	0.00783007854684	SRR17140484	PMA	F6_S8_P	F6_S8	F6	S8	Crew quarters
ACRF	1	0.00105637906894	SRR17140484	PMA	F6_S8_P	F6_S8	F6	S8	Crew quarters
RBPA	4	0.0383261739398	SRR17140484	PMA	F6_S8_P	F6_S8	F6	S8	Crew quarters
AAD(9)	1	0.00420113829725	SRR17140484	PMA	F6_S8_P	F6_S8	F6	S8	Crew quarters
TETA(48)	19	0.0605061900537	SRR17140484	PMA	F6_S8_P	F6_S8	F6	S8	Crew quarters
TETB(48)	10	0.040306123885	SRR17140484	PMA	F6_S8_P	F6_S8	F6	S8	Crew quarters
LNUA	1	0.00698696774382	SRR17140485	PMA	F4_S1_P	F4_S1	F4	S1	Cupola
MAJOR_FACILITATOR_SUPERFAMILY_TRANSPORTER	5	0.0144588921177	SRR17140485	PMA	F4_S1_P	F4_S1	F4	S1	Cupola
BACA	5	0.0206025971933	SRR17140485	PMA	F4_S1_P	F4_S1	F4	S1	Cupola
ERMB	2	0.00918287189188	SRR17140485	PMA	F4_S1_P	F4_S1	F4	S1	Cupola
OMPF	1	0.0032048484523	SRR17140485	PMA	F4_S1_P	F4_S1	F4	S1	Cupola
MECR1	1	0.00342957867913	SRR17140485	PMA	F4_S1_P	F4_S1	F4	S1	Cupola
MDTH	1	0.00279826320088	SRR17140485	PMA	F4_S1_P	F4_S1	F4	S1	Cupola
VGAA	1	0.00215498430413	SRR17140485	PMA	F4_S1_P	F4_S1	F4	S1	Cupola
DFRC	1	0.00698696774382	SRR17140485	PMA	F4_S1_P	F4_S1	F4	S1	Cupola
OMPR	4	0.0197351194168	SRR17140485	PMA	F4_S1_P	F4_S1	F4	S1	Cupola
MULTIDRUG_ABC_TRANSPORTER	9	0.0175157720775	SRR17140485	PMA	F4_S1_P	F4_S1	F4	S1	Cupola
MEXY	1	0.0010764610591	SRR17140485	PMA	F4_S1_P	F4_S1	F4	S1	Cupola
MECA	1	0.00168398474065	SRR17140485	PMA	F4_S1_P	F4_S1	F4	S1	Cupola
UGD	2	0.00579846292142	SRR17140485	PMA	F4_S1_P	F4_S1	F4	S1	Cupola
ADEF	2	0.00212446044713	SRR17140485	PMA	F4_S1_P	F4_S1	F4	S1	Cupola
TETM	1	0.00176040971323	SRR17140485	PMA	F4_S1_P	F4_S1	F4	S1	Cupola
MEXK	2	0.00219493035465	SRR17140485	PMA	F4_S1_P	F4_S1	F4	S1	Cupola
ADEB	1	0.00108581255478	SRR17140485	PMA	F4_S1_P	F4_S1	F4	S1	Cupola
MEXF	2	0.00211845914643	SRR17140485	PMA	F4_S1_P	F4_S1	F4	S1	Cupola
QACB	10	0.0218852491587	SRR17140485	PMA	F4_S1_P	F4_S1	F4	S1	Cupola
QACA	1	0.00218852491587	SRR17140485	PMA	F4_S1_P	F4_S1	F4	S1	Cupola
LMRD	1	0.00169924744223	SRR17140485	PMA	F4_S1_P	F4_S1	F4	S1	Cupola
LMRC	2	0.00393322310054	SRR17140485	PMA	F4_S1_P	F4_S1	F4	S1	Cupola
ROSB	1	0.00207164236972	SRR17140485	PMA	F4_S1_P	F4_S1	F4	S1	Cupola
ADEJ	2	0.00212646844377	SRR17140485	PMA	F4_S1_P	F4_S1	F4	S1	Cupola
ADEK	5	0.0116208864334	SRR17140485	PMA	F4_S1_P	F4_S1	F4	S1	Cupola
MPHC	3	0.0112866402016	SRR17140485	PMA	F4_S1_P	F4_S1	F4	S1	Cupola
OQXB	1	0.00107133505405	SRR17140485	PMA	F4_S1_P	F4_S1	F4	S1	Cupola
AADA	1	0.00427719318158	SRR17140485	PMA	F4_S1_P	F4_S1	F4	S1	Cupola
SMEE	2	0.0021632727053	SRR17140485	PMA	F4_S1_P	F4_S1	F4	S1	Cupola
KASUGAMYCIN_RESISTANCE_PROTEIN_KSGA	1	0.00412051943867	SRR17140485	PMA	F4_S1_P	F4_S1	F4	S1	Cupola
TOLC	1	0.00227252890254	SRR17140485	PMA	F4_S1_P	F4_S1	F4	S1	Cupola
BCRA	3	0.0109213767646	SRR17140485	PMA	F4_S1_P	F4_S1	F4	S1	Cupola
PBP-1A	1	0.00156453658798	SRR17140485	PMA	F4_S1_P	F4_S1	F4	S1	Cupola
MACB	3	0.00524022580787	SRR17140485	PMA	F4_S1_P	F4_S1	F4	S1	Cupola
APH(3')-I	2	0.00830185835244	SRR17140485	PMA	F4_S1_P	F4_S1	F4	S1	Cupola
FMTC	4	0.00535667527027	SRR17140485	PMA	F4_S1_P	F4_S1	F4	S1	Cupola
OXA	2	0.00815146236779	SRR17140485	PMA	F4_S1_P	F4_S1	F4	S1	Cupola
TEM	1	0.00400320927671	SRR17140485	PMA	F4_S1_P	F4_S1	F4	S1	Cupola
ACRS	1	0.00511319003071	SRR17140485	PMA	F4_S1_P	F4_S1	F4	S1	Cupola
CLASS_A	1	0.00374967268919	SRR17140485	PMA	F4_S1_P	F4_S1	F4	S1	Cupola
OPRM	2	0.00480727267844	SRR17140485	PMA	F4_S1_P	F4_S1	F4	S1	Cupola
MDSB	1	0.00106625763674	SRR17140485	PMA	F4_S1_P	F4_S1	F4	S1	Cupola
MEXB	1	0.00107543193762	SRR17140485	PMA	F4_S1_P	F4_S1	F4	S1	Cupola
EMRB-QACA_FAMILY_MAJOR_FACILITATOR_TRANSPORTER	1	0.00233867319492	SRR17140485	PMA	F4_S1_P	F4_S1	F4	S1	Cupola
ROSA	2	0.00548732588661	SRR17140485	PMA	F4_S1_P	F4_S1	F4	S1	Cupola
AMRB	5	0.00538230529548	SRR17140485	PMA	F4_S1_P	F4_S1	F4	S1	Cupola
MSRA	6	0.0138307599191	SRR17140485	PMA	F4_S1_P	F4_S1	F4	S1	Cupola
RPOB2	36	0.0348506583849	SRR17140485	PMA	F4_S1_P	F4_S1	F4	S1	Cupola
NORA	1	0.00289923146071	SRR17140485	PMA	F4_S1_P	F4_S1	F4	S1	Cupola
TET(K)	1	0.00245076646352	SRR17140485	PMA	F4_S1_P	F4_S1	F4	S1	Cupola
MARR	1	0.00765239324324	SRR17140485	PMA	F4_S1_P	F4_S1	F4	S1	Cupola
EMRD	1	0.00285508072781	SRR17140485	PMA	F4_S1_P	F4_S1	F4	S1	Cupola
MEXT	1	0.00370033489064	SRR17140485	PMA	F4_S1_P	F4_S1	F4	S1	Cupola
TRUNCATED_PUTATIVE_RESPONSE_REGULATOR_ARLR	6	0.0392721488612	SRR17140488	PMA	F5_S6_P	F5_S6	F5	S6	PMM
MAJOR_FACILITATOR_SUPERFAMILY_TRANSPORTER	12	0.0442190262242	SRR17140488	PMA	F5_S6_P	F5_S6	F5	S6	PMM
BACA	4	0.0210026876694	SRR17140488	PMA	F5_S6_P	F5_S6	F5	S6	PMM
ERMB	6	0.0351044922473	SRR17140488	PMA	F5_S6_P	F5_S6	F5	S6	PMM
TET(42)	6	0.0200948612164	SRR17140488	PMA	F5_S6_P	F5_S6	F5	S6	PMM
ERMF	3	0.0161665424823	SRR17140488	PMA	F5_S6_P	F5_S6	F5	S6	PMM
VANS	2	0.0064135724091	SRR17140488	PMA	F5_S6_P	F5_S6	F5	S6	PMM
ERM(TR)	2	0.0117978060365	SRR17140488	PMA	F5_S6_P	F5_S6	F5	S6	PMM
TET43	6	0.0165714847796	SRR17140488	PMA	F5_S6_P	F5_S6	F5	S6	PMM
ERMX	1	0.00566574479618	SRR17140488	PMA	F5_S6_P	F5_S6	F5	S6	PMM
BPEF	8	0.0108081691494	SRR17140488	PMA	F5_S6_P	F5_S6	F5	S6	PMM
ERMS	1	0.0044935217349	SRR17140488	PMA	F5_S6_P	F5_S6	F5	S6	PMM
CAT_CHLORAMPHENICOL_ACETYLTRANSFERASE	4	0.0266685289941	SRR17140488	PMA	F5_S6_P	F5_S6	F5	S6	PMM
TETX	2	0.00742711623541	SRR17140488	PMA	F5_S6_P	F5_S6	F5	S6	PMM
DFRC	3	0.0267099397534	SRR17140488	PMA	F5_S6_P	F5_S6	F5	S6	PMM
ADP-RIBOSYLATING_TRANSFERASE_ARR	12	0.114674674675	SRR17140488	PMA	F5_S6_P	F5_S6	F5	S6	PMM
TETQ	8	0.0174542883828	SRR17140488	PMA	F5_S6_P	F5_S6	F5	S6	PMM
MEXW	1	0.0014080878521	SRR17140488	PMA	F5_S6_P	F5_S6	F5	S6	PMM
SUL1	2	0.0101302716144	SRR17140488	PMA	F5_S6_P	F5_S6	F5	S6	PMM
UGD	4	0.0147776642622	SRR17140488	PMA	F5_S6_P	F5_S6	F5	S6	PMM
MDTC	1	0.00139847164237	SRR17140488	PMA	F5_S6_P	F5_S6	F5	S6	PMM
ADEF	5	0.00676786323623	SRR17140488	PMA	F5_S6_P	F5_S6	F5	S6	PMM
TETM	1	0.00224324480975	SRR17140488	PMA	F5_S6_P	F5_S6	F5	S6	PMM
MEXK	1	0.00139847164237	SRR17140488	PMA	F5_S6_P	F5_S6	F5	S6	PMM
ADEB	1	0.00138362300524	SRR17140488	PMA	F5_S6_P	F5_S6	F5	S6	PMM
MDTD	1	0.00304338308585	SRR17140488	PMA	F5_S6_P	F5_S6	F5	S6	PMM
MEXF	2	0.0026994979914	SRR17140488	PMA	F5_S6_P	F5_S6	F5	S6	PMM
QACB	9	0.0250990289901	SRR17140488	PMA	F5_S6_P	F5_S6	F5	S6	PMM
MEXB	1	0.00137039525185	SRR17140488	PMA	F5_S6_P	F5_S6	F5	S6	PMM
OQXB	3	0.00409552409552	SRR17140488	PMA	F5_S6_P	F5_S6	F5	S6	PMM
VANR	13	0.0813739503696	SRR17140488	PMA	F5_S6_P	F5_S6	F5	S6	PMM
BASS	1	0.0030051015376	SRR17140488	PMA	F5_S6_P	F5_S6	F5	S6	PMM
MPHE	4	0.0175881402875	SRR17140488	PMA	F5_S6_P	F5_S6	F5	S6	PMM
APH(6)-I	2	0.0107776949882	SRR17140488	PMA	F5_S6_P	F5_S6	F5	S6	PMM
RIFAMPIN_MONOOXYGENASE	3	0.00899644414289	SRR17140488	PMA	F5_S6_P	F5_S6	F5	S6	PMM
VANVB	3	0.0377219324588	SRR17140488	PMA	F5_S6_P	F5_S6	F5	S6	PMM
TETA	3	0.0102388102388	SRR17140488	PMA	F5_S6_P	F5_S6	F5	S6	PMM
MACB	3	0.00667748493835	SRR17140488	PMA	F5_S6_P	F5_S6	F5	S6	PMM
ARR-8	1	0.00955622288956	SRR17140488	PMA	F5_S6_P	F5_S6	F5	S6	PMM
VANI	1	0.00411906159033	SRR17140488	PMA	F5_S6_P	F5_S6	F5	S6	PMM
TET35	3	0.0116539303531	SRR17140488	PMA	F5_S6_P	F5_S6	F5	S6	PMM
FMTC	1	0.00170646837314	SRR17140488	PMA	F5_S6_P	F5_S6	F5	S6	PMM
PBP-1B	5	0.00872980166525	SRR17140488	PMA	F5_S6_P	F5_S6	F5	S6	PMM
CLASS_A	6	0.0286686686687	SRR17140488	PMA	F5_S6_P	F5_S6	F5	S6	PMM
MTRA	31	0.194896651037	SRR17140488	PMA	F5_S6_P	F5_S6	F5	S6	PMM
MULTIDRUG_ABC_TRANSPORTER	18	0.0446397955048	SRR17140488	PMA	F5_S6_P	F5_S6	F5	S6	PMM
RPOB2	206	0.254119868578	SRR17140488	PMA	F5_S6_P	F5_S6	F5	S6	PMM
TETA(48)	10	0.0417910621992	SRR17140488	PMA	F5_S6_P	F5_S6	F5	S6	PMM
TETB(48)	7	0.0370259558451	SRR17140488	PMA	F5_S6_P	F5_S6	F5	S6	PMM
RPHA	7	0.0116000393457	SRR17140488	PMA	F5_S6_P	F5_S6	F5	S6	PMM
STAPHYLOCOCCUS_MUPA_CONFERRING_RESISTANCE_TO_MUPIROCIN	1	0.00139983733734	SRR17140488	PMA	F5_S6_P	F5_S6	F5	S6	PMM
ROSB	1	0.00263984057723	SRR17140488	PMA	F5_S6_P	F5_S6	F5	S6	PMM
MSRA	1	0.0029373635931	SRR17140488	PMA	F5_S6_P	F5_S6	F5	S6	PMM
ACRB	17	0.0233861500656	SRR17140488	PMA	F5_S6_P	F5_S6	F5	S6	PMM
NORA	2	0.0073888321311	SRR17140488	PMA	F5_S6_P	F5_S6	F5	S6	PMM
TET(K)	1	0.00312294865672	SRR17140488	PMA	F5_S6_P	F5_S6	F5	S6	PMM
ACRF	2	0.00277259851728	SRR17140488	PMA	F5_S6_P	F5_S6	F5	S6	PMM
MARR	2	0.019502495693	SRR17140488	PMA	F5_S6_P	F5_S6	F5	S6	PMM
TETP	6	0.0204289800489	SRR17140488	PMA	F5_S6_P	F5_S6	F5	S6	PMM
EMRB	1	0.00279967467467	SRR17140488	PMA	F5_S6_P	F5_S6	F5	S6	PMM
TCMA	5	0.0133218720579	SRR17140488	PMA	F5_S6_P	F5_S6	F5	S6	PMM
ABCA	2	0.00416129069754	SRR17140490	PMA	F5_S5_P	F5_S5	F5	S5	Overhead 4
MAJOR_FACILITATOR_SUPERFAMILY_TRANSPORTER	11	0.0854294794616	SRR17140490	PMA	F5_S5_P	F5_S5	F5	S5	Overhead 4
BACA	5	0.0553314477365	SRR17140490	PMA	F5_S5_P	F5_S5	F5	S5	Overhead 4
ERMB	4	0.0493240334108	SRR17140490	PMA	F5_S5_P	F5_S5	F5	S5	Overhead 4
ERMC	2	0.0247630905444	SRR17140490	PMA	F5_S5_P	F5_S5	F5	S5	Overhead 4
PATB	3	0.0233589977815	SRR17140490	PMA	F5_S5_P	F5_S5	F5	S5	Overhead 4
MEXB	3	0.00866471428226	SRR17140490	PMA	F5_S5_P	F5_S5	F5	S5	Overhead 4
RBPA	1	0.0265008512843	SRR17140490	PMA	F5_S5_P	F5_S5	F5	S5	Overhead 4
DFRC	1	0.018764577928	SRR17140490	PMA	F5_S5_P	F5_S5	F5	S5	Overhead 4
MULTIDRUG_ABC_TRANSPORTER	10	0.0522681149899	SRR17140490	PMA	F5_S5_P	F5_S5	F5	S5	Overhead 4
LSA	4	0.0242658397302	SRR17140490	PMA	F5_S5_P	F5_S5	F5	S5	Overhead 4
TETB	1	0.00671354899203	SRR17140490	PMA	F5_S5_P	F5_S5	F5	S5	Overhead 4
SMES	2	0.0129383171153	SRR17140490	PMA	F5_S5_P	F5_S5	F5	S5	Overhead 4
RLMA(II)	1	0.0107131100937	SRR17140490	PMA	F5_S5_P	F5_S5	F5	S5	Overhead 4
MUXB	2	0.00579309117241	SRR17140490	PMA	F5_S5_P	F5_S5	F5	S5	Overhead 4
UGD	2	0.0155726651877	SRR17140490	PMA	F5_S5_P	F5_S5	F5	S5	Overhead 4
MDTC	2	0.0058948235052	SRR17140490	PMA	F5_S5_P	F5_S5	F5	S5	Overhead 4
PBP-2X	3	0.0120843881857	SRR17140490	PMA	F5_S5_P	F5_S5	F5	S5	Overhead 4
MDTF	1	0.00291330476993	SRR17140490	PMA	F5_S5_P	F5_S5	F5	S5	Overhead 4
PENA	1	0.00484927294769	SRR17140490	PMA	F5_S5_P	F5_S5	F5	S5	Overhead 4
MEXF	1	0.00284472414917	SRR17140490	PMA	F5_S5_P	F5_S5	F5	S5	Overhead 4
LMRD	5	0.0228179535228	SRR17140490	PMA	F5_S5_P	F5_S5	F5	S5	Overhead 4
LMRC	2	0.0105632763861	SRR17140490	PMA	F5_S5_P	F5_S5	F5	S5	Overhead 4
ADEI	1	0.00726225251542	SRR17140490	PMA	F5_S5_P	F5_S5	F5	S5	Overhead 4
ADEJ	1	0.00285547924992	SRR17140490	PMA	F5_S5_P	F5_S5	F5	S5	Overhead 4
ADEK	1	0.00624193604631	SRR17140490	PMA	F5_S5_P	F5_S5	F5	S5	Overhead 4
MPHC	20	0.202080069994	SRR17140490	PMA	F5_S5_P	F5_S5	F5	S5	Overhead 4
VANR	1	0.0131925635215	SRR17140490	PMA	F5_S5_P	F5_S5	F5	S5	Overhead 4
EFMA	1	0.00705863795891	SRR17140490	PMA	F5_S5_P	F5_S5	F5	S5	Overhead 4
MEXK	2	0.0058948235052	SRR17140490	PMA	F5_S5_P	F5_S5	F5	S5	Overhead 4
TRIC	2	0.00595290058407	SRR17140490	PMA	F5_S5_P	F5_S5	F5	S5	Overhead 4
PBP-1A	3	0.0126054118766	SRR17140490	PMA	F5_S5_P	F5_S5	F5	S5	Overhead 4
MACB	8	0.0375291558561	SRR17140490	PMA	F5_S5_P	F5_S5	F5	S5	Overhead 4
TRUNCATED_PUTATIVE_RESPONSE_REGULATOR_ARLR	12	0.165539564187	SRR17140490	PMA	F5_S5_P	F5_S5	F5	S5	Overhead 4
FMTC	10	0.0359654410287	SRR17140490	PMA	F5_S5_P	F5_S5	F5	S5	Overhead 4
SMER	1	0.0131925635215	SRR17140490	PMA	F5_S5_P	F5_S5	F5	S5	Overhead 4
PBP-1B	4	0.0147191086305	SRR17140490	PMA	F5_S5_P	F5_S5	F5	S5	Overhead 4
MTRD	3	0.00849418101147	SRR17140490	PMA	F5_S5_P	F5_S5	F5	S5	Overhead 4
CLASS_A	2	0.0201406469761	SRR17140490	PMA	F5_S5_P	F5_S5	F5	S5	Overhead 4
TETB(46)	2	0.010453622998	SRR17140490	PMA	F5_S5_P	F5_S5	F5	S5	Overhead 4
MEFA	20	0.149189977601	SRR17140490	PMA	F5_S5_P	F5_S5	F5	S5	Overhead 4
MTRC	1	0.00733275982139	SRR17140490	PMA	F5_S5_P	F5_S5	F5	S5	Overhead 4
RPHB	2	0.00683506119098	SRR17140490	PMA	F5_S5_P	F5_S5	F5	S5	Overhead 4
MEL	2	0.0124069693898	SRR17140490	PMA	F5_S5_P	F5_S5	F5	S5	Overhead 4
ARLS	3	0.0200959892223	SRR17140490	PMA	F5_S5_P	F5_S5	F5	S5	Overhead 4
MEPA	1	0.0143179954806	SRR17140490	PMA	F5_S5_P	F5_S5	F5	S5	Overhead 4
EMRB-QACA_FAMILY_MAJOR_FACILITATOR_TRANSPORTER	11	0.069089537444	SRR17140490	PMA	F5_S5_P	F5_S5	F5	S5	Overhead 4
STAPHYLOCOCCUS_MUPA_CONFERRING_RESISTANCE_TO_MUPIROCIN	1	0.00295029008439	SRR17140490	PMA	F5_S5_P	F5_S5	F5	S5	Overhead 4
MSRA	36	0.222867814899	SRR17140490	PMA	F5_S5_P	F5_S5	F5	S5	Overhead 4
ACRB	1	0.00289932538044	SRR17140490	PMA	F5_S5_P	F5_S5	F5	S5	Overhead 4
RPOB2	80	0.207992911973	SRR17140490	PMA	F5_S5_P	F5_S5	F5	S5	Overhead 4
NORA	16	0.124581321502	SRR17140490	PMA	F5_S5_P	F5_S5	F5	S5	Overhead 4
TET(K)	1	0.0065819107765	SRR17140490	PMA	F5_S5_P	F5_S5	F5	S5	Overhead 4
MARR	4	0.0822067223514	SRR17140490	PMA	F5_S5_P	F5_S5	F5	S5	Overhead 4
TETR	2	0.0267363704257	SRR17140492	PMA	F5_S4_P	F5_S4	F5	S4	Dining table
RPOB2	50	0.119646408101	SRR17140492	PMA	F5_S4_P	F5_S4	F5	S4	Dining table
MAJOR_FACILITATOR_SUPERFAMILY_TRANSPORTER	6	0.0428881623281	SRR17140492	PMA	F5_S4_P	F5_S4	F5	S4	Dining table
BACA	6	0.0611117038302	SRR17140492	PMA	F5_S4_P	F5_S4	F5	S4	Dining table
MDFA	4	0.0271276343831	SRR17140492	PMA	F5_S4_P	F5_S4	F5	S4	Dining table
FOSA	1	0.0205969075872	SRR17140492	PMA	F5_S4_P	F5_S4	F5	S4	Dining table
OPRM	2	0.0118828313003	SRR17140492	PMA	F5_S4_P	F5_S4	F5	S4	Dining table
TRUNCATED_PUTATIVE_RESPONSE_REGULATOR_ARLR	3	0.0380901715654	SRR17140492	PMA	F5_S4_P	F5_S4	F5	S4	Dining table
ERM(TR)	1	0.0114427264373	SRR17140492	PMA	F5_S4_P	F5_S4	F5	S4	Dining table
TET43	4	0.0214303084722	SRR17140492	PMA	F5_S4_P	F5_S4	F5	S4	Dining table
RPHB	1	0.0031454553442	SRR17140492	PMA	F5_S4_P	F5_S4	F5	S4	Dining table
ERMX	3	0.0329713342799	SRR17140492	PMA	F5_S4_P	F5_S4	F5	S4	Dining table
PATB	3	0.0214993494145	SRR17140492	PMA	F5_S4_P	F5_S4	F5	S4	Dining table
SUL2	1	0.0102604521191	SRR17140492	PMA	F5_S4_P	F5_S4	F5	S4	Dining table
MGTA	1	0.00665211130209	SRR17140492	PMA	F5_S4_P	F5_S4	F5	S4	Dining table
OPRJ	1	0.00580497395464	SRR17140492	PMA	F5_S4_P	F5_S4	F5	S4	Dining table
MECI	1	0.0226063619859	SRR17140492	PMA	F5_S4_P	F5_S4	F5	S4	Dining table
CYSTATHIONINE_BETA-LYASE_PATB	2	0.0143328996096	SRR17140492	PMA	F5_S4_P	F5_S4	F5	S4	Dining table
OMPR	1	0.0121955373872	SRR17140492	PMA	F5_S4_P	F5_S4	F5	S4	Dining table
ADER	1	0.0112574191266	SRR17140492	PMA	F5_S4_P	F5_S4	F5	S4	Dining table
TETB	1	0.00617907227616	SRR17140492	PMA	F5_S4_P	F5_S4	F5	S4	Dining table
ADC-80	1	0.00726000659079	SRR17140492	PMA	F5_S4_P	F5_S4	F5	S4	Dining table
MEXT	1	0.00914665304037	SRR17140492	PMA	F5_S4_P	F5_S4	F5	S4	Dining table
RLMA(II)	2	0.0197204434346	SRR17140492	PMA	F5_S4_P	F5_S4	F5	S4	Dining table
NORA	2	0.0143328996096	SRR17140492	PMA	F5_S4_P	F5_S4	F5	S4	Dining table
OPMD	2	0.0114192300791	SRR17140492	PMA	F5_S4_P	F5_S4	F5	S4	Dining table
UGD	8	0.0573315984386	SRR17140492	PMA	F5_S4_P	F5_S4	F5	S4	Dining table
PBP-2X	6	0.0222446601942	SRR17140492	PMA	F5_S4_P	F5_S4	F5	S4	Dining table
MDTG	1	0.00691687195092	SRR17140492	PMA	F5_S4_P	F5_S4	F5	S4	Dining table
MEXK	8	0.0217021075065	SRR17140492	PMA	F5_S4_P	F5_S4	F5	S4	Dining table
ADEB	2	0.00536791993103	SRR17140492	PMA	F5_S4_P	F5_S4	F5	S4	Dining table
MEXI	1	0.00270221819657	SRR17140492	PMA	F5_S4_P	F5_S4	F5	S4	Dining table
MDTK	1	0.00586620785711	SRR17140492	PMA	F5_S4_P	F5_S4	F5	S4	Dining table
MEXJ	1	0.00757651913971	SRR17140492	PMA	F5_S4_P	F5_S4	F5	S4	Dining table
MEXD	1	0.00266594681138	SRR17140492	PMA	F5_S4_P	F5_S4	F5	S4	Dining table
LMRD	6	0.0252016542985	SRR17140492	PMA	F5_S4_P	F5_S4	F5	S4	Dining table
LMRC	4	0.0194446330369	SRR17140492	PMA	F5_S4_P	F5_S4	F5	S4	Dining table
VANR	1	0.0121422817654	SRR17140492	PMA	F5_S4_P	F5_S4	F5	S4	Dining table
ADEJ	4	0.0105125993356	SRR17140492	PMA	F5_S4_P	F5_S4	F5	S4	Dining table
SDIA	1	0.0115857605178	SRR17140492	PMA	F5_S4_P	F5_S4	F5	S4	Dining table
OQXB	1	0.00264817383264	SRR17140492	PMA	F5_S4_P	F5_S4	F5	S4	Dining table
AADA	1	0.0105725571265	SRR17140492	PMA	F5_S4_P	F5_S4	F5	S4	Dining table
TETQ	4	0.0169289651402	SRR17140492	PMA	F5_S4_P	F5_S4	F5	S4	Dining table
PENA	4	0.0178528572987	SRR17140492	PMA	F5_S4_P	F5_S4	F5	S4	Dining table
AADE	1	0.0117324157142	SRR17140492	PMA	F5_S4_P	F5_S4	F5	S4	Dining table
SMEE	2	0.00534727408514	SRR17140492	PMA	F5_S4_P	F5_S4	F5	S4	Dining table
SMED	1	0.00705731605145	SRR17140492	PMA	F5_S4_P	F5_S4	F5	S4	Dining table
TETM	4	0.0174058373976	SRR17140492	PMA	F5_S4_P	F5_S4	F5	S4	Dining table
OPMH	1	0.00576884341135	SRR17140492	PMA	F5_S4_P	F5_S4	F5	S4	Dining table
PBP-1A	12	0.046407496928	SRR17140492	PMA	F5_S4_P	F5_S4	F5	S4	Dining table
MEXF	14	0.0366555135026	SRR17140492	PMA	F5_S4_P	F5_S4	F5	S4	Dining table
MULTIDRUG_ABC_TRANSPORTER	3	0.0144320892263	SRR17140492	PMA	F5_S4_P	F5_S4	F5	S4	Dining table
DFRC	3	0.0518120967256	SRR17140492	PMA	F5_S4_P	F5_S4	F5	S4	Dining table
MACB	2	0.00863534945426	SRR17140492	PMA	F5_S4_P	F5_S4	F5	S4	Dining table
MACA	4	0.0299793264072	SRR17140492	PMA	F5_S4_P	F5_S4	F5	S4	Dining table
QACB	1	0.00540969362699	SRR17140492	PMA	F5_S4_P	F5_S4	F5	S4	Dining table
PDC	1	0.00753545399532	SRR17140492	PMA	F5_S4_P	F5_S4	F5	S4	Dining table
EFRB	1	0.00768116719412	SRR17140492	PMA	F5_S4_P	F5_S4	F5	S4	Dining table
EFRA	3	0.0171994795316	SRR17140492	PMA	F5_S4_P	F5_S4	F5	S4	Dining table
PBP-1B	1	0.00338682402469	SRR17140492	PMA	F5_S4_P	F5_S4	F5	S4	Dining table
MTRD	1	0.00260598174721	SRR17140492	PMA	F5_S4_P	F5_S4	F5	S4	Dining table
MEXE	1	0.00700398620723	SRR17140492	PMA	F5_S4_P	F5_S4	F5	S4	Dining table
TETB(46)	2	0.00962139281755	SRR17140492	PMA	F5_S4_P	F5_S4	F5	S4	Dining table
MEFA	2	0.0137312717248	SRR17140492	PMA	F5_S4_P	F5_S4	F5	S4	Dining table
MTRC	3	0.0202469601282	SRR17140492	PMA	F5_S4_P	F5_S4	F5	S4	Dining table
MDSB	3	0.00790686973727	SRR17140492	PMA	F5_S4_P	F5_S4	F5	S4	Dining table
MEXB	5	0.0132915034621	SRR17140492	PMA	F5_S4_P	F5_S4	F5	S4	Dining table
MDSA	1	0.00681515324576	SRR17140492	PMA	F5_S4_P	F5_S4	F5	S4	Dining table
EMRB-QACA_FAMILY_MAJOR_FACILITATOR_TRANSPORTER	9	0.0520275316392	SRR17140492	PMA	F5_S4_P	F5_S4	F5	S4	Dining table
MSRA	1	0.00569791500875	SRR17140492	PMA	F5_S4_P	F5_S4	F5	S4	Dining table
ACRB	4	0.0106740212064	SRR17140492	PMA	F5_S4_P	F5_S4	F5	S4	Dining table
NORB	5	0.0298345764407	SRR17140492	PMA	F5_S4_P	F5_S4	F5	S4	Dining table
ARNA	1	0.00420027571642	SRR17140492	PMA	F5_S4_P	F5_S4	F5	S4	Dining table
RPSD_(RAMA_OR_SUD2)	3	0.0304443342074	SRR17140492	PMA	F5_S4_P	F5_S4	F5	S4	Dining table
MARR	2	0.037831054752	SRR17140492	PMA	F5_S4_P	F5_S4	F5	S4	Dining table
MEXW	1	0.00273141701795	SRR17140492	PMA	F5_S4_P	F5_S4	F5	S4	Dining table
EMRB	4	0.0217233009709	SRR17140492	PMA	F5_S4_P	F5_S4	F5	S4	Dining table
BLAZ	3	0.0101583097859	SRR17140494	PMA	F5_S3_P	F5_S3	F5	S3	Exercise platform
LNUA	8	0.0472792554838	SRR17140494	PMA	F5_S3_P	F5_S3	F5	S3	Exercise platform
BACA	67	0.233517091989	SRR17140494	PMA	F5_S3_P	F5_S3	F5	S3	Exercise platform
ERM(TR)	2	0.00783123470462	SRR17140494	PMA	F5_S3_P	F5_S3	F5	S3	Exercise platform
COB(I)ALAMIN_ADENOLSYLTRANSFERASE	1	0.00485456641128	SRR17140494	PMA	F5_S3_P	F5_S3	F5	S3	Exercise platform
CHLORAMPHENICOL_EXPORTER	5	0.010015737017	SRR17140494	PMA	F5_S3_P	F5_S3	F5	S3	Exercise platform
APH(3'')-I	2	0.00699628688685	SRR17140494	PMA	F5_S3_P	F5_S3	F5	S3	Exercise platform
RBPA	1	0.00834644751413	SRR17140494	PMA	F5_S3_P	F5_S3	F5	S3	Exercise platform
MULTIDRUG_ABC_TRANSPORTER	70	0.115232960489	SRR17140494	PMA	F5_S3_P	F5_S3	F5	S3	Exercise platform
ERM(36)	2	0.00677220652392	SRR17140494	PMA	F5_S3_P	F5_S3	F5	S3	Exercise platform
PBP-2X	14	0.0177612403101	SRR17140494	PMA	F5_S3_P	F5_S3	F5	S3	Exercise platform
LMRC	4	0.00665381130497	SRR17140494	PMA	F5_S3_P	F5_S3	F5	S3	Exercise platform
MPHC	53	0.168659651774	SRR17140494	PMA	F5_S3_P	F5_S3	F5	S3	Exercise platform
OXA	2	0.00689489142472	SRR17140494	PMA	F5_S3_P	F5_S3	F5	S3	Exercise platform
AXYY	1	0.000910521546996	SRR17140494	PMA	F5_S3_P	F5_S3	F5	S3	Exercise platform
APH(6)-I	1	0.00357704893463	SRR17140494	PMA	F5_S3_P	F5_S3	F5	S3	Exercise platform
ADEL	1	0.00282342734899	SRR17140494	PMA	F5_S3_P	F5_S3	F5	S3	Exercise platform
FMTC	38	0.04304382218	SRR17140494	PMA	F5_S3_P	F5_S3	F5	S3	Exercise platform
MTRD	2	0.0017834958137	SRR17140494	PMA	F5_S3_P	F5_S3	F5	S3	Exercise platform
CLASS_A	29	0.0919778516058	SRR17140494	PMA	F5_S3_P	F5_S3	F5	S3	Exercise platform
MTRA	4	0.0166928950283	SRR17140494	PMA	F5_S3_P	F5_S3	F5	S3	Exercise platform
MEFA	9	0.0211443337025	SRR17140494	PMA	F5_S3_P	F5_S3	F5	S3	Exercise platform
MTRC	2	0.00461890784763	SRR17140494	PMA	F5_S3_P	F5_S3	F5	S3	Exercise platform
ADEH	1	0.00196996897849	SRR17140494	PMA	F5_S3_P	F5_S3	F5	S3	Exercise platform
MSRA	92	0.17938020805	SRR17140494	PMA	F5_S3_P	F5_S3	F5	S3	Exercise platform
NORB	2	0.00408366959919	SRR17140494	PMA	F5_S3_P	F5_S3	F5	S3	Exercise platform
NORA	72	0.176566085557	SRR17140494	PMA	F5_S3_P	F5_S3	F5	S3	Exercise platform
MTRR	1	0.00528608342562	SRR17140494	PMA	F5_S3_P	F5_S3	F5	S3	Exercise platform
APH(3''')-III	1	0.00360414779019	SRR17140494	PMA	F5_S3_P	F5_S3	F5	S3	Exercise platform
MAJOR_FACILITATOR_SUPERFAMILY_TRANSPORTER	92	0.225032240432	SRR17140494	PMA	F5_S3_P	F5_S3	F5	S3	Exercise platform
VANR	1	0.00415500007254	SRR17140494	PMA	F5_S3_P	F5_S3	F5	S3	Exercise platform
DFRC	23	0.135927859516	SRR17140494	PMA	F5_S3_P	F5_S3	F5	S3	Exercise platform
UGD	20	0.0490461348769	SRR17140494	PMA	F5_S3_P	F5_S3	F5	S3	Exercise platform
MDTB	1	0.000914899054434	SRR17140494	PMA	F5_S3_P	F5_S3	F5	S3	Exercise platform
MDTO	1	0.00139311129811	SRR17140494	PMA	F5_S3_P	F5_S3	F5	S3	Exercise platform
MDTG	6	0.0142014181584	SRR17140494	PMA	F5_S3_P	F5_S3	F5	S3	Exercise platform
MDTF	2	0.00183509164245	SRR17140494	PMA	F5_S3_P	F5_S3	F5	S3	Exercise platform
MDTE	3	0.00741424688269	SRR17140494	PMA	F5_S3_P	F5_S3	F5	S3	Exercise platform
MDTK	5	0.0100368672638	SRR17140494	PMA	F5_S3_P	F5_S3	F5	S3	Exercise platform
CPXA	1	0.00208204598821	SRR17140494	PMA	F5_S3_P	F5_S3	F5	S3	Exercise platform
SMEE	6	0.0054893943266	SRR17140494	PMA	F5_S3_P	F5_S3	F5	S3	Exercise platform
VANS	1	0.00212862419824	SRR17140494	PMA	F5_S3_P	F5_S3	F5	S3	Exercise platform
MECR1	1	0.00290089944089	SRR17140494	PMA	F5_S3_P	F5_S3	F5	S3	Exercise platform
APH(3')-I	5	0.0175552586091	SRR17140494	PMA	F5_S3_P	F5_S3	F5	S3	Exercise platform
EFRB	4	0.0105137570896	SRR17140494	PMA	F5_S3_P	F5_S3	F5	S3	Exercise platform
EFRA	1	0.00196184539507	SRR17140494	PMA	F5_S3_P	F5_S3	F5	S3	Exercise platform
EMRY	4	0.00743355481728	SRR17140494	PMA	F5_S3_P	F5_S3	F5	S3	Exercise platform
TETA(60)	1	0.0016433419976	SRR17140494	PMA	F5_S3_P	F5_S3	F5	S3	Exercise platform
BAER	2	0.00792912513843	SRR17140494	PMA	F5_S3_P	F5_S3	F5	S3	Exercise platform
EMRB-QACA_FAMILY_MAJOR_FACILITATOR_TRANSPORTER	42	0.0830827249432	SRR17140494	PMA	F5_S3_P	F5_S3	F5	S3	Exercise platform
BIFUNCTIONAL_AMINOGLYCOSIDE_N-ACETYLTRANSFERASE_AND_AMINOGLYCOSIDE_PHOSPHOTRANSFERASE	2	0.00387574344852	SRR17140494	PMA	F5_S3_P	F5_S3	F5	S3	Exercise platform
EMRK	1	0.00245864345378	SRR17140494	PMA	F5_S3_P	F5_S3	F5	S3	Exercise platform
EMRA	2	0.00487946162365	SRR17140494	PMA	F5_S3_P	F5_S3	F5	S3	Exercise platform
EMRB	2	0.00371677740864	SRR17140494	PMA	F5_S3_P	F5_S3	F5	S3	Exercise platform
ABCA	1	0.000655299598217	SRR17140494	PMA	F5_S3_P	F5_S3	F5	S3	Exercise platform
ERMB	1	0.00388365312903	SRR17140494	PMA	F5_S3_P	F5_S3	F5	S3	Exercise platform
ERMC	12	0.0467948368825	SRR17140494	PMA	F5_S3_P	F5_S3	F5	S3	Exercise platform
FOSB	8	0.0547623031143	SRR17140494	PMA	F5_S3_P	F5_S3	F5	S3	Exercise platform
MGRB	2	0.040489149643	SRR17140494	PMA	F5_S3_P	F5_S3	F5	S3	Exercise platform
ERMX	17	0.0639344477565	SRR17140494	PMA	F5_S3_P	F5_S3	F5	S3	Exercise platform
TETQ	5	0.00724121017208	SRR17140494	PMA	F5_S3_P	F5_S3	F5	S3	Exercise platform
TETP	2	0.0045201663497	SRR17140494	PMA	F5_S3_P	F5_S3	F5	S3	Exercise platform
MECA	2	0.00284878747488	SRR17140494	PMA	F5_S3_P	F5_S3	F5	S3	Exercise platform
SUL1	2	0.00672434640715	SRR17140494	PMA	F5_S3_P	F5_S3	F5	S3	Exercise platform
TETW	1	0.00148903758468	SRR17140494	PMA	F5_S3_P	F5_S3	F5	S3	Exercise platform
OPME	1	0.00193787172426	SRR17140494	PMA	F5_S3_P	F5_S3	F5	S3	Exercise platform
TETM	15	0.0223355637702	SRR17140494	PMA	F5_S3_P	F5_S3	F5	S3	Exercise platform
PENA	7	0.0106909552428	SRR17140494	PMA	F5_S3_P	F5_S3	F5	S3	Exercise platform
TETA	14	0.0317165005537	SRR17140494	PMA	F5_S3_P	F5_S3	F5	S3	Exercise platform
QACB	29	0.0536835709761	SRR17140494	PMA	F5_S3_P	F5_S3	F5	S3	Exercise platform
QACA	8	0.0148092609589	SRR17140494	PMA	F5_S3_P	F5_S3	F5	S3	Exercise platform
TETB	12	0.025373200443	SRR17140494	PMA	F5_S3_P	F5_S3	F5	S3	Exercise platform
QACG	1	0.00889247679076	SRR17140494	PMA	F5_S3_P	F5_S3	F5	S3	Exercise platform
SDIA	2	0.00792912513843	SRR17140494	PMA	F5_S3_P	F5_S3	F5	S3	Exercise platform
CAT_CHLORAMPHENICOL_ACETYLTRANSFERASE	2	0.00885111643359	SRR17140494	PMA	F5_S3_P	F5_S3	F5	S3	Exercise platform
AADE	1	0.00401474690553	SRR17140494	PMA	F5_S3_P	F5_S3	F5	S3	Exercise platform
BICYCLOMYCIN-MULTIDRUG_EFFLUX_PROTEIN_BCR	1	0.00240276519346	SRR17140494	PMA	F5_S3_P	F5_S3	F5	S3	Exercise platform
TRIC	1	0.000937433513903	SRR17140494	PMA	F5_S3_P	F5_S3	F5	S3	Exercise platform
FUSD	15	0.0670066913107	SRR17140494	PMA	F5_S3_P	F5_S3	F5	S3	Exercise platform
TAEA	1	0.00146835650712	SRR17140494	PMA	F5_S3_P	F5_S3	F5	S3	Exercise platform
FUSB	8	0.0357369020323	SRR17140494	PMA	F5_S3_P	F5_S3	F5	S3	Exercise platform
TRUNCATED_PUTATIVE_RESPONSE_REGULATOR_ARLR	36	0.156410139717	SRR17140494	PMA	F5_S3_P	F5_S3	F5	S3	Exercise platform
SAT-4	3	0.0158582502769	SRR17140494	PMA	F5_S3_P	F5_S3	F5	S3	Exercise platform
MEL	7	0.013676519746	SRR17140494	PMA	F5_S3_P	F5_S3	F5	S3	Exercise platform
ANT(3'')-IIA	1	0.00363166036875	SRR17140494	PMA	F5_S3_P	F5_S3	F5	S3	Exercise platform
TET(K)	18	0.0373135300632	SRR17140494	PMA	F5_S3_P	F5_S3	F5	S3	Exercise platform
MARR	36	0.233019187742	SRR17140494	PMA	F5_S3_P	F5_S3	F5	S3	Exercise platform
FARB	1	0.00187302168624	SRR17140494	PMA	F5_S3_P	F5_S3	F5	S3	Exercise platform
PATB	5	0.0122615337192	SRR17140494	PMA	F5_S3_P	F5_S3	F5	S3	Exercise platform
DNA-BINDING_TRANSCRIPTIONAL_REGULATOR_GADX	1	0.00347260954968	SRR17140494	PMA	F5_S3_P	F5_S3	F5	S3	Exercise platform
SERRATIA_MARCESCENS_OMP1	1	0.00254410432249	SRR17140494	PMA	F5_S3_P	F5_S3	F5	S3	Exercise platform
OPRN	2	0.00403175854496	SRR17140494	PMA	F5_S3_P	F5_S3	F5	S3	Exercise platform
MEPA	32	0.144302561761	SRR17140494	PMA	F5_S3_P	F5_S3	F5	S3	Exercise platform
MEXW	1	0.000934670939697	SRR17140494	PMA	F5_S3_P	F5_S3	F5	S3	Exercise platform
MEXT	3	0.0093897534534	SRR17140494	PMA	F5_S3_P	F5_S3	F5	S3	Exercise platform
RLMA(II)	11	0.0371150538394	SRR17140494	PMA	F5_S3_P	F5_S3	F5	S3	Exercise platform
VGAA	31	0.0565064090325	SRR17140494	PMA	F5_S3_P	F5_S3	F5	S3	Exercise platform
ADEF	2	0.0017969688699	SRR17140494	PMA	F5_S3_P	F5_S3	F5	S3	Exercise platform
EVGS	5	0.00397449881625	SRR17140494	PMA	F5_S3_P	F5_S3	F5	S3	Exercise platform
MEPR	4	0.0273811515572	SRR17140494	PMA	F5_S3_P	F5_S3	F5	S3	Exercise platform
ADEA	1	0.00665381130497	SRR17140494	PMA	F5_S3_P	F5_S3	F5	S3	Exercise platform
ADEB	3	0.00275529444965	SRR17140494	PMA	F5_S3_P	F5_S3	F5	S3	Exercise platform
MEXF	7	0.00627162440328	SRR17140494	PMA	F5_S3_P	F5_S3	F5	S3	Exercise platform
TRANSCRIPTIONAL_REGULATORY_PROTEIN_CPXR_CPXR	1	0.00410127162332	SRR17140494	PMA	F5_S3_P	F5_S3	F5	S3	Exercise platform
MEXD	1	0.00091226751353	SRR17140494	PMA	F5_S3_P	F5_S3	F5	S3	Exercise platform
MEXE	1	0.00239671288819	SRR17140494	PMA	F5_S3_P	F5_S3	F5	S3	Exercise platform
MEXB	4	0.00363860427002	SRR17140494	PMA	F5_S3_P	F5_S3	F5	S3	Exercise platform
ADEJ	1	0.000899333664094	SRR17140494	PMA	F5_S3_P	F5_S3	F5	S3	Exercise platform
ADEK	1	0.00196589879465	SRR17140494	PMA	F5_S3_P	F5_S3	F5	S3	Exercise platform
OQXB	2	0.00181237146021	SRR17140494	PMA	F5_S3_P	F5_S3	F5	S3	Exercise platform
ACRD	2	0.00183509164245	SRR17140494	PMA	F5_S3_P	F5_S3	F5	S3	Exercise platform
ADC-18	1	0.0024843211922	SRR17140494	PMA	F5_S3_P	F5_S3	F5	S3	Exercise platform
MACB	12	0.0177297208064	SRR17140494	PMA	F5_S3_P	F5_S3	F5	S3	Exercise platform
MACA	6	0.0153880595678	SRR17140494	PMA	F5_S3_P	F5_S3	F5	S3	Exercise platform
ERM(44)	6	0.0227449007955	SRR17140494	PMA	F5_S3_P	F5_S3	F5	S3	Exercise platform
SMER	2	0.00831000014508	SRR17140494	PMA	F5_S3_P	F5_S3	F5	S3	Exercise platform
PBP-1B	7	0.00811262498938	SRR17140494	PMA	F5_S3_P	F5_S3	F5	S3	Exercise platform
PBP-1A	10	0.0132335885481	SRR17140494	PMA	F5_S3_P	F5_S3	F5	S3	Exercise platform
RPOB2	250	0.204710631801	SRR17140494	PMA	F5_S3_P	F5_S3	F5	S3	Exercise platform
ARLS	14	0.0295364306709	SRR17140494	PMA	F5_S3_P	F5_S3	F5	S3	Exercise platform
ACRB	6	0.0054788580611	SRR17140494	PMA	F5_S3_P	F5_S3	F5	S3	Exercise platform
ACRA	6	0.0143081957385	SRR17140494	PMA	F5_S3_P	F5_S3	F5	S3	Exercise platform
ACRF	2	0.00184041589287	SRR17140494	PMA	F5_S3_P	F5_S3	F5	S3	Exercise platform
KLEBSIELLA_PNEUMONIAE_OMPK37	2	0.00508820864498	SRR17140494	PMA	F5_S3_P	F5_S3	F5	S3	Exercise platform
MAJOR_FACILITATOR_SUPERFAMILY_TRANSPORTER	20	0.0420952994072	SRR17140497	PMA	F5_S2_P	F5_S2	F5	S2	Waste compartment
BACA	23	0.0689792387906	SRR17140497	PMA	F5_S2_P	F5_S2	F5	S2	Waste compartment
ERMB	1	0.00334185132029	SRR17140497	PMA	F5_S2_P	F5_S2	F5	S2	Waste compartment
ERMC	2	0.00671109486451	SRR17140497	PMA	F5_S2_P	F5_S2	F5	S2	Waste compartment
FOSB	1	0.00589031347821	SRR17140497	PMA	F5_S2_P	F5_S2	F5	S2	Waste compartment
ERMA	9	0.0256751991681	SRR17140497	PMA	F5_S2_P	F5_S2	F5	S2	Waste compartment
VANS	7	0.0128216443273	SRR17140497	PMA	F5_S2_P	F5_S2	F5	S2	Waste compartment
ERM(TR)	2	0.00673871253885	SRR17140497	PMA	F5_S2_P	F5_S2	F5	S2	Waste compartment
MEXS	2	0.00483040456325	SRR17140497	PMA	F5_S2_P	F5_S2	F5	S2	Waste compartment
GOLS	1	0.00531658164591	SRR17140497	PMA	F5_S2_P	F5_S2	F5	S2	Waste compartment
AAC(6')-IE-APH(2'')-IA	3	0.00512789294449	SRR17140497	PMA	F5_S2_P	F5_S2	F5	S2	Waste compartment
UGD	5	0.0105509481117	SRR17140497	PMA	F5_S2_P	F5_S2	F5	S2	Waste compartment
CHLORAMPHENICOL_EXPORTER	1	0.00172369173362	SRR17140497	PMA	F5_S2_P	F5_S2	F5	S2	Waste compartment
VANRI	1	0.00352911023048	SRR17140497	PMA	F5_S2_P	F5_S2	F5	S2	Waste compartment
TET(K)	3	0.00535133054556	SRR17140497	PMA	F5_S2_P	F5_S2	F5	S2	Waste compartment
MSRA	24	0.0402665691871	SRR17140497	PMA	F5_S2_P	F5_S2	F5	S2	Waste compartment
APH(3')-IIB	1	0.00305505064728	SRR17140497	PMA	F5_S2_P	F5_S2	F5	S2	Waste compartment
MARR	10	0.0556975220048	SRR17140497	PMA	F5_S2_P	F5_S2	F5	S2	Waste compartment
DFRF	1	0.00499239983824	SRR17140497	PMA	F5_S2_P	F5_S2	F5	S2	Waste compartment
LSA	1	0.00164408348086	SRR17140497	PMA	F5_S2_P	F5_S2	F5	S2	Waste compartment
TETQ	1	0.00124620026403	SRR17140497	PMA	F5_S2_P	F5_S2	F5	S2	Waste compartment
MEXW	1	0.000804276594765	SRR17140497	PMA	F5_S2_P	F5_S2	F5	S2	Waste compartment
MECA	1	0.0012256790022	SRR17140497	PMA	F5_S2_P	F5_S2	F5	S2	Waste compartment
CFXA2	1	0.00255063418527	SRR17140497	PMA	F5_S2_P	F5_S2	F5	S2	Waste compartment
TETW	2	0.00256260899365	SRR17140497	PMA	F5_S2_P	F5_S2	F5	S2	Waste compartment
MEXQ	1	0.000777543754483	SRR17140497	PMA	F5_S2_P	F5_S2	F5	S2	Waste compartment
MEXM	1	0.00212663265837	SRR17140497	PMA	F5_S2_P	F5_S2	F5	S2	Waste compartment
TETM	10	0.0128130449682	SRR17140497	PMA	F5_S2_P	F5_S2	F5	S2	Waste compartment
VGAA	11	0.0172534277934	SRR17140497	PMA	F5_S2_P	F5_S2	F5	S2	Waste compartment
MDTE	2	0.00425326531673	SRR17140497	PMA	F5_S2_P	F5_S2	F5	S2	Waste compartment
MEXF	4	0.00308381760253	SRR17140497	PMA	F5_S2_P	F5_S2	F5	S2	Waste compartment
QACB	19	0.0302652099143	SRR17140497	PMA	F5_S2_P	F5_S2	F5	S2	Waste compartment
QACA	3	0.00477871735489	SRR17140497	PMA	F5_S2_P	F5_S2	F5	S2	Waste compartment
TETB	1	0.00181945238549	SRR17140497	PMA	F5_S2_P	F5_S2	F5	S2	Waste compartment
QACG	1	0.0076519025558	SRR17140497	PMA	F5_S2_P	F5_S2	F5	S2	Waste compartment
MDTL	1	0.00209399890913	SRR17140497	PMA	F5_S2_P	F5_S2	F5	S2	Waste compartment
MPHC	13	0.0355979814552	SRR17140497	PMA	F5_S2_P	F5_S2	F5	S2	Waste compartment
MEXY	1	0.000783496242556	SRR17140497	PMA	F5_S2_P	F5_S2	F5	S2	Waste compartment
VANR	4	0.0143013724624	SRR17140497	PMA	F5_S2_P	F5_S2	F5	S2	Waste compartment
CAT_CHLORAMPHENICOL_ACETYLTRANSFERASE	1	0.00380815615568	SRR17140497	PMA	F5_S2_P	F5_S2	F5	S2	Waste compartment
AADD	1	0.00323618013229	SRR17140497	PMA	F5_S2_P	F5_S2	F5	S2	Waste compartment
RLMA(II)	1	0.00290338146621	SRR17140497	PMA	F5_S2_P	F5_S2	F5	S2	Waste compartment
TRIC	1	0.000806653766966	SRR17140497	PMA	F5_S2_P	F5_S2	F5	S2	Waste compartment
VANVB	1	0.00718204889009	SRR17140497	PMA	F5_S2_P	F5_S2	F5	S2	Waste compartment
TETA	2	0.00389882654034	SRR17140497	PMA	F5_S2_P	F5_S2	F5	S2	Waste compartment
BCRA	1	0.00264968794003	SRR17140497	PMA	F5_S2_P	F5_S2	F5	S2	Waste compartment
FUSB	85	0.32673264669	SRR17140497	PMA	F5_S2_P	F5_S2	F5	S2	Waste compartment
MACB	2	0.00254271296109	SRR17140497	PMA	F5_S2_P	F5_S2	F5	S2	Waste compartment
TRUNCATED_PUTATIVE_RESPONSE_REGULATOR_ARLR	3	0.0112158023763	SRR17140497	PMA	F5_S2_P	F5_S2	F5	S2	Waste compartment
APH(3')-I	1	0.00302123089842	SRR17140497	PMA	F5_S2_P	F5_S2	F5	S2	Waste compartment
FMTC	13	0.0126711862561	SRR17140497	PMA	F5_S2_P	F5_S2	F5	S2	Waste compartment
TETC	1	0.00415610951	SRR17140497	PMA	F5_S2_P	F5_S2	F5	S2	Waste compartment
PBP-2X	1	0.00109167143129	SRR17140497	PMA	F5_S2_P	F5_S2	F5	S2	Waste compartment
PBP-1B	1	0.000997263792291	SRR17140497	PMA	F5_S2_P	F5_S2	F5	S2	Waste compartment
CLASS_C	4	0.00839747254842	SRR17140497	PMA	F5_S2_P	F5_S2	F5	S2	Waste compartment
CLASS_A	9	0.0245626072041	SRR17140497	PMA	F5_S2_P	F5_S2	F5	S2	Waste compartment
MULTIDRUG_ABC_TRANSPORTER	19	0.0269140448027	SRR17140497	PMA	F5_S2_P	F5_S2	F5	S2	Waste compartment
MEXH	1	0.00233263126345	SRR17140497	PMA	F5_S2_P	F5_S2	F5	S2	Waste compartment
RPOB2	86	0.0605962197233	SRR17140497	PMA	F5_S2_P	F5_S2	F5	S2	Waste compartment
MEL	3	0.00504365651009	SRR17140497	PMA	F5_S2_P	F5_S2	F5	S2	Waste compartment
ARLS	6	0.010892508738	SRR17140497	PMA	F5_S2_P	F5_S2	F5	S2	Waste compartment
MEPA	3	0.0116410460683	SRR17140497	PMA	F5_S2_P	F5_S2	F5	S2	Waste compartment
EMRB-QACA_FAMILY_MAJOR_FACILITATOR_TRANSPORTER	8	0.0136175230515	SRR17140497	PMA	F5_S2_P	F5_S2	F5	S2	Waste compartment
ERMX	18	0.0582512423813	SRR17140497	PMA	F5_S2_P	F5_S2	F5	S2	Waste compartment
BIFUNCTIONAL_AMINOGLYCOSIDE_N-ACETYLTRANSFERASE_AND_AMINOGLYCOSIDE_PHOSPHOTRANSFERASE	16	0.0266803608463	SRR17140497	PMA	F5_S2_P	F5_S2	F5	S2	Waste compartment
ACRB	1	0.000785751989895	SRR17140497	PMA	F5_S2_P	F5_S2	F5	S2	Waste compartment
NORB	1	0.00175698191732	SRR17140497	PMA	F5_S2_P	F5_S2	F5	S2	Waste compartment
NORA	15	0.0316528443352	SRR17140497	PMA	F5_S2_P	F5_S2	F5	S2	Waste compartment
EVGS	1	0.000684004656199	SRR17140497	PMA	F5_S2_P	F5_S2	F5	S2	Waste compartment
ACRD	1	0.000789540572296	SRR17140497	PMA	F5_S2_P	F5_S2	F5	S2	Waste compartment
TETP	23	0.0447300052015	SRR17140497	PMA	F5_S2_P	F5_S2	F5	S2	Waste compartment
VAND	1	0.00238703665735	SRR17140497	PMA	F5_S2_P	F5_S2	F5	S2	Waste compartment
LNUA	4	0.150116623424	SRR17140499	PMA	F5_S1_P	F5_S1	F5	S1	Cupola
MAJOR_FACILITATOR_SUPERFAMILY_TRANSPORTER	3	0.0465978978881	SRR17140499	PMA	F5_S1_P	F5_S1	F5	S1	Cupola
BACA	10	0.221325790946	SRR17140499	PMA	F5_S1_P	F5_S1	F5	S1	Cupola
ERMC	1	0.0247630905444	SRR17140499	PMA	F5_S1_P	F5_S1	F5	S1	Cupola
PATB	13	0.20244464744	SRR17140499	PMA	F5_S1_P	F5_S1	F5	S1	Cupola
TETA(60)	1	0.0104355683814	SRR17140499	PMA	F5_S1_P	F5_S1	F5	S1	Cupola
VGAA	8	0.0926006757521	SRR17140499	PMA	F5_S1_P	F5_S1	F5	S1	Cupola
MSBA	1	0.0103817767918	SRR17140499	PMA	F5_S1_P	F5_S1	F5	S1	Cupola
ESCHERICHIA_COLI_LAMB	1	0.0135475203875	SRR17140499	PMA	F5_S1_P	F5_S1	F5	S1	Cupola
DFRC	5	0.18764577928	SRR17140499	PMA	F5_S1_P	F5_S1	F5	S1	Cupola
MULTIDRUG_ABC_TRANSPORTER	7	0.0731753609858	SRR17140499	PMA	F5_S1_P	F5_S1	F5	S1	Cupola
SUL2	1	0.0222959191617	SRR17140499	PMA	F5_S1_P	F5_S1	F5	S1	Cupola
SMER	4	0.105540508172	SRR17140499	PMA	F5_S1_P	F5_S1	F5	S1	Cupola
MEXN	1	0.00583223368033	SRR17140499	PMA	F5_S1_P	F5_S1	F5	S1	Cupola
PBP-2X	2	0.0161125175809	SRR17140499	PMA	F5_S1_P	F5_S1	F5	S1	Cupola
MDTG	3	0.0450910006927	SRR17140499	PMA	F5_S1_P	F5_S1	F5	S1	Cupola
PENA	4	0.0387941835816	SRR17140499	PMA	F5_S1_P	F5_S1	F5	S1	Cupola
TETM	8	0.0756456224454	SRR17140499	PMA	F5_S1_P	F5_S1	F5	S1	Cupola
MDTK	4	0.0509889796863	SRR17140499	PMA	F5_S1_P	F5_S1	F5	S1	Cupola
QACB	1	0.0117552414257	SRR17140499	PMA	F5_S1_P	F5_S1	F5	S1	Cupola
LMRD	9	0.0821446326819	SRR17140499	PMA	F5_S1_P	F5_S1	F5	S1	Cupola
LMRC	1	0.0105632763861	SRR17140499	PMA	F5_S1_P	F5_S1	F5	S1	Cupola
TETB(60)	2	0.0208711367628	SRR17140499	PMA	F5_S1_P	F5_S1	F5	S1	Cupola
TRIC	1	0.00595290058407	SRR17140499	PMA	F5_S1_P	F5_S1	F5	S1	Cupola
RLMA(II)	9	0.192835981686	SRR17140499	PMA	F5_S1_P	F5_S1	F5	S1	Cupola
SMEF	1	0.0127472449216	SRR17140499	PMA	F5_S1_P	F5_S1	F5	S1	Cupola
KASUGAMYCIN_RESISTANCE_PROTEIN_KSGA	2	0.0442651581892	SRR17140499	PMA	F5_S1_P	F5_S1	F5	S1	Cupola
PBP-1A	19	0.159668550436	SRR17140499	PMA	F5_S1_P	F5_S1	F5	S1	Cupola
MACB	1	0.00938228896402	SRR17140499	PMA	F5_S1_P	F5_S1	F5	S1	Cupola
TRUNCATED_PUTATIVE_RESPONSE_REGULATOR_ARLR	1	0.0275899273645	SRR17140499	PMA	F5_S1_P	F5_S1	F5	S1	Cupola
EFRB	1	0.0166911439028	SRR17140499	PMA	F5_S1_P	F5_S1	F5	S1	Cupola
EFRA	1	0.0124581321502	SRR17140499	PMA	F5_S1_P	F5_S1	F5	S1	Cupola
PBP-1B	14	0.103033760414	SRR17140499	PMA	F5_S1_P	F5_S1	F5	S1	Cupola
MTRD	9	0.0509650860688	SRR17140499	PMA	F5_S1_P	F5_S1	F5	S1	Cupola
CLASS_A	3	0.0604219409283	SRR17140499	PMA	F5_S1_P	F5_S1	F5	S1	Cupola
MEFA	10	0.149189977601	SRR17140499	PMA	F5_S1_P	F5_S1	F5	S1	Cupola
MTRC	1	0.0146655196428	SRR17140499	PMA	F5_S1_P	F5_S1	F5	S1	Cupola
RPOB2	13	0.0675976963914	SRR17140499	PMA	F5_S1_P	F5_S1	F5	S1	Cupola
MEL	29	0.359802112304	SRR17140499	PMA	F5_S1_P	F5_S1	F5	S1	Cupola
NORA	8	0.124581321502	SRR17140499	PMA	F5_S1_P	F5_S1	F5	S1	Cupola
MARR	5	0.205516805878	SRR17140499	PMA	F5_S1_P	F5_S1	F5	S1	Cupola
LNUA	2	0.0966783688901	SRR17140501	PMA	F4_S8_P	F4_S8	F4	S8	Crew quarters
MAJOR_FACILITATOR_SUPERFAMILY_TRANSPORTER	9	0.180060355426	SRR17140501	PMA	F4_S8_P	F4_S8	F4	S8	Crew quarters
BACA	9	0.256569517439	SRR17140501	PMA	F4_S8_P	F4_S8	F4	S8	Crew quarters
ERMC	2	0.0637918745545	SRR17140501	PMA	F4_S8_P	F4_S8	F4	S8	Crew quarters
TET(K)	6	0.101733447002	SRR17140501	PMA	F4_S8_P	F4_S8	F4	S8	Crew quarters
PATA	2	0.0339111490007	SRR17140501	PMA	F4_S8_P	F4_S8	F4	S8	Crew quarters
PATB	2	0.0401165396683	SRR17140501	PMA	F4_S8_P	F4_S8	F4	S8	Crew quarters
VGAA	7	0.104364484424	SRR17140501	PMA	F4_S8_P	F4_S8	F4	S8	Crew quarters
DFRC	2	0.0966783688901	SRR17140501	PMA	F4_S8_P	F4_S8	F4	S8	Crew quarters
MULTIDRUG_ABC_TRANSPORTER	11	0.148111930194	SRR17140501	PMA	F4_S8_P	F4_S8	F4	S8	Crew quarters
MEPA	6	0.221306408407	SRR17140501	PMA	F4_S8_P	F4_S8	F4	S8	Crew quarters
UGD	2	0.0401165396683	SRR17140501	PMA	F4_S8_P	F4_S8	F4	S8	Crew quarters
PBP-2X	1	0.0103768115942	SRR17140501	PMA	F4_S8_P	F4_S8	F4	S8	Crew quarters
TETM	1	0.0121793563312	SRR17140501	PMA	F4_S8_P	F4_S8	F4	S8	Crew quarters
PENA	1	0.0124921487892	SRR17140501	PMA	F4_S8_P	F4_S8	F4	S8	Crew quarters
TETA	3	0.0555900621118	SRR17140501	PMA	F4_S8_P	F4_S8	F4	S8	Crew quarters
QACB	5	0.075706310269	SRR17140501	PMA	F4_S8_P	F4_S8	F4	S8	Crew quarters
MEXD	2	0.0149235066072	SRR17140501	PMA	F4_S8_P	F4_S8	F4	S8	Crew quarters
MDTH	2	0.038719446247	SRR17140501	PMA	F4_S8_P	F4_S8	F4	S8	Crew quarters
LMRC	1	0.0136059592581	SRR17140501	PMA	F4_S8_P	F4_S8	F4	S8	Crew quarters
SDIA	2	0.0648550724638	SRR17140501	PMA	F4_S8_P	F4_S8	F4	S8	Crew quarters
MPHC	2	0.0520575832485	SRR17140501	PMA	F4_S8_P	F4_S8	F4	S8	Crew quarters
VANR	2	0.0679703816214	SRR17140501	PMA	F4_S8_P	F4_S8	F4	S8	Crew quarters
PBP-1A	3	0.0324726371168	SRR17140501	PMA	F4_S8_P	F4_S8	F4	S8	Crew quarters
TRUNCATED_PUTATIVE_RESPONSE_REGULATOR_ARLR	7	0.248759182053	SRR17140501	PMA	F4_S8_P	F4_S8	F4	S8	Crew quarters
FMTC	4	0.0370600414079	SRR17140501	PMA	F4_S8_P	F4_S8	F4	S8	Crew quarters
MTRD	1	0.00729391630333	SRR17140501	PMA	F4_S8_P	F4_S8	F4	S8	Crew quarters
CLASS_A	3	0.0778260869565	SRR17140501	PMA	F4_S8_P	F4_S8	F4	S8	Crew quarters
BAES	2	0.03333022996	SRR17140501	PMA	F4_S8_P	F4_S8	F4	S8	Crew quarters
RPOB2	35	0.234415924568	SRR17140501	PMA	F4_S8_P	F4_S8	F4	S8	Crew quarters
MEL	1	0.0159807160075	SRR17140501	PMA	F4_S8_P	F4_S8	F4	S8	Crew quarters
EMRB-QACA_FAMILY_MAJOR_FACILITATOR_TRANSPORTER	2	0.0323601193166	SRR17140501	PMA	F4_S8_P	F4_S8	F4	S8	Crew quarters
AMRB	2	0.0148949448721	SRR17140501	PMA	F4_S8_P	F4_S8	F4	S8	Crew quarters
MSRA	7	0.11163578047	SRR17140501	PMA	F4_S8_P	F4_S8	F4	S8	Crew quarters
NORA	2	0.0401165396683	SRR17140501	PMA	F4_S8_P	F4_S8	F4	S8	Crew quarters
EVGS	3	0.0195052849515	SRR17140501	PMA	F4_S8_P	F4_S8	F4	S8	Crew quarters
MARR	1	0.052942916297	SRR17140501	PMA	F4_S8_P	F4_S8	F4	S8	Crew quarters
EMRB	2	0.0304008152174	SRR17140501	PMA	F4_S8_P	F4_S8	F4	S8	Crew quarters
TETA(48)	1	0.00631607732784	SRR17140503	PMA	F4_S7_P	F4_S7	F4	S7	Lab overhead
RPOB2	206	0.384063159923	SRR17140503	PMA	F4_S7_P	F4_S7	F4	S7	Lab overhead
MAJOR_FACILITATOR_SUPERFAMILY_TRANSPORTER	22	0.122522158139	SRR17140503	PMA	F4_S7_P	F4_S7	F4	S7	Lab overhead
BACA	25	0.198389608374	SRR17140503	PMA	F4_S7_P	F4_S7	F4	S7	Lab overhead
TETB	3	0.0144427634897	SRR17140503	PMA	F4_S7_P	F4_S7	F4	S7	Lab overhead
FOSB	9	0.140271443964	SRR17140503	PMA	F4_S7_P	F4_S7	F4	S7	Lab overhead
ERMX	1	0.00856290325474	SRR17140503	PMA	F4_S7_P	F4_S7	F4	S7	Lab overhead
ROSB	2	0.00797942734235	SRR17140503	PMA	F4_S7_P	F4_S7	F4	S7	Lab overhead
TETB(46)	2	0.00749624402578	SRR17140503	PMA	F4_S7_P	F4_S7	F4	S7	Lab overhead
MEXB	2	0.00414228398365	SRR17140503	PMA	F4_S7_P	F4_S7	F4	S7	Lab overhead
EPTA	2	0.00792107686819	SRR17140503	PMA	F4_S7_P	F4_S7	F4	S7	Lab overhead
YOJI	1	0.00396053843409	SRR17140503	PMA	F4_S7_P	F4_S7	F4	S7	Lab overhead
APH(3')-IIA	3	0.0246183468574	SRR17140503	PMA	F4_S7_P	F4_S7	F4	S7	Lab overhead
DFRC	6	0.0807359449733	SRR17140503	PMA	F4_S7_P	F4_S7	F4	S7	Lab overhead
OMPR	1	0.0095018180853	SRR17140503	PMA	F4_S7_P	F4_S7	F4	S7	Lab overhead
MULTIDRUG_ABC_TRANSPORTER	23	0.0862068062964	SRR17140503	PMA	F4_S7_P	F4_S7	F4	S7	Lab overhead
MEPA	22	0.225882083014	SRR17140503	PMA	F4_S7_P	F4_S7	F4	S7	Lab overhead
MECA	1	0.00324313551415	SRR17140503	PMA	F4_S7_P	F4_S7	F4	S7	Lab overhead
CEOB	4	0.00843783650808	SRR17140503	PMA	F4_S7_P	F4_S7	F4	S7	Lab overhead
NORA	20	0.111670851724	SRR17140503	PMA	F4_S7_P	F4_S7	F4	S7	Lab overhead
UGD	20	0.111670851724	SRR17140503	PMA	F4_S7_P	F4_S7	F4	S7	Lab overhead
MEXN	1	0.00209113370989	SRR17140503	PMA	F4_S7_P	F4_S7	F4	S7	Lab overhead
MDTB	2	0.00416618177586	SRR17140503	PMA	F4_S7_P	F4_S7	F4	S7	Lab overhead
PBP-2X	1	0.00288855269793	SRR17140503	PMA	F4_S7_P	F4_S7	F4	S7	Lab overhead
MDTG	2	0.0107781817087	SRR17140503	PMA	F4_S7_P	F4_S7	F4	S7	Lab overhead
MEXK	2	0.00422715028966	SRR17140503	PMA	F4_S7_P	F4_S7	F4	S7	Lab overhead
RIFAMPIN_MONOOXYGENASE	2	0.00906449591401	SRR17140503	PMA	F4_S7_P	F4_S7	F4	S7	Lab overhead
MEXF	4	0.00815975338399	SRR17140503	PMA	F4_S7_P	F4_S7	F4	S7	Lab overhead
MEPR	6	0.0935142959762	SRR17140503	PMA	F4_S7_P	F4_S7	F4	S7	Lab overhead
LMRD	2	0.00654505898323	SRR17140503	PMA	F4_S7_P	F4_S7	F4	S7	Lab overhead
LMRC	1	0.00378743797806	SRR17140503	PMA	F4_S7_P	F4_S7	F4	S7	Lab overhead
ADEI	3	0.0156231816595	SRR17140503	PMA	F4_S7_P	F4_S7	F4	S7	Lab overhead
ADEJ	1	0.00204765077831	SRR17140503	PMA	F4_S7_P	F4_S7	F4	S7	Lab overhead
VGAA	3	0.0124506581807	SRR17140503	PMA	F4_S7_P	F4_S7	F4	S7	Lab overhead
AXYY	1	0.00207312394588	SRR17140503	PMA	F4_S7_P	F4_S7	F4	S7	Lab overhead
AADD	1	0.00856290325474	SRR17140503	PMA	F4_S7_P	F4_S7	F4	S7	Lab overhead
RBPA	1	0.0190036361706	SRR17140503	PMA	F4_S7_P	F4_S7	F4	S7	Lab overhead
APH(6)-I	2	0.0162888310034	SRR17140503	PMA	F4_S7_P	F4_S7	F4	S7	Lab overhead
TETM	4	0.013561280272	SRR17140503	PMA	F4_S7_P	F4_S7	F4	S7	Lab overhead
TOLC	1	0.00437659499687	SRR17140503	PMA	F4_S7_P	F4_S7	F4	S7	Lab overhead
BCRA	1	0.0070110502377	SRR17140503	PMA	F4_S7_P	F4_S7	F4	S7	Lab overhead
PBP-1A	1	0.003013093913	SRR17140503	PMA	F4_S7_P	F4_S7	F4	S7	Lab overhead
TETA(46)	1	0.00377424133005	SRR17140503	PMA	F4_S7_P	F4_S7	F4	S7	Lab overhead
MACB	1	0.00336399770722	SRR17140503	PMA	F4_S7_P	F4_S7	F4	S7	Lab overhead
MACA	3	0.0175181767395	SRR17140503	PMA	F4_S7_P	F4_S7	F4	S7	Lab overhead
QACB	1	0.00421481424796	SRR17140503	PMA	F4_S7_P	F4_S7	F4	S7	Lab overhead
TET37	1	0.0200593937356	SRR17140503	PMA	F4_S7_P	F4_S7	F4	S7	Lab overhead
APH(3')-I	1	0.00799414953302	SRR17140503	PMA	F4_S7_P	F4_S7	F4	S7	Lab overhead
FMTC	38	0.098004466537	SRR17140503	PMA	F4_S7_P	F4_S7	F4	S7	Lab overhead
TEM	1	0.0077096602258	SRR17140503	PMA	F4_S7_P	F4_S7	F4	S7	Lab overhead
CLASS_A	1	0.00722138174483	SRR17140503	PMA	F4_S7_P	F4_S7	F4	S7	Lab overhead
MTRA	12	0.114021817024	SRR17140503	PMA	F4_S7_P	F4_S7	F4	S7	Lab overhead
MEFA	7	0.0374442016399	SRR17140503	PMA	F4_S7_P	F4_S7	F4	S7	Lab overhead
MDSB	1	0.00205347348194	SRR17140503	PMA	F4_S7_P	F4_S7	F4	S7	Lab overhead
ANT(3'')-IIC	1	0.00836453483957	SRR17140503	PMA	F4_S7_P	F4_S7	F4	S7	Lab overhead
ARLS	10	0.0480357987461	SRR17140503	PMA	F4_S7_P	F4_S7	F4	S7	Lab overhead
MEXY	1	0.00207312394588	SRR17140503	PMA	F4_S7_P	F4_S7	F4	S7	Lab overhead
EMRB-QACA_FAMILY_MAJOR_FACILITATOR_TRANSPORTER	34	0.15313533014	SRR17140503	PMA	F4_S7_P	F4_S7	F4	S7	Lab overhead
RAMA	3	0.0524132545996	SRR17140503	PMA	F4_S7_P	F4_S7	F4	S7	Lab overhead
AMRB	1	0.00207312394588	SRR17140503	PMA	F4_S7_P	F4_S7	F4	S7	Lab overhead
MSRA	1	0.00443937402346	SRR17140503	PMA	F4_S7_P	F4_S7	F4	S7	Lab overhead
ACRB	8	0.016632741063	SRR17140503	PMA	F4_S7_P	F4_S7	F4	S7	Lab overhead
NORB	7	0.0325427074338	SRR17140503	PMA	F4_S7_P	F4_S7	F4	S7	Lab overhead
ARNA	2	0.00654505898323	SRR17140503	PMA	F4_S7_P	F4_S7	F4	S7	Lab overhead
ACRA	2	0.0108592206689	SRR17140503	PMA	F4_S7_P	F4_S7	F4	S7	Lab overhead
MDTM	4	0.0211357514483	SRR17140503	PMA	F4_S7_P	F4_S7	F4	S7	Lab overhead
MARR	5	0.0736875688248	SRR17140503	PMA	F4_S7_P	F4_S7	F4	S7	Lab overhead
MEL	4	0.0177939591248	SRR17140503	PMA	F4_S7_P	F4_S7	F4	S7	Lab overhead
EMRD	1	0.00549851401891	SRR17140503	PMA	F4_S7_P	F4_S7	F4	S7	Lab overhead
BLAZ	3	0.0221568930837	SRR17140505	PMA	F4_S6_P	F4_S6	F4	S6	PMM
LNUA	7	0.0902331442974	SRR17140505	PMA	F4_S6_P	F4_S6	F4	S6	PMM
APH(3'')-I	4	0.0305200341006	SRR17140505	PMA	F4_S6_P	F4_S6	F4	S6	PMM
MAJOR_FACILITATOR_SUPERFAMILY_TRANSPORTER	15	0.080026824634	SRR17140505	PMA	F4_S6_P	F4_S6	F4	S6	PMM
BACA	7	0.0532144184318	SRR17140505	PMA	F4_S6_P	F4_S6	F4	S6	PMM
FOSB	1	0.0149306641643	SRR17140505	PMA	F4_S6_P	F4_S6	F4	S6	PMM
ERMX	3	0.0246090393538	SRR17140505	PMA	F4_S6_P	F4_S6	F4	S6	PMM
UGD	22	0.117675183027	SRR17140505	PMA	F4_S6_P	F4_S6	F4	S6	PMM
MSRA	38	0.161606082205	SRR17140505	PMA	F4_S6_P	F4_S6	F4	S6	PMM
MSBA	4	0.0142636585487	SRR17140505	PMA	F4_S6_P	F4_S6	F4	S6	PMM
MEXN	4	0.00801298192603	SRR17140505	PMA	F4_S6_P	F4_S6	F4	S6	PMM
DFRC	8	0.103123593483	SRR17140505	PMA	F4_S6_P	F4_S6	F4	S6	PMM
OPRM	3	0.013303604608	SRR17140505	PMA	F4_S6_P	F4_S6	F4	S6	PMM
MEXX	4	0.0209632557459	SRR17140505	PMA	F4_S6_P	F4_S6	F4	S6	PMM
MEPA	1	0.00983584037365	SRR17140505	PMA	F4_S6_P	F4_S6	F4	S6	PMM
OPRC	1	0.00131685426322	SRR17140505	PMA	F4_S6_P	F4_S6	F4	S6	PMM
OPRA	1	0.00444403066133	SRR17140505	PMA	F4_S6_P	F4_S6	F4	S6	PMM
RLMA(II)	1	0.00735944084695	SRR17140505	PMA	F4_S6_P	F4_S6	F4	S6	PMM
SUL1	3	0.0220003072669	SRR17140505	PMA	F4_S6_P	F4_S6	F4	S6	PMM
LMRP	1	0.00511172984936	SRR17140505	PMA	F4_S6_P	F4_S6	F4	S6	PMM
MDTC	2	0.0040494874514	SRR17140505	PMA	F4_S6_P	F4_S6	F4	S6	PMM
TET(K)	6	0.0271289192005	SRR17140505	PMA	F4_S6_P	F4_S6	F4	S6	PMM
TETM	3	0.00974348506498	SRR17140505	PMA	F4_S6_P	F4_S6	F4	S6	PMM
MEXK	1	0.0020247437257	SRR17140505	PMA	F4_S6_P	F4_S6	F4	S6	PMM
MDTK	1	0.00437840151654	SRR17140505	PMA	F4_S6_P	F4_S6	F4	S6	PMM
QACB	13	0.0524897084532	SRR17140505	PMA	F4_S6_P	F4_S6	F4	S6	PMM
TETB	2	0.00922383252818	SRR17140505	PMA	F4_S6_P	F4_S6	F4	S6	PMM
MEXB	2	0.00396818799013	SRR17140505	PMA	F4_S6_P	F4_S6	F4	S6	PMM
VGAA	5	0.0198789494142	SRR17140505	PMA	F4_S6_P	F4_S6	F4	S6	PMM
MPHC	2	0.0138820221996	SRR17140505	PMA	F4_S6_P	F4_S6	F4	S6	PMM
MECR1	6	0.0379639448568	SRR17140505	PMA	F4_S6_P	F4_S6	F4	S6	PMM
TETQ	1	0.00315884675623	SRR17140505	PMA	F4_S6_P	F4_S6	F4	S6	PMM
CAT_CHLORAMPHENICOL_ACETYLTRANSFERASE	1	0.00965284799461	SRR17140505	PMA	F4_S6_P	F4_S6	F4	S6	PMM
AADD	7	0.0574210918256	SRR17140505	PMA	F4_S6_P	F4_S6	F4	S6	PMM
AADE	2	0.0175136060662	SRR17140505	PMA	F4_S6_P	F4_S6	F4	S6	PMM
BICYCLOMYCIN-MULTIDRUG_EFFLUX_PROTEIN_BCR	1	0.00524081393647	SRR17140505	PMA	F4_S6_P	F4_S6	F4	S6	PMM
APH(6)-I	3	0.0234063419418	SRR17140505	PMA	F4_S6_P	F4_S6	F4	S6	PMM
TAEA	3	0.00960815888352	SRR17140505	PMA	F4_S6_P	F4_S6	F4	S6	PMM
BACILLUS_CLUSTER_A_INTRINSIC_MPH	1	0.00684938059023	SRR17140505	PMA	F4_S6_P	F4_S6	F4	S6	PMM
KASUGAMYCIN_RESISTANCE_PROTEIN_KSGA	2	0.0152041195519	SRR17140505	PMA	F4_S6_P	F4_S6	F4	S6	PMM
PBP-1A	1	0.0028864566326	SRR17140505	PMA	F4_S6_P	F4_S6	F4	S6	PMM
MEXF	2	0.00390840361364	SRR17140505	PMA	F4_S6_P	F4_S6	F4	S6	PMM
MOX	4	0.0216748022855	SRR17140505	PMA	F4_S6_P	F4_S6	F4	S6	PMM
MACB	1	0.00322261229634	SRR17140505	PMA	F4_S6_P	F4_S6	F4	S6	PMM
TRUNCATED_PUTATIVE_RESPONSE_REGULATOR_ARLR	4	0.0379061610747	SRR17140505	PMA	F4_S6_P	F4_S6	F4	S6	PMM
APH(3')-I	4	0.0306326541526	SRR17140505	PMA	F4_S6_P	F4_S6	F4	S6	PMM
ARR-4	1	0.0138357487923	SRR17140505	PMA	F4_S6_P	F4_S6	F4	S6	PMM
FMTC	7	0.0172946859903	SRR17140505	PMA	F4_S6_P	F4_S6	F4	S6	PMM
OXA	1	0.00751942869145	SRR17140505	PMA	F4_S6_P	F4_S6	F4	S6	PMM
TETA	3	0.0148240165631	SRR17140505	PMA	F4_S6_P	F4_S6	F4	S6	PMM
CLASS_A	3	0.0207536231884	SRR17140505	PMA	F4_S6_P	F4_S6	F4	S6	PMM
MTRA	1	0.0091024663107	SRR17140505	PMA	F4_S6_P	F4_S6	F4	S6	PMM
MULTIDRUG_ABC_TRANSPORTER	8	0.028724737977	SRR17140505	PMA	F4_S6_P	F4_S6	F4	S6	PMM
RPHB	3	0.00704308479245	SRR17140505	PMA	F4_S6_P	F4_S6	F4	S6	PMM
ARLS	3	0.013805070857	SRR17140505	PMA	F4_S6_P	F4_S6	F4	S6	PMM
MEXY	1	0.00198599264961	SRR17140505	PMA	F4_S6_P	F4_S6	F4	S6	PMM
EMRB-QACA_FAMILY_MAJOR_FACILITATOR_TRANSPORTER	3	0.0129440477267	SRR17140505	PMA	F4_S6_P	F4_S6	F4	S6	PMM
ROSA	1	0.00506185931425	SRR17140505	PMA	F4_S6_P	F4_S6	F4	S6	PMM
AMRB	1	0.00198599264961	SRR17140505	PMA	F4_S6_P	F4_S6	F4	S6	PMM
BIFUNCTIONAL_AMINOGLYCOSIDE_N-ACETYLTRANSFERASE_AND_AMINOGLYCOSIDE_PHOSPHOTRANSFERASE	1	0.00422680716668	SRR17140505	PMA	F4_S6_P	F4_S6	F4	S6	PMM
ACRB	1	0.00199171047873	SRR17140505	PMA	F4_S6_P	F4_S6	F4	S6	PMM
RPOB2	167	0.298266357355	SRR17140505	PMA	F4_S6_P	F4_S6	F4	S6	PMM
NORA	3	0.0160466158673	SRR17140505	PMA	F4_S6_P	F4_S6	F4	S6	PMM
ACRA	1	0.0052014093204	SRR17140505	PMA	F4_S6_P	F4_S6	F4	S6	PMM
MARR	11	0.155299221138	SRR17140505	PMA	F4_S6_P	F4_S6	F4	S6	PMM
EMRB	1	0.00405344202899	SRR17140505	PMA	F4_S6_P	F4_S6	F4	S6	PMM
BACTERIAL_REGULATORY_PROTEIN_LUXR	1	0.0101733447002	SRR17140505	PMA	F4_S6_P	F4_S6	F4	S6	PMM
LNUE	4	0.00183474601516	SRR17140443	non-PMA	F4_S6	F4_S6	F4	S6	PMM
BLAZ	15	0.00423591273073	SRR17140443	non-PMA	F4_S6	F4_S6	F4	S6	PMM
LNUA	700	0.345012022416	SRR17140443	non-PMA	F4_S6	F4_S6	F4	S6	PMM
LNUC	4	0.00193543329648	SRR17140443	non-PMA	F4_S6	F4_S6	F4	S6	PMM
BACA	591	0.171785656436	SRR17140443	non-PMA	F4_S6	F4_S6	F4	S6	PMM
TETS	2	0.000246437158869	SRR17140443	non-PMA	F4_S6	F4_S6	F4	S6	PMM
ERM(TR)	5	0.00163277294559	SRR17140443	non-PMA	F4_S6	F4_S6	F4	S6	PMM
VATB	2	0.000748610992035	SRR17140443	non-PMA	F4_S6	F4_S6	F4	S6	PMM
VATG	1	0.000367373912758	SRR17140443	non-PMA	F4_S6	F4_S6	F4	S6	PMM
MEPA	79	0.0297102770014	SRR17140443	non-PMA	F4_S6	F4_S6	F4	S6	PMM
CHLORAMPHENICOL_EXPORTER	52	0.00868703955389	SRR17140443	non-PMA	F4_S6	F4_S6	F4	S6	PMM
EPTA	2	0.000290138081008	SRR17140443	non-PMA	F4_S6	F4_S6	F4	S6	PMM
MSBA	13	0.00177248444506	SRR17140443	non-PMA	F4_S6	F4_S6	F4	S6	PMM
RBPA	9	0.00626469198598	SRR17140443	non-PMA	F4_S6	F4_S6	F4	S6	PMM
OMPR	3	0.001044115331	SRR17140443	non-PMA	F4_S6	F4_S6	F4	S6	PMM
MULTIDRUG_ABC_TRANSPORTER	704	0.0966511188056	SRR17140443	non-PMA	F4_S6	F4_S6	F4	S6	PMM
ADC-80	1	0.000207187376386	SRR17140443	non-PMA	F4_S6	F4_S6	F4	S6	PMM
TET44	1	0.000123988695556	SRR17140443	non-PMA	F4_S6	F4_S6	F4	S6	PMM
TET40	2	0.000390900320964	SRR17140443	non-PMA	F4_S6	F4_S6	F4	S6	PMM
TET32	7	0.000869279117512	SRR17140443	non-PMA	F4_S6	F4_S6	F4	S6	PMM
PBP-2X	112	0.0118500129299	SRR17140443	non-PMA	F4_S6	F4_S6	F4	S6	PMM
OPTRA	1	0.00012114925978	SRR17140443	non-PMA	F4_S6	F4_S6	F4	S6	PMM
FOSA	2	0.00117559652083	SRR17140443	non-PMA	F4_S6	F4_S6	F4	S6	PMM
MEXJ	1	0.000216220068544	SRR17140443	non-PMA	F4_S6	F4_S6	F4	S6	PMM
LMRD	12	0.00143841870373	SRR17140443	non-PMA	F4_S6	F4_S6	F4	S6	PMM
LMRC	18	0.00249711498742	SRR17140443	non-PMA	F4_S6	F4_S6	F4	S6	PMM
MEXK	12	0.000929007982311	SRR17140443	non-PMA	F4_S6	F4_S6	F4	S6	PMM
MPHC	751	0.199310791411	SRR17140443	non-PMA	F4_S6	F4_S6	F4	S6	PMM
MEFE	1	0.000196905124456	SRR17140443	non-PMA	F4_S6	F4_S6	F4	S6	PMM
APH(6)-I	19	0.00566805465398	SRR17140443	non-PMA	F4_S6	F4_S6	F4	S6	PMM
VGAE	4	0.000605746298899	SRR17140443	non-PMA	F4_S6	F4_S6	F4	S6	PMM
MDTK	19	0.00318080704211	SRR17140443	non-PMA	F4_S6	F4_S6	F4	S6	PMM
VANRI	5	0.00171018890422	SRR17140443	non-PMA	F4_S6	F4_S6	F4	S6	PMM
FMTC	280	0.0264509217186	SRR17140443	non-PMA	F4_S6	F4_S6	F4	S6	PMM
MEXD	5	0.000380406352616	SRR17140443	non-PMA	F4_S6	F4_S6	F4	S6	PMM
MTRE	2	0.000339840535999	SRR17140443	non-PMA	F4_S6	F4_S6	F4	S6	PMM
CLASS_C	1	0.000203468628604	SRR17140443	non-PMA	F4_S6	F4_S6	F4	S6	PMM
CLASS_A	183	0.048405186745	SRR17140443	non-PMA	F4_S6	F4_S6	F4	S6	PMM
MTRA	66	0.0229705372819	SRR17140443	non-PMA	F4_S6	F4_S6	F4	S6	PMM
MEFA	67	0.0131274944826	SRR17140443	non-PMA	F4_S6	F4_S6	F4	S6	PMM
MTRC	5	0.000963018994608	SRR17140443	non-PMA	F4_S6	F4_S6	F4	S6	PMM
MEXB	37	0.00280693337549	SRR17140443	non-PMA	F4_S6	F4_S6	F4	S6	PMM
MSRE	5	0.000808072964926	SRR17140443	non-PMA	F4_S6	F4_S6	F4	S6	PMM
STAPHYLOCOCCUS_MUPA_CONFERRING_RESISTANCE_TO_MUPIROCIN	17	0.00131737989028	SRR17140443	non-PMA	F4_S6	F4_S6	F4	S6	PMM
ROSB	1	0.000146137689053	SRR17140443	non-PMA	F4_S6	F4_S6	F4	S6	PMM
MSRA	1331	0.2164314148	SRR17140443	non-PMA	F4_S6	F4_S6	F4	S6	PMM
NORB	44	0.00749253576578	SRR17140443	non-PMA	F4_S6	F4_S6	F4	S6	PMM
NORA	554	0.113302659526	SRR17140443	non-PMA	F4_S6	F4_S6	F4	S6	PMM
AAD(9)	2	0.000610405885813	SRR17140443	non-PMA	F4_S6	F4_S6	F4	S6	PMM
MTRR	5	0.00220424347655	SRR17140443	non-PMA	F4_S6	F4_S6	F4	S6	PMM
TETO	41	0.005091491974	SRR17140443	non-PMA	F4_S6	F4_S6	F4	S6	PMM
VANSD	1	0.000340569807535	SRR17140443	non-PMA	F4_S6	F4_S6	F4	S6	PMM
APH(3''')-III	8	0.00240462924714	SRR17140443	non-PMA	F4_S6	F4_S6	F4	S6	PMM
MAJOR_FACILITATOR_SUPERFAMILY_TRANSPORTER	552	0.112603409681	SRR17140443	non-PMA	F4_S6	F4_S6	F4	S6	PMM
MEXX	3	0.000601157311786	SRR17140443	non-PMA	F4_S6	F4_S6	F4	S6	PMM
CAMP-REGULATORY_PROTEIN	3	0.00146048034029	SRR17140443	non-PMA	F4_S6	F4_S6	F4	S6	PMM
AAC(6')-IE-APH(2'')-IA	22	0.00364459464181	SRR17140443	non-PMA	F4_S6	F4_S6	F4	S6	PMM
VANR	27	0.00935600287862	SRR17140443	non-PMA	F4_S6	F4_S6	F4	S6	PMM
TET(W/N/W)	1	0.000124182731073	SRR17140443	non-PMA	F4_S6	F4_S6	F4	S6	PMM
YOJI	2	0.000290138081008	SRR17140443	non-PMA	F4_S6	F4_S6	F4	S6	PMM
DFRC	209	0.103010732407	SRR17140443	non-PMA	F4_S6	F4_S6	F4	S6	PMM
DFRD	2	0.000979663767354	SRR17140443	non-PMA	F4_S6	F4_S6	F4	S6	PMM
MEXY	1	7.59356604361e-05	SRR17140443	non-PMA	F4_S6	F4_S6	F4	S6	PMM
DFRF	6	0.00290314994472	SRR17140443	non-PMA	F4_S6	F4_S6	F4	S6	PMM
LSA	3	0.000478028705757	SRR17140443	non-PMA	F4_S6	F4_S6	F4	S6	PMM
FLOR	7	0.00137492414874	SRR17140443	non-PMA	F4_S6	F4_S6	F4	S6	PMM
LSAC	11	0.00177414718844	SRR17140443	non-PMA	F4_S6	F4_S6	F4	S6	PMM
LSAE	2	0.000321266255691	SRR17140443	non-PMA	F4_S6	F4_S6	F4	S6	PMM
UGD	250	0.0511293589921	SRR17140443	non-PMA	F4_S6	F4_S6	F4	S6	PMM
MDTB	2	0.000152601471453	SRR17140443	non-PMA	F4_S6	F4_S6	F4	S6	PMM
MDTG	32	0.00631663802235	SRR17140443	non-PMA	F4_S6	F4_S6	F4	S6	PMM
VANYG1	1	0.000284418513103	SRR17140443	non-PMA	F4_S6	F4_S6	F4	S6	PMM
MDTD	1	0.000168477208399	SRR17140443	non-PMA	F4_S6	F4_S6	F4	S6	PMM
LLMA_23S_RIBOSOMAL_RNA_METHYLTRANSFERASE	8	0.00221192376741	SRR17140443	non-PMA	F4_S6	F4_S6	F4	S6	PMM
ANT(9)-I	2	0.000617531246348	SRR17140443	non-PMA	F4_S6	F4_S6	F4	S6	PMM
MDTH	1	0.000197394938198	SRR17140443	non-PMA	F4_S6	F4_S6	F4	S6	PMM
CPXA	1	0.000173638435789	SRR17140443	non-PMA	F4_S6	F4_S6	F4	S6	PMM
MDTL	3	0.00060884474544	SRR17140443	non-PMA	F4_S6	F4_S6	F4	S6	PMM
TETB(60)	1	0.000137051407868	SRR17140443	non-PMA	F4_S6	F4_S6	F4	S6	PMM
VANS	3	0.000532568893663	SRR17140443	non-PMA	F4_S6	F4_S6	F4	S6	PMM
MECR1	108	0.0261283495025	SRR17140443	non-PMA	F4_S6	F4_S6	F4	S6	PMM
VANU	1	0.00105803686874	SRR17140443	non-PMA	F4_S6	F4_S6	F4	S6	PMM
VANW	2	0.000577111019314	SRR17140443	non-PMA	F4_S6	F4_S6	F4	S6	PMM
OPMH	5	0.000823161464271	SRR17140443	non-PMA	F4_S6	F4_S6	F4	S6	PMM
VANA	2	0.000466780971504	SRR17140443	non-PMA	F4_S6	F4_S6	F4	S6	PMM
BCRA	20	0.00513610130458	SRR17140443	non-PMA	F4_S6	F4_S6	F4	S6	PMM
VANE	1	0.000411154223605	SRR17140443	non-PMA	F4_S6	F4_S6	F4	S6	PMM
VAND	5	0.00115674584775	SRR17140443	non-PMA	F4_S6	F4_S6	F4	S6	PMM
VANG	2	0.000624824922486	SRR17140443	non-PMA	F4_S6	F4_S6	F4	S6	PMM
ARR-8	1	0.000529018434371	SRR17140443	non-PMA	F4_S6	F4_S6	F4	S6	PMM
APH(3')-I	35	0.010248512105	SRR17140443	non-PMA	F4_S6	F4_S6	F4	S6	PMM
BLEOMYCIN_RESISTANCE_PROTEIN	7	0.00603771039228	SRR17140443	non-PMA	F4_S6	F4_S6	F4	S6	PMM
ARR-4	7	0.0037031290406	SRR17140443	non-PMA	F4_S6	F4_S6	F4	S6	PMM
EFRB	36	0.00789143520886	SRR17140443	non-PMA	F4_S6	F4_S6	F4	S6	PMM
EFRA	17	0.00278143712917	SRR17140443	non-PMA	F4_S6	F4_S6	F4	S6	PMM
TETA(60)	6	0.000822308447209	SRR17140443	non-PMA	F4_S6	F4_S6	F4	S6	PMM
BAER	7	0.00231445565037	SRR17140443	non-PMA	F4_S6	F4_S6	F4	S6	PMM
EMRB-QACA_FAMILY_MAJOR_FACILITATOR_TRANSPORTER	400	0.0659898254933	SRR17140443	non-PMA	F4_S6	F4_S6	F4	S6	PMM
BIFUNCTIONAL_AMINOGLYCOSIDE_N-ACETYLTRANSFERASE_AND_AMINOGLYCOSIDE_PHOSPHOTRANSFERASE	48	0.00775750046329	SRR17140443	non-PMA	F4_S6	F4_S6	F4	S6	PMM
STREPTOMYCIN_RESISTANCE_PROTEIN	1	0.00028139278424	SRR17140443	non-PMA	F4_S6	F4_S6	F4	S6	PMM
EMRA	6	0.00122081177163	SRR17140443	non-PMA	F4_S6	F4_S6	F4	S6	PMM
EMRB	15	0.00232478804167	SRR17140443	non-PMA	F4_S6	F4_S6	F4	S6	PMM
EMRD	1	0.000201402957248	SRR17140443	non-PMA	F4_S6	F4_S6	F4	S6	PMM
EMRE	1	0.000634822121246	SRR17140443	non-PMA	F4_S6	F4_S6	F4	S6	PMM
APH(3'')-I	28	0.00816866700132	SRR17140443	non-PMA	F4_S6	F4_S6	F4	S6	PMM
ERMB	24	0.00777333209689	SRR17140443	non-PMA	F4_S6	F4_S6	F4	S6	PMM
ERMC	20	0.00650432501276	SRR17140443	non-PMA	F4_S6	F4_S6	F4	S6	PMM
FOSB	82	0.0468124226098	SRR17140443	non-PMA	F4_S6	F4_S6	F4	S6	PMM
ERMF	5	0.00149159332999	SRR17140443	non-PMA	F4_S6	F4_S6	F4	S6	PMM
ERMG	10	0.00325216250638	SRR17140443	non-PMA	F4_S6	F4_S6	F4	S6	PMM
ERMX	185	0.0580247492245	SRR17140443	non-PMA	F4_S6	F4_S6	F4	S6	PMM
ERMT	1	0.000325216250638	SRR17140443	non-PMA	F4_S6	F4_S6	F4	S6	PMM
ESCHERICHIA_COLI_LAMB	2	0.000355841996214	SRR17140443	non-PMA	F4_S6	F4_S6	F4	S6	PMM
TETX	13	0.00267250245343	SRR17140443	non-PMA	F4_S6	F4_S6	F4	S6	PMM
MECI	16	0.0103223109146	SRR17140443	non-PMA	F4_S6	F4_S6	F4	S6	PMM
TEM	2	0.000564788364098	SRR17140443	non-PMA	F4_S6	F4_S6	F4	S6	PMM
TETQ	54	0.00652214508129	SRR17140443	non-PMA	F4_S6	F4_S6	F4	S6	PMM
TETP	12	0.0022618365365	SRR17140443	non-PMA	F4_S6	F4_S6	F4	S6	PMM
MECA	113	0.0134234468003	SRR17140443	non-PMA	F4_S6	F4_S6	F4	S6	PMM
TETR	3	0.0011445110359	SRR17140443	non-PMA	F4_S6	F4_S6	F4	S6	PMM
TETW	121	0.0150261104598	SRR17140443	non-PMA	F4_S6	F4_S6	F4	S6	PMM
OXA	6	0.00172506011208	SRR17140443	non-PMA	F4_S6	F4_S6	F4	S6	PMM
TETM	244	0.0303005863818	SRR17140443	non-PMA	F4_S6	F4_S6	F4	S6	PMM
TETL	11	0.00190585243824	SRR17140443	non-PMA	F4_S6	F4_S6	F4	S6	PMM
PENA	22	0.00280218432332	SRR17140443	non-PMA	F4_S6	F4_S6	F4	S6	PMM
TETA	58	0.0109582389977	SRR17140443	non-PMA	F4_S6	F4_S6	F4	S6	PMM
QACB	1271	0.196220553527	SRR17140443	non-PMA	F4_S6	F4_S6	F4	S6	PMM
QACA	306	0.0472411403456	SRR17140443	non-PMA	F4_S6	F4_S6	F4	S6	PMM
TETB	81	0.014283497728	SRR17140443	non-PMA	F4_S6	F4_S6	F4	S6	PMM
QACG	28	0.0207652095735	SRR17140443	non-PMA	F4_S6	F4_S6	F4	S6	PMM
SDIA	2	0.000661273042964	SRR17140443	non-PMA	F4_S6	F4_S6	F4	S6	PMM
ERM(39)	4	0.00129028886432	SRR17140443	non-PMA	F4_S6	F4_S6	F4	S6	PMM
TRIC	4	0.000312720256771	SRR17140443	non-PMA	F4_S6	F4_S6	F4	S6	PMM
CAT_CHLORAMPHENICOL_ACETYLTRANSFERASE	108	0.0398609238922	SRR17140443	non-PMA	F4_S6	F4_S6	F4	S6	PMM
AADD	43	0.0134868336035	SRR17140443	non-PMA	F4_S6	F4_S6	F4	S6	PMM
AADE	8	0.00267857435125	SRR17140443	non-PMA	F4_S6	F4_S6	F4	S6	PMM
KASUGAMYCIN_RESISTANCE_PROTEIN_KSGA	3	0.000872008408305	SRR17140443	non-PMA	F4_S6	F4_S6	F4	S6	PMM
FUSD	10	0.00372548193219	SRR17140443	non-PMA	F4_S6	F4_S6	F4	S6	PMM
TAEA	14	0.00171441159287	SRR17140443	non-PMA	F4_S6	F4_S6	F4	S6	PMM
FUSB	25	0.00931370483048	SRR17140443	non-PMA	F4_S6	F4_S6	F4	S6	PMM
CARO	1	0.000327903988247	SRR17140443	non-PMA	F4_S6	F4_S6	F4	S6	PMM
TRUNCATED_PUTATIVE_RESPONSE_REGULATOR_ARLR	194	0.0702942303206	SRR17140443	non-PMA	F4_S6	F4_S6	F4	S6	PMM
TET37	1	0.000734747825516	SRR17140443	non-PMA	F4_S6	F4_S6	F4	S6	PMM
SAT-4	1	0.00044084869531	SRR17140443	non-PMA	F4_S6	F4_S6	F4	S6	PMM
YKKD	4	0.00305202942907	SRR17140443	non-PMA	F4_S6	F4_S6	F4	S6	PMM
TETA(46)	4	0.000552980941852	SRR17140443	non-PMA	F4_S6	F4_S6	F4	S6	PMM
TETB(46)	4	0.000549154084123	SRR17140443	non-PMA	F4_S6	F4_S6	F4	S6	PMM
MEL	109	0.0177606804969	SRR17140443	non-PMA	F4_S6	F4_S6	F4	S6	PMM
ANT(3'')-IIA	1	0.000302873149449	SRR17140443	non-PMA	F4_S6	F4_S6	F4	S6	PMM
TET(K)	344	0.0594713534065	SRR17140443	non-PMA	F4_S6	F4_S6	F4	S6	PMM
MARR	305	0.16464349233	SRR17140443	non-PMA	F4_S6	F4_S6	F4	S6	PMM
MTRD	7	0.00052058983701	SRR17140443	non-PMA	F4_S6	F4_S6	F4	S6	PMM
ERM(31)	2	0.000492874317737	SRR17140443	non-PMA	F4_S6	F4_S6	F4	S6	PMM
TET(38)	5	0.000881697390619	SRR17140443	non-PMA	F4_S6	F4_S6	F4	S6	PMM
RPHA	1	9.1737300758e-05	SRR17140443	non-PMA	F4_S6	F4_S6	F4	S6	PMM
FARA	1	0.000206647825926	SRR17140443	non-PMA	F4_S6	F4_S6	F4	S6	PMM
FARB	3	0.000468618691864	SRR17140443	non-PMA	F4_S6	F4_S6	F4	S6	PMM
OPRM	2	0.000339114381007	SRR17140443	non-PMA	F4_S6	F4_S6	F4	S6	PMM
PATB	81	0.0165659123134	SRR17140443	non-PMA	F4_S6	F4_S6	F4	S6	PMM
MUXA	1	0.00018627409661	SRR17140443	non-PMA	F4_S6	F4_S6	F4	S6	PMM
ERM(38)	1	0.000210484788211	SRR17140443	non-PMA	F4_S6	F4_S6	F4	S6	PMM
OPRN	1	0.00016812026516	SRR17140443	non-PMA	F4_S6	F4_S6	F4	S6	PMM
ADER	1	0.000321266255691	SRR17140443	non-PMA	F4_S6	F4_S6	F4	S6	PMM
ADES	4	0.000879255015576	SRR17140443	non-PMA	F4_S6	F4_S6	F4	S6	PMM
MEXW	3	0.000233849013229	SRR17140443	non-PMA	F4_S6	F4_S6	F4	S6	PMM
MEXT	8	0.00208823066199	SRR17140443	non-PMA	F4_S6	F4_S6	F4	S6	PMM
RLMA(II)	58	0.0163207814859	SRR17140443	non-PMA	F4_S6	F4_S6	F4	S6	PMM
VGAB	2	0.00028751001868	SRR17140443	non-PMA	F4_S6	F4_S6	F4	S6	PMM
CFXA2	9	0.00222484388287	SRR17140443	non-PMA	F4_S6	F4_S6	F4	S6	PMM
VGAA	611	0.092882259598	SRR17140443	non-PMA	F4_S6	F4_S6	F4	S6	PMM
MEXN	1	7.65953331619e-05	SRR17140443	non-PMA	F4_S6	F4_S6	F4	S6	PMM
ADEF	4	0.000299727158284	SRR17140443	non-PMA	F4_S6	F4_S6	F4	S6	PMM
MEPR	1	0.000570883202559	SRR17140443	non-PMA	F4_S6	F4_S6	F4	S6	PMM
ADEA	6	0.00332948664989	SRR17140443	non-PMA	F4_S6	F4_S6	F4	S6	PMM
ADEB	9	0.000689357998457	SRR17140443	non-PMA	F4_S6	F4_S6	F4	S6	PMM
ADEC	5	0.000845978306564	SRR17140443	non-PMA	F4_S6	F4_S6	F4	S6	PMM
MEXF	21	0.00156912247483	SRR17140443	non-PMA	F4_S6	F4_S6	F4	S6	PMM
TRANSCRIPTIONAL_REGULATORY_PROTEIN_CPXR_CPXR	3	0.00102611334253	SRR17140443	non-PMA	F4_S6	F4_S6	F4	S6	PMM
ADEN	2	0.000731361890836	SRR17140443	non-PMA	F4_S6	F4_S6	F4	S6	PMM
MEXE	8	0.00159904816435	SRR17140443	non-PMA	F4_S6	F4_S6	F4	S6	PMM
ADEH	5	0.000821457196229	SRR17140443	non-PMA	F4_S6	F4_S6	F4	S6	PMM
ADEI	1	0.000190751839317	SRR17140443	non-PMA	F4_S6	F4_S6	F4	S6	PMM
ADEJ	3	0.000225007840706	SRR17140443	non-PMA	F4_S6	F4_S6	F4	S6	PMM
MEXA	1	0.000207187376386	SRR17140443	non-PMA	F4_S6	F4_S6	F4	S6	PMM
OQXA	2	0.00040589649696	SRR17140443	non-PMA	F4_S6	F4_S6	F4	S6	PMM
OQXB	3	0.000226722186159	SRR17140443	non-PMA	F4_S6	F4_S6	F4	S6	PMM
ACRD	3	0.000229564412215	SRR17140443	non-PMA	F4_S6	F4_S6	F4	S6	PMM
SMEB	3	0.000226938317891	SRR17140443	non-PMA	F4_S6	F4_S6	F4	S6	PMM
MACB	36	0.00443586885964	SRR17140443	non-PMA	F4_S6	F4_S6	F4	S6	PMM
MACA	13	0.00278055511327	SRR17140443	non-PMA	F4_S6	F4_S6	F4	S6	PMM
SMER	4	0.00138607450054	SRR17140443	non-PMA	F4_S6	F4_S6	F4	S6	PMM
PBP-1B	60	0.00579922766059	SRR17140443	non-PMA	F4_S6	F4_S6	F4	S6	PMM
PBP-1A	116	0.0128023932657	SRR17140443	non-PMA	F4_S6	F4_S6	F4	S6	PMM
ADP-RIBOSYLATING_TRANSFERASE_ARR	5	0.00264509217186	SRR17140443	non-PMA	F4_S6	F4_S6	F4	S6	PMM
RPOB2	3174	0.216751873153	SRR17140443	non-PMA	F4_S6	F4_S6	F4	S6	PMM
TETA(48)	4	0.000925396678201	SRR17140443	non-PMA	F4_S6	F4_S6	F4	S6	PMM
ARLS	173	0.0304390872992	SRR17140443	non-PMA	F4_S6	F4_S6	F4	S6	PMM
DFRG	8	0.00384740679543	SRR17140443	non-PMA	F4_S6	F4_S6	F4	S6	PMM
ACRB	17	0.00129462284803	SRR17140443	non-PMA	F4_S6	F4_S6	F4	S6	PMM
CATQ	3	0.00108702418022	SRR17140443	non-PMA	F4_S6	F4_S6	F4	S6	PMM
ACRA	9	0.00178991199599	SRR17140443	non-PMA	F4_S6	F4_S6	F4	S6	PMM
ACRF	2	0.000153486973222	SRR17140443	non-PMA	F4_S6	F4_S6	F4	S6	PMM
KLEBSIELLA_PNEUMONIAE_OMPK37	2	0.000424346337731	SRR17140443	non-PMA	F4_S6	F4_S6	F4	S6	PMM
VGAD	1	0.000151148124106	SRR17140443	non-PMA	F4_S6	F4_S6	F4	S6	PMM
TOLC	1	0.000160308616476	SRR17140443	non-PMA	F4_S6	F4_S6	F4	S6	PMM
FUSC	3	0.00112291648805	SRR17140443	non-PMA	F4_S6	F4_S6	F4	S6	PMM
BLAZ	6	0.00287211276118	SRR17140444	non-PMA	F4_S5	F4_S5	F4	S5	Overhead 4
LNUA	104	0.0868888440297	SRR17140444	non-PMA	F4_S5	F4_S5	F4	S5	Overhead 4
OMPR	17	0.0100293001902	SRR17140444	non-PMA	F4_S5	F4_S5	F4	S5	Overhead 4
BACA	271	0.133525188569	SRR17140444	non-PMA	F4_S5	F4_S5	F4	S5	Overhead 4
TETS	20	0.00417734827066	SRR17140444	non-PMA	F4_S5	F4_S5	F4	S5	Overhead 4
ERM(TR)	4	0.00221416649079	SRR17140444	non-PMA	F4_S5	F4_S5	F4	S5	Overhead 4
VGAC	2	0.0035397530083	SRR17140444	non-PMA	F4_S5	F4_S5	F4	S5	Overhead 4
VATG	1	0.000622734325533	SRR17140444	non-PMA	F4_S5	F4_S5	F4	S5	Overhead 4
VATF	1	0.000608645313644	SRR17140444	non-PMA	F4_S5	F4_S5	F4	S5	Overhead 4
CHLORAMPHENICOL_EXPORTER	8	0.00226544192531	SRR17140444	non-PMA	F4_S5	F4_S5	F4	S5	Overhead 4
BPEF	2	0.000253554409642	SRR17140444	non-PMA	F4_S5	F4_S5	F4	S5	Overhead 4
VGAA	230	0.0592671289128	SRR17140444	non-PMA	F4_S5	F4_S5	F4	S5	Overhead 4
ABCA	2	0.000185276328258	SRR17140444	non-PMA	F4_S5	F4_S5	F4	S5	Overhead 4
RBPA	3	0.0035397530083	SRR17140444	non-PMA	F4_S5	F4_S5	F4	S5	Overhead 4
MULTIDRUG_ABC_TRANSPORTER	354	0.0823819333349	SRR17140444	non-PMA	F4_S5	F4_S5	F4	S5	Overhead 4
LMRP	8	0.00265045545449	SRR17140444	non-PMA	F4_S5	F4_S5	F4	S5	Overhead 4
MDFA	1	0.000328074669062	SRR17140444	non-PMA	F4_S5	F4_S5	F4	S5	Overhead 4
PBP-2X	228	0.0408912267518	SRR17140444	non-PMA	F4_S5	F4_S5	F4	S5	Overhead 4
LMRD	87	0.0176773768058	SRR17140444	non-PMA	F4_S5	F4_S5	F4	S5	Overhead 4
LMRC	92	0.0216345743304	SRR17140444	non-PMA	F4_S5	F4_S5	F4	S5	Overhead 4
MYRA	1	0.000455968184119	SRR17140444	non-PMA	F4_S5	F4_S5	F4	S5	Overhead 4
MPHC	157	0.0706293192224	SRR17140444	non-PMA	F4_S5	F4_S5	F4	S5	Overhead 4
AXYY	1	0.000128718291211	SRR17140444	non-PMA	F4_S5	F4_S5	F4	S5	Overhead 4
EFMA	1	0.000314277136251	SRR17140444	non-PMA	F4_S5	F4_S5	F4	S5	Overhead 4
APH(6)-I	5	0.00252839500593	SRR17140444	non-PMA	F4_S5	F4_S5	F4	S5	Overhead 4
TOLC	8	0.00217390891823	SRR17140444	non-PMA	F4_S5	F4_S5	F4	S5	Overhead 4
MEFE	2	0.000667546473028	SRR17140444	non-PMA	F4_S5	F4_S5	F4	S5	Overhead 4
TETB(46)	5	0.00116358662902	SRR17140444	non-PMA	F4_S5	F4_S5	F4	S5	Overhead 4
FMTC	133	0.0212975139332	SRR17140444	non-PMA	F4_S5	F4_S5	F4	S5	Overhead 4
MTRE	7	0.00201621905826	SRR17140444	non-PMA	F4_S5	F4_S5	F4	S5	Overhead 4
CLASS_C	2	0.000689798022129	SRR17140444	non-PMA	F4_S5	F4_S5	F4	S5	Overhead 4
CLASS_A	125	0.056046089298	SRR17140444	non-PMA	F4_S5	F4_S5	F4	S5	Overhead 4
MTRA	11	0.00648954718188	SRR17140444	non-PMA	F4_S5	F4_S5	F4	S5	Overhead 4
MEFA	95	0.0315518724937	SRR17140444	non-PMA	F4_S5	F4_S5	F4	S5	Overhead 4
MTRC	3	0.000979446220742	SRR17140444	non-PMA	F4_S5	F4_S5	F4	S5	Overhead 4
MDSB	16	0.00203997140194	SRR17140444	non-PMA	F4_S5	F4_S5	F4	S5	Overhead 4
MDSA	1	0.000329682878224	SRR17140444	non-PMA	F4_S5	F4_S5	F4	S5	Overhead 4
ROSA	3	0.000984224007185	SRR17140444	non-PMA	F4_S5	F4_S5	F4	S5	Overhead 4
AMRB	2	0.000257436582422	SRR17140444	non-PMA	F4_S5	F4_S5	F4	S5	Overhead 4
MSRA	413	0.113837876459	SRR17140444	non-PMA	F4_S5	F4_S5	F4	S5	Overhead 4
NORB	24	0.00692758528662	SRR17140444	non-PMA	F4_S5	F4_S5	F4	S5	Overhead 4
NORA	213	0.073842167137	SRR17140444	non-PMA	F4_S5	F4_S5	F4	S5	Overhead 4
MTRR	2	0.00149456238128	SRR17140444	non-PMA	F4_S5	F4_S5	F4	S5	Overhead 4
TETO	8	0.00168401395074	SRR17140444	non-PMA	F4_S5	F4_S5	F4	S5	Overhead 4
MEXA	2	0.000702405296685	SRR17140444	non-PMA	F4_S5	F4_S5	F4	S5	Overhead 4
MSRE	5	0.00136976185657	SRR17140444	non-PMA	F4_S5	F4_S5	F4	S5	Overhead 4
MAJOR_FACILITATOR_SUPERFAMILY_TRANSPORTER	283	0.0978573363784	SRR17140444	non-PMA	F4_S5	F4_S5	F4	S5	Overhead 4
CEOB	2	0.000261948615999	SRR17140444	non-PMA	F4_S5	F4_S5	F4	S5	Overhead 4
TET(42)	2	0.000628554272501	SRR17140444	non-PMA	F4_S5	F4_S5	F4	S5	Overhead 4
CAMP-REGULATORY_PROTEIN	7	0.00577652944912	SRR17140444	non-PMA	F4_S5	F4_S5	F4	S5	Overhead 4
STAPHYLOCOCCUS_MUPA_CONFERRING_RESISTANCE_TO_MUPIROCIN	41	0.00538567889348	SRR17140444	non-PMA	F4_S5	F4_S5	F4	S5	Overhead 4
VANR	4	0.00234953038105	SRR17140444	non-PMA	F4_S5	F4_S5	F4	S5	Overhead 4
ROSB	14	0.00346804530463	SRR17140444	non-PMA	F4_S5	F4_S5	F4	S5	Overhead 4
YOJI	5	0.00122953029539	SRR17140444	non-PMA	F4_S5	F4_S5	F4	S5	Overhead 4
DFRC	121	0.10109182815	SRR17140444	non-PMA	F4_S5	F4_S5	F4	S5	Overhead 4
DFRE	2	0.00164037334531	SRR17140444	non-PMA	F4_S5	F4_S5	F4	S5	Overhead 4
FLOR	4	0.00133178826055	SRR17140444	non-PMA	F4_S5	F4_S5	F4	S5	Overhead 4
LSAC	16	0.00437432892082	SRR17140444	non-PMA	F4_S5	F4_S5	F4	S5	Overhead 4
UGD	181	0.0627485082244	SRR17140444	non-PMA	F4_S5	F4_S5	F4	S5	Overhead 4
MDTC	10	0.00131229867625	SRR17140444	non-PMA	F4_S5	F4_S5	F4	S5	Overhead 4
MDTB	8	0.00103469703319	SRR17140444	non-PMA	F4_S5	F4_S5	F4	S5	Overhead 4
MDTG	73	0.0244260568284	SRR17140444	non-PMA	F4_S5	F4_S5	F4	S5	Overhead 4
MDTF	1	0.00012971129635	SRR17140444	non-PMA	F4_S5	F4_S5	F4	S5	Overhead 4
MDTK	17	0.00482422034464	SRR17140444	non-PMA	F4_S5	F4_S5	F4	S5	Overhead 4
MSBA	3	0.000693353682037	SRR17140444	non-PMA	F4_S5	F4_S5	F4	S5	Overhead 4
TETB(60)	11	0.00255546935659	SRR17140444	non-PMA	F4_S5	F4_S5	F4	S5	Overhead 4
VANS	2	0.000601837200516	SRR17140444	non-PMA	F4_S5	F4_S5	F4	S5	Overhead 4
MECR1	17	0.00697158671756	SRR17140444	non-PMA	F4_S5	F4_S5	F4	S5	Overhead 4
VANU	2	0.00358694971507	SRR17140444	non-PMA	F4_S5	F4_S5	F4	S5	Overhead 4
OPMH	3	0.000837202993663	SRR17140444	non-PMA	F4_S5	F4_S5	F4	S5	Overhead 4
VANA	1	0.000395619453868	SRR17140444	non-PMA	F4_S5	F4_S5	F4	S5	Overhead 4
BCRA	1	0.000435309431441	SRR17140444	non-PMA	F4_S5	F4_S5	F4	S5	Overhead 4
APH(3')-I	6	0.00297809478189	SRR17140444	non-PMA	F4_S5	F4_S5	F4	S5	Overhead 4
BLEOMYCIN_RESISTANCE_PROTEIN	3	0.00438621568419	SRR17140444	non-PMA	F4_S5	F4_S5	F4	S5	Overhead 4
EFRB	18	0.0066883730875	SRR17140444	non-PMA	F4_S5	F4_S5	F4	S5	Overhead 4
EFRA	7	0.0019413903097	SRR17140444	non-PMA	F4_S5	F4_S5	F4	S5	Overhead 4
TETA(60)	6	0.00139389237632	SRR17140444	non-PMA	F4_S5	F4_S5	F4	S5	Overhead 4
BAER	1	0.00056046089298	SRR17140444	non-PMA	F4_S5	F4_S5	F4	S5	Overhead 4
EMRB-QACA_FAMILY_MAJOR_FACILITATOR_TRANSPORTER	261	0.0729880880172	SRR17140444	non-PMA	F4_S5	F4_S5	F4	S5	Overhead 4
PMRF	2	0.000835469654132	SRR17140444	non-PMA	F4_S5	F4_S5	F4	S5	Overhead 4
BIFUNCTIONAL_AMINOGLYCOSIDE_N-ACETYLTRANSFERASE_AND_AMINOGLYCOSIDE_PHOSPHOTRANSFERASE	8	0.00219161897051	SRR17140444	non-PMA	F4_S5	F4_S5	F4	S5	Overhead 4
EMRA	11	0.00379388912171	SRR17140444	non-PMA	F4_S5	F4_S5	F4	S5	Overhead 4
EMRB	15	0.00394074065377	SRR17140444	non-PMA	F4_S5	F4_S5	F4	S5	Overhead 4
EMRD	1	0.000341397498262	SRR17140444	non-PMA	F4_S5	F4_S5	F4	S5	Overhead 4
MEXE	3	0.0010164530049	SRR17140444	non-PMA	F4_S5	F4_S5	F4	S5	Overhead 4
APH(3'')-I	5	0.00247262158668	SRR17140444	non-PMA	F4_S5	F4_S5	F4	S5	Overhead 4
ERMB	42	0.023058962454	SRR17140444	non-PMA	F4_S5	F4_S5	F4	S5	Overhead 4
ERMC	6	0.00330763805693	SRR17140444	non-PMA	F4_S5	F4_S5	F4	S5	Overhead 4
FOSB	43	0.0416111972342	SRR17140444	non-PMA	F4_S5	F4_S5	F4	S5	Overhead 4
ERMF	9	0.00455111101067	SRR17140444	non-PMA	F4_S5	F4_S5	F4	S5	Overhead 4
ERMG	1	0.000551273009489	SRR17140444	non-PMA	F4_S5	F4_S5	F4	S5	Overhead 4
HMRM	4	0.00115957426134	SRR17140444	non-PMA	F4_S5	F4_S5	F4	S5	Overhead 4
ERMX	74	0.0393430255309	SRR17140444	non-PMA	F4_S5	F4_S5	F4	S5	Overhead 4
DFRA3	1	0.000830312434045	SRR17140444	non-PMA	F4_S5	F4_S5	F4	S5	Overhead 4
TET41	3	0.00102679858256	SRR17140444	non-PMA	F4_S5	F4_S5	F4	S5	Overhead 4
ESCHERICHIA_COLI_LAMB	2	0.000603186611279	SRR17140444	non-PMA	F4_S5	F4_S5	F4	S5	Overhead 4
MECI	6	0.00656149338123	SRR17140444	non-PMA	F4_S5	F4_S5	F4	S5	Overhead 4
TEM	4	0.00191474184079	SRR17140444	non-PMA	F4_S5	F4_S5	F4	S5	Overhead 4
TETQ	7	0.00143314200945	SRR17140444	non-PMA	F4_S5	F4_S5	F4	S5	Overhead 4
TETP	1	0.00031950264683	SRR17140444	non-PMA	F4_S5	F4_S5	F4	S5	Overhead 4
MECA	30	0.00604089585248	SRR17140444	non-PMA	F4_S5	F4_S5	F4	S5	Overhead 4
TETW	18	0.00378903138916	SRR17140444	non-PMA	F4_S5	F4_S5	F4	S5	Overhead 4
OXA	6	0.00292414378946	SRR17140444	non-PMA	F4_S5	F4_S5	F4	S5	Overhead 4
TETM	161	0.0338907807586	SRR17140444	non-PMA	F4_S5	F4_S5	F4	S5	Overhead 4
TETL	1	0.000293691297632	SRR17140444	non-PMA	F4_S5	F4_S5	F4	S5	Overhead 4
PENA	60	0.0129544732888	SRR17140444	non-PMA	F4_S5	F4_S5	F4	S5	Overhead 4
TETA	25	0.00800658418543	SRR17140444	non-PMA	F4_S5	F4_S5	F4	S5	Overhead 4
QACB	373	0.0976117882093	SRR17140444	non-PMA	F4_S5	F4_S5	F4	S5	Overhead 4
QACA	115	0.0300947872495	SRR17140444	non-PMA	F4_S5	F4_S5	F4	S5	Overhead 4
TETB	22	0.00657607447763	SRR17140444	non-PMA	F4_S5	F4_S5	F4	S5	Overhead 4
KDPE	5	0.00298912476256	SRR17140444	non-PMA	F4_S5	F4_S5	F4	S5	Overhead 4
SDIA	3	0.00168138267894	SRR17140444	non-PMA	F4_S5	F4_S5	F4	S5	Overhead 4
TRIC	3	0.000397568318173	SRR17140444	non-PMA	F4_S5	F4_S5	F4	S5	Overhead 4
CAT_CHLORAMPHENICOL_ACETYLTRANSFERASE	48	0.0300302766843	SRR17140444	non-PMA	F4_S5	F4_S5	F4	S5	Overhead 4
AADD	26	0.0138232251865	SRR17140444	non-PMA	F4_S5	F4_S5	F4	S5	Overhead 4
AADE	1	0.000567555334663	SRR17140444	non-PMA	F4_S5	F4_S5	F4	S5	Overhead 4
KASUGAMYCIN_RESISTANCE_PROTEIN_KSGA	13	0.00640526734834	SRR17140444	non-PMA	F4_S5	F4_S5	F4	S5	Overhead 4
FUSD	3	0.00189451569458	SRR17140444	non-PMA	F4_S5	F4_S5	F4	S5	Overhead 4
TAEA	8	0.00166062486809	SRR17140444	non-PMA	F4_S5	F4_S5	F4	S5	Overhead 4
FUSB	10	0.00631505231527	SRR17140444	non-PMA	F4_S5	F4_S5	F4	S5	Overhead 4
FUSC	6	0.00380690417873	SRR17140444	non-PMA	F4_S5	F4_S5	F4	S5	Overhead 4
TRUNCATED_PUTATIVE_RESPONSE_REGULATOR_ARLR	172	0.105643039554	SRR17140444	non-PMA	F4_S5	F4_S5	F4	S5	Overhead 4
TET32	2	0.000421003487685	SRR17140444	non-PMA	F4_S5	F4_S5	F4	S5	Overhead 4
CLBA	1	0.000385417232995	SRR17140444	non-PMA	F4_S5	F4_S5	F4	S5	Overhead 4
TETA(46)	2	0.000468678098659	SRR17140444	non-PMA	F4_S5	F4_S5	F4	S5	Overhead 4
EFPA	1	0.000253793611916	SRR17140444	non-PMA	F4_S5	F4_S5	F4	S5	Overhead 4
MARA	1	0.0010591386954	SRR17140444	non-PMA	F4_S5	F4_S5	F4	S5	Overhead 4
MEL	132	0.0364587291368	SRR17140444	non-PMA	F4_S5	F4_S5	F4	S5	Overhead 4
ANT(3'')-IIA	1	0.00051339929128	SRR17140444	non-PMA	F4_S5	F4_S5	F4	S5	Overhead 4
TRANSCRIPTIONAL_REGULATORY_PROTEIN_CPXR_CPXR	3	0.00173936139201	SRR17140444	non-PMA	F4_S5	F4_S5	F4	S5	Overhead 4
RPOB2	1848	0.213920495056	SRR17140444	non-PMA	F4_S5	F4_S5	F4	S5	Overhead 4
ARNA	3	0.000609564717441	SRR17140444	non-PMA	F4_S5	F4_S5	F4	S5	Overhead 4
TET(K)	70	0.0205136013117	SRR17140444	non-PMA	F4_S5	F4_S5	F4	S5	Overhead 4
MARR	170	0.155556492746	SRR17140444	non-PMA	F4_S5	F4_S5	F4	S5	Overhead 4
MTRD	21	0.00264735042232	SRR17140444	non-PMA	F4_S5	F4_S5	F4	S5	Overhead 4
FARB	7	0.00185349271694	SRR17140444	non-PMA	F4_S5	F4_S5	F4	S5	Overhead 4
MUXB	16	0.00206344183034	SRR17140444	non-PMA	F4_S5	F4_S5	F4	S5	Overhead 4
OPRM	1	0.000287415842554	SRR17140444	non-PMA	F4_S5	F4_S5	F4	S5	Overhead 4
PATA	4	0.00117220578924	SRR17140444	non-PMA	F4_S5	F4_S5	F4	S5	Overhead 4
PATB	86	0.0298142083276	SRR17140444	non-PMA	F4_S5	F4_S5	F4	S5	Overhead 4
PVRR	1	0.000337119334123	SRR17140444	non-PMA	F4_S5	F4_S5	F4	S5	Overhead 4
ADER	4	0.00217830954357	SRR17140444	non-PMA	F4_S5	F4_S5	F4	S5	Overhead 4
MEPA	42	0.0267746246504	SRR17140444	non-PMA	F4_S5	F4_S5	F4	S5	Overhead 4
OPRC	1	8.53493745655e-05	SRR17140444	non-PMA	F4_S5	F4_S5	F4	S5	Overhead 4
MEXW	13	0.00171771904332	SRR17140444	non-PMA	F4_S5	F4_S5	F4	S5	Overhead 4
MEXT	8	0.0035397530083	SRR17140444	non-PMA	F4_S5	F4_S5	F4	S5	Overhead 4
RLMA(II)	128	0.0610544632353	SRR17140444	non-PMA	F4_S5	F4_S5	F4	S5	Overhead 4
CFXA3	2	0.000838072363335	SRR17140444	non-PMA	F4_S5	F4_S5	F4	S5	Overhead 4
CFXA2	63	0.026399279445	SRR17140444	non-PMA	F4_S5	F4_S5	F4	S5	Overhead 4
MEXQ	8	0.00102192299575	SRR17140444	non-PMA	F4_S5	F4_S5	F4	S5	Overhead 4
MEXN	2	0.000259673000609	SRR17140444	non-PMA	F4_S5	F4_S5	F4	S5	Overhead 4
ADEF	5	0.00063508316485	SRR17140444	non-PMA	F4_S5	F4_S5	F4	S5	Overhead 4
MEXK	9	0.00118106880862	SRR17140444	non-PMA	F4_S5	F4_S5	F4	S5	Overhead 4
ADEB	16	0.00207738400487	SRR17140444	non-PMA	F4_S5	F4_S5	F4	S5	Overhead 4
MEXI	2	0.000261439483606	SRR17140444	non-PMA	F4_S5	F4_S5	F4	S5	Overhead 4
MEXF	24	0.00303978789413	SRR17140444	non-PMA	F4_S5	F4_S5	F4	S5	Overhead 4
ACRF	1	0.000130087634734	SRR17140444	non-PMA	F4_S5	F4_S5	F4	S5	Overhead 4
MEXD	6	0.000773790686377	SRR17140444	non-PMA	F4_S5	F4_S5	F4	S5	Overhead 4
ANTIBIOTIC_RESISTANCE_RRNA_ADENINE_METHYLTRANSFERASE	3	0.00115625169898	SRR17140444	non-PMA	F4_S5	F4_S5	F4	S5	Overhead 4
MEXB	15	0.00192892850356	SRR17140444	non-PMA	F4_S5	F4_S5	F4	S5	Overhead 4
ADEI	1	0.000323342822873	SRR17140444	non-PMA	F4_S5	F4_S5	F4	S5	Overhead 4
ADEJ	7	0.000889956805488	SRR17140444	non-PMA	F4_S5	F4_S5	F4	S5	Overhead 4
ADEK	2	0.000555828984774	SRR17140444	non-PMA	F4_S5	F4_S5	F4	S5	Overhead 4
OQXA	1	0.000344016916407	SRR17140444	non-PMA	F4_S5	F4_S5	F4	S5	Overhead 4
OQXB	3	0.000384316040901	SRR17140444	non-PMA	F4_S5	F4_S5	F4	S5	Overhead 4
ACRD	6	0.000778267778102	SRR17140444	non-PMA	F4_S5	F4_S5	F4	S5	Overhead 4
SMEE	2	0.000258674258299	SRR17140444	non-PMA	F4_S5	F4_S5	F4	S5	Overhead 4
AAC(6')-I	1	0.000735030679318	SRR17140444	non-PMA	F4_S5	F4_S5	F4	S5	Overhead 4
SMEB	1	0.000128227468365	SRR17140444	non-PMA	F4_S5	F4_S5	F4	S5	Overhead 4
MDTP	2	0.000551273009489	SRR17140444	non-PMA	F4_S5	F4_S5	F4	S5	Overhead 4
MACB	50	0.0104433706766	SRR17140444	non-PMA	F4_S5	F4_S5	F4	S5	Overhead 4
MACA	6	0.00217537381642	SRR17140444	non-PMA	F4_S5	F4_S5	F4	S5	Overhead 4
ERM(44)	1	0.000535898861814	SRR17140444	non-PMA	F4_S5	F4_S5	F4	S5	Overhead 4
SMER	5	0.00293691297632	SRR17140444	non-PMA	F4_S5	F4_S5	F4	S5	Overhead 4
PBP-1B	198	0.032439831467	SRR17140444	non-PMA	F4_S5	F4_S5	F4	S5	Overhead 4
PBP-1A	198	0.0370418659728	SRR17140444	non-PMA	F4_S5	F4_S5	F4	S5	Overhead 4
MEXX	3	0.00101901980542	SRR17140444	non-PMA	F4_S5	F4_S5	F4	S5	Overhead 4
RPHB	3	0.000456483985233	SRR17140444	non-PMA	F4_S5	F4_S5	F4	S5	Overhead 4
TETA(48)	2	0.000784318450818	SRR17140444	non-PMA	F4_S5	F4_S5	F4	S5	Overhead 4
ARLS	101	0.0301232196138	SRR17140444	non-PMA	F4_S5	F4_S5	F4	S5	Overhead 4
MEXY	1	0.000128718291211	SRR17140444	non-PMA	F4_S5	F4_S5	F4	S5	Overhead 4
ACRB	12	0.00154906657561	SRR17140444	non-PMA	F4_S5	F4_S5	F4	S5	Overhead 4
MCR-4	1	0.00024863329818	SRR17140444	non-PMA	F4_S5	F4_S5	F4	S5	Overhead 4
KLEBSIELLA_PNEUMONIAE_OMPK37	6	0.00215792429383	SRR17140444	non-PMA	F4_S5	F4_S5	F4	S5	Overhead 4
KLEBSIELLA_PNEUMONIAE_OMPK36	1	0.000366513935464	SRR17140444	non-PMA	F4_S5	F4_S5	F4	S5	Overhead 4
QACG	20	0.0251421709	SRR17140444	non-PMA	F4_S5	F4_S5	F4	S5	Overhead 4
LNUA	1	0.00369369183467	SRR17140445	non-PMA	F6_S8	F6_S8	F6	S8	Crew quarters
OMPR	6	0.015649589089	SRR17140445	non-PMA	F6_S8	F6_S8	F6	S8	Crew quarters
BACA	45	0.0980248986894	SRR17140445	non-PMA	F6_S8	F6_S8	F6	S8	Crew quarters
ERM(TR)	2	0.00489452169039	SRR17140445	non-PMA	F6_S8	F6_S8	F6	S8	Crew quarters
COB(I)ALAMIN_ADENOLSYLTRANSFERASE	1	0.00303410400705	SRR17140445	non-PMA	F6_S8	F6_S8	F6	S8	Crew quarters
VATF	1	0.00269087957186	SRR17140445	non-PMA	F6_S8	F6_S8	F6	S8	Crew quarters
CHLORAMPHENICOL_EXPORTER	20	0.0250393425424	SRR17140445	non-PMA	F6_S8	F6_S8	F6	S8	Crew quarters
BPEF	3	0.00168148271079	SRR17140445	non-PMA	F6_S8	F6_S8	F6	S8	Crew quarters
EPTA	1	0.00108717437913	SRR17140445	non-PMA	F6_S8	F6_S8	F6	S8	Crew quarters
MSBA	8	0.00817435581281	SRR17140445	non-PMA	F6_S8	F6_S8	F6	S8	Crew quarters
RBPA	18	0.093897534534	SRR17140445	non-PMA	F6_S8	F6_S8	F6	S8	Crew quarters
TAP	4	0.00581598420912	SRR17140445	non-PMA	F6_S8	F6_S8	F6	S8	Crew quarters
MULTIDRUG_ABC_TRANSPORTER	53	0.0545298830887	SRR17140445	non-PMA	F6_S8	F6_S8	F6	S8	Crew quarters
TET43	1	0.00114582733214	SRR17140445	non-PMA	F6_S8	F6_S8	F6	S8	Crew quarters
TET41	1	0.00151319182031	SRR17140445	non-PMA	F6_S8	F6_S8	F6	S8	Crew quarters
AAC(2')-I	1	0.00334092351338	SRR17140445	non-PMA	F6_S8	F6_S8	F6	S8	Crew quarters
PBP-2X	19	0.015065337763	SRR17140445	non-PMA	F6_S8	F6_S8	F6	S8	Crew quarters
LMRD	5	0.00449157390772	SRR17140445	non-PMA	F6_S8	F6_S8	F6	S8	Crew quarters
LMRC	5	0.00519829008201	SRR17140445	non-PMA	F6_S8	F6_S8	F6	S8	Crew quarters
OLEC	1	0.00182979810887	SRR17140445	non-PMA	F6_S8	F6_S8	F6	S8	Crew quarters
MPHC	8	0.0159112879032	SRR17140445	non-PMA	F6_S8	F6_S8	F6	S8	Crew quarters
AXYY	1	0.000569075966873	SRR17140445	non-PMA	F6_S8	F6_S8	F6	S8	Crew quarters
APH(6)-I	3	0.00670696675243	SRR17140445	non-PMA	F6_S8	F6_S8	F6	S8	Crew quarters
BURKHOLDERIA_PSEUDOMALLEI_OMP38	1	0.00159006520156	SRR17140445	non-PMA	F6_S8	F6_S8	F6	S8	Crew quarters
TETB(46)	1	0.00102886571865	SRR17140445	non-PMA	F6_S8	F6_S8	F6	S8	Crew quarters
FMTC	30	0.0212387280494	SRR17140445	non-PMA	F6_S8	F6_S8	F6	S8	Crew quarters
MTRE	3	0.00382024230438	SRR17140445	non-PMA	F6_S8	F6_S8	F6	S8	Crew quarters
MTRD	5	0.00278671220891	SRR17140445	non-PMA	F6_S8	F6_S8	F6	S8	Crew quarters
CLASS_A	5	0.00991140642303	SRR17140445	non-PMA	F6_S8	F6_S8	F6	S8	Crew quarters
MTRA	21	0.0547735618115	SRR17140445	non-PMA	F6_S8	F6_S8	F6	S8	Crew quarters
MEFA	4	0.00587342602846	SRR17140445	non-PMA	F6_S8	F6_S8	F6	S8	Crew quarters
VATB	1	0.00280511502539	SRR17140445	non-PMA	F6_S8	F6_S8	F6	S8	Crew quarters
ROSA	3	0.00435134916133	SRR17140445	non-PMA	F6_S8	F6_S8	F6	S8	Crew quarters
AMRB	6	0.00341445580124	SRR17140445	non-PMA	F6_S8	F6_S8	F6	S8	Crew quarters
MSRA	16	0.0194978487011	SRR17140445	non-PMA	F6_S8	F6_S8	F6	S8	Crew quarters
NORA	25	0.0383172928726	SRR17140445	non-PMA	F6_S8	F6_S8	F6	S8	Crew quarters
MAJOR_FACILITATOR_SUPERFAMILY_TRANSPORTER	48	0.0733800784019	SRR17140445	non-PMA	F6_S8	F6_S8	F6	S8	Crew quarters
CEOB	10	0.00579050034452	SRR17140445	non-PMA	F6_S8	F6_S8	F6	S8	Crew quarters
TET(42)	87	0.120882106374	SRR17140445	non-PMA	F6_S8	F6_S8	F6	S8	Crew quarters
CAMP-REGULATORY_PROTEIN	3	0.0109451113874	SRR17140445	non-PMA	F6_S8	F6_S8	F6	S8	Crew quarters
STAPHYLOCOCCUS_MUPA_CONFERRING_RESISTANCE_TO_MUPIROCIN	1	0.0005807464701	SRR17140445	non-PMA	F6_S8	F6_S8	F6	S8	Crew quarters
VANR	49	0.127246877221	SRR17140445	non-PMA	F6_S8	F6_S8	F6	S8	Crew quarters
ROSB	4	0.00438073212068	SRR17140445	non-PMA	F6_S8	F6_S8	F6	S8	Crew quarters
DFRC	14	0.0517116856854	SRR17140445	non-PMA	F6_S8	F6_S8	F6	S8	Crew quarters
ADP-RIBOSYLATING_TRANSFERASE_ARR	4	0.0158582502769	SRR17140445	non-PMA	F6_S8	F6_S8	F6	S8	Crew quarters
LSA	1	0.00119414535217	SRR17140445	non-PMA	F6_S8	F6_S8	F6	S8	Crew quarters
FLOR	1	0.00147199105293	SRR17140445	non-PMA	F6_S8	F6_S8	F6	S8	Crew quarters
LSAC	7	0.00846095670259	SRR17140445	non-PMA	F6_S8	F6_S8	F6	S8	Crew quarters
UGD	25	0.0383172928726	SRR17140445	non-PMA	F6_S8	F6_S8	F6	S8	Crew quarters
MDTC	2	0.00116035977636	SRR17140445	non-PMA	F6_S8	F6_S8	F6	S8	Crew quarters
MDTB	5	0.00285905954511	SRR17140445	non-PMA	F6_S8	F6_S8	F6	S8	Crew quarters
MDTG	3	0.00443794317449	SRR17140445	non-PMA	F6_S8	F6_S8	F6	S8	Crew quarters
MDTF	1	0.000573466138266	SRR17140445	non-PMA	F6_S8	F6_S8	F6	S8	Crew quarters
MDTD	2	0.00252519908867	SRR17140445	non-PMA	F6_S8	F6_S8	F6	S8	Crew quarters
MDTK	12	0.0150553008957	SRR17140445	non-PMA	F6_S8	F6_S8	F6	S8	Crew quarters
MDTH	5	0.00739657195749	SRR17140445	non-PMA	F6_S8	F6_S8	F6	S8	Crew quarters
CPXA	1	0.00130127874263	SRR17140445	non-PMA	F6_S8	F6_S8	F6	S8	Crew quarters
VANS	2	0.00266078024779	SRR17140445	non-PMA	F6_S8	F6_S8	F6	S8	Crew quarters
MECR1	2	0.00362612430111	SRR17140445	non-PMA	F6_S8	F6_S8	F6	S8	Crew quarters
APH(3')-I	2	0.00438881465227	SRR17140445	non-PMA	F6_S8	F6_S8	F6	S8	Crew quarters
EFRB	1	0.00164277454525	SRR17140445	non-PMA	F6_S8	F6_S8	F6	S8	Crew quarters
EFRA	1	0.00122615337192	SRR17140445	non-PMA	F6_S8	F6_S8	F6	S8	Crew quarters
TETA(60)	1	0.0010270887485	SRR17140445	non-PMA	F6_S8	F6_S8	F6	S8	Crew quarters
BAES	3	0.00382024230438	SRR17140445	non-PMA	F6_S8	F6_S8	F6	S8	Crew quarters
EMRR	1	0.00337888855331	SRR17140445	non-PMA	F6_S8	F6_S8	F6	S8	Crew quarters
EMRB-QACA_FAMILY_MAJOR_FACILITATOR_TRANSPORTER	44	0.0543994032366	SRR17140445	non-PMA	F6_S8	F6_S8	F6	S8	Crew quarters
PMRF	1	0.00184684591734	SRR17140445	non-PMA	F6_S8	F6_S8	F6	S8	Crew quarters
BIFUNCTIONAL_AMINOGLYCOSIDE_N-ACETYLTRANSFERASE_AND_AMINOGLYCOSIDE_PHOSPHOTRANSFERASE	2	0.00242233965532	SRR17140445	non-PMA	F6_S8	F6_S8	F6	S8	Crew quarters
EMRA	4	0.00609932702956	SRR17140445	non-PMA	F6_S8	F6_S8	F6	S8	Crew quarters
EMRB	5	0.005807464701	SRR17140445	non-PMA	F6_S8	F6_S8	F6	S8	Crew quarters
ABCA	766	0.313724682646	SRR17140445	non-PMA	F6_S8	F6_S8	F6	S8	Crew quarters
MDFA	1	0.00145044972044	SRR17140445	non-PMA	F6_S8	F6_S8	F6	S8	Crew quarters
ERMC	4	0.00974892435053	SRR17140445	non-PMA	F6_S8	F6_S8	F6	S8	Crew quarters
FOSB	4	0.0171132197232	SRR17140445	non-PMA	F6_S8	F6_S8	F6	S8	Crew quarters
ERMG	1	0.00243723108763	SRR17140445	non-PMA	F6_S8	F6_S8	F6	S8	Crew quarters
ERMX	4	0.00940212467007	SRR17140445	non-PMA	F6_S8	F6_S8	F6	S8	Crew quarters
BLEO	2	0.00887588634899	SRR17140445	non-PMA	F6_S8	F6_S8	F6	S8	Crew quarters
ESCHERICHIA_COLI_LAMB	1	0.00133337306139	SRR17140445	non-PMA	F6_S8	F6_S8	F6	S8	Crew quarters
TETQ	1	0.00090515127151	SRR17140445	non-PMA	F6_S8	F6_S8	F6	S8	Crew quarters
MECA	6	0.00534147651541	SRR17140445	non-PMA	F6_S8	F6_S8	F6	S8	Crew quarters
TETV	4	0.00580179888178	SRR17140445	non-PMA	F6_S8	F6_S8	F6	S8	Crew quarters
TETM	8	0.00744518792341	SRR17140445	non-PMA	F6_S8	F6_S8	F6	S8	Crew quarters
PENA	4	0.00381819830101	SRR17140445	non-PMA	F6_S8	F6_S8	F6	S8	Crew quarters
RIFAMPIN_MONOOXYGENASE	3	0.00373232877855	SRR17140445	non-PMA	F6_S8	F6_S8	F6	S8	Crew quarters
TETA	4	0.00566366081316	SRR17140445	non-PMA	F6_S8	F6_S8	F6	S8	Crew quarters
QACB	13	0.0150406556614	SRR17140445	non-PMA	F6_S8	F6_S8	F6	S8	Crew quarters
QACA	3	0.00347092053725	SRR17140445	non-PMA	F6_S8	F6_S8	F6	S8	Crew quarters
TETB	14	0.0185012919897	SRR17140445	non-PMA	F6_S8	F6_S8	F6	S8	Crew quarters
KDPE	1	0.00264304171281	SRR17140445	non-PMA	F6_S8	F6_S8	F6	S8	Crew quarters
TRIC	2	0.00117179189238	SRR17140445	non-PMA	F6_S8	F6_S8	F6	S8	Crew quarters
CAT_CHLORAMPHENICOL_ACETYLTRANSFERASE	2	0.005531947771	SRR17140445	non-PMA	F6_S8	F6_S8	F6	S8	Crew quarters
AADD	1	0.00235053116752	SRR17140445	non-PMA	F6_S8	F6_S8	F6	S8	Crew quarters
RLMA(II)	10	0.0210880987724	SRR17140445	non-PMA	F6_S8	F6_S8	F6	S8	Crew quarters
KASUGAMYCIN_RESISTANCE_PROTEIN_KSGA	3	0.00653499324596	SRR17140445	non-PMA	F6_S8	F6_S8	F6	S8	Crew quarters
FUSD	2	0.00558389094255	SRR17140445	non-PMA	F6_S8	F6_S8	F6	S8	Crew quarters
FUSB	1	0.00279194547128	SRR17140445	non-PMA	F6_S8	F6_S8	F6	S8	Crew quarters
TRUNCATED_PUTATIVE_RESPONSE_REGULATOR_ARLR	24	0.0651708915487	SRR17140445	non-PMA	F6_S8	F6_S8	F6	S8	Crew quarters
TETA(46)	2	0.00207207102921	SRR17140445	non-PMA	F6_S8	F6_S8	F6	S8	Crew quarters
EFPA	2	0.00224409202031	SRR17140445	non-PMA	F6_S8	F6_S8	F6	S8	Crew quarters
MEL	5	0.0061055891723	SRR17140445	non-PMA	F6_S8	F6_S8	F6	S8	Crew quarters
RPOB2	476	0.243605651843	SRR17140445	non-PMA	F6_S8	F6_S8	F6	S8	Crew quarters
ARNA	7	0.00628820347081	SRR17140445	non-PMA	F6_S8	F6_S8	F6	S8	Crew quarters
TET(K)	4	0.005182434731	SRR17140445	non-PMA	F6_S8	F6_S8	F6	S8	Crew quarters
MARR	23	0.0930458562162	SRR17140445	non-PMA	F6_S8	F6_S8	F6	S8	Crew quarters
TETA(48)	14	0.0242728320564	SRR17140445	non-PMA	F6_S8	F6_S8	F6	S8	Crew quarters
TETB(48)	1	0.00219440732613	SRR17140445	non-PMA	F6_S8	F6_S8	F6	S8	Crew quarters
FARB	3	0.00351191566171	SRR17140445	non-PMA	F6_S8	F6_S8	F6	S8	Crew quarters
MUXB	4	0.00228066878382	SRR17140445	non-PMA	F6_S8	F6_S8	F6	S8	Crew quarters
PATB	6	0.00919615028941	SRR17140445	non-PMA	F6_S8	F6_S8	F6	S8	Crew quarters
OPCM	3	0.0034844788206	SRR17140445	non-PMA	F6_S8	F6_S8	F6	S8	Crew quarters
OPRM	1	0.00127069313116	SRR17140445	non-PMA	F6_S8	F6_S8	F6	S8	Crew quarters
MEPA	4	0.0112736376376	SRR17140445	non-PMA	F6_S8	F6_S8	F6	S8	Crew quarters
OPRA	1	0.00127341410146	SRR17140445	non-PMA	F6_S8	F6_S8	F6	S8	Crew quarters
CFXA2	3	0.00555779799422	SRR17140445	non-PMA	F6_S8	F6_S8	F6	S8	Crew quarters
VGAA	28	0.0318987792925	SRR17140445	non-PMA	F6_S8	F6_S8	F6	S8	Crew quarters
MEXN	1	0.00057401967701	SRR17140445	non-PMA	F6_S8	F6_S8	F6	S8	Crew quarters
ADEF	2	0.00112310554369	SRR17140445	non-PMA	F6_S8	F6_S8	F6	S8	Crew quarters
MEXK	1	0.000580179888178	SRR17140445	non-PMA	F6_S8	F6_S8	F6	S8	Crew quarters
ADEB	1	0.00057401967701	SRR17140445	non-PMA	F6_S8	F6_S8	F6	S8	Crew quarters
MEXI	1	0.000577924572772	SRR17140445	non-PMA	F6_S8	F6_S8	F6	S8	Crew quarters
MEXF	8	0.00447973171663	SRR17140445	non-PMA	F6_S8	F6_S8	F6	S8	Crew quarters
MEXE	7	0.0104856188858	SRR17140445	non-PMA	F6_S8	F6_S8	F6	S8	Crew quarters
MEXB	15	0.00852797875787	SRR17140445	non-PMA	F6_S8	F6_S8	F6	S8	Crew quarters
MEXC	1	0.00153665215861	SRR17140445	non-PMA	F6_S8	F6_S8	F6	S8	Crew quarters
MEXA	1	0.00155270074512	SRR17140445	non-PMA	F6_S8	F6_S8	F6	S8	Crew quarters
OQXA	1	0.00152093193192	SRR17140445	non-PMA	F6_S8	F6_S8	F6	S8	Crew quarters
OQXB	8	0.00453092865053	SRR17140445	non-PMA	F6_S8	F6_S8	F6	S8	Crew quarters
ACRD	4	0.00229386455306	SRR17140445	non-PMA	F6_S8	F6_S8	F6	S8	Crew quarters
SMEF	2	0.00250921681596	SRR17140445	non-PMA	F6_S8	F6_S8	F6	S8	Crew quarters
SMEE	2	0.00114362381804	SRR17140445	non-PMA	F6_S8	F6_S8	F6	S8	Crew quarters
MACB	14	0.0129279214213	SRR17140445	non-PMA	F6_S8	F6_S8	F6	S8	Crew quarters
ERM(44)	1	0.00236926049953	SRR17140445	non-PMA	F6_S8	F6_S8	F6	S8	Crew quarters
PBP-1B	9	0.00651907365218	SRR17140445	non-PMA	F6_S8	F6_S8	F6	S8	Crew quarters
PBP-1A	23	0.019023283538	SRR17140445	non-PMA	F6_S8	F6_S8	F6	S8	Crew quarters
RPHB	1	0.000672719892966	SRR17140445	non-PMA	F6_S8	F6_S8	F6	S8	Crew quarters
LRFA	6	0.00707957601645	SRR17140445	non-PMA	F6_S8	F6_S8	F6	S8	Crew quarters
ARLS	11	0.0145044972044	SRR17140445	non-PMA	F6_S8	F6_S8	F6	S8	Crew quarters
RPHA	1	0.000687496399286	SRR17140445	non-PMA	F6_S8	F6_S8	F6	S8	Crew quarters
ACRB	28	0.0159800026782	SRR17140445	non-PMA	F6_S8	F6_S8	F6	S8	Crew quarters
ACRA	1	0.0014904370561	SRR17140445	non-PMA	F6_S8	F6_S8	F6	S8	Crew quarters
TRANSCRIPTIONAL_REGULATORY_PROTEIN_CPXR_CPXR	5	0.0128164738229	SRR17140445	non-PMA	F6_S8	F6_S8	F6	S8	Crew quarters
KLEBSIELLA_PNEUMONIAE_OMPK37	1	0.00159006520156	SRR17140445	non-PMA	F6_S8	F6_S8	F6	S8	Crew quarters
QACG	1	0.00555779799422	SRR17140445	non-PMA	F6_S8	F6_S8	F6	S8	Crew quarters
TOLC	2	0.00240276519346	SRR17140445	non-PMA	F6_S8	F6_S8	F6	S8	Crew quarters
BLAZ	5	0.0028158279419	SRR17140447	non-PMA	F6_S7	F6_S7	F6	S7	Lab overhead
LNUA	83	0.0815820560111	SRR17140447	non-PMA	F6_S7	F6_S7	F6	S7	Lab overhead
OMPR	2	0.00138815377487	SRR17140447	non-PMA	F6_S7	F6_S7	F6	S7	Lab overhead
BACA	454	0.263169548615	SRR17140447	non-PMA	F6_S7	F6_S7	F6	S7	Lab overhead
ERM(TR)	26	0.0169320485132	SRR17140447	non-PMA	F6_S7	F6_S7	F6	S7	Lab overhead
VATB	1	0.000746460048749	SRR17140447	non-PMA	F6_S7	F6_S7	F6	S7	Lab overhead
OMPF	1	0.000450853362777	SRR17140447	non-PMA	F6_S7	F6_S7	F6	S7	Lab overhead
MEXF	3	0.000447032571567	SRR17140447	non-PMA	F6_S7	F6_S7	F6	S7	Lab overhead
CHLORAMPHENICOL_EXPORTER	6	0.00199894143581	SRR17140447	non-PMA	F6_S7	F6_S7	F6	S7	Lab overhead
MSBA	5	0.00135953204755	SRR17140447	non-PMA	F6_S7	F6_S7	F6	S7	Lab overhead
RBPA	11	0.0152696915235	SRR17140447	non-PMA	F6_S7	F6_S7	F6	S7	Lab overhead
MULTIDRUG_ABC_TRANSPORTER	548	0.150035886892	SRR17140447	non-PMA	F6_S7	F6_S7	F6	S7	Lab overhead
ADC-82	1	0.00041318415231	SRR17140447	non-PMA	F6_S7	F6_S7	F6	S7	Lab overhead
LMRP	5	0.00194888584156	SRR17140447	non-PMA	F6_S7	F6_S7	F6	S7	Lab overhead
MDFA	1	0.000385974464231	SRR17140447	non-PMA	F6_S7	F6_S7	F6	S7	Lab overhead
PBP-2X	57	0.0120269643054	SRR17140447	non-PMA	F6_S7	F6_S7	F6	S7	Lab overhead
OPTRA	1	0.000241602336389	SRR17140447	non-PMA	F6_S7	F6_S7	F6	S7	Lab overhead
FOSA	1	0.00117221874322	SRR17140447	non-PMA	F6_S7	F6_S7	F6	S7	Lab overhead
LMRD	16	0.00382476206247	SRR17140447	non-PMA	F6_S7	F6_S7	F6	S7	Lab overhead
LMRC	13	0.00359658023488	SRR17140447	non-PMA	F6_S7	F6_S7	F6	S7	Lab overhead
MPHC	77	0.040753223531	SRR17140447	non-PMA	F6_S7	F6_S7	F6	S7	Lab overhead
AXYY	1	0.000151434957258	SRR17140447	non-PMA	F6_S7	F6_S7	F6	S7	Lab overhead
MTRD	16	0.00237300139209	SRR17140447	non-PMA	F6_S7	F6_S7	F6	S7	Lab overhead
APH(6)-I	1	0.000594923046372	SRR17140447	non-PMA	F6_S7	F6_S7	F6	S7	Lab overhead
MEXI	1	0.000153789631035	SRR17140447	non-PMA	F6_S7	F6_S7	F6	S7	Lab overhead
LLMA_23S_RIBOSOMAL_RNA_METHYLTRANSFERASE	2	0.00110278418352	SRR17140447	non-PMA	F6_S7	F6_S7	F6	S7	Lab overhead
VANRI	1	0.000682110044547	SRR17140447	non-PMA	F6_S7	F6_S7	F6	S7	Lab overhead
FMTC	320	0.0602855353657	SRR17140447	non-PMA	F6_S7	F6_S7	F6	S7	Lab overhead
MTRE	5	0.00169432045326	SRR17140447	non-PMA	F6_S7	F6_S7	F6	S7	Lab overhead
MEFE	1	0.000392678735322	SRR17140447	non-PMA	F6_S7	F6_S7	F6	S7	Lab overhead
CLASS_A	221	0.116577154013	SRR17140447	non-PMA	F6_S7	F6_S7	F6	S7	Lab overhead
MTRA	11	0.00763484576177	SRR17140447	non-PMA	F6_S7	F6_S7	F6	S7	Lab overhead
MEFA	32	0.0125036665944	SRR17140447	non-PMA	F6_S7	F6_S7	F6	S7	Lab overhead
MTRC	6	0.0023046048107	SRR17140447	non-PMA	F6_S7	F6_S7	F6	S7	Lab overhead
ROSA	1	0.000385974464231	SRR17140447	non-PMA	F6_S7	F6_S7	F6	S7	Lab overhead
AMRB	2	0.000302869914516	SRR17140447	non-PMA	F6_S7	F6_S7	F6	S7	Lab overhead
MSRA	209	0.0677749013114	SRR17140447	non-PMA	F6_S7	F6_S7	F6	S7	Lab overhead
NORB	16	0.00543346026901	SRR17140447	non-PMA	F6_S7	F6_S7	F6	S7	Lab overhead
NORA	322	0.131330795793	SRR17140447	non-PMA	F6_S7	F6_S7	F6	S7	Lab overhead
AAD(9)	1	0.000608652039749	SRR17140447	non-PMA	F6_S7	F6_S7	F6	S7	Lab overhead
MTRR	2	0.00175832811483	SRR17140447	non-PMA	F6_S7	F6_S7	F6	S7	Lab overhead
TETO	20	0.00495303694319	SRR17140447	non-PMA	F6_S7	F6_S7	F6	S7	Lab overhead
APH(2'')-IF	2	0.00106565340293	SRR17140447	non-PMA	F6_S7	F6_S7	F6	S7	Lab overhead
VANSD	2	0.00135836506725	SRR17140447	non-PMA	F6_S7	F6_S7	F6	S7	Lab overhead
APH(3''')-III	1	0.000599430039147	SRR17140447	non-PMA	F6_S7	F6_S7	F6	S7	Lab overhead
MAJOR_FACILITATOR_SUPERFAMILY_TRANSPORTER	686	0.279072436529	SRR17140447	non-PMA	F6_S7	F6_S7	F6	S7	Lab overhead
CEOB	1	0.000154089123987	SRR17140447	non-PMA	F6_S7	F6_S7	F6	S7	Lab overhead
CAMP-REGULATORY_PROTEIN	2	0.00194171202865	SRR17140447	non-PMA	F6_S7	F6_S7	F6	S7	Lab overhead
STAPHYLOCOCCUS_MUPA_CONFERRING_RESISTANCE_TO_MUPIROCIN	5	0.000772702784838	SRR17140447	non-PMA	F6_S7	F6_S7	F6	S7	Lab overhead
AAC(6')-IE-APH(2'')-IA	2	0.000660749604738	SRR17140447	non-PMA	F6_S7	F6_S7	F6	S7	Lab overhead
VANR	8	0.00552836787196	SRR17140447	non-PMA	F6_S7	F6_S7	F6	S7	Lab overhead
ROSB	2	0.000582871198287	SRR17140447	non-PMA	F6_S7	F6_S7	F6	S7	Lab overhead
YOJI	1	0.000289304443025	SRR17140447	non-PMA	F6_S7	F6_S7	F6	S7	Lab overhead
DFRC	142	0.139574119923	SRR17140447	non-PMA	F6_S7	F6_S7	F6	S7	Lab overhead
MEXY	1	0.000151434957258	SRR17140447	non-PMA	F6_S7	F6_S7	F6	S7	Lab overhead
DFRF	2	0.00192987232116	SRR17140447	non-PMA	F6_S7	F6_S7	F6	S7	Lab overhead
LSA	1	0.000317770141235	SRR17140447	non-PMA	F6_S7	F6_S7	F6	S7	Lab overhead
LSAC	32	0.0102926523795	SRR17140447	non-PMA	F6_S7	F6_S7	F6	S7	Lab overhead
LSAE	1	0.000320343178815	SRR17140447	non-PMA	F6_S7	F6_S7	F6	S7	Lab overhead
UGD	53	0.021616559556	SRR17140447	non-PMA	F6_S7	F6_S7	F6	S7	Lab overhead
MDTB	1	0.000152163009937	SRR17140447	non-PMA	F6_S7	F6_S7	F6	S7	Lab overhead
MDTA	1	0.000381324169482	SRR17140447	non-PMA	F6_S7	F6_S7	F6	S7	Lab overhead
MDTG	24	0.00944773315432	SRR17140447	non-PMA	F6_S7	F6_S7	F6	S7	Lab overhead
MDTK	9	0.00300473791775	SRR17140447	non-PMA	F6_S7	F6_S7	F6	S7	Lab overhead
MDTH	1	0.000393655548097	SRR17140447	non-PMA	F6_S7	F6_S7	F6	S7	Lab overhead
MDTL	2	0.000809460513222	SRR17140447	non-PMA	F6_S7	F6_S7	F6	S7	Lab overhead
VANTG	1	0.000222260576313	SRR17140447	non-PMA	F6_S7	F6_S7	F6	S7	Lab overhead
VANS	14	0.00495636112906	SRR17140447	non-PMA	F6_S7	F6_S7	F6	S7	Lab overhead
MECR1	8	0.00385974464231	SRR17140447	non-PMA	F6_S7	F6_S7	F6	S7	Lab overhead
VANU	3	0.00632998121339	SRR17140447	non-PMA	F6_S7	F6_S7	F6	S7	Lab overhead
BCRA	3	0.00153640320713	SRR17140447	non-PMA	F6_S7	F6_S7	F6	S7	Lab overhead
VAND	1	0.000461368893105	SRR17140447	non-PMA	F6_S7	F6_S7	F6	S7	Lab overhead
VANG	3	0.00186908894096	SRR17140447	non-PMA	F6_S7	F6_S7	F6	S7	Lab overhead
APH(3')-I	6	0.00350367963841	SRR17140447	non-PMA	F6_S7	F6_S7	F6	S7	Lab overhead
BLEOMYCIN_RESISTANCE_PROTEIN	3	0.00516031077179	SRR17140447	non-PMA	F6_S7	F6_S7	F6	S7	Lab overhead
EFRB	12	0.00524584078458	SRR17140447	non-PMA	F6_S7	F6_S7	F6	S7	Lab overhead
EFRA	1	0.000326287691412	SRR17140447	non-PMA	F6_S7	F6_S7	F6	S7	Lab overhead
TETA(60)	2	0.00054663050202	SRR17140447	non-PMA	F6_S7	F6_S7	F6	S7	Lab overhead
BAER	1	0.000659373043062	SRR17140447	non-PMA	F6_S7	F6_S7	F6	S7	Lab overhead
EMRB-QACA_FAMILY_MAJOR_FACILITATOR_TRANSPORTER	410	0.134890452053	SRR17140447	non-PMA	F6_S7	F6_S7	F6	S7	Lab overhead
MUXC	1	0.000152750511906	SRR17140447	non-PMA	F6_S7	F6_S7	F6	S7	Lab overhead
BIFUNCTIONAL_AMINOGLYCOSIDE_N-ACETYLTRANSFERASE_AND_AMINOGLYCOSIDE_PHOSPHOTRANSFERASE	3	0.000966901407341	SRR17140447	non-PMA	F6_S7	F6_S7	F6	S7	Lab overhead
EVGS	1	0.000132205121416	SRR17140447	non-PMA	F6_S7	F6_S7	F6	S7	Lab overhead
EMRA	2	0.000811536052999	SRR17140447	non-PMA	F6_S7	F6_S7	F6	S7	Lab overhead
EMRB	6	0.00185448668361	SRR17140447	non-PMA	F6_S7	F6_S7	F6	S7	Lab overhead
EMRD	1	0.000401648554149	SRR17140447	non-PMA	F6_S7	F6_S7	F6	S7	Lab overhead
ERM(33)	1	0.000651232635123	SRR17140447	non-PMA	F6_S7	F6_S7	F6	S7	Lab overhead
ABCA	46	0.00501341487287	SRR17140447	non-PMA	F6_S7	F6_S7	F6	S7	Lab overhead
ERMB	31	0.0200234099607	SRR17140447	non-PMA	F6_S7	F6_S7	F6	S7	Lab overhead
ERMC	153	0.0992302382837	SRR17140447	non-PMA	F6_S7	F6_S7	F6	S7	Lab overhead
FOSB	34	0.0387085182114	SRR17140447	non-PMA	F6_S7	F6_S7	F6	S7	Lab overhead
ERMF	4	0.00237969218549	SRR17140447	non-PMA	F6_S7	F6_S7	F6	S7	Lab overhead
HMRM	4	0.00136422008909	SRR17140447	non-PMA	F6_S7	F6_S7	F6	S7	Lab overhead
ERMX	44	0.0275216574495	SRR17140447	non-PMA	F6_S7	F6_S7	F6	S7	Lab overhead
BLEO	2	0.00236193328858	SRR17140447	non-PMA	F6_S7	F6_S7	F6	S7	Lab overhead
ERMT	2	0.00129712729783	SRR17140447	non-PMA	F6_S7	F6_S7	F6	S7	Lab overhead
TETB(60)	2	0.00054663050202	SRR17140447	non-PMA	F6_S7	F6_S7	F6	S7	Lab overhead
MECI	2	0.00257316309488	SRR17140447	non-PMA	F6_S7	F6_S7	F6	S7	Lab overhead
TETQ	8	0.00192693492036	SRR17140447	non-PMA	F6_S7	F6_S7	F6	S7	Lab overhead
TETP	4	0.00150355848299	SRR17140447	non-PMA	F6_S7	F6_S7	F6	S7	Lab overhead
MECA	7	0.00165830346159	SRR17140447	non-PMA	F6_S7	F6_S7	F6	S7	Lab overhead
TETR	3	0.00228244514906	SRR17140447	non-PMA	F6_S7	F6_S7	F6	S7	Lab overhead
SUL1	3	0.00167755685867	SRR17140447	non-PMA	F6_S7	F6_S7	F6	S7	Lab overhead
TETW	66	0.0163450219125	SRR17140447	non-PMA	F6_S7	F6_S7	F6	S7	Lab overhead
OXA	1	0.000573367863532	SRR17140447	non-PMA	F6_S7	F6_S7	F6	S7	Lab overhead
TETM	195	0.0482921101961	SRR17140447	non-PMA	F6_S7	F6_S7	F6	S7	Lab overhead
PENA	27	0.0068583263548	SRR17140447	non-PMA	F6_S7	F6_S7	F6	S7	Lab overhead
TETA	25	0.00941961490088	SRR17140447	non-PMA	F6_S7	F6_S7	F6	S7	Lab overhead
QACB	138	0.0424872279887	SRR17140447	non-PMA	F6_S7	F6_S7	F6	S7	Lab overhead
QACA	39	0.0120072600838	SRR17140447	non-PMA	F6_S7	F6_S7	F6	S7	Lab overhead
TETB	58	0.020396606132	SRR17140447	non-PMA	F6_S7	F6_S7	F6	S7	Lab overhead
QACG	7	0.0103527730126	SRR17140447	non-PMA	F6_S7	F6_S7	F6	S7	Lab overhead
SDIA	1	0.000659373043062	SRR17140447	non-PMA	F6_S7	F6_S7	F6	S7	Lab overhead
CAT_CHLORAMPHENICOL_ACETYLTRANSFERASE	9	0.00662439894425	SRR17140447	non-PMA	F6_S7	F6_S7	F6	S7	Lab overhead
AADD	17	0.010633367651	SRR17140447	non-PMA	F6_S7	F6_S7	F6	S7	Lab overhead
AADE	12	0.00801263444733	SRR17140447	non-PMA	F6_S7	F6_S7	F6	S7	Lab overhead
BICYCLOMYCIN-MULTIDRUG_EFFLUX_PROTEIN_BCR	2	0.000799240052196	SRR17140447	non-PMA	F6_S7	F6_S7	F6	S7	Lab overhead
KASUGAMYCIN_RESISTANCE_PROTEIN_KSGA	1	0.000579668609285	SRR17140447	non-PMA	F6_S7	F6_S7	F6	S7	Lab overhead
FUSD	12	0.00891546649774	SRR17140447	non-PMA	F6_S7	F6_S7	F6	S7	Lab overhead
TAEA	1	0.000244212238171	SRR17140447	non-PMA	F6_S7	F6_S7	F6	S7	Lab overhead
FUSB	1	0.000742955541478	SRR17140447	non-PMA	F6_S7	F6_S7	F6	S7	Lab overhead
TRUNCATED_PUTATIVE_RESPONSE_REGULATOR_ARLR	249	0.179927548189	SRR17140447	non-PMA	F6_S7	F6_S7	F6	S7	Lab overhead
TET35	1	0.000428860515813	SRR17140447	non-PMA	F6_S7	F6_S7	F6	S7	Lab overhead
SAT-4	1	0.000879164057416	SRR17140447	non-PMA	F6_S7	F6_S7	F6	S7	Lab overhead
TETA(46)	1	0.00027569604588	SRR17140447	non-PMA	F6_S7	F6_S7	F6	S7	Lab overhead
TETB(46)	1	0.000273788114766	SRR17140447	non-PMA	F6_S7	F6_S7	F6	S7	Lab overhead
MEL	20	0.00649895401786	SRR17140447	non-PMA	F6_S7	F6_S7	F6	S7	Lab overhead
ANT(3'')-IIA	1	0.000604005840973	SRR17140447	non-PMA	F6_S7	F6_S7	F6	S7	Lab overhead
ARNA	1	0.000239047628905	SRR17140447	non-PMA	F6_S7	F6_S7	F6	S7	Lab overhead
TET(K)	72	0.0248234557388	SRR17140447	non-PMA	F6_S7	F6_S7	F6	S7	Lab overhead
TET32	16	0.00396242955455	SRR17140447	non-PMA	F6_S7	F6_S7	F6	S7	Lab overhead
MARR	232	0.249754360801	SRR17140447	non-PMA	F6_S7	F6_S7	F6	S7	Lab overhead
TET(38)	1	0.000351665622966	SRR17140447	non-PMA	F6_S7	F6_S7	F6	S7	Lab overhead
TETB(48)	1	0.000583946606402	SRR17140447	non-PMA	F6_S7	F6_S7	F6	S7	Lab overhead
FARB	5	0.00155757411747	SRR17140447	non-PMA	F6_S7	F6_S7	F6	S7	Lab overhead
MUXB	2	0.000303450681371	SRR17140447	non-PMA	F6_S7	F6_S7	F6	S7	Lab overhead
PATB	48	0.0195772614847	SRR17140447	non-PMA	F6_S7	F6_S7	F6	S7	Lab overhead
RMTD	1	0.000640686357631	SRR17140447	non-PMA	F6_S7	F6_S7	F6	S7	Lab overhead
OPRN	1	0.000335274428676	SRR17140447	non-PMA	F6_S7	F6_S7	F6	S7	Lab overhead
ADER	1	0.000640686357631	SRR17140447	non-PMA	F6_S7	F6_S7	F6	S7	Lab overhead
ADES	1	0.000438364349958	SRR17140447	non-PMA	F6_S7	F6_S7	F6	S7	Lab overhead
MEXW	1	0.000155451405044	SRR17140447	non-PMA	F6_S7	F6_S7	F6	S7	Lab overhead
MEXT	2	0.00104111533115	SRR17140447	non-PMA	F6_S7	F6_S7	F6	S7	Lab overhead
RLMA(II)	30	0.0168350564186	SRR17140447	non-PMA	F6_S7	F6_S7	F6	S7	Lab overhead
CFXA2	7	0.00345092433752	SRR17140447	non-PMA	F6_S7	F6_S7	F6	S7	Lab overhead
VGAA	180	0.0545688035637	SRR17140447	non-PMA	F6_S7	F6_S7	F6	S7	Lab overhead
ADEF	1	0.000149432984263	SRR17140447	non-PMA	F6_S7	F6_S7	F6	S7	Lab overhead
MEPR	3	0.00341545748924	SRR17140447	non-PMA	F6_S7	F6_S7	F6	S7	Lab overhead
MEXK	4	0.00061755914277	SRR17140447	non-PMA	F6_S7	F6_S7	F6	S7	Lab overhead
ADEB	1	0.000152750511906	SRR17140447	non-PMA	F6_S7	F6_S7	F6	S7	Lab overhead
ADEC	3	0.00101225712368	SRR17140447	non-PMA	F6_S7	F6_S7	F6	S7	Lab overhead
ADEL	2	0.000939166352136	SRR17140447	non-PMA	F6_S7	F6_S7	F6	S7	Lab overhead
ADEN	1	0.000729260508456	SRR17140447	non-PMA	F6_S7	F6_S7	F6	S7	Lab overhead
MEXE	1	0.000398613426536	SRR17140447	non-PMA	F6_S7	F6_S7	F6	S7	Lab overhead
MEXB	9	0.00136161163768	SRR17140447	non-PMA	F6_S7	F6_S7	F6	S7	Lab overhead
ADEJ	3	0.000448722675808	SRR17140447	non-PMA	F6_S7	F6_S7	F6	S7	Lab overhead
ADEK	1	0.000326961839535	SRR17140447	non-PMA	F6_S7	F6_S7	F6	S7	Lab overhead
OQXB	1	0.000150713838414	SRR17140447	non-PMA	F6_S7	F6_S7	F6	S7	Lab overhead
SMEE	1	0.000152163009937	SRR17140447	non-PMA	F6_S7	F6_S7	F6	S7	Lab overhead
MACB	20	0.00491458168742	SRR17140447	non-PMA	F6_S7	F6_S7	F6	S7	Lab overhead
MACA	4	0.00170619439714	SRR17140447	non-PMA	F6_S7	F6_S7	F6	S7	Lab overhead
ERM(44)	20	0.0126095243295	SRR17140447	non-PMA	F6_S7	F6_S7	F6	S7	Lab overhead
SMER	6	0.00414627590397	SRR17140447	non-PMA	F6_S7	F6_S7	F6	S7	Lab overhead
PBP-1B	42	0.00809559107681	SRR17140447	non-PMA	F6_S7	F6_S7	F6	S7	Lab overhead
ACRS	1	0.000719316046977	SRR17140447	non-PMA	F6_S7	F6_S7	F6	S7	Lab overhead
PBP-1A	57	0.0125455121406	SRR17140447	non-PMA	F6_S7	F6_S7	F6	S7	Lab overhead
CATD	1	0.000746460048749	SRR17140447	non-PMA	F6_S7	F6_S7	F6	S7	Lab overhead
OPRM	4	0.00135256008833	SRR17140447	non-PMA	F6_S7	F6_S7	F6	S7	Lab overhead
RPOB2	1138	0.154981037454	SRR17140447	non-PMA	F6_S7	F6_S7	F6	S7	Lab overhead
ARLS	128	0.0449133922015	SRR17140447	non-PMA	F6_S7	F6_S7	F6	S7	Lab overhead
MEPA	66	0.0494998530905	SRR17140447	non-PMA	F6_S7	F6_S7	F6	S7	Lab overhead
DNA-BINDING_PROTEIN_H-NS	1	0.00115510606084	SRR17140447	non-PMA	F6_S7	F6_S7	F6	S7	Lab overhead
ACRB	6	0.000911225702504	SRR17140447	non-PMA	F6_S7	F6_S7	F6	S7	Lab overhead
TRANSCRIPTIONAL_REGULATORY_PROTEIN_CPXR_CPXR	3	0.00204633013364	SRR17140447	non-PMA	F6_S7	F6_S7	F6	S7	Lab overhead
TOLC	1	0.000319696020878	SRR17140447	non-PMA	F6_S7	F6_S7	F6	S7	Lab overhead
BLAZ	19	0.00609426125225	SRR17140449	non-PMA	F6_S6	F6_S6	F6	S6	PMM
LNUA	150	0.0839729034921	SRR17140449	non-PMA	F6_S6	F6_S6	F6	S6	PMM
OMPR	9	0.00355779933217	SRR17140449	non-PMA	F6_S6	F6_S6	F6	S6	PMM
BACA	454	0.149888044148	SRR17140449	non-PMA	F6_S6	F6_S6	F6	S6	PMM
ERM(TR)	26	0.00964363714727	SRR17140449	non-PMA	F6_S6	F6_S6	F6	S6	PMM
VATB	1	0.000425145832146	SRR17140449	non-PMA	F6_S6	F6_S6	F6	S6	PMM
OMPF	2	0.000513566475299	SRR17140449	non-PMA	F6_S6	F6_S6	F6	S6	PMM
MEPA	61	0.0260568052195	SRR17140449	non-PMA	F6_S6	F6_S6	F6	S6	PMM
CHLORAMPHENICOL_EXPORTER	55	0.0104362113744	SRR17140449	non-PMA	F6_S6	F6_S6	F6	S6	PMM
VGAA	221	0.0381588745741	SRR17140449	non-PMA	F6_S6	F6_S6	F6	S6	PMM
EPTA	3	0.000494319468455	SRR17140449	non-PMA	F6_S6	F6_S6	F6	S6	PMM
ABCA	8	0.000496589071156	SRR17140449	non-PMA	F6_S6	F6_S6	F6	S6	PMM
RBPA	16	0.012649953181	SRR17140449	non-PMA	F6_S6	F6_S6	F6	S6	PMM
MULTIDRUG_ABC_TRANSPORTER	505	0.0787475999819	SRR17140449	non-PMA	F6_S6	F6_S6	F6	S6	PMM
TET43	1	0.000173662652052	SRR17140449	non-PMA	F6_S6	F6_S6	F6	S6	PMM
MDFA	6	0.00131898902071	SRR17140449	non-PMA	F6_S6	F6_S6	F6	S6	PMM
PBP-2X	1818	0.21847734139	SRR17140449	non-PMA	F6_S6	F6_S6	F6	S6	PMM
MEXJ	1	0.000245588328106	SRR17140449	non-PMA	F6_S6	F6_S6	F6	S6	PMM
LMRD	324	0.0441124122635	SRR17140449	non-PMA	F6_S6	F6_S6	F6	S6	PMM
LMRC	187	0.0294658765203	SRR17140449	non-PMA	F6_S6	F6_S6	F6	S6	PMM
RAMA	1	0.000726862229152	SRR17140449	non-PMA	F6_S6	F6_S6	F6	S6	PMM
MEXK	12	0.00105519121656	SRR17140449	non-PMA	F6_S6	F6_S6	F6	S6	PMM
MPHC	242	0.0729487684696	SRR17140449	non-PMA	F6_S6	F6_S6	F6	S6	PMM
AXYY	3	0.000258749042339	SRR17140449	non-PMA	F6_S6	F6_S6	F6	S6	PMM
MTRD	12	0.00101365604215	SRR17140449	non-PMA	F6_S6	F6_S6	F6	S6	PMM
APH(6)-I	29	0.00982630291741	SRR17140449	non-PMA	F6_S6	F6_S6	F6	S6	PMM
MDTK	20	0.00380299225379	SRR17140449	non-PMA	F6_S6	F6_S6	F6	S6	PMM
VANRI	5	0.00194247664687	SRR17140449	non-PMA	F6_S6	F6_S6	F6	S6	PMM
FMTC	205	0.0219962355536	SRR17140449	non-PMA	F6_S6	F6_S6	F6	S6	PMM
MEXF	19	0.00161251168727	SRR17140449	non-PMA	F6_S6	F6_S6	F6	S6	PMM
MTRE	2	0.000385999642034	SRR17140449	non-PMA	F6_S6	F6_S6	F6	S6	PMM
MEFE	2	0.000447299833325	SRR17140449	non-PMA	F6_S6	F6_S6	F6	S6	PMM
CLASS_A	180	0.0540785498489	SRR17140449	non-PMA	F6_S6	F6_S6	F6	S6	PMM
MTRA	32	0.012649953181	SRR17140449	non-PMA	F6_S6	F6_S6	F6	S6	PMM
MEFA	1013	0.225438563774	SRR17140449	non-PMA	F6_S6	F6_S6	F6	S6	PMM
MTRC	2	0.000437528720461	SRR17140449	non-PMA	F6_S6	F6_S6	F6	S6	PMM
MEXB	21	0.00180951170623	SRR17140449	non-PMA	F6_S6	F6_S6	F6	S6	PMM
MSRE	21	0.00385488644544	SRR17140449	non-PMA	F6_S6	F6_S6	F6	S6	PMM
ROSA	3	0.000659494510353	SRR17140449	non-PMA	F6_S6	F6_S6	F6	S6	PMM
AMRB	5	0.000431248403899	SRR17140449	non-PMA	F6_S6	F6_S6	F6	S6	PMM
MSRA	535	0.0988115579549	SRR17140449	non-PMA	F6_S6	F6_S6	F6	S6	PMM
NORB	22	0.00425510764191	SRR17140449	non-PMA	F6_S6	F6_S6	F6	S6	PMM
NORA	360	0.0836266234777	SRR17140449	non-PMA	F6_S6	F6_S6	F6	S6	PMM
MTRR	1	0.000500727313416	SRR17140449	non-PMA	F6_S6	F6_S6	F6	S6	PMM
TETO	17	0.0023978491065	SRR17140449	non-PMA	F6_S6	F6_S6	F6	S6	PMM
MEXA	2	0.000470657526971	SRR17140449	non-PMA	F6_S6	F6_S6	F6	S6	PMM
VANSD	4	0.00154731186978	SRR17140449	non-PMA	F6_S6	F6_S6	F6	S6	PMM
ABES	2	0.00165377828284	SRR17140449	non-PMA	F6_S6	F6_S6	F6	S6	PMM
MAJOR_FACILITATOR_SUPERFAMILY_TRANSPORTER	478	0.110752128654	SRR17140449	non-PMA	F6_S6	F6_S6	F6	S6	PMM
CEOB	2	0.000175522719406	SRR17140449	non-PMA	F6_S6	F6_S6	F6	S6	PMM
ADC-23	1	0.000235328763485	SRR17140449	non-PMA	F6_S6	F6_S6	F6	S6	PMM
CAMP-REGULATORY_PROTEIN	84	0.0464478342261	SRR17140449	non-PMA	F6_S6	F6_S6	F6	S6	PMM
STAPHYLOCOCCUS_MUPA_CONFERRING_RESISTANCE_TO_MUPIROCIN	8	0.000704147784491	SRR17140449	non-PMA	F6_S6	F6_S6	F6	S6	PMM
AAC(6')-IE-APH(2'')-IA	8	0.00150531801946	SRR17140449	non-PMA	F6_S6	F6_S6	F6	S6	PMM
VANR	18	0.00708452618108	SRR17140449	non-PMA	F6_S6	F6_S6	F6	S6	PMM
ROSB	1	0.000165986954724	SRR17140449	non-PMA	F6_S6	F6_S6	F6	S6	PMM
ABEM	5	0.00100592540642	SRR17140449	non-PMA	F6_S6	F6_S6	F6	S6	PMM
DFRC	138	0.0772550712128	SRR17140449	non-PMA	F6_S6	F6_S6	F6	S6	PMM
DFRF	3	0.00164873627588	SRR17140449	non-PMA	F6_S6	F6_S6	F6	S6	PMM
LSA	3	0.000542957327801	SRR17140449	non-PMA	F6_S6	F6_S6	F6	S6	PMM
LSAC	28	0.00512940174719	SRR17140449	non-PMA	F6_S6	F6_S6	F6	S6	PMM
UGD	74	0.0171899170482	SRR17140449	non-PMA	F6_S6	F6_S6	F6	S6	PMM
MDTB	1	8.66643427066e-05	SRR17140449	non-PMA	F6_S6	F6_S6	F6	S6	PMM
MDTG	957	0.21456539057	SRR17140449	non-PMA	F6_S6	F6_S6	F6	S6	PMM
LLMA_23S_RIBOSOMAL_RNA_METHYLTRANSFERASE	1	0.00031404500493	SRR17140449	non-PMA	F6_S6	F6_S6	F6	S6	PMM
MSBA	61	0.00944671117063	SRR17140449	non-PMA	F6_S6	F6_S6	F6	S6	PMM
CPXA	2	0.000394446023698	SRR17140449	non-PMA	F6_S6	F6_S6	F6	S6	PMM
MDTL	5	0.00115256926362	SRR17140449	non-PMA	F6_S6	F6_S6	F6	S6	PMM
TETB(60)	40	0.00622666089222	SRR17140449	non-PMA	F6_S6	F6_S6	F6	S6	PMM
VANS	4	0.00080654063906	SRR17140449	non-PMA	F6_S6	F6_S6	F6	S6	PMM
MECR1	22	0.0060453663449	SRR17140449	non-PMA	F6_S6	F6_S6	F6	S6	PMM
VANU	6	0.00721047331319	SRR17140449	non-PMA	F6_S6	F6_S6	F6	S6	PMM
SHV	1	0.000315143064388	SRR17140449	non-PMA	F6_S6	F6_S6	F6	S6	PMM
OPMH	2	0.000373987205041	SRR17140449	non-PMA	F6_S6	F6_S6	F6	S6	PMM
TETC	2	0.000915034684415	SRR17140449	non-PMA	F6_S6	F6_S6	F6	S6	PMM
BCRA	2	0.000583371627281	SRR17140449	non-PMA	F6_S6	F6_S6	F6	S6	PMM
VAND	3	0.000788317053192	SRR17140449	non-PMA	F6_S6	F6_S6	F6	S6	PMM
APH(3')-I	34	0.0113079378528	SRR17140449	non-PMA	F6_S6	F6_S6	F6	S6	PMM
BLEOMYCIN_RESISTANCE_PROTEIN	1	0.000979683874075	SRR17140449	non-PMA	F6_S6	F6_S6	F6	S6	PMM
EFRB	104	0.0258939649369	SRR17140449	non-PMA	F6_S6	F6_S6	F6	S6	PMM
EFRA	9	0.00167253246955	SRR17140449	non-PMA	F6_S6	F6_S6	F6	S6	PMM
VANA	1	0.000265090930632	SRR17140449	non-PMA	F6_S6	F6_S6	F6	S6	PMM
TETA(60)	21	0.00326899696842	SRR17140449	non-PMA	F6_S6	F6_S6	F6	S6	PMM
MVAT	1	0.000726862229152	SRR17140449	non-PMA	F6_S6	F6_S6	F6	S6	PMM
BAER	3	0.00112663645519	SRR17140449	non-PMA	F6_S6	F6_S6	F6	S6	PMM
EMRR	1	0.00051210747963	SRR17140449	non-PMA	F6_S6	F6_S6	F6	S6	PMM
EMRB-QACA_FAMILY_MAJOR_FACILITATOR_TRANSPORTER	285	0.0534039733436	SRR17140449	non-PMA	F6_S6	F6_S6	F6	S6	PMM
PMRF	4	0.00111963871323	SRR17140449	non-PMA	F6_S6	F6_S6	F6	S6	PMM
BIFUNCTIONAL_AMINOGLYCOSIDE_N-ACETYLTRANSFERASE_AND_AMINOGLYCOSIDE_PHOSPHOTRANSFERASE	18	0.00330418838181	SRR17140449	non-PMA	F6_S6	F6_S6	F6	S6	PMM
STREPTOMYCIN_RESISTANCE_PROTEIN	1	0.000319613178776	SRR17140449	non-PMA	F6_S6	F6_S6	F6	S6	PMM
EMRA	25	0.00577762284711	SRR17140449	non-PMA	F6_S6	F6_S6	F6	S6	PMM
EMRB	195	0.034327204494	SRR17140449	non-PMA	F6_S6	F6_S6	F6	S6	PMM
ERM(33)	9	0.00333818208944	SRR17140449	non-PMA	F6_S6	F6_S6	F6	S6	PMM
APH(3'')-I	24	0.00795272791896	SRR17140449	non-PMA	F6_S6	F6_S6	F6	S6	PMM
ERMB	47	0.0172904207	SRR17140449	non-PMA	F6_S6	F6_S6	F6	S6	PMM
ERMC	176	0.0650124642993	SRR17140449	non-PMA	F6_S6	F6_S6	F6	S6	PMM
FOSB	60	0.038905431546	SRR17140449	non-PMA	F6_S6	F6_S6	F6	S6	PMM
ERMA	3	0.00094213501479	SRR17140449	non-PMA	F6_S6	F6_S6	F6	S6	PMM
ERMF	13	0.00440489441125	SRR17140449	non-PMA	F6_S6	F6_S6	F6	S6	PMM
ERMG	3	0.0011081670051	SRR17140449	non-PMA	F6_S6	F6_S6	F6	S6	PMM
HMRM	28	0.00543893461124	SRR17140449	non-PMA	F6_S6	F6_S6	F6	S6	PMM
ERMX	147	0.0523685561778	SRR17140449	non-PMA	F6_S6	F6_S6	F6	S6	PMM
TETW	50	0.00705249737206	SRR17140449	non-PMA	F6_S6	F6_S6	F6	S6	PMM
APH(3''')-III	7	0.00238983490494	SRR17140449	non-PMA	F6_S6	F6_S6	F6	S6	PMM
ESCHERICHIA_COLI_LAMB	1	0.000202087256536	SRR17140449	non-PMA	F6_S6	F6_S6	F6	S6	PMM
MECI	16	0.0117243468507	SRR17140449	non-PMA	F6_S6	F6_S6	F6	S6	PMM
TEM	2	0.000641501184448	SRR17140449	non-PMA	F6_S6	F6_S6	F6	S6	PMM
TETQ	72	0.009877360703	SRR17140449	non-PMA	F6_S6	F6_S6	F6	S6	PMM
TETP	17	0.00363949068659	SRR17140449	non-PMA	F6_S6	F6_S6	F6	S6	PMM
MECA	44	0.00593676694948	SRR17140449	non-PMA	F6_S6	F6_S6	F6	S6	PMM
TETR	1	0.000433321713533	SRR17140449	non-PMA	F6_S6	F6_S6	F6	S6	PMM
SUL2	4	0.00133034562974	SRR17140449	non-PMA	F6_S6	F6_S6	F6	S6	PMM
OXA	3	0.000979683874075	SRR17140449	non-PMA	F6_S6	F6_S6	F6	S6	PMM
TETM	2592	0.365601463767	SRR17140449	non-PMA	F6_S6	F6_S6	F6	S6	PMM
TETL	3	0.000590377181757	SRR17140449	non-PMA	F6_S6	F6_S6	F6	S6	PMM
PENA	5	0.000723362090007	SRR17140449	non-PMA	F6_S6	F6_S6	F6	S6	PMM
TETA	81	0.0173823910229	SRR17140449	non-PMA	F6_S6	F6_S6	F6	S6	PMM
QACB	426	0.0746999423983	SRR17140449	non-PMA	F6_S6	F6_S6	F6	S6	PMM
QACA	147	0.0257767406868	SRR17140449	non-PMA	F6_S6	F6_S6	F6	S6	PMM
TETB	133	0.0266386930737	SRR17140449	non-PMA	F6_S6	F6_S6	F6	S6	PMM
KDPE	4	0.00160232740293	SRR17140449	non-PMA	F6_S6	F6_S6	F6	S6	PMM
SDIA	2	0.000751090970124	SRR17140449	non-PMA	F6_S6	F6_S6	F6	S6	PMM
ERM(39)	1	0.000366385839085	SRR17140449	non-PMA	F6_S6	F6_S6	F6	S6	PMM
AADA	1	0.000342703104239	SRR17140449	non-PMA	F6_S6	F6_S6	F6	S6	PMM
TRIC	11	0.000976788256713	SRR17140449	non-PMA	F6_S6	F6_S6	F6	S6	PMM
CAT_CHLORAMPHENICOL_ACETYLTRANSFERASE	140	0.0586898990609	SRR17140449	non-PMA	F6_S6	F6_S6	F6	S6	PMM
AADD	10	0.00356248681482	SRR17140449	non-PMA	F6_S6	F6_S6	F6	S6	PMM
AADE	23	0.00874688218372	SRR17140449	non-PMA	F6_S6	F6_S6	F6	S6	PMM
BICYCLOMYCIN-MULTIDRUG_EFFLUX_PROTEIN_BCR	2	0.00045520664856	SRR17140449	non-PMA	F6_S6	F6_S6	F6	S6	PMM
KASUGAMYCIN_RESISTANCE_PROTEIN_KSGA	69	0.0227803415115	SRR17140449	non-PMA	F6_S6	F6_S6	F6	S6	PMM
ERM(43)	1	0.000370909121049	SRR17140449	non-PMA	F6_S6	F6_S6	F6	S6	PMM
FUSD	22	0.00930929653112	SRR17140449	non-PMA	F6_S6	F6_S6	F6	S6	PMM
TAEA	4	0.000556363681573	SRR17140449	non-PMA	F6_S6	F6_S6	F6	S6	PMM
FUSB	24	0.0101555962158	SRR17140449	non-PMA	F6_S6	F6_S6	F6	S6	PMM
CARO	2	0.000744883606735	SRR17140449	non-PMA	F6_S6	F6_S6	F6	S6	PMM
TRUNCATED_PUTATIVE_RESPONSE_REGULATOR_ARLR	220	0.0905424731109	SRR17140449	non-PMA	F6_S6	F6_S6	F6	S6	PMM
TET37	1	0.00083454552236	SRR17140449	non-PMA	F6_S6	F6_S6	F6	S6	PMM
TET35	7	0.0017098005824	SRR17140449	non-PMA	F6_S6	F6_S6	F6	S6	PMM
TET32	13	0.00183364931674	SRR17140449	non-PMA	F6_S6	F6_S6	F6	S6	PMM
TETA(46)	2	0.00031404500493	SRR17140449	non-PMA	F6_S6	F6_S6	F6	S6	PMM
TETB(46)	1	0.000155935841548	SRR17140449	non-PMA	F6_S6	F6_S6	F6	S6	PMM
MEL	1290	0.238745137937	SRR17140449	non-PMA	F6_S6	F6_S6	F6	S6	PMM
ANT(3'')-IIA	3	0.00103203339406	SRR17140449	non-PMA	F6_S6	F6_S6	F6	S6	PMM
ARNA	6	0.000816896523398	SRR17140449	non-PMA	F6_S6	F6_S6	F6	S6	PMM
TET(K)	39	0.00765818244048	SRR17140449	non-PMA	F6_S6	F6_S6	F6	S6	PMM
MARR	187	0.114656335848	SRR17140449	non-PMA	F6_S6	F6_S6	F6	S6	PMM
TET(38)	4	0.000801163701466	SRR17140449	non-PMA	F6_S6	F6_S6	F6	S6	PMM
CHRYSEOBACTERIUM_MENINGOSEPTICUM_BLAB	5	0.00180985775934	SRR17140449	non-PMA	F6_S6	F6_S6	F6	S6	PMM
MUXB	1	8.64150684707e-05	SRR17140449	non-PMA	F6_S6	F6_S6	F6	S6	PMM
OPRM	3	0.000577762284711	SRR17140449	non-PMA	F6_S6	F6_S6	F6	S6	PMM
PATB	985	0.228811733682	SRR17140449	non-PMA	F6_S6	F6_S6	F6	S6	PMM
MUXA	2	0.000423149842323	SRR17140449	non-PMA	F6_S6	F6_S6	F6	S6	PMM
CMEB	1	8.66643427066e-05	SRR17140449	non-PMA	F6_S6	F6_S6	F6	S6	PMM
OPRN	1	0.000190955331388	SRR17140449	non-PMA	F6_S6	F6_S6	F6	S6	PMM
ADER	3	0.00109470748682	SRR17140449	non-PMA	F6_S6	F6_S6	F6	S6	PMM
ADES	2	0.000499340257146	SRR17140449	non-PMA	F6_S6	F6_S6	F6	S6	PMM
MEXW	1	8.85372459871e-05	SRR17140449	non-PMA	F6_S6	F6_S6	F6	S6	PMM
MEXT	24	0.00711559866433	SRR17140449	non-PMA	F6_S6	F6_S6	F6	S6	PMM
RLMA(II)	1004	0.320891631491	SRR17140449	non-PMA	F6_S6	F6_S6	F6	S6	PMM
CFXA2	5	0.00140390835537	SRR17140449	non-PMA	F6_S6	F6_S6	F6	S6	PMM
TET(40)	1	0.000221997331071	SRR17140449	non-PMA	F6_S6	F6_S6	F6	S6	PMM
ADEF	8	0.000680875666968	SRR17140449	non-PMA	F6_S6	F6_S6	F6	S6	PMM
MEPR	2	0.0012968477182	SRR17140449	non-PMA	F6_S6	F6_S6	F6	S6	PMM
ADEA	8	0.0050422890302	SRR17140449	non-PMA	F6_S6	F6_S6	F6	S6	PMM
ADEB	20	0.00173997908137	SRR17140449	non-PMA	F6_S6	F6_S6	F6	S6	PMM
ADEL	5	0.00133725395274	SRR17140449	non-PMA	F6_S6	F6_S6	F6	S6	PMM
MEXD	1	8.64150684707e-05	SRR17140449	non-PMA	F6_S6	F6_S6	F6	S6	PMM
MEXE	3	0.000681090048475	SRR17140449	non-PMA	F6_S6	F6_S6	F6	S6	PMM
ADEH	10	0.00186606452205	SRR17140449	non-PMA	F6_S6	F6_S6	F6	S6	PMM
ADEI	9	0.0019499477109	SRR17140449	non-PMA	F6_S6	F6_S6	F6	S6	PMM
ADEJ	24	0.00204455765024	SRR17140449	non-PMA	F6_S6	F6_S6	F6	S6	PMM
ADEK	11	0.00204842991852	SRR17140449	non-PMA	F6_S6	F6_S6	F6	S6	PMM
OQXB	6	0.000515033808085	SRR17140449	non-PMA	F6_S6	F6_S6	F6	S6	PMM
AAC(3)-IV	1	0.000345329181666	SRR17140449	non-PMA	F6_S6	F6_S6	F6	S6	PMM
MACB	184	0.0257516904043	SRR17140449	non-PMA	F6_S6	F6_S6	F6	S6	PMM
MACA	17	0.0041299880837	SRR17140449	non-PMA	F6_S6	F6_S6	F6	S6	PMM
ERM(44)	8	0.00287269853115	SRR17140449	non-PMA	F6_S6	F6_S6	F6	S6	PMM
SMER	7	0.00275509351487	SRR17140449	non-PMA	F6_S6	F6_S6	F6	S6	PMM
PBP-1B	1252	0.137446902986	SRR17140449	non-PMA	F6_S6	F6_S6	F6	S6	PMM
PBP-1A	2266	0.284056546031	SRR17140449	non-PMA	F6_S6	F6_S6	F6	S6	PMM
MEXX	2	0.00045520664856	SRR17140449	non-PMA	F6_S6	F6_S6	F6	S6	PMM
RPOB2	1194	0.0926130070563	SRR17140449	non-PMA	F6_S6	F6_S6	F6	S6	PMM
TETA(48)	3	0.000788317053192	SRR17140449	non-PMA	F6_S6	F6_S6	F6	S6	PMM
ARLS	71	0.0141891243137	SRR17140449	non-PMA	F6_S6	F6_S6	F6	S6	PMM
DFRG	3	0.00163874393482	SRR17140449	non-PMA	F6_S6	F6_S6	F6	S6	PMM
DNA-BINDING_PROTEIN_H-NS	3	0.00197366970252	SRR17140449	non-PMA	F6_S6	F6_S6	F6	S6	PMM
ACRB	35	0.00302743001394	SRR17140449	non-PMA	F6_S6	F6_S6	F6	S6	PMM
ACRA	1	0.00022589202109	SRR17140449	non-PMA	F6_S6	F6_S6	F6	S6	PMM
TRANSCRIPTIONAL_REGULATORY_PROTEIN_CPXR_CPXR	64	0.02486370108	SRR17140449	non-PMA	F6_S6	F6_S6	F6	S6	PMM
KLEBSIELLA_PNEUMONIAE_OMPK36	1	0.000245588328106	SRR17140449	non-PMA	F6_S6	F6_S6	F6	S6	PMM
QACG	19	0.0160045552512	SRR17140449	non-PMA	F6_S6	F6_S6	F6	S6	PMM
TOLC	6	0.00109249595654	SRR17140449	non-PMA	F6_S6	F6_S6	F6	S6	PMM
BLAZ	2	0.000579825396433	SRR17140451	non-PMA	F6_S5	F6_S5	F6	S5	Overhead 4
LNUA	17	0.00860194384709	SRR17140451	non-PMA	F6_S5	F6_S5	F6	S5	Overhead 4
LNUC	2	0.000993481319499	SRR17140451	non-PMA	F6_S5	F6_S5	F6	S5	Overhead 4
BACA	213	0.0635609696936	SRR17140451	non-PMA	F6_S5	F6_S5	F6	S5	Overhead 4
ERM(TR)	4	0.0013409953613	SRR17140451	non-PMA	F6_S5	F6_S5	F6	S5	Overhead 4
COB(I)ALAMIN_ADENOLSYLTRANSFERASE	6	0.00249384086323	SRR17140451	non-PMA	F6_S5	F6_S5	F6	S5	Overhead 4
OMPF	13	0.00301723956292	SRR17140451	non-PMA	F6_S5	F6_S5	F6	S5	Overhead 4
VATF	8	0.00294897622439	SRR17140451	non-PMA	F6_S5	F6_S5	F6	S5	Overhead 4
CHLORAMPHENICOL_EXPORTER	11	0.00188656873724	SRR17140451	non-PMA	F6_S5	F6_S5	F6	S5	Overhead 4
BPEF	1	7.67817796408e-05	SRR17140451	non-PMA	F6_S5	F6_S5	F6	S5	Overhead 4
VGAA	77	0.0120169368799	SRR17140451	non-PMA	F6_S5	F6_S5	F6	S5	Overhead 4
EPTA	5	0.00074465693052	SRR17140451	non-PMA	F6_S5	F6_S5	F6	S5	Overhead 4
APH(3'')-I	1	0.00029950539779	SRR17140451	non-PMA	F6_S5	F6_S5	F6	S5	Overhead 4
RBPA	9	0.00643148433149	SRR17140451	non-PMA	F6_S5	F6_S5	F6	S5	Overhead 4
OMPR	56	0.0200090623646	SRR17140451	non-PMA	F6_S5	F6_S5	F6	S5	Overhead 4
MULTIDRUG_ABC_TRANSPORTER	176	0.0248060941228	SRR17140451	non-PMA	F6_S5	F6_S5	F6	S5	Overhead 4
TET44	1	0.000127289794061	SRR17140451	non-PMA	F6_S5	F6_S5	F6	S5	Overhead 4
TET40	4	0.000802615450235	SRR17140451	non-PMA	F6_S5	F6_S5	F6	S5	Overhead 4
LMRP	38	0.00762484677724	SRR17140451	non-PMA	F6_S5	F6_S5	F6	S5	Overhead 4
MDFA	7	0.0013908738473	SRR17140451	non-PMA	F6_S5	F6_S5	F6	S5	Overhead 4
PBP-2X	143	0.0155327492699	SRR17140451	non-PMA	F6_S5	F6_S5	F6	S5	Overhead 4
VANVB	4	0.00285843748066	SRR17140451	non-PMA	F6_S5	F6_S5	F6	S5	Overhead 4
OPTRA	1	0.000124374760609	SRR17140451	non-PMA	F6_S5	F6_S5	F6	S5	Overhead 4
LMRD	197	0.0242427450682	SRR17140451	non-PMA	F6_S5	F6_S5	F6	S5	Overhead 4
LMRC	149	0.0212208999329	SRR17140451	non-PMA	F6_S5	F6_S5	F6	S5	Overhead 4
RAMA	2	0.0013139591645	SRR17140451	non-PMA	F6_S5	F6_S5	F6	S5	Overhead 4
MPHC	51	0.013895447753	SRR17140451	non-PMA	F6_S5	F6_S5	F6	S5	Overhead 4
AXYY	4	0.000311829543345	SRR17140451	non-PMA	F6_S5	F6_S5	F6	S5	Overhead 4
VANYG1	1	0.000291990925444	SRR17140451	non-PMA	F6_S5	F6_S5	F6	S5	Overhead 4
MTRD	510	0.0389385086986	SRR17140451	non-PMA	F6_S5	F6_S5	F6	S5	Overhead 4
MDTK	221	0.0379828448775	SRR17140451	non-PMA	F6_S5	F6_S5	F6	S5	Overhead 4
VANRI	1	0.000351144259478	SRR17140451	non-PMA	F6_S5	F6_S5	F6	S5	Overhead 4
FMTC	66	0.00640085821563	SRR17140451	non-PMA	F6_S5	F6_S5	F6	S5	Overhead 4
MTRE	130	0.0226777534601	SRR17140451	non-PMA	F6_S5	F6_S5	F6	S5	Overhead 4
CLASS_C	2	0.000417771631789	SRR17140451	non-PMA	F6_S5	F6_S5	F6	S5	Overhead 4
CLASS_A	69	0.0187370576857	SRR17140451	non-PMA	F6_S5	F6_S5	F6	S5	Overhead 4
MTRA	12	0.00428765622099	SRR17140451	non-PMA	F6_S5	F6_S5	F6	S5	Overhead 4
MEFA	140	0.0281609025873	SRR17140451	non-PMA	F6_S5	F6_S5	F6	S5	Overhead 4
MTRC	113	0.022343684239	SRR17140451	non-PMA	F6_S5	F6_S5	F6	S5	Overhead 4
MDSB	2	0.000154436906538	SRR17140451	non-PMA	F6_S5	F6_S5	F6	S5	Overhead 4
MEXB	27	0.00210283713324	SRR17140451	non-PMA	F6_S5	F6_S5	F6	S5	Overhead 4
MSRE	4	0.000663669802028	SRR17140451	non-PMA	F6_S5	F6_S5	F6	S5	Overhead 4
ROSA	4	0.000794785055599	SRR17140451	non-PMA	F6_S5	F6_S5	F6	S5	Overhead 4
AMRB	10	0.000779573858363	SRR17140451	non-PMA	F6_S5	F6_S5	F6	S5	Overhead 4
MSRA	92	0.0153582440047	SRR17140451	non-PMA	F6_S5	F6_S5	F6	S5	Overhead 4
NORB	4	0.000699274405141	SRR17140451	non-PMA	F6_S5	F6_S5	F6	S5	Overhead 4
NORA	87	0.0182667415807	SRR17140451	non-PMA	F6_S5	F6_S5	F6	S5	Overhead 4
MTRR	48	0.021724124853	SRR17140451	non-PMA	F6_S5	F6_S5	F6	S5	Overhead 4
TETO	37	0.00471709283781	SRR17140451	non-PMA	F6_S5	F6_S5	F6	S5	Overhead 4
APH(2'')-IF	12	0.00329153406864	SRR17140451	non-PMA	F6_S5	F6_S5	F6	S5	Overhead 4
MEXA	3	0.000638110716963	SRR17140451	non-PMA	F6_S5	F6_S5	F6	S5	Overhead 4
VANSD	7	0.00244746041799	SRR17140451	non-PMA	F6_S5	F6_S5	F6	S5	Overhead 4
CRP	1	0.000387930800947	SRR17140451	non-PMA	F6_S5	F6_S5	F6	S5	Overhead 4
APH(3''')-III	2	0.00061716263787	SRR17140451	non-PMA	F6_S5	F6_S5	F6	S5	Overhead 4
MAJOR_FACILITATOR_SUPERFAMILY_TRANSPORTER	177	0.0370678351445	SRR17140451	non-PMA	F6_S5	F6_S5	F6	S5	Overhead 4
CEOB	1	7.93237275549e-05	SRR17140451	non-PMA	F6_S5	F6_S5	F6	S5	Overhead 4
ADC-23	1	0.000212703572321	SRR17140451	non-PMA	F6_S5	F6_S5	F6	S5	Overhead 4
CAMP-REGULATORY_PROTEIN	108	0.0539771200336	SRR17140451	non-PMA	F6_S5	F6_S5	F6	S5	Overhead 4
STAPHYLOCOCCUS_MUPA_CONFERRING_RESISTANCE_TO_MUPIROCIN	7	0.000556892849016	SRR17140451	non-PMA	F6_S5	F6_S5	F6	S5	Overhead 4
AAC(6')-IE-APH(2'')-IA	6	0.00102044427807	SRR17140451	non-PMA	F6_S5	F6_S5	F6	S5	Overhead 4
VANR	54	0.0192101977412	SRR17140451	non-PMA	F6_S5	F6_S5	F6	S5	Overhead 4
TET(W/N/W)	4	0.000509955982466	SRR17140451	non-PMA	F6_S5	F6_S5	F6	S5	Overhead 4
ROSB	52	0.00780148130081	SRR17140451	non-PMA	F6_S5	F6_S5	F6	S5	Overhead 4
CMLA	4	0.000777713300228	SRR17140451	non-PMA	F6_S5	F6_S5	F6	S5	Overhead 4
DFRC	38	0.0192278744817	SRR17140451	non-PMA	F6_S5	F6_S5	F6	S5	Overhead 4
MEXY	4	0.000311829543345	SRR17140451	non-PMA	F6_S5	F6_S5	F6	S5	Overhead 4
DFRF	8	0.00397392527799	SRR17140451	non-PMA	F6_S5	F6_S5	F6	S5	Overhead 4
BJP-1	1	0.000277093429248	SRR17140451	non-PMA	F6_S5	F6_S5	F6	S5	Overhead 4
LSAC	69	0.0114250351742	SRR17140451	non-PMA	F6_S5	F6_S5	F6	S5	Overhead 4
LSAE	9	0.00148418869188	SRR17140451	non-PMA	F6_S5	F6_S5	F6	S5	Overhead 4
UGD	177	0.0371633708021	SRR17140451	non-PMA	F6_S5	F6_S5	F6	S5	Overhead 4
MDTC	9	0.000715306550039	SRR17140451	non-PMA	F6_S5	F6_S5	F6	S5	Overhead 4
MDTB	36	0.00281995851458	SRR17140451	non-PMA	F6_S5	F6_S5	F6	S5	Overhead 4
MDTA	5	0.000981511665047	SRR17140451	non-PMA	F6_S5	F6_S5	F6	S5	Overhead 4
MDTG	63	0.0127669763595	SRR17140451	non-PMA	F6_S5	F6_S5	F6	S5	Overhead 4
MDTF	2	0.000157117585726	SRR17140451	non-PMA	F6_S5	F6_S5	F6	S5	Overhead 4
MDTE	7	0.00148119033089	SRR17140451	non-PMA	F6_S5	F6_S5	F6	S5	Overhead 4
MDTD	23	0.00397814388232	SRR17140451	non-PMA	F6_S5	F6_S5	F6	S5	Overhead 4
LLMA_23S_RIBOSOMAL_RNA_METHYLTRANSFERASE	2	0.000567703611142	SRR17140451	non-PMA	F6_S5	F6_S5	F6	S5	Overhead 4
MDTH	43	0.00871396799142	SRR17140451	non-PMA	F6_S5	F6_S5	F6	S5	Overhead 4
CPXA	25	0.00445653545946	SRR17140451	non-PMA	F6_S5	F6_S5	F6	S5	Overhead 4
MDTM	3	0.000596088791699	SRR17140451	non-PMA	F6_S5	F6_S5	F6	S5	Overhead 4
MDTL	2	0.000416703162143	SRR17140451	non-PMA	F6_S5	F6_S5	F6	S5	Overhead 4
TETB(60)	1	0.000140700290499	SRR17140451	non-PMA	F6_S5	F6_S5	F6	S5	Overhead 4
VANS	27	0.00492073297846	SRR17140451	non-PMA	F6_S5	F6_S5	F6	S5	Overhead 4
MECR1	5	0.00124185164937	SRR17140451	non-PMA	F6_S5	F6_S5	F6	S5	Overhead 4
VANU	4	0.00434482497061	SRR17140451	non-PMA	F6_S5	F6_S5	F6	S5	Overhead 4
TETC	4	0.0016541211817	SRR17140451	non-PMA	F6_S5	F6_S5	F6	S5	Overhead 4
BCRA	5	0.00131821145953	SRR17140451	non-PMA	F6_S5	F6_S5	F6	S5	Overhead 4
VAND	6	0.00142505192185	SRR17140451	non-PMA	F6_S5	F6_S5	F6	S5	Overhead 4
VANG	1	0.000320730189759	SRR17140451	non-PMA	F6_S5	F6_S5	F6	S5	Overhead 4
APH(3')-I	5	0.0015030529188	SRR17140451	non-PMA	F6_S5	F6_S5	F6	S5	Overhead 4
BLEOMYCIN_RESISTANCE_PROTEIN	3	0.00265648265866	SRR17140451	non-PMA	F6_S5	F6_S5	F6	S5	Overhead 4
EFRB	46	0.0103519655722	SRR17140451	non-PMA	F6_S5	F6_S5	F6	S5	Overhead 4
EFRA	7	0.00117579026266	SRR17140451	non-PMA	F6_S5	F6_S5	F6	S5	Overhead 4
VANA	1	0.000239604318232	SRR17140451	non-PMA	F6_S5	F6_S5	F6	S5	Overhead 4
TETA(60)	6	0.000844201742994	SRR17140451	non-PMA	F6_S5	F6_S5	F6	S5	Overhead 4
MVAT	2	0.0013139591645	SRR17140451	non-PMA	F6_S5	F6_S5	F6	S5	Overhead 4
BAER	13	0.00441271286077	SRR17140451	non-PMA	F6_S5	F6_S5	F6	S5	Overhead 4
BAES	7	0.0012211098017	SRR17140451	non-PMA	F6_S5	F6_S5	F6	S5	Overhead 4
EMRR	7	0.00324010384882	SRR17140451	non-PMA	F6_S5	F6_S5	F6	S5	Overhead 4
EMRB-QACA_FAMILY_MAJOR_FACILITATOR_TRANSPORTER	70	0.0118556814427	SRR17140451	non-PMA	F6_S5	F6_S5	F6	S5	Overhead 4
MUXC	2	0.000157269243627	SRR17140451	non-PMA	F6_S5	F6_S5	F6	S5	Overhead 4
BIFUNCTIONAL_AMINOGLYCOSIDE_N-ACETYLTRANSFERASE_AND_AMINOGLYCOSIDE_PHOSPHOTRANSFERASE	13	0.00215692685659	SRR17140451	non-PMA	F6_S5	F6_S5	F6	S5	Overhead 4
TETQ	256	0.0317430134839	SRR17140451	non-PMA	F6_S5	F6_S5	F6	S5	Overhead 4
STREPTOMYCIN_RESISTANCE_PROTEIN	4	0.00115553855601	SRR17140451	non-PMA	F6_S5	F6_S5	F6	S5	Overhead 4
EMRA	25	0.00522214539736	SRR17140451	non-PMA	F6_S5	F6_S5	F6	S5	Overhead 4
EMRB	100	0.0159112242576	SRR17140451	non-PMA	F6_S5	F6_S5	F6	S5	Overhead 4
EMRD	5	0.00103382573856	SRR17140451	non-PMA	F6_S5	F6_S5	F6	S5	Overhead 4
EMRE	2	0.00130344749118	SRR17140451	non-PMA	F6_S5	F6_S5	F6	S5	Overhead 4
ERM(33)	1	0.000335248840325	SRR17140451	non-PMA	F6_S5	F6_S5	F6	S5	Overhead 4
ABCA	608	0.0341122621659	SRR17140451	non-PMA	F6_S5	F6_S5	F6	S5	Overhead 4
ERMB	81	0.0269334813229	SRR17140451	non-PMA	F6_S5	F6_S5	F6	S5	Overhead 4
ERMC	57	0.0190308675711	SRR17140451	non-PMA	F6_S5	F6_S5	F6	S5	Overhead 4
FOSB	4	0.00234433002011	SRR17140451	non-PMA	F6_S5	F6_S5	F6	S5	Overhead 4
ERMF	35	0.0107191405525	SRR17140451	non-PMA	F6_S5	F6_S5	F6	S5	Overhead 4
ERMG	5	0.00166937434834	SRR17140451	non-PMA	F6_S5	F6_S5	F6	S5	Overhead 4
HMRM	35	0.00614502454086	SRR17140451	non-PMA	F6_S5	F6_S5	F6	S5	Overhead 4
ERMX	23	0.00740595165444	SRR17140451	non-PMA	F6_S5	F6_S5	F6	S5	Overhead 4
TETW	206	0.026262733097	SRR17140451	non-PMA	F6_S5	F6_S5	F6	S5	Overhead 4
ADC-44	1	0.000212703572321	SRR17140451	non-PMA	F6_S5	F6_S5	F6	S5	Overhead 4
ESCHERICHIA_COLI_LAMB	9	0.00164392200401	SRR17140451	non-PMA	F6_S5	F6_S5	F6	S5	Overhead 4
TETX	4	0.000844201742994	SRR17140451	non-PMA	F6_S5	F6_S5	F6	S5	Overhead 4
OPMH	1	0.000169015494189	SRR17140451	non-PMA	F6_S5	F6_S5	F6	S5	Overhead 4
OPMB	2	0.000327170555016	SRR17140451	non-PMA	F6_S5	F6_S5	F6	S5	Overhead 4
TETP	1	0.000193504675057	SRR17140451	non-PMA	F6_S5	F6_S5	F6	S5	Overhead 4
MECA	9	0.0010975886434	SRR17140451	non-PMA	F6_S5	F6_S5	F6	S5	Overhead 4
TETR	8	0.00313328723842	SRR17140451	non-PMA	F6_S5	F6_S5	F6	S5	Overhead 4
SUL2	2	0.000601221167519	SRR17140451	non-PMA	F6_S5	F6_S5	F6	S5	Overhead 4
OXA	22	0.00649362427672	SRR17140451	non-PMA	F6_S5	F6_S5	F6	S5	Overhead 4
TETM	254	0.0323822048866	SRR17140451	non-PMA	F6_S5	F6_S5	F6	S5	Overhead 4
PENA	259	0.0338676665546	SRR17140451	non-PMA	F6_S5	F6_S5	F6	S5	Overhead 4
TETA	69	0.0133836126327	SRR17140451	non-PMA	F6_S5	F6_S5	F6	S5	Overhead 4
QACB	88	0.0139473953337	SRR17140451	non-PMA	F6_S5	F6_S5	F6	S5	Overhead 4
QACA	10	0.00158493128792	SRR17140451	non-PMA	F6_S5	F6_S5	F6	S5	Overhead 4
TETB	15	0.00271551560663	SRR17140451	non-PMA	F6_S5	F6_S5	F6	S5	Overhead 4
KDPE	18	0.00651723745591	SRR17140451	non-PMA	F6_S5	F6_S5	F6	S5	Overhead 4
TETD	4	0.000827060590852	SRR17140451	non-PMA	F6_S5	F6_S5	F6	S5	Overhead 4
SDIA	3	0.00101831835249	SRR17140451	non-PMA	F6_S5	F6_S5	F6	S5	Overhead 4
AADA	1	0.000309754631935	SRR17140451	non-PMA	F6_S5	F6_S5	F6	S5	Overhead 4
TRIC	15	0.00120392317535	SRR17140451	non-PMA	F6_S5	F6_S5	F6	S5	Overhead 4
CAT_CHLORAMPHENICOL_ACETYLTRANSFERASE	4	0.00151563661765	SRR17140451	non-PMA	F6_S5	F6_S5	F6	S5	Overhead 4
AADD	8	0.00257598318415	SRR17140451	non-PMA	F6_S5	F6_S5	F6	S5	Overhead 4
AADE	50	0.0171868076369	SRR17140451	non-PMA	F6_S5	F6_S5	F6	S5	Overhead 4
BICYCLOMYCIN-MULTIDRUG_EFFLUX_PROTEIN_BCR	17	0.00349725494793	SRR17140451	non-PMA	F6_S5	F6_S5	F6	S5	Overhead 4
KASUGAMYCIN_RESISTANCE_PROTEIN_KSGA	54	0.0161140486547	SRR17140451	non-PMA	F6_S5	F6_S5	F6	S5	Overhead 4
FUSD	2	0.000764933973698	SRR17140451	non-PMA	F6_S5	F6_S5	F6	S5	Overhead 4
TAEA	2	0.000251436630243	SRR17140451	non-PMA	F6_S5	F6_S5	F6	S5	Overhead 4
FUSB	3	0.00114740096055	SRR17140451	non-PMA	F6_S5	F6_S5	F6	S5	Overhead 4
CARO	1	0.000336634166111	SRR17140451	non-PMA	F6_S5	F6_S5	F6	S5	Overhead 4
TRUNCATED_PUTATIVE_RESPONSE_REGULATOR_ARLR	55	0.0204593641595	SRR17140451	non-PMA	F6_S5	F6_S5	F6	S5	Overhead 4
TET35	5	0.00110386813278	SRR17140451	non-PMA	F6_S5	F6_S5	F6	S5	Overhead 4
TET34	2	0.00105799309349	SRR17140451	non-PMA	F6_S5	F6_S5	F6	S5	Overhead 4
PDC	1	0.000220773626555	SRR17140451	non-PMA	F6_S5	F6_S5	F6	S5	Overhead 4
SAT-4	1	0.000452585934438	SRR17140451	non-PMA	F6_S5	F6_S5	F6	S5	Overhead 4
TETA(46)	36	0.00510933250028	SRR17140451	non-PMA	F6_S5	F6_S5	F6	S5	Overhead 4
TETB(46)	40	0.00563774866428	SRR17140451	non-PMA	F6_S5	F6_S5	F6	S5	Overhead 4
MEL	167	0.0279357971031	SRR17140451	non-PMA	F6_S5	F6_S5	F6	S5	Overhead 4
RPOB2	1516	0.106283691729	SRR17140451	non-PMA	F6_S5	F6_S5	F6	S5	Overhead 4
ARNA	37	0.00455320592652	SRR17140451	non-PMA	F6_S5	F6_S5	F6	S5	Overhead 4
TET(K)	6	0.00106490808103	SRR17140451	non-PMA	F6_S5	F6_S5	F6	S5	Overhead 4
TET32	106	0.0135138335353	SRR17140451	non-PMA	F6_S5	F6_S5	F6	S5	Overhead 4
MARR	25	0.0138546714624	SRR17140451	non-PMA	F6_S5	F6_S5	F6	S5	Overhead 4
FARA	1	0.000212149656768	SRR17140451	non-PMA	F6_S5	F6_S5	F6	S5	Overhead 4
FARB	171	0.0274224312244	SRR17140451	non-PMA	F6_S5	F6_S5	F6	S5	Overhead 4
MUXB	10	0.000781068726739	SRR17140451	non-PMA	F6_S5	F6_S5	F6	S5	Overhead 4
OPRM	5	0.000870357566227	SRR17140451	non-PMA	F6_S5	F6_S5	F6	S5	Overhead 4
PMRF	10	0.00252998348444	SRR17140451	non-PMA	F6_S5	F6_S5	F6	S5	Overhead 4
PATA	25	0.0044371170043	SRR17140451	non-PMA	F6_S5	F6_S5	F6	S5	Overhead 4
PATB	79	0.0165870412054	SRR17140451	non-PMA	F6_S5	F6_S5	F6	S5	Overhead 4
AAC(6')-IB8	2	0.000724137495101	SRR17140451	non-PMA	F6_S5	F6_S5	F6	S5	Overhead 4
YOJI	11	0.00163824524714	SRR17140451	non-PMA	F6_S5	F6_S5	F6	S5	Overhead 4
CMEB	6	0.000469993085763	SRR17140451	non-PMA	F6_S5	F6_S5	F6	S5	Overhead 4
SERRATIA_MARCESCENS_OMP1	2	0.000435644214967	SRR17140451	non-PMA	F6_S5	F6_S5	F6	S5	Overhead 4
OPRN	2	0.00034519266186	SRR17140451	non-PMA	F6_S5	F6_S5	F6	S5	Overhead 4
ADER	1	0.000329819709307	SRR17140451	non-PMA	F6_S5	F6_S5	F6	S5	Overhead 4
MEPA	9	0.00347483039711	SRR17140451	non-PMA	F6_S5	F6_S5	F6	S5	Overhead 4
MEXW	2	0.000160050035754	SRR17140451	non-PMA	F6_S5	F6_S5	F6	S5	Overhead 4
MEXT	9	0.00241180662431	SRR17140451	non-PMA	F6_S5	F6_S5	F6	S5	Overhead 4
RLMA(II)	80	0.0231107711203	SRR17140451	non-PMA	F6_S5	F6_S5	F6	S5	Overhead 4
CFXA3	2	0.000507573010585	SRR17140451	non-PMA	F6_S5	F6_S5	F6	S5	Overhead 4
CFXA2	113	0.028677875098	SRR17140451	non-PMA	F6_S5	F6_S5	F6	S5	Overhead 4
MEXQ	1	7.7365116998e-05	SRR17140451	non-PMA	F6_S5	F6_S5	F6	S5	Overhead 4
MEXN	1	7.86346218136e-05	SRR17140451	non-PMA	F6_S5	F6_S5	F6	S5	Overhead 4
MSBA	82	0.0114779525641	SRR17140451	non-PMA	F6_S5	F6_S5	F6	S5	Overhead 4
ADEF	4	0.000307707150893	SRR17140451	non-PMA	F6_S5	F6_S5	F6	S5	Overhead 4
ACRA	7	0.00142921874033	SRR17140451	non-PMA	F6_S5	F6_S5	F6	S5	Overhead 4
MEPR	1	0.000586082505028	SRR17140451	non-PMA	F6_S5	F6_S5	F6	S5	Overhead 4
MEXK	10	0.000794785055599	SRR17140451	non-PMA	F6_S5	F6_S5	F6	S5	Overhead 4
ADEB	13	0.00102225008358	SRR17140451	non-PMA	F6_S5	F6_S5	F6	S5	Overhead 4
MEXF	16	0.00122735168661	SRR17140451	non-PMA	F6_S5	F6_S5	F6	S5	Overhead 4
TRANSCRIPTIONAL_REGULATORY_PROTEIN_CPXR_CPXR	48	0.0168549244549	SRR17140451	non-PMA	F6_S5	F6_S5	F6	S5	Overhead 4
MEXD	6	0.000468641236043	SRR17140451	non-PMA	F6_S5	F6_S5	F6	S5	Overhead 4
MEXE	16	0.00328324305084	SRR17140451	non-PMA	F6_S5	F6_S5	F6	S5	Overhead 4
ADEH	4	0.000674662262517	SRR17140451	non-PMA	F6_S5	F6_S5	F6	S5	Overhead 4
ADEI	4	0.000783321809605	SRR17140451	non-PMA	F6_S5	F6_S5	F6	S5	Overhead 4
ADEJ	5	0.000384997486762	SRR17140451	non-PMA	F6_S5	F6_S5	F6	S5	Overhead 4
ADEK	2	0.000336634166111	SRR17140451	non-PMA	F6_S5	F6_S5	F6	S5	Overhead 4
OQXA	5	0.00104175790536	SRR17140451	non-PMA	F6_S5	F6_S5	F6	S5	Overhead 4
OQXB	14	0.00108620624265	SRR17140451	non-PMA	F6_S5	F6_S5	F6	S5	Overhead 4
ACRD	55	0.00432073360746	SRR17140451	non-PMA	F6_S5	F6_S5	F6	S5	Overhead 4
SMEF	1	0.000171868076369	SRR17140451	non-PMA	F6_S5	F6_S5	F6	S5	Overhead 4
SMEB	1	7.76601222106e-05	SRR17140451	non-PMA	F6_S5	F6_S5	F6	S5	Overhead 4
MACB	433	0.0547741424381	SRR17140451	non-PMA	F6_S5	F6_S5	F6	S5	Overhead 4
MACA	146	0.0320591869462	SRR17140451	non-PMA	F6_S5	F6_S5	F6	S5	Overhead 4
SMER	15	0.00533616603923	SRR17140451	non-PMA	F6_S5	F6_S5	F6	S5	Overhead 4
PBP-1B	143	0.0141894786266	SRR17140451	non-PMA	F6_S5	F6_S5	F6	S5	Overhead 4
PBP-1A	414	0.0469077939281	SRR17140451	non-PMA	F6_S5	F6_S5	F6	S5	Overhead 4
CATD	17	0.00653260829897	SRR17140451	non-PMA	F6_S5	F6_S5	F6	S5	Overhead 4
MEXX	2	0.00041144175858	SRR17140451	non-PMA	F6_S5	F6_S5	F6	S5	Overhead 4
RPHB	2	0.000184311014025	SRR17140451	non-PMA	F6_S5	F6_S5	F6	S5	Overhead 4
ANT(2'')-I	3	0.00123432527574	SRR17140451	non-PMA	F6_S5	F6_S5	F6	S5	Overhead 4
ARLS	24	0.00433519121236	SRR17140451	non-PMA	F6_S5	F6_S5	F6	S5	Overhead 4
LSA	15	0.00245377916262	SRR17140451	non-PMA	F6_S5	F6_S5	F6	S5	Overhead 4
DNA-BINDING_PROTEIN_H-NS	13	0.00773029990208	SRR17140451	non-PMA	F6_S5	F6_S5	F6	S5	Overhead 4
ACRB	141	0.0110236382112	SRR17140451	non-PMA	F6_S5	F6_S5	F6	S5	Overhead 4
CATS	2	0.000993481319499	SRR17140451	non-PMA	F6_S5	F6_S5	F6	S5	Overhead 4
ACRF	2	0.000157573439456	SRR17140451	non-PMA	F6_S5	F6_S5	F6	S5	Overhead 4
KLEBSIELLA_PNEUMONIAE_OMPK37	2	0.000435644214967	SRR17140451	non-PMA	F6_S5	F6_S5	F6	S5	Overhead 4
KLEBSIELLA_PNEUMONIAE_OMPK36	1	0.000221976752586	SRR17140451	non-PMA	F6_S5	F6_S5	F6	S5	Overhead 4
QACG	1	0.000761359515877	SRR17140451	non-PMA	F6_S5	F6_S5	F6	S5	Overhead 4
TOLC	60	0.00987460220593	SRR17140451	non-PMA	F6_S5	F6_S5	F6	S5	Overhead 4
FUSC	3	0.00115281322923	SRR17140451	non-PMA	F6_S5	F6_S5	F6	S5	Overhead 4
BLAZ	4	0.00868897767989	SRR17140452	non-PMA	F4_S3	F4_S3	F4	S3	Exercise platform
LNUA	44	0.166817577693	SRR17140452	non-PMA	F4_S3	F4_S3	F4	S3	Exercise platform
LNUC	4	0.0148878215125	SRR17140452	non-PMA	F4_S3	F4_S3	F4	S3	Exercise platform
BACA	81	0.181107894663	SRR17140452	non-PMA	F4_S3	F4_S3	F4	S3	Exercise platform
ERM(TR)	2	0.00502387392602	SRR17140452	non-PMA	F4_S3	F4_S3	F4	S3	Exercise platform
CHLORAMPHENICOL_EXPORTER	3	0.00385516220218	SRR17140452	non-PMA	F4_S3	F4_S3	F4	S3	Exercise platform
EPTA	1	0.00111590618284	SRR17140452	non-PMA	F4_S3	F4_S3	F4	S3	Exercise platform
APH(3'')-I	1	0.00224412015446	SRR17140452	non-PMA	F4_S3	F4_S3	F4	S3	Exercise platform
RBPA	2	0.0107087838949	SRR17140452	non-PMA	F4_S3	F4_S3	F4	S3	Exercise platform
OMPR	2	0.00535439194747	SRR17140452	non-PMA	F4_S3	F4_S3	F4	S3	Exercise platform
MULTIDRUG_ABC_TRANSPORTER	98	0.103493541241	SRR17140452	non-PMA	F4_S3	F4_S3	F4	S3	Exercise platform
LMRP	2	0.00300689991139	SRR17140452	non-PMA	F4_S3	F4_S3	F4	S3	Exercise platform
PBP-2X	202	0.164401250355	SRR17140452	non-PMA	F4_S3	F4_S3	F4	S3	Exercise platform
LMRD	42	0.0387263272576	SRR17140452	non-PMA	F4_S3	F4_S3	F4	S3	Exercise platform
LMRC	38	0.0405510942595	SRR17140452	non-PMA	F4_S3	F4_S3	F4	S3	Exercise platform
MPHC	72	0.146986117408	SRR17140452	non-PMA	F4_S3	F4_S3	F4	S3	Exercise platform
LLMA_23S_RIBOSOMAL_RNA_METHYLTRANSFERASE	1	0.00212683164464	SRR17140452	non-PMA	F4_S3	F4_S3	F4	S3	Exercise platform
FMTC	40	0.0290666991434	SRR17140452	non-PMA	F4_S3	F4_S3	F4	S3	Exercise platform
MTRE	8	0.0104565427325	SRR17140452	non-PMA	F4_S3	F4_S3	F4	S3	Exercise platform
MTRD	34	0.0194504434755	SRR17140452	non-PMA	F4_S3	F4_S3	F4	S3	Exercise platform
CLASS_A	41	0.0834214265416	SRR17140452	non-PMA	F4_S3	F4_S3	F4	S3	Exercise platform
MTRA	3	0.00803158792121	SRR17140452	non-PMA	F4_S3	F4_S3	F4	S3	Exercise platform
MEFA	171	0.257724732405	SRR17140452	non-PMA	F4_S3	F4_S3	F4	S3	Exercise platform
MTRC	5	0.00740777526714	SRR17140452	non-PMA	F4_S3	F4_S3	F4	S3	Exercise platform
ADEH	1	0.00126376952798	SRR17140452	non-PMA	F4_S3	F4_S3	F4	S3	Exercise platform
MSRE	5	0.00621589289218	SRR17140452	non-PMA	F4_S3	F4_S3	F4	S3	Exercise platform
STAPHYLOCOCCUS_MUPA_CONFERRING_RESISTANCE_TO_MUPIROCIN	15	0.00894141624041	SRR17140452	non-PMA	F4_S3	F4_S3	F4	S3	Exercise platform
MSRA	172	0.215141223988	SRR17140452	non-PMA	F4_S3	F4_S3	F4	S3	Exercise platform
NORB	8	0.0104789816654	SRR17140452	non-PMA	F4_S3	F4_S3	F4	S3	Exercise platform
NORA	68	0.106977439115	SRR17140452	non-PMA	F4_S3	F4_S3	F4	S3	Exercise platform
MTRR	1	0.00339111490007	SRR17140452	non-PMA	F4_S3	F4_S3	F4	S3	Exercise platform
TETO	9	0.00859719270439	SRR17140452	non-PMA	F4_S3	F4_S3	F4	S3	Exercise platform
APH(3''')-III	1	0.0023121237955	SRR17140452	non-PMA	F4_S3	F4_S3	F4	S3	Exercise platform
MAJOR_FACILITATOR_SUPERFAMILY_TRANSPORTER	78	0.122393967087	SRR17140452	non-PMA	F4_S3	F4_S3	F4	S3	Exercise platform
CEOB	1	0.000594353147042	SRR17140452	non-PMA	F4_S3	F4_S3	F4	S3	Exercise platform
CAMP-REGULATORY_PROTEIN	8	0.0299583156816	SRR17140452	non-PMA	F4_S3	F4_S3	F4	S3	Exercise platform
AAC(6')-IE-APH(2'')-IA	2	0.00254864585391	SRR17140452	non-PMA	F4_S3	F4_S3	F4	S3	Exercise platform
VANR	3	0.00799651548487	SRR17140452	non-PMA	F4_S3	F4_S3	F4	S3	Exercise platform
TET(W/N/W)	1	0.000955243633821	SRR17140452	non-PMA	F4_S3	F4_S3	F4	S3	Exercise platform
DFRC	20	0.0758261716785	SRR17140452	non-PMA	F4_S3	F4_S3	F4	S3	Exercise platform
LSA	1	0.00122570418075	SRR17140452	non-PMA	F4_S3	F4_S3	F4	S3	Exercise platform
LSAC	28	0.0347382501958	SRR17140452	non-PMA	F4_S3	F4_S3	F4	S3	Exercise platform
UGD	26	0.0409031384853	SRR17140452	non-PMA	F4_S3	F4_S3	F4	S3	Exercise platform
MDTB	1	0.000586923732704	SRR17140452	non-PMA	F4_S3	F4_S3	F4	S3	Exercise platform
MDTG	67	0.101733447002	SRR17140452	non-PMA	F4_S3	F4_S3	F4	S3	Exercise platform
MSBA	4	0.0041951936908	SRR17140452	non-PMA	F4_S3	F4_S3	F4	S3	Exercise platform
MDTH	1	0.00151840965675	SRR17140452	non-PMA	F4_S3	F4_S3	F4	S3	Exercise platform
MECR1	13	0.0241927099578	SRR17140452	non-PMA	F4_S3	F4_S3	F4	S3	Exercise platform
VANA	1	0.00179529612356	SRR17140452	non-PMA	F4_S3	F4_S3	F4	S3	Exercise platform
BCRA	1	0.0019754067379	SRR17140452	non-PMA	F4_S3	F4_S3	F4	S3	Exercise platform
APH(3')-I	5	0.0112620052032	SRR17140452	non-PMA	F4_S3	F4_S3	F4	S3	Exercise platform
BLEOMYCIN_RESISTANCE_PROTEIN	3	0.0199043700656	SRR17140452	non-PMA	F4_S3	F4_S3	F4	S3	Exercise platform
EFRB	14	0.0236066562104	SRR17140452	non-PMA	F4_S3	F4_S3	F4	S3	Exercise platform
EFRA	14	0.0176198135014	SRR17140452	non-PMA	F4_S3	F4_S3	F4	S3	Exercise platform
EMRY	1	0.00119218883205	SRR17140452	non-PMA	F4_S3	F4_S3	F4	S3	Exercise platform
TETA(60)	15	0.0158134891713	SRR17140452	non-PMA	F4_S3	F4_S3	F4	S3	Exercise platform
MVAT	3	0.0147677584358	SRR17140452	non-PMA	F4_S3	F4_S3	F4	S3	Exercise platform
BAES	2	0.00261413568313	SRR17140452	non-PMA	F4_S3	F4_S3	F4	S3	Exercise platform
MUXB	1	0.000585235553223	SRR17140452	non-PMA	F4_S3	F4_S3	F4	S3	Exercise platform
BIFUNCTIONAL_AMINOGLYCOSIDE_N-ACETYLTRANSFERASE_AND_AMINOGLYCOSIDE_PHOSPHOTRANSFERASE	6	0.00745907147061	SRR17140452	non-PMA	F4_S3	F4_S3	F4	S3	Exercise platform
EMRA	3	0.00469538986163	SRR17140452	non-PMA	F4_S3	F4_S3	F4	S3	Exercise platform
EMRB	24	0.0286125319693	SRR17140452	non-PMA	F4_S3	F4_S3	F4	S3	Exercise platform
ABCA	1	0.000420386144636	SRR17140452	non-PMA	F4_S3	F4_S3	F4	S3	Exercise platform
ERMB	9	0.0224228821964	SRR17140452	non-PMA	F4_S3	F4_S3	F4	S3	Exercise platform
ERMC	1	0.00250164213939	SRR17140452	non-PMA	F4_S3	F4_S3	F4	S3	Exercise platform
FOSB	29	0.127349782578	SRR17140452	non-PMA	F4_S3	F4_S3	F4	S3	Exercise platform
ERMF	2	0.00458947881212	SRR17140452	non-PMA	F4_S3	F4_S3	F4	S3	Exercise platform
HMRM	1	0.00131551871123	SRR17140452	non-PMA	F4_S3	F4_S3	F4	S3	Exercise platform
ERMX	13	0.0313644619216	SRR17140452	non-PMA	F4_S3	F4_S3	F4	S3	Exercise platform
BLEO	1	0.00455522897024	SRR17140452	non-PMA	F4_S3	F4_S3	F4	S3	Exercise platform
TETB(60)	7	0.00737962827994	SRR17140452	non-PMA	F4_S3	F4_S3	F4	S3	Exercise platform
OPMH	4	0.00506556582583	SRR17140452	non-PMA	F4_S3	F4_S3	F4	S3	Exercise platform
TETQ	4	0.00371629030144	SRR17140452	non-PMA	F4_S3	F4_S3	F4	S3	Exercise platform
TETP	1	0.00144988285514	SRR17140452	non-PMA	F4_S3	F4_S3	F4	S3	Exercise platform
MECA	9	0.00822396128459	SRR17140452	non-PMA	F4_S3	F4_S3	F4	S3	Exercise platform
TETW	15	0.0143286545073	SRR17140452	non-PMA	F4_S3	F4_S3	F4	S3	Exercise platform
TETM	116	0.110808261523	SRR17140452	non-PMA	F4_S3	F4_S3	F4	S3	Exercise platform
PENA	51	0.0499685951567	SRR17140452	non-PMA	F4_S3	F4_S3	F4	S3	Exercise platform
TETA	5	0.00726667478586	SRR17140452	non-PMA	F4_S3	F4_S3	F4	S3	Exercise platform
QACB	134	0.159131695311	SRR17140452	non-PMA	F4_S3	F4_S3	F4	S3	Exercise platform
QACA	24	0.0285011991601	SRR17140452	non-PMA	F4_S3	F4_S3	F4	S3	Exercise platform
TETB	16	0.0217031353604	SRR17140452	non-PMA	F4_S3	F4_S3	F4	S3	Exercise platform
QACG	2	0.0114093585423	SRR17140452	non-PMA	F4_S3	F4_S3	F4	S3	Exercise platform
TRIC	2	0.00120275996456	SRR17140452	non-PMA	F4_S3	F4_S3	F4	S3	Exercise platform
CAT_CHLORAMPHENICOL_ACETYLTRANSFERASE	9	0.0255516564563	SRR17140452	non-PMA	F4_S3	F4_S3	F4	S3	Exercise platform
AADD	18	0.0434277165068	SRR17140452	non-PMA	F4_S3	F4_S3	F4	S3	Exercise platform
AADE	1	0.00257553030385	SRR17140452	non-PMA	F4_S3	F4_S3	F4	S3	Exercise platform
MDTK	14	0.0180287121269	SRR17140452	non-PMA	F4_S3	F4_S3	F4	S3	Exercise platform
KASUGAMYCIN_RESISTANCE_PROTEIN_KSGA	8	0.0178871994729	SRR17140452	non-PMA	F4_S3	F4_S3	F4	S3	Exercise platform
TAEA	1	0.00094197636113	SRR17140452	non-PMA	F4_S3	F4_S3	F4	S3	Exercise platform
FUSB	3	0.00859719270439	SRR17140452	non-PMA	F4_S3	F4_S3	F4	S3	Exercise platform
TET39	1	0.00154531818231	SRR17140452	non-PMA	F4_S3	F4_S3	F4	S3	Exercise platform
TRUNCATED_PUTATIVE_RESPONSE_REGULATOR_ARLR	49	0.136573668578	SRR17140452	non-PMA	F4_S3	F4_S3	F4	S3	Exercise platform
TET37	3	0.0169555745003	SRR17140452	non-PMA	F4_S3	F4_S3	F4	S3	Exercise platform
TET35	1	0.00165420239028	SRR17140452	non-PMA	F4_S3	F4_S3	F4	S3	Exercise platform
TET32	6	0.00573146180293	SRR17140452	non-PMA	F4_S3	F4_S3	F4	S3	Exercise platform
TETA(46)	32	0.0340293063143	SRR17140452	non-PMA	F4_S3	F4_S3	F4	S3	Exercise platform
TETB(46)	35	0.0369619790146	SRR17140452	non-PMA	F4_S3	F4_S3	F4	S3	Exercise platform
MEL	232	0.290786361862	SRR17140452	non-PMA	F4_S3	F4_S3	F4	S3	Exercise platform
TET(K)	40	0.0531939592167	SRR17140452	non-PMA	F4_S3	F4_S3	F4	S3	Exercise platform
MARR	60	0.249143135515	SRR17140452	non-PMA	F4_S3	F4_S3	F4	S3	Exercise platform
TET(38)	1	0.00135644596003	SRR17140452	non-PMA	F4_S3	F4_S3	F4	S3	Exercise platform
FARB	4	0.00480630458277	SRR17140452	non-PMA	F4_S3	F4_S3	F4	S3	Exercise platform
EMRB-QACA_FAMILY_MAJOR_FACILITATOR_TRANSPORTER	65	0.0824865786503	SRR17140452	non-PMA	F4_S3	F4_S3	F4	S3	Exercise platform
PATB	97	0.152600170503	SRR17140452	non-PMA	F4_S3	F4_S3	F4	S3	Exercise platform
PVRR	1	0.00152982627071	SRR17140452	non-PMA	F4_S3	F4_S3	F4	S3	Exercise platform
MEPA	18	0.0520720960958	SRR17140452	non-PMA	F4_S3	F4_S3	F4	S3	Exercise platform
RLMA(II)	100	0.216454142557	SRR17140452	non-PMA	F4_S3	F4_S3	F4	S3	Exercise platform
CFXA2	1	0.00190155975705	SRR17140452	non-PMA	F4_S3	F4_S3	F4	S3	Exercise platform
VGAA	71	0.0830238475533	SRR17140452	non-PMA	F4_S3	F4_S3	F4	S3	Exercise platform
MEXN	1	0.000589189847502	SRR17140452	non-PMA	F4_S3	F4_S3	F4	S3	Exercise platform
ADEF	1	0.000576393467433	SRR17140452	non-PMA	F4_S3	F4_S3	F4	S3	Exercise platform
MEXK	3	0.0017865385815	SRR17140452	non-PMA	F4_S3	F4_S3	F4	S3	Exercise platform
MEXF	6	0.0034485914238	SRR17140452	non-PMA	F4_S3	F4_S3	F4	S3	Exercise platform
ADEN	2	0.00562581273744	SRR17140452	non-PMA	F4_S3	F4_S3	F4	S3	Exercise platform
MEXE	1	0.00153753320406	SRR17140452	non-PMA	F4_S3	F4_S3	F4	S3	Exercise platform
MEXB	3	0.00175067117212	SRR17140452	non-PMA	F4_S3	F4_S3	F4	S3	Exercise platform
ADEJ	4	0.00230775305108	SRR17140452	non-PMA	F4_S3	F4_S3	F4	S3	Exercise platform
ADEK	1	0.00126115843391	SRR17140452	non-PMA	F4_S3	F4_S3	F4	S3	Exercise platform
OQXA	2	0.00312225412794	SRR17140452	non-PMA	F4_S3	F4_S3	F4	S3	Exercise platform
OQXB	3	0.00174400194861	SRR17140452	non-PMA	F4_S3	F4_S3	F4	S3	Exercise platform
AAC(6')-I	1	0.00333552285252	SRR17140452	non-PMA	F4_S3	F4_S3	F4	S3	Exercise platform
MACB	15	0.0142174071897	SRR17140452	non-PMA	F4_S3	F4_S3	F4	S3	Exercise platform
MACA	3	0.00493585457153	SRR17140452	non-PMA	F4_S3	F4_S3	F4	S3	Exercise platform
SMER	1	0.00266550516162	SRR17140452	non-PMA	F4_S3	F4_S3	F4	S3	Exercise platform
PBP-1B	127	0.0944225171931	SRR17140452	non-PMA	F4_S3	F4_S3	F4	S3	Exercise platform
PBP-1A	252	0.213937373946	SRR17140452	non-PMA	F4_S3	F4_S3	F4	S3	Exercise platform
RPOB2	332	0.174400194861	SRR17140452	non-PMA	F4_S3	F4_S3	F4	S3	Exercise platform
ARLS	21	0.0284222047057	SRR17140452	non-PMA	F4_S3	F4_S3	F4	S3	Exercise platform
TETC	1	0.00309848061935	SRR17140452	non-PMA	F4_S3	F4_S3	F4	S3	Exercise platform
ACRB	4	0.00234318879851	SRR17140452	non-PMA	F4_S3	F4_S3	F4	S3	Exercise platform
ACRA	1	0.00152982627071	SRR17140452	non-PMA	F4_S3	F4_S3	F4	S3	Exercise platform
TRANSCRIPTIONAL_REGULATORY_PROTEIN_CPXR_CPXR	3	0.0078931122674	SRR17140452	non-PMA	F4_S3	F4_S3	F4	S3	Exercise platform
KLEBSIELLA_PNEUMONIAE_OMPK37	1	0.00163208738506	SRR17140452	non-PMA	F4_S3	F4_S3	F4	S3	Exercise platform
BLAZ	2	0.000410478083709	SRR17140454	non-PMA	F6_S4	F6_S4	F6	S4	Dining table
LNUA	5	0.00179106120376	SRR17140454	non-PMA	F6_S4	F6_S4	F6	S4	Dining table
OMPR	260	0.0657665105171	SRR17140454	non-PMA	F6_S4	F6_S4	F6	S4	Dining table
BACA	1616	0.341385450367	SRR17140454	non-PMA	F6_S4	F6_S4	F6	S4	Dining table
CTX-M	2	0.000396372307637	SRR17140454	non-PMA	F6_S4	F6_S4	F6	S4	Dining table
SDEY	1	5.48736163284e-05	SRR17140454	non-PMA	F6_S4	F6_S4	F6	S4	Dining table
ERM(TR)	4	0.000949336144217	SRR17140454	non-PMA	F6_S4	F6_S4	F6	S4	Dining table
VGAC	6	0.00455306611272	SRR17140454	non-PMA	F6_S4	F6_S4	F6	S4	Dining table
COB(I)ALAMIN_ADENOLSYLTRANSFERASE	10	0.0029424576919	SRR17140454	non-PMA	F6_S4	F6_S4	F6	S4	Dining table
OMPF	25	0.00410770447017	SRR17140454	non-PMA	F6_S4	F6_S4	F6	S4	Dining table
VATF	15	0.0039144007304	SRR17140454	non-PMA	F6_S4	F6_S4	F6	S4	Dining table
CHLORAMPHENICOL_EXPORTER	5	0.000607075481697	SRR17140454	non-PMA	F6_S4	F6_S4	F6	S4	Dining table
EPTA	15	0.00158150376859	SRR17140454	non-PMA	F6_S4	F6_S4	F6	S4	Dining table
ABCA	67	0.00266118143319	SRR17140454	non-PMA	F6_S4	F6_S4	F6	S4	Dining table
MULTIDRUG_ABC_TRANSPORTER	216	0.0215522299038	SRR17140454	non-PMA	F6_S4	F6_S4	F6	S4	Dining table
ADC-80	1	0.000150580080316	SRR17140454	non-PMA	F6_S4	F6_S4	F6	S4	Dining table
MEXL	10	0.00272038541326	SRR17140454	non-PMA	F6_S4	F6_S4	F6	S4	Dining table
LMRP	16	0.00227279490684	SRR17140454	non-PMA	F6_S4	F6_S4	F6	S4	Dining table
PORIN_OMPC	1	0.000157144879458	SRR17140454	non-PMA	F6_S4	F6_S4	F6	S4	Dining table
MDFA	16	0.002250621298	SRR17140454	non-PMA	F6_S4	F6_S4	F6	S4	Dining table
PBP-2X	395	0.0303740099342	SRR17140454	non-PMA	F6_S4	F6_S4	F6	S4	Dining table
FOSA	5	0.00213600632449	SRR17140454	non-PMA	F6_S4	F6_S4	F6	S4	Dining table
MEXJ	157	0.0246717460749	SRR17140454	non-PMA	F6_S4	F6_S4	F6	S4	Dining table
LMRD	155	0.0135033028217	SRR17140454	non-PMA	F6_S4	F6_S4	F6	S4	Dining table
LMRC	109	0.0109899765961	SRR17140454	non-PMA	F6_S4	F6_S4	F6	S4	Dining table
RAMA	3	0.0013952944539	SRR17140454	non-PMA	F6_S4	F6_S4	F6	S4	Dining table
MEXK	2028	0.114106499808	SRR17140454	non-PMA	F6_S4	F6_S4	F6	S4	Dining table
MPHC	21	0.00405055379928	SRR17140454	non-PMA	F6_S4	F6_S4	F6	S4	Dining table
MEFE	2	0.000286214246954	SRR17140454	non-PMA	F6_S4	F6_S4	F6	S4	Dining table
APH(6)-I	3	0.000650438016103	SRR17140454	non-PMA	F6_S4	F6_S4	F6	S4	Dining table
OKP-B-12	1	0.000219285820385	SRR17140454	non-PMA	F6_S4	F6_S4	F6	S4	Dining table
TOLC	136	0.0158452832798	SRR17140454	non-PMA	F6_S4	F6_S4	F6	S4	Dining table
FOSA6	1	0.000414907703318	SRR17140454	non-PMA	F6_S4	F6_S4	F6	S4	Dining table
FMTC	88	0.00604184646069	SRR17140454	non-PMA	F6_S4	F6_S4	F6	S4	Dining table
MTRE	11	0.0013584451357	SRR17140454	non-PMA	F6_S4	F6_S4	F6	S4	Dining table
CLASS_C	21	0.00310542457945	SRR17140454	non-PMA	F6_S4	F6_S4	F6	S4	Dining table
CLASS_A	24	0.00461377366089	SRR17140454	non-PMA	F6_S4	F6_S4	F6	S4	Dining table
MTRA	10	0.00252948117374	SRR17140454	non-PMA	F6_S4	F6_S4	F6	S4	Dining table
MEFA	280	0.0398721180571	SRR17140454	non-PMA	F6_S4	F6_S4	F6	S4	Dining table
MTRC	12	0.00167977196392	SRR17140454	non-PMA	F6_S4	F6_S4	F6	S4	Dining table
MSRE	8	0.00093966877004	SRR17140454	non-PMA	F6_S4	F6_S4	F6	S4	Dining table
ROSA	43	0.00604854473837	SRR17140454	non-PMA	F6_S4	F6_S4	F6	S4	Dining table
AMRB	37	0.00204198116571	SRR17140454	non-PMA	F6_S4	F6_S4	F6	S4	Dining table
MEXC	16	0.00238437915292	SRR17140454	non-PMA	F6_S4	F6_S4	F6	S4	Dining table
NORB	3	0.000371280069278	SRR17140454	non-PMA	F6_S4	F6_S4	F6	S4	Dining table
NORA	142	0.0211068253817	SRR17140454	non-PMA	F6_S4	F6_S4	F6	S4	Dining table
AAD(9)	3	0.000665448124167	SRR17140454	non-PMA	F6_S4	F6_S4	F6	S4	Dining table
MTRR	9	0.00288360853806	SRR17140454	non-PMA	F6_S4	F6_S4	F6	S4	Dining table
TETO	1	9.02537883586e-05	SRR17140454	non-PMA	F6_S4	F6_S4	F6	S4	Dining table
MEXA	217	0.0326758774287	SRR17140454	non-PMA	F6_S4	F6_S4	F6	S4	Dining table
MAJOR_FACILITATOR_SUPERFAMILY_TRANSPORTER	196	0.0290584716432	SRR17140454	non-PMA	F6_S4	F6_S4	F6	S4	Dining table
CEOB	1	5.61559598454e-05	SRR17140454	non-PMA	F6_S4	F6_S4	F6	S4	Dining table
ADC-23	1	0.000150580080316	SRR17140454	non-PMA	F6_S4	F6_S4	F6	S4	Dining table
CAMP-REGULATORY_PROTEIN	156	0.0551954517714	SRR17140454	non-PMA	F6_S4	F6_S4	F6	S4	Dining table
STAPHYLOCOCCUS_MUPA_CONFERRING_RESISTANCE_TO_MUPIROCIN	5	0.000281602396295	SRR17140454	non-PMA	F6_S4	F6_S4	F6	S4	Dining table
AAC(6')-IE-APH(2'')-IA	1	0.000120401191568	SRR17140454	non-PMA	F6_S4	F6_S4	F6	S4	Dining table
VANR	7	0.00176290478309	SRR17140454	non-PMA	F6_S4	F6_S4	F6	S4	Dining table
TET(W/N/W)	3	0.000270761365076	SRR17140454	non-PMA	F6_S4	F6_S4	F6	S4	Dining table
ROSB	123	0.0130638618851	SRR17140454	non-PMA	F6_S4	F6_S4	F6	S4	Dining table
MSRA	94	0.0111089837122	SRR17140454	non-PMA	F6_S4	F6_S4	F6	S4	Dining table
CMLA	8	0.00110113929854	SRR17140454	non-PMA	F6_S4	F6_S4	F6	S4	Dining table
DFRC	61	0.0218509466859	SRR17140454	non-PMA	F6_S4	F6_S4	F6	S4	Dining table
LSA	2	0.000231615143619	SRR17140454	non-PMA	F6_S4	F6_S4	F6	S4	Dining table
LSAC	80	0.00937758874165	SRR17140454	non-PMA	F6_S4	F6_S4	F6	S4	Dining table
QNRD2	1	0.000269496125052	SRR17140454	non-PMA	F6_S4	F6_S4	F6	S4	Dining table
UGD	146	0.0217013838431	SRR17140454	non-PMA	F6_S4	F6_S4	F6	S4	Dining table
MDTC	67	0.00376979067415	SRR17140454	non-PMA	F6_S4	F6_S4	F6	S4	Dining table
MDTB	166	0.00920536571765	SRR17140454	non-PMA	F6_S4	F6_S4	F6	S4	Dining table
MDTA	20	0.00277938172343	SRR17140454	non-PMA	F6_S4	F6_S4	F6	S4	Dining table
MDTG	185	0.026540675599	SRR17140454	non-PMA	F6_S4	F6_S4	F6	S4	Dining table
MDTF	32	0.00177966197142	SRR17140454	non-PMA	F6_S4	F6_S4	F6	S4	Dining table
MDTE	14	0.00209716984586	SRR17140454	non-PMA	F6_S4	F6_S4	F6	S4	Dining table
MDTD	42	0.00514274134176	SRR17140454	non-PMA	F6_S4	F6_S4	F6	S4	Dining table
MDTK	108	0.0131404946038	SRR17140454	non-PMA	F6_S4	F6_S4	F6	S4	Dining table
MDTH	61	0.00875124979212	SRR17140454	non-PMA	F6_S4	F6_S4	F6	S4	Dining table
CPXA	96	0.0121149417792	SRR17140454	non-PMA	F6_S4	F6_S4	F6	S4	Dining table
SMEE	11	0.00060999411382	SRR17140454	non-PMA	F6_S4	F6_S4	F6	S4	Dining table
MDTL	8	0.00117999326366	SRR17140454	non-PMA	F6_S4	F6_S4	F6	S4	Dining table
TETB(60)	48	0.00478111260196	SRR17140454	non-PMA	F6_S4	F6_S4	F6	S4	Dining table
VANS	1	0.000129020516244	SRR17140454	non-PMA	F6_S4	F6_S4	F6	S4	Dining table
MECR1	3	0.000527489366718	SRR17140454	non-PMA	F6_S4	F6_S4	F6	S4	Dining table
OXY	2	0.000396372307637	SRR17140454	non-PMA	F6_S4	F6_S4	F6	S4	Dining table
OPMH	552	0.0660477972203	SRR17140454	non-PMA	F6_S4	F6_S4	F6	S4	Dining table
BCRA	6	0.00111984797595	SRR17140454	non-PMA	F6_S4	F6_S4	F6	S4	Dining table
APH(3')-I	4	0.000851249752932	SRR17140454	non-PMA	F6_S4	F6_S4	F6	S4	Dining table
BLEOMYCIN_RESISTANCE_PROTEIN	1	0.000626871421317	SRR17140454	non-PMA	F6_S4	F6_S4	F6	S4	Dining table
EFRB	69	0.0109927618302	SRR17140454	non-PMA	F6_S4	F6_S4	F6	S4	Dining table
EFRA	32	0.00380517415331	SRR17140454	non-PMA	F6_S4	F6_S4	F6	S4	Dining table
TETA(60)	21	0.00209173676336	SRR17140454	non-PMA	F6_S4	F6_S4	F6	S4	Dining table
MVAT	307	0.142785132449	SRR17140454	non-PMA	F6_S4	F6_S4	F6	S4	Dining table
BAER	34	0.00817022419117	SRR17140454	non-PMA	F6_S4	F6_S4	F6	S4	Dining table
BAES	28	0.00345786034542	SRR17140454	non-PMA	F6_S4	F6_S4	F6	S4	Dining table
EMRR	18	0.00589829019148	SRR17140454	non-PMA	F6_S4	F6_S4	F6	S4	Dining table
EMRB-QACA_FAMILY_MAJOR_FACILITATOR_TRANSPORTER	171	0.0205029962581	SRR17140454	non-PMA	F6_S4	F6_S4	F6	S4	Dining table
MUXC	150	0.0083502177743	SRR17140454	non-PMA	F6_S4	F6_S4	F6	S4	Dining table
BIFUNCTIONAL_AMINOGLYCOSIDE_N-ACETYLTRANSFERASE_AND_AMINOGLYCOSIDE_PHOSPHOTRANSFERASE	3	0.000352375788765	SRR17140454	non-PMA	F6_S4	F6_S4	F6	S4	Dining table
TETQ	7	0.000614467572798	SRR17140454	non-PMA	F6_S4	F6_S4	F6	S4	Dining table
RPSD_(RAMA_OR_SUD2)	146	0.030730426756	SRR17140454	non-PMA	F6_S4	F6_S4	F6	S4	Dining table
EMRA	61	0.00902051901649	SRR17140454	non-PMA	F6_S4	F6_S4	F6	S4	Dining table
EMRB	220	0.0247810108739	SRR17140454	non-PMA	F6_S4	F6_S4	F6	S4	Dining table
EMRD	20	0.00292752135844	SRR17140454	non-PMA	F6_S4	F6_S4	F6	S4	Dining table
APH(3'')-I	2	0.000424060079126	SRR17140454	non-PMA	F6_S4	F6_S4	F6	S4	Dining table
ERMB	28	0.00659110522985	SRR17140454	non-PMA	F6_S4	F6_S4	F6	S4	Dining table
ERMC	43	0.0101635382899	SRR17140454	non-PMA	F6_S4	F6_S4	F6	S4	Dining table
FOSB	23	0.00954287717631	SRR17140454	non-PMA	F6_S4	F6_S4	F6	S4	Dining table
ERMF	1	0.000216812672034	SRR17140454	non-PMA	F6_S4	F6_S4	F6	S4	Dining table
ERMG	1	0.000236361355579	SRR17140454	non-PMA	F6_S4	F6_S4	F6	S4	Dining table
HMRM	7	0.000870054300276	SRR17140454	non-PMA	F6_S4	F6_S4	F6	S4	Dining table
ERMX	23	0.00524292461465	SRR17140454	non-PMA	F6_S4	F6_S4	F6	S4	Dining table
TETW	43	0.00388091289942	SRR17140454	non-PMA	F6_S4	F6_S4	F6	S4	Dining table
BLEO	3	0.00129116800212	SRR17140454	non-PMA	F6_S4	F6_S4	F6	S4	Dining table
ESCHERICHIA_COLI_MIPA	1	0.00023254907565	SRR17140454	non-PMA	F6_S4	F6_S4	F6	S4	Dining table
ESCHERICHIA_COLI_LAMB	25	0.00323274499782	SRR17140454	non-PMA	F6_S4	F6_S4	F6	S4	Dining table
MECI	1	0.000468879437083	SRR17140454	non-PMA	F6_S4	F6_S4	F6	S4	Dining table
OPMB	32	0.00370584229791	SRR17140454	non-PMA	F6_S4	F6_S4	F6	S4	Dining table
MECA	1	8.63355849718e-05	SRR17140454	non-PMA	F6_S4	F6_S4	F6	S4	Dining table
TETR	1	0.000277270051736	SRR17140454	non-PMA	F6_S4	F6_S4	F6	S4	Dining table
SUL2	3	0.000638437314699	SRR17140454	non-PMA	F6_S4	F6_S4	F6	S4	Dining table
OXA	5	0.0010447857022	SRR17140454	non-PMA	F6_S4	F6_S4	F6	S4	Dining table
TETM	228	0.0205778637458	SRR17140454	non-PMA	F6_S4	F6_S4	F6	S4	Dining table
PENA	105	0.00972002877997	SRR17140454	non-PMA	F6_S4	F6_S4	F6	S4	Dining table
TETA	26	0.0035701819995	SRR17140454	non-PMA	F6_S4	F6_S4	F6	S4	Dining table
QACB	57	0.00639555201048	SRR17140454	non-PMA	F6_S4	F6_S4	F6	S4	Dining table
QACA	10	0.00112202666851	SRR17140454	non-PMA	F6_S4	F6_S4	F6	S4	Dining table
TETB	18	0.00230688683045	SRR17140454	non-PMA	F6_S4	F6_S4	F6	S4	Dining table
KDPE	43	0.0110217926344	SRR17140454	non-PMA	F6_S4	F6_S4	F6	S4	Dining table
LISTERIA_MONOCYTOGENES_MPRF	2	0.000133346059563	SRR17140454	non-PMA	F6_S4	F6_S4	F6	S4	Dining table
SDIA	3	0.000720902134515	SRR17140454	non-PMA	F6_S4	F6_S4	F6	S4	Dining table
TRIC	1953	0.110969211327	SRR17140454	non-PMA	F6_S4	F6_S4	F6	S4	Dining table
CAT_CHLORAMPHENICOL_ACETYLTRANSFERASE	2	0.000536485309406	SRR17140454	non-PMA	F6_S4	F6_S4	F6	S4	Dining table
AADD	5	0.00113976622058	SRR17140454	non-PMA	F6_S4	F6_S4	F6	S4	Dining table
RLMA(II)	213	0.0435608949366	SRR17140454	non-PMA	F6_S4	F6_S4	F6	S4	Dining table
BICYCLOMYCIN-MULTIDRUG_EFFLUX_PROTEIN_BCR	54	0.00786438692198	SRR17140454	non-PMA	F6_S4	F6_S4	F6	S4	Dining table
TRIA	79	0.011895826345	SRR17140454	non-PMA	F6_S4	F6_S4	F6	S4	Dining table
KASUGAMYCIN_RESISTANCE_PROTEIN_KSGA	79	0.0166890164474	SRR17140454	non-PMA	F6_S4	F6_S4	F6	S4	Dining table
FUSD	3	0.000812284095228	SRR17140454	non-PMA	F6_S4	F6_S4	F6	S4	Dining table
TAEA	6	0.000534001581122	SRR17140454	non-PMA	F6_S4	F6_S4	F6	S4	Dining table
FUSB	1	0.000270761365076	SRR17140454	non-PMA	F6_S4	F6_S4	F6	S4	Dining table
FUSC	1	0.000272038541326	SRR17140454	non-PMA	F6_S4	F6_S4	F6	S4	Dining table
TRUNCATED_PUTATIVE_RESPONSE_REGULATOR_ARLR	137	0.0360780246314	SRR17140454	non-PMA	F6_S4	F6_S4	F6	S4	Dining table
TET35	3	0.000468879437083	SRR17140454	non-PMA	F6_S4	F6_S4	F6	S4	Dining table
TET34	4	0.00149797846133	SRR17140454	non-PMA	F6_S4	F6_S4	F6	S4	Dining table
PDC	2	0.000312586291388	SRR17140454	non-PMA	F6_S4	F6_S4	F6	S4	Dining table
TET32	1	9.02537883586e-05	SRR17140454	non-PMA	F6_S4	F6_S4	F6	S4	Dining table
TETA(46)	23	0.00231090579705	SRR17140454	non-PMA	F6_S4	F6_S4	F6	S4	Dining table
TETB(46)	30	0.00299336526442	SRR17140454	non-PMA	F6_S4	F6_S4	F6	S4	Dining table
MARA	4	0.00181644632319	SRR17140454	non-PMA	F6_S4	F6_S4	F6	S4	Dining table
MEL	334	0.0395533984276	SRR17140454	non-PMA	F6_S4	F6_S4	F6	S4	Dining table
TETD	1	0.000146376067922	SRR17140454	non-PMA	F6_S4	F6_S4	F6	S4	Dining table
RPOB2	1147	0.0569276935138	SRR17140454	non-PMA	F6_S4	F6_S4	F6	S4	Dining table
ARNA	93	0.00810198169304	SRR17140454	non-PMA	F6_S4	F6_S4	F6	S4	Dining table
TET(K)	26	0.00326683320216	SRR17140454	non-PMA	F6_S4	F6_S4	F6	S4	Dining table
MARR	91	0.035701819995	SRR17140454	non-PMA	F6_S4	F6_S4	F6	S4	Dining table
MTRD	36	0.00194582769204	SRR17140454	non-PMA	F6_S4	F6_S4	F6	S4	Dining table
TETB(48)	1	0.000212812438233	SRR17140454	non-PMA	F6_S4	F6_S4	F6	S4	Dining table
RPHA	1	6.66730297817e-05	SRR17140454	non-PMA	F6_S4	F6_S4	F6	S4	Dining table
FARB	7	0.000794695266394	SRR17140454	non-PMA	F6_S4	F6_S4	F6	S4	Dining table
MUXB	406	0.0224495698265	SRR17140454	non-PMA	F6_S4	F6_S4	F6	S4	Dining table
OPRM	416	0.0512641517877	SRR17140454	non-PMA	F6_S4	F6_S4	F6	S4	Dining table
PMRF	22	0.00394033464828	SRR17140454	non-PMA	F6_S4	F6_S4	F6	S4	Dining table
PATA	40	0.00502589723409	SRR17140454	non-PMA	F6_S4	F6_S4	F6	S4	Dining table
PATB	252	0.0374571830717	SRR17140454	non-PMA	F6_S4	F6_S4	F6	S4	Dining table
MUXA	41	0.00555060798406	SRR17140454	non-PMA	F6_S4	F6_S4	F6	S4	Dining table
YOJI	35	0.00369017546004	SRR17140454	non-PMA	F6_S4	F6_S4	F6	S4	Dining table
SERRATIA_MARCESCENS_OMP1	15	0.00231305497705	SRR17140454	non-PMA	F6_S4	F6_S4	F6	S4	Dining table
OPRN	542	0.0662252469334	SRR17140454	non-PMA	F6_S4	F6_S4	F6	S4	Dining table
ADER	1	0.000233490569883	SRR17140454	non-PMA	F6_S4	F6_S4	F6	S4	Dining table
MEPA	86	0.0235061928221	SRR17140454	non-PMA	F6_S4	F6_S4	F6	S4	Dining table
MEXV	5	0.000766917164377	SRR17140454	non-PMA	F6_S4	F6_S4	F6	S4	Dining table
MEXW	2637	0.149392450194	SRR17140454	non-PMA	F6_S4	F6_S4	F6	S4	Dining table
MEXT	951	0.180415244717	SRR17140454	non-PMA	F6_S4	F6_S4	F6	S4	Dining table
CFXA2	3	0.000538992250104	SRR17140454	non-PMA	F6_S4	F6_S4	F6	S4	Dining table
VGAA	110	0.0121531394324	SRR17140454	non-PMA	F6_S4	F6_S4	F6	S4	Dining table
MEXN	739	0.0411387395681	SRR17140454	non-PMA	F6_S4	F6_S4	F6	S4	Dining table
MSBA	293	0.0290342715344	SRR17140454	non-PMA	F6_S4	F6_S4	F6	S4	Dining table
ADEF	3	0.000163377254281	SRR17140454	non-PMA	F6_S4	F6_S4	F6	S4	Dining table
MCR-3	1	0.00010660290344	SRR17140454	non-PMA	F6_S4	F6_S4	F6	S4	Dining table
MEPR	19	0.00788324636304	SRR17140454	non-PMA	F6_S4	F6_S4	F6	S4	Dining table
ADEA	1	0.000403301893435	SRR17140454	non-PMA	F6_S4	F6_S4	F6	S4	Dining table
ADEB	80	0.00445344947963	SRR17140454	non-PMA	F6_S4	F6_S4	F6	S4	Dining table
MEXI	5	0.000280234065895	SRR17140454	non-PMA	F6_S4	F6_S4	F6	S4	Dining table
MEXF	2165	0.117570856589	SRR17140454	non-PMA	F6_S4	F6_S4	F6	S4	Dining table
TRANSCRIPTIONAL_REGULATORY_PROTEIN_CPXR_CPXR	95	0.0236157595789	SRR17140454	non-PMA	F6_S4	F6_S4	F6	S4	Dining table
MEXD	132	0.00729887491896	SRR17140454	non-PMA	F6_S4	F6_S4	F6	S4	Dining table
MEXE	505	0.0733613255274	SRR17140454	non-PMA	F6_S4	F6_S4	F6	S4	Dining table
MEXB	1857	0.102387400673	SRR17140454	non-PMA	F6_S4	F6_S4	F6	S4	Dining table
ADEI	1	0.000138635025868	SRR17140454	non-PMA	F6_S4	F6_S4	F6	S4	Dining table
ADEJ	47	0.00256199624364	SRR17140454	non-PMA	F6_S4	F6_S4	F6	S4	Dining table
ADEK	1	0.000119157377606	SRR17140454	non-PMA	F6_S4	F6_S4	F6	S4	Dining table
OQXA	14	0.0020649882114	SRR17140454	non-PMA	F6_S4	F6_S4	F6	S4	Dining table
OQXB	71	0.00389973726099	SRR17140454	non-PMA	F6_S4	F6_S4	F6	S4	Dining table
ACRD	113	0.00628443133656	SRR17140454	non-PMA	F6_S4	F6_S4	F6	S4	Dining table
ADC-18	1	0.000150580080316	SRR17140454	non-PMA	F6_S4	F6_S4	F6	S4	Dining table
SMED	42	0.00614779485271	SRR17140454	non-PMA	F6_S4	F6_S4	F6	S4	Dining table
MACB	518	0.0463884851775	SRR17140454	non-PMA	F6_S4	F6_S4	F6	S4	Dining table
MACA	31	0.00481896844635	SRR17140454	non-PMA	F6_S4	F6_S4	F6	S4	Dining table
OMP36	1	0.000153792455363	SRR17140454	non-PMA	F6_S4	F6_S4	F6	S4	Dining table
ERM(44)	7	0.00160838723238	SRR17140454	non-PMA	F6_S4	F6_S4	F6	S4	Dining table
SMER	4	0.00100737416177	SRR17140454	non-PMA	F6_S4	F6_S4	F6	S4	Dining table
PBP-1B	335	0.0235324935505	SRR17140454	non-PMA	F6_S4	F6_S4	F6	S4	Dining table
PBP-1A	552	0.0442768265093	SRR17140454	non-PMA	F6_S4	F6_S4	F6	S4	Dining table
MEXX	7	0.00101945756396	SRR17140454	non-PMA	F6_S4	F6_S4	F6	S4	Dining table
RPHB	1	6.52400121733e-05	SRR17140454	non-PMA	F6_S4	F6_S4	F6	S4	Dining table
TETA(48)	2	0.000336280879074	SRR17140454	non-PMA	F6_S4	F6_S4	F6	S4	Dining table
ARLS	40	0.00511504840454	SRR17140454	non-PMA	F6_S4	F6_S4	F6	S4	Dining table
MEXY	146	0.00805754730252	SRR17140454	non-PMA	F6_S4	F6_S4	F6	S4	Dining table
DNA-BINDING_PROTEIN_H-NS	31	0.0130499072525	SRR17140454	non-PMA	F6_S4	F6_S4	F6	S4	Dining table
ACRB	695	0.0384665630317	SRR17140454	non-PMA	F6_S4	F6_S4	F6	S4	Dining table
CATQ	2	0.00052668649097	SRR17140454	non-PMA	F6_S4	F6_S4	F6	S4	Dining table
ACRA	56	0.00809433975595	SRR17140454	non-PMA	F6_S4	F6_S4	F6	S4	Dining table
ACRF	9	0.000501982143956	SRR17140454	non-PMA	F6_S4	F6_S4	F6	S4	Dining table
KLEBSIELLA_PNEUMONIAE_OMPK37	7	0.00107942565596	SRR17140454	non-PMA	F6_S4	F6_S4	F6	S4	Dining table
KLEBSIELLA_PNEUMONIAE_OMPK36	5	0.000785724397291	SRR17140454	non-PMA	F6_S4	F6_S4	F6	S4	Dining table
OPRA	12	0.00148194014804	SRR17140454	non-PMA	F6_S4	F6_S4	F6	S4	Dining table
BLAZ	2	0.000345626193445	SRR17140456	non-PMA	F6_S3	F6_S3	F6	S3	Exercise platform
LNUA	6	0.00180970733587	SRR17140456	non-PMA	F6_S3	F6_S3	F6	S3	Exercise platform
OMPR	65	0.0138439965423	SRR17140456	non-PMA	F6_S3	F6_S3	F6	S3	Exercise platform
BACA	2159	0.384036911013	SRR17140456	non-PMA	F6_S3	F6_S3	F6	S3	Exercise platform
CTX-M	8	0.00133499601867	SRR17140456	non-PMA	F6_S3	F6_S3	F6	S3	Exercise platform
CHLORAMPHENICOL_EXPORTER	6	0.000613395539104	SRR17140456	non-PMA	F6_S3	F6_S3	F6	S3	Exercise platform
BPEF	188	0.00860449601665	SRR17140456	non-PMA	F6_S3	F6_S3	F6	S3	Exercise platform
VGAA	55	0.00511652568936	SRR17140456	non-PMA	F6_S3	F6_S3	F6	S3	Exercise platform
MSBA	148	0.0123487131727	SRR17140456	non-PMA	F6_S3	F6_S3	F6	S3	Exercise platform
RBPA	2	0.000851938248755	SRR17140456	non-PMA	F6_S3	F6_S3	F6	S3	Exercise platform
MULTIDRUG_ABC_TRANSPORTER	620	0.0520890963858	SRR17140456	non-PMA	F6_S3	F6_S3	F6	S3	Exercise platform
PBP-2X	6	0.000388483841432	SRR17140456	non-PMA	F6_S3	F6_S3	F6	S3	Exercise platform
LMRD	2	0.000146708399332	SRR17140456	non-PMA	F6_S3	F6_S3	F6	S3	Exercise platform
LMRC	2	0.000169791888738	SRR17140456	non-PMA	F6_S3	F6_S3	F6	S3	Exercise platform
MPHC	40	0.00649638530823	SRR17140456	non-PMA	F6_S3	F6_S3	F6	S3	Exercise platform
AXYY	2	9.2938718046e-05	SRR17140456	non-PMA	F6_S3	F6_S3	F6	S3	Exercise platform
APH(6)-I	4	0.000730232784647	SRR17140456	non-PMA	F6_S3	F6_S3	F6	S3	Exercise platform
MEXF	3124	0.142846459585	SRR17140456	non-PMA	F6_S3	F6_S3	F6	S3	Exercise platform
FMTC	62	0.00358422591798	SRR17140456	non-PMA	F6_S3	F6_S3	F6	S3	Exercise platform
MEXD	253	0.0117792919322	SRR17140456	non-PMA	F6_S3	F6_S3	F6	S3	Exercise platform
MTRE	1	0.0001039838976	SRR17140456	non-PMA	F6_S3	F6_S3	F6	S3	Exercise platform
MTRD	143	0.00650810559101	SRR17140456	non-PMA	F6_S3	F6_S3	F6	S3	Exercise platform
CLASS_A	40	0.00647473069054	SRR17140456	non-PMA	F6_S3	F6_S3	F6	S3	Exercise platform
MTRA	7	0.00149089193532	SRR17140456	non-PMA	F6_S3	F6_S3	F6	S3	Exercise platform
MEFA	5	0.000599512100976	SRR17140456	non-PMA	F6_S3	F6_S3	F6	S3	Exercise platform
MSRE	1	9.89011816274e-05	SRR17140456	non-PMA	F6_S3	F6_S3	F6	S3	Exercise platform
ROSA	1	0.000118440195559	SRR17140456	non-PMA	F6_S3	F6_S3	F6	S3	Exercise platform
AMRB	391	0.018169519378	SRR17140456	non-PMA	F6_S3	F6_S3	F6	S3	Exercise platform
MSRA	81	0.00806024363628	SRR17140456	non-PMA	F6_S3	F6_S3	F6	S3	Exercise platform
NORB	4	0.000416828156043	SRR17140456	non-PMA	F6_S3	F6_S3	F6	S3	Exercise platform
NORA	61	0.00763450848176	SRR17140456	non-PMA	F6_S3	F6_S3	F6	S3	Exercise platform
MTRR	1	0.000269780445439	SRR17140456	non-PMA	F6_S3	F6_S3	F6	S3	Exercise platform
APH(3''')-III	2	0.000367882425599	SRR17140456	non-PMA	F6_S3	F6_S3	F6	S3	Exercise platform
MAJOR_FACILITATOR_SUPERFAMILY_TRANSPORTER	95	0.0118592432314	SRR17140456	non-PMA	F6_S3	F6_S3	F6	S3	Exercise platform
CEOB	917	0.0433592602962	SRR17140456	non-PMA	F6_S3	F6_S3	F6	S3	Exercise platform
CAMP-REGULATORY_PROTEIN	2	0.000595834112626	SRR17140456	non-PMA	F6_S3	F6_S3	F6	S3	Exercise platform
STAPHYLOCOCCUS_MUPA_CONFERRING_RESISTANCE_TO_MUPIROCIN	2	9.48446878497e-05	SRR17140456	non-PMA	F6_S3	F6_S3	F6	S3	Exercise platform
AAC(6')-IE-APH(2'')-IA	2	0.00020275774605	SRR17140456	non-PMA	F6_S3	F6_S3	F6	S3	Exercise platform
DFRC	26	0.00784206512208	SRR17140456	non-PMA	F6_S3	F6_S3	F6	S3	Exercise platform
DFRF	1	0.000296100488897	SRR17140456	non-PMA	F6_S3	F6_S3	F6	S3	Exercise platform
LSAC	5	0.000493500814828	SRR17140456	non-PMA	F6_S3	F6_S3	F6	S3	Exercise platform
UGD	7	0.000876091137251	SRR17140456	non-PMA	F6_S3	F6_S3	F6	S3	Exercise platform
MDTC	236	0.0111807544607	SRR17140456	non-PMA	F6_S3	F6_S3	F6	S3	Exercise platform
MDTB	692	0.0323113964268	SRR17140456	non-PMA	F6_S3	F6_S3	F6	S3	Exercise platform
MDTG	6	0.000724783286254	SRR17140456	non-PMA	F6_S3	F6_S3	F6	S3	Exercise platform
MDTK	2	0.00020489654084	SRR17140456	non-PMA	F6_S3	F6_S3	F6	S3	Exercise platform
MDTH	1	0.000120797214376	SRR17140456	non-PMA	F6_S3	F6_S3	F6	S3	Exercise platform
MECR1	2	0.000296100488897	SRR17140456	non-PMA	F6_S3	F6_S3	F6	S3	Exercise platform
APH(3')-I	4	0.000716759855041	SRR17140456	non-PMA	F6_S3	F6_S3	F6	S3	Exercise platform
BLEOMYCIN_RESISTANCE_PROTEIN	2	0.00105566261259	SRR17140456	non-PMA	F6_S3	F6_S3	F6	S3	Exercise platform
EFRB	1	0.00013414497287	SRR17140456	non-PMA	F6_S3	F6_S3	F6	S3	Exercise platform
MUXB	270	0.0125707858565	SRR17140456	non-PMA	F6_S3	F6_S3	F6	S3	Exercise platform
MUXC	85	0.0039842092811	SRR17140456	non-PMA	F6_S3	F6_S3	F6	S3	Exercise platform
BIFUNCTIONAL_AMINOGLYCOSIDE_N-ACETYLTRANSFERASE_AND_AMINOGLYCOSIDE_PHOSPHOTRANSFERASE	2	0.000197802363255	SRR17140456	non-PMA	F6_S3	F6_S3	F6	S3	Exercise platform
EMRB	4	0.000379378751399	SRR17140456	non-PMA	F6_S3	F6_S3	F6	S3	Exercise platform
ERM(33)	1	0.000199837366992	SRR17140456	non-PMA	F6_S3	F6_S3	F6	S3	Exercise platform
ABCA	3	0.000100331570618	SRR17140456	non-PMA	F6_S3	F6_S3	F6	S3	Exercise platform
ERMB	1	0.000198206041547	SRR17140456	non-PMA	F6_S3	F6_S3	F6	S3	Exercise platform
ERMC	25	0.00497545903474	SRR17140456	non-PMA	F6_S3	F6_S3	F6	S3	Exercise platform
FOSB	9	0.0031442037526	SRR17140456	non-PMA	F6_S3	F6_S3	F6	S3	Exercise platform
ERMX	25	0.00479846642085	SRR17140456	non-PMA	F6_S3	F6_S3	F6	S3	Exercise platform
TETB(60)	1	8.38695685303e-05	SRR17140456	non-PMA	F6_S3	F6_S3	F6	S3	Exercise platform
OPMH	1	0.000100747884189	SRR17140456	non-PMA	F6_S3	F6_S3	F6	S3	Exercise platform
TETQ	1	7.39124508053e-05	SRR17140456	non-PMA	F6_S3	F6_S3	F6	S3	Exercise platform
MECA	3	0.000218085988828	SRR17140456	non-PMA	F6_S3	F6_S3	F6	S3	Exercise platform
TETW	2	0.000151988983346	SRR17140456	non-PMA	F6_S3	F6_S3	F6	S3	Exercise platform
TETM	1	7.5994491673e-05	SRR17140456	non-PMA	F6_S3	F6_S3	F6	S3	Exercise platform
PENA	6	0.000467677176684	SRR17140456	non-PMA	F6_S3	F6_S3	F6	S3	Exercise platform
RIFAMPIN_MONOOXYGENASE	6	0.000609545776306	SRR17140456	non-PMA	F6_S3	F6_S3	F6	S3	Exercise platform
TETA	9	0.00104058171812	SRR17140456	non-PMA	F6_S3	F6_S3	F6	S3	Exercise platform
QACB	61	0.00576301418467	SRR17140456	non-PMA	F6_S3	F6_S3	F6	S3	Exercise platform
QACA	4	0.000377902569487	SRR17140456	non-PMA	F6_S3	F6_S3	F6	S3	Exercise platform
TETB	21	0.00226615574169	SRR17140456	non-PMA	F6_S3	F6_S3	F6	S3	Exercise platform
QACG	1	0.000453836263356	SRR17140456	non-PMA	F6_S3	F6_S3	F6	S3	Exercise platform
CAT_CHLORAMPHENICOL_ACETYLTRANSFERASE	6	0.00135517619104	SRR17140456	non-PMA	F6_S3	F6_S3	F6	S3	Exercise platform
AADD	1	0.000191938656834	SRR17140456	non-PMA	F6_S3	F6_S3	F6	S3	Exercise platform
AADE	2	0.00040979308168	SRR17140456	non-PMA	F6_S3	F6_S3	F6	S3	Exercise platform
TRIC	845	0.0404271977845	SRR17140456	non-PMA	F6_S3	F6_S3	F6	S3	Exercise platform
FUSD	6	0.00136790085011	SRR17140456	non-PMA	F6_S3	F6_S3	F6	S3	Exercise platform
FUSB	1	0.000227983475019	SRR17140456	non-PMA	F6_S3	F6_S3	F6	S3	Exercise platform
FUSC	1	0.000229058868769	SRR17140456	non-PMA	F6_S3	F6_S3	F6	S3	Exercise platform
TRUNCATED_PUTATIVE_RESPONSE_REGULATOR_ARLR	27	0.00598690851523	SRR17140456	non-PMA	F6_S3	F6_S3	F6	S3	Exercise platform
TET32	1	7.5994491673e-05	SRR17140456	non-PMA	F6_S3	F6_S3	F6	S3	Exercise platform
TETA(46)	1	8.46001396848e-05	SRR17140456	non-PMA	F6_S3	F6_S3	F6	S3	Exercise platform
MEL	10	0.000997135116613	SRR17140456	non-PMA	F6_S3	F6_S3	F6	S3	Exercise platform
TET(K)	26	0.00275070258095	SRR17140456	non-PMA	F6_S3	F6_S3	F6	S3	Exercise platform
MARR	44	0.0145351097135	SRR17140456	non-PMA	F6_S3	F6_S3	F6	S3	Exercise platform
FARB	1	9.55914964155e-05	SRR17140456	non-PMA	F6_S3	F6_S3	F6	S3	Exercise platform
EMRB-QACA_FAMILY_MAJOR_FACILITATOR_TRANSPORTER	61	0.00615839769422	SRR17140456	non-PMA	F6_S3	F6_S3	F6	S3	Exercise platform
PATB	7	0.000876091137251	SRR17140456	non-PMA	F6_S3	F6_S3	F6	S3	Exercise platform
MEXY	7	0.000325285513161	SRR17140456	non-PMA	F6_S3	F6_S3	F6	S3	Exercise platform
MEXV	1	0.000129150213242	SRR17140456	non-PMA	F6_S3	F6_S3	F6	S3	Exercise platform
RLMA(II)	2	0.000344400568646	SRR17140456	non-PMA	F6_S3	F6_S3	F6	S3	Exercise platform
CFXA2	1	0.000151278754452	SRR17140456	non-PMA	F6_S3	F6_S3	F6	S3	Exercise platform
MEXQ	1	4.61163154597e-05	SRR17140456	non-PMA	F6_S3	F6_S3	F6	S3	Exercise platform
MEXN	84	0.00393733623073	SRR17140456	non-PMA	F6_S3	F6_S3	F6	S3	Exercise platform
ADEF	1118	0.051265927139	SRR17140456	non-PMA	F6_S3	F6_S3	F6	S3	Exercise platform
MEPR	4	0.00139742389004	SRR17140456	non-PMA	F6_S3	F6_S3	F6	S3	Exercise platform
MEXK	1	4.73760782235e-05	SRR17140456	non-PMA	F6_S3	F6_S3	F6	S3	Exercise platform
ADEB	197	0.00923399092208	SRR17140456	non-PMA	F6_S3	F6_S3	F6	S3	Exercise platform
ADEL	1	0.000144096380353	SRR17140456	non-PMA	F6_S3	F6_S3	F6	S3	Exercise platform
ADEN	1	0.00022378101465	SRR17140456	non-PMA	F6_S3	F6_S3	F6	S3	Exercise platform
MEXB	90	0.00417824399246	SRR17140456	non-PMA	F6_S3	F6_S3	F6	S3	Exercise platform
ADEK	1	0.000100331570618	SRR17140456	non-PMA	F6_S3	F6_S3	F6	S3	Exercise platform
OQXB	94	0.00434731917793	SRR17140456	non-PMA	F6_S3	F6_S3	F6	S3	Exercise platform
SMEB	2	9.25843282727e-05	SRR17140456	non-PMA	F6_S3	F6_S3	F6	S3	Exercise platform
MACB	275	0.0207362298901	SRR17140456	non-PMA	F6_S3	F6_S3	F6	S3	Exercise platform
MACA	3	0.000392672346461	SRR17140456	non-PMA	F6_S3	F6_S3	F6	S3	Exercise platform
ERM(44)	4	0.000773872194088	SRR17140456	non-PMA	F6_S3	F6_S3	F6	S3	Exercise platform
SMER	1	0.000212054498598	SRR17140456	non-PMA	F6_S3	F6_S3	F6	S3	Exercise platform
PBP-1B	5	0.000295739830567	SRR17140456	non-PMA	F6_S3	F6_S3	F6	S3	Exercise platform
PBP-1A	9	0.000607850238681	SRR17140456	non-PMA	F6_S3	F6_S3	F6	S3	Exercise platform
RPOB2	1052	0.0439635328299	SRR17140456	non-PMA	F6_S3	F6_S3	F6	S3	Exercise platform
ARLS	26	0.00279949553139	SRR17140456	non-PMA	F6_S3	F6_S3	F6	S3	Exercise platform
MEPA	15	0.00345216683737	SRR17140456	non-PMA	F6_S3	F6_S3	F6	S3	Exercise platform
ACRB	282	0.013142087726	SRR17140456	non-PMA	F6_S3	F6_S3	F6	S3	Exercise platform
CATQ	1	0.000221737352416	SRR17140456	non-PMA	F6_S3	F6_S3	F6	S3	Exercise platform
TRANSCRIPTIONAL_REGULATORY_PROTEIN_CPXR_CPXR	152	0.0318154870139	SRR17140456	non-PMA	F6_S3	F6_S3	F6	S3	Exercise platform
TOLC	1	9.81019801597e-05	SRR17140456	non-PMA	F6_S3	F6_S3	F6	S3	Exercise platform
LNUE	2	0.00102825548415	SRR17140458	non-PMA	F6_S2	F6_S2	F6	S2	Waste compartment
BLAZ	17	0.0053809597489	SRR17140458	non-PMA	F6_S2	F6_S2	F6	S2	Waste compartment
LNUA	79	0.0436433779561	SRR17140458	non-PMA	F6_S2	F6_S2	F6	S2	Waste compartment
LNUC	3	0.00162702620815	SRR17140458	non-PMA	F6_S2	F6_S2	F6	S2	Waste compartment
BACA	860	0.280190203172	SRR17140458	non-PMA	F6_S2	F6_S2	F6	S2	Waste compartment
CTX-M	1	0.000305649826044	SRR17140458	non-PMA	F6_S2	F6_S2	F6	S2	Waste compartment
ERM(TR)	21	0.00768652710682	SRR17140458	non-PMA	F6_S2	F6_S2	F6	S2	Waste compartment
VGAC	1	0.00117031709709	SRR17140458	non-PMA	F6_S2	F6_S2	F6	S2	Waste compartment
COB(I)ALAMIN_ADENOLSYLTRANSFERASE	1	0.000453796425402	SRR17140458	non-PMA	F6_S2	F6_S2	F6	S2	Waste compartment
OMPF	3	0.000760205977597	SRR17140458	non-PMA	F6_S2	F6_S2	F6	S2	Waste compartment
CHLORAMPHENICOL_EXPORTER	7	0.00131075514874	SRR17140458	non-PMA	F6_S2	F6_S2	F6	S2	Waste compartment
TET(42)	3	0.000623439948917	SRR17140458	non-PMA	F6_S2	F6_S2	F6	S2	Waste compartment
VGAA	1419	0.241784821875	SRR17140458	non-PMA	F6_S2	F6_S2	F6	S2	Waste compartment
ABCA	2	0.00012251253358	SRR17140458	non-PMA	F6_S2	F6_S2	F6	S2	Waste compartment
RBPA	19	0.0148240165631	SRR17140458	non-PMA	F6_S2	F6_S2	F6	S2	Waste compartment
OMPR	21	0.00819221967963	SRR17140458	non-PMA	F6_S2	F6_S2	F6	S2	Waste compartment
MULTIDRUG_ABC_TRANSPORTER	1058	0.16280771132	SRR17140458	non-PMA	F6_S2	F6_S2	F6	S2	Waste compartment
TET44	2	0.000277950310559	SRR17140458	non-PMA	F6_S2	F6_S2	F6	S2	Waste compartment
TET40	1	0.000219074136401	SRR17140458	non-PMA	F6_S2	F6_S2	F6	S2	Waste compartment
LMRP	4	0.000876296545605	SRR17140458	non-PMA	F6_S2	F6_S2	F6	S2	Waste compartment
MDFA	5	0.00108468413877	SRR17140458	non-PMA	F6_S2	F6_S2	F6	S2	Waste compartment
PBP-2X	94	0.0111476604555	SRR17140458	non-PMA	F6_S2	F6_S2	F6	S2	Waste compartment
LMRD	33	0.00443376930439	SRR17140458	non-PMA	F6_S2	F6_S2	F6	S2	Waste compartment
LMRC	19	0.00295443686748	SRR17140458	non-PMA	F6_S2	F6_S2	F6	S2	Waste compartment
MEXK	7	0.000607423117709	SRR17140458	non-PMA	F6_S2	F6_S2	F6	S2	Waste compartment
MPHC	406	0.120773593137	SRR17140458	non-PMA	F6_S2	F6_S2	F6	S2	Waste compartment
MTRD	14	0.00116702660853	SRR17140458	non-PMA	F6_S2	F6_S2	F6	S2	Waste compartment
APH(6)-I	2	0.000668752626909	SRR17140458	non-PMA	F6_S2	F6_S2	F6	S2	Waste compartment
MDTK	15	0.00281468668921	SRR17140458	non-PMA	F6_S2	F6_S2	F6	S2	Waste compartment
VANRI	3	0.00115013921611	SRR17140458	non-PMA	F6_S2	F6_S2	F6	S2	Waste compartment
FMTC	639	0.0676610470275	SRR17140458	non-PMA	F6_S2	F6_S2	F6	S2	Waste compartment
MTRE	6	0.00114275074148	SRR17140458	non-PMA	F6_S2	F6_S2	F6	S2	Waste compartment
MEFE	1	0.000220704961238	SRR17140458	non-PMA	F6_S2	F6_S2	F6	S2	Waste compartment
CLASS_A	395	0.117109730849	SRR17140458	non-PMA	F6_S2	F6_S2	F6	S2	Waste compartment
MTRA	30	0.0117031709709	SRR17140458	non-PMA	F6_S2	F6_S2	F6	S2	Waste compartment
MEFA	44	0.00966306264857	SRR17140458	non-PMA	F6_S2	F6_S2	F6	S2	Waste compartment
MTRC	2	0.000431767472713	SRR17140458	non-PMA	F6_S2	F6_S2	F6	S2	Waste compartment
MDSC	2	0.000353654470691	SRR17140458	non-PMA	F6_S2	F6_S2	F6	S2	Waste compartment
MSRE	3	0.000543446635716	SRR17140458	non-PMA	F6_S2	F6_S2	F6	S2	Waste compartment
ROSA	1	0.000216936827753	SRR17140458	non-PMA	F6_S2	F6_S2	F6	S2	Waste compartment
AMRB	2	0.000170227941395	SRR17140458	non-PMA	F6_S2	F6_S2	F6	S2	Waste compartment
MSRA	730	0.133051624071	SRR17140458	non-PMA	F6_S2	F6_S2	F6	S2	Waste compartment
NORB	75	0.0143150374537	SRR17140458	non-PMA	F6_S2	F6_S2	F6	S2	Waste compartment
NORA	839	0.192330153038	SRR17140458	non-PMA	F6_S2	F6_S2	F6	S2	Waste compartment
AAD(9)	45	0.0153941710463	SRR17140458	non-PMA	F6_S2	F6_S2	F6	S2	Waste compartment
MTRR	3	0.00148240165631	SRR17140458	non-PMA	F6_S2	F6_S2	F6	S2	Waste compartment
TETO	41	0.0057068983952	SRR17140458	non-PMA	F6_S2	F6_S2	F6	S2	Waste compartment
APH(2'')-IF	2	0.000598950164168	SRR17140458	non-PMA	F6_S2	F6_S2	F6	S2	Waste compartment
VANSD	3	0.00114520299629	SRR17140458	non-PMA	F6_S2	F6_S2	F6	S2	Waste compartment
APH(3''')-III	9	0.0030321852061	SRR17140458	non-PMA	F6_S2	F6_S2	F6	S2	Waste compartment
MAJOR_FACILITATOR_SUPERFAMILY_TRANSPORTER	979	0.223846460905	SRR17140458	non-PMA	F6_S2	F6_S2	F6	S2	Waste compartment
CAMP-REGULATORY_PROTEIN	21	0.0114590557482	SRR17140458	non-PMA	F6_S2	F6_S2	F6	S2	Waste compartment
STAPHYLOCOCCUS_MUPA_CONFERRING_RESISTANCE_TO_MUPIROCIN	3	0.000260578416149	SRR17140458	non-PMA	F6_S2	F6_S2	F6	S2	Waste compartment
AAC(6')-IE-APH(2'')-IA	8	0.00148549644057	SRR17140458	non-PMA	F6_S2	F6_S2	F6	S2	Waste compartment
VANR	27	0.0104868588787	SRR17140458	non-PMA	F6_S2	F6_S2	F6	S2	Waste compartment
ROSB	9	0.00147421159192	SRR17140458	non-PMA	F6_S2	F6_S2	F6	S2	Waste compartment
YOJI	1	0.000162603472356	SRR17140458	non-PMA	F6_S2	F6_S2	F6	S2	Waste compartment
DFRC	331	0.182860229158	SRR17140458	non-PMA	F6_S2	F6_S2	F6	S2	Waste compartment
DFRF	12	0.0065081048326	SRR17140458	non-PMA	F6_S2	F6_S2	F6	S2	Waste compartment
DFRG	1	0.000539055147751	SRR17140458	non-PMA	F6_S2	F6_S2	F6	S2	Waste compartment
LSAC	16	0.00289249103671	SRR17140458	non-PMA	F6_S2	F6_S2	F6	S2	Waste compartment
LSAE	2	0.000360097568336	SRR17140458	non-PMA	F6_S2	F6_S2	F6	S2	Waste compartment
UGD	113	0.0259038227573	SRR17140458	non-PMA	F6_S2	F6_S2	F6	S2	Waste compartment
MDTB	5	0.000427615862398	SRR17140458	non-PMA	F6_S2	F6_S2	F6	S2	Waste compartment
MDTA	1	0.000214323131033	SRR17140458	non-PMA	F6_S2	F6_S2	F6	S2	Waste compartment
MDTG	51	0.0112839529063	SRR17140458	non-PMA	F6_S2	F6_S2	F6	S2	Waste compartment
MDTF	2	0.000171541175273	SRR17140458	non-PMA	F6_S2	F6_S2	F6	S2	Waste compartment
MDTD	8	0.00151072780261	SRR17140458	non-PMA	F6_S2	F6_S2	F6	S2	Waste compartment
LLMA_23S_RIBOSOMAL_RNA_METHYLTRANSFERASE	7	0.00216936827753	SRR17140458	non-PMA	F6_S2	F6_S2	F6	S2	Waste compartment
ANT(9)-I	1	0.000346085989801	SRR17140458	non-PMA	F6_S2	F6_S2	F6	S2	Waste compartment
MDTH	11	0.0024337937641	SRR17140458	non-PMA	F6_S2	F6_S2	F6	S2	Waste compartment
CPXA	4	0.000778504152113	SRR17140458	non-PMA	F6_S2	F6_S2	F6	S2	Waste compartment
MDTL	3	0.000682435545107	SRR17140458	non-PMA	F6_S2	F6_S2	F6	S2	Waste compartment
TETB(60)	3	0.000460850255849	SRR17140458	non-PMA	F6_S2	F6_S2	F6	S2	Waste compartment
VANS	27	0.00537246237859	SRR17140458	non-PMA	F6_S2	F6_S2	F6	S2	Waste compartment
MECR1	19	0.00515224965914	SRR17140458	non-PMA	F6_S2	F6_S2	F6	S2	Waste compartment
VANU	4	0.00474368530021	SRR17140458	non-PMA	F6_S2	F6_S2	F6	S2	Waste compartment
APH(2'')-II	1	0.000297471904277	SRR17140458	non-PMA	F6_S2	F6_S2	F6	S2	Waste compartment
VANW	1	0.00032343308865	SRR17140458	non-PMA	F6_S2	F6_S2	F6	S2	Waste compartment
VANY	1	0.000272000303911	SRR17140458	non-PMA	F6_S2	F6_S2	F6	S2	Waste compartment
OPMH	5	0.000922656632561	SRR17140458	non-PMA	F6_S2	F6_S2	F6	S2	Waste compartment
TETC	2	0.000902985780496	SRR17140458	non-PMA	F6_S2	F6_S2	F6	S2	Waste compartment
BCRA	4	0.00115137992723	SRR17140458	non-PMA	F6_S2	F6_S2	F6	S2	Waste compartment
VANB	1	0.00026007046602	SRR17140458	non-PMA	F6_S2	F6_S2	F6	S2	Waste compartment
VAND	1	0.000259312243087	SRR17140458	non-PMA	F6_S2	F6_S2	F6	S2	Waste compartment
VANG	1	0.000350173619602	SRR17140458	non-PMA	F6_S2	F6_S2	F6	S2	Waste compartment
APH(3')-I	5	0.00164103504389	SRR17140458	non-PMA	F6_S2	F6_S2	F6	S2	Waste compartment
BLEOMYCIN_RESISTANCE_PROTEIN	5	0.0048339184445	SRR17140458	non-PMA	F6_S2	F6_S2	F6	S2	Waste compartment
EFRB	30	0.00737105795958	SRR17140458	non-PMA	F6_S2	F6_S2	F6	S2	Waste compartment
EFRA	8	0.00146711916501	SRR17140458	non-PMA	F6_S2	F6_S2	F6	S2	Waste compartment
VANA	1	0.000261600292291	SRR17140458	non-PMA	F6_S2	F6_S2	F6	S2	Waste compartment
TETA(60)	2	0.000307233503899	SRR17140458	non-PMA	F6_S2	F6_S2	F6	S2	Waste compartment
BAER	4	0.00148240165631	SRR17140458	non-PMA	F6_S2	F6_S2	F6	S2	Waste compartment
BAES	1	0.000190458456914	SRR17140458	non-PMA	F6_S2	F6_S2	F6	S2	Waste compartment
EMRR	1	0.000505364201016	SRR17140458	non-PMA	F6_S2	F6_S2	F6	S2	Waste compartment
EMRB-QACA_FAMILY_MAJOR_FACILITATOR_TRANSPORTER	863	0.159581616973	SRR17140458	non-PMA	F6_S2	F6_S2	F6	S2	Waste compartment
PMRF	6	0.00165734346669	SRR17140458	non-PMA	F6_S2	F6_S2	F6	S2	Waste compartment
BIFUNCTIONAL_AMINOGLYCOSIDE_N-ACETYLTRANSFERASE_AND_AMINOGLYCOSIDE_PHOSPHOTRANSFERASE	17	0.00307953093573	SRR17140458	non-PMA	F6_S2	F6_S2	F6	S2	Waste compartment
STREPTOMYCIN_RESISTANCE_PROTEIN	10	0.00315404607727	SRR17140458	non-PMA	F6_S2	F6_S2	F6	S2	Waste compartment
EMRK	1	0.000229829714157	SRR17140458	non-PMA	F6_S2	F6_S2	F6	S2	Waste compartment
EMRA	8	0.00182449434623	SRR17140458	non-PMA	F6_S2	F6_S2	F6	S2	Waste compartment
EMRB	23	0.00399553571429	SRR17140458	non-PMA	F6_S2	F6_S2	F6	S2	Waste compartment
EMRD	2	0.000451492890248	SRR17140458	non-PMA	F6_S2	F6_S2	F6	S2	Waste compartment
ADC-5	1	0.000232230024488	SRR17140458	non-PMA	F6_S2	F6_S2	F6	S2	Waste compartment
ERM(33)	6	0.00219615060195	SRR17140458	non-PMA	F6_S2	F6_S2	F6	S2	Waste compartment
APH(3'')-I	7	0.00228900255754	SRR17140458	non-PMA	F6_S2	F6_S2	F6	S2	Waste compartment
ERMB	44	0.0159736341742	SRR17140458	non-PMA	F6_S2	F6_S2	F6	S2	Waste compartment
ERMC	189	0.0688952245189	SRR17140458	non-PMA	F6_S2	F6_S2	F6	S2	Waste compartment
FOSB	33	0.0211162250324	SRR17140458	non-PMA	F6_S2	F6_S2	F6	S2	Waste compartment
ERMA	29	0.00898738286407	SRR17140458	non-PMA	F6_S2	F6_S2	F6	S2	Waste compartment
ERMF	10	0.00334376313454	SRR17140458	non-PMA	F6_S2	F6_S2	F6	S2	Waste compartment
ERMG	4	0.00145809998982	SRR17140458	non-PMA	F6_S2	F6_S2	F6	S2	Waste compartment
HMRM	9	0.00172520882416	SRR17140458	non-PMA	F6_S2	F6_S2	F6	S2	Waste compartment
ERMX	86	0.0302339626347	SRR17140458	non-PMA	F6_S2	F6_S2	F6	S2	Waste compartment
TETW	90	0.0125273379407	SRR17140458	non-PMA	F6_S2	F6_S2	F6	S2	Waste compartment
BLEO	2	0.00132752387133	SRR17140458	non-PMA	F6_S2	F6_S2	F6	S2	Waste compartment
MEXB	17	0.00144555419641	SRR17140458	non-PMA	F6_S2	F6_S2	F6	S2	Waste compartment
ESCHERICHIA_COLI_LAMB	1	0.000199426231791	SRR17140458	non-PMA	F6_S2	F6_S2	F6	S2	Waste compartment
TETX	5	0.00115212563962	SRR17140458	non-PMA	F6_S2	F6_S2	F6	S2	Waste compartment
MECI	6	0.00433873655507	SRR17140458	non-PMA	F6_S2	F6_S2	F6	S2	Waste compartment
TETQ	49	0.00663357818807	SRR17140458	non-PMA	F6_S2	F6_S2	F6	S2	Waste compartment
TETP	5	0.00105634322303	SRR17140458	non-PMA	F6_S2	F6_S2	F6	S2	Waste compartment
MECA	19	0.00252984713802	SRR17140458	non-PMA	F6_S2	F6_S2	F6	S2	Waste compartment
SUL2	1	0.000328207008778	SRR17140458	non-PMA	F6_S2	F6_S2	F6	S2	Waste compartment
TETM	216	0.0300656110577	SRR17140458	non-PMA	F6_S2	F6_S2	F6	S2	Waste compartment
SERRATIA_MARCESCENS_OMP1	1	0.000237818447537	SRR17140458	non-PMA	F6_S2	F6_S2	F6	S2	Waste compartment
PENA	14	0.00199874380627	SRR17140458	non-PMA	F6_S2	F6_S2	F6	S2	Waste compartment
TETA	29	0.00614137829045	SRR17140458	non-PMA	F6_S2	F6_S2	F6	S2	Waste compartment
QACB	724	0.125283128308	SRR17140458	non-PMA	F6_S2	F6_S2	F6	S2	Waste compartment
QACA	129	0.0223225463422	SRR17140458	non-PMA	F6_S2	F6_S2	F6	S2	Waste compartment
TETB	189	0.0373565217391	SRR17140458	non-PMA	F6_S2	F6_S2	F6	S2	Waste compartment
KDPE	5	0.00197653554175	SRR17140458	non-PMA	F6_S2	F6_S2	F6	S2	Waste compartment
TETD	1	0.000225746445124	SRR17140458	non-PMA	F6_S2	F6_S2	F6	S2	Waste compartment
TETL	1	0.000194201090347	SRR17140458	non-PMA	F6_S2	F6_S2	F6	S2	Waste compartment
ERM(39)	2	0.000723122759178	SRR17140458	non-PMA	F6_S2	F6_S2	F6	S2	Waste compartment
AADA	1	0.000338190491935	SRR17140458	non-PMA	F6_S2	F6_S2	F6	S2	Waste compartment
TRIC	8	0.000701037236484	SRR17140458	non-PMA	F6_S2	F6_S2	F6	S2	Waste compartment
CAT_CHLORAMPHENICOL_ACETYLTRANSFERASE	12	0.0049643218258	SRR17140458	non-PMA	F6_S2	F6_S2	F6	S2	Waste compartment
AADD	43	0.0151169813174	SRR17140458	non-PMA	F6_S2	F6_S2	F6	S2	Waste compartment
AADE	24	0.00900699740546	SRR17140458	non-PMA	F6_S2	F6_S2	F6	S2	Waste compartment
BICYCLOMYCIN-MULTIDRUG_EFFLUX_PROTEIN_BCR	5	0.00112303155781	SRR17140458	non-PMA	F6_S2	F6_S2	F6	S2	Waste compartment
TRIA	1	0.000232230024488	SRR17140458	non-PMA	F6_S2	F6_S2	F6	S2	Waste compartment
KASUGAMYCIN_RESISTANCE_PROTEIN_KSGA	10	0.00325802561827	SRR17140458	non-PMA	F6_S2	F6_S2	F6	S2	Waste compartment
FUSD	3	0.00125273379407	SRR17140458	non-PMA	F6_S2	F6_S2	F6	S2	Waste compartment
TAEA	3	0.000411778237865	SRR17140458	non-PMA	F6_S2	F6_S2	F6	S2	Waste compartment
FUSB	8	0.00334062345085	SRR17140458	non-PMA	F6_S2	F6_S2	F6	S2	Waste compartment
FUSC	3	0.00125864291574	SRR17140458	non-PMA	F6_S2	F6_S2	F6	S2	Waste compartment
TRUNCATED_PUTATIVE_RESPONSE_REGULATOR_ARLR	424	0.172202274597	SRR17140458	non-PMA	F6_S2	F6_S2	F6	S2	Waste compartment
SAT-4	2	0.000988267770876	SRR17140458	non-PMA	F6_S2	F6_S2	F6	S2	Waste compartment
YKKD	1	0.000855231724797	SRR17140458	non-PMA	F6_S2	F6_S2	F6	S2	Waste compartment
TETA(46)	3	0.0004648646309	SRR17140458	non-PMA	F6_S2	F6_S2	F6	S2	Waste compartment
TETB(46)	3	0.000461647574631	SRR17140458	non-PMA	F6_S2	F6_S2	F6	S2	Waste compartment
MEL	86	0.0157067608759	SRR17140458	non-PMA	F6_S2	F6_S2	F6	S2	Waste compartment
ARNA	7	0.000940496519112	SRR17140458	non-PMA	F6_S2	F6_S2	F6	S2	Waste compartment
TET(K)	302	0.0585209542754	SRR17140458	non-PMA	F6_S2	F6_S2	F6	S2	Waste compartment
MARR	398	0.240814636414	SRR17140458	non-PMA	F6_S2	F6_S2	F6	S2	Waste compartment
TET(38)	26	0.00513899240856	SRR17140458	non-PMA	F6_S2	F6_S2	F6	S2	Waste compartment
FARB	5	0.000875434049005	SRR17140458	non-PMA	F6_S2	F6_S2	F6	S2	Waste compartment
MUXB	1	8.52771806125e-05	SRR17140458	non-PMA	F6_S2	F6_S2	F6	S2	Waste compartment
PATA	6	0.00116266796574	SRR17140458	non-PMA	F6_S2	F6_S2	F6	S2	Waste compartment
PATB	34	0.00779407056413	SRR17140458	non-PMA	F6_S2	F6_S2	F6	S2	Waste compartment
CMEB	1	8.55231724797e-05	SRR17140458	non-PMA	F6_S2	F6_S2	F6	S2	Waste compartment
OPRJ	1	0.000185687055071	SRR17140458	non-PMA	F6_S2	F6_S2	F6	S2	Waste compartment
OPRN	1	0.000188440888515	SRR17140458	non-PMA	F6_S2	F6_S2	F6	S2	Waste compartment
MEXX	2	0.000449212623126	SRR17140458	non-PMA	F6_S2	F6_S2	F6	S2	Waste compartment
MEPA	177	0.0746118748344	SRR17140458	non-PMA	F6_S2	F6_S2	F6	S2	Waste compartment
CFXA6	2	0.00053742658235	SRR17140458	non-PMA	F6_S2	F6_S2	F6	S2	Waste compartment
MEXT	5	0.00146289637136	SRR17140458	non-PMA	F6_S2	F6_S2	F6	S2	Waste compartment
RLMA(II)	36	0.0113545658782	SRR17140458	non-PMA	F6_S2	F6_S2	F6	S2	Waste compartment
CFXA2	5	0.00138542210871	SRR17140458	non-PMA	F6_S2	F6_S2	F6	S2	Waste compartment
TET(40)	1	0.000219074136401	SRR17140458	non-PMA	F6_S2	F6_S2	F6	S2	Waste compartment
MEXN	1	8.58533777788e-05	SRR17140458	non-PMA	F6_S2	F6_S2	F6	S2	Waste compartment
MSBA	11	0.00168107404324	SRR17140458	non-PMA	F6_S2	F6_S2	F6	S2	Waste compartment
MEXL	1	0.00041954763858	SRR17140458	non-PMA	F6_S2	F6_S2	F6	S2	Waste compartment
MEPR	49	0.0313543947451	SRR17140458	non-PMA	F6_S2	F6_S2	F6	S2	Waste compartment
ADEA	1	0.000621986708943	SRR17140458	non-PMA	F6_S2	F6_S2	F6	S2	Waste compartment
TET32	25	0.00347981609464	SRR17140458	non-PMA	F6_S2	F6_S2	F6	S2	Waste compartment
MEXF	5	0.000418757530032	SRR17140458	non-PMA	F6_S2	F6_S2	F6	S2	Waste compartment
MEXD	1	8.52771806125e-05	SRR17140458	non-PMA	F6_S2	F6_S2	F6	S2	Waste compartment
MEXE	7	0.00156828386814	SRR17140458	non-PMA	F6_S2	F6_S2	F6	S2	Waste compartment
ADEH	1	0.000184149274076	SRR17140458	non-PMA	F6_S2	F6_S2	F6	S2	Waste compartment
ADEI	3	0.000641423793598	SRR17140458	non-PMA	F6_S2	F6_S2	F6	S2	Waste compartment
ADEJ	4	0.000336272587444	SRR17140458	non-PMA	F6_S2	F6_S2	F6	S2	Waste compartment
MEXA	2	0.000464460048976	SRR17140458	non-PMA	F6_S2	F6_S2	F6	S2	Waste compartment
OQXA	1	0.000227478515036	SRR17140458	non-PMA	F6_S2	F6_S2	F6	S2	Waste compartment
OQXB	7	0.000592960662526	SRR17140458	non-PMA	F6_S2	F6_S2	F6	S2	Waste compartment
ACRD	22	0.001886952928	SRR17140458	non-PMA	F6_S2	F6_S2	F6	S2	Waste compartment
SMEF	1	0.00018764577928	SRR17140458	non-PMA	F6_S2	F6_S2	F6	S2	Waste compartment
SMEE	4	0.000342092689919	SRR17140458	non-PMA	F6_S2	F6_S2	F6	S2	Waste compartment
SMEB	1	8.47894179017e-05	SRR17140458	non-PMA	F6_S2	F6_S2	F6	S2	Waste compartment
MACB	49	0.00676748582231	SRR17140458	non-PMA	F6_S2	F6_S2	F6	S2	Waste compartment
MACA	4	0.000958966031039	SRR17140458	non-PMA	F6_S2	F6_S2	F6	S2	Waste compartment
ERM(44)	1	0.000354358961669	SRR17140458	non-PMA	F6_S2	F6_S2	F6	S2	Waste compartment
SMER	18	0.00699123925249	SRR17140458	non-PMA	F6_S2	F6_S2	F6	S2	Waste compartment
PBP-1B	59	0.00639184149008	SRR17140458	non-PMA	F6_S2	F6_S2	F6	S2	Waste compartment
PBP-1A	114	0.014102402405	SRR17140458	non-PMA	F6_S2	F6_S2	F6	S2	Waste compartment
CATD	6	0.00251728583148	SRR17140458	non-PMA	F6_S2	F6_S2	F6	S2	Waste compartment
OPRM	1	0.000190051494399	SRR17140458	non-PMA	F6_S2	F6_S2	F6	S2	Waste compartment
RPOB2	1892	0.144821201398	SRR17140458	non-PMA	F6_S2	F6_S2	F6	S2	Waste compartment
TETA(48)	4	0.00103724897235	SRR17140458	non-PMA	F6_S2	F6_S2	F6	S2	Waste compartment
ARLS	249	0.0491066091914	SRR17140458	non-PMA	F6_S2	F6_S2	F6	S2	Waste compartment
LSA	3	0.000535807827584	SRR17140458	non-PMA	F6_S2	F6_S2	F6	S2	Waste compartment
DNA-BINDING_PROTEIN_H-NS	5	0.00324613501383	SRR17140458	non-PMA	F6_S2	F6_S2	F6	S2	Waste compartment
ACRB	21	0.00179253943086	SRR17140458	non-PMA	F6_S2	F6_S2	F6	S2	Waste compartment
ACRA	6	0.00133750525382	SRR17140458	non-PMA	F6_S2	F6_S2	F6	S2	Waste compartment
TRANSCRIPTIONAL_REGULATORY_PROTEIN_CPXR_CPXR	22	0.00843435425145	SRR17140458	non-PMA	F6_S2	F6_S2	F6	S2	Waste compartment
KLEBSIELLA_PNEUMONIAE_OMPK37	1	0.000237818447537	SRR17140458	non-PMA	F6_S2	F6_S2	F6	S2	Waste compartment
MEXW	1	8.73714139282e-05	SRR17140458	non-PMA	F6_S2	F6_S2	F6	S2	Waste compartment
QACG	2	0.00166250653045	SRR17140458	non-PMA	F6_S2	F6_S2	F6	S2	Waste compartment
TOLC	11	0.00197653554175	SRR17140458	non-PMA	F6_S2	F6_S2	F6	S2	Waste compartment
BLAZ	1	0.0294571410939	SRR17140460	non-PMA	F6_S1	F6_S1	F6	S1	Cupola
LNUA	3	0.154238322622	SRR17140460	non-PMA	F6_S1	F6_S1	F6	S1	Cupola
ABCA	1002	5.71212917403	SRR17140460	non-PMA	F6_S1	F6_S1	F6	S1	Cupola
MAJOR_FACILITATOR_SUPERFAMILY_TRANSPORTER	8	0.170230470898	SRR17140460	non-PMA	F6_S1	F6_S1	F6	S1	Cupola
BACA	4	0.121281416079	SRR17140460	non-PMA	F6_S1	F6_S1	F6	S1	Cupola
MDFA	1	0.0201889186522	SRR17140460	non-PMA	F6_S1	F6_S1	F6	S1	Cupola
ERMC	2	0.0678480053065	SRR17140460	non-PMA	F6_S1	F6_S1	F6	S1	Cupola
ERM(TR)	1	0.0340636076025	SRR17140460	non-PMA	F6_S1	F6_S1	F6	S1	Cupola
ERMX	2	0.0654344399004	SRR17140460	non-PMA	F6_S1	F6_S1	F6	S1	Cupola
CHLORAMPHENICOL_EXPORTER	2	0.0348524490417	SRR17140460	non-PMA	F6_S1	F6_S1	F6	S1	Cupola
MSRA	15	0.2544300199	SRR17140460	non-PMA	F6_S1	F6_S1	F6	S1	Cupola
MSBA	5	0.0711121705103	SRR17140460	non-PMA	F6_S1	F6_S1	F6	S1	Cupola
RBPA	2	0.145218537674	SRR17140460	non-PMA	F6_S1	F6_S1	F6	S1	Cupola
DFRC	2	0.102825548415	SRR17140460	non-PMA	F6_S1	F6_S1	F6	S1	Cupola
MULTIDRUG_ABC_TRANSPORTER	10	0.143208592516	SRR17140460	non-PMA	F6_S1	F6_S1	F6	S1	Cupola
MEPA	1	0.0392296523573	SRR17140460	non-PMA	F6_S1	F6_S1	F6	S1	Cupola
ERM(44)	1	0.0329779149299	SRR17140460	non-PMA	F6_S1	F6_S1	F6	S1	Cupola
STREPTOMYCIN_RESISTANCE_PROTEIN	1	0.0293526831468	SRR17140460	non-PMA	F6_S1	F6_S1	F6	S1	Cupola
UGD	3	0.0640009534593	SRR17140460	non-PMA	F6_S1	F6_S1	F6	S1	Cupola
TETM	1	0.0129537662714	SRR17140460	non-PMA	F6_S1	F6_S1	F6	S1	Cupola
VGAA	3	0.0475715899276	SRR17140460	non-PMA	F6_S1	F6_S1	F6	S1	Cupola
QACB	13	0.209352016374	SRR17140460	non-PMA	F6_S1	F6_S1	F6	S1	Cupola
TETB	2	0.0367886962107	SRR17140460	non-PMA	F6_S1	F6_S1	F6	S1	Cupola
QACG	1	0.0773594079196	SRR17140460	non-PMA	F6_S1	F6_S1	F6	S1	Cupola
ADEI	1	0.0198977323255	SRR17140460	non-PMA	F6_S1	F6_S1	F6	S1	Cupola
MPHC	6	0.166102808978	SRR17140460	non-PMA	F6_S1	F6_S1	F6	S1	Cupola
ACRD	1	0.00798211827136	SRR17140460	non-PMA	F6_S1	F6_S1	F6	S1	Cupola
RLMA(II)	1	0.0293526831468	SRR17140460	non-PMA	F6_S1	F6_S1	F6	S1	Cupola
PBP-1A	1	0.0115124570896	SRR17140460	non-PMA	F6_S1	F6_S1	F6	S1	Cupola
TRUNCATED_PUTATIVE_RESPONSE_REGULATOR_ARLR	2	0.0755932113918	SRR17140460	non-PMA	F6_S1	F6_S1	F6	S1	Cupola
FMTC	4	0.0394164602257	SRR17140460	non-PMA	F6_S1	F6_S1	F6	S1	Cupola
PBP-1B	3	0.0302464920124	SRR17140460	non-PMA	F6_S1	F6_S1	F6	S1	Cupola
CLASS_A	2	0.055183044316	SRR17140460	non-PMA	F6_S1	F6_S1	F6	S1	Cupola
MEFA	2	0.040876329123	SRR17140460	non-PMA	F6_S1	F6_S1	F6	S1	Cupola
RPOB2	25	0.178086416682	SRR17140460	non-PMA	F6_S1	F6_S1	F6	S1	Cupola
ARLS	1	0.0183535624111	SRR17140460	non-PMA	F6_S1	F6_S1	F6	S1	Cupola
ANT(3'')-IIA	1	0.0315933459824	SRR17140460	non-PMA	F6_S1	F6_S1	F6	S1	Cupola
EMRB-QACA_FAMILY_MAJOR_FACILITATOR_TRANSPORTER	6	0.103253097473	SRR17140460	non-PMA	F6_S1	F6_S1	F6	S1	Cupola
BIFUNCTIONAL_AMINOGLYCOSIDE_N-ACETYLTRANSFERASE_AND_AMINOGLYCOSIDE_PHOSPHOTRANSFERASE	1	0.016858363844	SRR17140460	non-PMA	F6_S1	F6_S1	F6	S1	Cupola
NORA	9	0.192002860378	SRR17140460	non-PMA	F6_S1	F6_S1	F6	S1	Cupola
MARR	2	0.112618457788	SRR17140460	non-PMA	F6_S1	F6_S1	F6	S1	Cupola
MTRR	1	0.0459858702633	SRR17140460	non-PMA	F6_S1	F6_S1	F6	S1	Cupola
EMRB	1	0.0161669075145	SRR17140460	non-PMA	F6_S1	F6_S1	F6	S1	Cupola
BLAZ	1	0.000506367787088	SRR17140462	non-PMA	F5_S8	F5_S8	F5	S8	Crew quarters
OMPR	11	0.0068648369732	SRR17140462	non-PMA	F5_S8	F5_S8	F5	S8	Crew quarters
BACA	113	0.0588963236022	SRR17140462	non-PMA	F5_S8	F5_S8	F5	S8	Crew quarters
ERM(TR)	1	0.000585552873135	SRR17140462	non-PMA	F5_S8	F5_S8	F5	S8	Crew quarters
COB(I)ALAMIN_ADENOLSYLTRANSFERASE	1	0.000725966062101	SRR17140462	non-PMA	F5_S8	F5_S8	F5	S8	Crew quarters
OMPF	1	0.000405382758324	SRR17140462	non-PMA	F5_S8	F5_S8	F5	S8	Crew quarters
CHLORAMPHENICOL_EXPORTER	3	0.0008986695674	SRR17140462	non-PMA	F5_S8	F5_S8	F5	S8	Crew quarters
BPEF	1	0.000134108716467	SRR17140462	non-PMA	F5_S8	F5_S8	F5	S8	Crew quarters
EPTA	1	0.000260126779107	SRR17140462	non-PMA	F5_S8	F5_S8	F5	S8	Crew quarters
MSBA	12	0.00293380099323	SRR17140462	non-PMA	F5_S8	F5_S8	F5	S8	Crew quarters
RBPA	2	0.00249630435389	SRR17140462	non-PMA	F5_S8	F5_S8	F5	S8	Crew quarters
MULTIDRUG_ABC_TRANSPORTER	74	0.0182169753715	SRR17140462	non-PMA	F5_S8	F5_S8	F5	S8	Crew quarters
PBP-2X	133	0.0252326444091	SRR17140462	non-PMA	F5_S8	F5_S8	F5	S8	Crew quarters
LMRD	38	0.00816766651137	SRR17140462	non-PMA	F5_S8	F5_S8	F5	S8	Crew quarters
LMRC	37	0.00920403126285	SRR17140462	non-PMA	F5_S8	F5_S8	F5	S8	Crew quarters
MPHC	11	0.00523472518357	SRR17140462	non-PMA	F5_S8	F5_S8	F5	S8	Crew quarters
AXYY	2	0.000272324111333	SRR17140462	non-PMA	F5_S8	F5_S8	F5	S8	Crew quarters
APH(6)-I	1	0.000534922361548	SRR17140462	non-PMA	F5_S8	F5_S8	F5	S8	Crew quarters
TOLC	5	0.00143726614315	SRR17140462	non-PMA	F5_S8	F5_S8	F5	S8	Crew quarters
FMTC	45	0.00762264365206	SRR17140462	non-PMA	F5_S8	F5_S8	F5	S8	Crew quarters
MTRE	404	0.123093997134	SRR17140462	non-PMA	F5_S8	F5_S8	F5	S8	Crew quarters
MTRD	1463	0.19509776605	SRR17140462	non-PMA	F5_S8	F5_S8	F5	S8	Crew quarters
CLASS_A	58	0.0275092739799	SRR17140462	non-PMA	F5_S8	F5_S8	F5	S8	Crew quarters
MTRA	2	0.00124815217694	SRR17140462	non-PMA	F5_S8	F5_S8	F5	S8	Crew quarters
MEFA	148	0.0519970951344	SRR17140462	non-PMA	F5_S8	F5_S8	F5	S8	Crew quarters
MTRC	405	0.139871810703	SRR17140462	non-PMA	F5_S8	F5_S8	F5	S8	Crew quarters
MSRE	5	0.0014489750323	SRR17140462	non-PMA	F5_S8	F5_S8	F5	S8	Crew quarters
AMRB	5	0.000680810278333	SRR17140462	non-PMA	F5_S8	F5_S8	F5	S8	Crew quarters
MSRA	14	0.00408207146394	SRR17140462	non-PMA	F5_S8	F5_S8	F5	S8	Crew quarters
NORB	7	0.00213739364206	SRR17140462	non-PMA	F5_S8	F5_S8	F5	S8	Crew quarters
NORA	42	0.0154024552145	SRR17140462	non-PMA	F5_S8	F5_S8	F5	S8	Crew quarters
MTRR	155	0.122526938703	SRR17140462	non-PMA	F5_S8	F5_S8	F5	S8	Crew quarters
MAJOR_FACILITATOR_SUPERFAMILY_TRANSPORTER	101	0.0369440209906	SRR17140462	non-PMA	F5_S8	F5_S8	F5	S8	Crew quarters
CEOB	1	0.000138548537655	SRR17140462	non-PMA	F5_S8	F5_S8	F5	S8	Crew quarters
CAMP-REGULATORY_PROTEIN	29	0.0253152828036	SRR17140462	non-PMA	F5_S8	F5_S8	F5	S8	Crew quarters
ROSB	3	0.000786128995424	SRR17140462	non-PMA	F5_S8	F5_S8	F5	S8	Crew quarters
YOJI	4	0.00104050711643	SRR17140462	non-PMA	F5_S8	F5_S8	F5	S8	Crew quarters
DFRC	21	0.0185594801963	SRR17140462	non-PMA	F5_S8	F5_S8	F5	S8	Crew quarters
DFRE	1	0.000867617976657	SRR17140462	non-PMA	F5_S8	F5_S8	F5	S8	Crew quarters
LSA	7	0.00200005107872	SRR17140462	non-PMA	F5_S8	F5_S8	F5	S8	Crew quarters
LSAC	25	0.00723014980547	SRR17140462	non-PMA	F5_S8	F5_S8	F5	S8	Crew quarters
LSAE	7	0.0020162458243	SRR17140462	non-PMA	F5_S8	F5_S8	F5	S8	Crew quarters
UGD	60	0.0220035074492	SRR17140462	non-PMA	F5_S8	F5_S8	F5	S8	Crew quarters
MDTC	1	0.000138818876265	SRR17140462	non-PMA	F5_S8	F5_S8	F5	S8	Crew quarters
MDTB	4	0.000547266723737	SRR17140462	non-PMA	F5_S8	F5_S8	F5	S8	Crew quarters
MDTG	92	0.0325637314224	SRR17140462	non-PMA	F5_S8	F5_S8	F5	S8	Crew quarters
MDTE	1	0.000369582722524	SRR17140462	non-PMA	F5_S8	F5_S8	F5	S8	Crew quarters
MDTD	4	0.00120840210762	SRR17140462	non-PMA	F5_S8	F5_S8	F5	S8	Crew quarters
MDTK	669	0.200826105331	SRR17140462	non-PMA	F5_S8	F5_S8	F5	S8	Crew quarters
CPXA	2	0.000622710495281	SRR17140462	non-PMA	F5_S8	F5_S8	F5	S8	Crew quarters
MDTM	1	0.000347047190663	SRR17140462	non-PMA	F5_S8	F5_S8	F5	S8	Crew quarters
TETB(60)	13	0.0031947522042	SRR17140462	non-PMA	F5_S8	F5_S8	F5	S8	Crew quarters
VANR	1	0.000621350865379	SRR17140462	non-PMA	F5_S8	F5_S8	F5	S8	Crew quarters
APH(3')-I	3	0.00157515883585	SRR17140462	non-PMA	F5_S8	F5_S8	F5	S8	Crew quarters
EFRB	20	0.00786128995424	SRR17140462	non-PMA	F5_S8	F5_S8	F5	S8	Crew quarters
EFRA	8	0.00234704079458	SRR17140462	non-PMA	F5_S8	F5_S8	F5	S8	Crew quarters
TETA(60)	5	0.00122875084777	SRR17140462	non-PMA	F5_S8	F5_S8	F5	S8	Crew quarters
BAER	4	0.0023714891362	SRR17140462	non-PMA	F5_S8	F5_S8	F5	S8	Crew quarters
EMRR	1	0.000808462205521	SRR17140462	non-PMA	F5_S8	F5_S8	F5	S8	Crew quarters
EMRB-QACA_FAMILY_MAJOR_FACILITATOR_TRANSPORTER	80	0.0236655880535	SRR17140462	non-PMA	F5_S8	F5_S8	F5	S8	Crew quarters
PMRF	3	0.00132567715688	SRR17140462	non-PMA	F5_S8	F5_S8	F5	S8	Crew quarters
EMRK	2	0.000735345468588	SRR17140462	non-PMA	F5_S8	F5_S8	F5	S8	Crew quarters
EMRA	24	0.0087562675798	SRR17140462	non-PMA	F5_S8	F5_S8	F5	S8	Crew quarters
EMRB	56	0.0155628974563	SRR17140462	non-PMA	F5_S8	F5_S8	F5	S8	Crew quarters
EMRD	1	0.000361140477593	SRR17140462	non-PMA	F5_S8	F5_S8	F5	S8	Crew quarters
ERM(33)	1	0.000585552873135	SRR17140462	non-PMA	F5_S8	F5_S8	F5	S8	Crew quarters
ERMB	14	0.00813081989553	SRR17140462	non-PMA	F5_S8	F5_S8	F5	S8	Crew quarters
ERMC	24	0.0139956735907	SRR17140462	non-PMA	F5_S8	F5_S8	F5	S8	Crew quarters
FOSB	11	0.0112603081287	SRR17140462	non-PMA	F5_S8	F5_S8	F5	S8	Crew quarters
ERMF	1	0.000534922361548	SRR17140462	non-PMA	F5_S8	F5_S8	F5	S8	Crew quarters
HMRM	20	0.00613316155913	SRR17140462	non-PMA	F5_S8	F5_S8	F5	S8	Crew quarters
ERMX	11	0.00618649339877	SRR17140462	non-PMA	F5_S8	F5_S8	F5	S8	Crew quarters
ESCHERICHIA_COLI_LAMB	3	0.000957103238823	SRR17140462	non-PMA	F5_S8	F5_S8	F5	S8	Crew quarters
TETQ	24	0.0051977844081	SRR17140462	non-PMA	F5_S8	F5_S8	F5	S8	Crew quarters
MECA	2	0.00042601601249	SRR17140462	non-PMA	F5_S8	F5_S8	F5	S8	Crew quarters
TETR	2	0.00136816680934	SRR17140462	non-PMA	F5_S8	F5_S8	F5	S8	Crew quarters
TETW	3	0.000668025108787	SRR17140462	non-PMA	F5_S8	F5_S8	F5	S8	Crew quarters
TETM	64	0.0142512023208	SRR17140462	non-PMA	F5_S8	F5_S8	F5	S8	Crew quarters
PENA	676	0.154394220488	SRR17140462	non-PMA	F5_S8	F5_S8	F5	S8	Crew quarters
TETA	5	0.00169392081157	SRR17140462	non-PMA	F5_S8	F5_S8	F5	S8	Crew quarters
QACB	18	0.00498289546127	SRR17140462	non-PMA	F5_S8	F5_S8	F5	S8	Crew quarters
QACA	6	0.00166096515376	SRR17140462	non-PMA	F5_S8	F5_S8	F5	S8	Crew quarters
TETB	20	0.00632397102985	SRR17140462	non-PMA	F5_S8	F5_S8	F5	S8	Crew quarters
KDPE	3	0.00189719130896	SRR17140462	non-PMA	F5_S8	F5_S8	F5	S8	Crew quarters
AADA	1	0.000541024137535	SRR17140462	non-PMA	F5_S8	F5_S8	F5	S8	Crew quarters
TRIC	1	0.000140186549923	SRR17140462	non-PMA	F5_S8	F5_S8	F5	S8	Crew quarters
AADD	1	0.000562408490797	SRR17140462	non-PMA	F5_S8	F5_S8	F5	S8	Crew quarters
AADE	2	0.00120075399301	SRR17140462	non-PMA	F5_S8	F5_S8	F5	S8	Crew quarters
BICYCLOMYCIN-MULTIDRUG_EFFLUX_PROTEIN_BCR	2	0.000718633071574	SRR17140462	non-PMA	F5_S8	F5_S8	F5	S8	Crew quarters
KASUGAMYCIN_RESISTANCE_PROTEIN_KSGA	22	0.0114665408783	SRR17140462	non-PMA	F5_S8	F5_S8	F5	S8	Crew quarters
FUSD	1	0.000668025108787	SRR17140462	non-PMA	F5_S8	F5_S8	F5	S8	Crew quarters
TAEA	2	0.000439164654851	SRR17140462	non-PMA	F5_S8	F5_S8	F5	S8	Crew quarters
FUSB	1	0.000668025108787	SRR17140462	non-PMA	F5_S8	F5_S8	F5	S8	Crew quarters
FUSC	1	0.000671176170621	SRR17140462	non-PMA	F5_S8	F5_S8	F5	S8	Crew quarters
TRUNCATED_PUTATIVE_RESPONSE_REGULATOR_ARLR	35	0.0227403067854	SRR17140462	non-PMA	F5_S8	F5_S8	F5	S8	Crew quarters
TET35	20	0.0077121597925	SRR17140462	non-PMA	F5_S8	F5_S8	F5	S8	Crew quarters
TET32	3	0.000668025108787	SRR17140462	non-PMA	F5_S8	F5_S8	F5	S8	Crew quarters
TETA(46)	16	0.00396625360757	SRR17140462	non-PMA	F5_S8	F5_S8	F5	S8	Crew quarters
TETB(46)	27	0.00664673425716	SRR17140462	non-PMA	F5_S8	F5_S8	F5	S8	Crew quarters
MEL	197	0.0575585248251	SRR17140462	non-PMA	F5_S8	F5_S8	F5	S8	Crew quarters
ARNA	2	0.000429877184809	SRR17140462	non-PMA	F5_S8	F5_S8	F5	S8	Crew quarters
TET(K)	9	0.00278998721905	SRR17140462	non-PMA	F5_S8	F5_S8	F5	S8	Crew quarters
MARR	26	0.0251668234862	SRR17140462	non-PMA	F5_S8	F5_S8	F5	S8	Crew quarters
TET(38)	2	0.000632397102985	SRR17140462	non-PMA	F5_S8	F5_S8	F5	S8	Crew quarters
FARA	15	0.00555817766296	SRR17140462	non-PMA	F5_S8	F5_S8	F5	S8	Crew quarters
FARB	600	0.168058285242	SRR17140462	non-PMA	F5_S8	F5_S8	F5	S8	Crew quarters
MUXB	2	0.000272846305219	SRR17140462	non-PMA	F5_S8	F5_S8	F5	S8	Crew quarters
PATB	97	0.0355723370429	SRR17140462	non-PMA	F5_S8	F5_S8	F5	S8	Crew quarters
MEXY	1	0.000136162055667	SRR17140462	non-PMA	F5_S8	F5_S8	F5	S8	Crew quarters
OPRC	2	0.000180570238797	SRR17140462	non-PMA	F5_S8	F5_S8	F5	S8	Crew quarters
MEXT	1	0.000468057066354	SRR17140462	non-PMA	F5_S8	F5_S8	F5	S8	Crew quarters
RLMA(II)	74	0.0373383395912	SRR17140462	non-PMA	F5_S8	F5_S8	F5	S8	Crew quarters
CFXA2	30	0.0132980699226	SRR17140462	non-PMA	F5_S8	F5_S8	F5	S8	Crew quarters
VGAA	18	0.0049065292473	SRR17140462	non-PMA	F5_S8	F5_S8	F5	S8	Crew quarters
MEPR	4	0.00409465750134	SRR17140462	non-PMA	F5_S8	F5_S8	F5	S8	Crew quarters
ADEB	1	0.000137344930668	SRR17140462	non-PMA	F5_S8	F5_S8	F5	S8	Crew quarters
MEXF	4	0.000535929748293	SRR17140462	non-PMA	F5_S8	F5_S8	F5	S8	Crew quarters
TRANSCRIPTIONAL_REGULATORY_PROTEIN_CPXR_CPXR	18	0.0110396908064	SRR17140462	non-PMA	F5_S8	F5_S8	F5	S8	Crew quarters
MEXD	5	0.000682115763047	SRR17140462	non-PMA	F5_S8	F5_S8	F5	S8	Crew quarters
MEXE	3	0.00107523436906	SRR17140462	non-PMA	F5_S8	F5_S8	F5	S8	Crew quarters
MEXB	2	0.000272063763235	SRR17140462	non-PMA	F5_S8	F5_S8	F5	S8	Crew quarters
OQXA	3	0.00109173412919	SRR17140462	non-PMA	F5_S8	F5_S8	F5	S8	Crew quarters
OQXB	18	0.00243924596866	SRR17140462	non-PMA	F5_S8	F5_S8	F5	S8	Crew quarters
SMEE	1	0.000136816680934	SRR17140462	non-PMA	F5_S8	F5_S8	F5	S8	Crew quarters
MACB	860	0.190013725819	SRR17140462	non-PMA	F5_S8	F5_S8	F5	S8	Crew quarters
MACA	375	0.143823465133	SRR17140462	non-PMA	F5_S8	F5_S8	F5	S8	Crew quarters
SMER	6	0.00372810519227	SRR17140462	non-PMA	F5_S8	F5_S8	F5	S8	Crew quarters
PBP-1B	127	0.0220106543457	SRR17140462	non-PMA	F5_S8	F5_S8	F5	S8	Crew quarters
PBP-1A	310	0.0613486758459	SRR17140462	non-PMA	F5_S8	F5_S8	F5	S8	Crew quarters
RPOB2	778	0.0952677391373	SRR17140462	non-PMA	F5_S8	F5_S8	F5	S8	Crew quarters
ARLS	16	0.00504795913691	SRR17140462	non-PMA	F5_S8	F5_S8	F5	S8	Crew quarters
MEPA	14	0.00944099940476	SRR17140462	non-PMA	F5_S8	F5_S8	F5	S8	Crew quarters
DNA-BINDING_PROTEIN_H-NS	3	0.00311582514245	SRR17140462	non-PMA	F5_S8	F5_S8	F5	S8	Crew quarters
ACRB	17	0.00232141930798	SRR17140462	non-PMA	F5_S8	F5_S8	F5	S8	Crew quarters
ACRF	1	0.000137610588174	SRR17140462	non-PMA	F5_S8	F5_S8	F5	S8	Crew quarters
ACRD	5	0.000686062430915	SRR17140462	non-PMA	F5_S8	F5_S8	F5	S8	Crew quarters
QACG	2	0.00265961398452	SRR17140462	non-PMA	F5_S8	F5_S8	F5	S8	Crew quarters
BLAZ	1	0.00057330244226	SRR17140467	non-PMA	F7_S8	F7_S8	F7	S8	Crew quarters
LNUA	3	0.00300182583121	SRR17140467	non-PMA	F7_S8	F7_S8	F7	S8	Crew quarters
OMPR	5	0.00353285057621	SRR17140467	non-PMA	F7_S8	F7_S8	F7	S8	Crew quarters
BACA	210	0.123921527904	SRR17140467	non-PMA	F7_S8	F7_S8	F7	S8	Crew quarters
CTX-M	1	0.000553601327406	SRR17140467	non-PMA	F7_S8	F7_S8	F7	S8	Crew quarters
ERM(TR)	2	0.00132590935206	SRR17140467	non-PMA	F7_S8	F7_S8	F7	S8	Crew quarters
VGAC	2	0.00423942069145	SRR17140467	non-PMA	F7_S8	F7_S8	F7	S8	Crew quarters
COB(I)ALAMIN_ADENOLSYLTRANSFERASE	1	0.000821928501404	SRR17140467	non-PMA	F7_S8	F7_S8	F7	S8	Crew quarters
OMPF	1	0.000458968621867	SRR17140467	non-PMA	F7_S8	F7_S8	F7	S8	Crew quarters
CHLORAMPHENICOL_EXPORTER	125	0.0423942069145	SRR17140467	non-PMA	F7_S8	F7_S8	F7	S8	Crew quarters
TET(42)	506	0.190456965082	SRR17140467	non-PMA	F7_S8	F7_S8	F7	S8	Crew quarters
APH(3'')-I	3	0.00177681602509	SRR17140467	non-PMA	F7_S8	F7_S8	F7	S8	Crew quarters
RBPA	8	0.0113051218439	SRR17140467	non-PMA	F7_S8	F7_S8	F7	S8	Crew quarters
MULTIDRUG_ABC_TRANSPORTER	265	0.0738598033961	SRR17140467	non-PMA	F7_S8	F7_S8	F7	S8	Crew quarters
TET32	3	0.000756328574062	SRR17140467	non-PMA	F7_S8	F7_S8	F7	S8	Crew quarters
PBP-2X	80	0.0171837852027	SRR17140467	non-PMA	F7_S8	F7_S8	F7	S8	Crew quarters
LMRD	18	0.00438030778392	SRR17140467	non-PMA	F7_S8	F7_S8	F7	S8	Crew quarters
LMRC	23	0.00647771623134	SRR17140467	non-PMA	F7_S8	F7_S8	F7	S8	Crew quarters
MPHC	21	0.0113145742869	SRR17140467	non-PMA	F7_S8	F7_S8	F7	S8	Crew quarters
AXYY	1	0.000154160752416	SRR17140467	non-PMA	F7_S8	F7_S8	F7	S8	Crew quarters
APH(6)-I	10	0.0060563152735	SRR17140467	non-PMA	F7_S8	F7_S8	F7	S8	Crew quarters
TOLC	1	0.000325450477324	SRR17140467	non-PMA	F7_S8	F7_S8	F7	S8	Crew quarters
QEPA	1	0.000315260247114	SRR17140467	non-PMA	F7_S8	F7_S8	F7	S8	Crew quarters
FMTC	140	0.0268496643792	SRR17140467	non-PMA	F7_S8	F7_S8	F7	S8	Crew quarters
MTRE	8	0.00275970854433	SRR17140467	non-PMA	F7_S8	F7_S8	F7	S8	Crew quarters
MTRD	62	0.0093608951725	SRR17140467	non-PMA	F7_S8	F7_S8	F7	S8	Crew quarters
CLASS_A	60	0.032219597255	SRR17140467	non-PMA	F7_S8	F7_S8	F7	S8	Crew quarters
MTRA	74	0.0522861885279	SRR17140467	non-PMA	F7_S8	F7_S8	F7	S8	Crew quarters
MEFA	75	0.0298329604213	SRR17140467	non-PMA	F7_S8	F7_S8	F7	S8	Crew quarters
MTRC	4	0.00156405811918	SRR17140467	non-PMA	F7_S8	F7_S8	F7	S8	Crew quarters
MDSB	2	0.000305399026114	SRR17140467	non-PMA	F7_S8	F7_S8	F7	S8	Crew quarters
METALLO-BETA-LACTAMASE	2	0.001111020595	SRR17140467	non-PMA	F7_S8	F7_S8	F7	S8	Crew quarters
STAPHYLOCOCCUS_MUPA_CONFERRING_RESISTANCE_TO_MUPIROCIN	10	0.00157322252222	SRR17140467	non-PMA	F7_S8	F7_S8	F7	S8	Crew quarters
AMRB	2	0.000308321504833	SRR17140467	non-PMA	F7_S8	F7_S8	F7	S8	Crew quarters
MSRA	36	0.011884277676	SRR17140467	non-PMA	F7_S8	F7_S8	F7	S8	Crew quarters
NORB	3	0.00103711149963	SRR17140467	non-PMA	F7_S8	F7_S8	F7	S8	Crew quarters
NORA	148	0.0614497473421	SRR17140467	non-PMA	F7_S8	F7_S8	F7	S8	Crew quarters
MTRR	3	0.00268496643792	SRR17140467	non-PMA	F7_S8	F7_S8	F7	S8	Crew quarters
APH(3''')-III	1	0.000610219644982	SRR17140467	non-PMA	F7_S8	F7_S8	F7	S8	Crew quarters
MAJOR_FACILITATOR_SUPERFAMILY_TRANSPORTER	291	0.120512889476	SRR17140467	non-PMA	F7_S8	F7_S8	F7	S8	Crew quarters
CAMP-REGULATORY_PROTEIN	17	0.0168016304704	SRR17140467	non-PMA	F7_S8	F7_S8	F7	S8	Crew quarters
AAC(6')-IE-APH(2'')-IA	8	0.00269057179583	SRR17140467	non-PMA	F7_S8	F7_S8	F7	S8	Crew quarters
VANR	380	0.267324169365	SRR17140467	non-PMA	F7_S8	F7_S8	F7	S8	Crew quarters
ROSB	1	0.000296681374356	SRR17140467	non-PMA	F7_S8	F7_S8	F7	S8	Crew quarters
YOJI	1	0.000294511857907	SRR17140467	non-PMA	F7_S8	F7_S8	F7	S8	Crew quarters
APH(3')-IIB	1	0.000601111889086	SRR17140467	non-PMA	F7_S8	F7_S8	F7	S8	Crew quarters
DFRC	77	0.0770468630012	SRR17140467	non-PMA	F7_S8	F7_S8	F7	S8	Crew quarters
ADP-RIBOSYLATING_TRANSFERASE_ARR	19	0.0204057449282	SRR17140467	non-PMA	F7_S8	F7_S8	F7	S8	Crew quarters
LSAC	49	0.0160443116412	SRR17140467	non-PMA	F7_S8	F7_S8	F7	S8	Crew quarters
UGD	55	0.0228360547555	SRR17140467	non-PMA	F7_S8	F7_S8	F7	S8	Crew quarters
MDTC	3	0.000471506301293	SRR17140467	non-PMA	F7_S8	F7_S8	F7	S8	Crew quarters
MDTB	4	0.00061960763952	SRR17140467	non-PMA	F7_S8	F7_S8	F7	S8	Crew quarters
MDTG	57	0.0228422517853	SRR17140467	non-PMA	F7_S8	F7_S8	F7	S8	Crew quarters
MDTK	16	0.00543790670971	SRR17140467	non-PMA	F7_S8	F7_S8	F7	S8	Crew quarters
MSBA	12	0.00332160796444	SRR17140467	non-PMA	F7_S8	F7_S8	F7	S8	Crew quarters
CPXA	3	0.00105753601494	SRR17140467	non-PMA	F7_S8	F7_S8	F7	S8	Crew quarters
MDTL	1	0.000412015310167	SRR17140467	non-PMA	F7_S8	F7_S8	F7	S8	Crew quarters
VANS	15	0.0054059726938	SRR17140467	non-PMA	F7_S8	F7_S8	F7	S8	Crew quarters
MECR1	3	0.00147345719154	SRR17140467	non-PMA	F7_S8	F7_S8	F7	S8	Crew quarters
TETC	11	0.00899531903059	SRR17140467	non-PMA	F7_S8	F7_S8	F7	S8	Crew quarters
BCRA	3	0.00156405811918	SRR17140467	non-PMA	F7_S8	F7_S8	F7	S8	Crew quarters
VANB	1	0.000471046743495	SRR17140467	non-PMA	F7_S8	F7_S8	F7	S8	Crew quarters
VAND	3	0.00140902028812	SRR17140467	non-PMA	F7_S8	F7_S8	F7	S8	Crew quarters
SRMB	1	0.000292905429591	SRR17140467	non-PMA	F7_S8	F7_S8	F7	S8	Crew quarters
APH(3')-I	1	0.000594457513931	SRR17140467	non-PMA	F7_S8	F7_S8	F7	S8	Crew quarters
BLEOMYCIN_RESISTANCE_PROTEIN	1	0.00175106506821	SRR17140467	non-PMA	F7_S8	F7_S8	F7	S8	Crew quarters
EFRB	14	0.00623030886147	SRR17140467	non-PMA	F7_S8	F7_S8	F7	S8	Crew quarters
EFRA	5	0.00166080398222	SRR17140467	non-PMA	F7_S8	F7_S8	F7	S8	Crew quarters
TETA(60)	1	0.000278234864033	SRR17140467	non-PMA	F7_S8	F7_S8	F7	S8	Crew quarters
MVAT	5	0.00649588654335	SRR17140467	non-PMA	F7_S8	F7_S8	F7	S8	Crew quarters
BAER	2	0.00134248321896	SRR17140467	non-PMA	F7_S8	F7_S8	F7	S8	Crew quarters
BAES	2	0.000689927136082	SRR17140467	non-PMA	F7_S8	F7_S8	F7	S8	Crew quarters
EMRB-QACA_FAMILY_MAJOR_FACILITATOR_TRANSPORTER	167	0.055932149081	SRR17140467	non-PMA	F7_S8	F7_S8	F7	S8	Crew quarters
MUXC	1	0.000155499986752	SRR17140467	non-PMA	F7_S8	F7_S8	F7	S8	Crew quarters
BIFUNCTIONAL_AMINOGLYCOSIDE_N-ACETYLTRANSFERASE_AND_AMINOGLYCOSIDE_PHOSPHOTRANSFERASE	18	0.00590583249074	SRR17140467	non-PMA	F7_S8	F7_S8	F7	S8	Crew quarters
EMRK	1	0.000416273866344	SRR17140467	non-PMA	F7_S8	F7_S8	F7	S8	Crew quarters
EMRA	6	0.00247843055808	SRR17140467	non-PMA	F7_S8	F7_S8	F7	S8	Crew quarters
EMRB	35	0.0110125576555	SRR17140467	non-PMA	F7_S8	F7_S8	F7	S8	Crew quarters
ERM(33)	5	0.00331477338015	SRR17140467	non-PMA	F7_S8	F7_S8	F7	S8	Crew quarters
ABCA	7	0.000776643184522	SRR17140467	non-PMA	F7_S8	F7_S8	F7	S8	Crew quarters
ERMB	6	0.00394525680674	SRR17140467	non-PMA	F7_S8	F7_S8	F7	S8	Crew quarters
ERMC	16	0.0105638023787	SRR17140467	non-PMA	F7_S8	F7_S8	F7	S8	Crew quarters
FOSB	15	0.0173846747779	SRR17140467	non-PMA	F7_S8	F7_S8	F7	S8	Crew quarters
ERMA	1	0.000561317025349	SRR17140467	non-PMA	F7_S8	F7_S8	F7	S8	Crew quarters
ERMF	6	0.0036337891641	SRR17140467	non-PMA	F7_S8	F7_S8	F7	S8	Crew quarters
HMRM	8	0.0027775514875	SRR17140467	non-PMA	F7_S8	F7_S8	F7	S8	Crew quarters
ERMX	30	0.0191025280168	SRR17140467	non-PMA	F7_S8	F7_S8	F7	S8	Crew quarters
TETB(60)	9	0.0025041137763	SRR17140467	non-PMA	F7_S8	F7_S8	F7	S8	Crew quarters
TETX	1	0.00041735229605	SRR17140467	non-PMA	F7_S8	F7_S8	F7	S8	Crew quarters
OPMH	1	0.000334228187293	SRR17140467	non-PMA	F7_S8	F7_S8	F7	S8	Crew quarters
TETQ	8	0.00196161931537	SRR17140467	non-PMA	F7_S8	F7_S8	F7	S8	Crew quarters
MECA	3	0.000723493950338	SRR17140467	non-PMA	F7_S8	F7_S8	F7	S8	Crew quarters
TETR	10	0.007745095494	SRR17140467	non-PMA	F7_S8	F7_S8	F7	S8	Crew quarters
TETW	13	0.00327742382093	SRR17140467	non-PMA	F7_S8	F7_S8	F7	S8	Crew quarters
OXA	2	0.00116737671214	SRR17140467	non-PMA	F7_S8	F7_S8	F7	S8	Crew quarters
TETM	128	0.03227001916	SRR17140467	non-PMA	F7_S8	F7_S8	F7	S8	Crew quarters
PENA	27	0.00698177468608	SRR17140467	non-PMA	F7_S8	F7_S8	F7	S8	Crew quarters
RIFAMPIN_MONOOXYGENASE	1	0.000337025075889	SRR17140467	non-PMA	F7_S8	F7_S8	F7	S8	Crew quarters
TETA	19	0.00728776604578	SRR17140467	non-PMA	F7_S8	F7_S8	F7	S8	Crew quarters
QACB	49	0.0153575901313	SRR17140467	non-PMA	F7_S8	F7_S8	F7	S8	Crew quarters
QACA	2	0.000626840413522	SRR17140467	non-PMA	F7_S8	F7_S8	F7	S8	Crew quarters
TETB	52	0.0186157673029	SRR17140467	non-PMA	F7_S8	F7_S8	F7	S8	Crew quarters
QACG	1	0.00150558865678	SRR17140467	non-PMA	F7_S8	F7_S8	F7	S8	Crew quarters
TETD	7	0.00286214696428	SRR17140467	non-PMA	F7_S8	F7_S8	F7	S8	Crew quarters
AADA	1	0.000612539871769	SRR17140467	non-PMA	F7_S8	F7_S8	F7	S8	Crew quarters
TRIC	5	0.000793586139287	SRR17140467	non-PMA	F7_S8	F7_S8	F7	S8	Crew quarters
CAT_CHLORAMPHENICOL_ACETYLTRANSFERASE	4	0.00299717183768	SRR17140467	non-PMA	F7_S8	F7_S8	F7	S8	Crew quarters
AADD	7	0.00445725653726	SRR17140467	non-PMA	F7_S8	F7_S8	F7	S8	Crew quarters
RLMA(II)	55	0.0314198200182	SRR17140467	non-PMA	F7_S8	F7_S8	F7	S8	Crew quarters
KASUGAMYCIN_RESISTANCE_PROTEIN_KSGA	14	0.0082614351936	SRR17140467	non-PMA	F7_S8	F7_S8	F7	S8	Crew quarters
TAEA	1	0.000248608003511	SRR17140467	non-PMA	F7_S8	F7_S8	F7	S8	Crew quarters
CARO	2	0.00133138831632	SRR17140467	non-PMA	F7_S8	F7_S8	F7	S8	Crew quarters
TRUNCATED_PUTATIVE_RESPONSE_REGULATOR_ARLR	112	0.0823880112457	SRR17140467	non-PMA	F7_S8	F7_S8	F7	S8	Crew quarters
TET37	2	0.00298329604213	SRR17140467	non-PMA	F7_S8	F7_S8	F7	S8	Crew quarters
TET35	3	0.00130973972581	SRR17140467	non-PMA	F7_S8	F7_S8	F7	S8	Crew quarters
PUROMYCIN_RESISTANCE_PROTEIN	1	0.000809537619473	SRR17140467	non-PMA	F7_S8	F7_S8	F7	S8	Crew quarters
SAT-4	1	0.00089498881264	SRR17140467	non-PMA	F7_S8	F7_S8	F7	S8	Crew quarters
MEL	85	0.0281177183437	SRR17140467	non-PMA	F7_S8	F7_S8	F7	S8	Crew quarters
TET(K)	27	0.00947635213383	SRR17140467	non-PMA	F7_S8	F7_S8	F7	S8	Crew quarters
MARR	95	0.104110943511	SRR17140467	non-PMA	F7_S8	F7_S8	F7	S8	Crew quarters
TETA(48)	18	0.00845412172873	SRR17140467	non-PMA	F7_S8	F7_S8	F7	S8	Crew quarters
TETB(48)	6	0.00356674508358	SRR17140467	non-PMA	F7_S8	F7_S8	F7	S8	Crew quarters
RPHA	1	0.000186240446561	SRR17140467	non-PMA	F7_S8	F7_S8	F7	S8	Crew quarters
FARB	16	0.00507395232363	SRR17140467	non-PMA	F7_S8	F7_S8	F7	S8	Crew quarters
MUXB	2	0.00030891272536	SRR17140467	non-PMA	F7_S8	F7_S8	F7	S8	Crew quarters
PATB	68	0.0282336676977	SRR17140467	non-PMA	F7_S8	F7_S8	F7	S8	Crew quarters
MUXA	2	0.000756328574062	SRR17140467	non-PMA	F7_S8	F7_S8	F7	S8	Crew quarters
CMEB	2	0.00030980381976	SRR17140467	non-PMA	F7_S8	F7_S8	F7	S8	Crew quarters
SERRATIA_MARCESCENS_OMP1	1	0.000430743278811	SRR17140467	non-PMA	F7_S8	F7_S8	F7	S8	Crew quarters
OPRN	3	0.00102392787887	SRR17140467	non-PMA	F7_S8	F7_S8	F7	S8	Crew quarters
ADER	1	0.000652218567916	SRR17140467	non-PMA	F7_S8	F7_S8	F7	S8	Crew quarters
MEPA	16	0.0122159610446	SRR17140467	non-PMA	F7_S8	F7_S8	F7	S8	Crew quarters
MEXV	1	0.000428452091157	SRR17140467	non-PMA	F7_S8	F7_S8	F7	S8	Crew quarters
MEXW	12	0.0018989939443	SRR17140467	non-PMA	F7_S8	F7_S8	F7	S8	Crew quarters
MEXT	6	0.00317956551859	SRR17140467	non-PMA	F7_S8	F7_S8	F7	S8	Crew quarters
CFXA2	4	0.00200745154237	SRR17140467	non-PMA	F7_S8	F7_S8	F7	S8	Crew quarters
VGAA	207	0.0638836842126	SRR17140467	non-PMA	F7_S8	F7_S8	F7	S8	Crew quarters
ADEF	2	0.000304245488716	SRR17140467	non-PMA	F7_S8	F7_S8	F7	S8	Crew quarters
MEXK	9	0.00141451890388	SRR17140467	non-PMA	F7_S8	F7_S8	F7	S8	Crew quarters
MEXF	24	0.0036406324582	SRR17140467	non-PMA	F7_S8	F7_S8	F7	S8	Crew quarters
MEXD	1	0.00015445636268	SRR17140467	non-PMA	F7_S8	F7_S8	F7	S8	Crew quarters
MEXE	3	0.00121736513558	SRR17140467	non-PMA	F7_S8	F7_S8	F7	S8	Crew quarters
MEXB	14	0.0021561871968	SRR17140467	non-PMA	F7_S8	F7_S8	F7	S8	Crew quarters
ADEI	1	0.0003872547747	SRR17140467	non-PMA	F7_S8	F7_S8	F7	S8	Crew quarters
ADEJ	4	0.000609066110681	SRR17140467	non-PMA	F7_S8	F7_S8	F7	S8	Crew quarters
ADEK	1	0.000332847079081	SRR17140467	non-PMA	F7_S8	F7_S8	F7	S8	Crew quarters
OQXA	5	0.00206007655083	SRR17140467	non-PMA	F7_S8	F7_S8	F7	S8	Crew quarters
OQXB	3	0.000460279960786	SRR17140467	non-PMA	F7_S8	F7_S8	F7	S8	Crew quarters
SMEE	7	0.00108431336916	SRR17140467	non-PMA	F7_S8	F7_S8	F7	S8	Crew quarters
SMED	1	0.000408878137754	SRR17140467	non-PMA	F7_S8	F7_S8	F7	S8	Crew quarters
SMEC	2	0.000684067882272	SRR17140467	non-PMA	F7_S8	F7_S8	F7	S8	Crew quarters
SMEB	2	0.000307145827026	SRR17140467	non-PMA	F7_S8	F7_S8	F7	S8	Crew quarters
MACB	72	0.0180109549873	SRR17140467	non-PMA	F7_S8	F7_S8	F7	S8	Crew quarters
MACA	7	0.0030395846467	SRR17140467	non-PMA	F7_S8	F7_S8	F7	S8	Crew quarters
SMES	2	0.000689927136082	SRR17140467	non-PMA	F7_S8	F7_S8	F7	S8	Crew quarters
SMER	5	0.00351742328112	SRR17140467	non-PMA	F7_S8	F7_S8	F7	S8	Crew quarters
PBP-1B	71	0.0139317381553	SRR17140467	non-PMA	F7_S8	F7_S8	F7	S8	Crew quarters
PBP-1A	196	0.0439154454936	SRR17140467	non-PMA	F7_S8	F7_S8	F7	S8	Crew quarters
OPRM	14	0.0048191705296	SRR17140467	non-PMA	F7_S8	F7_S8	F7	S8	Crew quarters
RPOB2	1588	0.22015800534	SRR17140467	non-PMA	F7_S8	F7_S8	F7	S8	Crew quarters
LRFA	18	0.00575349950983	SRR17140467	non-PMA	F7_S8	F7_S8	F7	S8	Crew quarters
ARLS	87	0.0310765516761	SRR17140467	non-PMA	F7_S8	F7_S8	F7	S8	Crew quarters
MEXY	2	0.000308321504833	SRR17140467	non-PMA	F7_S8	F7_S8	F7	S8	Crew quarters
ACRB	11	0.0017006505269	SRR17140467	non-PMA	F7_S8	F7_S8	F7	S8	Crew quarters
TRANSCRIPTIONAL_REGULATORY_PROTEIN_CPXR_CPXR	5	0.00347193935938	SRR17140467	non-PMA	F7_S8	F7_S8	F7	S8	Crew quarters
ACRD	2	0.000310700069962	SRR17140467	non-PMA	F7_S8	F7_S8	F7	S8	Crew quarters
TYPE_A_NFXB	1	0.000861486557621	SRR17140467	non-PMA	F7_S8	F7_S8	F7	S8	Crew quarters
FUSC	1	0.000759896161675	SRR17140467	non-PMA	F7_S8	F7_S8	F7	S8	Crew quarters
BLAZ	15	0.00506804224218	SRR17140469	non-PMA	F7_S7	F7_S7	F7	S7	Lab overhead
LNUA	33	0.019460023069	SRR17140469	non-PMA	F7_S7	F7_S7	F7	S7	Lab overhead
OMPR	1	0.000416409318729	SRR17140469	non-PMA	F7_S7	F7_S7	F7	S7	Lab overhead
BACA	760	0.264305519228	SRR17140469	non-PMA	F7_S7	F7_S7	F7	S7	Lab overhead
ERM(TR)	27	0.0105490360745	SRR17140469	non-PMA	F7_S7	F7_S7	F7	S7	Lab overhead
COB(I)ALAMIN_ADENOLSYLTRANSFERASE	1	0.000484394513623	SRR17140469	non-PMA	F7_S7	F7_S7	F7	S7	Lab overhead
OMPF	1	0.000270488104473	SRR17140469	non-PMA	F7_S7	F7_S7	F7	S7	Lab overhead
CHLORAMPHENICOL_EXPORTER	12	0.00239851767588	SRR17140469	non-PMA	F7_S7	F7_S7	F7	S7	Lab overhead
ABCA	24	0.00156927809372	SRR17140469	non-PMA	F7_S7	F7_S7	F7	S7	Lab overhead
RBPA	51	0.0424737505103	SRR17140469	non-PMA	F7_S7	F7_S7	F7	S7	Lab overhead
MULTIDRUG_ABC_TRANSPORTER	1277	0.209757909349	SRR17140469	non-PMA	F7_S7	F7_S7	F7	S7	Lab overhead
TET(33)	4	0.000933084271943	SRR17140469	non-PMA	F7_S7	F7_S7	F7	S7	Lab overhead
ERMB	22	0.00852534343977	SRR17140469	non-PMA	F7_S7	F7_S7	F7	S7	Lab overhead
PBP-2X	166	0.0210136798603	SRR17140469	non-PMA	F7_S7	F7_S7	F7	S7	Lab overhead
LMRD	32	0.00458930874539	SRR17140469	non-PMA	F7_S7	F7_S7	F7	S7	Lab overhead
LMRC	27	0.00448149609457	SRR17140469	non-PMA	F7_S7	F7_S7	F7	S7	Lab overhead
MPHC	166	0.0527098993152	SRR17140469	non-PMA	F7_S7	F7_S7	F7	S7	Lab overhead
MRX	1	0.000230440108423	SRR17140469	non-PMA	F7_S7	F7_S7	F7	S7	Lab overhead
MTRD	26	0.00231347182889	SRR17140469	non-PMA	F7_S7	F7_S7	F7	S7	Lab overhead
APH(6)-I	5	0.00178461136598	SRR17140469	non-PMA	F7_S7	F7_S7	F7	S7	Lab overhead
TOLC	8	0.00153440524719	SRR17140469	non-PMA	F7_S7	F7_S7	F7	S7	Lab overhead
VANRI	1	0.000409229847716	SRR17140469	non-PMA	F7_S7	F7_S7	F7	S7	Lab overhead
FMTC	463	0.0523307539551	SRR17140469	non-PMA	F7_S7	F7_S7	F7	S7	Lab overhead
MTRE	6	0.00121980288655	SRR17140469	non-PMA	F7_S7	F7_S7	F7	S7	Lab overhead
MEFE	4	0.000942345654294	SRR17140469	non-PMA	F7_S7	F7_S7	F7	S7	Lab overhead
CLASS_A	225	0.0712059935026	SRR17140469	non-PMA	F7_S7	F7_S7	F7	S7	Lab overhead
MTRA	19	0.00791177705585	SRR17140469	non-PMA	F7_S7	F7_S7	F7	S7	Lab overhead
MEFA	101	0.0236767254116	SRR17140469	non-PMA	F7_S7	F7_S7	F7	S7	Lab overhead
MTRC	8	0.00184352086738	SRR17140469	non-PMA	F7_S7	F7_S7	F7	S7	Lab overhead
MDSB	1	8.99917769385e-05	SRR17140469	non-PMA	F7_S7	F7_S7	F7	S7	Lab overhead
MSRE	5	0.000966815933505	SRR17140469	non-PMA	F7_S7	F7_S7	F7	S7	Lab overhead
ROSA	4	0.00092625682605	SRR17140469	non-PMA	F7_S7	F7_S7	F7	S7	Lab overhead
AMRB	2	0.000181705884536	SRR17140469	non-PMA	F7_S7	F7_S7	F7	S7	Lab overhead
MSRA	338	0.0657585404478	SRR17140469	non-PMA	F7_S7	F7_S7	F7	S7	Lab overhead
NORB	28	0.00570462895014	SRR17140469	non-PMA	F7_S7	F7_S7	F7	S7	Lab overhead
NORA	840	0.205543074028	SRR17140469	non-PMA	F7_S7	F7_S7	F7	S7	Lab overhead
AAD(9)	3	0.00109547682312	SRR17140469	non-PMA	F7_S7	F7_S7	F7	S7	Lab overhead
MTRR	4	0.00210980721489	SRR17140469	non-PMA	F7_S7	F7_S7	F7	S7	Lab overhead
ADEK	1	0.000196159761715	SRR17140469	non-PMA	F7_S7	F7_S7	F7	S7	Lab overhead
MAJOR_FACILITATOR_SUPERFAMILY_TRANSPORTER	1047	0.255536161773	SRR17140469	non-PMA	F7_S7	F7_S7	F7	S7	Lab overhead
ADC-23	1	0.000247888576162	SRR17140469	non-PMA	F7_S7	F7_S7	F7	S7	Lab overhead
CAMP-REGULATORY_PROTEIN	6	0.00349477268725	SRR17140469	non-PMA	F7_S7	F7_S7	F7	S7	Lab overhead
STAPHYLOCOCCUS_MUPA_CONFERRING_RESISTANCE_TO_MUPIROCIN	53	0.00491395528078	SRR17140469	non-PMA	F7_S7	F7_S7	F7	S7	Lab overhead
AAC(6')-IE-APH(2'')-IA	1	0.000198207358393	SRR17140469	non-PMA	F7_S7	F7_S7	F7	S7	Lab overhead
VANR	5	0.00207295468712	SRR17140469	non-PMA	F7_S7	F7_S7	F7	S7	Lab overhead
YOJI	1	0.000173567321152	SRR17140469	non-PMA	F7_S7	F7_S7	F7	S7	Lab overhead
DFRC	279	0.164525649584	SRR17140469	non-PMA	F7_S7	F7_S7	F7	S7	Lab overhead
ADP-RIBOSYLATING_TRANSFERASE_ARR	1	0.000632942164468	SRR17140469	non-PMA	F7_S7	F7_S7	F7	S7	Lab overhead
LSA	1	0.000190645230261	SRR17140469	non-PMA	F7_S7	F7_S7	F7	S7	Lab overhead
LSAC	31	0.00598207533491	SRR17140469	non-PMA	F7_S7	F7_S7	F7	S7	Lab overhead
UGD	160	0.0391510617197	SRR17140469	non-PMA	F7_S7	F7_S7	F7	S7	Lab overhead
MDTB	4	0.000365158941039	SRR17140469	non-PMA	F7_S7	F7_S7	F7	S7	Lab overhead
MDTG	76	0.0179491061565	SRR17140469	non-PMA	F7_S7	F7_S7	F7	S7	Lab overhead
MDTK	24	0.0048071556795	SRR17140469	non-PMA	F7_S7	F7_S7	F7	S7	Lab overhead
MSBA	4	0.000652517695328	SRR17140469	non-PMA	F7_S7	F7_S7	F7	S7	Lab overhead
MDTM	1	0.000231564206513	SRR17140469	non-PMA	F7_S7	F7_S7	F7	S7	Lab overhead
MDTL	1	0.000242816687136	SRR17140469	non-PMA	F7_S7	F7_S7	F7	S7	Lab overhead
VANS	20	0.00424793398972	SRR17140469	non-PMA	F7_S7	F7_S7	F7	S7	Lab overhead
MECR1	29	0.00839420248608	SRR17140469	non-PMA	F7_S7	F7_S7	F7	S7	Lab overhead
OPMH	6	0.00118184221581	SRR17140469	non-PMA	F7_S7	F7_S7	F7	S7	Lab overhead
VANA	1	0.000279239190206	SRR17140469	non-PMA	F7_S7	F7_S7	F7	S7	Lab overhead
VAND	1	0.000276796864928	SRR17140469	non-PMA	F7_S7	F7_S7	F7	S7	Lab overhead
APH(3')-I	4	0.00140134796561	SRR17140469	non-PMA	F7_S7	F7_S7	F7	S7	Lab overhead
BLEOMYCIN_RESISTANCE_PROTEIN	2	0.00206394184066	SRR17140469	non-PMA	F7_S7	F7_S7	F7	S7	Lab overhead
EFRB	30	0.0078680655804	SRR17140469	non-PMA	F7_S7	F7_S7	F7	S7	Lab overhead
EFRA	5	0.000978776542991	SRR17140469	non-PMA	F7_S7	F7_S7	F7	S7	Lab overhead
TETA(60)	18	0.00295154377213	SRR17140469	non-PMA	F7_S7	F7_S7	F7	S7	Lab overhead
BAER	2	0.000791177705585	SRR17140469	non-PMA	F7_S7	F7_S7	F7	S7	Lab overhead
BAES	3	0.000609901443277	SRR17140469	non-PMA	F7_S7	F7_S7	F7	S7	Lab overhead
EMRR	6	0.0032366360683	SRR17140469	non-PMA	F7_S7	F7_S7	F7	S7	Lab overhead
EMRB-QACA_FAMILY_MAJOR_FACILITATOR_TRANSPORTER	713	0.140734229709	SRR17140469	non-PMA	F7_S7	F7_S7	F7	S7	Lab overhead
MUXC	2	0.00018328441056	SRR17140469	non-PMA	F7_S7	F7_S7	F7	S7	Lab overhead
BIFUNCTIONAL_AMINOGLYCOSIDE_N-ACETYLTRANSFERASE_AND_AMINOGLYCOSIDE_PHOSPHOTRANSFERASE	7	0.00135354230691	SRR17140469	non-PMA	F7_S7	F7_S7	F7	S7	Lab overhead
EMRA	2	0.000486878588052	SRR17140469	non-PMA	F7_S7	F7_S7	F7	S7	Lab overhead
EMRB	5	0.000927161373732	SRR17140469	non-PMA	F7_S7	F7_S7	F7	S7	Lab overhead
EMRD	2	0.000481935658224	SRR17140469	non-PMA	F7_S7	F7_S7	F7	S7	Lab overhead
ERM(33)	1	0.000390705039795	SRR17140469	non-PMA	F7_S7	F7_S7	F7	S7	Lab overhead
APH(3'')-I	14	0.00488668582861	SRR17140469	non-PMA	F7_S7	F7_S7	F7	S7	Lab overhead
MDFA	3	0.000694692619538	SRR17140469	non-PMA	F7_S7	F7_S7	F7	S7	Lab overhead
ERMC	117	0.0455251433869	SRR17140469	non-PMA	F7_S7	F7_S7	F7	S7	Lab overhead
FOSB	42	0.0286873067349	SRR17140469	non-PMA	F7_S7	F7_S7	F7	S7	Lab overhead
ERMA	6	0.00198483605582	SRR17140469	non-PMA	F7_S7	F7_S7	F7	S7	Lab overhead
ERMF	6	0.00214153363918	SRR17140469	non-PMA	F7_S7	F7_S7	F7	S7	Lab overhead
ERMX	80	0.0300209722277	SRR17140469	non-PMA	F7_S7	F7_S7	F7	S7	Lab overhead
TETB(60)	32	0.00524718892823	SRR17140469	non-PMA	F7_S7	F7_S7	F7	S7	Lab overhead
TETX	1	0.000245961981011	SRR17140469	non-PMA	F7_S7	F7_S7	F7	S7	Lab overhead
MECI	3	0.00231564206513	SRR17140469	non-PMA	F7_S7	F7_S7	F7	S7	Lab overhead
TEM	5	0.00168934741406	SRR17140469	non-PMA	F7_S7	F7_S7	F7	S7	Lab overhead
TETQ	22	0.00317916155669	SRR17140469	non-PMA	F7_S7	F7_S7	F7	S7	Lab overhead
SALA	1	0.0001754922822	SRR17140469	non-PMA	F7_S7	F7_S7	F7	S7	Lab overhead
MECA	41	0.00582723699323	SRR17140469	non-PMA	F7_S7	F7_S7	F7	S7	Lab overhead
TETR	1	0.000456448676299	SRR17140469	non-PMA	F7_S7	F7_S7	F7	S7	Lab overhead
SUL1	6	0.00201289027569	SRR17140469	non-PMA	F7_S7	F7_S7	F7	S7	Lab overhead
TETW	6	0.000891467837278	SRR17140469	non-PMA	F7_S7	F7_S7	F7	S7	Lab overhead
OXA	1	0.000343990306776	SRR17140469	non-PMA	F7_S7	F7_S7	F7	S7	Lab overhead
TETM	77	0.0114405039117	SRR17140469	non-PMA	F7_S7	F7_S7	F7	S7	Lab overhead
TETL	6	0.00124377281227	SRR17140469	non-PMA	F7_S7	F7_S7	F7	S7	Lab overhead
PENA	51	0.00777208275791	SRR17140469	non-PMA	F7_S7	F7_S7	F7	S7	Lab overhead
TETA	7	0.00158235541117	SRR17140469	non-PMA	F7_S7	F7_S7	F7	S7	Lab overhead
QACB	387	0.0714830596252	SRR17140469	non-PMA	F7_S7	F7_S7	F7	S7	Lab overhead
QACA	149	0.0275219015094	SRR17140469	non-PMA	F7_S7	F7_S7	F7	S7	Lab overhead
TETB	60	0.0126588432894	SRR17140469	non-PMA	F7_S7	F7_S7	F7	S7	Lab overhead
QACG	6	0.00532381259833	SRR17140469	non-PMA	F7_S7	F7_S7	F7	S7	Lab overhead
TRIC	5	0.000467691254533	SRR17140469	non-PMA	F7_S7	F7_S7	F7	S7	Lab overhead
CAT_CHLORAMPHENICOL_ACETYLTRANSFERASE	10	0.00441587556605	SRR17140469	non-PMA	F7_S7	F7_S7	F7	S7	Lab overhead
AADD	5	0.00187631076423	SRR17140469	non-PMA	F7_S7	F7_S7	F7	S7	Lab overhead
AADE	7	0.00280417414638	SRR17140469	non-PMA	F7_S7	F7_S7	F7	S7	Lab overhead
BICYCLOMYCIN-MULTIDRUG_EFFLUX_PROTEIN_BCR	2	0.000479501639748	SRR17140469	non-PMA	F7_S7	F7_S7	F7	S7	Lab overhead
KASUGAMYCIN_RESISTANCE_PROTEIN_KSGA	4	0.00139108168015	SRR17140469	non-PMA	F7_S7	F7_S7	F7	S7	Lab overhead
FUSD	6	0.00267440351184	SRR17140469	non-PMA	F7_S7	F7_S7	F7	S7	Lab overhead
TAEA	6	0.000879086339539	SRR17140469	non-PMA	F7_S7	F7_S7	F7	S7	Lab overhead
FUSB	17	0.00757747661687	SRR17140469	non-PMA	F7_S7	F7_S7	F7	S7	Lab overhead
CARO	1	0.00039231952343	SRR17140469	non-PMA	F7_S7	F7_S7	F7	S7	Lab overhead
TRUNCATED_PUTATIVE_RESPONSE_REGULATOR_ARLR	455	0.197252523858	SRR17140469	non-PMA	F7_S7	F7_S7	F7	S7	Lab overhead
TET35	4	0.00102917425117	SRR17140469	non-PMA	F7_S7	F7_S7	F7	S7	Lab overhead
TET32	2	0.000297155945759	SRR17140469	non-PMA	F7_S7	F7_S7	F7	S7	Lab overhead
TETA(46)	12	0.00198483605582	SRR17140469	non-PMA	F7_S7	F7_S7	F7	S7	Lab overhead
TETB(46)	9	0.00147832512462	SRR17140469	non-PMA	F7_S7	F7_S7	F7	S7	Lab overhead
MEL	163	0.0317770758136	SRR17140469	non-PMA	F7_S7	F7_S7	F7	S7	Lab overhead
ANT(3'')-IIA	1	0.000362371468207	SRR17140469	non-PMA	F7_S7	F7_S7	F7	S7	Lab overhead
TET(K)	196	0.0405413935411	SRR17140469	non-PMA	F7_S7	F7_S7	F7	S7	Lab overhead
MARR	433	0.279657099198	SRR17140469	non-PMA	F7_S7	F7_S7	F7	S7	Lab overhead
TET(38)	5	0.00105490360745	SRR17140469	non-PMA	F7_S7	F7_S7	F7	S7	Lab overhead
RPHA	1	0.000109758756844	SRR17140469	non-PMA	F7_S7	F7_S7	F7	S7	Lab overhead
FARB	11	0.00205581608538	SRR17140469	non-PMA	F7_S7	F7_S7	F7	S7	Lab overhead
MUXB	1	9.10271569225e-05	SRR17140469	non-PMA	F7_S7	F7_S7	F7	S7	Lab overhead
PATB	107	0.026182272525	SRR17140469	non-PMA	F7_S7	F7_S7	F7	S7	Lab overhead
OPRN	2	0.000402293748602	SRR17140469	non-PMA	F7_S7	F7_S7	F7	S7	Lab overhead
MEXX	3	0.000719252459622	SRR17140469	non-PMA	F7_S7	F7_S7	F7	S7	Lab overhead
MEPA	46	0.0206981086959	SRR17140469	non-PMA	F7_S7	F7_S7	F7	S7	Lab overhead
OPRC	1	6.0241957278e-05	SRR17140469	non-PMA	F7_S7	F7_S7	F7	S7	Lab overhead
MEXW	2	0.000186525195816	SRR17140469	non-PMA	F7_S7	F7_S7	F7	S7	Lab overhead
MEXT	1	0.000312306989047	SRR17140469	non-PMA	F7_S7	F7_S7	F7	S7	Lab overhead
RLMA(II)	60	0.0202002818447	SRR17140469	non-PMA	F7_S7	F7_S7	F7	S7	Lab overhead
CFXA2	8	0.00236613893259	SRR17140469	non-PMA	F7_S7	F7_S7	F7	S7	Lab overhead
VGAA	1006	0.182971211912	SRR17140469	non-PMA	F7_S7	F7_S7	F7	S7	Lab overhead
MEXN	1	9.16422052801e-05	SRR17140469	non-PMA	F7_S7	F7_S7	F7	S7	Lab overhead
MEXK	5	0.000463128413025	SRR17140469	non-PMA	F7_S7	F7_S7	F7	S7	Lab overhead
ADEB	7	0.000641495436961	SRR17140469	non-PMA	F7_S7	F7_S7	F7	S7	Lab overhead
MEXI	1	9.22656216425e-05	SRR17140469	non-PMA	F7_S7	F7_S7	F7	S7	Lab overhead
MEXF	9	0.000804587497205	SRR17140469	non-PMA	F7_S7	F7_S7	F7	S7	Lab overhead
TRANSCRIPTIONAL_REGULATORY_PROTEIN_CPXR_CPXR	4	0.00163691939086	SRR17140469	non-PMA	F7_S7	F7_S7	F7	S7	Lab overhead
MEXD	1	9.10271569225e-05	SRR17140469	non-PMA	F7_S7	F7_S7	F7	S7	Lab overhead
MEXE	1	0.000239146913527	SRR17140469	non-PMA	F7_S7	F7_S7	F7	S7	Lab overhead
MEXB	6	0.000544596508624	SRR17140469	non-PMA	F7_S7	F7_S7	F7	S7	Lab overhead
ADEI	2	0.000456448676299	SRR17140469	non-PMA	F7_S7	F7_S7	F7	S7	Lab overhead
ADEJ	5	0.000448683008838	SRR17140469	non-PMA	F7_S7	F7_S7	F7	S7	Lab overhead
MEXA	1	0.000247888576162	SRR17140469	non-PMA	F7_S7	F7_S7	F7	S7	Lab overhead
OQXB	3	0.000271260927629	SRR17140469	non-PMA	F7_S7	F7_S7	F7	S7	Lab overhead
SMEE	1	9.12897352598e-05	SRR17140469	non-PMA	F7_S7	F7_S7	F7	S7	Lab overhead
SMED	2	0.000481935658224	SRR17140469	non-PMA	F7_S7	F7_S7	F7	S7	Lab overhead
MACB	40	0.00589697668759	SRR17140469	non-PMA	F7_S7	F7_S7	F7	S7	Lab overhead
MACA	8	0.00204725228399	SRR17140469	non-PMA	F7_S7	F7_S7	F7	S7	Lab overhead
ERM(44)	10	0.00378252289523	SRR17140469	non-PMA	F7_S7	F7_S7	F7	S7	Lab overhead
SMER	16	0.00663345499879	SRR17140469	non-PMA	F7_S7	F7_S7	F7	S7	Lab overhead
PBP-1B	135	0.0156115454695	SRR17140469	non-PMA	F7_S7	F7_S7	F7	S7	Lab overhead
ACRS	1	0.000431551475773	SRR17140469	non-PMA	F7_S7	F7_S7	F7	S7	Lab overhead
PBP-1A	179	0.0236362964061	SRR17140469	non-PMA	F7_S7	F7_S7	F7	S7	Lab overhead
CATD	1	0.000447836437123	SRR17140469	non-PMA	F7_S7	F7_S7	F7	S7	Lab overhead
RPOB2	2778	0.226976764143	SRR17140469	non-PMA	F7_S7	F7_S7	F7	S7	Lab overhead
TETA(48)	3	0.000830390594783	SRR17140469	non-PMA	F7_S7	F7_S7	F7	S7	Lab overhead
ARLS	229	0.0482074575376	SRR17140469	non-PMA	F7_S7	F7_S7	F7	S7	Lab overhead
DFRG	1	0.000575401967698	SRR17140469	non-PMA	F7_S7	F7_S7	F7	S7	Lab overhead
ACRB	8	0.000728916120308	SRR17140469	non-PMA	F7_S7	F7_S7	F7	S7	Lab overhead
ACRA	1	0.000237948182131	SRR17140469	non-PMA	F7_S7	F7_S7	F7	S7	Lab overhead
ACRF	1	9.18194629305e-05	SRR17140469	non-PMA	F7_S7	F7_S7	F7	S7	Lab overhead
FUSC	2	0.000895672874247	SRR17140469	non-PMA	F7_S7	F7_S7	F7	S7	Lab overhead
BLAZ	4	0.00831335303304	SRR17140470	non-PMA	F4_S4	F4_S4	F4	S4	Dining table
LNUA	10	0.0362741025199	SRR17140470	non-PMA	F4_S4	F4_S4	F4	S4	Dining table
OMPR	1	0.00256146074812	SRR17140470	non-PMA	F4_S4	F4_S4	F4	S4	Dining table
BACA	37	0.0791519519089	SRR17140470	non-PMA	F4_S4	F4_S4	F4	S4	Dining table
VATB	1	0.00275477854043	SRR17140470	non-PMA	F4_S4	F4_S4	F4	S4	Dining table
MSBA	13	0.0130449650471	SRR17140470	non-PMA	F4_S4	F4_S4	F4	S4	Dining table
MULTIDRUG_ABC_TRANSPORTER	69	0.0697178209159	SRR17140470	non-PMA	F4_S4	F4_S4	F4	S4	Dining table
LMRP	56	0.0805535242167	SRR17140470	non-PMA	F4_S4	F4_S4	F4	S4	Dining table
PBP-2X	174	0.135491027732	SRR17140470	non-PMA	F4_S4	F4_S4	F4	S4	Dining table
LMRD	185	0.163206063981	SRR17140470	non-PMA	F4_S4	F4_S4	F4	S4	Dining table
LMRC	200	0.204200367333	SRR17140470	non-PMA	F4_S4	F4_S4	F4	S4	Dining table
LMRB	2	0.0041864734808	SRR17140470	non-PMA	F4_S4	F4_S4	F4	S4	Dining table
MPHC	39	0.0761756152919	SRR17140470	non-PMA	F4_S4	F4_S4	F4	S4	Dining table
FMTC	33	0.0229433698439	SRR17140470	non-PMA	F4_S4	F4_S4	F4	S4	Dining table
MTRE	1	0.00125056327745	SRR17140470	non-PMA	F4_S4	F4_S4	F4	S4	Dining table
MTRD	4	0.00218936476315	SRR17140470	non-PMA	F4_S4	F4_S4	F4	S4	Dining table
CLASS_A	11	0.0214138118543	SRR17140470	non-PMA	F4_S4	F4_S4	F4	S4	Dining table
MEFA	97	0.139874730631	SRR17140470	non-PMA	F4_S4	F4_S4	F4	S4	Dining table
MDSB	6	0.00332140123547	SRR17140470	non-PMA	F4_S4	F4_S4	F4	S4	Dining table
MSRE	1	0.00118943594821	SRR17140470	non-PMA	F4_S4	F4_S4	F4	S4	Dining table
ROSB	2	0.00215106095975	SRR17140470	non-PMA	F4_S4	F4_S4	F4	S4	Dining table
MSRA	43	0.0514601663413	SRR17140470	non-PMA	F4_S4	F4_S4	F4	S4	Dining table
NORB	1	0.00125324688964	SRR17140470	non-PMA	F4_S4	F4_S4	F4	S4	Dining table
NORA	17	0.0255882006693	SRR17140470	non-PMA	F4_S4	F4_S4	F4	S4	Dining table
TETO	4	0.00365579374379	SRR17140470	non-PMA	F4_S4	F4_S4	F4	S4	Dining table
MAJOR_FACILITATOR_SUPERFAMILY_TRANSPORTER	92	0.138121338438	SRR17140470	non-PMA	F4_S4	F4_S4	F4	S4	Dining table
CAMP-REGULATORY_PROTEIN	9	0.0322461193567	SRR17140470	non-PMA	F4_S4	F4_S4	F4	S4	Dining table
DFRC	10	0.0362741025199	SRR17140470	non-PMA	F4_S4	F4_S4	F4	S4	Dining table
LSA	4	0.00469086787607	SRR17140470	non-PMA	F4_S4	F4_S4	F4	S4	Dining table
LSAC	6	0.00712211037282	SRR17140470	non-PMA	F4_S4	F4_S4	F4	S4	Dining table
LSAE	1	0.00118221265298	SRR17140470	non-PMA	F4_S4	F4_S4	F4	S4	Dining table
UGD	12	0.018062259296	SRR17140470	non-PMA	F4_S4	F4_S4	F4	S4	Dining table
MDTG	33	0.047941369823	SRR17140470	non-PMA	F4_S4	F4_S4	F4	S4	Dining table
OLEC	1	0.00179696323253	SRR17140470	non-PMA	F4_S4	F4_S4	F4	S4	Dining table
MDTK	1	0.0012320950434	SRR17140470	non-PMA	F4_S4	F4_S4	F4	S4	Dining table
BCRC	1	0.00287691157917	SRR17140470	non-PMA	F4_S4	F4_S4	F4	S4	Dining table
BCRB	2	0.00561551010164	SRR17140470	non-PMA	F4_S4	F4_S4	F4	S4	Dining table
BCRA	14	0.0264601382136	SRR17140470	non-PMA	F4_S4	F4_S4	F4	S4	Dining table
APH(3')-I	1	0.0021550297069	SRR17140470	non-PMA	F4_S4	F4_S4	F4	S4	Dining table
BLEOMYCIN_RESISTANCE_PROTEIN	1	0.00634796794099	SRR17140470	non-PMA	F4_S4	F4_S4	F4	S4	Dining table
OXA	1	0.00211598931366	SRR17140470	non-PMA	F4_S4	F4_S4	F4	S4	Dining table
EFRA	6	0.0072249037184	SRR17140470	non-PMA	F4_S4	F4_S4	F4	S4	Dining table
EMRB-QACA_FAMILY_MAJOR_FACILITATOR_TRANSPORTER	28	0.0339966016964	SRR17140470	non-PMA	F4_S4	F4_S4	F4	S4	Dining table
PMRF	6	0.010882230756	SRR17140470	non-PMA	F4_S4	F4_S4	F4	S4	Dining table
EMRA	7	0.0104822855231	SRR17140470	non-PMA	F4_S4	F4_S4	F4	S4	Dining table
EMRB	13	0.0148284563622	SRR17140470	non-PMA	F4_S4	F4_S4	F4	S4	Dining table
ABCA	3	0.00120663853424	SRR17140470	non-PMA	F4_S4	F4_S4	F4	S4	Dining table
ERMB	12	0.0286047208443	SRR17140470	non-PMA	F4_S4	F4_S4	F4	S4	Dining table
FOSB	13	0.054619925593	SRR17140470	non-PMA	F4_S4	F4_S4	F4	S4	Dining table
ERMA	3	0.00610466603384	SRR17140470	non-PMA	F4_S4	F4_S4	F4	S4	Dining table
LPEB	1	0.000575949754015	SRR17140470	non-PMA	F4_S4	F4_S4	F4	S4	Dining table
HMRM	2	0.00251729763177	SRR17140470	non-PMA	F4_S4	F4_S4	F4	S4	Dining table
ERMX	1	0.00230835197854	SRR17140470	non-PMA	F4_S4	F4_S4	F4	S4	Dining table
TEM	2	0.00415667651652	SRR17140470	non-PMA	F4_S4	F4_S4	F4	S4	Dining table
TETQ	7	0.0062223612694	SRR17140470	non-PMA	F4_S4	F4_S4	F4	S4	Dining table
TETP	1	0.00138720439566	SRR17140470	non-PMA	F4_S4	F4_S4	F4	S4	Dining table
TETS	6	0.00544111537799	SRR17140470	non-PMA	F4_S4	F4_S4	F4	S4	Dining table
EFRB	16	0.0258127315169	SRR17140470	non-PMA	F4_S4	F4_S4	F4	S4	Dining table
TETM	88	0.0804274623635	SRR17140470	non-PMA	F4_S4	F4_S4	F4	S4	Dining table
PENA	135	0.126551784634	SRR17140470	non-PMA	F4_S4	F4_S4	F4	S4	Dining table
TETA	6	0.00834304357959	SRR17140470	non-PMA	F4_S4	F4_S4	F4	S4	Dining table
QACB	20	0.0227242432129	SRR17140470	non-PMA	F4_S4	F4_S4	F4	S4	Dining table
QACA	3	0.00340863648193	SRR17140470	non-PMA	F4_S4	F4_S4	F4	S4	Dining table
KDPE	1	0.00259561355809	SRR17140470	non-PMA	F4_S4	F4_S4	F4	S4	Dining table
CAT_CHLORAMPHENICOL_ACETYLTRANSFERASE	4	0.0108653590804	SRR17140470	non-PMA	F4_S4	F4_S4	F4	S4	Dining table
RLMA(II)	57	0.118045191073	SRR17140470	non-PMA	F4_S4	F4_S4	F4	S4	Dining table
KASUGAMYCIN_RESISTANCE_PROTEIN_KSGA	11	0.0235316613783	SRR17140470	non-PMA	F4_S4	F4_S4	F4	S4	Dining table
FUSD	2	0.00548369061569	SRR17140470	non-PMA	F4_S4	F4_S4	F4	S4	Dining table
TAEA	3	0.00270376412301	SRR17140470	non-PMA	F4_S4	F4_S4	F4	S4	Dining table
TRUNCATED_PUTATIVE_RESPONSE_REGULATOR_ARLR	24	0.0640014301996	SRR17140470	non-PMA	F4_S4	F4_S4	F4	S4	Dining table
TET37	1	0.00540752824603	SRR17140470	non-PMA	F4_S4	F4_S4	F4	S4	Dining table
YKKD	2	0.0112310202033	SRR17140470	non-PMA	F4_S4	F4_S4	F4	S4	Dining table
TETA(46)	6	0.00610466603384	SRR17140470	non-PMA	F4_S4	F4_S4	F4	S4	Dining table
TETB(46)	11	0.0111144352185	SRR17140470	non-PMA	F4_S4	F4_S4	F4	S4	Dining table
MEL	88	0.105530078953	SRR17140470	non-PMA	F4_S4	F4_S4	F4	S4	Dining table
ARNA	2	0.00176438988088	SRR17140470	non-PMA	F4_S4	F4_S4	F4	S4	Dining table
TET(K)	65	0.0827033731745	SRR17140470	non-PMA	F4_S4	F4_S4	F4	S4	Dining table
MARR	33	0.131104970536	SRR17140470	non-PMA	F4_S4	F4_S4	F4	S4	Dining table
PATB	82	0.123425438523	SRR17140470	non-PMA	F4_S4	F4_S4	F4	S4	Dining table
OPRN	2	0.00247463157022	SRR17140470	non-PMA	F4_S4	F4_S4	F4	S4	Dining table
MEPA	5	0.0138391718145	SRR17140470	non-PMA	F4_S4	F4_S4	F4	S4	Dining table
MEXW	1	0.000573686690148	SRR17140470	non-PMA	F4_S4	F4_S4	F4	S4	Dining table
MEXT	8	0.0153687644887	SRR17140470	non-PMA	F4_S4	F4_S4	F4	S4	Dining table
CFXA3	1	0.00181935529773	SRR17140470	non-PMA	F4_S4	F4_S4	F4	S4	Dining table
CFXA2	9	0.0163741976796	SRR17140470	non-PMA	F4_S4	F4_S4	F4	S4	Dining table
VGAA	32	0.0358015663185	SRR17140470	non-PMA	F4_S4	F4_S4	F4	S4	Dining table
ADEF	1	0.000551475968433	SRR17140470	non-PMA	F4_S4	F4_S4	F4	S4	Dining table
MEXK	7	0.00398838180878	SRR17140470	non-PMA	F4_S4	F4_S4	F4	S4	Dining table
TOLC	2	0.00235964868918	SRR17140470	non-PMA	F4_S4	F4_S4	F4	S4	Dining table
MEXB	7	0.00390830913384	SRR17140470	non-PMA	F4_S4	F4_S4	F4	S4	Dining table
ADEJ	2	0.00110399442452	SRR17140470	non-PMA	F4_S4	F4_S4	F4	S4	Dining table
OQXA	2	0.00298727903105	SRR17140470	non-PMA	F4_S4	F4_S4	F4	S4	Dining table
OQXB	3	0.00166860871592	SRR17140470	non-PMA	F4_S4	F4_S4	F4	S4	Dining table
SMEE	2	0.00112310202033	SRR17140470	non-PMA	F4_S4	F4_S4	F4	S4	Dining table
SMEB	4	0.00222693250933	SRR17140470	non-PMA	F4_S4	F4_S4	F4	S4	Dining table
MACB	11	0.00997537819298	SRR17140470	non-PMA	F4_S4	F4_S4	F4	S4	Dining table
MACA	1	0.00157415916596	SRR17140470	non-PMA	F4_S4	F4_S4	F4	S4	Dining table
SMER	1	0.00255027533	SRR17140470	non-PMA	F4_S4	F4_S4	F4	S4	Dining table
PBP-1B	141	0.100299439867	SRR17140470	non-PMA	F4_S4	F4_S4	F4	S4	Dining table
PBP-1A	185	0.150267613846	SRR17140470	non-PMA	F4_S4	F4_S4	F4	S4	Dining table
RPOB2	211	0.106047120198	SRR17140470	non-PMA	F4_S4	F4_S4	F4	S4	Dining table
TETA(48)	1	0.00170266195502	SRR17140470	non-PMA	F4_S4	F4_S4	F4	S4	Dining table
ARLS	25	0.0323732289673	SRR17140470	non-PMA	F4_S4	F4_S4	F4	S4	Dining table
DNA-BINDING_PROTEIN_H-NS	1	0.00426286898227	SRR17140470	non-PMA	F4_S4	F4_S4	F4	S4	Dining table
TRANSCRIPTIONAL_REGULATORY_PROTEIN_CPXR_CPXR	4	0.0100691905271	SRR17140470	non-PMA	F4_S4	F4_S4	F4	S4	Dining table
QACG	9	0.0491225930387	SRR17140470	non-PMA	F4_S4	F4_S4	F4	S4	Dining table
BLAZ	20	0.0117624591096	SRR17140472	non-PMA	F7_S6	F7_S6	F7	S6	PMM
LNUA	86	0.0882768903241	SRR17140472	non-PMA	F7_S6	F7_S6	F7	S6	PMM
LNUC	1	0.0010076984786	SRR17140472	non-PMA	F7_S6	F7_S6	F7	S6	PMM
BACA	613	0.371084041944	SRR17140472	non-PMA	F7_S6	F7_S6	F7	S6	PMM
ERM(TR)	29	0.0197226912108	SRR17140472	non-PMA	F7_S6	F7_S6	F7	S6	PMM
COB(I)ALAMIN_ADENOLSYLTRANSFERASE	1	0.000843176278013	SRR17140472	non-PMA	F7_S6	F7_S6	F7	S6	PMM
VATF	3	0.00224338303833	SRR17140472	non-PMA	F7_S6	F7_S6	F7	S6	PMM
CHLORAMPHENICOL_EXPORTER	52	0.0180919002642	SRR17140472	non-PMA	F7_S6	F7_S6	F7	S6	PMM
BPEF	1	0.000155761122046	SRR17140472	non-PMA	F7_S6	F7_S6	F7	S6	PMM
MSBA	3	0.000851868816961	SRR17140472	non-PMA	F7_S6	F7_S6	F7	S6	PMM
RBPA	20	0.0289934299106	SRR17140472	non-PMA	F7_S6	F7_S6	F7	S6	PMM
OMPR	2	0.00144967149553	SRR17140472	non-PMA	F7_S6	F7_S6	F7	S6	PMM
MULTIDRUG_ABC_TRANSPORTER	796	0.227593408634	SRR17140472	non-PMA	F7_S6	F7_S6	F7	S6	PMM
MDFA	7	0.00282155574008	SRR17140472	non-PMA	F7_S6	F7_S6	F7	S6	PMM
PBP-2X	35	0.00771225235622	SRR17140472	non-PMA	F7_S6	F7_S6	F7	S6	PMM
LMRD	5	0.0012482065747	SRR17140472	non-PMA	F7_S6	F7_S6	F7	S6	PMM
LMRC	4	0.00115568217126	SRR17140472	non-PMA	F7_S6	F7_S6	F7	S6	PMM
MEXK	9	0.00145108580918	SRR17140472	non-PMA	F7_S6	F7_S6	F7	S6	PMM
MPHC	463	0.255908230358	SRR17140472	non-PMA	F7_S6	F7_S6	F7	S6	PMM
MTRD	8	0.00123908191558	SRR17140472	non-PMA	F7_S6	F7_S6	F7	S6	PMM
APH(6)-I	7	0.00434901448659	SRR17140472	non-PMA	F7_S6	F7_S6	F7	S6	PMM
MEXF	11	0.00171175899755	SRR17140472	non-PMA	F7_S6	F7_S6	F7	S6	PMM
FMTC	452	0.0889269914544	SRR17140472	non-PMA	F7_S6	F7_S6	F7	S6	PMM
MEXD	1	0.000158449233452	SRR17140472	non-PMA	F7_S6	F7_S6	F7	S6	PMM
CLASS_C	1	0.000423750129463	SRR17140472	non-PMA	F7_S6	F7_S6	F7	S6	PMM
CLASS_A	187	0.103013656472	SRR17140472	non-PMA	F7_S6	F7_S6	F7	S6	PMM
MTRA	32	0.0231947439285	SRR17140472	non-PMA	F7_S6	F7_S6	F7	S6	PMM
MEFA	15	0.00612083520335	SRR17140472	non-PMA	F7_S6	F7_S6	F7	S6	PMM
MTRC	4	0.00160449078146	SRR17140472	non-PMA	F7_S6	F7_S6	F7	S6	PMM
MDSB	1	0.00015664696729	SRR17140472	non-PMA	F7_S6	F7_S6	F7	S6	PMM
ADEH	6	0.00205295093777	SRR17140472	non-PMA	F7_S6	F7_S6	F7	S6	PMM
METALLO-BETA-LACTAMASE	2	0.00113974172752	SRR17140472	non-PMA	F7_S6	F7_S6	F7	S6	PMM
ROSA	1	0.00040307939144	SRR17140472	non-PMA	F7_S6	F7_S6	F7	S6	PMM
ROSB	2	0.000608701843427	SRR17140472	non-PMA	F7_S6	F7_S6	F7	S6	PMM
MSRA	853	0.288870810591	SRR17140472	non-PMA	F7_S6	F7_S6	F7	S6	PMM
NORB	35	0.0124124233201	SRR17140472	non-PMA	F7_S6	F7_S6	F7	S6	PMM
NORA	741	0.315617396684	SRR17140472	non-PMA	F7_S6	F7_S6	F7	S6	PMM
AAD(9)	2	0.00127125038839	SRR17140472	non-PMA	F7_S6	F7_S6	F7	S6	PMM
APH(3''')-III	1	0.000625994509434	SRR17140472	non-PMA	F7_S6	F7_S6	F7	S6	PMM
MAJOR_FACILITATOR_SUPERFAMILY_TRANSPORTER	786	0.333923816672	SRR17140472	non-PMA	F7_S6	F7_S6	F7	S6	PMM
CEOB	1	0.000160917770682	SRR17140472	non-PMA	F7_S6	F7_S6	F7	S6	PMM
CAMP-REGULATORY_PROTEIN	2	0.00202776135571	SRR17140472	non-PMA	F7_S6	F7_S6	F7	S6	PMM
STAPHYLOCOCCUS_MUPA_CONFERRING_RESISTANCE_TO_MUPIROCIN	25	0.00403473023658	SRR17140472	non-PMA	F7_S6	F7_S6	F7	S6	PMM
AAC(6')-IE-APH(2'')-IA	14	0.00483022068239	SRR17140472	non-PMA	F7_S6	F7_S6	F7	S6	PMM
VANR	3	0.00216501157848	SRR17140472	non-PMA	F7_S6	F7_S6	F7	S6	PMM
DFRC	272	0.279201327537	SRR17140472	non-PMA	F7_S6	F7_S6	F7	S6	PMM
DFRD	1	0.00102013920056	SRR17140472	non-PMA	F7_S6	F7_S6	F7	S6	PMM
DFRG	7	0.00701113850566	SRR17140472	non-PMA	F7_S6	F7_S6	F7	S6	PMM
LSAC	7	0.00235129645007	SRR17140472	non-PMA	F7_S6	F7_S6	F7	S6	PMM
UGD	43	0.0183151795647	SRR17140472	non-PMA	F7_S6	F7_S6	F7	S6	PMM
MDTB	1	0.000158906298549	SRR17140472	non-PMA	F7_S6	F7_S6	F7	S6	PMM
MDTG	17	0.00698871482174	SRR17140472	non-PMA	F7_S6	F7_S6	F7	S6	PMM
MDTK	12	0.00418386203773	SRR17140472	non-PMA	F7_S6	F7_S6	F7	S6	PMM
MDTL	1	0.000422666369541	SRR17140472	non-PMA	F7_S6	F7_S6	F7	S6	PMM
TETB(60)	1	0.000285427548343	SRR17140472	non-PMA	F7_S6	F7_S6	F7	S6	PMM
VANS	1	0.000369714878055	SRR17140472	non-PMA	F7_S6	F7_S6	F7	S6	PMM
MECR1	19	0.0095731355467	SRR17140472	non-PMA	F7_S6	F7_S6	F7	S6	PMM
VANU	2	0.00440700134641	SRR17140472	non-PMA	F7_S6	F7_S6	F7	S6	PMM
VAND	1	0.000481815016007	SRR17140472	non-PMA	F7_S6	F7_S6	F7	S6	PMM
APH(3')-I	17	0.0103670234625	SRR17140472	non-PMA	F7_S6	F7_S6	F7	S6	PMM
BLEOMYCIN_RESISTANCE_PROTEIN	2	0.0035926641411	SRR17140472	non-PMA	F7_S6	F7_S6	F7	S6	PMM
EFRB	12	0.00547831659084	SRR17140472	non-PMA	F7_S6	F7_S6	F7	S6	PMM
MVAT	1	0.00133276250396	SRR17140472	non-PMA	F7_S6	F7_S6	F7	S6	PMM
BAER	1	0.000688593960377	SRR17140472	non-PMA	F7_S6	F7_S6	F7	S6	PMM
EMRB-QACA_FAMILY_MAJOR_FACILITATOR_TRANSPORTER	516	0.177287892002	SRR17140472	non-PMA	F7_S6	F7_S6	F7	S6	PMM
PMRF	1	0.000513237734442	SRR17140472	non-PMA	F7_S6	F7_S6	F7	S6	PMM
BIFUNCTIONAL_AMINOGLYCOSIDE_N-ACETYLTRANSFERASE_AND_AMINOGLYCOSIDE_PHOSPHOTRANSFERASE	2	0.000673167211774	SRR17140472	non-PMA	F7_S6	F7_S6	F7	S6	PMM
EMRB	9	0.00290500577034	SRR17140472	non-PMA	F7_S6	F7_S6	F7	S6	PMM
APH(3'')-I	9	0.00546824615593	SRR17140472	non-PMA	F7_S6	F7_S6	F7	S6	PMM
ERMB	9	0.00607086920169	SRR17140472	non-PMA	F7_S6	F7_S6	F7	S6	PMM
ERMC	27	0.0182872494395	SRR17140472	non-PMA	F7_S6	F7_S6	F7	S6	PMM
FOSB	79	0.0939261977608	SRR17140472	non-PMA	F7_S6	F7_S6	F7	S6	PMM
ERMA	2	0.00115165540411	SRR17140472	non-PMA	F7_S6	F7_S6	F7	S6	PMM
ERMF	10	0.00621287783799	SRR17140472	non-PMA	F7_S6	F7_S6	F7	S6	PMM
HMRM	5	0.00178084644925	SRR17140472	non-PMA	F7_S6	F7_S6	F7	S6	PMM
ERMX	78	0.0509505096374	SRR17140472	non-PMA	F7_S6	F7_S6	F7	S6	PMM
ERMT	1	0.000677305534797	SRR17140472	non-PMA	F7_S6	F7_S6	F7	S6	PMM
ABES	2	0.00303234037597	SRR17140472	non-PMA	F7_S6	F7_S6	F7	S6	PMM
ESCHERICHIA_COLI_LAMB	1	0.00037054383518	SRR17140472	non-PMA	F7_S6	F7_S6	F7	S6	PMM
TETX	1	0.000428141322514	SRR17140472	non-PMA	F7_S6	F7_S6	F7	S6	PMM
TEM	2	0.00117624591096	SRR17140472	non-PMA	F7_S6	F7_S6	F7	S6	PMM
TETQ	17	0.00427619993659	SRR17140472	non-PMA	F7_S6	F7_S6	F7	S6	PMM
MECA	19	0.00470058152593	SRR17140472	non-PMA	F7_S6	F7_S6	F7	S6	PMM
TETR	4	0.00317812597097	SRR17140472	non-PMA	F7_S6	F7_S6	F7	S6	PMM
TETW	2	0.000517253679156	SRR17140472	non-PMA	F7_S6	F7_S6	F7	S6	PMM
OXA	1	0.00059877735685	SRR17140472	non-PMA	F7_S6	F7_S6	F7	S6	PMM
QACH	3	0.00450716046792	SRR17140472	non-PMA	F7_S6	F7_S6	F7	S6	PMM
TETM	38	0.00982781990397	SRR17140472	non-PMA	F7_S6	F7_S6	F7	S6	PMM
TETL	2	0.000721670526159	SRR17140472	non-PMA	F7_S6	F7_S6	F7	S6	PMM
PENA	7	0.00185688258978	SRR17140472	non-PMA	F7_S6	F7_S6	F7	S6	PMM
TETA	29	0.0114109856291	SRR17140472	non-PMA	F7_S6	F7_S6	F7	S6	PMM
QACB	868	0.279081505498	SRR17140472	non-PMA	F7_S6	F7_S6	F7	S6	PMM
QACA	84	0.0270078876288	SRR17140472	non-PMA	F7_S6	F7_S6	F7	S6	PMM
TETB	62	0.0227695069565	SRR17140472	non-PMA	F7_S6	F7_S6	F7	S6	PMM
QACG	139	0.214686864656	SRR17140472	non-PMA	F7_S6	F7_S6	F7	S6	PMM
CAT_CHLORAMPHENICOL_ACETYLTRANSFERASE	11	0.00845529328091	SRR17140472	non-PMA	F7_S6	F7_S6	F7	S6	PMM
AADD	13	0.00849175160623	SRR17140472	non-PMA	F7_S6	F7_S6	F7	S6	PMM
RLMA(II)	20	0.0117207482617	SRR17140472	non-PMA	F7_S6	F7_S6	F7	S6	PMM
TRIC	11	0.00179102271468	SRR17140472	non-PMA	F7_S6	F7_S6	F7	S6	PMM
FUSD	5	0.00387940259367	SRR17140472	non-PMA	F7_S6	F7_S6	F7	S6	PMM
TAEA	5	0.0012751740007	SRR17140472	non-PMA	F7_S6	F7_S6	F7	S6	PMM
FUSB	14	0.0108623272623	SRR17140472	non-PMA	F7_S6	F7_S6	F7	S6	PMM
CARO	3	0.0020487093036	SRR17140472	non-PMA	F7_S6	F7_S6	F7	S6	PMM
TRUNCATED_PUTATIVE_RESPONSE_REGULATOR_ARLR	430	0.324488112835	SRR17140472	non-PMA	F7_S6	F7_S6	F7	S6	PMM
TET37	1	0.00153020880084	SRR17140472	non-PMA	F7_S6	F7_S6	F7	S6	PMM
TET32	1	0.000258626839578	SRR17140472	non-PMA	F7_S6	F7_S6	F7	S6	PMM
YKKD	1	0.00158906298549	SRR17140472	non-PMA	F7_S6	F7_S6	F7	S6	PMM
MEL	19	0.0064476149062	SRR17140472	non-PMA	F7_S6	F7_S6	F7	S6	PMM
ANT(3'')-IIA	3	0.00189231928043	SRR17140472	non-PMA	F7_S6	F7_S6	F7	S6	PMM
ARNA	5	0.0012482065747	SRR17140472	non-PMA	F7_S6	F7_S6	F7	S6	PMM
TET(K)	70	0.0252034390726	SRR17140472	non-PMA	F7_S6	F7_S6	F7	S6	PMM
MARR	344	0.386736852848	SRR17140472	non-PMA	F7_S6	F7_S6	F7	S6	PMM
TETA(48)	1	0.000481815016007	SRR17140472	non-PMA	F7_S6	F7_S6	F7	S6	PMM
FARB	2	0.000650639962561	SRR17140472	non-PMA	F7_S6	F7_S6	F7	S6	PMM
MUXB	4	0.000633796933808	SRR17140472	non-PMA	F7_S6	F7_S6	F7	S6	PMM
PATB	17	0.00724088494417	SRR17140472	non-PMA	F7_S6	F7_S6	F7	S6	PMM
OPCM	1	0.000322778418927	SRR17140472	non-PMA	F7_S6	F7_S6	F7	S6	PMM
OPRN	1	0.000350132522226	SRR17140472	non-PMA	F7_S6	F7_S6	F7	S6	PMM
OPRM	5	0.00176562553943	SRR17140472	non-PMA	F7_S6	F7_S6	F7	S6	PMM
MEPA	261	0.204424292313	SRR17140472	non-PMA	F7_S6	F7_S6	F7	S6	PMM
MEXW	1	0.000162340422879	SRR17140472	non-PMA	F7_S6	F7_S6	F7	S6	PMM
MEXT	4	0.0021745072433	SRR17140472	non-PMA	F7_S6	F7_S6	F7	S6	PMM
CFXA2	2	0.00102967321178	SRR17140472	non-PMA	F7_S6	F7_S6	F7	S6	PMM
VGAA	177	0.0560373016031	SRR17140472	non-PMA	F7_S6	F7_S6	F7	S6	PMM
ADEF	4	0.000624221153883	SRR17140472	non-PMA	F7_S6	F7_S6	F7	S6	PMM
MEXJ	1	0.000450306677086	SRR17140472	non-PMA	F7_S6	F7_S6	F7	S6	PMM
ADEA	2	0.00231136434252	SRR17140472	non-PMA	F7_S6	F7_S6	F7	S6	PMM
ADEB	6	0.000957119018285	SRR17140472	non-PMA	F7_S6	F7_S6	F7	S6	PMM
ADEL	2	0.000980786649795	SRR17140472	non-PMA	F7_S6	F7_S6	F7	S6	PMM
ADEN	6	0.00456947144213	SRR17140472	non-PMA	F7_S6	F7_S6	F7	S6	PMM
MEXE	1	0.000416278464712	SRR17140472	non-PMA	F7_S6	F7_S6	F7	S6	PMM
MEXB	12	0.00189593748173	SRR17140472	non-PMA	F7_S6	F7_S6	F7	S6	PMM
ADEI	5	0.00198632873186	SRR17140472	non-PMA	F7_S6	F7_S6	F7	S6	PMM
ADEJ	16	0.00249924461989	SRR17140472	non-PMA	F7_S6	F7_S6	F7	S6	PMM
ADEK	1	0.0003414515506	SRR17140472	non-PMA	F7_S6	F7_S6	F7	S6	PMM
OQXB	3	0.000472178715687	SRR17140472	non-PMA	F7_S6	F7_S6	F7	S6	PMM
ADC-18	1	0.000431494909897	SRR17140472	non-PMA	F7_S6	F7_S6	F7	S6	PMM
MACB	8	0.00205295093777	SRR17140472	non-PMA	F7_S6	F7_S6	F7	S6	PMM
MACA	3	0.00133635485572	SRR17140472	non-PMA	F7_S6	F7_S6	F7	S6	PMM
ERM(44)	2	0.00131683307164	SRR17140472	non-PMA	F7_S6	F7_S6	F7	S6	PMM
SMER	14	0.0101033873662	SRR17140472	non-PMA	F7_S6	F7_S6	F7	S6	PMM
PBP-1B	24	0.00483106115928	SRR17140472	non-PMA	F7_S6	F7_S6	F7	S6	PMM
PBP-1A	30	0.00689551671031	SRR17140472	non-PMA	F7_S6	F7_S6	F7	S6	PMM
RPOB2	1328	0.188871486275	SRR17140472	non-PMA	F7_S6	F7_S6	F7	S6	PMM
LRFA	2	0.000655803771788	SRR17140472	non-PMA	F7_S6	F7_S6	F7	S6	PMM
ARLS	171	0.0626605235784	SRR17140472	non-PMA	F7_S6	F7_S6	F7	S6	PMM
ACRB	3	0.000475803888168	SRR17140472	non-PMA	F7_S6	F7_S6	F7	S6	PMM
TOLC	9	0.00300477364528	SRR17140472	non-PMA	F7_S6	F7_S6	F7	S6	PMM
FUSC	2	0.001559080665	SRR17140472	non-PMA	F7_S6	F7_S6	F7	S6	PMM
BLAZ	10	0.00621246545075	SRR17140474	non-PMA	F7_S5	F7_S5	F7	S5	Overhead 4
LNUA	21	0.022770036413	SRR17140474	non-PMA	F7_S5	F7_S5	F7	S5	Overhead 4
OMPR	12	0.0091879094298	SRR17140474	non-PMA	F7_S5	F7_S5	F7	S5	Overhead 4
BACA	320	0.204624503052	SRR17140474	non-PMA	F7_S5	F7_S5	F7	S5	Overhead 4
ERM(TR)	10	0.0071839621056	SRR17140474	non-PMA	F7_S5	F7_S5	F7	S5	Overhead 4
COB(I)ALAMIN_ADENOLSYLTRANSFERASE	4	0.00356265875849	SRR17140474	non-PMA	F7_S5	F7_S5	F7	S5	Overhead 4
OMPF	11	0.00547086344965	SRR17140474	non-PMA	F7_S5	F7_S5	F7	S5	Overhead 4
CHLORAMPHENICOL_EXPORTER	10	0.00367516377192	SRR17140474	non-PMA	F7_S5	F7_S5	F7	S5	Overhead 4
TET(42)	1	0.000407874484033	SRR17140474	non-PMA	F7_S5	F7_S5	F7	S5	Overhead 4
EPTA	3	0.000957423834549	SRR17140474	non-PMA	F7_S5	F7_S5	F7	S5	Overhead 4
APH(3'')-I	3	0.0019254074908	SRR17140474	non-PMA	F7_S5	F7_S5	F7	S5	Overhead 4
MDTC	3	0.000510937402438	SRR17140474	non-PMA	F7_S5	F7_S5	F7	S5	Overhead 4
MULTIDRUG_ABC_TRANSPORTER	401	0.12111190648	SRR17140474	non-PMA	F7_S5	F7_S5	F7	S5	Overhead 4
LMRP	25	0.0107494014265	SRR17140474	non-PMA	F7_S5	F7_S5	F7	S5	Overhead 4
MDFA	5	0.00212890584349	SRR17140474	non-PMA	F7_S5	F7_S5	F7	S5	Overhead 4
PBP-2X	166	0.0386382217888	SRR17140474	non-PMA	F7_S5	F7_S5	F7	S5	Overhead 4
LMRD	89	0.0234694181961	SRR17140474	non-PMA	F7_S5	F7_S5	F7	S5	Overhead 4
LMRC	56	0.0170907965617	SRR17140474	non-PMA	F7_S5	F7_S5	F7	S5	Overhead 4
RAMA	2	0.00281564966397	SRR17140474	non-PMA	F7_S5	F7_S5	F7	S5	Overhead 4
MEXK	8	0.00136249973983	SRR17140474	non-PMA	F7_S5	F7_S5	F7	S5	Overhead 4
MPHC	65	0.0379500606883	SRR17140474	non-PMA	F7_S5	F7_S5	F7	S5	Overhead 4
BASS	1	0.000365975428021	SRR17140474	non-PMA	F7_S5	F7_S5	F7	S5	Overhead 4
MTRD	18	0.00294495316307	SRR17140474	non-PMA	F7_S5	F7_S5	F7	S5	Overhead 4
APH(6)-I	1	0.000656279244986	SRR17140474	non-PMA	F7_S5	F7_S5	F7	S5	Overhead 4
MEXF	14	0.00230130311518	SRR17140474	non-PMA	F7_S5	F7_S5	F7	S5	Overhead 4
FOSA7	1	0.00124693056547	SRR17140474	non-PMA	F7_S5	F7_S5	F7	S5	Overhead 4
FMTC	197	0.0409408868997	SRR17140474	non-PMA	F7_S5	F7_S5	F7	S5	Overhead 4
MTRE	3	0.00112143648287	SRR17140474	non-PMA	F7_S5	F7_S5	F7	S5	Overhead 4
MEFE	2	0.00086635374276	SRR17140474	non-PMA	F7_S5	F7_S5	F7	S5	Overhead 4
CLASS_A	123	0.0715738144581	SRR17140474	non-PMA	F7_S5	F7_S5	F7	S5	Overhead 4
MTRA	8	0.0061252729532	SRR17140474	non-PMA	F7_S5	F7_S5	F7	S5	Overhead 4
MEFA	58	0.0250001881275	SRR17140474	non-PMA	F7_S5	F7_S5	F7	S5	Overhead 4
MTRC	3	0.00127114280946	SRR17140474	non-PMA	F7_S5	F7_S5	F7	S5	Overhead 4
MDSB	3	0.000496408376776	SRR17140474	non-PMA	F7_S5	F7_S5	F7	S5	Overhead 4
MEXB	20	0.00333786384639	SRR17140474	non-PMA	F7_S5	F7_S5	F7	S5	Overhead 4
METALLO-BETA-LACTAMASE	1	0.000601966479883	SRR17140474	non-PMA	F7_S5	F7_S5	F7	S5	Overhead 4
MSRC	2	0.000709635281163	SRR17140474	non-PMA	F7_S5	F7_S5	F7	S5	Overhead 4
AMRB	1	0.000167052898724	SRR17140474	non-PMA	F7_S5	F7_S5	F7	S5	Overhead 4
MSRA	141	0.0504393634476	SRR17140474	non-PMA	F7_S5	F7_S5	F7	S5	Overhead 4
NORB	18	0.00674305799354	SRR17140474	non-PMA	F7_S5	F7_S5	F7	S5	Overhead 4
NORA	241	0.108431539379	SRR17140474	non-PMA	F7_S5	F7_S5	F7	S5	Overhead 4
AAD(9)	1	0.000671424150639	SRR17140474	non-PMA	F7_S5	F7_S5	F7	S5	Overhead 4
MTRR	1	0.000969834884256	SRR17140474	non-PMA	F7_S5	F7_S5	F7	S5	Overhead 4
APH(2'')-IF	5	0.00293889358866	SRR17140474	non-PMA	F7_S5	F7_S5	F7	S5	Overhead 4
ABES	1	0.00160156219418	SRR17140474	non-PMA	F7_S5	F7_S5	F7	S5	Overhead 4
MAJOR_FACILITATOR_SUPERFAMILY_TRANSPORTER	331	0.148541805666	SRR17140474	non-PMA	F7_S5	F7_S5	F7	S5	Overhead 4
CAMP-REGULATORY_PROTEIN	14	0.0149937663087	SRR17140474	non-PMA	F7_S5	F7_S5	F7	S5	Overhead 4
STAPHYLOCOCCUS_MUPA_CONFERRING_RESISTANCE_TO_MUPIROCIN	26	0.00443244849445	SRR17140474	non-PMA	F7_S5	F7_S5	F7	S5	Overhead 4
AAC(6')-IE-APH(2'')-IA	2	0.000728894693804	SRR17140474	non-PMA	F7_S5	F7_S5	F7	S5	Overhead 4
VANR	3	0.00228694688864	SRR17140474	non-PMA	F7_S5	F7_S5	F7	S5	Overhead 4
ROSB	2	0.000642984453651	SRR17140474	non-PMA	F7_S5	F7_S5	F7	S5	Overhead 4
YOJI	7	0.00223398894728	SRR17140474	non-PMA	F7_S5	F7_S5	F7	S5	Overhead 4
APH(3')-IIB	5	0.0032569081934	SRR17140474	non-PMA	F7_S5	F7_S5	F7	S5	Overhead 4
DFRC	112	0.121440194203	SRR17140474	non-PMA	F7_S5	F7_S5	F7	S5	Overhead 4
ADP-RIBOSYLATING_TRANSFERASE_ARR	2	0.00232760372222	SRR17140474	non-PMA	F7_S5	F7_S5	F7	S5	Overhead 4
LSAC	29	0.0102897115769	SRR17140474	non-PMA	F7_S5	F7_S5	F7	S5	Overhead 4
UGD	60	0.0269954039948	SRR17140474	non-PMA	F7_S5	F7_S5	F7	S5	Overhead 4
BMR	1	0.000448766784489	SRR17140474	non-PMA	F7_S5	F7_S5	F7	S5	Overhead 4
MDTB	8	0.00134284830128	SRR17140474	non-PMA	F7_S5	F7_S5	F7	S5	Overhead 4
MDTA	2	0.000841302550198	SRR17140474	non-PMA	F7_S5	F7_S5	F7	S5	Overhead 4
MDTG	70	0.0303978098051	SRR17140474	non-PMA	F7_S5	F7_S5	F7	S5	Overhead 4
MDTE	2	0.000906858593071	SRR17140474	non-PMA	F7_S5	F7_S5	F7	S5	Overhead 4
MDTD	7	0.00259446274769	SRR17140474	non-PMA	F7_S5	F7_S5	F7	S5	Overhead 4
MDTK	19	0.00699754283577	SRR17140474	non-PMA	F7_S5	F7_S5	F7	S5	Overhead 4
MDTH	6	0.00260552655472	SRR17140474	non-PMA	F7_S5	F7_S5	F7	S5	Overhead 4
CPXA	5	0.00190995929066	SRR17140474	non-PMA	F7_S5	F7_S5	F7	S5	Overhead 4
MDTM	3	0.00127734350609	SRR17140474	non-PMA	F7_S5	F7_S5	F7	S5	Overhead 4
MDTL	9	0.00401824171994	SRR17140474	non-PMA	F7_S5	F7_S5	F7	S5	Overhead 4
VANS	12	0.00468645044741	SRR17140474	non-PMA	F7_S5	F7_S5	F7	S5	Overhead 4
MECR1	12	0.00638671753047	SRR17140474	non-PMA	F7_S5	F7_S5	F7	S5	Overhead 4
RBPA	13	0.0199071370979	SRR17140474	non-PMA	F7_S5	F7_S5	F7	S5	Overhead 4
OPMH	3	0.00108653700726	SRR17140474	non-PMA	F7_S5	F7_S5	F7	S5	Overhead 4
APH(3')-I	3	0.00193251231549	SRR17140474	non-PMA	F7_S5	F7_S5	F7	S5	Overhead 4
BLEOMYCIN_RESISTANCE_PROTEIN	7	0.0132825212409	SRR17140474	non-PMA	F7_S5	F7_S5	F7	S5	Overhead 4
EFRB	30	0.0144671502071	SRR17140474	non-PMA	F7_S5	F7_S5	F7	S5	Overhead 4
EFRA	10	0.0035993871993	SRR17140474	non-PMA	F7_S5	F7_S5	F7	S5	Overhead 4
EMRY	1	0.000340957576496	SRR17140474	non-PMA	F7_S5	F7_S5	F7	S5	Overhead 4
TETA(60)	5	0.00150751536413	SRR17140474	non-PMA	F7_S5	F7_S5	F7	S5	Overhead 4
MVAT	3	0.00422347449596	SRR17140474	non-PMA	F7_S5	F7_S5	F7	S5	Overhead 4
BAER	2	0.00145475232638	SRR17140474	non-PMA	F7_S5	F7_S5	F7	S5	Overhead 4
BAES	3	0.00112143648287	SRR17140474	non-PMA	F7_S5	F7_S5	F7	S5	Overhead 4
EMRB-QACA_FAMILY_MAJOR_FACILITATOR_TRANSPORTER	239	0.0867407416231	SRR17140474	non-PMA	F7_S5	F7_S5	F7	S5	Overhead 4
PMRF	1	0.000542143724119	SRR17140474	non-PMA	F7_S5	F7_S5	F7	S5	Overhead 4
BIFUNCTIONAL_AMINOGLYCOSIDE_N-ACETYLTRANSFERASE_AND_AMINOGLYCOSIDE_PHOSPHOTRANSFERASE	2	0.000711080566868	SRR17140474	non-PMA	F7_S5	F7_S5	F7	S5	Overhead 4
ADC-8	4	0.00175889450041	SRR17140474	non-PMA	F7_S5	F7_S5	F7	S5	Overhead 4
STREPTOMYCIN_RESISTANCE_PROTEIN	1	0.000619043543142	SRR17140474	non-PMA	F7_S5	F7_S5	F7	S5	Overhead 4
EMRA	6	0.00268569660256	SRR17140474	non-PMA	F7_S5	F7_S5	F7	S5	Overhead 4
EMRB	37	0.0126154303304	SRR17140474	non-PMA	F7_S5	F7_S5	F7	S5	Overhead 4
EMRD	6	0.0026584306472	SRR17140474	non-PMA	F7_S5	F7_S5	F7	S5	Overhead 4
EMRE	1	0.00139656223333	SRR17140474	non-PMA	F7_S5	F7_S5	F7	S5	Overhead 4
ABCA	7	0.000841592254933	SRR17140474	non-PMA	F7_S5	F7_S5	F7	S5	Overhead 4
ERMB	4	0.00285012700679	SRR17140474	non-PMA	F7_S5	F7_S5	F7	S5	Overhead 4
ERMC	36	0.0257562706966	SRR17140474	non-PMA	F7_S5	F7_S5	F7	S5	Overhead 4
FOSB	21	0.0263739270683	SRR17140474	non-PMA	F7_S5	F7_S5	F7	S5	Overhead 4
ERMA	2	0.00121651762485	SRR17140474	non-PMA	F7_S5	F7_S5	F7	S5	Overhead 4
ERMF	11	0.00721907169484	SRR17140474	non-PMA	F7_S5	F7_S5	F7	S5	Overhead 4
HMRM	3	0.00112868714978	SRR17140474	non-PMA	F7_S5	F7_S5	F7	S5	Overhead 4
ERMX	34	0.0234600375164	SRR17140474	non-PMA	F7_S5	F7_S5	F7	S5	Overhead 4
TETV	1	0.000425781168698	SRR17140474	non-PMA	F7_S5	F7_S5	F7	S5	Overhead 4
TETB(60)	2	0.000603006145652	SRR17140474	non-PMA	F7_S5	F7_S5	F7	S5	Overhead 4
TETX	1	0.000452254609239	SRR17140474	non-PMA	F7_S5	F7_S5	F7	S5	Overhead 4
MECI	2	0.00283854112465	SRR17140474	non-PMA	F7_S5	F7_S5	F7	S5	Overhead 4
TETQ	21	0.00557987193682	SRR17140474	non-PMA	F7_S5	F7_S5	F7	S5	Overhead 4
MECA	14	0.0036586585454	SRR17140474	non-PMA	F7_S5	F7_S5	F7	S5	Overhead 4
SUL1	1	0.000616856110128	SRR17140474	non-PMA	F7_S5	F7_S5	F7	S5	Overhead 4
TETW	1	0.000273192925143	SRR17140474	non-PMA	F7_S5	F7_S5	F7	S5	Overhead 4
OXA	8	0.00506000809177	SRR17140474	non-PMA	F7_S5	F7_S5	F7	S5	Overhead 4
TETM	43	0.0117472957811	SRR17140474	non-PMA	F7_S5	F7_S5	F7	S5	Overhead 4
TETL	2	0.000762315629547	SRR17140474	non-PMA	F7_S5	F7_S5	F7	S5	Overhead 4
PENA	105	0.0294219571628	SRR17140474	non-PMA	F7_S5	F7_S5	F7	S5	Overhead 4
TETA	9	0.00374079169642	SRR17140474	non-PMA	F7_S5	F7_S5	F7	S5	Overhead 4
QACB	197	0.0669072859839	SRR17140474	non-PMA	F7_S5	F7_S5	F7	S5	Overhead 4
QACA	54	0.0183400682392	SRR17140474	non-PMA	F7_S5	F7_S5	F7	S5	Overhead 4
TETB	20	0.00775867907405	SRR17140474	non-PMA	F7_S5	F7_S5	F7	S5	Overhead 4
KDPE	7	0.00543107535184	SRR17140474	non-PMA	F7_S5	F7_S5	F7	S5	Overhead 4
SDIA	1	0.000727376163192	SRR17140474	non-PMA	F7_S5	F7_S5	F7	S5	Overhead 4
TRIC	10	0.00171990422824	SRR17140474	non-PMA	F7_S5	F7_S5	F7	S5	Overhead 4
CAT_CHLORAMPHENICOL_ACETYLTRANSFERASE	9	0.00730759308137	SRR17140474	non-PMA	F7_S5	F7_S5	F7	S5	Overhead 4
AADD	19	0.013110020965	SRR17140474	non-PMA	F7_S5	F7_S5	F7	S5	Overhead 4
AADE	1	0.000736583456397	SRR17140474	non-PMA	F7_S5	F7_S5	F7	S5	Overhead 4
BICYCLOMYCIN-MULTIDRUG_EFFLUX_PROTEIN_BCR	2	0.000881668076597	SRR17140474	non-PMA	F7_S5	F7_S5	F7	S5	Overhead 4
KASUGAMYCIN_RESISTANCE_PROTEIN_KSGA	9	0.00575506414833	SRR17140474	non-PMA	F7_S5	F7_S5	F7	S5	Overhead 4
FUSD	3	0.00245873632628	SRR17140474	non-PMA	F7_S5	F7_S5	F7	S5	Overhead 4
TAEA	2	0.00053879715792	SRR17140474	non-PMA	F7_S5	F7_S5	F7	S5	Overhead 4
FUSB	3	0.00245873632628	SRR17140474	non-PMA	F7_S5	F7_S5	F7	S5	Overhead 4
FUSC	3	0.00247033413914	SRR17140474	non-PMA	F7_S5	F7_S5	F7	S5	Overhead 4
TRUNCATED_PUTATIVE_RESPONSE_REGULATOR_ARLR	177	0.141091047545	SRR17140474	non-PMA	F7_S5	F7_S5	F7	S5	Overhead 4
TET37	1	0.00161639147376	SRR17140474	non-PMA	F7_S5	F7_S5	F7	S5	Overhead 4
TET35	1	0.000473090187442	SRR17140474	non-PMA	F7_S5	F7_S5	F7	S5	Overhead 4
TETA(46)	3	0.000912388218638	SRR17140474	non-PMA	F7_S5	F7_S5	F7	S5	Overhead 4
TETB(46)	6	0.00181214822664	SRR17140474	non-PMA	F7_S5	F7_S5	F7	S5	Overhead 4
MARA	3	0.00412370738188	SRR17140474	non-PMA	F7_S5	F7_S5	F7	S5	Overhead 4
MEL	82	0.0293937636378	SRR17140474	non-PMA	F7_S5	F7_S5	F7	S5	Overhead 4
ANT(3'')-IIA	1	0.000666298775443	SRR17140474	non-PMA	F7_S5	F7_S5	F7	S5	Overhead 4
TRANSCRIPTIONAL_REGULATORY_PROTEIN_CPXR_CPXR	14	0.010534413398	SRR17140474	non-PMA	F7_S5	F7_S5	F7	S5	Overhead 4
RPOB2	1190	0.178776791917	SRR17140474	non-PMA	F7_S5	F7_S5	F7	S5	Overhead 4
ARNA	6	0.00158220796827	SRR17140474	non-PMA	F7_S5	F7_S5	F7	S5	Overhead 4
TET(K)	67	0.0254819361746	SRR17140474	non-PMA	F7_S5	F7_S5	F7	S5	Overhead 4
MARR	158	0.187633361281	SRR17140474	non-PMA	F7_S5	F7_S5	F7	S5	Overhead 4
FARB	2	0.000687284563646	SRR17140474	non-PMA	F7_S5	F7_S5	F7	S5	Overhead 4
MUXB	3	0.000502119690794	SRR17140474	non-PMA	F7_S5	F7_S5	F7	S5	Overhead 4
OPRM	7	0.00261109391915	SRR17140474	non-PMA	F7_S5	F7_S5	F7	S5	Overhead 4
PATA	13	0.00494425627268	SRR17140474	non-PMA	F7_S5	F7_S5	F7	S5	Overhead 4
GOLS	3	0.00340071972402	SRR17140474	non-PMA	F7_S5	F7_S5	F7	S5	Overhead 4
PATB	91	0.0409430293921	SRR17140474	non-PMA	F7_S5	F7_S5	F7	S5	Overhead 4
OPCM	1	0.000340957576496	SRR17140474	non-PMA	F7_S5	F7_S5	F7	S5	Overhead 4
MUXA	1	0.000409789387714	SRR17140474	non-PMA	F7_S5	F7_S5	F7	S5	Overhead 4
AXYY	3	0.000501158696171	SRR17140474	non-PMA	F7_S5	F7_S5	F7	S5	Overhead 4
SERRATIA_MARCESCENS_OMP1	1	0.000466765452316	SRR17140474	non-PMA	F7_S5	F7_S5	F7	S5	Overhead 4
OPRN	6	0.00221911371821	SRR17140474	non-PMA	F7_S5	F7_S5	F7	S5	Overhead 4
ADER	3	0.00212028679149	SRR17140474	non-PMA	F7_S5	F7_S5	F7	S5	Overhead 4
MEPA	21	0.0173742931872	SRR17140474	non-PMA	F7_S5	F7_S5	F7	S5	Overhead 4
MEXW	1	0.000171483574819	SRR17140474	non-PMA	F7_S5	F7_S5	F7	S5	Overhead 4
MEXT	7	0.00401971037554	SRR17140474	non-PMA	F7_S5	F7_S5	F7	S5	Overhead 4
RLMA(II)	70	0.04333304802	SRR17140474	non-PMA	F7_S5	F7_S5	F7	S5	Overhead 4
CFXA3	1	0.000543832645377	SRR17140474	non-PMA	F7_S5	F7_S5	F7	S5	Overhead 4
CFXA2	3	0.00163149793613	SRR17140474	non-PMA	F7_S5	F7_S5	F7	S5	Overhead 4
VGAA	181	0.0605310738105	SRR17140474	non-PMA	F7_S5	F7_S5	F7	S5	Overhead 4
MEXN	1	0.000168504130469	SRR17140474	non-PMA	F7_S5	F7_S5	F7	S5	Overhead 4
MSBA	14	0.00419928506585	SRR17140474	non-PMA	F7_S5	F7_S5	F7	S5	Overhead 4
ADEF	2	0.000329688912495	SRR17140474	non-PMA	F7_S5	F7_S5	F7	S5	Overhead 4
ADEA	1	0.00122077118298	SRR17140474	non-PMA	F7_S5	F7_S5	F7	S5	Overhead 4
MEXI	1	0.000169650417071	SRR17140474	non-PMA	F7_S5	F7_S5	F7	S5	Overhead 4
ADEL	1	0.000518012697822	SRR17140474	non-PMA	F7_S5	F7_S5	F7	S5	Overhead 4
ACRF	2	0.000337660114441	SRR17140474	non-PMA	F7_S5	F7_S5	F7	S5	Overhead 4
MEXD	1	0.000167373230265	SRR17140474	non-PMA	F7_S5	F7_S5	F7	S5	Overhead 4
MEXE	2	0.000879447250207	SRR17140474	non-PMA	F7_S5	F7_S5	F7	S5	Overhead 4
ADEH	2	0.000722858298825	SRR17140474	non-PMA	F7_S5	F7_S5	F7	S5	Overhead 4
ADEJ	5	0.000825001319311	SRR17140474	non-PMA	F7_S5	F7_S5	F7	S5	Overhead 4
OQXA	1	0.000446471302215	SRR17140474	non-PMA	F7_S5	F7_S5	F7	S5	Overhead 4
OQXB	27	0.0044889500357	SRR17140474	non-PMA	F7_S5	F7_S5	F7	S5	Overhead 4
SMEF	2	0.000736583456397	SRR17140474	non-PMA	F7_S5	F7_S5	F7	S5	Overhead 4
SMEE	6	0.00100713622596	SRR17140474	non-PMA	F7_S5	F7_S5	F7	S5	Overhead 4
SMEC	1	0.000370637535385	SRR17140474	non-PMA	F7_S5	F7_S5	F7	S5	Overhead 4
SMEB	1	0.000166415900063	SRR17140474	non-PMA	F7_S5	F7_S5	F7	S5	Overhead 4
MACB	37	0.0100296588962	SRR17140474	non-PMA	F7_S5	F7_S5	F7	S5	Overhead 4
MACA	18	0.00846971704849	SRR17140474	non-PMA	F7_S5	F7_S5	F7	S5	Overhead 4
ERM(44)	2	0.00139099824037	SRR17140474	non-PMA	F7_S5	F7_S5	F7	S5	Overhead 4
SMER	5	0.00381157814773	SRR17140474	non-PMA	F7_S5	F7_S5	F7	S5	Overhead 4
PBP-1B	86	0.0182862899005	SRR17140474	non-PMA	F7_S5	F7_S5	F7	S5	Overhead 4
PBP-1A	148	0.0359337987713	SRR17140474	non-PMA	F7_S5	F7_S5	F7	S5	Overhead 4
MEXX	7	0.00308583826809	SRR17140474	non-PMA	F7_S5	F7_S5	F7	S5	Overhead 4
RPHB	1	0.000197477691364	SRR17140474	non-PMA	F7_S5	F7_S5	F7	S5	Overhead 4
TETA(48)	2	0.00101790250243	SRR17140474	non-PMA	F7_S5	F7_S5	F7	S5	Overhead 4
ARLS	93	0.0359978624445	SRR17140474	non-PMA	F7_S5	F7_S5	F7	S5	Overhead 4
RPHA	1	0.000201815351637	SRR17140474	non-PMA	F7_S5	F7_S5	F7	S5	Overhead 4
ACRB	41	0.00686888814377	SRR17140474	non-PMA	F7_S5	F7_S5	F7	S5	Overhead 4
ACRA	3	0.00131255848997	SRR17140474	non-PMA	F7_S5	F7_S5	F7	S5	Overhead 4
MCR-4	2	0.00064536147566	SRR17140474	non-PMA	F7_S5	F7_S5	F7	S5	Overhead 4
ACRD	2	0.00033668327708	SRR17140474	non-PMA	F7_S5	F7_S5	F7	S5	Overhead 4
QACG	4	0.00652599174453	SRR17140474	non-PMA	F7_S5	F7_S5	F7	S5	Overhead 4
TOLC	10	0.00352667230639	SRR17140474	non-PMA	F7_S5	F7_S5	F7	S5	Overhead 4
CARO	1	0.000721364789943	SRR17140474	non-PMA	F7_S5	F7_S5	F7	S5	Overhead 4
BLAZ	4	0.00170366415688	SRR17140476	non-PMA	F7_S4	F7_S4	F7	S4	Dining table
LNUA	35	0.0260179145697	SRR17140476	non-PMA	F7_S4	F7_S4	F7	S4	Dining table
OMPR	17	0.00892368824275	SRR17140476	non-PMA	F7_S4	F7_S4	F7	S4	Dining table
BACA	667	0.292410862574	SRR17140476	non-PMA	F7_S4	F7_S4	F7	S4	Dining table
ERM(TR)	13	0.0064027625155	SRR17140476	non-PMA	F7_S4	F7_S4	F7	S4	Dining table
MEXS	1	0.000353045448438	SRR17140476	non-PMA	F7_S4	F7_S4	F7	S4	Dining table
OMPF	4	0.00136390207431	SRR17140476	non-PMA	F7_S4	F7_S4	F7	S4	Dining table
CHLORAMPHENICOL_EXPORTER	4	0.00100785184859	SRR17140476	non-PMA	F7_S4	F7_S4	F7	S4	Dining table
BPEF	1	0.000112801514628	SRR17140476	non-PMA	F7_S4	F7_S4	F7	S4	Dining table
ABCA	16	0.00131881440243	SRR17140476	non-PMA	F7_S4	F7_S4	F7	S4	Dining table
RBPA	13	0.013647993783	SRR17140476	non-PMA	F7_S4	F7_S4	F7	S4	Dining table
MULTIDRUG_ABC_TRANSPORTER	444	0.0919359666386	SRR17140476	non-PMA	F7_S4	F7_S4	F7	S4	Dining table
MEXL	4	0.00225815862303	SRR17140476	non-PMA	F7_S4	F7_S4	F7	S4	Dining table
TET40	1	0.000294784253745	SRR17140476	non-PMA	F7_S4	F7_S4	F7	S4	Dining table
LMRP	110	0.032426267912	SRR17140476	non-PMA	F7_S4	F7_S4	F7	S4	Dining table
MDFA	2	0.000583816619612	SRR17140476	non-PMA	F7_S4	F7_S4	F7	S4	Dining table
PBP-2X	224	0.0357451455634	SRR17140476	non-PMA	F7_S4	F7_S4	F7	S4	Dining table
MEXJ	21	0.00684831211834	SRR17140476	non-PMA	F7_S4	F7_S4	F7	S4	Dining table
LMRD	540	0.0976261326149	SRR17140476	non-PMA	F7_S4	F7_S4	F7	S4	Dining table
LMRC	452	0.0945742097435	SRR17140476	non-PMA	F7_S4	F7_S4	F7	S4	Dining table
MEXK	278	0.0324602040504	SRR17140476	non-PMA	F7_S4	F7_S4	F7	S4	Dining table
MPHC	63	0.0252173633521	SRR17140476	non-PMA	F7_S4	F7_S4	F7	S4	Dining table
AXYY	2	0.000229057238317	SRR17140476	non-PMA	F7_S4	F7_S4	F7	S4	Dining table
MTRD	23	0.0025798456996	SRR17140476	non-PMA	F7_S4	F7_S4	F7	S4	Dining table
APH(6)-I	3	0.00134980158294	SRR17140476	non-PMA	F7_S4	F7_S4	F7	S4	Dining table
MEXF	386	0.0435003852259	SRR17140476	non-PMA	F7_S4	F7_S4	F7	S4	Dining table
FMTC	182	0.0259311881878	SRR17140476	non-PMA	F7_S4	F7_S4	F7	S4	Dining table
MTRE	14	0.00358790941817	SRR17140476	non-PMA	F7_S4	F7_S4	F7	S4	Dining table
CLASS_C	3	0.000920633900158	SRR17140476	non-PMA	F7_S4	F7_S4	F7	S4	Dining table
CLASS_A	111	0.0442824905976	SRR17140476	non-PMA	F7_S4	F7_S4	F7	S4	Dining table
MTRA	30	0.0157476851343	SRR17140476	non-PMA	F7_S4	F7_S4	F7	S4	Dining table
MEFA	93	0.0274826267973	SRR17140476	non-PMA	F7_S4	F7_S4	F7	S4	Dining table
MTRC	5	0.00145245639588	SRR17140476	non-PMA	F7_S4	F7_S4	F7	S4	Dining table
MEXB	241	0.0275750096481	SRR17140476	non-PMA	F7_S4	F7_S4	F7	S4	Dining table
METALLO-BETA-LACTAMASE	6	0.00247618773146	SRR17140476	non-PMA	F7_S4	F7_S4	F7	S4	Dining table
ROSA	1	0.000291908309806	SRR17140476	non-PMA	F7_S4	F7_S4	F7	S4	Dining table
AMRB	11	0.00125981481074	SRR17140476	non-PMA	F7_S4	F7_S4	F7	S4	Dining table
MEXC	1	0.000309256865686	SRR17140476	non-PMA	F7_S4	F7_S4	F7	S4	Dining table
NORB	14	0.00359560879461	SRR17140476	non-PMA	F7_S4	F7_S4	F7	S4	Dining table
NORA	346	0.10672709492	SRR17140476	non-PMA	F7_S4	F7_S4	F7	S4	Dining table
QNRD2	1	0.000559263584208	SRR17140476	non-PMA	F7_S4	F7_S4	F7	S4	Dining table
MTRR	1	0.000664902261225	SRR17140476	non-PMA	F7_S4	F7_S4	F7	S4	Dining table
TETO	13	0.00243485335096	SRR17140476	non-PMA	F7_S4	F7_S4	F7	S4	Dining table
MEXA	32	0.00999957447691	SRR17140476	non-PMA	F7_S4	F7_S4	F7	S4	Dining table
VANSD	3	0.00154097519769	SRR17140476	non-PMA	F7_S4	F7_S4	F7	S4	Dining table
MSRE	11	0.00268127592103	SRR17140476	non-PMA	F7_S4	F7_S4	F7	S4	Dining table
APH(3''')-III	1	0.000453342450835	SRR17140476	non-PMA	F7_S4	F7_S4	F7	S4	Dining table
MAJOR_FACILITATOR_SUPERFAMILY_TRANSPORTER	562	0.172908773125	SRR17140476	non-PMA	F7_S4	F7_S4	F7	S4	Dining table
CEOB	3	0.000349607810186	SRR17140476	non-PMA	F7_S4	F7_S4	F7	S4	Dining table
TET(42)	2	0.000559263584208	SRR17140476	non-PMA	F7_S4	F7_S4	F7	S4	Dining table
CAMP-REGULATORY_PROTEIN	14	0.0102794705416	SRR17140476	non-PMA	F7_S4	F7_S4	F7	S4	Dining table
STAPHYLOCOCCUS_MUPA_CONFERRING_RESISTANCE_TO_MUPIROCIN	38	0.00444133932303	SRR17140476	non-PMA	F7_S4	F7_S4	F7	S4	Dining table
AAC(6')-IE-APH(2'')-IA	4	0.000999435549232	SRR17140476	non-PMA	F7_S4	F7_S4	F7	S4	Dining table
VANR	6	0.00313578359006	SRR17140476	non-PMA	F7_S4	F7_S4	F7	S4	Dining table
TET(W/N/W)	1	0.000187296411613	SRR17140476	non-PMA	F7_S4	F7_S4	F7	S4	Dining table
ROSB	6	0.00132245753614	SRR17140476	non-PMA	F7_S4	F7_S4	F7	S4	Dining table
MSRA	183	0.0448809026327	SRR17140476	non-PMA	F7_S4	F7_S4	F7	S4	Dining table
YOJI	2	0.0004375956381	SRR17140476	non-PMA	F7_S4	F7_S4	F7	S4	Dining table
APH(3')-IIB	3	0.0013397284368	SRR17140476	non-PMA	F7_S4	F7_S4	F7	S4	Dining table
DFRC	109	0.0810272196598	SRR17140476	non-PMA	F7_S4	F7_S4	F7	S4	Dining table
MEXY	23	0.00263415824064	SRR17140476	non-PMA	F7_S4	F7_S4	F7	S4	Dining table
ADP-RIBOSYLATING_TRANSFERASE_ARR	3	0.00239364814041	SRR17140476	non-PMA	F7_S4	F7_S4	F7	S4	Dining table
LSA	3	0.000720978355545	SRR17140476	non-PMA	F7_S4	F7_S4	F7	S4	Dining table
FLOR	3	0.000888730745202	SRR17140476	non-PMA	F7_S4	F7_S4	F7	S4	Dining table
LSAC	22	0.00535165234644	SRR17140476	non-PMA	F7_S4	F7_S4	F7	S4	Dining table
LSAE	4	0.000969088315955	SRR17140476	non-PMA	F7_S4	F7_S4	F7	S4	Dining table
UGD	81	0.0249852447646	SRR17140476	non-PMA	F7_S4	F7_S4	F7	S4	Dining table
MDTC	12	0.00140115988707	SRR17140476	non-PMA	F7_S4	F7_S4	F7	S4	Dining table
MDTB	10	0.0011507923752	SRR17140476	non-PMA	F7_S4	F7_S4	F7	S4	Dining table
MDTG	103	0.0306648953311	SRR17140476	non-PMA	F7_S4	F7_S4	F7	S4	Dining table
MDTF	4	0.000461648628816	SRR17140476	non-PMA	F7_S4	F7_S4	F7	S4	Dining table
MDTD	7	0.00177871942493	SRR17140476	non-PMA	F7_S4	F7_S4	F7	S4	Dining table
MDTK	14	0.00353492341411	SRR17140476	non-PMA	F7_S4	F7_S4	F7	S4	Dining table
MDTH	2	0.000595434860798	SRR17140476	non-PMA	F7_S4	F7_S4	F7	S4	Dining table
CPXA	1	0.000261887105078	SRR17140476	non-PMA	F7_S4	F7_S4	F7	S4	Dining table
MDTL	7	0.00214265178809	SRR17140476	non-PMA	F7_S4	F7_S4	F7	S4	Dining table
TETB(60)	9	0.00186034829566	SRR17140476	non-PMA	F7_S4	F7_S4	F7	S4	Dining table
VANS	7	0.00187422113902	SRR17140476	non-PMA	F7_S4	F7_S4	F7	S4	Dining table
MECR1	13	0.00474351003435	SRR17140476	non-PMA	F7_S4	F7_S4	F7	S4	Dining table
FOX	1	0.00031330473042	SRR17140476	non-PMA	F7_S4	F7_S4	F7	S4	Dining table
OPMH	58	0.0144016174423	SRR17140476	non-PMA	F7_S4	F7_S4	F7	S4	Dining table
BCRA	1	0.000387321705568	SRR17140476	non-PMA	F7_S4	F7_S4	F7	S4	Dining table
APH(3')-I	15	0.00662448747346	SRR17140476	non-PMA	F7_S4	F7_S4	F7	S4	Dining table
BLEOMYCIN_RESISTANCE_PROTEIN	1	0.00130089572848	SRR17140476	non-PMA	F7_S4	F7_S4	F7	S4	Dining table
EFRB	21	0.00694290206472	SRR17140476	non-PMA	F7_S4	F7_S4	F7	S4	Dining table
EFRA	5	0.00123383924763	SRR17140476	non-PMA	F7_S4	F7_S4	F7	S4	Dining table
TETA(60)	6	0.0012402321971	SRR17140476	non-PMA	F7_S4	F7_S4	F7	S4	Dining table
MVAT	38	0.0366768666676	SRR17140476	non-PMA	F7_S4	F7_S4	F7	S4	Dining table
EMRB-QACA_FAMILY_MAJOR_FACILITATOR_TRANSPORTER	327	0.0813641311761	SRR17140476	non-PMA	F7_S4	F7_S4	F7	S4	Dining table
MUXC	33	0.0038122774437	SRR17140476	non-PMA	F7_S4	F7_S4	F7	S4	Dining table
BIFUNCTIONAL_AMINOGLYCOSIDE_N-ACETYLTRANSFERASE_AND_AMINOGLYCOSIDE_PHOSPHOTRANSFERASE	1	0.000243752356457	SRR17140476	non-PMA	F7_S4	F7_S4	F7	S4	Dining table
TETQ	16	0.0029146400492	SRR17140476	non-PMA	F7_S4	F7_S4	F7	S4	Dining table
RPSD_(RAMA_OR_SUD2)	15	0.00655195658871	SRR17140476	non-PMA	F7_S4	F7_S4	F7	S4	Dining table
EMRA	1	0.000306877966719	SRR17140476	non-PMA	F7_S4	F7_S4	F7	S4	Dining table
EMRB	28	0.00654513163393	SRR17140476	non-PMA	F7_S4	F7_S4	F7	S4	Dining table
EMRD	1	0.000303762454367	SRR17140476	non-PMA	F7_S4	F7_S4	F7	S4	Dining table
TETS	3	0.000557526740779	SRR17140476	non-PMA	F7_S4	F7_S4	F7	S4	Dining table
ERM(33)	1	0.0004925201935	SRR17140476	non-PMA	F7_S4	F7_S4	F7	S4	Dining table
APH(3'')-I	3	0.00132002654802	SRR17140476	non-PMA	F7_S4	F7_S4	F7	S4	Dining table
ERMB	4	0.00195399848197	SRR17140476	non-PMA	F7_S4	F7_S4	F7	S4	Dining table
ERMC	31	0.0152055517116	SRR17140476	non-PMA	F7_S4	F7_S4	F7	S4	Dining table
FOSB	14	0.0120543431531	SRR17140476	non-PMA	F7_S4	F7_S4	F7	S4	Dining table
ERMF	5	0.0022496693049	SRR17140476	non-PMA	F7_S4	F7_S4	F7	S4	Dining table
HMRM	9	0.00232142599824	SRR17140476	non-PMA	F7_S4	F7_S4	F7	S4	Dining table
ERMX	35	0.0165568547262	SRR17140476	non-PMA	F7_S4	F7_S4	F7	S4	Dining table
ESCHERICHIA_COLI_MIPA	1	0.000482590350889	SRR17140476	non-PMA	F7_S4	F7_S4	F7	S4	Dining table
ESCHERICHIA_COLI_LAMB	1	0.000268346204082	SRR17140476	non-PMA	F7_S4	F7_S4	F7	S4	Dining table
MECI	6	0.00583816619612	SRR17140476	non-PMA	F7_S4	F7_S4	F7	S4	Dining table
OPMB	5	0.00120163059258	SRR17140476	non-PMA	F7_S4	F7_S4	F7	S4	Dining table
SMES	16	0.00410046790648	SRR17140476	non-PMA	F7_S4	F7_S4	F7	S4	Dining table
MECA	9	0.00161248751974	SRR17140476	non-PMA	F7_S4	F7_S4	F7	S4	Dining table
TETR	4	0.00230158475039	SRR17140476	non-PMA	F7_S4	F7_S4	F7	S4	Dining table
SUL1	4	0.0016916241275	SRR17140476	non-PMA	F7_S4	F7_S4	F7	S4	Dining table
TETW	12	0.00224755693935	SRR17140476	non-PMA	F7_S4	F7_S4	F7	S4	Dining table
OXA	3	0.00130089572848	SRR17140476	non-PMA	F7_S4	F7_S4	F7	S4	Dining table
TETM	115	0.0215390873355	SRR17140476	non-PMA	F7_S4	F7_S4	F7	S4	Dining table
PENA	55	0.0105658625781	SRR17140476	non-PMA	F7_S4	F7_S4	F7	S4	Dining table
RIFAMPIN_MONOOXYGENASE	1	0.000250381604645	SRR17140476	non-PMA	F7_S4	F7_S4	F7	S4	Dining table
TETA	3	0.000854874335861	SRR17140476	non-PMA	F7_S4	F7_S4	F7	S4	Dining table
QACB	202	0.0470347202687	SRR17140476	non-PMA	F7_S4	F7_S4	F7	S4	Dining table
QACA	71	0.016532005639	SRR17140476	non-PMA	F7_S4	F7_S4	F7	S4	Dining table
TETB	24	0.00638306170776	SRR17140476	non-PMA	F7_S4	F7_S4	F7	S4	Dining table
KDPE	1	0.00053192180898	SRR17140476	non-PMA	F7_S4	F7_S4	F7	S4	Dining table
TETD	2	0.000607524908733	SRR17140476	non-PMA	F7_S4	F7_S4	F7	S4	Dining table
TRIC	186	0.0219319484786	SRR17140476	non-PMA	F7_S4	F7_S4	F7	S4	Dining table
CAT_CHLORAMPHENICOL_ACETYLTRANSFERASE	6	0.00333997414941	SRR17140476	non-PMA	F7_S4	F7_S4	F7	S4	Dining table
AADD	3	0.00141915897653	SRR17140476	non-PMA	F7_S4	F7_S4	F7	S4	Dining table
AADE	8	0.00403991247327	SRR17140476	non-PMA	F7_S4	F7_S4	F7	S4	Dining table
BICYCLOMYCIN-MULTIDRUG_EFFLUX_PROTEIN_BCR	1	0.000302228300557	SRR17140476	non-PMA	F7_S4	F7_S4	F7	S4	Dining table
TRIA	6	0.00187492021442	SRR17140476	non-PMA	F7_S4	F7_S4	F7	S4	Dining table
KASUGAMYCIN_RESISTANCE_PROTEIN_KSGA	3	0.00131519128594	SRR17140476	non-PMA	F7_S4	F7_S4	F7	S4	Dining table
ERM(43)	1	0.0004925201935	SRR17140476	non-PMA	F7_S4	F7_S4	F7	S4	Dining table
FUSD	5	0.00280944617419	SRR17140476	non-PMA	F7_S4	F7_S4	F7	S4	Dining table
TAEA	4	0.00073878029025	SRR17140476	non-PMA	F7_S4	F7_S4	F7	S4	Dining table
FUSB	5	0.00280944617419	SRR17140476	non-PMA	F7_S4	F7_S4	F7	S4	Dining table
CARO	1	0.000494555400911	SRR17140476	non-PMA	F7_S4	F7_S4	F7	S4	Dining table
TRUNCATED_PUTATIVE_RESPONSE_REGULATOR_ARLR	169	0.0923576565592	SRR17140476	non-PMA	F7_S4	F7_S4	F7	S4	Dining table
TET37	3	0.00332451130612	SRR17140476	non-PMA	F7_S4	F7_S4	F7	S4	Dining table
PDC	2	0.000648685132902	SRR17140476	non-PMA	F7_S4	F7_S4	F7	S4	Dining table
TET32	5	0.000936482058063	SRR17140476	non-PMA	F7_S4	F7_S4	F7	S4	Dining table
TETA(46)	10	0.00208505935576	SRR17140476	non-PMA	F7_S4	F7_S4	F7	S4	Dining table
TETB(46)	6	0.00124237792755	SRR17140476	non-PMA	F7_S4	F7_S4	F7	S4	Dining table
MEL	135	0.033176847942	SRR17140476	non-PMA	F7_S4	F7_S4	F7	S4	Dining table
TRANSCRIPTIONAL_REGULATORY_PROTEIN_CPXR_CPXR	6	0.00309523466432	SRR17140476	non-PMA	F7_S4	F7_S4	F7	S4	Dining table
TET(K)	100	0.0260745984794	SRR17140476	non-PMA	F7_S4	F7_S4	F7	S4	Dining table
MARR	186	0.151434882352	SRR17140476	non-PMA	F7_S4	F7_S4	F7	S4	Dining table
TET(38)	4	0.00106384361796	SRR17140476	non-PMA	F7_S4	F7_S4	F7	S4	Dining table
FARB	3	0.000706785868231	SRR17140476	non-PMA	F7_S4	F7_S4	F7	S4	Dining table
MUXB	77	0.00883561394111	SRR17140476	non-PMA	F7_S4	F7_S4	F7	S4	Dining table
PMRF	3	0.00111505348156	SRR17140476	non-PMA	F7_S4	F7_S4	F7	S4	Dining table
PATA	1	0.000260745984794	SRR17140476	non-PMA	F7_S4	F7_S4	F7	S4	Dining table
PATB	84	0.0259106242003	SRR17140476	non-PMA	F7_S4	F7_S4	F7	S4	Dining table
OPCM	2	0.000467509402424	SRR17140476	non-PMA	F7_S4	F7_S4	F7	S4	Dining table
MUXA	3	0.000842833852257	SRR17140476	non-PMA	F7_S4	F7_S4	F7	S4	Dining table
SERRATIA_MARCESCENS_OMP1	1	0.000320006435884	SRR17140476	non-PMA	F7_S4	F7_S4	F7	S4	Dining table
OPRN	62	0.0157209941425	SRR17140476	non-PMA	F7_S4	F7_S4	F7	S4	Dining table
OPRM	39	0.00997353391837	SRR17140476	non-PMA	F7_S4	F7_S4	F7	S4	Dining table
ADES	3	0.000994590640059	SRR17140476	non-PMA	F7_S4	F7_S4	F7	S4	Dining table
MEXW	434	0.0510237373742	SRR17140476	non-PMA	F7_S4	F7_S4	F7	S4	Dining table
MEXT	110	0.0433061341193	SRR17140476	non-PMA	F7_S4	F7_S4	F7	S4	Dining table
RLMA(II)	67	0.0284351818098	SRR17140476	non-PMA	F7_S4	F7_S4	F7	S4	Dining table
CFXA2	6	0.00223705433683	SRR17140476	non-PMA	F7_S4	F7_S4	F7	S4	Dining table
VGAA	197	0.0451674984349	SRR17140476	non-PMA	F7_S4	F7_S4	F7	S4	Dining table
MEXN	74	0.00854874335861	SRR17140476	non-PMA	F7_S4	F7_S4	F7	S4	Dining table
MSBA	16	0.00329023799369	SRR17140476	non-PMA	F7_S4	F7_S4	F7	S4	Dining table
ADEF	1	0.00011301454865	SRR17140476	non-PMA	F7_S4	F7_S4	F7	S4	Dining table
MEPR	9	0.00774922059845	SRR17140476	non-PMA	F7_S4	F7_S4	F7	S4	Dining table
ADEA	1	0.000836939909234	SRR17140476	non-PMA	F7_S4	F7_S4	F7	S4	Dining table
ADEB	16	0.0018483769424	SRR17140476	non-PMA	F7_S4	F7_S4	F7	S4	Dining table
ADEL	2	0.000710281347303	SRR17140476	non-PMA	F7_S4	F7_S4	F7	S4	Dining table
ACRF	5	0.000578735043619	SRR17140476	non-PMA	F7_S4	F7_S4	F7	S4	Dining table
MEXD	20	0.00229496466003	SRR17140476	non-PMA	F7_S4	F7_S4	F7	S4	Dining table
MEXE	82	0.0247202956566	SRR17140476	non-PMA	F7_S4	F7_S4	F7	S4	Dining table
ADEH	3	0.000743368987705	SRR17140476	non-PMA	F7_S4	F7_S4	F7	S4	Dining table
ADEI	2	0.000575396187598	SRR17140476	non-PMA	F7_S4	F7_S4	F7	S4	Dining table
ADEJ	11	0.00124433504464	SRR17140476	non-PMA	F7_S4	F7_S4	F7	S4	Dining table
ADEK	1	0.000247277700456	SRR17140476	non-PMA	F7_S4	F7_S4	F7	S4	Dining table
OQXB	14	0.00159576542694	SRR17140476	non-PMA	F7_S4	F7_S4	F7	S4	Dining table
SMEF	15	0.00378741794369	SRR17140476	non-PMA	F7_S4	F7_S4	F7	S4	Dining table
SMEE	32	0.00368253560063	SRR17140476	non-PMA	F7_S4	F7_S4	F7	S4	Dining table
SMED	26	0.00789782381353	SRR17140476	non-PMA	F7_S4	F7_S4	F7	S4	Dining table
SMEC	2	0.000508205549981	SRR17140476	non-PMA	F7_S4	F7_S4	F7	S4	Dining table
SMEB	33	0.00376503282333	SRR17140476	non-PMA	F7_S4	F7_S4	F7	S4	Dining table
MACB	67	0.0124514305441	SRR17140476	non-PMA	F7_S4	F7_S4	F7	S4	Dining table
MACA	16	0.00516150542406	SRR17140476	non-PMA	F7_S4	F7_S4	F7	S4	Dining table
ERM(44)	16	0.00762915741963	SRR17140476	non-PMA	F7_S4	F7_S4	F7	S4	Dining table
SMER	13	0.00679419777845	SRR17140476	non-PMA	F7_S4	F7_S4	F7	S4	Dining table
PBP-1B	109	0.0158896252926	SRR17140476	non-PMA	F7_S4	F7_S4	F7	S4	Dining table
PBP-1A	187	0.0311274132306	SRR17140476	non-PMA	F7_S4	F7_S4	F7	S4	Dining table
RPOB2	1308	0.134719955579	SRR17140476	non-PMA	F7_S4	F7_S4	F7	S4	Dining table
TETA(48)	3	0.00104678490105	SRR17140476	non-PMA	F7_S4	F7_S4	F7	S4	Dining table
ARLS	63	0.0167183850162	SRR17140476	non-PMA	F7_S4	F7_S4	F7	S4	Dining table
MEPA	46	0.0260918991609	SRR17140476	non-PMA	F7_S4	F7_S4	F7	S4	Dining table
ACRB	72	0.00826980163673	SRR17140476	non-PMA	F7_S4	F7_S4	F7	S4	Dining table
CATQ	1	0.000546495009226	SRR17140476	non-PMA	F7_S4	F7_S4	F7	S4	Dining table
ACRA	5	0.0014997795366	SRR17140476	non-PMA	F7_S4	F7_S4	F7	S4	Dining table
MCR-4	1	0.000221224412237	SRR17140476	non-PMA	F7_S4	F7_S4	F7	S4	Dining table
ACRD	5	0.00057706078602	SRR17140476	non-PMA	F7_S4	F7_S4	F7	S4	Dining table
QACG	9	0.0100667445157	SRR17140476	non-PMA	F7_S4	F7_S4	F7	S4	Dining table
TOLC	8	0.00193426112356	SRR17140476	non-PMA	F7_S4	F7_S4	F7	S4	Dining table
LNUG	57	0.00760505162368	SRR17140478	non-PMA	F7_S3	F7_S3	F7	S3	Exercise platform
BLAZ	135	0.0171145711291	SRR17140478	non-PMA	F7_S3	F7_S3	F7	S3	Exercise platform
LNUA	286	0.0632817862141	SRR17140478	non-PMA	F7_S3	F7_S3	F7	S3	Exercise platform
OMPR	9	0.00140619721851	SRR17140478	non-PMA	F7_S3	F7_S3	F7	S3	Exercise platform
BACA	2559	0.333922905792	SRR17140478	non-PMA	F7_S3	F7_S3	F7	S3	Exercise platform
ERM(TR)	9	0.00131939492107	SRR17140478	non-PMA	F7_S3	F7_S3	F7	S3	Exercise platform
VATG	1	0.000164924365133	SRR17140478	non-PMA	F7_S3	F7_S3	F7	S3	Exercise platform
CHLORAMPHENICOL_EXPORTER	157	0.011774558043	SRR17140478	non-PMA	F7_S3	F7_S3	F7	S3	Exercise platform
ABCA	3	7.36026092331e-05	SRR17140478	non-PMA	F7_S3	F7_S3	F7	S3	Exercise platform
RBPA	49	0.0153119252682	SRR17140478	non-PMA	F7_S3	F7_S3	F7	S3	Exercise platform
MULTIDRUG_ABC_TRANSPORTER	3854	0.237532174215	SRR17140478	non-PMA	F7_S3	F7_S3	F7	S3	Exercise platform
TET(33)	2	0.000175054854392	SRR17140478	non-PMA	F7_S3	F7_S3	F7	S3	Exercise platform
TET43	39	0.00267692264332	SRR17140478	non-PMA	F7_S3	F7_S3	F7	S3	Exercise platform
LMRP	7	0.000614201083945	SRR17140478	non-PMA	F7_S3	F7_S3	F7	S3	Exercise platform
PORIN_OMPC	1	9.70672012774e-05	SRR17140478	non-PMA	F7_S3	F7_S3	F7	S3	Exercise platform
MDFA	5	0.000434434913034	SRR17140478	non-PMA	F7_S3	F7_S3	F7	S3	Exercise platform
PBP-2X	188	0.00892966482578	SRR17140478	non-PMA	F7_S3	F7_S3	F7	S3	Exercise platform
LMRD	62	0.00333635513273	SRR17140478	non-PMA	F7_S3	F7_S3	F7	S3	Exercise platform
LMRC	28	0.00174381566491	SRR17140478	non-PMA	F7_S3	F7_S3	F7	S3	Exercise platform
MEXK	15	0.000521321895641	SRR17140478	non-PMA	F7_S3	F7_S3	F7	S3	Exercise platform
MPHC	3418	0.407229697945	SRR17140478	non-PMA	F7_S3	F7_S3	F7	S3	Exercise platform
MEFE	40	0.00353584743115	SRR17140478	non-PMA	F7_S3	F7_S3	F7	S3	Exercise platform
APH(6)-I	36	0.0048212476063	SRR17140478	non-PMA	F7_S3	F7_S3	F7	S3	Exercise platform
MEXF	24	0.000805054528108	SRR17140478	non-PMA	F7_S3	F7_S3	F7	S3	Exercise platform
FMTC	1996	0.0846486084359	SRR17140478	non-PMA	F7_S3	F7_S3	F7	S3	Exercise platform
MTRE	4	0.000305127733352	SRR17140478	non-PMA	F7_S3	F7_S3	F7	S3	Exercise platform
CLASS_C	1	9.13427253046e-05	SRR17140478	non-PMA	F7_S3	F7_S3	F7	S3	Exercise platform
CLASS_A	990	0.117558087467	SRR17140478	non-PMA	F7_S3	F7_S3	F7	S3	Exercise platform
MTRA	186	0.0290614091824	SRR17140478	non-PMA	F7_S3	F7_S3	F7	S3	Exercise platform
MEFA	156	0.0137217071791	SRR17140478	non-PMA	F7_S3	F7_S3	F7	S3	Exercise platform
MTRC	4	0.000345860804551	SRR17140478	non-PMA	F7_S3	F7_S3	F7	S3	Exercise platform
MEXB	24	0.000817368937716	SRR17140478	non-PMA	F7_S3	F7_S3	F7	S3	Exercise platform
METALLO-BETA-LACTAMASE	4	0.000491360867156	SRR17140478	non-PMA	F7_S3	F7_S3	F7	S3	Exercise platform
ROSA	2	0.000173773965214	SRR17140478	non-PMA	F7_S3	F7_S3	F7	S3	Exercise platform
ROSB	1	6.56052723182e-05	SRR17140478	non-PMA	F7_S3	F7_S3	F7	S3	Exercise platform
MSRA	6455	0.471210540611	SRR17140478	non-PMA	F7_S3	F7_S3	F7	S3	Exercise platform
NORB	98	0.00749167159043	SRR17140478	non-PMA	F7_S3	F7_S3	F7	S3	Exercise platform
NORA	3087	0.283428472361	SRR17140478	non-PMA	F7_S3	F7_S3	F7	S3	Exercise platform
AAD(9)	7	0.000959098615698	SRR17140478	non-PMA	F7_S3	F7_S3	F7	S3	Exercise platform
MTRR	2	0.00039581847632	SRR17140478	non-PMA	F7_S3	F7_S3	F7	S3	Exercise platform
TETO	3	0.000167247243515	SRR17140478	non-PMA	F7_S3	F7_S3	F7	S3	Exercise platform
APH(2'')-IF	1	0.000119944992824	SRR17140478	non-PMA	F7_S3	F7_S3	F7	S3	Exercise platform
MEXA	2	0.000186024349184	SRR17140478	non-PMA	F7_S3	F7_S3	F7	S3	Exercise platform
MSRE	1	7.25532848652e-05	SRR17140478	non-PMA	F7_S3	F7_S3	F7	S3	Exercise platform
APH(3''')-III	2	0.000269876233855	SRR17140478	non-PMA	F7_S3	F7_S3	F7	S3	Exercise platform
MAJOR_FACILITATOR_SUPERFAMILY_TRANSPORTER	3514	0.321803473833	SRR17140478	non-PMA	F7_S3	F7_S3	F7	S3	Exercise platform
CEOB	3	0.000104061332626	SRR17140478	non-PMA	F7_S3	F7_S3	F7	S3	Exercise platform
CAMP-REGULATORY_PROTEIN	1	0.00021855007895	SRR17140478	non-PMA	F7_S3	F7_S3	F7	S3	Exercise platform
STAPHYLOCOCCUS_MUPA_CONFERRING_RESISTANCE_TO_MUPIROCIN	18	0.000626197198866	SRR17140478	non-PMA	F7_S3	F7_S3	F7	S3	Exercise platform
AAC(6')-IE-APH(2'')-IA	22	0.00163615988124	SRR17140478	non-PMA	F7_S3	F7_S3	F7	S3	Exercise platform
VANR	104	0.0161784320452	SRR17140478	non-PMA	F7_S3	F7_S3	F7	S3	Exercise platform
YOJI	1	6.51255262684e-05	SRR17140478	non-PMA	F7_S3	F7_S3	F7	S3	Exercise platform
OLEC	4	0.000438445081462	SRR17140478	non-PMA	F7_S3	F7_S3	F7	S3	Exercise platform
APH(3')-IIB	3	0.000398772345546	SRR17140478	non-PMA	F7_S3	F7_S3	F7	S3	Exercise platform
DFRC	956	0.211529327345	SRR17140478	non-PMA	F7_S3	F7_S3	F7	S3	Exercise platform
ADP-RIBOSYLATING_TRANSFERASE_ARR	70	0.0166243760054	SRR17140478	non-PMA	F7_S3	F7_S3	F7	S3	Exercise platform
DFRG	58	0.0125222572509	SRR17140478	non-PMA	F7_S3	F7_S3	F7	S3	Exercise platform
LSAC	151	0.0109332786447	SRR17140478	non-PMA	F7_S3	F7_S3	F7	S3	Exercise platform
UGD	134	0.0123030175887	SRR17140478	non-PMA	F7_S3	F7_S3	F7	S3	Exercise platform
MDTC	1	3.47547930427e-05	SRR17140478	non-PMA	F7_S3	F7_S3	F7	S3	Exercise platform
MDTG	63	0.00558281283765	SRR17140478	non-PMA	F7_S3	F7_S3	F7	S3	Exercise platform
MDTF	1	3.43526160741e-05	SRR17140478	non-PMA	F7_S3	F7_S3	F7	S3	Exercise platform
MDTK	7	0.000526087848273	SRR17140478	non-PMA	F7_S3	F7_S3	F7	S3	Exercise platform
MDTH	1	8.86160767881e-05	SRR17140478	non-PMA	F7_S3	F7_S3	F7	S3	Exercise platform
MDTM	1	8.68869826068e-05	SRR17140478	non-PMA	F7_S3	F7_S3	F7	S3	Exercise platform
MDTL	5	0.000455545560982	SRR17140478	non-PMA	F7_S3	F7_S3	F7	S3	Exercise platform
VANS	6	0.000478169971393	SRR17140478	non-PMA	F7_S3	F7_S3	F7	S3	Exercise platform
MECR1	91	0.00988339427153	SRR17140478	non-PMA	F7_S3	F7_S3	F7	S3	Exercise platform
OPMH	4	0.000295632057002	SRR17140478	non-PMA	F7_S3	F7_S3	F7	S3	Exercise platform
BCRA	4	0.000461147739402	SRR17140478	non-PMA	F7_S3	F7_S3	F7	S3	Exercise platform
VAND	7	0.000727013527935	SRR17140478	non-PMA	F7_S3	F7_S3	F7	S3	Exercise platform
APH(3')-I	68	0.00893877887483	SRR17140478	non-PMA	F7_S3	F7_S3	F7	S3	Exercise platform
BLEOMYCIN_RESISTANCE_PROTEIN	11	0.00425935099518	SRR17140478	non-PMA	F7_S3	F7_S3	F7	S3	Exercise platform
EFRB	37	0.00364109261366	SRR17140478	non-PMA	F7_S3	F7_S3	F7	S3	Exercise platform
EFRA	6	0.000440705107655	SRR17140478	non-PMA	F7_S3	F7_S3	F7	S3	Exercise platform
TETA(60)	21	0.00129204994861	SRR17140478	non-PMA	F7_S3	F7_S3	F7	S3	Exercise platform
BAER	7	0.00103902350034	SRR17140478	non-PMA	F7_S3	F7_S3	F7	S3	Exercise platform
EMRB-QACA_FAMILY_MAJOR_FACILITATOR_TRANSPORTER	2603	0.192782524839	SRR17140478	non-PMA	F7_S3	F7_S3	F7	S3	Exercise platform
BIFUNCTIONAL_AMINOGLYCOSIDE_N-ACETYLTRANSFERASE_AND_AMINOGLYCOSIDE_PHOSPHOTRANSFERASE	25	0.00181383212163	SRR17140478	non-PMA	F7_S3	F7_S3	F7	S3	Exercise platform
STREPTOMYCIN_RESISTANCE_PROTEIN	3	0.000378975136902	SRR17140478	non-PMA	F7_S3	F7_S3	F7	S3	Exercise platform
EMRK	1	9.20508084465e-05	SRR17140478	non-PMA	F7_S3	F7_S3	F7	S3	Exercise platform
EMRA	2	0.000182685450609	SRR17140478	non-PMA	F7_S3	F7_S3	F7	S3	Exercise platform
EMRB	13	0.000904507065028	SRR17140478	non-PMA	F7_S3	F7_S3	F7	S3	Exercise platform
EMRD	1	9.04153879919e-05	SRR17140478	non-PMA	F7_S3	F7_S3	F7	S3	Exercise platform
ERM(33)	1	0.000146599435674	SRR17140478	non-PMA	F7_S3	F7_S3	F7	S3	Exercise platform
APH(3'')-I	47	0.00615555939277	SRR17140478	non-PMA	F7_S3	F7_S3	F7	S3	Exercise platform
ERMB	44	0.00639771904583	SRR17140478	non-PMA	F7_S3	F7_S3	F7	S3	Exercise platform
ERMC	79	0.0115338908469	SRR17140478	non-PMA	F7_S3	F7_S3	F7	S3	Exercise platform
FOSB	529	0.135574947177	SRR17140478	non-PMA	F7_S3	F7_S3	F7	S3	Exercise platform
ERMA	3	0.000372372782601	SRR17140478	non-PMA	F7_S3	F7_S3	F7	S3	Exercise platform
ERMF	7	0.000937464812337	SRR17140478	non-PMA	F7_S3	F7_S3	F7	S3	Exercise platform
HMRM	1	7.67751354931e-05	SRR17140478	non-PMA	F7_S3	F7_S3	F7	S3	Exercise platform
ERMX	487	0.0685720308976	SRR17140478	non-PMA	F7_S3	F7_S3	F7	S3	Exercise platform
BLEO	8	0.00212678584291	SRR17140478	non-PMA	F7_S3	F7_S3	F7	S3	Exercise platform
ESCHERICHIA_COLI_MIPA	1	0.00014364380189	SRR17140478	non-PMA	F7_S3	F7_S3	F7	S3	Exercise platform
ADC-42	1	9.30121745922e-05	SRR17140478	non-PMA	F7_S3	F7_S3	F7	S3	Exercise platform
TETB(60)	29	0.00178425945284	SRR17140478	non-PMA	F7_S3	F7_S3	F7	S3	Exercise platform
TETX	2	0.000184578564087	SRR17140478	non-PMA	F7_S3	F7_S3	F7	S3	Exercise platform
MECI	15	0.00434434913034	SRR17140478	non-PMA	F7_S3	F7_S3	F7	S3	Exercise platform
TETQ	14	0.000759103927189	SRR17140478	non-PMA	F7_S3	F7_S3	F7	S3	Exercise platform
SMES	7	0.000533973533365	SRR17140478	non-PMA	F7_S3	F7_S3	F7	S3	Exercise platform
MECA	106	0.00565285668277	SRR17140478	non-PMA	F7_S3	F7_S3	F7	S3	Exercise platform
TETR	4	0.000685070439785	SRR17140478	non-PMA	F7_S3	F7_S3	F7	S3	Exercise platform
TETW	15	0.000836236217577	SRR17140478	non-PMA	F7_S3	F7_S3	F7	S3	Exercise platform
OXA	4	0.000516284969113	SRR17140478	non-PMA	F7_S3	F7_S3	F7	S3	Exercise platform
TETM	234	0.0130452849942	SRR17140478	non-PMA	F7_S3	F7_S3	F7	S3	Exercise platform
PENA	22	0.00125797846407	SRR17140478	non-PMA	F7_S3	F7_S3	F7	S3	Exercise platform
RIFAMPIN_MONOOXYGENASE	7	0.000521685439501	SRR17140478	non-PMA	F7_S3	F7_S3	F7	S3	Exercise platform
TETA	210	0.0178118314344	SRR17140478	non-PMA	F7_S3	F7_S3	F7	S3	Exercise platform
QACB	6989	0.484384785584	SRR17140478	non-PMA	F7_S3	F7_S3	F7	S3	Exercise platform
QACA	545	0.0377721717189	SRR17140478	non-PMA	F7_S3	F7_S3	F7	S3	Exercise platform
TETB	289	0.0228783079313	SRR17140478	non-PMA	F7_S3	F7_S3	F7	S3	Exercise platform
QACG	1091	0.36322818869	SRR17140478	non-PMA	F7_S3	F7_S3	F7	S3	Exercise platform
LISTERIA_MONOCYTOGENES_MPRF	3	0.000123550275846	SRR17140478	non-PMA	F7_S3	F7_S3	F7	S3	Exercise platform
TRIC	8	0.000280777638375	SRR17140478	non-PMA	F7_S3	F7_S3	F7	S3	Exercise platform
CAT_CHLORAMPHENICOL_ACETYLTRANSFERASE	125	0.0207114319005	SRR17140478	non-PMA	F7_S3	F7_S3	F7	S3	Exercise platform
AADD	65	0.00915232445246	SRR17140478	non-PMA	F7_S3	F7_S3	F7	S3	Exercise platform
AADE	4	0.00060124325517	SRR17140478	non-PMA	F7_S3	F7_S3	F7	S3	Exercise platform
KASUGAMYCIN_RESISTANCE_PROTEIN_KSGA	2	0.000260979215156	SRR17140478	non-PMA	F7_S3	F7_S3	F7	S3	Exercise platform
FUSD	10	0.00167247243515	SRR17140478	non-PMA	F7_S3	F7_S3	F7	S3	Exercise platform
TAEA	8	0.000439798307022	SRR17140478	non-PMA	F7_S3	F7_S3	F7	S3	Exercise platform
FUSB	61	0.0102020818544	SRR17140478	non-PMA	F7_S3	F7_S3	F7	S3	Exercise platform
CARO	1	0.000147205218466	SRR17140478	non-PMA	F7_S3	F7_S3	F7	S3	Exercise platform
TRUNCATED_PUTATIVE_RESPONSE_REGULATOR_ARLR	1579	0.256848235935	SRR17140478	non-PMA	F7_S3	F7_S3	F7	S3	Exercise platform
TET37	2	0.000659697460533	SRR17140478	non-PMA	F7_S3	F7_S3	F7	S3	Exercise platform
TET35	4	0.000386164367141	SRR17140478	non-PMA	F7_S3	F7_S3	F7	S3	Exercise platform
TET34	1	0.000231322486161	SRR17140478	non-PMA	F7_S3	F7_S3	F7	S3	Exercise platform
PUROMYCIN_RESISTANCE_PROTEIN	5	0.000895066906251	SRR17140478	non-PMA	F7_S3	F7_S3	F7	S3	Exercise platform
TET32	1	5.57490811718e-05	SRR17140478	non-PMA	F7_S3	F7_S3	F7	S3	Exercise platform
YKKD	2	0.000685070439785	SRR17140478	non-PMA	F7_S3	F7_S3	F7	S3	Exercise platform
TETA(46)	7	0.000434434913034	SRR17140478	non-PMA	F7_S3	F7_S3	F7	S3	Exercise platform
TETB(46)	8	0.000493061077769	SRR17140478	non-PMA	F7_S3	F7_S3	F7	S3	Exercise platform
MEL	219	0.0160196759102	SRR17140478	non-PMA	F7_S3	F7_S3	F7	S3	Exercise platform
ANT(3'')-IIA	1	0.000135968178889	SRR17140478	non-PMA	F7_S3	F7_S3	F7	S3	Exercise platform
LEN	1	0.000135451189615	SRR17140478	non-PMA	F7_S3	F7_S3	F7	S3	Exercise platform
RPOB2	4067	0.124682820041	SRR17140478	non-PMA	F7_S3	F7_S3	F7	S3	Exercise platform
ARNA	5	0.000269060897801	SRR17140478	non-PMA	F7_S3	F7_S3	F7	S3	Exercise platform
TET(K)	248	0.0192476435544	SRR17140478	non-PMA	F7_S3	F7_S3	F7	S3	Exercise platform
MARR	1546	0.374654304729	SRR17140478	non-PMA	F7_S3	F7_S3	F7	S3	Exercise platform
MTRD	20	0.000667735011599	SRR17140478	non-PMA	F7_S3	F7_S3	F7	S3	Exercise platform
TET(38)	2	0.000158327390528	SRR17140478	non-PMA	F7_S3	F7_S3	F7	S3	Exercise platform
TETB(48)	33	0.0043379368069	SRR17140478	non-PMA	F7_S3	F7_S3	F7	S3	Exercise platform
FARB	1	7.01253206079e-05	SRR17140478	non-PMA	F7_S3	F7_S3	F7	S3	Exercise platform
MUXB	3	0.00010246499387	SRR17140478	non-PMA	F7_S3	F7_S3	F7	S3	Exercise platform
PATA	1	7.76114659451e-05	SRR17140478	non-PMA	F7_S3	F7_S3	F7	S3	Exercise platform
GOLS	2	0.000462644972322	SRR17140478	non-PMA	F7_S3	F7_S3	F7	S3	Exercise platform
PATB	88	0.00807959364035	SRR17140478	non-PMA	F7_S3	F7_S3	F7	S3	Exercise platform
CMEB	1	3.42535219892e-05	SRR17140478	non-PMA	F7_S3	F7_S3	F7	S3	Exercise platform
ACRB	40	0.00136751105063	SRR17140478	non-PMA	F7_S3	F7_S3	F7	S3	Exercise platform
OPRN	4	0.000301895448041	SRR17140478	non-PMA	F7_S3	F7_S3	F7	S3	Exercise platform
ADER	1	0.000144225355744	SRR17140478	non-PMA	F7_S3	F7_S3	F7	S3	Exercise platform
MEPA	2067	0.348976830094	SRR17140478	non-PMA	F7_S3	F7_S3	F7	S3	Exercise platform
MEXV	1	9.47437842255e-05	SRR17140478	non-PMA	F7_S3	F7_S3	F7	S3	Exercise platform
MEXT	5	0.000585915507711	SRR17140478	non-PMA	F7_S3	F7_S3	F7	S3	Exercise platform
MPHD	1	0.000121168921322	SRR17140478	non-PMA	F7_S3	F7_S3	F7	S3	Exercise platform
CFXA2	17	0.00188661142919	SRR17140478	non-PMA	F7_S3	F7_S3	F7	S3	Exercise platform
VGAA	355	0.0242268205334	SRR17140478	non-PMA	F7_S3	F7_S3	F7	S3	Exercise platform
MSBA	6	0.000367254256379	SRR17140478	non-PMA	F7_S3	F7_S3	F7	S3	Exercise platform
ADEF	4	0.000134555855973	SRR17140478	non-PMA	F7_S3	F7_S3	F7	S3	Exercise platform
ADEA	1	0.000249116523558	SRR17140478	non-PMA	F7_S3	F7_S3	F7	S3	Exercise platform
ADEB	10	0.000343857749699	SRR17140478	non-PMA	F7_S3	F7_S3	F7	S3	Exercise platform
ADEL	3	0.000317124595271	SRR17140478	non-PMA	F7_S3	F7_S3	F7	S3	Exercise platform
MEXD	2	6.83099959133e-05	SRR17140478	non-PMA	F7_S3	F7_S3	F7	S3	Exercise platform
MEXE	7	0.000628125037989	SRR17140478	non-PMA	F7_S3	F7_S3	F7	S3	Exercise platform
ADEH	4	0.00029501998235	SRR17140478	non-PMA	F7_S3	F7_S3	F7	S3	Exercise platform
VGAE	1	6.79840894443e-05	SRR17140478	non-PMA	F7_S3	F7_S3	F7	S3	Exercise platform
ADEJ	8	0.000269366070842	SRR17140478	non-PMA	F7_S3	F7_S3	F7	S3	Exercise platform
ADEK	1	7.36026092331e-05	SRR17140478	non-PMA	F7_S3	F7_S3	F7	S3	Exercise platform
OQXB	4	0.000135709191881	SRR17140478	non-PMA	F7_S3	F7_S3	F7	S3	Exercise platform
DFRK	4	0.000874200315799	SRR17140478	non-PMA	F7_S3	F7_S3	F7	S3	Exercise platform
SMEF	1	7.51554068962e-05	SRR17140478	non-PMA	F7_S3	F7_S3	F7	S3	Exercise platform
SMEE	5	0.000171267609946	SRR17140478	non-PMA	F7_S3	F7_S3	F7	S3	Exercise platform
SMED	1	9.04153879919e-05	SRR17140478	non-PMA	F7_S3	F7_S3	F7	S3	Exercise platform
SMEB	8	0.00027167712388	SRR17140478	non-PMA	F7_S3	F7_S3	F7	S3	Exercise platform
RLMA(II)	101	0.012758829609	SRR17140478	non-PMA	F7_S3	F7_S3	F7	S3	Exercise platform
MACB	34	0.00188075238748	SRR17140478	non-PMA	F7_S3	F7_S3	F7	S3	Exercise platform
MACA	15	0.00144030981949	SRR17140478	non-PMA	F7_S3	F7_S3	F7	S3	Exercise platform
OMP36	1	9.49964343168e-05	SRR17140478	non-PMA	F7_S3	F7_S3	F7	S3	Exercise platform
ERM(44)	5	0.000709634718502	SRR17140478	non-PMA	F7_S3	F7_S3	F7	S3	Exercise platform
SMER	57	0.00886702525555	SRR17140478	non-PMA	F7_S3	F7_S3	F7	S3	Exercise platform
PBP-1B	124	0.00538043141989	SRR17140478	non-PMA	F7_S3	F7_S3	F7	S3	Exercise platform
CATB	1	0.000169636489851	SRR17140478	non-PMA	F7_S3	F7_S3	F7	S3	Exercise platform
PBP-1A	182	0.0090173944953	SRR17140478	non-PMA	F7_S3	F7_S3	F7	S3	Exercise platform
OPRM	6	0.000456713626523	SRR17140478	non-PMA	F7_S3	F7_S3	F7	S3	Exercise platform
RPHB	1	4.02982611638e-05	SRR17140478	non-PMA	F7_S3	F7_S3	F7	S3	Exercise platform
TETA(48)	77	0.00799714880728	SRR17140478	non-PMA	F7_S3	F7_S3	F7	S3	Exercise platform
ARLS	760	0.0600310061647	SRR17140478	non-PMA	F7_S3	F7_S3	F7	S3	Exercise platform
LSA	4	0.000286133838304	SRR17140478	non-PMA	F7_S3	F7_S3	F7	S3	Exercise platform
CATP	1	0.000165691455204	SRR17140478	non-PMA	F7_S3	F7_S3	F7	S3	Exercise platform
TRANSCRIPTIONAL_REGULATORY_PROTEIN_CPXR_CPXR	2	0.000307100541972	SRR17140478	non-PMA	F7_S3	F7_S3	F7	S3	Exercise platform
ACRD	2	6.87052321481e-05	SRR17140478	non-PMA	F7_S3	F7_S3	F7	S3	Exercise platform
TOLC	7	0.000503768969862	SRR17140478	non-PMA	F7_S3	F7_S3	F7	S3	Exercise platform
FUSC	29	0.00487304822262	SRR17140478	non-PMA	F7_S3	F7_S3	F7	S3	Exercise platform
BLAZ	3	0.000443446346089	SRR17140480	non-PMA	F7_S2	F7_S2	F7	S2	Waste compartment
LNUA	233	0.060111309767	SRR17140480	non-PMA	F7_S2	F7_S2	F7	S2	Waste compartment
LNUC	26	0.00658499797668	SRR17140480	non-PMA	F7_S2	F7_S2	F7	S2	Waste compartment
BACA	687	0.104525014375	SRR17140480	non-PMA	F7_S2	F7_S2	F7	S2	Waste compartment
ERM(TR)	113	0.019315160257	SRR17140480	non-PMA	F7_S2	F7_S2	F7	S2	Waste compartment
VATB	8	0.00156740155033	SRR17140480	non-PMA	F7_S2	F7_S2	F7	S2	Waste compartment
CHLORAMPHENICOL_EXPORTER	82	0.00717044961865	SRR17140480	non-PMA	F7_S2	F7_S2	F7	S2	Waste compartment
VGAA	1734	0.137976376703	SRR17140480	non-PMA	F7_S2	F7_S2	F7	S2	Waste compartment
EPTA	1	7.59344443942e-05	SRR17140480	non-PMA	F7_S2	F7_S2	F7	S2	Waste compartment
APH(3'')-I	9	0.00137435760939	SRR17140480	non-PMA	F7_S2	F7_S2	F7	S2	Waste compartment
RBPA	14	0.00510092960676	SRR17140480	non-PMA	F7_S2	F7_S2	F7	S2	Waste compartment
OMPR	1	0.000182176057384	SRR17140480	non-PMA	F7_S2	F7_S2	F7	S2	Waste compartment
MULTIDRUG_ABC_TRANSPORTER	710	0.0510219034073	SRR17140480	non-PMA	F7_S2	F7_S2	F7	S2	Waste compartment
TET44	9	0.000584101983989	SRR17140480	non-PMA	F7_S2	F7_S2	F7	S2	Waste compartment
TET40	306	0.0313055644621	SRR17140480	non-PMA	F7_S2	F7_S2	F7	S2	Waste compartment
LMRP	10	0.00102305766216	SRR17140480	non-PMA	F7_S2	F7_S2	F7	S2	Waste compartment
MDFA	1	0.00010130766118	SRR17140480	non-PMA	F7_S2	F7_S2	F7	S2	Waste compartment
PBP-2X	23	0.00127377499323	SRR17140480	non-PMA	F7_S2	F7_S2	F7	S2	Waste compartment
VANVB	28	0.0102018592135	SRR17140480	non-PMA	F7_S2	F7_S2	F7	S2	Waste compartment
LMRD	18	0.00112938147962	SRR17140480	non-PMA	F7_S2	F7_S2	F7	S2	Waste compartment
LMRC	11	0.000798771943916	SRR17140480	non-PMA	F7_S2	F7_S2	F7	S2	Waste compartment
MPHC	225	0.0312562934576	SRR17140480	non-PMA	F7_S2	F7_S2	F7	S2	Waste compartment
MPHA	2	0.000275987648396	SRR17140480	non-PMA	F7_S2	F7_S2	F7	S2	Waste compartment
MRX	2	0.000201631752833	SRR17140480	non-PMA	F7_S2	F7_S2	F7	S2	Waste compartment
MTRD	1	3.89279672762e-05	SRR17140480	non-PMA	F7_S2	F7_S2	F7	S2	Waste compartment
APH(6)-I	7	0.00109305634431	SRR17140480	non-PMA	F7_S2	F7_S2	F7	S2	Waste compartment
MDTK	1	8.7628989628e-05	SRR17140480	non-PMA	F7_S2	F7_S2	F7	S2	Waste compartment
VANRI	55	0.00984692999828	SRR17140480	non-PMA	F7_S2	F7_S2	F7	S2	Waste compartment
FMTC	310	0.0153288139713	SRR17140480	non-PMA	F7_S2	F7_S2	F7	S2	Waste compartment
CLASS_C	1	0.000106502925856	SRR17140480	non-PMA	F7_S2	F7_S2	F7	S2	Waste compartment
CLASS_A	200	0.0276907607224	SRR17140480	non-PMA	F7_S2	F7_S2	F7	S2	Waste compartment
MTRA	30	0.00546528172153	SRR17140480	non-PMA	F7_S2	F7_S2	F7	S2	Waste compartment
MEFA	87	0.00892257845501	SRR17140480	non-PMA	F7_S2	F7_S2	F7	S2	Waste compartment
MDSA	1	0.000101804267362	SRR17140480	non-PMA	F7_S2	F7_S2	F7	S2	Waste compartment
ROSA	1	0.00010130766118	SRR17140480	non-PMA	F7_S2	F7_S2	F7	S2	Waste compartment
AMRB	3	0.000119242510288	SRR17140480	non-PMA	F7_S2	F7_S2	F7	S2	Waste compartment
MSRA	420	0.0357483181458	SRR17140480	non-PMA	F7_S2	F7_S2	F7	S2	Waste compartment
NORB	8	0.000713066799719	SRR17140480	non-PMA	F7_S2	F7_S2	F7	S2	Waste compartment
NORA	510	0.0545964741048	SRR17140480	non-PMA	F7_S2	F7_S2	F7	S2	Waste compartment
POXTA	2	0.000153269893298	SRR17140480	non-PMA	F7_S2	F7_S2	F7	S2	Waste compartment
APH(2'')-II	12	0.00166700231774	SRR17140480	non-PMA	F7_S2	F7_S2	F7	S2	Waste compartment
TETO	536	0.0348409571531	SRR17140480	non-PMA	F7_S2	F7_S2	F7	S2	Waste compartment
APH(2'')-IF	30	0.00419556980643	SRR17140480	non-PMA	F7_S2	F7_S2	F7	S2	Waste compartment
VANSD	20	0.0035653339986	SRR17140480	non-PMA	F7_S2	F7_S2	F7	S2	Waste compartment
METALLO-BETA-LACTAMASE	3	0.000429684218107	SRR17140480	non-PMA	F7_S2	F7_S2	F7	S2	Waste compartment
APH(3''')-III	26	0.00409068056127	SRR17140480	non-PMA	F7_S2	F7_S2	F7	S2	Waste compartment
MAJOR_FACILITATOR_SUPERFAMILY_TRANSPORTER	504	0.0538154629978	SRR17140480	non-PMA	F7_S2	F7_S2	F7	S2	Waste compartment
CEOB	4	0.000161776596236	SRR17140480	non-PMA	F7_S2	F7_S2	F7	S2	Waste compartment
CAMP-REGULATORY_PROTEIN	1	0.000254822951433	SRR17140480	non-PMA	F7_S2	F7_S2	F7	S2	Waste compartment
STAPHYLOCOCCUS_MUPA_CONFERRING_RESISTANCE_TO_MUPIROCIN	8	0.000324501102216	SRR17140480	non-PMA	F7_S2	F7_S2	F7	S2	Waste compartment
AAC(6')-IE-APH(2'')-IA	48	0.00416228553657	SRR17140480	non-PMA	F7_S2	F7_S2	F7	S2	Waste compartment
VANR	362	0.0656597514073	SRR17140480	non-PMA	F7_S2	F7_S2	F7	S2	Waste compartment
TET(W/N/W)	9	0.000585016071601	SRR17140480	non-PMA	F7_S2	F7_S2	F7	S2	Waste compartment
ROSB	7	0.000535456699053	SRR17140480	non-PMA	F7_S2	F7_S2	F7	S2	Waste compartment
APH(3')-IIB	1	0.000154985601058	SRR17140480	non-PMA	F7_S2	F7_S2	F7	S2	Waste compartment
DFRC	185	0.0477278639781	SRR17140480	non-PMA	F7_S2	F7_S2	F7	S2	Waste compartment
DFRE	1	0.000253269152949	SRR17140480	non-PMA	F7_S2	F7_S2	F7	S2	Waste compartment
DFRF	132	0.0334315281893	SRR17140480	non-PMA	F7_S2	F7_S2	F7	S2	Waste compartment
LSA	34	0.00283580079688	SRR17140480	non-PMA	F7_S2	F7_S2	F7	S2	Waste compartment
LSAC	15	0.00126634576475	SRR17140480	non-PMA	F7_S2	F7_S2	F7	S2	Waste compartment
LSAE	25	0.00210203143136	SRR17140480	non-PMA	F7_S2	F7_S2	F7	S2	Waste compartment
UGD	371	0.0397162586135	SRR17140480	non-PMA	F7_S2	F7_S2	F7	S2	Waste compartment
MDTB	1	3.99385971958e-05	SRR17140480	non-PMA	F7_S2	F7_S2	F7	S2	Waste compartment
MDTG	6	0.000619942404234	SRR17140480	non-PMA	F7_S2	F7_S2	F7	S2	Waste compartment
VANX	11	0.00226186906891	SRR17140480	non-PMA	F7_S2	F7_S2	F7	S2	Waste compartment
LLMA_23S_RIBOSOMAL_RNA_METHYLTRANSFERASE	55	0.00795988766411	SRR17140480	non-PMA	F7_S2	F7_S2	F7	S2	Waste compartment
MSBA	2	0.000142735880013	SRR17140480	non-PMA	F7_S2	F7_S2	F7	S2	Waste compartment
TETB(60)	8	0.000573901776631	SRR17140480	non-PMA	F7_S2	F7_S2	F7	S2	Waste compartment
VANS	113	0.0105001877907	SRR17140480	non-PMA	F7_S2	F7_S2	F7	S2	Waste compartment
MECR1	13	0.00164624949417	SRR17140480	non-PMA	F7_S2	F7_S2	F7	S2	Waste compartment
VANU	60	0.0332289128669	SRR17140480	non-PMA	F7_S2	F7_S2	F7	S2	Waste compartment
VANY	13	0.00165128389629	SRR17140480	non-PMA	F7_S2	F7_S2	F7	S2	Waste compartment
SMEC	6	0.000529122816352	SRR17140480	non-PMA	F7_S2	F7_S2	F7	S2	Waste compartment
VANA	1	0.000122165120834	SRR17140480	non-PMA	F7_S2	F7_S2	F7	S2	Waste compartment
BCRA	43	0.00578011024789	SRR17140480	non-PMA	F7_S2	F7_S2	F7	S2	Waste compartment
VANB	1	0.000121450704923	SRR17140480	non-PMA	F7_S2	F7_S2	F7	S2	Waste compartment
VANE	1	0.000215213166237	SRR17140480	non-PMA	F7_S2	F7_S2	F7	S2	Waste compartment
VAND	21	0.00254302904594	SRR17140480	non-PMA	F7_S2	F7_S2	F7	S2	Waste compartment
VANG	14	0.00228939360304	SRR17140480	non-PMA	F7_S2	F7_S2	F7	S2	Waste compartment
APH(3')-I	53	0.00812330434477	SRR17140480	non-PMA	F7_S2	F7_S2	F7	S2	Waste compartment
BLEOMYCIN_RESISTANCE_PROTEIN	8	0.0036118383551	SRR17140480	non-PMA	F7_S2	F7_S2	F7	S2	Waste compartment
EFRB	93	0.010670887074	SRR17140480	non-PMA	F7_S2	F7_S2	F7	S2	Waste compartment
EFRA	8	0.00068513222406	SRR17140480	non-PMA	F7_S2	F7_S2	F7	S2	Waste compartment
TETA(60)	1	7.17377220788e-05	SRR17140480	non-PMA	F7_S2	F7_S2	F7	S2	Waste compartment
BAER	1	0.000173067254515	SRR17140480	non-PMA	F7_S2	F7_S2	F7	S2	Waste compartment
EMRB-QACA_FAMILY_MAJOR_FACILITATOR_TRANSPORTER	379	0.0327280612697	SRR17140480	non-PMA	F7_S2	F7_S2	F7	S2	Waste compartment
DFRA12	1	0.000251734188386	SRR17140480	non-PMA	F7_S2	F7_S2	F7	S2	Waste compartment
BIFUNCTIONAL_AMINOGLYCOSIDE_N-ACETYLTRANSFERASE_AND_AMINOGLYCOSIDE_PHOSPHOTRANSFERASE	86	0.00727516931404	SRR17140480	non-PMA	F7_S2	F7_S2	F7	S2	Waste compartment
EMRB	4	0.000324501102216	SRR17140480	non-PMA	F7_S2	F7_S2	F7	S2	Waste compartment
ERM(33)	1	0.000170930621743	SRR17140480	non-PMA	F7_S2	F7_S2	F7	S2	Waste compartment
ABCA	2	5.72123155422e-05	SRR17140480	non-PMA	F7_S2	F7_S2	F7	S2	Waste compartment
ERMB	242	0.0410275352745	SRR17140480	non-PMA	F7_S2	F7_S2	F7	S2	Waste compartment
ERMC	176	0.0299604952079	SRR17140480	non-PMA	F7_S2	F7_S2	F7	S2	Waste compartment
FOSB	72	0.021515123439	SRR17140480	non-PMA	F7_S2	F7_S2	F7	S2	Waste compartment
ERMA	7	0.0010130766118	SRR17140480	non-PMA	F7_S2	F7_S2	F7	S2	Waste compartment
ERMF	21	0.00327916903292	SRR17140480	non-PMA	F7_S2	F7_S2	F7	S2	Waste compartment
ERMG	5	0.000851150432042	SRR17140480	non-PMA	F7_S2	F7_S2	F7	S2	Waste compartment
ERMX	170	0.0279096600167	SRR17140480	non-PMA	F7_S2	F7_S2	F7	S2	Waste compartment
VANH	9	0.00115735377632	SRR17140480	non-PMA	F7_S2	F7_S2	F7	S2	Waste compartment
ESCHERICHIA_COLI_LAMB	3	0.000279391083522	SRR17140480	non-PMA	F7_S2	F7_S2	F7	S2	Waste compartment
TETX	18	0.00193691849613	SRR17140480	non-PMA	F7_S2	F7_S2	F7	S2	Waste compartment
MECI	1	0.000337692203932	SRR17140480	non-PMA	F7_S2	F7_S2	F7	S2	Waste compartment
TEM	1	0.000147815448696	SRR17140480	non-PMA	F7_S2	F7_S2	F7	S2	Waste compartment
TETQ	349	0.0220640992971	SRR17140480	non-PMA	F7_S2	F7_S2	F7	S2	Waste compartment
MECA	23	0.0014301365942	SRR17140480	non-PMA	F7_S2	F7_S2	F7	S2	Waste compartment
TETT	1	6.38035961346e-05	SRR17140480	non-PMA	F7_S2	F7_S2	F7	S2	Waste compartment
TETW	985	0.0640267589474	SRR17140480	non-PMA	F7_S2	F7_S2	F7	S2	Waste compartment
OXA	1	0.000150493264796	SRR17140480	non-PMA	F7_S2	F7_S2	F7	S2	Waste compartment
QACH	1	0.000377601282579	SRR17140480	non-PMA	F7_S2	F7_S2	F7	S2	Waste compartment
TETM	1870	0.121553339321	SRR17140480	non-PMA	F7_S2	F7_S2	F7	S2	Waste compartment
TETL	44	0.00399037163249	SRR17140480	non-PMA	F7_S2	F7_S2	F7	S2	Waste compartment
PENA	3	0.000200013520467	SRR17140480	non-PMA	F7_S2	F7_S2	F7	S2	Waste compartment
TETA	26	0.00257128492423	SRR17140480	non-PMA	F7_S2	F7_S2	F7	S2	Waste compartment
QACB	338	0.0273136491951	SRR17140480	non-PMA	F7_S2	F7_S2	F7	S2	Waste compartment
QACA	44	0.00355562297214	SRR17140480	non-PMA	F7_S2	F7_S2	F7	S2	Waste compartment
TETB	54	0.00498433693004	SRR17140480	non-PMA	F7_S2	F7_S2	F7	S2	Waste compartment
QACG	3	0.00116456470328	SRR17140480	non-PMA	F7_S2	F7_S2	F7	S2	Waste compartment
AADA	3	0.000473796286125	SRR17140480	non-PMA	F7_S2	F7_S2	F7	S2	Waste compartment
TRIC	5	0.000204611532432	SRR17140480	non-PMA	F7_S2	F7_S2	F7	S2	Waste compartment
CAT_CHLORAMPHENICOL_ACETYLTRANSFERASE	14	0.00270467895428	SRR17140480	non-PMA	F7_S2	F7_S2	F7	S2	Waste compartment
AADD	2	0.000328348941373	SRR17140480	non-PMA	F7_S2	F7_S2	F7	S2	Waste compartment
AADE	255	0.0446907847103	SRR17140480	non-PMA	F7_S2	F7_S2	F7	S2	Waste compartment
KASUGAMYCIN_RESISTANCE_PROTEIN_KSGA	4	0.000608588147746	SRR17140480	non-PMA	F7_S2	F7_S2	F7	S2	Waste compartment
FUSD	2	0.0003900107144	SRR17140480	non-PMA	F7_S2	F7_S2	F7	S2	Waste compartment
TAEA	15	0.000961484747307	SRR17140480	non-PMA	F7_S2	F7_S2	F7	S2	Waste compartment
FUSB	8	0.0015600428576	SRR17140480	non-PMA	F7_S2	F7_S2	F7	S2	Waste compartment
FUSC	2	0.000391850387582	SRR17140480	non-PMA	F7_S2	F7_S2	F7	S2	Waste compartment
TRUNCATED_PUTATIVE_RESPONSE_REGULATOR_ARLR	274	0.0519675920407	SRR17140480	non-PMA	F7_S2	F7_S2	F7	S2	Waste compartment
TET37	3	0.00115378169677	SRR17140480	non-PMA	F7_S2	F7_S2	F7	S2	Waste compartment
TET35	5	0.000562820339887	SRR17140480	non-PMA	F7_S2	F7_S2	F7	S2	Waste compartment
SAT-4	11	0.00253831973289	SRR17140480	non-PMA	F7_S2	F7_S2	F7	S2	Waste compartment
TETA(46)	6	0.00043417569077	SRR17140480	non-PMA	F7_S2	F7_S2	F7	S2	Waste compartment
TETB(46)	1	7.18618357849e-05	SRR17140480	non-PMA	F7_S2	F7_S2	F7	S2	Waste compartment
MARA	1	0.000327056229005	SRR17140480	non-PMA	F7_S2	F7_S2	F7	S2	Waste compartment
MEL	28	0.00238811488777	SRR17140480	non-PMA	F7_S2	F7_S2	F7	S2	Waste compartment
RPOB2	2811	0.100480286219	SRR17140480	non-PMA	F7_S2	F7_S2	F7	S2	Waste compartment
TET(K)	29	0.00262428778088	SRR17140480	non-PMA	F7_S2	F7_S2	F7	S2	Waste compartment
MARR	237	0.066966431543	SRR17140480	non-PMA	F7_S2	F7_S2	F7	S2	Waste compartment
MUXB	1	3.98237210773e-05	SRR17140480	non-PMA	F7_S2	F7_S2	F7	S2	Waste compartment
OPRM	2	0.000177504876426	SRR17140480	non-PMA	F7_S2	F7_S2	F7	S2	Waste compartment
PATA	2	0.000180985364199	SRR17140480	non-PMA	F7_S2	F7_S2	F7	S2	Waste compartment
PATB	4	0.000428207640038	SRR17140480	non-PMA	F7_S2	F7_S2	F7	S2	Waste compartment
AAC(6')-IB8	2	0.000369210142966	SRR17140480	non-PMA	F7_S2	F7_S2	F7	S2	Waste compartment
DNA-BINDING_TRANSCRIPTIONAL_REGULATOR_GADX	1	0.00015159175578	SRR17140480	non-PMA	F7_S2	F7_S2	F7	S2	Waste compartment
CMEB	1	3.99385971958e-05	SRR17140480	non-PMA	F7_S2	F7_S2	F7	S2	Waste compartment
MSRE	9	0.000761354928214	SRR17140480	non-PMA	F7_S2	F7_S2	F7	S2	Waste compartment
ADER	1	0.000168162514509	SRR17140480	non-PMA	F7_S2	F7_S2	F7	S2	Waste compartment
MEPA	67	0.0131892011972	SRR17140480	non-PMA	F7_S2	F7_S2	F7	S2	Waste compartment
MEXT	1	0.000136632043038	SRR17140480	non-PMA	F7_S2	F7_S2	F7	S2	Waste compartment
RLMA(II)	9	0.00132562152395	SRR17140480	non-PMA	F7_S2	F7_S2	F7	S2	Waste compartment
CFXA2	9	0.00116456470328	SRR17140480	non-PMA	F7_S2	F7_S2	F7	S2	Waste compartment
TET(40)	50	0.00511528831079	SRR17140480	non-PMA	F7_S2	F7_S2	F7	S2	Waste compartment
MEXK	5	0.000202615322359	SRR17140480	non-PMA	F7_S2	F7_S2	F7	S2	Waste compartment
TET32	328	0.0213205857206	SRR17140480	non-PMA	F7_S2	F7_S2	F7	S2	Waste compartment
MEXF	6	0.000234667463749	SRR17140480	non-PMA	F7_S2	F7_S2	F7	S2	Waste compartment
TRANSCRIPTIONAL_REGULATORY_PROTEIN_CPXR_CPXR	2	0.000358070181756	SRR17140480	non-PMA	F7_S2	F7_S2	F7	S2	Waste compartment
MEXE	12	0.00125550048616	SRR17140480	non-PMA	F7_S2	F7_S2	F7	S2	Waste compartment
MEXB	3	0.000119128511712	SRR17140480	non-PMA	F7_S2	F7_S2	F7	S2	Waste compartment
ADEJ	3	0.000117777337666	SRR17140480	non-PMA	F7_S2	F7_S2	F7	S2	Waste compartment
ADEK	5	0.000429092366567	SRR17140480	non-PMA	F7_S2	F7_S2	F7	S2	Waste compartment
OQXB	12	0.000474698755242	SRR17140480	non-PMA	F7_S2	F7_S2	F7	S2	Waste compartment
SMEF	2	0.000175257979256	SRR17140480	non-PMA	F7_S2	F7_S2	F7	S2	Waste compartment
SMEE	16	0.000639017555133	SRR17140480	non-PMA	F7_S2	F7_S2	F7	S2	Waste compartment
SMED	4	0.000421686711509	SRR17140480	non-PMA	F7_S2	F7_S2	F7	S2	Waste compartment
AAC(6')-I	11	0.00249670793399	SRR17140480	non-PMA	F7_S2	F7_S2	F7	S2	Waste compartment
SMEB	23	0.000910706620519	SRR17140480	non-PMA	F7_S2	F7_S2	F7	S2	Waste compartment
MACB	126	0.00812663629898	SRR17140480	non-PMA	F7_S2	F7_S2	F7	S2	Waste compartment
MACA	2	0.00022391450719	SRR17140480	non-PMA	F7_S2	F7_S2	F7	S2	Waste compartment
SMES	6	0.000533654917563	SRR17140480	non-PMA	F7_S2	F7_S2	F7	S2	Waste compartment
SMER	10	0.0018138052875	SRR17140480	non-PMA	F7_S2	F7_S2	F7	S2	Waste compartment
PBP-1B	12	0.000607105594402	SRR17140480	non-PMA	F7_S2	F7_S2	F7	S2	Waste compartment
PBP-1A	24	0.00138646368012	SRR17140480	non-PMA	F7_S2	F7_S2	F7	S2	Waste compartment
ADP-RIBOSYLATING_TRANSFERASE_ARR	1	0.000276907607224	SRR17140480	non-PMA	F7_S2	F7_S2	F7	S2	Waste compartment
RPHB	2	9.39731698725e-05	SRR17140480	non-PMA	F7_S2	F7_S2	F7	S2	Waste compartment
ARLS	122	0.0112359406036	SRR17140480	non-PMA	F7_S2	F7_S2	F7	S2	Waste compartment
ACRB	19	0.000757376852773	SRR17140480	non-PMA	F7_S2	F7_S2	F7	S2	Waste compartment
CATQ	2	0.000379325489348	SRR17140480	non-PMA	F7_S2	F7_S2	F7	S2	Waste compartment
CATS	1	0.000253269152949	SRR17140480	non-PMA	F7_S2	F7_S2	F7	S2	Waste compartment
ACRF	1	4.01703492105e-05	SRR17140480	non-PMA	F7_S2	F7_S2	F7	S2	Waste compartment
CFRC	1	0.000120744596173	SRR17140480	non-PMA	F7_S2	F7_S2	F7	S2	Waste compartment
LNUG	4	0.0015558186613	SRR17140483	non-PMA	F7_S1	F7_S1	F7	S1	Cupola
BLAZ	21	0.00776109896253	SRR17140483	non-PMA	F7_S1	F7_S1	F7	S1	Cupola
LNUA	129	0.0832097238369	SRR17140483	non-PMA	F7_S1	F7_S1	F7	S1	Cupola
OMPR	4	0.00182194553757	SRR17140483	non-PMA	F7_S1	F7_S1	F7	S1	Cupola
BACA	933	0.354918994994	SRR17140483	non-PMA	F7_S1	F7_S1	F7	S1	Cupola
ERM(TR)	17	0.00726528899549	SRR17140483	non-PMA	F7_S1	F7_S1	F7	S1	Cupola
MEPA	233	0.114678951111	SRR17140483	non-PMA	F7_S1	F7_S1	F7	S1	Cupola
CHLORAMPHENICOL_EXPORTER	163	0.0356372547149	SRR17140483	non-PMA	F7_S1	F7_S1	F7	S1	Cupola
BPEF	1	9.78802032436e-05	SRR17140483	non-PMA	F7_S1	F7_S1	F7	S1	Cupola
ABCA	225	0.0160925974651	SRR17140483	non-PMA	F7_S1	F7_S1	F7	S1	Cupola
RBPA	19	0.0173084826069	SRR17140483	non-PMA	F7_S1	F7_S1	F7	S1	Cupola
MULTIDRUG_ABC_TRANSPORTER	1174	0.21093590222	SRR17140483	non-PMA	F7_S1	F7_S1	F7	S1	Cupola
LMRP	1	0.000255790383353	SRR17140483	non-PMA	F7_S1	F7_S1	F7	S1	Cupola
ERMB	3	0.0012716436201	SRR17140483	non-PMA	F7_S1	F7_S1	F7	S1	Cupola
PBP-2X	54	0.00747726448618	SRR17140483	non-PMA	F7_S1	F7_S1	F7	S1	Cupola
MEXJ	3	0.000848917403064	SRR17140483	non-PMA	F7_S1	F7_S1	F7	S1	Cupola
LMRD	29	0.00454935947674	SRR17140483	non-PMA	F7_S1	F7_S1	F7	S1	Cupola
LMRC	17	0.00308647766767	SRR17140483	non-PMA	F7_S1	F7_S1	F7	S1	Cupola
RAMA	1	0.000837507222915	SRR17140483	non-PMA	F7_S1	F7_S1	F7	S1	Cupola
MPHC	477	0.165675174652	SRR17140483	non-PMA	F7_S1	F7_S1	F7	S1	Cupola
MPHA	1	0.000345019586849	SRR17140483	non-PMA	F7_S1	F7_S1	F7	S1	Cupola
AXYY	1	9.93788475038e-05	SRR17140483	non-PMA	F7_S1	F7_S1	F7	S1	Cupola
MTRD	20	0.00194659598203	SRR17140483	non-PMA	F7_S1	F7_S1	F7	S1	Cupola
APH(6)-I	24	0.00937000562179	SRR17140483	non-PMA	F7_S1	F7_S1	F7	S1	Cupola
TOLC	5	0.00104899894587	SRR17140483	non-PMA	F7_S1	F7_S1	F7	S1	Cupola
FMTC	585	0.0723247308932	SRR17140483	non-PMA	F7_S1	F7_S1	F7	S1	Cupola
MEXD	1	9.95694109698e-05	SRR17140483	non-PMA	F7_S1	F7_S1	F7	S1	Cupola
MTRE	2	0.000444757583047	SRR17140483	non-PMA	F7_S1	F7_S1	F7	S1	Cupola
MEFE	4	0.00103077812051	SRR17140483	non-PMA	F7_S1	F7_S1	F7	S1	Cupola
CLASS_A	289	0.100043029468	SRR17140483	non-PMA	F7_S1	F7_S1	F7	S1	Cupola
MTRA	56	0.025507237526	SRR17140483	non-PMA	F7_S1	F7_S1	F7	S1	Cupola
MEFA	35	0.00897476875914	SRR17140483	non-PMA	F7_S1	F7_S1	F7	S1	Cupola
MTRC	4	0.00100826112273	SRR17140483	non-PMA	F7_S1	F7_S1	F7	S1	Cupola
MEXB	6	0.000595703034272	SRR17140483	non-PMA	F7_S1	F7_S1	F7	S1	Cupola
ROSA	1	0.000253294867418	SRR17140483	non-PMA	F7_S1	F7_S1	F7	S1	Cupola
AMRB	1	9.93788475038e-05	SRR17140483	non-PMA	F7_S1	F7_S1	F7	S1	Cupola
MSRA	1001	0.213022021592	SRR17140483	non-PMA	F7_S1	F7_S1	F7	S1	Cupola
NORB	30	0.00668567997692	SRR17140483	non-PMA	F7_S1	F7_S1	F7	S1	Cupola
NORA	974	0.260697866894	SRR17140483	non-PMA	F7_S1	F7_S1	F7	S1	Cupola
AAD(9)	4	0.00159770608679	SRR17140483	non-PMA	F7_S1	F7_S1	F7	S1	Cupola
MTRR	1	0.00057694942023	SRR17140483	non-PMA	F7_S1	F7_S1	F7	S1	Cupola
TETO	1	0.000162520963445	SRR17140483	non-PMA	F7_S1	F7_S1	F7	S1	Cupola
APH(2'')-IF	1	0.000349666315291	SRR17140483	non-PMA	F7_S1	F7_S1	F7	S1	Cupola
APH(3''')-III	1	0.000393374604702	SRR17140483	non-PMA	F7_S1	F7_S1	F7	S1	Cupola
MAJOR_FACILITATOR_SUPERFAMILY_TRANSPORTER	1152	0.307548153673	SRR17140483	non-PMA	F7_S1	F7_S1	F7	S1	Cupola
CEOB	2	0.000202241276809	SRR17140483	non-PMA	F7_S1	F7_S1	F7	S1	Cupola
ADC-23	1	0.000271151163555	SRR17140483	non-PMA	F7_S1	F7_S1	F7	S1	Cupola
CAMP-REGULATORY_PROTEIN	2	0.0012742441183	SRR17140483	non-PMA	F7_S1	F7_S1	F7	S1	Cupola
STAPHYLOCOCCUS_MUPA_CONFERRING_RESISTANCE_TO_MUPIROCIN	28	0.0028396729277	SRR17140483	non-PMA	F7_S1	F7_S1	F7	S1	Cupola
AAC(6')-IE-APH(2'')-IA	8	0.00173446172261	SRR17140483	non-PMA	F7_S1	F7_S1	F7	S1	Cupola
VANR	3	0.00136049208264	SRR17140483	non-PMA	F7_S1	F7_S1	F7	S1	Cupola
ROSB	2	0.000382507902915	SRR17140483	non-PMA	F7_S1	F7_S1	F7	S1	Cupola
DFRC	269	0.173514850482	SRR17140483	non-PMA	F7_S1	F7_S1	F7	S1	Cupola
MEXY	1	9.93788475038e-05	SRR17140483	non-PMA	F7_S1	F7_S1	F7	S1	Cupola
DFRG	4	0.0025175974701	SRR17140483	non-PMA	F7_S1	F7_S1	F7	S1	Cupola
LSAC	12	0.00253294867418	SRR17140483	non-PMA	F7_S1	F7_S1	F7	S1	Cupola
UGD	81	0.0216802127499	SRR17140483	non-PMA	F7_S1	F7_S1	F7	S1	Cupola
MDTB	1	9.98566304245e-05	SRR17140483	non-PMA	F7_S1	F7_S1	F7	S1	Cupola
MDTG	31	0.00800840240021	SRR17140483	non-PMA	F7_S1	F7_S1	F7	S1	Cupola
MDTF	1	0.000100145511708	SRR17140483	non-PMA	F7_S1	F7_S1	F7	S1	Cupola
MDTE	3	0.000809227758245	SRR17140483	non-PMA	F7_S1	F7_S1	F7	S1	Cupola
MDTK	19	0.00416279961432	SRR17140483	non-PMA	F7_S1	F7_S1	F7	S1	Cupola
MDTH	1	0.000258335561297	SRR17140483	non-PMA	F7_S1	F7_S1	F7	S1	Cupola
CPXA	4	0.000908979392923	SRR17140483	non-PMA	F7_S1	F7_S1	F7	S1	Cupola
MDTN	1	0.0003027722905	SRR17140483	non-PMA	F7_S1	F7_S1	F7	S1	Cupola
TETB(60)	1	0.000179362514061	SRR17140483	non-PMA	F7_S1	F7_S1	F7	S1	Cupola
VANS	19	0.00441424388633	SRR17140483	non-PMA	F7_S1	F7_S1	F7	S1	Cupola
MECR1	22	0.006965608854	SRR17140483	non-PMA	F7_S1	F7_S1	F7	S1	Cupola
OPMH	3	0.000646374869138	SRR17140483	non-PMA	F7_S1	F7_S1	F7	S1	Cupola
TETC	1	0.000527161906809	SRR17140483	non-PMA	F7_S1	F7_S1	F7	S1	Cupola
BCRA	1	0.000336087040911	SRR17140483	non-PMA	F7_S1	F7_S1	F7	S1	Cupola
APH(3')-I	31	0.0118796227487	SRR17140483	non-PMA	F7_S1	F7_S1	F7	S1	Cupola
BLEOMYCIN_RESISTANCE_PROTEIN	3	0.00338644224918	SRR17140483	non-PMA	F7_S1	F7_S1	F7	S1	Cupola
EFRB	8	0.00229504741749	SRR17140483	non-PMA	F7_S1	F7_S1	F7	S1	Cupola
EFRA	7	0.00149887890617	SRR17140483	non-PMA	F7_S1	F7_S1	F7	S1	Cupola
VANA	1	0.00030544381071	SRR17140483	non-PMA	F7_S1	F7_S1	F7	S1	Cupola
TETA(60)	4	0.000717450056245	SRR17140483	non-PMA	F7_S1	F7_S1	F7	S1	Cupola
BAER	1	0.000432712065173	SRR17140483	non-PMA	F7_S1	F7_S1	F7	S1	Cupola
EMRB-QACA_FAMILY_MAJOR_FACILITATOR_TRANSPORTER	663	0.143145829127	SRR17140483	non-PMA	F7_S1	F7_S1	F7	S1	Cupola
MUXC	1	0.00010024217726	SRR17140483	non-PMA	F7_S1	F7_S1	F7	S1	Cupola
BIFUNCTIONAL_AMINOGLYCOSIDE_N-ACETYLTRANSFERASE_AND_AMINOGLYCOSIDE_PHOSPHOTRANSFERASE	20	0.00423017904853	SRR17140483	non-PMA	F7_S1	F7_S1	F7	S1	Cupola
STREPTOMYCIN_RESISTANCE_PROTEIN	1	0.000368265587381	SRR17140483	non-PMA	F7_S1	F7_S1	F7	S1	Cupola
EMRK	1	0.000268348567549	SRR17140483	non-PMA	F7_S1	F7_S1	F7	S1	Cupola
RPSD_(RAMA_OR_SUD2)	1	0.000379017867305	SRR17140483	non-PMA	F7_S1	F7_S1	F7	S1	Cupola
EMRA	1	0.000266284347799	SRR17140483	non-PMA	F7_S1	F7_S1	F7	S1	Cupola
EMRB	8	0.0016226702444	SRR17140483	non-PMA	F7_S1	F7_S1	F7	S1	Cupola
EMRD	1	0.000263580953405	SRR17140483	non-PMA	F7_S1	F7_S1	F7	S1	Cupola
APH(3'')-I	17	0.00649068097759	SRR17140483	non-PMA	F7_S1	F7_S1	F7	S1	Cupola
MDFA	4	0.00101317946967	SRR17140483	non-PMA	F7_S1	F7_S1	F7	S1	Cupola
ERMC	55	0.0234090133618	SRR17140483	non-PMA	F7_S1	F7_S1	F7	S1	Cupola
FOSB	73	0.0545403984304	SRR17140483	non-PMA	F7_S1	F7_S1	F7	S1	Cupola
ERMA	3	0.00108554943179	SRR17140483	non-PMA	F7_S1	F7_S1	F7	S1	Cupola
ERMF	4	0.00156166760363	SRR17140483	non-PMA	F7_S1	F7_S1	F7	S1	Cupola
HMRM	2	0.000447633170868	SRR17140483	non-PMA	F7_S1	F7_S1	F7	S1	Cupola
ERMX	269	0.110418541216	SRR17140483	non-PMA	F7_S1	F7_S1	F7	S1	Cupola
TETW	7	0.00113764674412	SRR17140483	non-PMA	F7_S1	F7_S1	F7	S1	Cupola
ADC-42	1	0.000271151163555	SRR17140483	non-PMA	F7_S1	F7_S1	F7	S1	Cupola
ESCHERICHIA_COLI_LAMB	1	0.000232849541797	SRR17140483	non-PMA	F7_S1	F7_S1	F7	S1	Cupola
TETX	2	0.000538087542184	SRR17140483	non-PMA	F7_S1	F7_S1	F7	S1	Cupola
MECI	11	0.009287478472	SRR17140483	non-PMA	F7_S1	F7_S1	F7	S1	Cupola
TEM	1	0.000369576141073	SRR17140483	non-PMA	F7_S1	F7_S1	F7	S1	Cupola
TETQ	12	0.00189682001172	SRR17140483	non-PMA	F7_S1	F7_S1	F7	S1	Cupola
MECA	48	0.00746233980657	SRR17140483	non-PMA	F7_S1	F7_S1	F7	S1	Cupola
SUL1	2	0.000733928591106	SRR17140483	non-PMA	F7_S1	F7_S1	F7	S1	Cupola
SUL2	1	0.000383213637053	SRR17140483	non-PMA	F7_S1	F7_S1	F7	S1	Cupola
OXA	4	0.00150508544408	SRR17140483	non-PMA	F7_S1	F7_S1	F7	S1	Cupola
TETM	72	0.0117015093681	SRR17140483	non-PMA	F7_S1	F7_S1	F7	S1	Cupola
TETL	8	0.00181398944352	SRR17140483	non-PMA	F7_S1	F7_S1	F7	S1	Cupola
PENA	15	0.00250042284851	SRR17140483	non-PMA	F7_S1	F7_S1	F7	S1	Cupola
TETA	50	0.0123632018621	SRR17140483	non-PMA	F7_S1	F7_S1	F7	S1	Cupola
QACB	1123	0.226896022968	SRR17140483	non-PMA	F7_S1	F7_S1	F7	S1	Cupola
QACA	289	0.0583908732303	SRR17140483	non-PMA	F7_S1	F7_S1	F7	S1	Cupola
TETB	98	0.022616417273	SRR17140483	non-PMA	F7_S1	F7_S1	F7	S1	Cupola
QACG	37	0.0359110573713	SRR17140483	non-PMA	F7_S1	F7_S1	F7	S1	Cupola
SDIA	1	0.000432712065173	SRR17140483	non-PMA	F7_S1	F7_S1	F7	S1	Cupola
TRIC	5	0.000511580766707	SRR17140483	non-PMA	F7_S1	F7_S1	F7	S1	Cupola
CAT_CHLORAMPHENICOL_ACETYLTRANSFERASE	111	0.0536160437963	SRR17140483	non-PMA	F7_S1	F7_S1	F7	S1	Cupola
AADD	19	0.00779907911932	SRR17140483	non-PMA	F7_S1	F7_S1	F7	S1	Cupola
RLMA(II)	27	0.00994317085929	SRR17140483	non-PMA	F7_S1	F7_S1	F7	S1	Cupola
KASUGAMYCIN_RESISTANCE_PROTEIN_KSGA	4	0.00152162484456	SRR17140483	non-PMA	F7_S1	F7_S1	F7	S1	Cupola
FUSD	1	0.000487562890335	SRR17140483	non-PMA	F7_S1	F7_S1	F7	S1	Cupola
TAEA	3	0.000480791183525	SRR17140483	non-PMA	F7_S1	F7_S1	F7	S1	Cupola
FUSB	29	0.0141393238197	SRR17140483	non-PMA	F7_S1	F7_S1	F7	S1	Cupola
FUSC	3	0.00146958814587	SRR17140483	non-PMA	F7_S1	F7_S1	F7	S1	Cupola
TRUNCATED_PUTATIVE_RESPONSE_REGULATOR_ARLR	490	0.232360451435	SRR17140483	non-PMA	F7_S1	F7_S1	F7	S1	Cupola
TET37	2	0.0019231647341	SRR17140483	non-PMA	F7_S1	F7_S1	F7	S1	Cupola
SAT-4	3	0.00173084826069	SRR17140483	non-PMA	F7_S1	F7_S1	F7	S1	Cupola
TETA(46)	4	0.000723699621195	SRR17140483	non-PMA	F7_S1	F7_S1	F7	S1	Cupola
TETB(46)	6	0.00107803697898	SRR17140483	non-PMA	F7_S1	F7_S1	F7	S1	Cupola
MARA	2	0.00163544717546	SRR17140483	non-PMA	F7_S1	F7_S1	F7	S1	Cupola
MEL	50	0.0106623096141	SRR17140483	non-PMA	F7_S1	F7_S1	F7	S1	Cupola
RPOB2	2228	0.199122027099	SRR17140483	non-PMA	F7_S1	F7_S1	F7	S1	Cupola
ARNA	2	0.00031374892943	SRR17140483	non-PMA	F7_S1	F7_S1	F7	S1	Cupola
TET(K)	203	0.0459296989438	SRR17140483	non-PMA	F7_S1	F7_S1	F7	S1	Cupola
TET32	2	0.00032504192689	SRR17140483	non-PMA	F7_S1	F7_S1	F7	S1	Cupola
MARR	526	0.37160252454	SRR17140483	non-PMA	F7_S1	F7_S1	F7	S1	Cupola
TET(38)	2	0.000461559536184	SRR17140483	non-PMA	F7_S1	F7_S1	F7	S1	Cupola
FARA	2	0.000540890081466	SRR17140483	non-PMA	F7_S1	F7_S1	F7	S1	Cupola
FARB	2	0.000408861793864	SRR17140483	non-PMA	F7_S1	F7_S1	F7	S1	Cupola
MUXB	5	0.000497847054849	SRR17140483	non-PMA	F7_S1	F7_S1	F7	S1	Cupola
PATA	1	0.0002262546746	SRR17140483	non-PMA	F7_S1	F7_S1	F7	S1	Cupola
PATB	36	0.00963565011106	SRR17140483	non-PMA	F7_S1	F7_S1	F7	S1	Cupola
OPRN	5	0.00110011541993	SRR17140483	non-PMA	F7_S1	F7_S1	F7	S1	Cupola
MEXX	1	0.000262249736468	SRR17140483	non-PMA	F7_S1	F7_S1	F7	S1	Cupola
ADES	1	0.000287675611195	SRR17140483	non-PMA	F7_S1	F7_S1	F7	S1	Cupola
MEXW	7	0.000714102425825	SRR17140483	non-PMA	F7_S1	F7_S1	F7	S1	Cupola
MEXT	8	0.00273291830635	SRR17140483	non-PMA	F7_S1	F7_S1	F7	S1	Cupola
CFXA2	4	0.00129409215753	SRR17140483	non-PMA	F7_S1	F7_S1	F7	S1	Cupola
VGAA	326	0.0648570727569	SRR17140483	non-PMA	F7_S1	F7_S1	F7	S1	Cupola
MEXN	3	0.00030072653178	SRR17140483	non-PMA	F7_S1	F7_S1	F7	S1	Cupola
MSBA	2	0.000356875930039	SRR17140483	non-PMA	F7_S1	F7_S1	F7	S1	Cupola
ADEF	2	0.000196130114526	SRR17140483	non-PMA	F7_S1	F7_S1	F7	S1	Cupola
MEPR	1	0.000747128745622	SRR17140483	non-PMA	F7_S1	F7_S1	F7	S1	Cupola
MEXK	11	0.00111449741664	SRR17140483	non-PMA	F7_S1	F7_S1	F7	S1	Cupola
ADEB	3	0.00030072653178	SRR17140483	non-PMA	F7_S1	F7_S1	F7	S1	Cupola
MEXI	2	0.000201848193667	SRR17140483	non-PMA	F7_S1	F7_S1	F7	S1	Cupola
MEXF	8	0.000782304298617	SRR17140483	non-PMA	F7_S1	F7_S1	F7	S1	Cupola
TRANSCRIPTIONAL_REGULATORY_PROTEIN_CPXR_CPXR	1	0.000447633170868	SRR17140483	non-PMA	F7_S1	F7_S1	F7	S1	Cupola
ADEN	1	0.000478575555951	SRR17140483	non-PMA	F7_S1	F7_S1	F7	S1	Cupola
MEXE	5	0.00130794578894	SRR17140483	non-PMA	F7_S1	F7_S1	F7	S1	Cupola
ADEH	2	0.000430024412594	SRR17140483	non-PMA	F7_S1	F7_S1	F7	S1	Cupola
ADEI	1	0.000249641576061	SRR17140483	non-PMA	F7_S1	F7_S1	F7	S1	Cupola
ADEJ	4	0.000392630985412	SRR17140483	non-PMA	F7_S1	F7_S1	F7	S1	Cupola
OQXB	7	0.000692339304276	SRR17140483	non-PMA	F7_S1	F7_S1	F7	S1	Cupola
ACRD	4	0.000400582046833	SRR17140483	non-PMA	F7_S1	F7_S1	F7	S1	Cupola
SMEE	1	9.98566304245e-05	SRR17140483	non-PMA	F7_S1	F7_S1	F7	S1	Cupola
AAC(6')-I	1	0.000567491233013	SRR17140483	non-PMA	F7_S1	F7_S1	F7	S1	Cupola
SMEB	1	9.89999005162e-05	SRR17140483	non-PMA	F7_S1	F7_S1	F7	S1	Cupola
MACB	17	0.00274140563029	SRR17140483	non-PMA	F7_S1	F7_S1	F7	S1	Cupola
MACA	11	0.00307913706754	SRR17140483	non-PMA	F7_S1	F7_S1	F7	S1	Cupola
ERM(44)	1	0.000413748588213	SRR17140483	non-PMA	F7_S1	F7_S1	F7	S1	Cupola
SMER	14	0.00634896305232	SRR17140483	non-PMA	F7_S1	F7_S1	F7	S1	Cupola
PBP-1B	33	0.00417427473346	SRR17140483	non-PMA	F7_S1	F7_S1	F7	S1	Cupola
PBP-1A	82	0.0118439129939	SRR17140483	non-PMA	F7_S1	F7_S1	F7	S1	Cupola
OPRM	1	0.000221903623165	SRR17140483	non-PMA	F7_S1	F7_S1	F7	S1	Cupola
RPHB	1	0.000117478388735	SRR17140483	non-PMA	F7_S1	F7_S1	F7	S1	Cupola
TETA(48)	3	0.0009083168715	SRR17140483	non-PMA	F7_S1	F7_S1	F7	S1	Cupola
ARLS	199	0.0458233441966	SRR17140483	non-PMA	F7_S1	F7_S1	F7	S1	Cupola
BJP-1	2	0.000706468677833	SRR17140483	non-PMA	F7_S1	F7_S1	F7	S1	Cupola
DNA-BINDING_PROTEIN_H-NS	1	0.000758035734609	SRR17140483	non-PMA	F7_S1	F7_S1	F7	S1	Cupola
ACRB	13	0.00129564457134	SRR17140483	non-PMA	F7_S1	F7_S1	F7	S1	Cupola
CATQ	1	0.000474205002929	SRR17140483	non-PMA	F7_S1	F7_S1	F7	S1	Cupola
MCR-2	2	0.000386062809076	SRR17140483	non-PMA	F7_S1	F7_S1	F7	S1	Cupola
ACRA	1	0.000260277933938	SRR17140483	non-PMA	F7_S1	F7_S1	F7	S1	Cupola
ACRF	2	0.000200872138571	SRR17140483	non-PMA	F7_S1	F7_S1	F7	S1	Cupola
KLEBSIELLA_PNEUMONIAE_OMPK37	1	0.000277676191555	SRR17140483	non-PMA	F7_S1	F7_S1	F7	S1	Cupola
BLAZ	5	0.00742220420806	SRR17140486	non-PMA	F4_S1	F4_S1	F4	S1	Cupola
LNUA	212	0.549261551655	SRR17140486	non-PMA	F4_S1	F4_S1	F4	S1	Cupola
OMPR	2	0.00365901646046	SRR17140486	non-PMA	F4_S1	F4_S1	F4	S1	Cupola
BACA	199	0.304060246967	SRR17140486	non-PMA	F4_S1	F4_S1	F4	S1	Cupola
VGAC	1	0.0054885246907	SRR17140486	non-PMA	F4_S1	F4_S1	F4	S1	Cupola
CHLORAMPHENICOL_EXPORTER	21	0.0184414429607	SRR17140486	non-PMA	F4_S1	F4_S1	F4	S1	Cupola
BPEF	2	0.000786291944379	SRR17140486	non-PMA	F4_S1	F4_S1	F4	S1	Cupola
EPTA	1	0.000762573814429	SRR17140486	non-PMA	F4_S1	F4_S1	F4	S1	Cupola
MSBA	2	0.00143342912884	SRR17140486	non-PMA	F4_S1	F4_S1	F4	S1	Cupola
RBPA	8	0.0292721316837	SRR17140486	non-PMA	F4_S1	F4_S1	F4	S1	Cupola
MULTIDRUG_ABC_TRANSPORTER	283	0.204233891086	SRR17140486	non-PMA	F4_S1	F4_S1	F4	S1	Cupola
PBP-2X	27	0.0150166035537	SRR17140486	non-PMA	F4_S1	F4_S1	F4	S1	Cupola
LMRD	1	0.000630102532467	SRR17140486	non-PMA	F4_S1	F4_S1	F4	S1	Cupola
LMRC	1	0.000729244539323	SRR17140486	non-PMA	F4_S1	F4_S1	F4	S1	Cupola
MPHC	281	0.392016499313	SRR17140486	non-PMA	F4_S1	F4_S1	F4	S1	Cupola
APH(6)-I	7	0.0109770493814	SRR17140486	non-PMA	F4_S1	F4_S1	F4	S1	Cupola
TOLC	5	0.00421341289387	SRR17140486	non-PMA	F4_S1	F4_S1	F4	S1	Cupola
FMTC	79	0.0392298836225	SRR17140486	non-PMA	F4_S1	F4_S1	F4	S1	Cupola
MTRE	2	0.00178641488862	SRR17140486	non-PMA	F4_S1	F4_S1	F4	S1	Cupola
MTRD	8	0.00312748173565	SRR17140486	non-PMA	F4_S1	F4_S1	F4	S1	Cupola
CLASS_A	40	0.055617050199	SRR17140486	non-PMA	F4_S1	F4_S1	F4	S1	Cupola
MTRA	21	0.0384196728349	SRR17140486	non-PMA	F4_S1	F4_S1	F4	S1	Cupola
MEFA	17	0.017509071359	SRR17140486	non-PMA	F4_S1	F4_S1	F4	S1	Cupola
MTRC	1	0.00101244630217	SRR17140486	non-PMA	F4_S1	F4_S1	F4	S1	Cupola
ADEH	1	0.000863618791911	SRR17140486	non-PMA	F4_S1	F4_S1	F4	S1	Cupola
STAPHYLOCOCCUS_MUPA_CONFERRING_RESISTANCE_TO_MUPIROCIN	9	0.00366616297699	SRR17140486	non-PMA	F4_S1	F4_S1	F4	S1	Cupola
ROSB	2	0.00153638260218	SRR17140486	non-PMA	F4_S1	F4_S1	F4	S1	Cupola
MSRA	548	0.468414090816	SRR17140486	non-PMA	F4_S1	F4_S1	F4	S1	Cupola
NORB	28	0.0250634775575	SRR17140486	non-PMA	F4_S1	F4_S1	F4	S1	Cupola
NORA	219	0.235440734412	SRR17140486	non-PMA	F4_S1	F4_S1	F4	S1	Cupola
AAD(9)	1	0.00160433798651	SRR17140486	non-PMA	F4_S1	F4_S1	F4	S1	Cupola
MAJOR_FACILITATOR_SUPERFAMILY_TRANSPORTER	144	0.154412375874	SRR17140486	non-PMA	F4_S1	F4_S1	F4	S1	Cupola
CEOB	1	0.000406161515572	SRR17140486	non-PMA	F4_S1	F4_S1	F4	S1	Cupola
CAMP-REGULATORY_PROTEIN	1	0.00255906672695	SRR17140486	non-PMA	F4_S1	F4_S1	F4	S1	Cupola
AAC(6')-IE-APH(2'')-IA	6	0.00522498383916	SRR17140486	non-PMA	F4_S1	F4_S1	F4	S1	Cupola
VANR	1	0.00182151911132	SRR17140486	non-PMA	F4_S1	F4_S1	F4	S1	Cupola
TET(W/N/W)	1	0.000652782279332	SRR17140486	non-PMA	F4_S1	F4_S1	F4	S1	Cupola
BCR-1	1	0.00103763153356	SRR17140486	non-PMA	F4_S1	F4_S1	F4	S1	Cupola
YOJI	3	0.00228772144329	SRR17140486	non-PMA	F4_S1	F4_S1	F4	S1	Cupola
DFRC	66	0.170996520798	SRR17140486	non-PMA	F4_S1	F4_S1	F4	S1	Cupola
ADP-RIBOSYLATING_TRANSFERASE_ARR	9	0.0250276725896	SRR17140486	non-PMA	F4_S1	F4_S1	F4	S1	Cupola
LSA	7	0.00586324324388	SRR17140486	non-PMA	F4_S1	F4_S1	F4	S1	Cupola
LSAC	5	0.0042391044359	SRR17140486	non-PMA	F4_S1	F4_S1	F4	S1	Cupola
UGD	35	0.0376275146321	SRR17140486	non-PMA	F4_S1	F4_S1	F4	S1	Cupola
MDTC	2	0.000813908051693	SRR17140486	non-PMA	F4_S1	F4_S1	F4	S1	Cupola
MDTB	6	0.00240650697977	SRR17140486	non-PMA	F4_S1	F4_S1	F4	S1	Cupola
MDTG	4	0.00415052613426	SRR17140486	non-PMA	F4_S1	F4_S1	F4	S1	Cupola
MDTK	4	0.00352006646829	SRR17140486	non-PMA	F4_S1	F4_S1	F4	S1	Cupola
MDTH	1	0.00103763153356	SRR17140486	non-PMA	F4_S1	F4_S1	F4	S1	Cupola
MDTO	1	0.000610728955334	SRR17140486	non-PMA	F4_S1	F4_S1	F4	S1	Cupola
MDTN	2	0.00243223251599	SRR17140486	non-PMA	F4_S1	F4_S1	F4	S1	Cupola
MECR1	37	0.0470540592385	SRR17140486	non-PMA	F4_S1	F4_S1	F4	S1	Cupola
VANY	1	0.00127562041741	SRR17140486	non-PMA	F4_S1	F4_S1	F4	S1	Cupola
OPMH	2	0.00173082106429	SRR17140486	non-PMA	F4_S1	F4_S1	F4	S1	Cupola
ARR-8	1	0.00278085250995	SRR17140486	non-PMA	F4_S1	F4_S1	F4	S1	Cupola
APH(3')-I	20	0.0307843451286	SRR17140486	non-PMA	F4_S1	F4_S1	F4	S1	Cupola
BLEOMYCIN_RESISTANCE_PROTEIN	3	0.0136019959726	SRR17140486	non-PMA	F4_S1	F4_S1	F4	S1	Cupola
ARR-4	1	0.00278085250995	SRR17140486	non-PMA	F4_S1	F4_S1	F4	S1	Cupola
EFRB	2	0.00230457390328	SRR17140486	non-PMA	F4_S1	F4_S1	F4	S1	Cupola
EFRA	4	0.00344022990922	SRR17140486	non-PMA	F4_S1	F4_S1	F4	S1	Cupola
BAER	4	0.00695213127488	SRR17140486	non-PMA	F4_S1	F4_S1	F4	S1	Cupola
EMRR	1	0.0023700447528	SRR17140486	non-PMA	F4_S1	F4_S1	F4	S1	Cupola
MUXB	3	0.00119979254984	SRR17140486	non-PMA	F4_S1	F4_S1	F4	S1	Cupola
MUXC	1	0.000402633085418	SRR17140486	non-PMA	F4_S1	F4_S1	F4	S1	Cupola
BIFUNCTIONAL_AMINOGLYCOSIDE_N-ACETYLTRANSFERASE_AND_AMINOGLYCOSIDE_PHOSPHOTRANSFERASE	10	0.00849547609965	SRR17140486	non-PMA	F4_S1	F4_S1	F4	S1	Cupola
APH(3'')-I	17	0.0260704922808	SRR17140486	non-PMA	F4_S1	F4_S1	F4	S1	Cupola
ERMB	5	0.00851281380598	SRR17140486	non-PMA	F4_S1	F4_S1	F4	S1	Cupola
ERMC	6	0.0102572428646	SRR17140486	non-PMA	F4_S1	F4_S1	F4	S1	Cupola
FOSB	32	0.0960294391926	SRR17140486	non-PMA	F4_S1	F4_S1	F4	S1	Cupola
ERMX	76	0.125303235626	SRR17140486	non-PMA	F4_S1	F4_S1	F4	S1	Cupola
BLEO	2	0.00622578920139	SRR17140486	non-PMA	F4_S1	F4_S1	F4	S1	Cupola
TETB(60)	1	0.000720428111387	SRR17140486	non-PMA	F4_S1	F4_S1	F4	S1	Cupola
MECI	5	0.0169564177436	SRR17140486	non-PMA	F4_S1	F4_S1	F4	S1	Cupola
TEM	1	0.00148444084161	SRR17140486	non-PMA	F4_S1	F4_S1	F4	S1	Cupola
TETQ	2	0.00126979566664	SRR17140486	non-PMA	F4_S1	F4_S1	F4	S1	Cupola
TETP	1	0.00099080255699	SRR17140486	non-PMA	F4_S1	F4_S1	F4	S1	Cupola
MECA	33	0.0206066166531	SRR17140486	non-PMA	F4_S1	F4_S1	F4	S1	Cupola
TETR	2	0.00401084496628	SRR17140486	non-PMA	F4_S1	F4_S1	F4	S1	Cupola
TETW	4	0.00261112911733	SRR17140486	non-PMA	F4_S1	F4_S1	F4	S1	Cupola
OXA	7	0.0105793302009	SRR17140486	non-PMA	F4_S1	F4_S1	F4	S1	Cupola
TETM	18	0.011750081028	SRR17140486	non-PMA	F4_S1	F4_S1	F4	S1	Cupola
TETL	1	0.000910759555661	SRR17140486	non-PMA	F4_S1	F4_S1	F4	S1	Cupola
PENA	3	0.00200864145984	SRR17140486	non-PMA	F4_S1	F4_S1	F4	S1	Cupola
TETA	48	0.0476717573135	SRR17140486	non-PMA	F4_S1	F4_S1	F4	S1	Cupola
QACB	581	0.471500576347	SRR17140486	non-PMA	F4_S1	F4_S1	F4	S1	Cupola
QACA	140	0.11361459671	SRR17140486	non-PMA	F4_S1	F4_S1	F4	S1	Cupola
TETB	60	0.055617050199	SRR17140486	non-PMA	F4_S1	F4_S1	F4	S1	Cupola
QACG	9	0.0350855223218	SRR17140486	non-PMA	F4_S1	F4_S1	F4	S1	Cupola
TRIC	1	0.000410963425116	SRR17140486	non-PMA	F4_S1	F4_S1	F4	S1	Cupola
CAT_CHLORAMPHENICOL_ACETYLTRANSFERASE	48	0.0931262235891	SRR17140486	non-PMA	F4_S1	F4_S1	F4	S1	Cupola
AADD	15	0.0247309017684	SRR17140486	non-PMA	F4_S1	F4_S1	F4	S1	Cupola
RLMA(II)	13	0.0192292992709	SRR17140486	non-PMA	F4_S1	F4_S1	F4	S1	Cupola
KASUGAMYCIN_RESISTANCE_PROTEIN_KSGA	4	0.00611176375814	SRR17140486	non-PMA	F4_S1	F4_S1	F4	S1	Cupola
FUSD	7	0.013708427866	SRR17140486	non-PMA	F4_S1	F4_S1	F4	S1	Cupola
TAEA	5	0.00321857929393	SRR17140486	non-PMA	F4_S1	F4_S1	F4	S1	Cupola
FUSB	10	0.0195834683799	SRR17140486	non-PMA	F4_S1	F4_S1	F4	S1	Cupola
TRUNCATED_PUTATIVE_RESPONSE_REGULATOR_ARLR	89	0.169517721497	SRR17140486	non-PMA	F4_S1	F4_S1	F4	S1	Cupola
YKKD	4	0.0160433798651	SRR17140486	non-PMA	F4_S1	F4_S1	F4	S1	Cupola
TETA(46)	1	0.000726703617583	SRR17140486	non-PMA	F4_S1	F4_S1	F4	S1	Cupola
TETB(46)	4	0.00288669810722	SRR17140486	non-PMA	F4_S1	F4_S1	F4	S1	Cupola
MEL	11	0.00942177955117	SRR17140486	non-PMA	F4_S1	F4_S1	F4	S1	Cupola
TET(K)	106	0.0963301849853	SRR17140486	non-PMA	F4_S1	F4_S1	F4	S1	Cupola
MARR	106	0.300786087811	SRR17140486	non-PMA	F4_S1	F4_S1	F4	S1	Cupola
FARB	1	0.000821117867112	SRR17140486	non-PMA	F4_S1	F4_S1	F4	S1	Cupola
EMRB-QACA_FAMILY_MAJOR_FACILITATOR_TRANSPORTER	148	0.128347038921	SRR17140486	non-PMA	F4_S1	F4_S1	F4	S1	Cupola
PMRF	1	0.00129542818787	SRR17140486	non-PMA	F4_S1	F4_S1	F4	S1	Cupola
PATB	13	0.0139759340062	SRR17140486	non-PMA	F4_S1	F4_S1	F4	S1	Cupola
ACRB	1	0.000400314660742	SRR17140486	non-PMA	F4_S1	F4_S1	F4	S1	Cupola
MEXX	1	0.00105335322347	SRR17140486	non-PMA	F4_S1	F4_S1	F4	S1	Cupola
MEPA	46	0.0909378308942	SRR17140486	non-PMA	F4_S1	F4_S1	F4	S1	Cupola
MEXT	2	0.00274426234535	SRR17140486	non-PMA	F4_S1	F4_S1	F4	S1	Cupola
VGAE	2	0.00159209113165	SRR17140486	non-PMA	F4_S1	F4_S1	F4	S1	Cupola
VGAB	3	0.00226699932877	SRR17140486	non-PMA	F4_S1	F4_S1	F4	S1	Cupola
CFXA2	6	0.00779678273818	SRR17140486	non-PMA	F4_S1	F4_S1	F4	S1	Cupola
VGAA	84	0.0671240261023	SRR17140486	non-PMA	F4_S1	F4_S1	F4	S1	Cupola
MEXN	3	0.00120789925625	SRR17140486	non-PMA	F4_S1	F4_S1	F4	S1	Cupola
ADEF	7	0.0027572192025	SRR17140486	non-PMA	F4_S1	F4_S1	F4	S1	Cupola
ADEC	1	0.000889398457341	SRR17140486	non-PMA	F4_S1	F4_S1	F4	S1	Cupola
MEXF	3	0.00117832733473	SRR17140486	non-PMA	F4_S1	F4_S1	F4	S1	Cupola
MEXE	2	0.00210139988158	SRR17140486	non-PMA	F4_S1	F4_S1	F4	S1	Cupola
MEXB	3	0.00119635146222	SRR17140486	non-PMA	F4_S1	F4_S1	F4	S1	Cupola
ADEI	1	0.00100271124157	SRR17140486	non-PMA	F4_S1	F4_S1	F4	S1	Cupola
MACB	1	0.000647714093933	SRR17140486	non-PMA	F4_S1	F4_S1	F4	S1	Cupola
MACA	5	0.00562166949451	SRR17140486	non-PMA	F4_S1	F4_S1	F4	S1	Cupola
ERM(44)	1	0.00166186404977	SRR17140486	non-PMA	F4_S1	F4_S1	F4	S1	Cupola
PBP-1B	13	0.00660494810525	SRR17140486	non-PMA	F4_S1	F4_S1	F4	S1	Cupola
PBP-1A	11	0.00638165040532	SRR17140486	non-PMA	F4_S1	F4_S1	F4	S1	Cupola
OPRM	1	0.000891298881395	SRR17140486	non-PMA	F4_S1	F4_S1	F4	S1	Cupola
RPOB2	612	0.219692134607	SRR17140486	non-PMA	F4_S1	F4_S1	F4	S1	Cupola
TETA(48)	2	0.00243223251599	SRR17140486	non-PMA	F4_S1	F4_S1	F4	S1	Cupola
ARLS	50	0.0462447756644	SRR17140486	non-PMA	F4_S1	F4_S1	F4	S1	Cupola
CATP	1	0.00194012965811	SRR17140486	non-PMA	F4_S1	F4_S1	F4	S1	Cupola
TRANSCRIPTIONAL_REGULATORY_PROTEIN_CPXR_CPXR	3	0.00539389495465	SRR17140486	non-PMA	F4_S1	F4_S1	F4	S1	Cupola
BLAZ	19	0.026858702573	SRR17140487	non-PMA	F5_S7	F5_S7	F5	S7	Lab overhead
LNUA	4	0.00986897080487	SRR17140487	non-PMA	F5_S7	F5_S7	F5	S7	Lab overhead
OMPR	1	0.00174221962674	SRR17140487	non-PMA	F5_S7	F5_S7	F5	S7	Lab overhead
BACA	209	0.304103478583	SRR17140487	non-PMA	F5_S7	F5_S7	F5	S7	Lab overhead
TRUNCATED_PUTATIVE_RESPONSE_REGULATOR_ARLR	117	0.21221667015	SRR17140487	non-PMA	F5_S7	F5_S7	F5	S7	Lab overhead
ERM(TR)	1	0.00163467520533	SRR17140487	non-PMA	F5_S7	F5_S7	F5	S7	Lab overhead
CHLORAMPHENICOL_EXPORTER	2	0.00167253084167	SRR17140487	non-PMA	F5_S7	F5_S7	F5	S7	Lab overhead
RBPA	1	0.00348443925347	SRR17140487	non-PMA	F5_S7	F5_S7	F5	S7	Lab overhead
MULTIDRUG_ABC_TRANSPORTER	296	0.203423733857	SRR17140487	non-PMA	F5_S7	F5_S7	F5	S7	Lab overhead
PBP-2X	13	0.00688525196486	SRR17140487	non-PMA	F5_S7	F5_S7	F5	S7	Lab overhead
LMRD	2	0.00120007877612	SRR17140487	non-PMA	F5_S7	F5_S7	F5	S7	Lab overhead
LMRC	1	0.000694451179888	SRR17140487	non-PMA	F5_S7	F5_S7	F5	S7	Lab overhead
MPHC	75	0.0996386475492	SRR17140487	non-PMA	F5_S7	F5_S7	F5	S7	Lab overhead
APH(6)-I	1	0.00149333110863	SRR17140487	non-PMA	F5_S7	F5_S7	F5	S7	Lab overhead
MDTK	2	0.00167605938775	SRR17140487	non-PMA	F5_S7	F5_S7	F5	S7	Lab overhead
FMTC	154	0.0728247803976	SRR17140487	non-PMA	F5_S7	F5_S7	F5	S7	Lab overhead
MTRD	1	0.000372283106744	SRR17140487	non-PMA	F5_S7	F5_S7	F5	S7	Lab overhead
CLASS_A	154	0.203909385113	SRR17140487	non-PMA	F5_S7	F5_S7	F5	S7	Lab overhead
MTRA	8	0.0139377570139	SRR17140487	non-PMA	F5_S7	F5_S7	F5	S7	Lab overhead
MEFA	25	0.02452012808	SRR17140487	non-PMA	F5_S7	F5_S7	F5	S7	Lab overhead
MTRC	1	0.000964140958485	SRR17140487	non-PMA	F5_S7	F5_S7	F5	S7	Lab overhead
ROSA	1	0.000968844085112	SRR17140487	non-PMA	F5_S7	F5_S7	F5	S7	Lab overhead
MSRA	154	0.125354130193	SRR17140487	non-PMA	F5_S7	F5_S7	F5	S7	Lab overhead
NORB	5	0.00426208234867	SRR17140487	non-PMA	F5_S7	F5_S7	F5	S7	Lab overhead
NORA	178	0.182232580751	SRR17140487	non-PMA	F5_S7	F5_S7	F5	S7	Lab overhead
MTRR	1	0.0022068115272	SRR17140487	non-PMA	F5_S7	F5_S7	F5	S7	Lab overhead
TETO	1	0.000621637049915	SRR17140487	non-PMA	F5_S7	F5_S7	F5	S7	Lab overhead
APH(3''')-III	7	0.0105325095616	SRR17140487	non-PMA	F5_S7	F5_S7	F5	S7	Lab overhead
MAJOR_FACILITATOR_SUPERFAMILY_TRANSPORTER	308	0.314513190406	SRR17140487	non-PMA	F5_S7	F5_S7	F5	S7	Lab overhead
CAMP-REGULATORY_PROTEIN	1	0.00243696978464	SRR17140487	non-PMA	F5_S7	F5_S7	F5	S7	Lab overhead
STAPHYLOCOCCUS_MUPA_CONFERRING_RESISTANCE_TO_MUPIROCIN	7	0.00271541262136	SRR17140487	non-PMA	F5_S7	F5_S7	F5	S7	Lab overhead
AAC(6')-IE-APH(2'')-IA	2	0.00165856398704	SRR17140487	non-PMA	F5_S7	F5_S7	F5	S7	Lab overhead
VANR	1	0.00173461168077	SRR17140487	non-PMA	F5_S7	F5_S7	F5	S7	Lab overhead
DFRC	88	0.217117357707	SRR17140487	non-PMA	F5_S7	F5_S7	F5	S7	Lab overhead
LSAC	7	0.00565159049649	SRR17140487	non-PMA	F5_S7	F5_S7	F5	S7	Lab overhead
UGD	36	0.0368560275677	SRR17140487	non-PMA	F5_S7	F5_S7	F5	S7	Lab overhead
MDTC	1	0.000387537634045	SRR17140487	non-PMA	F5_S7	F5_S7	F5	S7	Lab overhead
MDTG	3	0.00296437369325	SRR17140487	non-PMA	F5_S7	F5_S7	F5	S7	Lab overhead
LLMA_23S_RIBOSOMAL_RNA_METHYLTRANSFERASE	1	0.00138406297873	SRR17140487	non-PMA	F5_S7	F5_S7	F5	S7	Lab overhead
VANS	8	0.00710919149702	SRR17140487	non-PMA	F5_S7	F5_S7	F5	S7	Lab overhead
MECR1	2	0.00242211021278	SRR17140487	non-PMA	F5_S7	F5_S7	F5	S7	Lab overhead
VANA	1	0.00116831198499	SRR17140487	non-PMA	F5_S7	F5_S7	F5	S7	Lab overhead
BCRA	1	0.00128552127798	SRR17140487	non-PMA	F5_S7	F5_S7	F5	S7	Lab overhead
APH(3')-I	1	0.00146577887415	SRR17140487	non-PMA	F5_S7	F5_S7	F5	S7	Lab overhead
BLEOMYCIN_RESISTANCE_PROTEIN	3	0.0129530241814	SRR17140487	non-PMA	F5_S7	F5_S7	F5	S7	Lab overhead
EFRB	4	0.00438923839664	SRR17140487	non-PMA	F5_S7	F5_S7	F5	S7	Lab overhead
TETA(60)	1	0.000686055397057	SRR17140487	non-PMA	F5_S7	F5_S7	F5	S7	Lab overhead
BAER	1	0.0016551086454	SRR17140487	non-PMA	F5_S7	F5_S7	F5	S7	Lab overhead
EMRB-QACA_FAMILY_MAJOR_FACILITATOR_TRANSPORTER	190	0.156908428753	SRR17140487	non-PMA	F5_S7	F5_S7	F5	S7	Lab overhead
MUXA	1	0.000932455574873	SRR17140487	non-PMA	F5_S7	F5_S7	F5	S7	Lab overhead
EMRB	2	0.00155166435506	SRR17140487	non-PMA	F5_S7	F5_S7	F5	S7	Lab overhead
ERM(33)	2	0.00326935041067	SRR17140487	non-PMA	F5_S7	F5_S7	F5	S7	Lab overhead
APH(3'')-I	1	0.00146038998124	SRR17140487	non-PMA	F5_S7	F5_S7	F5	S7	Lab overhead
ERMB	3	0.00486399275383	SRR17140487	non-PMA	F5_S7	F5_S7	F5	S7	Lab overhead
ERMC	112	0.18233328028	SRR17140487	non-PMA	F5_S7	F5_S7	F5	S7	Lab overhead
FOSB	39	0.111451920295	SRR17140487	non-PMA	F5_S7	F5_S7	F5	S7	Lab overhead
ERMX	11	0.0172706989085	SRR17140487	non-PMA	F5_S7	F5_S7	F5	S7	Lab overhead
ERMT	1	0.00162797571679	SRR17140487	non-PMA	F5_S7	F5_S7	F5	S7	Lab overhead
TETB(60)	2	0.00137211079411	SRR17140487	non-PMA	F5_S7	F5_S7	F5	S7	Lab overhead
MECI	1	0.00322948028371	SRR17140487	non-PMA	F5_S7	F5_S7	F5	S7	Lab overhead
TETQ	4	0.00241842359145	SRR17140487	non-PMA	F5_S7	F5_S7	F5	S7	Lab overhead
MECA	13	0.00773044756534	SRR17140487	non-PMA	F5_S7	F5_S7	F5	S7	Lab overhead
SUL1	6	0.00842175423808	SRR17140487	non-PMA	F5_S7	F5_S7	F5	S7	Lab overhead
TETW	4	0.00248654819966	SRR17140487	non-PMA	F5_S7	F5_S7	F5	S7	Lab overhead
TETM	7	0.00435145934941	SRR17140487	non-PMA	F5_S7	F5_S7	F5	S7	Lab overhead
TETL	2	0.00173461168077	SRR17140487	non-PMA	F5_S7	F5_S7	F5	S7	Lab overhead
PENA	15	0.00956403069573	SRR17140487	non-PMA	F5_S7	F5_S7	F5	S7	Lab overhead
TETA	2	0.0018915527376	SRR17140487	non-PMA	F5_S7	F5_S7	F5	S7	Lab overhead
QACB	67	0.051778496144	SRR17140487	non-PMA	F5_S7	F5_S7	F5	S7	Lab overhead
SAT-4	5	0.011034057636	SRR17140487	non-PMA	F5_S7	F5_S7	F5	S7	Lab overhead
TETB	11	0.00970997071968	SRR17140487	non-PMA	F5_S7	F5_S7	F5	S7	Lab overhead
QACG	2	0.00742478644665	SRR17140487	non-PMA	F5_S7	F5_S7	F5	S7	Lab overhead
CAT_CHLORAMPHENICOL_ACETYLTRANSFERASE	13	0.0240183208077	SRR17140487	non-PMA	F5_S7	F5_S7	F5	S7	Lab overhead
AADD	9	0.0141305718342	SRR17140487	non-PMA	F5_S7	F5_S7	F5	S7	Lab overhead
AADE	8	0.013408475102	SRR17140487	non-PMA	F5_S7	F5_S7	F5	S7	Lab overhead
FUSD	15	0.0279736672462	SRR17140487	non-PMA	F5_S7	F5_S7	F5	S7	Lab overhead
TAEA	1	0.000613003202	SRR17140487	non-PMA	F5_S7	F5_S7	F5	S7	Lab overhead
FUSB	8	0.014919289198	SRR17140487	non-PMA	F5_S7	F5_S7	F5	S7	Lab overhead
ESP-1	1	0.00136974508585	SRR17140487	non-PMA	F5_S7	F5_S7	F5	S7	Lab overhead
QACA	18	0.0139106407551	SRR17140487	non-PMA	F5_S7	F5_S7	F5	S7	Lab overhead
TETA(46)	7	0.00484422042556	SRR17140487	non-PMA	F5_S7	F5_S7	F5	S7	Lab overhead
TETB(46)	4	0.00274896937644	SRR17140487	non-PMA	F5_S7	F5_S7	F5	S7	Lab overhead
MEL	25	0.0203914822842	SRR17140487	non-PMA	F5_S7	F5_S7	F5	S7	Lab overhead
TET(K)	57	0.0493287282551	SRR17140487	non-PMA	F5_S7	F5_S7	F5	S7	Lab overhead
MARR	125	0.337777274571	SRR17140487	non-PMA	F5_S7	F5_S7	F5	S7	Lab overhead
FARB	1	0.000781941092315	SRR17140487	non-PMA	F5_S7	F5_S7	F5	S7	Lab overhead
PATB	7	0.00716644980482	SRR17140487	non-PMA	F5_S7	F5_S7	F5	S7	Lab overhead
BIFUNCTIONAL_AMINOGLYCOSIDE_N-ACETYLTRANSFERASE_AND_AMINOGLYCOSIDE_PHOSPHOTRANSFERASE	2	0.00161802881831	SRR17140487	non-PMA	F5_S7	F5_S7	F5	S7	Lab overhead
ADES	1	0.00110034923794	SRR17140487	non-PMA	F5_S7	F5_S7	F5	S7	Lab overhead
MEXT	3	0.00391999416016	SRR17140487	non-PMA	F5_S7	F5_S7	F5	S7	Lab overhead
RLMA(II)	4	0.00563441240987	SRR17140487	non-PMA	F5_S7	F5_S7	F5	S7	Lab overhead
CFXA2	8	0.00989971526221	SRR17140487	non-PMA	F5_S7	F5_S7	F5	S7	Lab overhead
VGAA	90	0.0684872542924	SRR17140487	non-PMA	F5_S7	F5_S7	F5	S7	Lab overhead
MEXF	1	0.000374035852068	SRR17140487	non-PMA	F5_S7	F5_S7	F5	S7	Lab overhead
ADEJ	1	0.000375449976272	SRR17140487	non-PMA	F5_S7	F5_S7	F5	S7	Lab overhead
MACB	1	0.000616810675304	SRR17140487	non-PMA	F5_S7	F5_S7	F5	S7	Lab overhead
MACA	2	0.00214138045766	SRR17140487	non-PMA	F5_S7	F5_S7	F5	S7	Lab overhead
ERM(44)	6	0.00949544402142	SRR17140487	non-PMA	F5_S7	F5_S7	F5	S7	Lab overhead
SMER	1	0.00173461168077	SRR17140487	non-PMA	F5_S7	F5_S7	F5	S7	Lab overhead
PBP-1B	12	0.00580598404233	SRR17140487	non-PMA	F5_S7	F5_S7	F5	S7	Lab overhead
PBP-1A	14	0.00773458282134	SRR17140487	non-PMA	F5_S7	F5_S7	F5	S7	Lab overhead
RPOB2	526	0.179811459032	SRR17140487	non-PMA	F5_S7	F5_S7	F5	S7	Lab overhead
ARLS	58	0.0510845063059	SRR17140487	non-PMA	F5_S7	F5_S7	F5	S7	Lab overhead
MEPA	59	0.111072693928	SRR17140487	non-PMA	F5_S7	F5_S7	F5	S7	Lab overhead
TRANSCRIPTIONAL_REGULATORY_PROTEIN_CPXR_CPXR	1	0.00171218135731	SRR17140487	non-PMA	F5_S7	F5_S7	F5	S7	Lab overhead
BLAZ	8	0.0086760338953	SRR17140489	non-PMA	F5_S6	F5_S6	F5	S6	PMM
LNUA	20	0.0378566075245	SRR17140489	non-PMA	F5_S6	F5_S6	F5	S6	PMM
OMPR	6	0.00801962343612	SRR17140489	non-PMA	F5_S6	F5_S6	F5	S6	PMM
BACA	214	0.238884900302	SRR17140489	non-PMA	F5_S6	F5_S6	F5	S6	PMM
ERM(TR)	22	0.0275901448255	SRR17140489	non-PMA	F5_S6	F5_S6	F5	S6	PMM
VGAC	2	0.00801962343612	SRR17140489	non-PMA	F5_S6	F5_S6	F5	S6	PMM
COB(I)ALAMIN_ADENOLSYLTRANSFERASE	1	0.0015548249519	SRR17140489	non-PMA	F5_S6	F5_S6	F5	S6	PMM
OMPF	6	0.00520932804397	SRR17140489	non-PMA	F5_S6	F5_S6	F5	S6	PMM
CHLORAMPHENICOL_EXPORTER	18	0.011548257748	SRR17140489	non-PMA	F5_S6	F5_S6	F5	S6	PMM
EPTA	1	0.000557121920608	SRR17140489	non-PMA	F5_S6	F5_S6	F5	S6	PMM
APH(3'')-I	4	0.00448155427312	SRR17140489	non-PMA	F5_S6	F5_S6	F5	S6	PMM
RBPA	2	0.00534641562408	SRR17140489	non-PMA	F5_S6	F5_S6	F5	S6	PMM
MULTIDRUG_ABC_TRANSPORTER	280	0.147627670174	SRR17140489	non-PMA	F5_S6	F5_S6	F5	S6	PMM
TET44	1	0.000476165141519	SRR17140489	non-PMA	F5_S6	F5_S6	F5	S6	PMM
TET40	3	0.00225181544758	SRR17140489	non-PMA	F5_S6	F5_S6	F5	S6	PMM
LMRP	2	0.00150121029839	SRR17140489	non-PMA	F5_S6	F5_S6	F5	S6	PMM
MDFA	2	0.00148656434426	SRR17140489	non-PMA	F5_S6	F5_S6	F5	S6	PMM
PBP-2X	18	0.00731389657374	SRR17140489	non-PMA	F5_S6	F5_S6	F5	S6	PMM
LMRD	5	0.00230170461157	SRR17140489	non-PMA	F5_S6	F5_S6	F5	S6	PMM
LMRC	1	0.000532772186315	SRR17140489	non-PMA	F5_S6	F5_S6	F5	S6	PMM
MEXK	14	0.00416238016392	SRR17140489	non-PMA	F5_S6	F5_S6	F5	S6	PMM
MPHC	80	0.0815373085144	SRR17140489	non-PMA	F5_S6	F5_S6	F5	S6	PMM
AXYY	1	0.000291622670404	SRR17140489	non-PMA	F5_S6	F5_S6	F5	S6	PMM
APH(6)-I	5	0.00572830245437	SRR17140489	non-PMA	F5_S6	F5_S6	F5	S6	PMM
MEXI	1	0.000296157133695	SRR17140489	non-PMA	F5_S6	F5_S6	F5	S6	PMM
TOLC	5	0.00307823929871	SRR17140489	non-PMA	F5_S6	F5_S6	F5	S6	PMM
FMTC	128	0.0464374385634	SRR17140489	non-PMA	F5_S6	F5_S6	F5	S6	PMM
MEXD	4	0.00116872748062	SRR17140489	non-PMA	F5_S6	F5_S6	F5	S6	PMM
CLASS_A	121	0.122914095198	SRR17140489	non-PMA	F5_S6	F5_S6	F5	S6	PMM
MTRA	7	0.00935622734214	SRR17140489	non-PMA	F5_S6	F5_S6	F5	S6	PMM
MEFA	9	0.00677212645717	SRR17140489	non-PMA	F5_S6	F5_S6	F5	S6	PMM
ROSA	3	0.00222984651638	SRR17140489	non-PMA	F5_S6	F5_S6	F5	S6	PMM
AMRB	5	0.00145811335202	SRR17140489	non-PMA	F5_S6	F5_S6	F5	S6	PMM
MSRA	187	0.116777549461	SRR17140489	non-PMA	F5_S6	F5_S6	F5	S6	PMM
NORB	7	0.00457772496568	SRR17140489	non-PMA	F5_S6	F5_S6	F5	S6	PMM
NORA	156	0.122526617859	SRR17140489	non-PMA	F5_S6	F5_S6	F5	S6	PMM
TETO	11	0.00524601345273	SRR17140489	non-PMA	F5_S6	F5_S6	F5	S6	PMM
MEXA	1	0.000795680654236	SRR17140489	non-PMA	F5_S6	F5_S6	F5	S6	PMM
APH(3''')-III	1	0.00115433973702	SRR17140489	non-PMA	F5_S6	F5_S6	F5	S6	PMM
MAJOR_FACILITATOR_SUPERFAMILY_TRANSPORTER	251	0.196635394174	SRR17140489	non-PMA	F5_S6	F5_S6	F5	S6	PMM
CAMP-REGULATORY_PROTEIN	2	0.00373921092727	SRR17140489	non-PMA	F5_S6	F5_S6	F5	S6	PMM
STAPHYLOCOCCUS_MUPA_CONFERRING_RESISTANCE_TO_MUPIROCIN	2	0.000595206426899	SRR17140489	non-PMA	F5_S6	F5_S6	F5	S6	PMM
AAC(6')-IE-APH(2'')-IA	6	0.00381727378588	SRR17140489	non-PMA	F5_S6	F5_S6	F5	S6	PMM
VANR	11	0.0146384392851	SRR17140489	non-PMA	F5_S6	F5_S6	F5	S6	PMM
ROSB	4	0.00224490379796	SRR17140489	non-PMA	F5_S6	F5_S6	F5	S6	PMM
YOJI	1	0.000557121920608	SRR17140489	non-PMA	F5_S6	F5_S6	F5	S6	PMM
TETV	2	0.00148656434426	SRR17140489	non-PMA	F5_S6	F5_S6	F5	S6	PMM
DFRC	59	0.111676992197	SRR17140489	non-PMA	F5_S6	F5_S6	F5	S6	PMM
DFRF	2	0.00371641086064	SRR17140489	non-PMA	F5_S6	F5_S6	F5	S6	PMM
LSA	1	0.000611939137696	SRR17140489	non-PMA	F5_S6	F5_S6	F5	S6	PMM
LSAC	1	0.000619401810107	SRR17140489	non-PMA	F5_S6	F5_S6	F5	S6	PMM
UGD	46	0.0361296437277	SRR17140489	non-PMA	F5_S6	F5_S6	F5	S6	PMM
MDTC	2	0.000594625737702	SRR17140489	non-PMA	F5_S6	F5_S6	F5	S6	PMM
MDTB	3	0.000879074107421	SRR17140489	non-PMA	F5_S6	F5_S6	F5	S6	PMM
MDTA	2	0.00146865393047	SRR17140489	non-PMA	F5_S6	F5_S6	F5	S6	PMM
MDTG	10	0.00758073857145	SRR17140489	non-PMA	F5_S6	F5_S6	F5	S6	PMM
MDTD	1	0.000647018451322	SRR17140489	non-PMA	F5_S6	F5_S6	F5	S6	PMM
MDTK	5	0.00321461698916	SRR17140489	non-PMA	F5_S6	F5_S6	F5	S6	PMM
MDTH	3	0.00227422157144	SRR17140489	non-PMA	F5_S6	F5_S6	F5	S6	PMM
CPXA	4	0.00266735834199	SRR17140489	non-PMA	F5_S6	F5_S6	F5	S6	PMM
VANS	4	0.00272703078812	SRR17140489	non-PMA	F5_S6	F5_S6	F5	S6	PMM
MECR1	11	0.0102201298668	SRR17140489	non-PMA	F5_S6	F5_S6	F5	S6	PMM
VANU	4	0.0162531034972	SRR17140489	non-PMA	F5_S6	F5_S6	F5	S6	PMM
OXY	1	0.00104723605008	SRR17140489	non-PMA	F5_S6	F5_S6	F5	S6	PMM
BCRA	3	0.00295869602498	SRR17140489	non-PMA	F5_S6	F5_S6	F5	S6	PMM
VANB	1	0.00089106927068	SRR17140489	non-PMA	F5_S6	F5_S6	F5	S6	PMM
VAND	1	0.000888471401086	SRR17140489	non-PMA	F5_S6	F5_S6	F5	S6	PMM
ARR-8	1	0.00203163793715	SRR17140489	non-PMA	F5_S6	F5_S6	F5	S6	PMM
APH(3')-I	10	0.0112452284344	SRR17140489	non-PMA	F5_S6	F5_S6	F5	S6	PMM
BLEOMYCIN_RESISTANCE_PROTEIN	1	0.0033124531584	SRR17140489	non-PMA	F5_S6	F5_S6	F5	S6	PMM
EFRB	3	0.0025255167727	SRR17140489	non-PMA	F5_S6	F5_S6	F5	S6	PMM
EFRA	5	0.00314170815023	SRR17140489	non-PMA	F5_S6	F5_S6	F5	S6	PMM
EMRY	1	0.000595206426899	SRR17140489	non-PMA	F5_S6	F5_S6	F5	S6	PMM
TETA(60)	1	0.0005263310718	SRR17140489	non-PMA	F5_S6	F5_S6	F5	S6	PMM
BAER	3	0.00380932113216	SRR17140489	non-PMA	F5_S6	F5_S6	F5	S6	PMM
BAES	6	0.00391536219151	SRR17140489	non-PMA	F5_S6	F5_S6	F5	S6	PMM
EMRR	2	0.00346301921105	SRR17140489	non-PMA	F5_S6	F5_S6	F5	S6	PMM
EMRB-QACA_FAMILY_MAJOR_FACILITATOR_TRANSPORTER	155	0.0982028732614	SRR17140489	non-PMA	F5_S6	F5_S6	F5	S6	PMM
BIFUNCTIONAL_AMINOGLYCOSIDE_N-ACETYLTRANSFERASE_AND_AMINOGLYCOSIDE_PHOSPHOTRANSFERASE	6	0.00372397992553	SRR17140489	non-PMA	F5_S6	F5_S6	F5	S6	PMM
STREPTOMYCIN_RESISTANCE_PROTEIN	8	0.00864526781766	SRR17140489	non-PMA	F5_S6	F5_S6	F5	S6	PMM
EMRA	1	0.000781399206596	SRR17140489	non-PMA	F5_S6	F5_S6	F5	S6	PMM
EMRB	9	0.00535685784209	SRR17140489	non-PMA	F5_S6	F5_S6	F5	S6	PMM
EMRD	1	0.000773466219727	SRR17140489	non-PMA	F5_S6	F5_S6	F5	S6	PMM
TETS	13	0.00615169872274	SRR17140489	non-PMA	F5_S6	F5_S6	F5	S6	PMM
TETR	1	0.00146512351237	SRR17140489	non-PMA	F5_S6	F5_S6	F5	S6	PMM
ABCA	1	0.000209879952185	SRR17140489	non-PMA	F5_S6	F5_S6	F5	S6	PMM
ERMB	19	0.0236333392689	SRR17140489	non-PMA	F5_S6	F5_S6	F5	S6	PMM
ERMC	55	0.0686926761536	SRR17140489	non-PMA	F5_S6	F5_S6	F5	S6	PMM
FOSB	29	0.0635800361626	SRR17140489	non-PMA	F5_S6	F5_S6	F5	S6	PMM
ERMA	2	0.00212366334894	SRR17140489	non-PMA	F5_S6	F5_S6	F5	S6	PMM
ERMF	11	0.0126022653996	SRR17140489	non-PMA	F5_S6	F5_S6	F5	S6	PMM
ERMG	2	0.0024979154965	SRR17140489	non-PMA	F5_S6	F5_S6	F5	S6	PMM
HMRM	1	0.000656779505544	SRR17140489	non-PMA	F5_S6	F5_S6	F5	S6	PMM
ERMX	35	0.0421584947432	SRR17140489	non-PMA	F5_S6	F5_S6	F5	S6	PMM
ESCHERICHIA_COLI_MIPA	1	0.00122881326844	SRR17140489	non-PMA	F5_S6	F5_S6	F5	S6	PMM
ABES	1	0.0027958320236	SRR17140489	non-PMA	F5_S6	F5_S6	F5	S6	PMM
ESCHERICHIA_COLI_LAMB	5	0.00341643150866	SRR17140489	non-PMA	F5_S6	F5_S6	F5	S6	PMM
MECI	4	0.00991042896171	SRR17140489	non-PMA	F5_S6	F5_S6	F5	S6	PMM
TETQ	27	0.012523795503	SRR17140489	non-PMA	F5_S6	F5_S6	F5	S6	PMM
TETP	8	0.00579089198237	SRR17140489	non-PMA	F5_S6	F5_S6	F5	S6	PMM
MECA	10	0.00456206123611	SRR17140489	non-PMA	F5_S6	F5_S6	F5	S6	PMM
BACILLUS_SUBTILIS_MPRF	3	0.00106803396229	SRR17140489	non-PMA	F5_S6	F5_S6	F5	S6	PMM
SUL1	1	0.00107683989602	SRR17140489	non-PMA	F5_S6	F5_S6	F5	S6	PMM
TETW	31	0.0147842197304	SRR17140489	non-PMA	F5_S6	F5_S6	F5	S6	PMM
OXA	1	0.0011041510528	SRR17140489	non-PMA	F5_S6	F5_S6	F5	S6	PMM
TETM	59	0.0281377085192	SRR17140489	non-PMA	F5_S6	F5_S6	F5	S6	PMM
TETL	7	0.00465768522709	SRR17140489	non-PMA	F5_S6	F5_S6	F5	S6	PMM
PENA	1	0.000489158411834	SRR17140489	non-PMA	F5_S6	F5_S6	F5	S6	PMM
RIFAMPIN_MONOOXYGENASE	2	0.00127508657143	SRR17140489	non-PMA	F5_S6	F5_S6	F5	S6	PMM
TETA	18	0.013060529596	SRR17140489	non-PMA	F5_S6	F5_S6	F5	S6	PMM
QACB	166	0.098419814465	SRR17140489	non-PMA	F5_S6	F5_S6	F5	S6	PMM
QACA	48	0.0284587415321	SRR17140489	non-PMA	F5_S6	F5_S6	F5	S6	PMM
TETB	38	0.0257340805372	SRR17140489	non-PMA	F5_S6	F5_S6	F5	S6	PMM
KDPE	3	0.0040632758743	SRR17140489	non-PMA	F5_S6	F5_S6	F5	S6	PMM
SDIA	1	0.00126977371072	SRR17140489	non-PMA	F5_S6	F5_S6	F5	S6	PMM
AADA	1	0.00115872886149	SRR17140489	non-PMA	F5_S6	F5_S6	F5	S6	PMM
TRIC	6	0.00180145235806	SRR17140489	non-PMA	F5_S6	F5_S6	F5	S6	PMM
CAT_CHLORAMPHENICOL_ACETYLTRANSFERASE	10	0.0141742181662	SRR17140489	non-PMA	F5_S6	F5_S6	F5	S6	PMM
AADD	11	0.0132498126336	SRR17140489	non-PMA	F5_S6	F5_S6	F5	S6	PMM
AADE	5	0.00642923397832	SRR17140489	non-PMA	F5_S6	F5_S6	F5	S6	PMM
BICYCLOMYCIN-MULTIDRUG_EFFLUX_PROTEIN_BCR	2	0.00153911964936	SRR17140489	non-PMA	F5_S6	F5_S6	F5	S6	PMM
KASUGAMYCIN_RESISTANCE_PROTEIN_KSGA	1	0.00111628458085	SRR17140489	non-PMA	F5_S6	F5_S6	F5	S6	PMM
FUSD	9	0.0128765784749	SRR17140489	non-PMA	F5_S6	F5_S6	F5	S6	PMM
TAEA	2	0.000940573119051	SRR17140489	non-PMA	F5_S6	F5_S6	F5	S6	PMM
FUSB	12	0.0171687712999	SRR17140489	non-PMA	F5_S6	F5_S6	F5	S6	PMM
FUSC	3	0.00431243901753	SRR17140489	non-PMA	F5_S6	F5_S6	F5	S6	PMM
TRUNCATED_PUTATIVE_RESPONSE_REGULATOR_ARLR	120	0.16698394004	SRR17140489	non-PMA	F5_S6	F5_S6	F5	S6	PMM
TET35	1	0.000825869080142	SRR17140489	non-PMA	F5_S6	F5_S6	F5	S6	PMM
SAT-4	1	0.00169303161429	SRR17140489	non-PMA	F5_S6	F5_S6	F5	S6	PMM
TETB(46)	1	0.000527241679191	SRR17140489	non-PMA	F5_S6	F5_S6	F5	S6	PMM
MEL	8	0.00500608937285	SRR17140489	non-PMA	F5_S6	F5_S6	F5	S6	PMM
ANT(3'')-IIA	2	0.00232630298147	SRR17140489	non-PMA	F5_S6	F5_S6	F5	S6	PMM
RPOB2	604	0.158404816786	SRR17140489	non-PMA	F5_S6	F5_S6	F5	S6	PMM
ARNA	4	0.00184136368926	SRR17140489	non-PMA	F5_S6	F5_S6	F5	S6	PMM
TET(K)	76	0.0504589814455	SRR17140489	non-PMA	F5_S6	F5_S6	F5	S6	PMM
TET32	14	0.00667674439439	SRR17140489	non-PMA	F5_S6	F5_S6	F5	S6	PMM
MARR	100	0.207309993587	SRR17140489	non-PMA	F5_S6	F5_S6	F5	S6	PMM
TET(38)	4	0.00270885058287	SRR17140489	non-PMA	F5_S6	F5_S6	F5	S6	PMM
RPHA	1	0.000352307156731	SRR17140489	non-PMA	F5_S6	F5_S6	F5	S6	PMM
FARB	3	0.00179967927503	SRR17140489	non-PMA	F5_S6	F5_S6	F5	S6	PMM
MUXB	1	0.000292181870156	SRR17140489	non-PMA	F5_S6	F5_S6	F5	S6	PMM
PATA	1	0.000663933966389	SRR17140489	non-PMA	F5_S6	F5_S6	F5	S6	PMM
PATB	5	0.00392713518779	SRR17140489	non-PMA	F5_S6	F5_S6	F5	S6	PMM
MUXA	1	0.000715365470827	SRR17140489	non-PMA	F5_S6	F5_S6	F5	S6	PMM
OPRM	1	0.000651166005497	SRR17140489	non-PMA	F5_S6	F5_S6	F5	S6	PMM
ADES	1	0.000844170888012	SRR17140489	non-PMA	F5_S6	F5_S6	F5	S6	PMM
MEXW	3	0.000898071779683	SRR17140489	non-PMA	F5_S6	F5_S6	F5	S6	PMM
MEXT	1	0.00100245292951	SRR17140489	non-PMA	F5_S6	F5_S6	F5	S6	PMM
RLMA(II)	6	0.00648395086324	SRR17140489	non-PMA	F5_S6	F5_S6	F5	S6	PMM
CFXA3	2	0.00189872704407	SRR17140489	non-PMA	F5_S6	F5_S6	F5	S6	PMM
CFXA2	5	0.00474681761016	SRR17140489	non-PMA	F5_S6	F5_S6	F5	S6	PMM
VGAA	228	0.133107313124	SRR17140489	non-PMA	F5_S6	F5_S6	F5	S6	PMM
MSBA	6	0.00314170815023	SRR17140489	non-PMA	F5_S6	F5_S6	F5	S6	PMM
ADEF	9	0.00258990671875	SRR17140489	non-PMA	F5_S6	F5_S6	F5	S6	PMM
MEPR	2	0.00438483008018	SRR17140489	non-PMA	F5_S6	F5_S6	F5	S6	PMM
ADEA	4	0.00852435498105	SRR17140489	non-PMA	F5_S6	F5_S6	F5	S6	PMM
ADEB	3	0.000882468215943	SRR17140489	non-PMA	F5_S6	F5_S6	F5	S6	PMM
ADEC	1	0.000649777591839	SRR17140489	non-PMA	F5_S6	F5_S6	F5	S6	PMM
MEXF	12	0.00344345413076	SRR17140489	non-PMA	F5_S6	F5_S6	F5	S6	PMM
TRANSCRIPTIONAL_REGULATORY_PROTEIN_CPXR_CPXR	3	0.00394067703326	SRR17140489	non-PMA	F5_S6	F5_S6	F5	S6	PMM
ADEN	2	0.00280871604214	SRR17140489	non-PMA	F5_S6	F5_S6	F5	S6	PMM
MEXE	4	0.00307048554733	SRR17140489	non-PMA	F5_S6	F5_S6	F5	S6	PMM
MEXB	12	0.00349612646928	SRR17140489	non-PMA	F5_S6	F5_S6	F5	S6	PMM
ADEJ	4	0.00115215762031	SRR17140489	non-PMA	F5_S6	F5_S6	F5	S6	PMM
ADEK	2	0.00125927971311	SRR17140489	non-PMA	F5_S6	F5_S6	F5	S6	PMM
OQXA	1	0.000779400743152	SRR17140489	non-PMA	F5_S6	F5_S6	F5	S6	PMM
OQXB	12	0.00348280789226	SRR17140489	non-PMA	F5_S6	F5_S6	F5	S6	PMM
SMEE	6	0.00175814821484	SRR17140489	non-PMA	F5_S6	F5_S6	F5	S6	PMM
SMEB	2	0.000581021335696	SRR17140489	non-PMA	F5_S6	F5_S6	F5	S6	PMM
MACB	16	0.00757132150491	SRR17140489	non-PMA	F5_S6	F5_S6	F5	S6	PMM
MACA	1	0.000821416955721	SRR17140489	non-PMA	F5_S6	F5_S6	F5	S6	PMM
OMP36	1	0.00081265517486	SRR17140489	non-PMA	F5_S6	F5_S6	F5	S6	PMM
ERM(44)	6	0.00728475754356	SRR17140489	non-PMA	F5_S6	F5_S6	F5	S6	PMM
SMER	4	0.00532306883096	SRR17140489	non-PMA	F5_S6	F5_S6	F5	S6	PMM
PBP-1B	11	0.00408307258989	SRR17140489	non-PMA	F5_S6	F5_S6	F5	S6	PMM
PBP-1A	24	0.0101723179051	SRR17140489	non-PMA	F5_S6	F5_S6	F5	S6	PMM
RPHB	2	0.000689469888173	SRR17140489	non-PMA	F5_S6	F5_S6	F5	S6	PMM
TETA(48)	1	0.000888471401086	SRR17140489	non-PMA	F5_S6	F5_S6	F5	S6	PMM
ARLS	51	0.0344612643441	SRR17140489	non-PMA	F5_S6	F5_S6	F5	S6	PMM
MEPA	35	0.0505502330333	SRR17140489	non-PMA	F5_S6	F5_S6	F5	S6	PMM
DNA-BINDING_PROTEIN_H-NS	1	0.00222442109907	SRR17140489	non-PMA	F5_S6	F5_S6	F5	S6	PMM
ACRB	44	0.0128683401009	SRR17140489	non-PMA	F5_S6	F5_S6	F5	S6	PMM
ACRF	1	0.000294725039238	SRR17140489	non-PMA	F5_S6	F5_S6	F5	S6	PMM
ACRD	2	0.000587744822705	SRR17140489	non-PMA	F5_S6	F5_S6	F5	S6	PMM
QACG	23	0.0655060830202	SRR17140489	non-PMA	F5_S6	F5_S6	F5	S6	PMM
BLAZ	4	0.00203538109206	SRR17140491	non-PMA	F5_S5	F5_S5	F5	S5	Overhead 4
LNUA	4	0.00355243532217	SRR17140491	non-PMA	F5_S5	F5_S5	F5	S5	Overhead 4
OMPR	6	0.0037627768873	SRR17140491	non-PMA	F5_S5	F5_S5	F5	S5	Overhead 4
BACA	311	0.16288826833	SRR17140491	non-PMA	F5_S5	F5_S5	F5	S5	Overhead 4
ERM(TR)	8	0.00470734227876	SRR17140491	non-PMA	F5_S5	F5_S5	F5	S5	Overhead 4
OMPF	2	0.000814732317478	SRR17140491	non-PMA	F5_S5	F5_S5	F5	S5	Overhead 4
CHLORAMPHENICOL_EXPORTER	5	0.00150511075492	SRR17140491	non-PMA	F5_S5	F5_S5	F5	S5	Overhead 4
MSBA	7	0.00171975713406	SRR17140491	non-PMA	F5_S5	F5_S5	F5	S5	Overhead 4
MULTIDRUG_ABC_TRANSPORTER	394	0.0974676393714	SRR17140491	non-PMA	F5_S5	F5_S5	F5	S5	Overhead 4
LMRP	6	0.00211308652784	SRR17140491	non-PMA	F5_S5	F5_S5	F5	S5	Overhead 4
PBP-2X	249	0.0474711932102	SRR17140491	non-PMA	F5_S5	F5_S5	F5	S5	Overhead 4
MEXJ	2	0.000779212652411	SRR17140491	non-PMA	F5_S5	F5_S5	F5	S5	Overhead 4
LMRD	58	0.0125274324163	SRR17140491	non-PMA	F5_S5	F5_S5	F5	S5	Overhead 4
LMRC	46	0.0114988356626	SRR17140491	non-PMA	F5_S5	F5_S5	F5	S5	Overhead 4
MPHC	1042	0.498297369999	SRR17140491	non-PMA	F5_S5	F5_S5	F5	S5	Overhead 4
AXYY	6	0.000820969502684	SRR17140491	non-PMA	F5_S5	F5_S5	F5	S5	Overhead 4
MTRD	255	0.0341717975988	SRR17140491	non-PMA	F5_S5	F5_S5	F5	S5	Overhead 4
APH(6)-I	4	0.00215015822131	SRR17140491	non-PMA	F5_S5	F5_S5	F5	S5	Overhead 4
MEXF	44	0.00592407057963	SRR17140491	non-PMA	F5_S5	F5_S5	F5	S5	Overhead 4
FMTC	197	0.0335335092599	SRR17140491	non-PMA	F5_S5	F5_S5	F5	S5	Overhead 4
MTRE	74	0.0226572347047	SRR17140491	non-PMA	F5_S5	F5_S5	F5	S5	Overhead 4
MEFE	4	0.00141921113367	SRR17140491	non-PMA	F5_S5	F5_S5	F5	S5	Overhead 4
CLASS_A	83	0.0395593276752	SRR17140491	non-PMA	F5_S5	F5_S5	F5	S5	Overhead 4
MTRA	7	0.00438990636852	SRR17140491	non-PMA	F5_S5	F5_S5	F5	S5	Overhead 4
MEFA	279	0.0985011371831	SRR17140491	non-PMA	F5_S5	F5_S5	F5	S5	Overhead 4
MTRC	52	0.0180467163333	SRR17140491	non-PMA	F5_S5	F5_S5	F5	S5	Overhead 4
MDSB	1	0.000135531300206	SRR17140491	non-PMA	F5_S5	F5_S5	F5	S5	Overhead 4
MSRE	9	0.00262091587669	SRR17140491	non-PMA	F5_S5	F5_S5	F5	S5	Overhead 4
ROSA	2	0.000697490349841	SRR17140491	non-PMA	F5_S5	F5_S5	F5	S5	Overhead 4
AMRB	4	0.000547313001789	SRR17140491	non-PMA	F5_S5	F5_S5	F5	S5	Overhead 4
MSRA	1767	0.517736509989	SRR17140491	non-PMA	F5_S5	F5_S5	F5	S5	Overhead 4
NORB	12	0.00368203060217	SRR17140491	non-PMA	F5_S5	F5_S5	F5	S5	Overhead 4
NORA	351	0.12935030444	SRR17140491	non-PMA	F5_S5	F5_S5	F5	S5	Overhead 4
MTRR	30	0.0238309202862	SRR17140491	non-PMA	F5_S5	F5_S5	F5	S5	Overhead 4
TETO	1	0.00022376450973	SRR17140491	non-PMA	F5_S5	F5_S5	F5	S5	Overhead 4
APH(2'')-IF	1	0.000481432733055	SRR17140491	non-PMA	F5_S5	F5_S5	F5	S5	Overhead 4
APH(3''')-III	1	0.000541611824687	SRR17140491	non-PMA	F5_S5	F5_S5	F5	S5	Overhead 4
MAJOR_FACILITATOR_SUPERFAMILY_TRANSPORTER	338	0.124239347919	SRR17140491	non-PMA	F5_S5	F5_S5	F5	S5	Overhead 4
CEOB	1	0.000139226408683	SRR17140491	non-PMA	F5_S5	F5_S5	F5	S5	Overhead 4
ADC-22	1	0.00037333034391	SRR17140491	non-PMA	F5_S5	F5_S5	F5	S5	Overhead 4
CAMP-REGULATORY_PROTEIN	7	0.00614048252774	SRR17140491	non-PMA	F5_S5	F5_S5	F5	S5	Overhead 4
STAPHYLOCOCCUS_MUPA_CONFERRING_RESISTANCE_TO_MUPIROCIN	16	0.00223414877683	SRR17140491	non-PMA	F5_S5	F5_S5	F5	S5	Overhead 4
AAC(6')-IE-APH(2'')-IA	5	0.00149254198035	SRR17140491	non-PMA	F5_S5	F5_S5	F5	S5	Overhead 4
VANR	2	0.00124878184906	SRR17140491	non-PMA	F5_S5	F5_S5	F5	S5	Overhead 4
TET(W/N/W)	1	0.00022376450973	SRR17140491	non-PMA	F5_S5	F5_S5	F5	S5	Overhead 4
ROSB	1	0.000263325086036	SRR17140491	non-PMA	F5_S5	F5_S5	F5	S5	Overhead 4
YOJI	1	0.000261399491257	SRR17140491	non-PMA	F5_S5	F5_S5	F5	S5	Overhead 4
DFRC	128	0.11367793031	SRR17140491	non-PMA	F5_S5	F5_S5	F5	S5	Overhead 4
FLOR	1	0.000353924558706	SRR17140491	non-PMA	F5_S5	F5_S5	F5	S5	Overhead 4
LSAC	20	0.00581241958201	SRR17140491	non-PMA	F5_S5	F5_S5	F5	S5	Overhead 4
UGD	32	0.0117926203478	SRR17140491	non-PMA	F5_S5	F5_S5	F5	S5	Overhead 4
MDTG	108	0.0384140207599	SRR17140491	non-PMA	F5_S5	F5_S5	F5	S5	Overhead 4
MDTF	3	0.000413651461092	SRR17140491	non-PMA	F5_S5	F5_S5	F5	S5	Overhead 4
MDTK	72	0.0217193197545	SRR17140491	non-PMA	F5_S5	F5_S5	F5	S5	Overhead 4
MDTH	1	0.000355685377407	SRR17140491	non-PMA	F5_S5	F5_S5	F5	S5	Overhead 4
CPXA	3	0.000938635809961	SRR17140491	non-PMA	F5_S5	F5_S5	F5	S5	Overhead 4
MDTL	3	0.0010970756142	SRR17140491	non-PMA	F5_S5	F5_S5	F5	S5	Overhead 4
VANS	3	0.000959634373942	SRR17140491	non-PMA	F5_S5	F5_S5	F5	S5	Overhead 4
MECR1	1	0.000435931468651	SRR17140491	non-PMA	F5_S5	F5_S5	F5	S5	Overhead 4
TETC	1	0.000725814831053	SRR17140491	non-PMA	F5_S5	F5_S5	F5	S5	Overhead 4
BCRA	1	0.000462736316238	SRR17140491	non-PMA	F5_S5	F5_S5	F5	S5	Overhead 4
VANB	1	0.000418086320811	SRR17140491	non-PMA	F5_S5	F5_S5	F5	S5	Overhead 4
APH(3')-I	9	0.0047485966622	SRR17140491	non-PMA	F5_S5	F5_S5	F5	S5	Overhead 4
BLEOMYCIN_RESISTANCE_PROTEIN	1	0.00155419045345	SRR17140491	non-PMA	F5_S5	F5_S5	F5	S5	Overhead 4
EFRB	61	0.0240942453723	SRR17140491	non-PMA	F5_S5	F5_S5	F5	S5	Overhead 4
EFRA	19	0.00560149466522	SRR17140491	non-PMA	F5_S5	F5_S5	F5	S5	Overhead 4
TETA(60)	25	0.00617381354566	SRR17140491	non-PMA	F5_S5	F5_S5	F5	S5	Overhead 4
MVAT	7	0.00807176332276	SRR17140491	non-PMA	F5_S5	F5_S5	F5	S5	Overhead 4
BAER	1	0.000595773007156	SRR17140491	non-PMA	F5_S5	F5_S5	F5	S5	Overhead 4
BAES	2	0.000612357694721	SRR17140491	non-PMA	F5_S5	F5_S5	F5	S5	Overhead 4
EMRB-QACA_FAMILY_MAJOR_FACILITATOR_TRANSPORTER	315	0.0936391670291	SRR17140491	non-PMA	F5_S5	F5_S5	F5	S5	Overhead 4
MUXC	1	0.000138016912855	SRR17140491	non-PMA	F5_S5	F5_S5	F5	S5	Overhead 4
BIFUNCTIONAL_AMINOGLYCOSIDE_N-ACETYLTRANSFERASE_AND_AMINOGLYCOSIDE_PHOSPHOTRANSFERASE	4	0.00116485150075	SRR17140491	non-PMA	F5_S5	F5_S5	F5	S5	Overhead 4
EMRK	2	0.00073894326469	SRR17140491	non-PMA	F5_S5	F5_S5	F5	S5	Overhead 4
EMRA	13	0.00476618405725	SRR17140491	non-PMA	F5_S5	F5_S5	F5	S5	Overhead 4
EMRB	19	0.00530610334498	SRR17140491	non-PMA	F5_S5	F5_S5	F5	S5	Overhead 4
EMRD	1	0.000362907415526	SRR17140491	non-PMA	F5_S5	F5_S5	F5	S5	Overhead 4
ERM(33)	4	0.00235367113938	SRR17140491	non-PMA	F5_S5	F5_S5	F5	S5	Overhead 4
APH(3'')-I	1	0.000525682065138	SRR17140491	non-PMA	F5_S5	F5_S5	F5	S5	Overhead 4
ERMB	63	0.0367677055845	SRR17140491	non-PMA	F5_S5	F5_S5	F5	S5	Overhead 4
ERMC	158	0.0925889853744	SRR17140491	non-PMA	F5_S5	F5_S5	F5	S5	Overhead 4
FOSB	34	0.0349748758158	SRR17140491	non-PMA	F5_S5	F5_S5	F5	S5	Overhead 4
ERMA	1	0.000498207392744	SRR17140491	non-PMA	F5_S5	F5_S5	F5	S5	Overhead 4
ERMF	6	0.00322523733197	SRR17140491	non-PMA	F5_S5	F5_S5	F5	S5	Overhead 4
HMRM	5	0.00154079225989	SRR17140491	non-PMA	F5_S5	F5_S5	F5	S5	Overhead 4
ERMX	38	0.0214760862659	SRR17140491	non-PMA	F5_S5	F5_S5	F5	S5	Overhead 4
ADC-44	1	0.00037333034391	SRR17140491	non-PMA	F5_S5	F5_S5	F5	S5	Overhead 4
ERMT	1	0.000586006236547	SRR17140491	non-PMA	F5_S5	F5_S5	F5	S5	Overhead 4
ADC-42	1	0.00037333034391	SRR17140491	non-PMA	F5_S5	F5_S5	F5	S5	Overhead 4
TETB(60)	19	0.0046920982947	SRR17140491	non-PMA	F5_S5	F5_S5	F5	S5	Overhead 4
OPMH	5	0.00148325229997	SRR17140491	non-PMA	F5_S5	F5_S5	F5	S5	Overhead 4
TETQ	8	0.00174107180173	SRR17140491	non-PMA	F5_S5	F5_S5	F5	S5	Overhead 4
MECA	5	0.00107025091106	SRR17140491	non-PMA	F5_S5	F5_S5	F5	S5	Overhead 4
TETR	1	0.000687430392872	SRR17140491	non-PMA	F5_S5	F5_S5	F5	S5	Overhead 4
TETW	28	0.00626540627244	SRR17140491	non-PMA	F5_S5	F5_S5	F5	S5	Overhead 4
OXA	2	0.00103612696897	SRR17140491	non-PMA	F5_S5	F5_S5	F5	S5	Overhead 4
TETM	271	0.0606401821368	SRR17140491	non-PMA	F5_S5	F5_S5	F5	S5	Overhead 4
TETL	1	0.000312195462265	SRR17140491	non-PMA	F5_S5	F5_S5	F5	S5	Overhead 4
PENA	307	0.07045996014	SRR17140491	non-PMA	F5_S5	F5_S5	F5	S5	Overhead 4
TETA	6	0.00204265031025	SRR17140491	non-PMA	F5_S5	F5_S5	F5	S5	Overhead 4
QACB	78	0.0216981920116	SRR17140491	non-PMA	F5_S5	F5_S5	F5	S5	Overhead 4
QACA	14	0.00389454728413	SRR17140491	non-PMA	F5_S5	F5_S5	F5	S5	Overhead 4
TETB	24	0.0076258944916	SRR17140491	non-PMA	F5_S5	F5_S5	F5	S5	Overhead 4
TETD	1	0.000362907415526	SRR17140491	non-PMA	F5_S5	F5_S5	F5	S5	Overhead 4
SDIA	1	0.000595773007156	SRR17140491	non-PMA	F5_S5	F5_S5	F5	S5	Overhead 4
TRIC	22	0.00309919357417	SRR17140491	non-PMA	F5_S5	F5_S5	F5	S5	Overhead 4
CAT_CHLORAMPHENICOL_ACETYLTRANSFERASE	7	0.00465534256754	SRR17140491	non-PMA	F5_S5	F5_S5	F5	S5	Overhead 4
AADD	6	0.00339096098935	SRR17140491	non-PMA	F5_S5	F5_S5	F5	S5	Overhead 4
AADE	3	0.00180994331288	SRR17140491	non-PMA	F5_S5	F5_S5	F5	S5	Overhead 4
KASUGAMYCIN_RESISTANCE_PROTEIN_KSGA	9	0.00471380840827	SRR17140491	non-PMA	F5_S5	F5_S5	F5	S5	Overhead 4
FUSD	2	0.00134258705838	SRR17140491	non-PMA	F5_S5	F5_S5	F5	S5	Overhead 4
TAEA	4	0.000882626677268	SRR17140491	non-PMA	F5_S5	F5_S5	F5	S5	Overhead 4
FUSB	2	0.00134258705838	SRR17140491	non-PMA	F5_S5	F5_S5	F5	S5	Overhead 4
CARO	1	0.000590849263295	SRR17140491	non-PMA	F5_S5	F5_S5	F5	S5	Overhead 4
TRUNCATED_PUTATIVE_RESPONSE_REGULATOR_ARLR	188	0.122745562022	SRR17140491	non-PMA	F5_S5	F5_S5	F5	S5	Overhead 4
TET35	3	0.0011624839164	SRR17140491	non-PMA	F5_S5	F5_S5	F5	S5	Overhead 4
TET32	4	0.00089505803892	SRR17140491	non-PMA	F5_S5	F5_S5	F5	S5	Overhead 4
TETA(46)	103	0.0256576807263	SRR17140491	non-PMA	F5_S5	F5_S5	F5	S5	Overhead 4
TETB(46)	109	0.0269643976941	SRR17140491	non-PMA	F5_S5	F5_S5	F5	S5	Overhead 4
MEL	321	0.0942471303312	SRR17140491	non-PMA	F5_S5	F5_S5	F5	S5	Overhead 4
ANT(3'')-IIA	2	0.00109149253219	SRR17140491	non-PMA	F5_S5	F5_S5	F5	S5	Overhead 4
ARNA	18	0.00388782385334	SRR17140491	non-PMA	F5_S5	F5_S5	F5	S5	Overhead 4
TET(K)	26	0.00809939774434	SRR17140491	non-PMA	F5_S5	F5_S5	F5	S5	Overhead 4
MARR	185	0.179947765427	SRR17140491	non-PMA	F5_S5	F5_S5	F5	S5	Overhead 4
TET(38)	2	0.000635491207633	SRR17140491	non-PMA	F5_S5	F5_S5	F5	S5	Overhead 4
FARA	2	0.000744716258945	SRR17140491	non-PMA	F5_S5	F5_S5	F5	S5	Overhead 4
FARB	68	0.0191397942456	SRR17140491	non-PMA	F5_S5	F5_S5	F5	S5	Overhead 4
MUXB	3	0.000411271874547	SRR17140491	non-PMA	F5_S5	F5_S5	F5	S5	Overhead 4
PMRF	1	0.000444054415272	SRR17140491	non-PMA	F5_S5	F5_S5	F5	S5	Overhead 4
PATB	161	0.059331621125	SRR17140491	non-PMA	F5_S5	F5_S5	F5	S5	Overhead 4
OPCM	2	0.000558537194209	SRR17140491	non-PMA	F5_S5	F5_S5	F5	S5	Overhead 4
ERM(38)	1	0.000379271940895	SRR17140491	non-PMA	F5_S5	F5_S5	F5	S5	Overhead 4
OPRN	8	0.00242348341894	SRR17140491	non-PMA	F5_S5	F5_S5	F5	S5	Overhead 4
ADER	1	0.000578888751892	SRR17140491	non-PMA	F5_S5	F5_S5	F5	S5	Overhead 4
MEPA	43	0.0291392295443	SRR17140491	non-PMA	F5_S5	F5_S5	F5	S5	Overhead 4
CFXA6	1	0.000431980428149	SRR17140491	non-PMA	F5_S5	F5_S5	F5	S5	Overhead 4
MEXT	16	0.0075255537746	SRR17140491	non-PMA	F5_S5	F5_S5	F5	S5	Overhead 4
RLMA(II)	119	0.0603378620013	SRR17140491	non-PMA	F5_S5	F5_S5	F5	S5	Overhead 4
CFXA2	8	0.00356350209888	SRR17140491	non-PMA	F5_S5	F5_S5	F5	S5	Overhead 4
VGAA	83	0.0227352457903	SRR17140491	non-PMA	F5_S5	F5_S5	F5	S5	Overhead 4
MEXN	3	0.000414050738564	SRR17140491	non-PMA	F5_S5	F5_S5	F5	S5	Overhead 4
ADEF	4	0.000540077513569	SRR17140491	non-PMA	F5_S5	F5_S5	F5	S5	Overhead 4
MEPR	4	0.00411469127244	SRR17140491	non-PMA	F5_S5	F5_S5	F5	S5	Overhead 4
MEXK	22	0.0030689575393	SRR17140491	non-PMA	F5_S5	F5_S5	F5	S5	Overhead 4
ADEB	4	0.000552067651419	SRR17140491	non-PMA	F5_S5	F5_S5	F5	S5	Overhead 4
ADEL	1	0.000424289381951	SRR17140491	non-PMA	F5_S5	F5_S5	F5	S5	Overhead 4
MEXD	2	0.000274181249698	SRR17140491	non-PMA	F5_S5	F5_S5	F5	S5	Overhead 4
MEXE	19	0.00684313580008	SRR17140491	non-PMA	F5_S5	F5_S5	F5	S5	Overhead 4
MEXB	39	0.00533120014052	SRR17140491	non-PMA	F5_S5	F5_S5	F5	S5	Overhead 4
ADEI	2	0.000687430392872	SRR17140491	non-PMA	F5_S5	F5_S5	F5	S5	Overhead 4
ADEJ	2	0.000270293991904	SRR17140491	non-PMA	F5_S5	F5_S5	F5	S5	Overhead 4
OQXB	6	0.0008170601241	SRR17140491	non-PMA	F5_S5	F5_S5	F5	S5	Overhead 4
MACB	219	0.0486239584722	SRR17140491	non-PMA	F5_S5	F5_S5	F5	S5	Overhead 4
MACA	84	0.0323740803889	SRR17140491	non-PMA	F5_S5	F5_S5	F5	S5	Overhead 4
SMER	3	0.00187317277359	SRR17140491	non-PMA	F5_S5	F5_S5	F5	S5	Overhead 4
PBP-1B	209	0.036399481168	SRR17140491	non-PMA	F5_S5	F5_S5	F5	S5	Overhead 4
PBP-1A	319	0.0634386389817	SRR17140491	non-PMA	F5_S5	F5_S5	F5	S5	Overhead 4
OPRM	5	0.00152762309527	SRR17140491	non-PMA	F5_S5	F5_S5	F5	S5	Overhead 4
RPOB2	736	0.0905657005026	SRR17140491	non-PMA	F5_S5	F5_S5	F5	S5	Overhead 4
TETA(48)	2	0.00083373482051	SRR17140491	non-PMA	F5_S5	F5_S5	F5	S5	Overhead 4
ARLS	85	0.0269484907893	SRR17140491	non-PMA	F5_S5	F5_S5	F5	S5	Overhead 4
MEXY	1	0.000136828250447	SRR17140491	non-PMA	F5_S5	F5_S5	F5	S5	Overhead 4
ACRB	13	0.00178388846672	SRR17140491	non-PMA	F5_S5	F5_S5	F5	S5	Overhead 4
CATQ	34	0.0221986654721	SRR17140491	non-PMA	F5_S5	F5_S5	F5	S5	Overhead 4
ACRA	1	0.000358359703552	SRR17140491	non-PMA	F5_S5	F5_S5	F5	S5	Overhead 4
TRANSCRIPTIONAL_REGULATORY_PROTEIN_CPXR_CPXR	12	0.00739580284745	SRR17140491	non-PMA	F5_S5	F5_S5	F5	S5	Overhead 4
ACRD	2	0.000275767640728	SRR17140491	non-PMA	F5_S5	F5_S5	F5	S5	Overhead 4
MEXW	1	0.000140457290489	SRR17140491	non-PMA	F5_S5	F5_S5	F5	S5	Overhead 4
TOLC	4	0.00115543855933	SRR17140491	non-PMA	F5_S5	F5_S5	F5	S5	Overhead 4
BLAZ	5	0.00626516524373	SRR17140493	non-PMA	F5_S4	F5_S4	F5	S4	Dining table
LNUA	4	0.00874788289932	SRR17140493	non-PMA	F5_S4	F5_S4	F5	S4	Dining table
OMPR	5	0.00772154137495	SRR17140493	non-PMA	F5_S4	F5_S4	F5	S4	Dining table
BACA	126	0.162508747707	SRR17140493	non-PMA	F5_S4	F5_S4	F5	S4	Dining table
ERM(TR)	1	0.00144898060369	SRR17140493	non-PMA	F5_S4	F5_S4	F5	S4	Dining table
CHLORAMPHENICOL_EXPORTER	2	0.00148253594399	SRR17140493	non-PMA	F5_S4	F5_S4	F5	S4	Dining table
BPEF	1	0.000331858894154	SRR17140493	non-PMA	F5_S4	F5_S4	F5	S4	Dining table
APH(3'')-I	1	0.00129449370109	SRR17140493	non-PMA	F5_S4	F5_S4	F5	S4	Dining table
RBPA	1	0.00308861654998	SRR17140493	non-PMA	F5_S4	F5_S4	F5	S4	Dining table
MULTIDRUG_ABC_TRANSPORTER	155	0.0944218934916	SRR17140493	non-PMA	F5_S4	F5_S4	F5	S4	Dining table
LMRP	12	0.0104069641389	SRR17140493	non-PMA	F5_S4	F5_S4	F5	S4	Dining table
ERMB	5	0.00718576095302	SRR17140493	non-PMA	F5_S4	F5_S4	F5	S4	Dining table
PBP-2X	53	0.0248818949266	SRR17140493	non-PMA	F5_S4	F5_S4	F5	S4	Dining table
LMRD	68	0.0361676064886	SRR17140493	non-PMA	F5_S4	F5_S4	F5	S4	Dining table
LMRC	53	0.032624862229	SRR17140493	non-PMA	F5_S4	F5_S4	F5	S4	Dining table
MEXK	3	0.00103054327814	SRR17140493	non-PMA	F5_S4	F5_S4	F5	S4	Dining table
MPHC	34	0.0400383871161	SRR17140493	non-PMA	F5_S4	F5_S4	F5	S4	Dining table
AXYY	2	0.000673879974541	SRR17140493	non-PMA	F5_S4	F5_S4	F5	S4	Dining table
APH(6)-I	4	0.00529477122854	SRR17140493	non-PMA	F5_S4	F5_S4	F5	S4	Dining table
MEXF	15	0.0049731961398	SRR17140493	non-PMA	F5_S4	F5_S4	F5	S4	Dining table
FMTC	60	0.0251501633356	SRR17140493	non-PMA	F5_S4	F5_S4	F5	S4	Dining table
MEXD	7	0.00236310259529	SRR17140493	non-PMA	F5_S4	F5_S4	F5	S4	Dining table
MTRE	9	0.00678569717405	SRR17140493	non-PMA	F5_S4	F5_S4	F5	S4	Dining table
MTRD	29	0.00956979036011	SRR17140493	non-PMA	F5_S4	F5_S4	F5	S4	Dining table
CLASS_A	48	0.0563363658716	SRR17140493	non-PMA	F5_S4	F5_S4	F5	S4	Dining table
MTRA	5	0.00772154137495	SRR17140493	non-PMA	F5_S4	F5_S4	F5	S4	Dining table
MEFA	36	0.0312979810398	SRR17140493	non-PMA	F5_S4	F5_S4	F5	S4	Dining table
MTRC	1	0.000854617200723	SRR17140493	non-PMA	F5_S4	F5_S4	F5	S4	Dining table
MDSB	1	0.000333746243315	SRR17140493	non-PMA	F5_S4	F5_S4	F5	S4	Dining table
ADEH	2	0.00145798048322	SRR17140493	non-PMA	F5_S4	F5_S4	F5	S4	Dining table
METALLO-BETA-LACTAMASE	1	0.0012141458162	SRR17140493	non-PMA	F5_S4	F5_S4	F5	S4	Dining table
ROSA	2	0.00171757213023	SRR17140493	non-PMA	F5_S4	F5_S4	F5	S4	Dining table
AMRB	2	0.000673879974541	SRR17140493	non-PMA	F5_S4	F5_S4	F5	S4	Dining table
MSRA	107	0.077202755485	SRR17140493	non-PMA	F5_S4	F5_S4	F5	S4	Dining table
NORB	1	0.000755584306218	SRR17140493	non-PMA	F5_S4	F5_S4	F5	S4	Dining table
NORA	72	0.0653385686656	SRR17140493	non-PMA	F5_S4	F5_S4	F5	S4	Dining table
MEL	66	0.0477181743779	SRR17140493	non-PMA	F5_S4	F5_S4	F5	S4	Dining table
MEXA	2	0.00183865423863	SRR17140493	non-PMA	F5_S4	F5_S4	F5	S4	Dining table
APH(3''')-III	4	0.00533488313179	SRR17140493	non-PMA	F5_S4	F5_S4	F5	S4	Dining table
MAJOR_FACILITATOR_SUPERFAMILY_TRANSPORTER	117	0.105902230189	SRR17140493	non-PMA	F5_S4	F5_S4	F5	S4	Dining table
CEOB	1	0.000342845459297	SRR17140493	non-PMA	F5_S4	F5_S4	F5	S4	Dining table
ADC-23	3	0.00275798135795	SRR17140493	non-PMA	F5_S4	F5_S4	F5	S4	Dining table
CAMP-REGULATORY_PROTEIN	4	0.00864054691283	SRR17140493	non-PMA	F5_S4	F5_S4	F5	S4	Dining table
AAC(6')-IE-APH(2'')-IA	5	0.00367538921396	SRR17140493	non-PMA	F5_S4	F5_S4	F5	S4	Dining table
ROSB	1	0.000648438833698	SRR17140493	non-PMA	F5_S4	F5_S4	F5	S4	Dining table
ABEM	1	0.000785942604236	SRR17140493	non-PMA	F5_S4	F5_S4	F5	S4	Dining table
YOJI	1	0.000643697050636	SRR17140493	non-PMA	F5_S4	F5_S4	F5	S4	Dining table
DFRC	48	0.104974594792	SRR17140493	non-PMA	F5_S4	F5_S4	F5	S4	Dining table
LSAC	10	0.00715655054264	SRR17140493	non-PMA	F5_S4	F5_S4	F5	S4	Dining table
UGD	23	0.0208720427682	SRR17140493	non-PMA	F5_S4	F5_S4	F5	S4	Dining table
MDTB	4	0.00135423956422	SRR17140493	non-PMA	F5_S4	F5_S4	F5	S4	Dining table
MDTG	32	0.0280280427222	SRR17140493	non-PMA	F5_S4	F5_S4	F5	S4	Dining table
MDTK	8	0.00594265462781	SRR17140493	non-PMA	F5_S4	F5_S4	F5	S4	Dining table
MSBA	3	0.00181496024071	SRR17140493	non-PMA	F5_S4	F5_S4	F5	S4	Dining table
MDTL	5	0.00450258678642	SRR17140493	non-PMA	F5_S4	F5_S4	F5	S4	Dining table
VANS	11	0.00866470951605	SRR17140493	non-PMA	F5_S4	F5_S4	F5	S4	Dining table
VANR	4	0.00615025828293	SRR17140493	non-PMA	F5_S4	F5_S4	F5	S4	Dining table
MTRR	1	0.00195612381499	SRR17140493	non-PMA	F5_S4	F5_S4	F5	S4	Dining table
APH(3')-I	2	0.00259854086124	SRR17140493	non-PMA	F5_S4	F5_S4	F5	S4	Dining table
BLEOMYCIN_RESISTANCE_PROTEIN	2	0.00765439753691	SRR17140493	non-PMA	F5_S4	F5_S4	F5	S4	Dining table
EFRB	33	0.032097722268	SRR17140493	non-PMA	F5_S4	F5_S4	F5	S4	Dining table
EFRA	10	0.00725984096284	SRR17140493	non-PMA	F5_S4	F5_S4	F5	S4	Dining table
VANN	2	0.002053074558	SRR17140493	non-PMA	F5_S4	F5_S4	F5	S4	Dining table
TETA(60)	1	0.00060812139326	SRR17140493	non-PMA	F5_S4	F5_S4	F5	S4	Dining table
MVAT	1	0.00283953457014	SRR17140493	non-PMA	F5_S4	F5_S4	F5	S4	Dining table
EMRB-QACA_FAMILY_MAJOR_FACILITATOR_TRANSPORTER	126	0.0922346946443	SRR17140493	non-PMA	F5_S4	F5_S4	F5	S4	Dining table
BIFUNCTIONAL_AMINOGLYCOSIDE_N-ACETYLTRANSFERASE_AND_AMINOGLYCOSIDE_PHOSPHOTRANSFERASE	1	0.000717112600199	SRR17140493	non-PMA	F5_S4	F5_S4	F5	S4	Dining table
TETQ	3	0.00160777299862	SRR17140493	non-PMA	F5_S4	F5_S4	F5	S4	Dining table
EVGS	1	0.000294153957141	SRR17140493	non-PMA	F5_S4	F5_S4	F5	S4	Dining table
EMRB	7	0.00481389845095	SRR17140493	non-PMA	F5_S4	F5_S4	F5	S4	Dining table
ERM(33)	1	0.00144898060369	SRR17140493	non-PMA	F5_S4	F5_S4	F5	S4	Dining table
ABCA	1	0.000242494687808	SRR17140493	non-PMA	F5_S4	F5_S4	F5	S4	Dining table
MDFA	2	0.00171757213023	SRR17140493	non-PMA	F5_S4	F5_S4	F5	S4	Dining table
ERMC	50	0.0721521079299	SRR17140493	non-PMA	F5_S4	F5_S4	F5	S4	Dining table
FOSB	10	0.0253310997624	SRR17140493	non-PMA	F5_S4	F5_S4	F5	S4	Dining table
ERMF	1	0.00132369280713	SRR17140493	non-PMA	F5_S4	F5_S4	F5	S4	Dining table
HMRM	1	0.000758841135125	SRR17140493	non-PMA	F5_S4	F5_S4	F5	S4	Dining table
ERMX	26	0.0361844247199	SRR17140493	non-PMA	F5_S4	F5_S4	F5	S4	Dining table
TETW	5	0.00275510396477	SRR17140493	non-PMA	F5_S4	F5_S4	F5	S4	Dining table
TETB(60)	6	0.00364872835956	SRR17140493	non-PMA	F5_S4	F5_S4	F5	S4	Dining table
OPMH	3	0.00219150800849	SRR17140493	non-PMA	F5_S4	F5_S4	F5	S4	Dining table
OPMB	1	0.000707032704212	SRR17140493	non-PMA	F5_S4	F5_S4	F5	S4	Dining table
TETS	2	0.00109348536242	SRR17140493	non-PMA	F5_S4	F5_S4	F5	S4	Dining table
TETR	2	0.00338559891056	SRR17140493	non-PMA	F5_S4	F5_S4	F5	S4	Dining table
SUL1	4	0.00497671076605	SRR17140493	non-PMA	F5_S4	F5_S4	F5	S4	Dining table
SUL2	1	0.00129927043062	SRR17140493	non-PMA	F5_S4	F5_S4	F5	S4	Dining table
OXA	2	0.00255146584564	SRR17140493	non-PMA	F5_S4	F5_S4	F5	S4	Dining table
QACH	1	0.00320092987907	SRR17140493	non-PMA	F5_S4	F5_S4	F5	S4	Dining table
TETM	46	0.0253469564759	SRR17140493	non-PMA	F5_S4	F5_S4	F5	S4	Dining table
PENA	30	0.0169551662936	SRR17140493	non-PMA	F5_S4	F5_S4	F5	S4	Dining table
TETA	7	0.00586837144496	SRR17140493	non-PMA	F5_S4	F5_S4	F5	S4	Dining table
QACB	37	0.025345884451	SRR17140493	non-PMA	F5_S4	F5_S4	F5	S4	Dining table
QACA	4	0.00274009561633	SRR17140493	non-PMA	F5_S4	F5_S4	F5	S4	Dining table
TETB	9	0.00704204573396	SRR17140493	non-PMA	F5_S4	F5_S4	F5	S4	Dining table
LISTERIA_MONOCYTOGENES_MPRF	1	0.000407054666703	SRR17140493	non-PMA	F5_S4	F5_S4	F5	S4	Dining table
TRIC	5	0.00173449402314	SRR17140493	non-PMA	F5_S4	F5_S4	F5	S4	Dining table
TETO	2	0.00110204158591	SRR17140493	non-PMA	F5_S4	F5_S4	F5	S4	Dining table
AADD	4	0.0055668345723	SRR17140493	non-PMA	F5_S4	F5_S4	F5	S4	Dining table
AADE	1	0.00148566365695	SRR17140493	non-PMA	F5_S4	F5_S4	F5	S4	Dining table
KASUGAMYCIN_RESISTANCE_PROTEIN_KSGA	1	0.00128975196593	SRR17140493	non-PMA	F5_S4	F5_S4	F5	S4	Dining table
FUSD	3	0.00495918713659	SRR17140493	non-PMA	F5_S4	F5_S4	F5	S4	Dining table
TAEA	1	0.000543367726386	SRR17140493	non-PMA	F5_S4	F5_S4	F5	S4	Dining table
FUSB	4	0.00661224951545	SRR17140493	non-PMA	F5_S4	F5_S4	F5	S4	Dining table
CARO	1	0.00145496812685	SRR17140493	non-PMA	F5_S4	F5_S4	F5	S4	Dining table
TRUNCATED_PUTATIVE_RESPONSE_REGULATOR_ARLR	93	0.149522888872	SRR17140493	non-PMA	F5_S4	F5_S4	F5	S4	Dining table
TET32	2	0.00110204158591	SRR17140493	non-PMA	F5_S4	F5_S4	F5	S4	Dining table
TETA(46)	3	0.00184025585382	SRR17140493	non-PMA	F5_S4	F5_S4	F5	S4	Dining table
TETB(46)	3	0.00182752051919	SRR17140493	non-PMA	F5_S4	F5_S4	F5	S4	Dining table
ANT(3'')-IIC	1	0.00135946828841	SRR17140493	non-PMA	F5_S4	F5_S4	F5	S4	Dining table
ANT(3'')-IIA	1	0.00134390185763	SRR17140493	non-PMA	F5_S4	F5_S4	F5	S4	Dining table
ARNA	3	0.00159562969803	SRR17140493	non-PMA	F5_S4	F5_S4	F5	S4	Dining table
TET(K)	18	0.0138079328117	SRR17140493	non-PMA	F5_S4	F5_S4	F5	S4	Dining table
MARR	44	0.105391160644	SRR17140493	non-PMA	F5_S4	F5_S4	F5	S4	Dining table
FARB	1	0.000693114737594	SRR17140493	non-PMA	F5_S4	F5_S4	F5	S4	Dining table
MUXB	1	0.000337586085041	SRR17140493	non-PMA	F5_S4	F5_S4	F5	S4	Dining table
PATB	43	0.0390216451753	SRR17140493	non-PMA	F5_S4	F5_S4	F5	S4	Dining table
OPRN	2	0.00149195884194	SRR17140493	non-PMA	F5_S4	F5_S4	F5	S4	Dining table
MEXX	1	0.000889147188631	SRR17140493	non-PMA	F5_S4	F5_S4	F5	S4	Dining table
MEPA	13	0.0216935058155	SRR17140493	non-PMA	F5_S4	F5_S4	F5	S4	Dining table
MEXW	3	0.00103762952858	SRR17140493	non-PMA	F5_S4	F5_S4	F5	S4	Dining table
MEXT	8	0.00926584964994	SRR17140493	non-PMA	F5_S4	F5_S4	F5	S4	Dining table
RLMA(II)	23	0.0287175623902	SRR17140493	non-PMA	F5_S4	F5_S4	F5	S4	Dining table
CFXA3	2	0.00219378371774	SRR17140493	non-PMA	F5_S4	F5_S4	F5	S4	Dining table
CFXA2	9	0.00987202672985	SRR17140493	non-PMA	F5_S4	F5_S4	F5	S4	Dining table
VGAA	31	0.0209102890568	SRR17140493	non-PMA	F5_S4	F5_S4	F5	S4	Dining table
MEXN	3	0.00101960121631	SRR17140493	non-PMA	F5_S4	F5_S4	F5	S4	Dining table
ADEF	4	0.0013299425371	SRR17140493	non-PMA	F5_S4	F5_S4	F5	S4	Dining table
MEPR	8	0.0202648798099	SRR17140493	non-PMA	F5_S4	F5_S4	F5	S4	Dining table
ADEA	1	0.00246225375313	SRR17140493	non-PMA	F5_S4	F5_S4	F5	S4	Dining table
ADEB	6	0.00203920243261	SRR17140493	non-PMA	F5_S4	F5_S4	F5	S4	Dining table
MEXI	1	0.000342179093001	SRR17140493	non-PMA	F5_S4	F5_S4	F5	S4	Dining table
ADEL	3	0.00313444172135	SRR17140493	non-PMA	F5_S4	F5_S4	F5	S4	Dining table
TRANSCRIPTIONAL_REGULATORY_PROTEIN_CPXR_CPXR	7	0.0106237758917	SRR17140493	non-PMA	F5_S4	F5_S4	F5	S4	Dining table
ADEN	1	0.00162259118294	SRR17140493	non-PMA	F5_S4	F5_S4	F5	S4	Dining table
MEXE	4	0.00354763009267	SRR17140493	non-PMA	F5_S4	F5_S4	F5	S4	Dining table
MEXB	13	0.00437603224385	SRR17140493	non-PMA	F5_S4	F5_S4	F5	S4	Dining table
ADEI	2	0.00169279945528	SRR17140493	non-PMA	F5_S4	F5_S4	F5	S4	Dining table
ADEJ	4	0.00133119957164	SRR17140493	non-PMA	F5_S4	F5_S4	F5	S4	Dining table
ADEK	1	0.000727484063425	SRR17140493	non-PMA	F5_S4	F5_S4	F5	S4	Dining table
OQXB	2	0.000670671022282	SRR17140493	non-PMA	F5_S4	F5_S4	F5	S4	Dining table
SMEF	1	0.000742831828476	SRR17140493	non-PMA	F5_S4	F5_S4	F5	S4	Dining table
SMEE	2	0.000677119782111	SRR17140493	non-PMA	F5_S4	F5_S4	F5	S4	Dining table
SMED	1	0.000893660626137	SRR17140493	non-PMA	F5_S4	F5_S4	F5	S4	Dining table
SMEB	2	0.000671310365487	SRR17140493	non-PMA	F5_S4	F5_S4	F5	S4	Dining table
MACB	16	0.00874788289932	SRR17140493	non-PMA	F5_S4	F5_S4	F5	S4	Dining table
MACA	8	0.00759250213904	SRR17140493	non-PMA	F5_S4	F5_S4	F5	S4	Dining table
SMER	1	0.00153756457073	SRR17140493	non-PMA	F5_S4	F5_S4	F5	S4	Dining table
PBP-1B	57	0.0244455911593	SRR17140493	non-PMA	F5_S4	F5_S4	F5	S4	Dining table
PBP-1A	93	0.0455431330499	SRR17140493	non-PMA	F5_S4	F5_S4	F5	S4	Dining table
OPRM	5	0.00376177656728	SRR17140493	non-PMA	F5_S4	F5_S4	F5	S4	Dining table
RPOB2	459	0.139083433386	SRR17140493	non-PMA	F5_S4	F5_S4	F5	S4	Dining table
TETA(48)	1	0.001026537279	SRR17140493	non-PMA	F5_S4	F5_S4	F5	S4	Dining table
ARLS	27	0.0210792943256	SRR17140493	non-PMA	F5_S4	F5_S4	F5	S4	Dining table
MEXY	4	0.00134775994908	SRR17140493	non-PMA	F5_S4	F5_S4	F5	S4	Dining table
ACRB	9	0.00304119057608	SRR17140493	non-PMA	F5_S4	F5_S4	F5	S4	Dining table
ACRA	1	0.000882461871423	SRR17140493	non-PMA	F5_S4	F5_S4	F5	S4	Dining table
ACRF	1	0.00034052445522	SRR17140493	non-PMA	F5_S4	F5_S4	F5	S4	Dining table
ACRD	1	0.000339539331435	SRR17140493	non-PMA	F5_S4	F5_S4	F5	S4	Dining table
TOLC	1	0.000711317750905	SRR17140493	non-PMA	F5_S4	F5_S4	F5	S4	Dining table
FUSC	2	0.00332171968583	SRR17140493	non-PMA	F5_S4	F5_S4	F5	S4	Dining table
BLAZ	15	0.0122247371084	SRR17140495	non-PMA	F5_S3	F5_S3	F5	S3	Exercise platform
LNUA	97	0.137975014229	SRR17140495	non-PMA	F5_S3	F5_S3	F5	S3	Exercise platform
OMPR	1	0.00100443015423	SRR17140495	non-PMA	F5_S3	F5_S3	F5	S3	Exercise platform
BACA	328	0.275147636094	SRR17140495	non-PMA	F5_S3	F5_S3	F5	S3	Exercise platform
TETS	1	0.000355605706776	SRR17140495	non-PMA	F5_S3	F5_S3	F5	S3	Exercise platform
ERM(TR)	5	0.00471214146428	SRR17140495	non-PMA	F5_S3	F5_S3	F5	S3	Exercise platform
COB(I)ALAMIN_ADENOLSYLTRANSFERASE	1	0.00116841875084	SRR17140495	non-PMA	F5_S3	F5_S3	F5	S3	Exercise platform
OMPF	3	0.00195735106978	SRR17140495	non-PMA	F5_S3	F5_S3	F5	S3	Exercise platform
CHLORAMPHENICOL_EXPORTER	15	0.00723189711044	SRR17140495	non-PMA	F5_S3	F5_S3	F5	S3	Exercise platform
BPEF	1	0.000215843614669	SRR17140495	non-PMA	F5_S3	F5_S3	F5	S3	Exercise platform
EPTA	1	0.000418665585309	SRR17140495	non-PMA	F5_S3	F5_S3	F5	S3	Exercise platform
ABCA	1	0.000157720437441	SRR17140495	non-PMA	F5_S3	F5_S3	F5	S3	Exercise platform
RBPA	16	0.0321417649353	SRR17140495	non-PMA	F5_S3	F5_S3	F5	S3	Exercise platform
MULTIDRUG_ABC_TRANSPORTER	436	0.17274808438	SRR17140495	non-PMA	F5_S3	F5_S3	F5	S3	Exercise platform
ADC-80	1	0.000597937533065	SRR17140495	non-PMA	F5_S3	F5_S3	F5	S3	Exercise platform
TET44	3	0.00107348472733	SRR17140495	non-PMA	F5_S3	F5_S3	F5	S3	Exercise platform
LMRP	2	0.00112812844908	SRR17140495	non-PMA	F5_S3	F5_S3	F5	S3	Exercise platform
MDFA	6	0.00335136695362	SRR17140495	non-PMA	F5_S3	F5_S3	F5	S3	Exercise platform
PBP-2X	46	0.0140459512767	SRR17140495	non-PMA	F5_S3	F5_S3	F5	S3	Exercise platform
LMRD	15	0.00518905004148	SRR17140495	non-PMA	F5_S3	F5_S3	F5	S3	Exercise platform
LMRC	11	0.004404039907	SRR17140495	non-PMA	F5_S3	F5_S3	F5	S3	Exercise platform
RAMA	1	0.00184685544487	SRR17140495	non-PMA	F5_S3	F5_S3	F5	S3	Exercise platform
MEXK	8	0.0017873957086	SRR17140495	non-PMA	F5_S3	F5_S3	F5	S3	Exercise platform
MPHC	260	0.199139195795	SRR17140495	non-PMA	F5_S3	F5_S3	F5	S3	Exercise platform
AXYY	1	0.000219148397286	SRR17140495	non-PMA	F5_S3	F5_S3	F5	S3	Exercise platform
MTRD	17	0.00364870785172	SRR17140495	non-PMA	F5_S3	F5_S3	F5	S3	Exercise platform
APH(6)-I	10	0.00860940132195	SRR17140495	non-PMA	F5_S3	F5_S3	F5	S3	Exercise platform
TOLC	4	0.00185058646597	SRR17140495	non-PMA	F5_S3	F5_S3	F5	S3	Exercise platform
FMTC	213	0.0580704119166	SRR17140495	non-PMA	F5_S3	F5_S3	F5	S3	Exercise platform
MTRE	5	0.00245192799961	SRR17140495	non-PMA	F5_S3	F5_S3	F5	S3	Exercise platform
CLASS_C	2	0.00117441064187	SRR17140495	non-PMA	F5_S3	F5_S3	F5	S3	Exercise platform
CLASS_A	169	0.129009009009	SRR17140495	non-PMA	F5_S3	F5_S3	F5	S3	Exercise platform
MTRA	16	0.0160708824676	SRR17140495	non-PMA	F5_S3	F5_S3	F5	S3	Exercise platform
MEFA	42	0.02374919298	SRR17140495	non-PMA	F5_S3	F5_S3	F5	S3	Exercise platform
MTRC	2	0.001111699394	SRR17140495	non-PMA	F5_S3	F5_S3	F5	S3	Exercise platform
STAPHYLOCOCCUS_MUPA_CONFERRING_RESISTANCE_TO_MUPIROCIN	6	0.00134185590916	SRR17140495	non-PMA	F5_S3	F5_S3	F5	S3	Exercise platform
ROSB	2	0.000843499356037	SRR17140495	non-PMA	F5_S3	F5_S3	F5	S3	Exercise platform
MSRA	418	0.1961602693	SRR17140495	non-PMA	F5_S3	F5_S3	F5	S3	Exercise platform
NORB	17	0.00835444480212	SRR17140495	non-PMA	F5_S3	F5_S3	F5	S3	Exercise platform
NORA	287	0.169396627763	SRR17140495	non-PMA	F5_S3	F5_S3	F5	S3	Exercise platform
TETO	4	0.00143355289617	SRR17140495	non-PMA	F5_S3	F5_S3	F5	S3	Exercise platform
APH(2'')-IF	1	0.000771077694155	SRR17140495	non-PMA	F5_S3	F5_S3	F5	S3	Exercise platform
APH(3''')-III	5	0.00433731202962	SRR17140495	non-PMA	F5_S3	F5_S3	F5	S3	Exercise platform
MAJOR_FACILITATOR_SUPERFAMILY_TRANSPORTER	399	0.234897223626	SRR17140495	non-PMA	F5_S3	F5_S3	F5	S3	Exercise platform
CEOB	1	0.00022298936238	SRR17140495	non-PMA	F5_S3	F5_S3	F5	S3	Exercise platform
ADC-23	1	0.000597937533065	SRR17140495	non-PMA	F5_S3	F5_S3	F5	S3	Exercise platform
CAMP-REGULATORY_PROTEIN	8	0.0112397582903	SRR17140495	non-PMA	F5_S3	F5_S3	F5	S3	Exercise platform
AAC(6')-IE-APH(2'')-IA	3	0.00143430109706	SRR17140495	non-PMA	F5_S3	F5_S3	F5	S3	Exercise platform
VANR	2	0.0020000879927	SRR17140495	non-PMA	F5_S3	F5_S3	F5	S3	Exercise platform
YOJI	2	0.000837331170618	SRR17140495	non-PMA	F5_S3	F5_S3	F5	S3	Exercise platform
DFRC	120	0.170690739253	SRR17140495	non-PMA	F5_S3	F5_S3	F5	S3	Exercise platform
DFRF	1	0.00139640289734	SRR17140495	non-PMA	F5_S3	F5_S3	F5	S3	Exercise platform
LSA	1	0.000459859588683	SRR17140495	non-PMA	F5_S3	F5_S3	F5	S3	Exercise platform
LSAC	12	0.00558561158936	SRR17140495	non-PMA	F5_S3	F5_S3	F5	S3	Exercise platform
UGD	32	0.0188874288795	SRR17140495	non-PMA	F5_S3	F5_S3	F5	S3	Exercise platform
MDTG	37	0.0210780417439	SRR17140495	non-PMA	F5_S3	F5_S3	F5	S3	Exercise platform
MDTF	1	0.000220839031016	SRR17140495	non-PMA	F5_S3	F5_S3	F5	S3	Exercise platform
MDTE	1	0.000594831364062	SRR17140495	non-PMA	F5_S3	F5_S3	F5	S3	Exercise platform
MDTK	9	0.0043482925664	SRR17140495	non-PMA	F5_S3	F5_S3	F5	S3	Exercise platform
MDTH	1	0.00056967680389	SRR17140495	non-PMA	F5_S3	F5_S3	F5	S3	Exercise platform
CPXA	1	0.000501116138214	SRR17140495	non-PMA	F5_S3	F5_S3	F5	S3	Exercise platform
MDTM	1	0.000558561158936	SRR17140495	non-PMA	F5_S3	F5_S3	F5	S3	Exercise platform
MDTL	1	0.000585703517043	SRR17140495	non-PMA	F5_S3	F5_S3	F5	S3	Exercise platform
TETB(60)	5	0.00197763450055	SRR17140495	non-PMA	F5_S3	F5_S3	F5	S3	Exercise platform
VANS	12	0.00614792148091	SRR17140495	non-PMA	F5_S3	F5_S3	F5	S3	Exercise platform
MECR1	16	0.0111712231787	SRR17140495	non-PMA	F5_S3	F5_S3	F5	S3	Exercise platform
TETC	2	0.00232497538237	SRR17140495	non-PMA	F5_S3	F5_S3	F5	S3	Exercise platform
BCRA	3	0.002223398788	SRR17140495	non-PMA	F5_S3	F5_S3	F5	S3	Exercise platform
VAND	1	0.000667667857621	SRR17140495	non-PMA	F5_S3	F5_S3	F5	S3	Exercise platform
APH(3')-I	11	0.00929561190702	SRR17140495	non-PMA	F5_S3	F5_S3	F5	S3	Exercise platform
BLEOMYCIN_RESISTANCE_PROTEIN	8	0.0199139195795	SRR17140495	non-PMA	F5_S3	F5_S3	F5	S3	Exercise platform
EFRB	20	0.0126524903405	SRR17140495	non-PMA	F5_S3	F5_S3	F5	S3	Exercise platform
EFRA	7	0.00330530005391	SRR17140495	non-PMA	F5_S3	F5_S3	F5	S3	Exercise platform
TETA(60)	1	0.00039552690011	SRR17140495	non-PMA	F5_S3	F5_S3	F5	S3	Exercise platform
BAER	2	0.00190841729303	SRR17140495	non-PMA	F5_S3	F5_S3	F5	S3	Exercise platform
EMRB-QACA_FAMILY_MAJOR_FACILITATOR_TRANSPORTER	285	0.135692040378	SRR17140495	non-PMA	F5_S3	F5_S3	F5	S3	Exercise platform
BIFUNCTIONAL_AMINOGLYCOSIDE_N-ACETYLTRANSFERASE_AND_AMINOGLYCOSIDE_PHOSPHOTRANSFERASE	12	0.00559698758038	SRR17140495	non-PMA	F5_S3	F5_S3	F5	S3	Exercise platform
EVGS	1	0.000191320029377	SRR17140495	non-PMA	F5_S3	F5_S3	F5	S3	Exercise platform
EMRB	13	0.00581470893971	SRR17140495	non-PMA	F5_S3	F5_S3	F5	S3	Exercise platform
EMRD	1	0.000581243845594	SRR17140495	non-PMA	F5_S3	F5_S3	F5	S3	Exercise platform
EMRE	1	0.00183208060131	SRR17140495	non-PMA	F5_S3	F5_S3	F5	S3	Exercise platform
ERM(33)	8	0.00753942634285	SRR17140495	non-PMA	F5_S3	F5_S3	F5	S3	Exercise platform
APH(3'')-I	9	0.00757753925175	SRR17140495	non-PMA	F5_S3	F5_S3	F5	S3	Exercise platform
ERMB	24	0.0224336400161	SRR17140495	non-PMA	F5_S3	F5_S3	F5	S3	Exercise platform
ERMC	166	0.155801936382	SRR17140495	non-PMA	F5_S3	F5_S3	F5	S3	Exercise platform
FOSB	61	0.100500824353	SRR17140495	non-PMA	F5_S3	F5_S3	F5	S3	Exercise platform
ERMA	1	0.000797944512766	SRR17140495	non-PMA	F5_S3	F5_S3	F5	S3	Exercise platform
ERMF	1	0.000860940132195	SRR17140495	non-PMA	F5_S3	F5_S3	F5	S3	Exercise platform
HMRM	6	0.00296133717884	SRR17140495	non-PMA	F5_S3	F5_S3	F5	S3	Exercise platform
ERMX	106	0.0959488852465	SRR17140495	non-PMA	F5_S3	F5_S3	F5	S3	Exercise platform
TETW	12	0.00430065868852	SRR17140495	non-PMA	F5_S3	F5_S3	F5	S3	Exercise platform
ESCHERICHIA_COLI_MIPA	3	0.00277028316731	SRR17140495	non-PMA	F5_S3	F5_S3	F5	S3	Exercise platform
ESCHERICHIA_COLI_LAMB	1	0.000513475504852	SRR17140495	non-PMA	F5_S3	F5_S3	F5	S3	Exercise platform
TETX	2	0.00118658070033	SRR17140495	non-PMA	F5_S3	F5_S3	F5	S3	Exercise platform
MECI	1	0.00186187052979	SRR17140495	non-PMA	F5_S3	F5_S3	F5	S3	Exercise platform
TEM	3	0.00244494742168	SRR17140495	non-PMA	F5_S3	F5_S3	F5	S3	Exercise platform
TETQ	6	0.00209141621154	SRR17140495	non-PMA	F5_S3	F5_S3	F5	S3	Exercise platform
TETP	1	0.00054396692438	SRR17140495	non-PMA	F5_S3	F5_S3	F5	S3	Exercise platform
MECA	21	0.0071994185306	SRR17140495	non-PMA	F5_S3	F5_S3	F5	S3	Exercise platform
TETR	2	0.0022020199535	SRR17140495	non-PMA	F5_S3	F5_S3	F5	S3	Exercise platform
SUL1	5	0.00404611440219	SRR17140495	non-PMA	F5_S3	F5_S3	F5	S3	Exercise platform
SUL2	6	0.00507033376747	SRR17140495	non-PMA	F5_S3	F5_S3	F5	S3	Exercise platform
OXA	2	0.00165949329829	SRR17140495	non-PMA	F5_S3	F5_S3	F5	S3	Exercise platform
TETM	101	0.0361972106284	SRR17140495	non-PMA	F5_S3	F5_S3	F5	S3	Exercise platform
TETL	3	0.00150006599452	SRR17140495	non-PMA	F5_S3	F5_S3	F5	S3	Exercise platform
PENA	16	0.0058814786559	SRR17140495	non-PMA	F5_S3	F5_S3	F5	S3	Exercise platform
TETA	37	0.0201746970978	SRR17140495	non-PMA	F5_S3	F5_S3	F5	S3	Exercise platform
QACB	270	0.120297121195	SRR17140495	non-PMA	F5_S3	F5_S3	F5	S3	Exercise platform
QACA	50	0.0222772446658	SRR17140495	non-PMA	F5_S3	F5_S3	F5	S3	Exercise platform
TETB	33	0.0167940721787	SRR17140495	non-PMA	F5_S3	F5_S3	F5	S3	Exercise platform
QACG	13	0.0278236539919	SRR17140495	non-PMA	F5_S3	F5_S3	F5	S3	Exercise platform
TETD	2	0.00116248769119	SRR17140495	non-PMA	F5_S3	F5_S3	F5	S3	Exercise platform
SDIA	1	0.000954208646516	SRR17140495	non-PMA	F5_S3	F5_S3	F5	S3	Exercise platform
AADA	1	0.000870760742068	SRR17140495	non-PMA	F5_S3	F5_S3	F5	S3	Exercise platform
TRIC	7	0.00157937982872	SRR17140495	non-PMA	F5_S3	F5_S3	F5	S3	Exercise platform
CAT_CHLORAMPHENICOL_ACETYLTRANSFERASE	22	0.0234335890865	SRR17140495	non-PMA	F5_S3	F5_S3	F5	S3	Exercise platform
AADD	18	0.0162932069287	SRR17140495	non-PMA	F5_S3	F5_S3	F5	S3	Exercise platform
AADE	5	0.00483143618489	SRR17140495	non-PMA	F5_S3	F5_S3	F5	S3	Exercise platform
BICYCLOMYCIN-MULTIDRUG_EFFLUX_PROTEIN_BCR	1	0.000578308270616	SRR17140495	non-PMA	F5_S3	F5_S3	F5	S3	Exercise platform
KASUGAMYCIN_RESISTANCE_PROTEIN_KSGA	1	0.00083886474419	SRR17140495	non-PMA	F5_S3	F5_S3	F5	S3	Exercise platform
ERM(43)	1	0.000942428292856	SRR17140495	non-PMA	F5_S3	F5_S3	F5	S3	Exercise platform
FUSD	21	0.0225784581148	SRR17140495	non-PMA	F5_S3	F5_S3	F5	S3	Exercise platform
TAEA	1	0.000353410609821	SRR17140495	non-PMA	F5_S3	F5_S3	F5	S3	Exercise platform
FUSB	14	0.0150523054098	SRR17140495	non-PMA	F5_S3	F5_S3	F5	S3	Exercise platform
CARO	2	0.00189264524929	SRR17140495	non-PMA	F5_S3	F5_S3	F5	S3	Exercise platform
TRUNCATED_PUTATIVE_RESPONSE_REGULATOR_ARLR	173	0.180907502298	SRR17140495	non-PMA	F5_S3	F5_S3	F5	S3	Exercise platform
TET35	3	0.00186187052979	SRR17140495	non-PMA	F5_S3	F5_S3	F5	S3	Exercise platform
SAT-4	5	0.00636139097678	SRR17140495	non-PMA	F5_S3	F5_S3	F5	S3	Exercise platform
TETA(46)	2	0.000797944512766	SRR17140495	non-PMA	F5_S3	F5_S3	F5	S3	Exercise platform
TETB(46)	2	0.000792422405411	SRR17140495	non-PMA	F5_S3	F5_S3	F5	S3	Exercise platform
MEL	69	0.0324470127029	SRR17140495	non-PMA	F5_S3	F5_S3	F5	S3	Exercise platform
ANT(3'')-IIA	1	0.000874084256351	SRR17140495	non-PMA	F5_S3	F5_S3	F5	S3	Exercise platform
ARNA	2	0.000691873338864	SRR17140495	non-PMA	F5_S3	F5_S3	F5	S3	Exercise platform
TET(K)	95	0.0473985994348	SRR17140495	non-PMA	F5_S3	F5_S3	F5	S3	Exercise platform
TET32	5	0.00179194112022	SRR17140495	non-PMA	F5_S3	F5_S3	F5	S3	Exercise platform
MARR	185	0.28820995854	SRR17140495	non-PMA	F5_S3	F5_S3	F5	S3	Exercise platform
TET(38)	1	0.000508911278142	SRR17140495	non-PMA	F5_S3	F5_S3	F5	S3	Exercise platform
GADW	2	0.00189264524929	SRR17140495	non-PMA	F5_S3	F5_S3	F5	S3	Exercise platform
FARB	7	0.00315565064202	SRR17140495	non-PMA	F5_S3	F5_S3	F5	S3	Exercise platform
MUXB	3	0.000658705872955	SRR17140495	non-PMA	F5_S3	F5_S3	F5	S3	Exercise platform
PATA	1	0.000498932625629	SRR17140495	non-PMA	F5_S3	F5_S3	F5	S3	Exercise platform
PATB	43	0.0253799825568	SRR17140495	non-PMA	F5_S3	F5_S3	F5	S3	Exercise platform
MUXA	1	0.000537582336066	SRR17140495	non-PMA	F5_S3	F5_S3	F5	S3	Exercise platform
CMEB	2	0.0004404039907	SRR17140495	non-PMA	F5_S3	F5_S3	F5	S3	Exercise platform
MEXX	1	0.000578308270616	SRR17140495	non-PMA	F5_S3	F5_S3	F5	S3	Exercise platform
MEPA	86	0.0933405993559	SRR17140495	non-PMA	F5_S3	F5_S3	F5	S3	Exercise platform
MEXW	1	0.000224960781104	SRR17140495	non-PMA	F5_S3	F5_S3	F5	S3	Exercise platform
MEXT	3	0.00225996784701	SRR17140495	non-PMA	F5_S3	F5_S3	F5	S3	Exercise platform
RLMA(II)	20	0.0162418493024	SRR17140495	non-PMA	F5_S3	F5_S3	F5	S3	Exercise platform
CFXA2	3	0.0021402810763	SRR17140495	non-PMA	F5_S3	F5_S3	F5	S3	Exercise platform
VGAA	189	0.0829174410076	SRR17140495	non-PMA	F5_S3	F5_S3	F5	S3	Exercise platform
ADEF	2	0.00043250250267	SRR17140495	non-PMA	F5_S3	F5_S3	F5	S3	Exercise platform
MEPR	7	0.0115328814831	SRR17140495	non-PMA	F5_S3	F5_S3	F5	S3	Exercise platform
ADEA	1	0.00160146905709	SRR17140495	non-PMA	F5_S3	F5_S3	F5	S3	Exercise platform
ADEB	2	0.000442104392208	SRR17140495	non-PMA	F5_S3	F5_S3	F5	S3	Exercise platform
MEXF	8	0.00172512297675	SRR17140495	non-PMA	F5_S3	F5_S3	F5	S3	Exercise platform
TRANSCRIPTIONAL_REGULATORY_PROTEIN_CPXR_CPXR	5	0.00493556196474	SRR17140495	non-PMA	F5_S3	F5_S3	F5	S3	Exercise platform
MEXD	1	0.000219568624318	SRR17140495	non-PMA	F5_S3	F5_S3	F5	S3	Exercise platform
MEXE	3	0.00173055472416	SRR17140495	non-PMA	F5_S3	F5_S3	F5	S3	Exercise platform
MEXB	9	0.00197044997751	SRR17140495	non-PMA	F5_S3	F5_S3	F5	S3	Exercise platform
ADEI	3	0.00165151496512	SRR17140495	non-PMA	F5_S3	F5_S3	F5	S3	Exercise platform
ADEJ	3	0.000649366942809	SRR17140495	non-PMA	F5_S3	F5_S3	F5	S3	Exercise platform
ADEK	4	0.00189264524929	SRR17140495	non-PMA	F5_S3	F5_S3	F5	S3	Exercise platform
OQXB	2	0.000436209666979	SRR17140495	non-PMA	F5_S3	F5_S3	F5	S3	Exercise platform
ACRD	1	0.000220839031016	SRR17140495	non-PMA	F5_S3	F5_S3	F5	S3	Exercise platform
MDTP	1	0.00046928294091	SRR17140495	non-PMA	F5_S3	F5_S3	F5	S3	Exercise platform
MACB	39	0.0138686225643	SRR17140495	non-PMA	F5_S3	F5_S3	F5	S3	Exercise platform
MACA	11	0.00679005613694	SRR17140495	non-PMA	F5_S3	F5_S3	F5	S3	Exercise platform
OMP36	1	0.00061069353377	SRR17140495	non-PMA	F5_S3	F5_S3	F5	S3	Exercise platform
ERM(44)	34	0.031021285082	SRR17140495	non-PMA	F5_S3	F5_S3	F5	S3	Exercise platform
SMER	6	0.00600026397809	SRR17140495	non-PMA	F5_S3	F5_S3	F5	S3	Exercise platform
PBP-1B	34	0.00948397388011	SRR17140495	non-PMA	F5_S3	F5_S3	F5	S3	Exercise platform
ACRS	4	0.00416381954843	SRR17140495	non-PMA	F5_S3	F5_S3	F5	S3	Exercise platform
PBP-1A	89	0.0283475614598	SRR17140495	non-PMA	F5_S3	F5_S3	F5	S3	Exercise platform
RPOB2	832	0.163972790479	SRR17140495	non-PMA	F5_S3	F5_S3	F5	S3	Exercise platform
TETA(48)	1	0.000667667857621	SRR17140495	non-PMA	F5_S3	F5_S3	F5	S3	Exercise platform
ARLS	124	0.0629650760983	SRR17140495	non-PMA	F5_S3	F5_S3	F5	S3	Exercise platform
DFRG	1	0.00138793984948	SRR17140495	non-PMA	F5_S3	F5_S3	F5	S3	Exercise platform
ACRB	14	0.00307691079875	SRR17140495	non-PMA	F5_S3	F5_S3	F5	S3	Exercise platform
ACRA	1	0.00057396008813	SRR17140495	non-PMA	F5_S3	F5_S3	F5	S3	Exercise platform
ACRF	1	0.000221479763215	SRR17140495	non-PMA	F5_S3	F5_S3	F5	S3	Exercise platform
KLEBSIELLA_PNEUMONIAE_OMPK37	1	0.000612326404182	SRR17140495	non-PMA	F5_S3	F5_S3	F5	S3	Exercise platform
OPRA	1	0.000490385599923	SRR17140495	non-PMA	F5_S3	F5_S3	F5	S3	Exercise platform
FUSC	7	0.00756165342522	SRR17140495	non-PMA	F5_S3	F5_S3	F5	S3	Exercise platform
LNUE	10	0.00250968911752	SRR17140496	non-PMA	F4_S2	F4_S2	F4	S2	Waste compartment
BLAZ	15	0.00231766664056	SRR17140496	non-PMA	F4_S2	F4_S2	F4	S2	Waste compartment
LNUA	1566	0.422310531888	SRR17140496	non-PMA	F4_S2	F4_S2	F4	S2	Waste compartment
LNUC	2	0.000529483191867	SRR17140496	non-PMA	F4_S2	F4_S2	F4	S2	Waste compartment
BACA	576	0.0916064106895	SRR17140496	non-PMA	F4_S2	F4_S2	F4	S2	Waste compartment
ERM(TR)	3	0.000536020021396	SRR17140496	non-PMA	F4_S2	F4_S2	F4	S2	Waste compartment
VATB	12	0.00245760123017	SRR17140496	non-PMA	F4_S2	F4_S2	F4	S2	Waste compartment
CHLORAMPHENICOL_EXPORTER	35	0.00319919318033	SRR17140496	non-PMA	F4_S2	F4_S2	F4	S2	Waste compartment
ABCA	1	2.99019433423e-05	SRR17140496	non-PMA	F4_S2	F4_S2	F4	S2	Waste compartment
RBPA	5	0.00190428165496	SRR17140496	non-PMA	F4_S2	F4_S2	F4	S2	Waste compartment
OMPR	6	0.00114256899298	SRR17140496	non-PMA	F4_S2	F4_S2	F4	S2	Waste compartment
MULTIDRUG_ABC_TRANSPORTER	633	0.047549056327	SRR17140496	non-PMA	F4_S2	F4_S2	F4	S2	Waste compartment
TET40	4	0.00042775982003	SRR17140496	non-PMA	F4_S2	F4_S2	F4	S2	Waste compartment
TET32	18	0.00122303159811	SRR17140496	non-PMA	F4_S2	F4_S2	F4	S2	Waste compartment
MDFA	1	0.000105896638373	SRR17140496	non-PMA	F4_S2	F4_S2	F4	S2	Waste compartment
PBP-2X	230	0.0133147373315	SRR17140496	non-PMA	F4_S2	F4_S2	F4	S2	Waste compartment
OPTRA	1	6.6286445394e-05	SRR17140496	non-PMA	F4_S2	F4_S2	F4	S2	Waste compartment
LMRD	39	0.00255783572143	SRR17140496	non-PMA	F4_S2	F4_S2	F4	S2	Waste compartment
LMRC	23	0.00174581346129	SRR17140496	non-PMA	F4_S2	F4_S2	F4	S2	Waste compartment
MPHC	112	0.0162634569702	SRR17140496	non-PMA	F4_S2	F4_S2	F4	S2	Waste compartment
AXYY	2	8.30959267618e-05	SRR17140496	non-PMA	F4_S2	F4_S2	F4	S2	Waste compartment
APH(6)-I	27	0.00440705183005	SRR17140496	non-PMA	F4_S2	F4_S2	F4	S2	Waste compartment
ERMG	2	0.000355882145353	SRR17140496	non-PMA	F4_S2	F4_S2	F4	S2	Waste compartment
VANRI	1	0.000187144921263	SRR17140496	non-PMA	F4_S2	F4_S2	F4	S2	Waste compartment
FMTC	370	0.0191244286205	SRR17140496	non-PMA	F4_S2	F4_S2	F4	S2	Waste compartment
MTRE	359	0.0333767156363	SRR17140496	non-PMA	F4_S2	F4_S2	F4	S2	Waste compartment
MTRD	1333	0.0542415086881	SRR17140496	non-PMA	F4_S2	F4_S2	F4	S2	Waste compartment
CLASS_A	425	0.0615082974552	SRR17140496	non-PMA	F4_S2	F4_S2	F4	S2	Waste compartment
MTRA	32	0.00609370129587	SRR17140496	non-PMA	F4_S2	F4_S2	F4	S2	Waste compartment
MEFA	1383	0.148263137918	SRR17140496	non-PMA	F4_S2	F4_S2	F4	S2	Waste compartment
MTRC	257	0.0270833222947	SRR17140496	non-PMA	F4_S2	F4_S2	F4	S2	Waste compartment
MSRE	54	0.00477505412136	SRR17140496	non-PMA	F4_S2	F4_S2	F4	S2	Waste compartment
ROSA	1	0.000105896638373	SRR17140496	non-PMA	F4_S2	F4_S2	F4	S2	Waste compartment
ROSB	1	7.9958787722e-05	SRR17140496	non-PMA	F4_S2	F4_S2	F4	S2	Waste compartment
MSRA	1147	0.10204920518	SRR17140496	non-PMA	F4_S2	F4_S2	F4	S2	Waste compartment
NORB	51	0.00475171396649	SRR17140496	non-PMA	F4_S2	F4_S2	F4	S2	Waste compartment
NORA	460	0.0514744999928	SRR17140496	non-PMA	F4_S2	F4_S2	F4	S2	Waste compartment
POXTA	1	8.01063131606e-05	SRR17140496	non-PMA	F4_S2	F4_S2	F4	S2	Waste compartment
AAD(9)	79	0.0131922773727	SRR17140496	non-PMA	F4_S2	F4_S2	F4	S2	Waste compartment
MTRR	132	0.0318395892709	SRR17140496	non-PMA	F4_S2	F4_S2	F4	S2	Waste compartment
TETO	8	0.000543569599162	SRR17140496	non-PMA	F4_S2	F4_S2	F4	S2	Waste compartment
APH(3''')-III	1	0.000164460688383	SRR17140496	non-PMA	F4_S2	F4_S2	F4	S2	Waste compartment
MAJOR_FACILITATOR_SUPERFAMILY_TRANSPORTER	616	0.0687538688626	SRR17140496	non-PMA	F4_S2	F4_S2	F4	S2	Waste compartment
CAMP-REGULATORY_PROTEIN	83	0.0221083595328	SRR17140496	non-PMA	F4_S2	F4_S2	F4	S2	Waste compartment
STAPHYLOCOCCUS_MUPA_CONFERRING_RESISTANCE_TO_MUPIROCIN	11	0.000466400233461	SRR17140496	non-PMA	F4_S2	F4_S2	F4	S2	Waste compartment
AAC(6')-IE-APH(2'')-IA	15	0.00135963324843	SRR17140496	non-PMA	F4_S2	F4_S2	F4	S2	Waste compartment
VANR	24	0.00455031843491	SRR17140496	non-PMA	F4_S2	F4_S2	F4	S2	Waste compartment
TET(W/N/W)	5	0.000339730999476	SRR17140496	non-PMA	F4_S2	F4_S2	F4	S2	Waste compartment
DFRC	277	0.0746998833544	SRR17140496	non-PMA	F4_S2	F4_S2	F4	S2	Waste compartment
MEXY	1	4.15479633809e-05	SRR17140496	non-PMA	F4_S2	F4_S2	F4	S2	Waste compartment
DFRF	6	0.0015884495756	SRR17140496	non-PMA	F4_S2	F4_S2	F4	S2	Waste compartment
DFRG	1	0.000263137101413	SRR17140496	non-PMA	F4_S2	F4_S2	F4	S2	Waste compartment
LSAC	55	0.00485359592544	SRR17140496	non-PMA	F4_S2	F4_S2	F4	S2	Waste compartment
UGD	241	0.0269681619528	SRR17140496	non-PMA	F4_S2	F4_S2	F4	S2	Waste compartment
MDTG	20	0.00216008068324	SRR17140496	non-PMA	F4_S2	F4_S2	F4	S2	Waste compartment
MDTF	2	8.37369753772e-05	SRR17140496	non-PMA	F4_S2	F4_S2	F4	S2	Waste compartment
MDTD	1	9.2181787119e-05	SRR17140496	non-PMA	F4_S2	F4_S2	F4	S2	Waste compartment
MDTK	499	0.0457075806852	SRR17140496	non-PMA	F4_S2	F4_S2	F4	S2	Waste compartment
MSBA	191	0.0142487384038	SRR17140496	non-PMA	F4_S2	F4_S2	F4	S2	Waste compartment
MDTO	1	6.35689922885e-05	SRR17140496	non-PMA	F4_S2	F4_S2	F4	S2	Waste compartment
MECR1	102	0.0135018213926	SRR17140496	non-PMA	F4_S2	F4_S2	F4	S2	Waste compartment
TETC	2	0.000440788037899	SRR17140496	non-PMA	F4_S2	F4_S2	F4	S2	Waste compartment
BCRA	9	0.00126459092426	SRR17140496	non-PMA	F4_S2	F4_S2	F4	S2	Waste compartment
VANG	1	0.000170935518634	SRR17140496	non-PMA	F4_S2	F4_S2	F4	S2	Waste compartment
APH(3')-I	32	0.00512680404228	SRR17140496	non-PMA	F4_S2	F4_S2	F4	S2	Waste compartment
BLEOMYCIN_RESISTANCE_PROTEIN	481	0.226998652757	SRR17140496	non-PMA	F4_S2	F4_S2	F4	S2	Waste compartment
EFRB	61	0.00731622907657	SRR17140496	non-PMA	F4_S2	F4_S2	F4	S2	Waste compartment
EFRA	20	0.00179041739105	SRR17140496	non-PMA	F4_S2	F4_S2	F4	S2	Waste compartment
EMRY	2	0.000169600084895	SRR17140496	non-PMA	F4_S2	F4_S2	F4	S2	Waste compartment
TETA(60)	81	0.00607396780722	SRR17140496	non-PMA	F4_S2	F4_S2	F4	S2	Waste compartment
BAER	2	0.000361813514442	SRR17140496	non-PMA	F4_S2	F4_S2	F4	S2	Waste compartment
BAES	2	0.000185942705495	SRR17140496	non-PMA	F4_S2	F4_S2	F4	S2	Waste compartment
EMRB-QACA_FAMILY_MAJOR_FACILITATOR_TRANSPORTER	395	0.0356548037101	SRR17140496	non-PMA	F4_S2	F4_S2	F4	S2	Waste compartment
PMRF	1	0.000134837334575	SRR17140496	non-PMA	F4_S2	F4_S2	F4	S2	Waste compartment
BIFUNCTIONAL_AMINOGLYCOSIDE_N-ACETYLTRANSFERASE_AND_AMINOGLYCOSIDE_PHOSPHOTRANSFERASE	41	0.0036255040551	SRR17140496	non-PMA	F4_S2	F4_S2	F4	S2	Waste compartment
EVGS	1	3.6272031523e-05	SRR17140496	non-PMA	F4_S2	F4_S2	F4	S2	Waste compartment
EMRA	104	0.0115780324622	SRR17140496	non-PMA	F4_S2	F4_S2	F4	S2	Waste compartment
EMRB	312	0.0264576132436	SRR17140496	non-PMA	F4_S2	F4_S2	F4	S2	Waste compartment
TETS	1	6.74186672874e-05	SRR17140496	non-PMA	F4_S2	F4_S2	F4	S2	Waste compartment
ERM(33)	5	0.000893366702326	SRR17140496	non-PMA	F4_S2	F4_S2	F4	S2	Waste compartment
APH(3'')-I	25	0.00399059023282	SRR17140496	non-PMA	F4_S2	F4_S2	F4	S2	Waste compartment
ERMB	430	0.0762023565111	SRR17140496	non-PMA	F4_S2	F4_S2	F4	S2	Waste compartment
ERMC	2	0.000355882145353	SRR17140496	non-PMA	F4_S2	F4_S2	F4	S2	Waste compartment
FOSB	15	0.00468535486328	SRR17140496	non-PMA	F4_S2	F4_S2	F4	S2	Waste compartment
ERMA	30	0.00453842735886	SRR17140496	non-PMA	F4_S2	F4_S2	F4	S2	Waste compartment
ERMF	5	0.000816120709268	SRR17140496	non-PMA	F4_S2	F4_S2	F4	S2	Waste compartment
LPEB	2	8.56363347792e-05	SRR17140496	non-PMA	F4_S2	F4_S2	F4	S2	Waste compartment
HMRM	73	0.00683078962611	SRR17140496	non-PMA	F4_S2	F4_S2	F4	S2	Waste compartment
ERMX	343	0.0588626255116	SRR17140496	non-PMA	F4_S2	F4_S2	F4	S2	Waste compartment
BLEO	44	0.0142565325094	SRR17140496	non-PMA	F4_S2	F4_S2	F4	S2	Waste compartment
ESCHERICHIA_COLI_MIPA	1	0.000175071055375	SRR17140496	non-PMA	F4_S2	F4_S2	F4	S2	Waste compartment
ERMT	1	0.000177941072677	SRR17140496	non-PMA	F4_S2	F4_S2	F4	S2	Waste compartment
TETB(60)	71	0.00532409523842	SRR17140496	non-PMA	F4_S2	F4_S2	F4	S2	Waste compartment
TETX	1	0.000112480885319	SRR17140496	non-PMA	F4_S2	F4_S2	F4	S2	Waste compartment
MECI	7	0.00247092156204	SRR17140496	non-PMA	F4_S2	F4_S2	F4	S2	Waste compartment
TETQ	9	0.000594761941549	SRR17140496	non-PMA	F4_S2	F4_S2	F4	S2	Waste compartment
TETP	4	0.000412518971336	SRR17140496	non-PMA	F4_S2	F4_S2	F4	S2	Waste compartment
MECA	155	0.0100744481566	SRR17140496	non-PMA	F4_S2	F4_S2	F4	S2	Waste compartment
TETR	1	0.000208738566024	SRR17140496	non-PMA	F4_S2	F4_S2	F4	S2	Waste compartment
SUL1	5	0.000767095790337	SRR17140496	non-PMA	F4_S2	F4_S2	F4	S2	Waste compartment
TETW	78	0.00529980359183	SRR17140496	non-PMA	F4_S2	F4_S2	F4	S2	Waste compartment
TETM	3431	0.233123411841	SRR17140496	non-PMA	F4_S2	F4_S2	F4	S2	Waste compartment
TETL	1	9.47983007272e-05	SRR17140496	non-PMA	F4_S2	F4_S2	F4	S2	Waste compartment
PENA	838	0.0584012311594	SRR17140496	non-PMA	F4_S2	F4_S2	F4	S2	Waste compartment
TETA	32	0.0033080092749	SRR17140496	non-PMA	F4_S2	F4_S2	F4	S2	Waste compartment
QACB	2262	0.191071323658	SRR17140496	non-PMA	F4_S2	F4_S2	F4	S2	Waste compartment
QACA	70	0.00591290568349	SRR17140496	non-PMA	F4_S2	F4_S2	F4	S2	Waste compartment
TETB	30	0.00289450811554	SRR17140496	non-PMA	F4_S2	F4_S2	F4	S2	Waste compartment
QACG	139	0.0564023310364	SRR17140496	non-PMA	F4_S2	F4_S2	F4	S2	Waste compartment
AADA	1	0.000165086014194	SRR17140496	non-PMA	F4_S2	F4_S2	F4	S2	Waste compartment
CAT_CHLORAMPHENICOL_ACETYLTRANSFERASE	2	0.000403884853331	SRR17140496	non-PMA	F4_S2	F4_S2	F4	S2	Waste compartment
AADD	996	0.170924708483	SRR17140496	non-PMA	F4_S2	F4_S2	F4	S2	Waste compartment
AADE	9	0.00164877044556	SRR17140496	non-PMA	F4_S2	F4_S2	F4	S2	Waste compartment
KASUGAMYCIN_RESISTANCE_PROTEIN_KSGA	147	0.0233787193947	SRR17140496	non-PMA	F4_S2	F4_S2	F4	S2	Waste compartment
FUSD	2	0.000407677199372	SRR17140496	non-PMA	F4_S2	F4_S2	F4	S2	Waste compartment
TAEA	28	0.00187607007489	SRR17140496	non-PMA	F4_S2	F4_S2	F4	S2	Waste compartment
FUSB	11	0.00224222459654	SRR17140496	non-PMA	F4_S2	F4_S2	F4	S2	Waste compartment
FUSC	1	0.000204800102514	SRR17140496	non-PMA	F4_S2	F4_S2	F4	S2	Waste compartment
TRUNCATED_PUTATIVE_RESPONSE_REGULATOR_ARLR	248	0.049166987168	SRR17140496	non-PMA	F4_S2	F4_S2	F4	S2	Waste compartment
TET35	92	0.0108249897004	SRR17140496	non-PMA	F4_S2	F4_S2	F4	S2	Waste compartment
SAT-4	2	0.000482418019256	SRR17140496	non-PMA	F4_S2	F4_S2	F4	S2	Waste compartment
YKKD	2	0.000834954264097	SRR17140496	non-PMA	F4_S2	F4_S2	F4	S2	Waste compartment
TETA(46)	248	0.0187588330833	SRR17140496	non-PMA	F4_S2	F4_S2	F4	S2	Waste compartment
TETB(46)	269	0.0202064710142	SRR17140496	non-PMA	F4_S2	F4_S2	F4	S2	Waste compartment
MEL	1517	0.135245445932	SRR17140496	non-PMA	F4_S2	F4_S2	F4	S2	Waste compartment
RPOB2	3670	0.137127944716	SRR17140496	non-PMA	F4_S2	F4_S2	F4	S2	Waste compartment
TET(K)	38	0.0035944872023	SRR17140496	non-PMA	F4_S2	F4_S2	F4	S2	Waste compartment
MARR	330	0.0974681304212	SRR17140496	non-PMA	F4_S2	F4_S2	F4	S2	Waste compartment
ERM(31)	1	0.000134837334575	SRR17140496	non-PMA	F4_S2	F4_S2	F4	S2	Waste compartment
RPHA	2	0.000100387564701	SRR17140496	non-PMA	F4_S2	F4_S2	F4	S2	Waste compartment
FARA	2	0.000226133446526	SRR17140496	non-PMA	F4_S2	F4_S2	F4	S2	Waste compartment
FARB	424	0.0362383299504	SRR17140496	non-PMA	F4_S2	F4_S2	F4	S2	Waste compartment
PATB	164	0.0183517782583	SRR17140496	non-PMA	F4_S2	F4_S2	F4	S2	Waste compartment
ERM(38)	1	0.000115166105393	SRR17140496	non-PMA	F4_S2	F4_S2	F4	S2	Waste compartment
MEXX	1	0.000109640458922	SRR17140496	non-PMA	F4_S2	F4_S2	F4	S2	Waste compartment
MEPA	9	0.00185193647203	SRR17140496	non-PMA	F4_S2	F4_S2	F4	S2	Waste compartment
MEXW	14	0.000597098923637	SRR17140496	non-PMA	F4_S2	F4_S2	F4	S2	Waste compartment
VGAD	1	8.27002318725e-05	SRR17140496	non-PMA	F4_S2	F4_S2	F4	S2	Waste compartment
RLMA(II)	73	0.0112393134274	SRR17140496	non-PMA	F4_S2	F4_S2	F4	S2	Waste compartment
VGAB	26	0.00204503290772	SRR17140496	non-PMA	F4_S2	F4_S2	F4	S2	Waste compartment
CFXA2	4	0.000541029554306	SRR17140496	non-PMA	F4_S2	F4_S2	F4	S2	Waste compartment
VGAA	437	0.0363477024853	SRR17140496	non-PMA	F4_S2	F4_S2	F4	S2	Waste compartment
EMRK	4	0.000448760948145	SRR17140496	non-PMA	F4_S2	F4_S2	F4	S2	Waste compartment
MEPR	1	0.000312356990885	SRR17140496	non-PMA	F4_S2	F4_S2	F4	S2	Waste compartment
MEXK	3	0.000127075966048	SRR17140496	non-PMA	F4_S2	F4_S2	F4	S2	Waste compartment
ADEB	1	4.19089012867e-05	SRR17140496	non-PMA	F4_S2	F4_S2	F4	S2	Waste compartment
MEXF	3	0.000122648648963	SRR17140496	non-PMA	F4_S2	F4_S2	F4	S2	Waste compartment
TRANSCRIPTIONAL_REGULATORY_PROTEIN_CPXR_CPXR	70	0.0131001444884	SRR17140496	non-PMA	F4_S2	F4_S2	F4	S2	Waste compartment
MEXD	5	0.000208138167464	SRR17140496	non-PMA	F4_S2	F4_S2	F4	S2	Waste compartment
MEXB	1	4.15082425746e-05	SRR17140496	non-PMA	F4_S2	F4_S2	F4	S2	Waste compartment
SMED	1	0.000110197009475	SRR17140496	non-PMA	F4_S2	F4_S2	F4	S2	Waste compartment
AAC(6')-I	2	0.000474509527137	SRR17140496	non-PMA	F4_S2	F4_S2	F4	S2	Waste compartment
MACB	950	0.064047733923	SRR17140496	non-PMA	F4_S2	F4_S2	F4	S2	Waste compartment
MACA	287	0.0335872168124	SRR17140496	non-PMA	F4_S2	F4_S2	F4	S2	Waste compartment
SMER	12	0.00227515921745	SRR17140496	non-PMA	F4_S2	F4_S2	F4	S2	Waste compartment
PBP-1B	216	0.0114229065705	SRR17140496	non-PMA	F4_S2	F4_S2	F4	S2	Waste compartment
PBP-1A	1365	0.0824270565586	SRR17140496	non-PMA	F4_S2	F4_S2	F4	S2	Waste compartment
RPHB	1	4.91149567116e-05	SRR17140496	non-PMA	F4_S2	F4_S2	F4	S2	Waste compartment
LRFA	5	0.000430730374336	SRR17140496	non-PMA	F4_S2	F4_S2	F4	S2	Waste compartment
ARLS	119	0.0114560908786	SRR17140496	non-PMA	F4_S2	F4_S2	F4	S2	Waste compartment
LSA	5	0.000435919896918	SRR17140496	non-PMA	F4_S2	F4_S2	F4	S2	Waste compartment
DNA-BINDING_PROTEIN_H-NS	5	0.00158458473478	SRR17140496	non-PMA	F4_S2	F4_S2	F4	S2	Waste compartment
ACRB	5	0.000208337916186	SRR17140496	non-PMA	F4_S2	F4_S2	F4	S2	Waste compartment
CATQ	1	0.000198253980516	SRR17140496	non-PMA	F4_S2	F4_S2	F4	S2	Waste compartment
ACRF	2	8.39799259827e-05	SRR17140496	non-PMA	F4_S2	F4_S2	F4	S2	Waste compartment
BLAZ	25	0.0079304161364	SRR17140498	non-PMA	F5_S2	F5_S2	F5	S2	Waste compartment
LNUA	2	0.00110730282451	SRR17140498	non-PMA	F5_S2	F5_S2	F5	S2	Waste compartment
LNUC	2	0.00108704728504	SRR17140498	non-PMA	F5_S2	F5_S2	F5	S2	Waste compartment
BACA	879	0.287004374399	SRR17140498	non-PMA	F5_S2	F5_S2	F5	S2	Waste compartment
ERM(TR)	52	0.0190747721128	SRR17140498	non-PMA	F5_S2	F5_S2	F5	S2	Waste compartment
COB(I)ALAMIN_ADENOLSYLTRANSFERASE	3	0.00136435526592	SRR17140498	non-PMA	F5_S2	F5_S2	F5	S2	Waste compartment
OMPF	19	0.00482512726521	SRR17140498	non-PMA	F5_S2	F5_S2	F5	S2	Waste compartment
CHLORAMPHENICOL_EXPORTER	56	0.0105088865956	SRR17140498	non-PMA	F5_S2	F5_S2	F5	S2	Waste compartment
EPTA	12	0.00195549273945	SRR17140498	non-PMA	F5_S2	F5_S2	F5	S2	Waste compartment
MSBA	17	0.00260368370334	SRR17140498	non-PMA	F5_S2	F5_S2	F5	S2	Waste compartment
RBPA	39	0.0304945369961	SRR17140498	non-PMA	F5_S2	F5_S2	F5	S2	Waste compartment
OMPR	8	0.00312764482011	SRR17140498	non-PMA	F5_S2	F5_S2	F5	S2	Waste compartment
MULTIDRUG_ABC_TRANSPORTER	1215	0.187374603821	SRR17140498	non-PMA	F5_S2	F5_S2	F5	S2	Waste compartment
TET44	2	0.000278555866791	SRR17140498	non-PMA	F5_S2	F5_S2	F5	S2	Waste compartment
VANA	1	0.000262170227568	SRR17140498	non-PMA	F5_S2	F5_S2	F5	S2	Waste compartment
TET40	11	0.00241506564312	SRR17140498	non-PMA	F5_S2	F5_S2	F5	S2	Waste compartment
PORIN_OMPC	1	0.000242882499654	SRR17140498	non-PMA	F5_S2	F5_S2	F5	S2	Waste compartment
MDFA	9	0.00195668511307	SRR17140498	non-PMA	F5_S2	F5_S2	F5	S2	Waste compartment
PBP-2X	32	0.00380321610126	SRR17140498	non-PMA	F5_S2	F5_S2	F5	S2	Waste compartment
VANVB	2	0.00156382241006	SRR17140498	non-PMA	F5_S2	F5_S2	F5	S2	Waste compartment
OPTRA	1	0.000136088362402	SRR17140498	non-PMA	F5_S2	F5_S2	F5	S2	Waste compartment
MEXJ	1	0.000242882499654	SRR17140498	non-PMA	F5_S2	F5_S2	F5	S2	Waste compartment
LMRD	11	0.0014811429775	SRR17140498	non-PMA	F5_S2	F5_S2	F5	S2	Waste compartment
LMRC	7	0.00109084814967	SRR17140498	non-PMA	F5_S2	F5_S2	F5	S2	Waste compartment
MPHC	657	0.195864834228	SRR17140498	non-PMA	F5_S2	F5_S2	F5	S2	Waste compartment
MTRD	8	0.000668325228665	SRR17140498	non-PMA	F5_S2	F5_S2	F5	S2	Waste compartment
APH(6)-I	33	0.0110584584711	SRR17140498	non-PMA	F5_S2	F5_S2	F5	S2	Waste compartment
MDTK	14	0.0026327643106	SRR17140498	non-PMA	F5_S2	F5_S2	F5	S2	Waste compartment
VANRI	1	0.000384214988677	SRR17140498	non-PMA	F5_S2	F5_S2	F5	S2	Waste compartment
FMTC	693	0.0735387488329	SRR17140498	non-PMA	F5_S2	F5_S2	F5	S2	Waste compartment
MTRE	5	0.00095436699543	SRR17140498	non-PMA	F5_S2	F5_S2	F5	S2	Waste compartment
CLASS_C	12	0.00274270391917	SRR17140498	non-PMA	F5_S2	F5_S2	F5	S2	Waste compartment
CLASS_A	229	0.0680419130615	SRR17140498	non-PMA	F5_S2	F5_S2	F5	S2	Waste compartment
MTRA	79	0.0308854925986	SRR17140498	non-PMA	F5_S2	F5_S2	F5	S2	Waste compartment
MEFA	24	0.00528224458508	SRR17140498	non-PMA	F5_S2	F5_S2	F5	S2	Waste compartment
MTRC	2	0.000432708142588	SRR17140498	non-PMA	F5_S2	F5_S2	F5	S2	Waste compartment
VATB	1	0.000420461685723	SRR17140498	non-PMA	F5_S2	F5_S2	F5	S2	Waste compartment
MDTO	16	0.00208814939674	SRR17140498	non-PMA	F5_S2	F5_S2	F5	S2	Waste compartment
MSRE	2	0.000363087076876	SRR17140498	non-PMA	F5_S2	F5_S2	F5	S2	Waste compartment
ROSA	5	0.00108704728504	SRR17140498	non-PMA	F5_S2	F5_S2	F5	S2	Waste compartment
ROSB	3	0.000492474460625	SRR17140498	non-PMA	F5_S2	F5_S2	F5	S2	Waste compartment
MSRA	1105	0.201838841183	SRR17140498	non-PMA	F5_S2	F5_S2	F5	S2	Waste compartment
NORB	44	0.00841645194081	SRR17140498	non-PMA	F5_S2	F5_S2	F5	S2	Waste compartment
NORA	927	0.212966011147	SRR17140498	non-PMA	F5_S2	F5_S2	F5	S2	Waste compartment
APH(2'')-II	1	0.000298119991215	SRR17140498	non-PMA	F5_S2	F5_S2	F5	S2	Waste compartment
MTRR	1	0.000495210429851	SRR17140498	non-PMA	F5_S2	F5_S2	F5	S2	Waste compartment
TETO	22	0.00306890970612	SRR17140498	non-PMA	F5_S2	F5_S2	F5	S2	Waste compartment
APH(2'')-IF	7	0.0021008927327	SRR17140498	non-PMA	F5_S2	F5_S2	F5	S2	Waste compartment
APH(3''')-III	2	0.000675286949797	SRR17140498	non-PMA	F5_S2	F5_S2	F5	S2	Waste compartment
MAJOR_FACILITATOR_SUPERFAMILY_TRANSPORTER	993	0.227542190827	SRR17140498	non-PMA	F5_S2	F5_S2	F5	S2	Waste compartment
VANS	12	0.00239296315096	SRR17140498	non-PMA	F5_S2	F5_S2	F5	S2	Waste compartment
CAMP-REGULATORY_PROTEIN	4	0.00218743257357	SRR17140498	non-PMA	F5_S2	F5_S2	F5	S2	Waste compartment
STAPHYLOCOCCUS_MUPA_CONFERRING_RESISTANCE_TO_MUPIROCIN	6	0.000522292250233	SRR17140498	non-PMA	F5_S2	F5_S2	F5	S2	Waste compartment
AAC(6')-IE-APH(2'')-IA	286	0.0532221981811	SRR17140498	non-PMA	F5_S2	F5_S2	F5	S2	Waste compartment
VANR	21	0.00817421582898	SRR17140498	non-PMA	F5_S2	F5_S2	F5	S2	Waste compartment
TET(W/N/W)	1	0.000139495895733	SRR17140498	non-PMA	F5_S2	F5_S2	F5	S2	Waste compartment
YOJI	12	0.00195549273945	SRR17140498	non-PMA	F5_S2	F5_S2	F5	S2	Waste compartment
DFRC	343	0.189902434404	SRR17140498	non-PMA	F5_S2	F5_S2	F5	S2	Waste compartment
DFRE	2	0.00108704728504	SRR17140498	non-PMA	F5_S2	F5_S2	F5	S2	Waste compartment
DFRF	6	0.00326114185512	SRR17140498	non-PMA	F5_S2	F5_S2	F5	S2	Waste compartment
LSA	8	0.00143193377306	SRR17140498	non-PMA	F5_S2	F5_S2	F5	S2	Waste compartment
LSAC	14	0.00253644366509	SRR17140498	non-PMA	F5_S2	F5_S2	F5	S2	Waste compartment
UGD	48	0.011027366273	SRR17140498	non-PMA	F5_S2	F5_S2	F5	S2	Waste compartment
MDTB	3	0.000257128492423	SRR17140498	non-PMA	F5_S2	F5_S2	F5	S2	Waste compartment
MDTA	2	0.000429580131919	SRR17140498	non-PMA	F5_S2	F5_S2	F5	S2	Waste compartment
MDTG	17	0.00376951222722	SRR17140498	non-PMA	F5_S2	F5_S2	F5	S2	Waste compartment
MDTF	20	0.00171914903323	SRR17140498	non-PMA	F5_S2	F5_S2	F5	S2	Waste compartment
MDTE	12	0.00277832345059	SRR17140498	non-PMA	F5_S2	F5_S2	F5	S2	Waste compartment
MDTD	7	0.00132476675502	SRR17140498	non-PMA	F5_S2	F5_S2	F5	S2	Waste compartment
LLMA_23S_RIBOSOMAL_RNA_METHYLTRANSFERASE	1	0.000310584938582	SRR17140498	non-PMA	F5_S2	F5_S2	F5	S2	Waste compartment
MDTH	6	0.0013304160802	SRR17140498	non-PMA	F5_S2	F5_S2	F5	S2	Waste compartment
CPXA	10	0.00195050059898	SRR17140498	non-PMA	F5_S2	F5_S2	F5	S2	Waste compartment
MDTN	9	0.00233889474157	SRR17140498	non-PMA	F5_S2	F5_S2	F5	S2	Waste compartment
MDTM	2	0.000434818914015	SRR17140498	non-PMA	F5_S2	F5_S2	F5	S2	Waste compartment
MDTL	10	0.00227974110929	SRR17140498	non-PMA	F5_S2	F5_S2	F5	S2	Waste compartment
TETB(60)	3	0.000461854286908	SRR17140498	non-PMA	F5_S2	F5_S2	F5	S2	Waste compartment
MEXY	1	8.52994041849e-05	SRR17140498	non-PMA	F5_S2	F5_S2	F5	S2	Waste compartment
MECR1	23	0.00625052188897	SRR17140498	non-PMA	F5_S2	F5_S2	F5	S2	Waste compartment
VANU	2	0.00237701006328	SRR17140498	non-PMA	F5_S2	F5_S2	F5	S2	Waste compartment
TETC	11	0.00497724188378	SRR17140498	non-PMA	F5_S2	F5_S2	F5	S2	Waste compartment
BCRA	4	0.00115388838024	SRR17140498	non-PMA	F5_S2	F5_S2	F5	S2	Waste compartment
VAND	6	0.00155926316105	SRR17140498	non-PMA	F5_S2	F5_S2	F5	S2	Waste compartment
APH(3')-I	41	0.0134858043258	SRR17140498	non-PMA	F5_S2	F5_S2	F5	S2	Waste compartment
EFRB	14	0.00344732122438	SRR17140498	non-PMA	F5_S2	F5_S2	F5	S2	Waste compartment
EFRA	9	0.00165410494095	SRR17140498	non-PMA	F5_S2	F5_S2	F5	S2	Waste compartment
EMRY	7	0.00121868191721	SRR17140498	non-PMA	F5_S2	F5_S2	F5	S2	Waste compartment
TETA(60)	3	0.000461854286908	SRR17140498	non-PMA	F5_S2	F5_S2	F5	S2	Waste compartment
BAER	8	0.00297126257911	SRR17140498	non-PMA	F5_S2	F5_S2	F5	S2	Waste compartment
BAES	6	0.00114524039452	SRR17140498	non-PMA	F5_S2	F5_S2	F5	S2	Waste compartment
EMRR	6	0.00303879127409	SRR17140498	non-PMA	F5_S2	F5_S2	F5	S2	Waste compartment
EMRB-QACA_FAMILY_MAJOR_FACILITATOR_TRANSPORTER	780	0.144547909254	SRR17140498	non-PMA	F5_S2	F5_S2	F5	S2	Waste compartment
PMRF	7	0.0019377799429	SRR17140498	non-PMA	F5_S2	F5_S2	F5	S2	Waste compartment
BIFUNCTIONAL_AMINOGLYCOSIDE_N-ACETYLTRANSFERASE_AND_AMINOGLYCOSIDE_PHOSPHOTRANSFERASE	456	0.0827838535278	SRR17140498	non-PMA	F5_S2	F5_S2	F5	S2	Waste compartment
EMRK	11	0.00253363475738	SRR17140498	non-PMA	F5_S2	F5_S2	F5	S2	Waste compartment
EMRA	8	0.00182846927945	SRR17140498	non-PMA	F5_S2	F5_S2	F5	S2	Waste compartment
EMRB	13	0.00226326641768	SRR17140498	non-PMA	F5_S2	F5_S2	F5	S2	Waste compartment
EMRD	7	0.00158366787211	SRR17140498	non-PMA	F5_S2	F5_S2	F5	S2	Waste compartment
EMRE	7	0.0049917211329	SRR17140498	non-PMA	F5_S2	F5_S2	F5	S2	Waste compartment
ERM(33)	2	0.000733645081261	SRR17140498	non-PMA	F5_S2	F5_S2	F5	S2	Waste compartment
APH(3'')-I	19	0.00622654290474	SRR17140498	non-PMA	F5_S2	F5_S2	F5	S2	Waste compartment
ERMB	24	0.00873187370186	SRR17140498	non-PMA	F5_S2	F5_S2	F5	S2	Waste compartment
ERMC	66	0.0241110651911	SRR17140498	non-PMA	F5_S2	F5_S2	F5	S2	Waste compartment
FOSB	69	0.0442482988399	SRR17140498	non-PMA	F5_S2	F5_S2	F5	S2	Waste compartment
ERMA	2	0.000621169877165	SRR17140498	non-PMA	F5_S2	F5_S2	F5	S2	Waste compartment
ERMF	6	0.00201062881293	SRR17140498	non-PMA	F5_S2	F5_S2	F5	S2	Waste compartment
ERMG	1	0.000365319169562	SRR17140498	non-PMA	F5_S2	F5_S2	F5	S2	Waste compartment
TETT	1	0.000136924542816	SRR17140498	non-PMA	F5_S2	F5_S2	F5	S2	Waste compartment
MGRB	1	0.00189655058241	SRR17140498	non-PMA	F5_S2	F5_S2	F5	S2	Waste compartment
ERMX	852	0.300179729336	SRR17140498	non-PMA	F5_S2	F5_S2	F5	S2	Waste compartment
TETW	86	0.011996647033	SRR17140498	non-PMA	F5_S2	F5_S2	F5	S2	Waste compartment
BLEO	1	0.000665208040098	SRR17140498	non-PMA	F5_S2	F5_S2	F5	S2	Waste compartment
ESCHERICHIA_COLI_MIPA	7	0.00251598847424	SRR17140498	non-PMA	F5_S2	F5_S2	F5	S2	Waste compartment
ERMT	1	0.000365319169562	SRR17140498	non-PMA	F5_S2	F5_S2	F5	S2	Waste compartment
ESCHERICHIA_COLI_LAMB	10	0.00199860711599	SRR17140498	non-PMA	F5_S2	F5_S2	F5	S2	Waste compartment
TETX	1	0.000230927143454	SRR17140498	non-PMA	F5_S2	F5_S2	F5	S2	Waste compartment
TETQ	47	0.0063766822474	SRR17140498	non-PMA	F5_S2	F5_S2	F5	S2	Waste compartment
TETP	9	0.00190556032389	SRR17140498	non-PMA	F5_S2	F5_S2	F5	S2	Waste compartment
MECA	46	0.00613823706462	SRR17140498	non-PMA	F5_S2	F5_S2	F5	S2	Waste compartment
TETR	8	0.00342837989897	SRR17140498	non-PMA	F5_S2	F5_S2	F5	S2	Waste compartment
SUL1	6	0.00188984899024	SRR17140498	non-PMA	F5_S2	F5_S2	F5	S2	Waste compartment
SUL2	2	0.000657844113455	SRR17140498	non-PMA	F5_S2	F5_S2	F5	S2	Waste compartment
TETM	181	0.0252487571276	SRR17140498	non-PMA	F5_S2	F5_S2	F5	S2	Waste compartment
TETL	3	0.000583872559213	SRR17140498	non-PMA	F5_S2	F5_S2	F5	S2	Waste compartment
PENA	8	0.00114462763882	SRR17140498	non-PMA	F5_S2	F5_S2	F5	S2	Waste compartment
TETA	68	0.0144318468128	SRR17140498	non-PMA	F5_S2	F5_S2	F5	S2	Waste compartment
QACB	716	0.124168716341	SRR17140498	non-PMA	F5_S2	F5_S2	F5	S2	Waste compartment
QACA	324	0.0561880783442	SRR17140498	non-PMA	F5_S2	F5_S2	F5	S2	Waste compartment
TETB	61	0.0120831344884	SRR17140498	non-PMA	F5_S2	F5_S2	F5	S2	Waste compartment
KDPE	9	0.00356551509493	SRR17140498	non-PMA	F5_S2	F5_S2	F5	S2	Waste compartment
TETD	4	0.000904953069778	SRR17140498	non-PMA	F5_S2	F5_S2	F5	S2	Waste compartment
SDIA	8	0.00297126257911	SRR17140498	non-PMA	F5_S2	F5_S2	F5	S2	Waste compartment
AADA	7	0.00237249103275	SRR17140498	non-PMA	F5_S2	F5_S2	F5	S2	Waste compartment
CAT_CHLORAMPHENICOL_ACETYLTRANSFERASE	4	0.00165837911392	SRR17140498	non-PMA	F5_S2	F5_S2	F5	S2	Waste compartment
AADD	10	0.00352323625981	SRR17140498	non-PMA	F5_S2	F5_S2	F5	S2	Waste compartment
AADE	24	0.00902662049349	SRR17140498	non-PMA	F5_S2	F5_S2	F5	S2	Waste compartment
BICYCLOMYCIN-MULTIDRUG_EFFLUX_PROTEIN_BCR	7	0.00157566954953	SRR17140498	non-PMA	F5_S2	F5_S2	F5	S2	Waste compartment
KASUGAMYCIN_RESISTANCE_PROTEIN_KSGA	9	0.00293861134197	SRR17140498	non-PMA	F5_S2	F5_S2	F5	S2	Waste compartment
TAEA	5	0.000687792263682	SRR17140498	non-PMA	F5_S2	F5_S2	F5	S2	Waste compartment
FUSB	585	0.244815297011	SRR17140498	non-PMA	F5_S2	F5_S2	F5	S2	Waste compartment
CARO	1	0.000368338336253	SRR17140498	non-PMA	F5_S2	F5_S2	F5	S2	Waste compartment
TRUNCATED_PUTATIVE_RESPONSE_REGULATOR_ARLR	553	0.225083315924	SRR17140498	non-PMA	F5_S2	F5_S2	F5	S2	Waste compartment
TET35	3	0.000724698190026	SRR17140498	non-PMA	F5_S2	F5_S2	F5	S2	Waste compartment
TET32	12	0.00167395074879	SRR17140498	non-PMA	F5_S2	F5_S2	F5	S2	Waste compartment
YKKD	1	0.000857094974742	SRR17140498	non-PMA	F5_S2	F5_S2	F5	S2	Waste compartment
TETA(46)	1	0.000155292469291	SRR17140498	non-PMA	F5_S2	F5_S2	F5	S2	Waste compartment
TETB(46)	3	0.000462653342767	SRR17140498	non-PMA	F5_S2	F5_S2	F5	S2	Waste compartment
MARA	3	0.00210561915055	SRR17140498	non-PMA	F5_S2	F5_S2	F5	S2	Waste compartment
MEL	24	0.00439283173913	SRR17140498	non-PMA	F5_S2	F5_S2	F5	S2	Waste compartment
ARNA	12	0.00161579233909	SRR17140498	non-PMA	F5_S2	F5_S2	F5	S2	Waste compartment
TET(K)	23	0.00446660387709	SRR17140498	non-PMA	F5_S2	F5_S2	F5	S2	Waste compartment
MARR	512	0.310466620511	SRR17140498	non-PMA	F5_S2	F5_S2	F5	S2	Waste compartment
TET(38)	1	0.00019808417194	SRR17140498	non-PMA	F5_S2	F5_S2	F5	S2	Waste compartment
GADW	7	0.00257836835377	SRR17140498	non-PMA	F5_S2	F5_S2	F5	S2	Waste compartment
RPHA	1	0.000103049569218	SRR17140498	non-PMA	F5_S2	F5_S2	F5	S2	Waste compartment
FARA	1	0.000232129888993	SRR17140498	non-PMA	F5_S2	F5_S2	F5	S2	Waste compartment
FARB	3	0.000526404787637	SRR17140498	non-PMA	F5_S2	F5_S2	F5	S2	Waste compartment
PATA	7	0.00135940117998	SRR17140498	non-PMA	F5_S2	F5_S2	F5	S2	Waste compartment
PATB	22	0.00505420954178	SRR17140498	non-PMA	F5_S2	F5_S2	F5	S2	Waste compartment
DNA-BINDING_TRANSCRIPTIONAL_REGULATOR_GADX	5	0.0016266036017	SRR17140498	non-PMA	F5_S2	F5_S2	F5	S2	Waste compartment
TET(40)	2	0.000439102844203	SRR17140498	non-PMA	F5_S2	F5_S2	F5	S2	Waste compartment
ERM(38)	1	0.000236439993032	SRR17140498	non-PMA	F5_S2	F5_S2	F5	S2	Waste compartment
SERRATIA_MARCESCENS_OMP1	2	0.000476673141033	SRR17140498	non-PMA	F5_S2	F5_S2	F5	S2	Waste compartment
MEXX	10	0.00225095649932	SRR17140498	non-PMA	F5_S2	F5_S2	F5	S2	Waste compartment
MEPA	219	0.0925175125342	SRR17140498	non-PMA	F5_S2	F5_S2	F5	S2	Waste compartment
MEXT	1	0.000293216701885	SRR17140498	non-PMA	F5_S2	F5_S2	F5	S2	Waste compartment
RLMA(II)	16	0.00505746821975	SRR17140498	non-PMA	F5_S2	F5_S2	F5	S2	Waste compartment
CFXA2	9	0.00249919282355	SRR17140498	non-PMA	F5_S2	F5_S2	F5	S2	Waste compartment
VGAA	472	0.0805997665137	SRR17140498	non-PMA	F5_S2	F5_S2	F5	S2	Waste compartment
EVGS	57	0.00424466082729	SRR17140498	non-PMA	F5_S2	F5_S2	F5	S2	Waste compartment
MEPR	7	0.00448895785333	SRR17140498	non-PMA	F5_S2	F5_S2	F5	S2	Waste compartment
MEXK	1	8.69637828031e-05	SRR17140498	non-PMA	F5_S2	F5_S2	F5	S2	Waste compartment
MEXF	2	0.000167867942322	SRR17140498	non-PMA	F5_S2	F5_S2	F5	S2	Waste compartment
TRANSCRIPTIONAL_REGULATORY_PROTEIN_CPXR_CPXR	9	0.0034579348981	SRR17140498	non-PMA	F5_S2	F5_S2	F5	S2	Waste compartment
MEXB	6	0.000511307135984	SRR17140498	non-PMA	F5_S2	F5_S2	F5	S2	Waste compartment
ADEJ	2	0.00016850260373	SRR17140498	non-PMA	F5_S2	F5_S2	F5	S2	Waste compartment
OQXA	1	0.000227974110929	SRR17140498	non-PMA	F5_S2	F5_S2	F5	S2	Waste compartment
OQXB	1	8.48932165459e-05	SRR17140498	non-PMA	F5_S2	F5_S2	F5	S2	Waste compartment
ACRD	16	0.00137531922659	SRR17140498	non-PMA	F5_S2	F5_S2	F5	S2	Waste compartment
AAC(6')-I	4	0.00194836890433	SRR17140498	non-PMA	F5_S2	F5_S2	F5	S2	Waste compartment
MDTP	13	0.00237457460215	SRR17140498	non-PMA	F5_S2	F5_S2	F5	S2	Waste compartment
MACB	53	0.00733588121239	SRR17140498	non-PMA	F5_S2	F5_S2	F5	S2	Waste compartment
MACA	8	0.0019221105633	SRR17140498	non-PMA	F5_S2	F5_S2	F5	S2	Waste compartment
ERM(44)	1	0.00035513098555	SRR17140498	non-PMA	F5_S2	F5_S2	F5	S2	Waste compartment
SMER	4	0.00155699349123	SRR17140498	non-PMA	F5_S2	F5_S2	F5	S2	Waste compartment
PBP-1B	22	0.0023885911111	SRR17140498	non-PMA	F5_S2	F5_S2	F5	S2	Waste compartment
ACRS	6	0.00243103301927	SRR17140498	non-PMA	F5_S2	F5_S2	F5	S2	Waste compartment
PBP-1A	53	0.00657066411791	SRR17140498	non-PMA	F5_S2	F5_S2	F5	S2	Waste compartment
RPOB2	1763	0.135241030817	SRR17140498	non-PMA	F5_S2	F5_S2	F5	S2	Waste compartment
TETA(48)	1	0.000259877193508	SRR17140498	non-PMA	F5_S2	F5_S2	F5	S2	Waste compartment
ARLS	281	0.0555382340174	SRR17140498	non-PMA	F5_S2	F5_S2	F5	S2	Waste compartment
DFRG	1	0.000540229559837	SRR17140498	non-PMA	F5_S2	F5_S2	F5	S2	Waste compartment
DNA-BINDING_PROTEIN_H-NS	5	0.0032532072034	SRR17140498	non-PMA	F5_S2	F5_S2	F5	S2	Waste compartment
ACRA	17	0.00379785442442	SRR17140498	non-PMA	F5_S2	F5_S2	F5	S2	Waste compartment
ACRB	34	0.00290852958799	SRR17140498	non-PMA	F5_S2	F5_S2	F5	S2	Waste compartment
CATS	1	0.000543523642519	SRR17140498	non-PMA	F5_S2	F5_S2	F5	S2	Waste compartment
ACRF	14	0.00120689582517	SRR17140498	non-PMA	F5_S2	F5_S2	F5	S2	Waste compartment
KLEBSIELLA_PNEUMONIAE_OMPK37	3	0.00071500971155	SRR17140498	non-PMA	F5_S2	F5_S2	F5	S2	Waste compartment
QACG	58	0.0483177279219	SRR17140498	non-PMA	F5_S2	F5_S2	F5	S2	Waste compartment
BACTERIAL_REGULATORY_PROTEIN_LUXR	8	0.00349560303424	SRR17140498	non-PMA	F5_S2	F5_S2	F5	S2	Waste compartment
TOLC	12	0.00216091823935	SRR17140498	non-PMA	F5_S2	F5_S2	F5	S2	Waste compartment
BLAZ	10	0.00551345386698	SRR17140500	non-PMA	F5_S1	F5_S1	F5	S1	Cupola
LNUA	25	0.0240571511898	SRR17140500	non-PMA	F5_S1	F5_S1	F5	S1	Cupola
OMPR	3	0.00203852702187	SRR17140500	non-PMA	F5_S1	F5_S1	F5	S1	Cupola
BACA	222	0.125985450231	SRR17140500	non-PMA	F5_S1	F5_S1	F5	S1	Cupola
ERM(TR)	6	0.00382538404104	SRR17140500	non-PMA	F5_S1	F5_S1	F5	S1	Cupola
MEXS	1	0.000457014907558	SRR17140500	non-PMA	F5_S1	F5_S1	F5	S1	Cupola
OMPF	3	0.00132417139882	SRR17140500	non-PMA	F5_S1	F5_S1	F5	S1	Cupola
CHLORAMPHENICOL_EXPORTER	8	0.002609314588	SRR17140500	non-PMA	F5_S1	F5_S1	F5	S1	Cupola
BPEF	1	0.000146020785733	SRR17140500	non-PMA	F5_S1	F5_S1	F5	S1	Cupola
APH(3'')-I	1	0.000569588432582	SRR17140500	non-PMA	F5_S1	F5_S1	F5	S1	Cupola
RBPA	7	0.00951312610207	SRR17140500	non-PMA	F5_S1	F5_S1	F5	S1	Cupola
MULTIDRUG_ABC_TRANSPORTER	267	0.0715671112938	SRR17140500	non-PMA	F5_S1	F5_S1	F5	S1	Cupola
LMRP	2	0.000763192382573	SRR17140500	non-PMA	F5_S1	F5_S1	F5	S1	Cupola
MDFA	4	0.00151149320646	SRR17140500	non-PMA	F5_S1	F5_S1	F5	S1	Cupola
PBP-2X	328	0.0677552021349	SRR17140500	non-PMA	F5_S1	F5_S1	F5	S1	Cupola
LMRD	83	0.0194245142809	SRR17140500	non-PMA	F5_S1	F5_S1	F5	S1	Cupola
LMRC	53	0.0143552217554	SRR17140500	non-PMA	F5_S1	F5_S1	F5	S1	Cupola
OLEC	1	0.000476701703576	SRR17140500	non-PMA	F5_S1	F5_S1	F5	S1	Cupola
MPHC	140	0.0725415635877	SRR17140500	non-PMA	F5_S1	F5_S1	F5	S1	Cupola
AXYY	10	0.00148256510682	SRR17140500	non-PMA	F5_S1	F5_S1	F5	S1	Cupola
CLASS_C	1	0.000397251419647	SRR17140500	non-PMA	F5_S1	F5_S1	F5	S1	Cupola
APH(6)-I	5	0.00291218145982	SRR17140500	non-PMA	F5_S1	F5_S1	F5	S1	Cupola
MEXF	8	0.00116706631761	SRR17140500	non-PMA	F5_S1	F5_S1	F5	S1	Cupola
FMTC	136	0.0250835896406	SRR17140500	non-PMA	F5_S1	F5_S1	F5	S1	Cupola
MTRE	19	0.00630328269718	SRR17140500	non-PMA	F5_S1	F5_S1	F5	S1	Cupola
MEFE	9	0.0034599317195	SRR17140500	non-PMA	F5_S1	F5_S1	F5	S1	Cupola
CLASS_A	155	0.0800461610588	SRR17140500	non-PMA	F5_S1	F5_S1	F5	S1	Cupola
MTRA	9	0.00611558106561	SRR17140500	non-PMA	F5_S1	F5_S1	F5	S1	Cupola
MEFA	262	0.100225061875	SRR17140500	non-PMA	F5_S1	F5_S1	F5	S1	Cupola
MTRC	11	0.0041364286172	SRR17140500	non-PMA	F5_S1	F5_S1	F5	S1	Cupola
MSRE	5	0.0015776787542	SRR17140500	non-PMA	F5_S1	F5_S1	F5	S1	Cupola
ROSA	2	0.00075574660323	SRR17140500	non-PMA	F5_S1	F5_S1	F5	S1	Cupola
AMRB	3	0.000444769532045	SRR17140500	non-PMA	F5_S1	F5_S1	F5	S1	Cupola
MSRA	234	0.0742892716331	SRR17140500	non-PMA	F5_S1	F5_S1	F5	S1	Cupola
NORB	9	0.00299217271021	SRR17140500	non-PMA	F5_S1	F5_S1	F5	S1	Cupola
NORA	176	0.0702766428983	SRR17140500	non-PMA	F5_S1	F5_S1	F5	S1	Cupola
MTRR	9	0.00774640268311	SRR17140500	non-PMA	F5_S1	F5_S1	F5	S1	Cupola
TETO	21	0.00509153227998	SRR17140500	non-PMA	F5_S1	F5_S1	F5	S1	Cupola
VANSD	1	0.000664927268937	SRR17140500	non-PMA	F5_S1	F5_S1	F5	S1	Cupola
MAJOR_FACILITATOR_SUPERFAMILY_TRANSPORTER	286	0.113905972615	SRR17140500	non-PMA	F5_S1	F5_S1	F5	S1	Cupola
CAMP-REGULATORY_PROTEIN	16	0.0152076617092	SRR17140500	non-PMA	F5_S1	F5_S1	F5	S1	Cupola
STAPHYLOCOCCUS_MUPA_CONFERRING_RESISTANCE_TO_MUPIROCIN	2	0.000302593854809	SRR17140500	non-PMA	F5_S1	F5_S1	F5	S1	Cupola
AAC(6')-IE-APH(2'')-IA	3	0.000970321839221	SRR17140500	non-PMA	F5_S1	F5_S1	F5	S1	Cupola
TET(W/N/W)	3	0.000727361754283	SRR17140500	non-PMA	F5_S1	F5_S1	F5	S1	Cupola
ROSB	3	0.000855956097581	SRR17140500	non-PMA	F5_S1	F5_S1	F5	S1	Cupola
DFRC	72	0.0692845954266	SRR17140500	non-PMA	F5_S1	F5_S1	F5	S1	Cupola
DFRF	1	0.000944683254038	SRR17140500	non-PMA	F5_S1	F5_S1	F5	S1	Cupola
LSAC	92	0.0289702864572	SRR17140500	non-PMA	F5_S1	F5_S1	F5	S1	Cupola
UGD	48	0.0191663571541	SRR17140500	non-PMA	F5_S1	F5_S1	F5	S1	Cupola
MDTC	1	0.000151149320646	SRR17140500	non-PMA	F5_S1	F5_S1	F5	S1	Cupola
MDTB	13	0.00193660067078	SRR17140500	non-PMA	F5_S1	F5_S1	F5	S1	Cupola
MDTG	114	0.0439348211878	SRR17140500	non-PMA	F5_S1	F5_S1	F5	S1	Cupola
MDTF	5	0.000747001223058	SRR17140500	non-PMA	F5_S1	F5_S1	F5	S1	Cupola
MDTE	2	0.000804821057986	SRR17140500	non-PMA	F5_S1	F5_S1	F5	S1	Cupola
MDTK	33	0.0107861303183	SRR17140500	non-PMA	F5_S1	F5_S1	F5	S1	Cupola
MSBA	22	0.00585638690819	SRR17140500	non-PMA	F5_S1	F5_S1	F5	S1	Cupola
CPXA	4	0.00135604423337	SRR17140500	non-PMA	F5_S1	F5_S1	F5	S1	Cupola
MDTL	2	0.000792470862722	SRR17140500	non-PMA	F5_S1	F5_S1	F5	S1	Cupola
TETB(60)	28	0.00749220294049	SRR17140500	non-PMA	F5_S1	F5_S1	F5	S1	Cupola
VANS	3	0.00103978559505	SRR17140500	non-PMA	F5_S1	F5_S1	F5	S1	Cupola
MECR1	9	0.00425107464317	SRR17140500	non-PMA	F5_S1	F5_S1	F5	S1	Cupola
APH(3')-I	7	0.00400183164441	SRR17140500	non-PMA	F5_S1	F5_S1	F5	S1	Cupola
BLEOMYCIN_RESISTANCE_PROTEIN	3	0.00505200174986	SRR17140500	non-PMA	F5_S1	F5_S1	F5	S1	Cupola
EFRB	58	0.0248227268299	SRR17140500	non-PMA	F5_S1	F5_S1	F5	S1	Cupola
EFRA	15	0.00479158928852	SRR17140500	non-PMA	F5_S1	F5_S1	F5	S1	Cupola
TETA(60)	13	0.0034785227938	SRR17140500	non-PMA	F5_S1	F5_S1	F5	S1	Cupola
BAER	1	0.000645533556926	SRR17140500	non-PMA	F5_S1	F5_S1	F5	S1	Cupola
EMRB-QACA_FAMILY_MAJOR_FACILITATOR_TRANSPORTER	181	0.0582993299644	SRR17140500	non-PMA	F5_S1	F5_S1	F5	S1	Cupola
MUXC	1	0.000149544453342	SRR17140500	non-PMA	F5_S1	F5_S1	F5	S1	Cupola
BIFUNCTIONAL_AMINOGLYCOSIDE_N-ACETYLTRANSFERASE_AND_AMINOGLYCOSIDE_PHOSPHOTRANSFERASE	5	0.0015776787542	SRR17140500	non-PMA	F5_S1	F5_S1	F5	S1	Cupola
EVGS	2	0.000258860574206	SRR17140500	non-PMA	F5_S1	F5_S1	F5	S1	Cupola
RPSD_(RAMA_OR_SUD2)	1	0.000565430852782	SRR17140500	non-PMA	F5_S1	F5_S1	F5	S1	Cupola
EMRA	15	0.0059587712947	SRR17140500	non-PMA	F5_S1	F5_S1	F5	S1	Cupola
EMRB	46	0.0139193173212	SRR17140500	non-PMA	F5_S1	F5_S1	F5	S1	Cupola
ERM(33)	5	0.0031878200342	SRR17140500	non-PMA	F5_S1	F5_S1	F5	S1	Cupola
ABCA	1	0.000106699761475	SRR17140500	non-PMA	F5_S1	F5_S1	F5	S1	Cupola
ERMB	20	0.0126471880541	SRR17140500	non-PMA	F5_S1	F5_S1	F5	S1	Cupola
ERMC	94	0.0596853977223	SRR17140500	non-PMA	F5_S1	F5_S1	F5	S1	Cupola
FOSB	34	0.03789607068	SRR17140500	non-PMA	F5_S1	F5_S1	F5	S1	Cupola
ERMF	23	0.0133960347152	SRR17140500	non-PMA	F5_S1	F5_S1	F5	S1	Cupola
HMRM	5	0.00166948333688	SRR17140500	non-PMA	F5_S1	F5_S1	F5	S1	Cupola
ERMX	40	0.0244945539387	SRR17140500	non-PMA	F5_S1	F5_S1	F5	S1	Cupola
BLEO	2	0.00231235900988	SRR17140500	non-PMA	F5_S1	F5_S1	F5	S1	Cupola
ERMT	1	0.000634951039599	SRR17140500	non-PMA	F5_S1	F5_S1	F5	S1	Cupola
ESCHERICHIA_COLI_LAMB	1	0.000347372317628	SRR17140500	non-PMA	F5_S1	F5_S1	F5	S1	Cupola
TETX	3	0.00120410404401	SRR17140500	non-PMA	F5_S1	F5_S1	F5	S1	Cupola
TETQ	9	0.00212230210496	SRR17140500	non-PMA	F5_S1	F5_S1	F5	S1	Cupola
MECA	1	0.000231928224045	SRR17140500	non-PMA	F5_S1	F5_S1	F5	S1	Cupola
TETR	1	0.000744846411838	SRR17140500	non-PMA	F5_S1	F5_S1	F5	S1	Cupola
SUL1	1	0.00054744895287	SRR17140500	non-PMA	F5_S1	F5_S1	F5	S1	Cupola
TETW	9	0.00218208526285	SRR17140500	non-PMA	F5_S1	F5_S1	F5	S1	Cupola
OXA	1	0.000561333527762	SRR17140500	non-PMA	F5_S1	F5_S1	F5	S1	Cupola
TETM	385	0.0933447584663	SRR17140500	non-PMA	F5_S1	F5_S1	F5	S1	Cupola
PENA	37	0.00920118456742	SRR17140500	non-PMA	F5_S1	F5_S1	F5	S1	Cupola
TETA	96	0.0354121265514	SRR17140500	non-PMA	F5_S1	F5_S1	F5	S1	Cupola
QACB	105	0.0316487269154	SRR17140500	non-PMA	F5_S1	F5_S1	F5	S1	Cupola
QACA	40	0.0120566578725	SRR17140500	non-PMA	F5_S1	F5_S1	F5	S1	Cupola
TETB	13	0.00447569932802	SRR17140500	non-PMA	F5_S1	F5_S1	F5	S1	Cupola
QACG	2	0.00289585147032	SRR17140500	non-PMA	F5_S1	F5_S1	F5	S1	Cupola
AADA	1	0.000589080051948	SRR17140500	non-PMA	F5_S1	F5_S1	F5	S1	Cupola
TRIC	2	0.000305276953029	SRR17140500	non-PMA	F5_S1	F5_S1	F5	S1	Cupola
CAT_CHLORAMPHENICOL_ACETYLTRANSFERASE	3	0.00216178679529	SRR17140500	non-PMA	F5_S1	F5_S1	F5	S1	Cupola
AADD	17	0.0104101854239	SRR17140500	non-PMA	F5_S1	F5_S1	F5	S1	Cupola
AADE	2	0.00130740973555	SRR17140500	non-PMA	F5_S1	F5_S1	F5	S1	Cupola
KASUGAMYCIN_RESISTANCE_PROTEIN_KSGA	11	0.00624252230873	SRR17140500	non-PMA	F5_S1	F5_S1	F5	S1	Cupola
FUSD	19	0.0138198733314	SRR17140500	non-PMA	F5_S1	F5_S1	F5	S1	Cupola
TAEA	3	0.000717259507696	SRR17140500	non-PMA	F5_S1	F5_S1	F5	S1	Cupola
FUSB	17	0.0123651498228	SRR17140500	non-PMA	F5_S1	F5_S1	F5	S1	Cupola
TRUNCATED_PUTATIVE_RESPONSE_REGULATOR_ARLR	99	0.0700359694637	SRR17140500	non-PMA	F5_S1	F5_S1	F5	S1	Cupola
TET37	2	0.00286903803078	SRR17140500	non-PMA	F5_S1	F5_S1	F5	S1	Cupola
TET35	3	0.00125957767205	SRR17140500	non-PMA	F5_S1	F5_S1	F5	S1	Cupola
SAT-4	3	0.0025821342277	SRR17140500	non-PMA	F5_S1	F5_S1	F5	S1	Cupola
TETA(46)	73	0.0197033935842	SRR17140500	non-PMA	F5_S1	F5_S1	F5	S1	Cupola
TETB(46)	103	0.0276082863793	SRR17140500	non-PMA	F5_S1	F5_S1	F5	S1	Cupola
MARA	2	0.0024398118687	SRR17140500	non-PMA	F5_S1	F5_S1	F5	S1	Cupola
MEL	346	0.110072087407	SRR17140500	non-PMA	F5_S1	F5_S1	F5	S1	Cupola
RPOB2	719	0.0958633998134	SRR17140500	non-PMA	F5_S1	F5_S1	F5	S1	Cupola
ARNA	1	0.000234030292541	SRR17140500	non-PMA	F5_S1	F5_S1	F5	S1	Cupola
TET(K)	38	0.012826287667	SRR17140500	non-PMA	F5_S1	F5_S1	F5	S1	Cupola
TET32	4	0.000969815672377	SRR17140500	non-PMA	F5_S1	F5_S1	F5	S1	Cupola
MARR	90	0.0948539104054	SRR17140500	non-PMA	F5_S1	F5_S1	F5	S1	Cupola
MTRD	74	0.0107447759803	SRR17140500	non-PMA	F5_S1	F5_S1	F5	S1	Cupola
FARB	20	0.00609952967174	SRR17140500	non-PMA	F5_S1	F5_S1	F5	S1	Cupola
MUXB	16	0.00237665278868	SRR17140500	non-PMA	F5_S1	F5_S1	F5	S1	Cupola
GOLS	2	0.00201205264496	SRR17140500	non-PMA	F5_S1	F5_S1	F5	S1	Cupola
PATB	191	0.076266129509	SRR17140500	non-PMA	F5_S1	F5_S1	F5	S1	Cupola
MUXA	1	0.000363680877141	SRR17140500	non-PMA	F5_S1	F5_S1	F5	S1	Cupola
CMEB	1	0.000148969282368	SRR17140500	non-PMA	F5_S1	F5_S1	F5	S1	Cupola
OPRN	1	0.000328237401827	SRR17140500	non-PMA	F5_S1	F5_S1	F5	S1	Cupola
MEXX	2	0.000782464917486	SRR17140500	non-PMA	F5_S1	F5_S1	F5	S1	Cupola
MEPA	32	0.0234961977118	SRR17140500	non-PMA	F5_S1	F5_S1	F5	S1	Cupola
MPHD	2	0.00105393233784	SRR17140500	non-PMA	F5_S1	F5_S1	F5	S1	Cupola
CFXA2	5	0.0024132095586	SRR17140500	non-PMA	F5_S1	F5_S1	F5	S1	Cupola
VGAA	214	0.0635145660608	SRR17140500	non-PMA	F5_S1	F5_S1	F5	S1	Cupola
MEXN	1	0.000149544453342	SRR17140500	non-PMA	F5_S1	F5_S1	F5	S1	Cupola
ADEF	7	0.00102407589767	SRR17140500	non-PMA	F5_S1	F5_S1	F5	S1	Cupola
MEPR	1	0.00111459031412	SRR17140500	non-PMA	F5_S1	F5_S1	F5	S1	Cupola
MEXK	9	0.00136034388581	SRR17140500	non-PMA	F5_S1	F5_S1	F5	S1	Cupola
ADEB	3	0.000448633360026	SRR17140500	non-PMA	F5_S1	F5_S1	F5	S1	Cupola
ADEL	2	0.000919454324405	SRR17140500	non-PMA	F5_S1	F5_S1	F5	S1	Cupola
TRANSCRIPTIONAL_REGULATORY_PROTEIN_CPXR_CPXR	10	0.00667793334751	SRR17140500	non-PMA	F5_S1	F5_S1	F5	S1	Cupola
MEXD	3	0.000445622397878	SRR17140500	non-PMA	F5_S1	F5_S1	F5	S1	Cupola
MEXE	2	0.000780493973109	SRR17140500	non-PMA	F5_S1	F5_S1	F5	S1	Cupola
MEXB	5	0.000740573870278	SRR17140500	non-PMA	F5_S1	F5_S1	F5	S1	Cupola
ADEI	2	0.000744846411838	SRR17140500	non-PMA	F5_S1	F5_S1	F5	S1	Cupola
ADEJ	5	0.000732174166646	SRR17140500	non-PMA	F5_S1	F5_S1	F5	S1	Cupola
MEXA	2	0.000809023778915	SRR17140500	non-PMA	F5_S1	F5_S1	F5	S1	Cupola
OQXB	1	0.000147550527297	SRR17140500	non-PMA	F5_S1	F5_S1	F5	S1	Cupola
SMEF	2	0.000653704867773	SRR17140500	non-PMA	F5_S1	F5_S1	F5	S1	Cupola
SMEB	1	0.000147691185569	SRR17140500	non-PMA	F5_S1	F5_S1	F5	S1	Cupola
RLMA(II)	165	0.0906493931002	SRR17140500	non-PMA	F5_S1	F5_S1	F5	S1	Cupola
MDTP	3	0.000952426559399	SRR17140500	non-PMA	F5_S1	F5_S1	F5	S1	Cupola
MACB	121	0.0291091529396	SRR17140500	non-PMA	F5_S1	F5_S1	F5	S1	Cupola
MACA	21	0.00876951247145	SRR17140500	non-PMA	F5_S1	F5_S1	F5	S1	Cupola
ERM(44)	21	0.0129621080753	SRR17140500	non-PMA	F5_S1	F5_S1	F5	S1	Cupola
SMER	15	0.0101481257857	SRR17140500	non-PMA	F5_S1	F5_S1	F5	S1	Cupola
PBP-1B	266	0.0501959345605	SRR17140500	non-PMA	F5_S1	F5_S1	F5	S1	Cupola
PBP-1A	411	0.088561098825	SRR17140500	non-PMA	F5_S1	F5_S1	F5	S1	Cupola
RPHB	2	0.000350515958512	SRR17140500	non-PMA	F5_S1	F5_S1	F5	S1	Cupola
ARLS	53	0.0182066227142	SRR17140500	non-PMA	F5_S1	F5_S1	F5	S1	Cupola
ACRB	4	0.000594733411371	SRR17140500	non-PMA	F5_S1	F5_S1	F5	S1	Cupola
ACRA	5	0.00194145430654	SRR17140500	non-PMA	F5_S1	F5_S1	F5	S1	Cupola
ACRF	1	0.000149833707604	SRR17140500	non-PMA	F5_S1	F5_S1	F5	S1	Cupola
ACRD	1	0.000149400244612	SRR17140500	non-PMA	F5_S1	F5_S1	F5	S1	Cupola
BACTERIAL_REGULATORY_PROTEIN_LUXR	1	0.000759451243442	SRR17140500	non-PMA	F5_S1	F5_S1	F5	S1	Cupola
TOLC	2	0.000625971933989	SRR17140500	non-PMA	F5_S1	F5_S1	F5	S1	Cupola
BLAZ	3	0.00532506312357	SRR17140502	non-PMA	F4_S8	F4_S8	F4	S8	Crew quarters
LNUA	9	0.0278821628147	SRR17140502	non-PMA	F4_S8	F4_S8	F4	S8	Crew quarters
OMPR	1	0.00218763558146	SRR17140502	non-PMA	F4_S8	F4_S8	F4	S8	Crew quarters
BACA	52	0.0950058881093	SRR17140502	non-PMA	F4_S8	F4_S8	F4	S8	Crew quarters
ERM(TR)	1	0.00205259634804	SRR17140502	non-PMA	F4_S8	F4_S8	F4	S8	Crew quarters
OMPF	1	0.00142102824095	SRR17140502	non-PMA	F4_S8	F4_S8	F4	S8	Crew quarters
CHLORAMPHENICOL_EXPORTER	1	0.0010500650791	SRR17140502	non-PMA	F4_S8	F4_S8	F4	S8	Crew quarters
EPTA	1	0.000911848103426	SRR17140502	non-PMA	F4_S8	F4_S8	F4	S8	Crew quarters
MSBA	1	0.000857011877275	SRR17140502	non-PMA	F4_S8	F4_S8	F4	S8	Crew quarters
RBPA	3	0.0131258134888	SRR17140502	non-PMA	F4_S8	F4_S8	F4	S8	Crew quarters
MULTIDRUG_ABC_TRANSPORTER	66	0.056954221851	SRR17140502	non-PMA	F4_S8	F4_S8	F4	S8	Crew quarters
LMRP	1	0.00122852441521	SRR17140502	non-PMA	F4_S8	F4_S8	F4	S8	Crew quarters
PBP-2X	38	0.0252715662371	SRR17140502	non-PMA	F4_S8	F4_S8	F4	S8	Crew quarters
LMRD	9	0.00678100938545	SRR17140502	non-PMA	F4_S8	F4_S8	F4	S8	Crew quarters
LMRC	4	0.00348797840961	SRR17140502	non-PMA	F4_S8	F4_S8	F4	S8	Crew quarters
MPHC	20	0.0333632717441	SRR17140502	non-PMA	F4_S8	F4_S8	F4	S8	Crew quarters
AXYY	1	0.000477302308683	SRR17140502	non-PMA	F4_S8	F4_S8	F4	S8	Crew quarters
VANRI	1	0.00214991772661	SRR17140502	non-PMA	F4_S8	F4_S8	F4	S8	Crew quarters
FMTC	32	0.0190011776219	SRR17140502	non-PMA	F4_S8	F4_S8	F4	S8	Crew quarters
MEXD	1	0.000478217557597	SRR17140502	non-PMA	F4_S8	F4_S8	F4	S8	Crew quarters
MTRD	2	0.000934922047936	SRR17140502	non-PMA	F4_S8	F4_S8	F4	S8	Crew quarters
CLASS_A	19	0.0315894577964	SRR17140502	non-PMA	F4_S8	F4_S8	F4	S8	Crew quarters
MTRA	2	0.00437527116293	SRR17140502	non-PMA	F4_S8	F4_S8	F4	S8	Crew quarters
MEFA	5	0.00615778904412	SRR17140502	non-PMA	F4_S8	F4_S8	F4	S8	Crew quarters
ROSA	1	0.00121653881116	SRR17140502	non-PMA	F4_S8	F4_S8	F4	S8	Crew quarters
MSRA	63	0.0643917981397	SRR17140502	non-PMA	F4_S8	F4_S8	F4	S8	Crew quarters
NORB	4	0.00428138122381	SRR17140502	non-PMA	F4_S8	F4_S8	F4	S8	Crew quarters
NORA	39	0.0501351948206	SRR17140502	non-PMA	F4_S8	F4_S8	F4	S8	Crew quarters
MTRR	1	0.00277100506986	SRR17140502	non-PMA	F4_S8	F4_S8	F4	S8	Crew quarters
TETO	1	0.00078056480841	SRR17140502	non-PMA	F4_S8	F4_S8	F4	S8	Crew quarters
APH(3''')-III	1	0.00188932163854	SRR17140502	non-PMA	F4_S8	F4_S8	F4	S8	Crew quarters
MAJOR_FACILITATOR_SUPERFAMILY_TRANSPORTER	73	0.0936015594291	SRR17140502	non-PMA	F4_S8	F4_S8	F4	S8	Crew quarters
CAMP-REGULATORY_PROTEIN	1	0.00306000559861	SRR17140502	non-PMA	F4_S8	F4_S8	F4	S8	Crew quarters
STAPHYLOCOCCUS_MUPA_CONFERRING_RESISTANCE_TO_MUPIROCIN	18	0.00876763322884	SRR17140502	non-PMA	F4_S8	F4_S8	F4	S8	Crew quarters
AAC(6')-IE-APH(2'')-IA	1	0.00104129626842	SRR17140502	non-PMA	F4_S8	F4_S8	F4	S8	Crew quarters
DFRC	34	0.105332615078	SRR17140502	non-PMA	F4_S8	F4_S8	F4	S8	Crew quarters
LSAC	5	0.00506891171315	SRR17140502	non-PMA	F4_S8	F4_S8	F4	S8	Crew quarters
UGD	96	0.123409710328	SRR17140502	non-PMA	F4_S8	F4_S8	F4	S8	Crew quarters
MDTC	1	0.000486615524462	SRR17140502	non-PMA	F4_S8	F4_S8	F4	S8	Crew quarters
MDTG	16	0.0198519766199	SRR17140502	non-PMA	F4_S8	F4_S8	F4	S8	Crew quarters
MDTK	2	0.00210456081255	SRR17140502	non-PMA	F4_S8	F4_S8	F4	S8	Crew quarters
CPXA	1	0.00109142431635	SRR17140502	non-PMA	F4_S8	F4_S8	F4	S8	Crew quarters
MDTL	1	0.00127565450786	SRR17140502	non-PMA	F4_S8	F4_S8	F4	S8	Crew quarters
VANS	2	0.00223168193545	SRR17140502	non-PMA	F4_S8	F4_S8	F4	S8	Crew quarters
MECR1	2	0.00304134702789	SRR17140502	non-PMA	F4_S8	F4_S8	F4	S8	Crew quarters
BCRA	1	0.0016141777106	SRR17140502	non-PMA	F4_S8	F4_S8	F4	S8	Crew quarters
APH(3')-I	5	0.00920259986299	SRR17140502	non-PMA	F4_S8	F4_S8	F4	S8	Crew quarters
BLEOMYCIN_RESISTANCE_PROTEIN	3	0.0162645949752	SRR17140502	non-PMA	F4_S8	F4_S8	F4	S8	Crew quarters
EFRB	6	0.00826708694874	SRR17140502	non-PMA	F4_S8	F4_S8	F4	S8	Crew quarters
EFRA	3	0.00308524275819	SRR17140502	non-PMA	F4_S8	F4_S8	F4	S8	Crew quarters
TETA(60)	2	0.00172290470665	SRR17140502	non-PMA	F4_S8	F4_S8	F4	S8	Crew quarters
BAES	2	0.00213610669197	SRR17140502	non-PMA	F4_S8	F4_S8	F4	S8	Crew quarters
EMRB-QACA_FAMILY_MAJOR_FACILITATOR_TRANSPORTER	63	0.0653288929151	SRR17140502	non-PMA	F4_S8	F4_S8	F4	S8	Crew quarters
EMRB	2	0.00194836293974	SRR17140502	non-PMA	F4_S8	F4_S8	F4	S8	Crew quarters
ERM(33)	1	0.00205259634804	SRR17140502	non-PMA	F4_S8	F4_S8	F4	S8	Crew quarters
ERMB	10	0.0203584045949	SRR17140502	non-PMA	F4_S8	F4_S8	F4	S8	Crew quarters
ERMC	29	0.0592813379699	SRR17140502	non-PMA	F4_S8	F4_S8	F4	S8	Crew quarters
FOSB	5	0.0179417594451	SRR17140502	non-PMA	F4_S8	F4_S8	F4	S8	Crew quarters
ERMF	1	0.00187511621268	SRR17140502	non-PMA	F4_S8	F4_S8	F4	S8	Crew quarters
HMRM	3	0.00322487658992	SRR17140502	non-PMA	F4_S8	F4_S8	F4	S8	Crew quarters
ERMX	4	0.00788586423042	SRR17140502	non-PMA	F4_S8	F4_S8	F4	S8	Crew quarters
TETX	1	0.00129217852998	SRR17140502	non-PMA	F4_S8	F4_S8	F4	S8	Crew quarters
OPMH	1	0.00103481517132	SRR17140502	non-PMA	F4_S8	F4_S8	F4	S8	Crew quarters
TETQ	9	0.00683261524074	SRR17140502	non-PMA	F4_S8	F4_S8	F4	S8	Crew quarters
MECA	10	0.00746678012835	SRR17140502	non-PMA	F4_S8	F4_S8	F4	S8	Crew quarters
TETW	4	0.00312225923364	SRR17140502	non-PMA	F4_S8	F4_S8	F4	S8	Crew quarters
TETM	27	0.0210752498271	SRR17140502	non-PMA	F4_S8	F4_S8	F4	S8	Crew quarters
PENA	25	0.0200152854163	SRR17140502	non-PMA	F4_S8	F4_S8	F4	S8	Crew quarters
TETA	7	0.00831301520957	SRR17140502	non-PMA	F4_S8	F4_S8	F4	S8	Crew quarters
QACB	40	0.0388156352198	SRR17140502	non-PMA	F4_S8	F4_S8	F4	S8	Crew quarters
QACA	7	0.00679273616346	SRR17140502	non-PMA	F4_S8	F4_S8	F4	S8	Crew quarters
TETB	2	0.00221680405588	SRR17140502	non-PMA	F4_S8	F4_S8	F4	S8	Crew quarters
QACG	1	0.00466150385583	SRR17140502	non-PMA	F4_S8	F4_S8	F4	S8	Crew quarters
CAT_CHLORAMPHENICOL_ACETYLTRANSFERASE	2	0.00463982244255	SRR17140502	non-PMA	F4_S8	F4_S8	F4	S8	Crew quarters
AADD	2	0.00394293211521	SRR17140502	non-PMA	F4_S8	F4_S8	F4	S8	Crew quarters
AADE	1	0.00210456081255	SRR17140502	non-PMA	F4_S8	F4_S8	F4	S8	Crew quarters
TRIC	1	0.000491409766083	SRR17140502	non-PMA	F4_S8	F4_S8	F4	S8	Crew quarters
TAEA	5	0.00384861815258	SRR17140502	non-PMA	F4_S8	F4_S8	F4	S8	Crew quarters
TRUNCATED_PUTATIVE_RESPONSE_REGULATOR_ARLR	21	0.0478283066852	SRR17140502	non-PMA	F4_S8	F4_S8	F4	S8	Crew quarters
SAT-4	1	0.00277100506986	SRR17140502	non-PMA	F4_S8	F4_S8	F4	S8	Crew quarters
YKKD	1	0.00479597031321	SRR17140502	non-PMA	F4_S8	F4_S8	F4	S8	Crew quarters
TETB(46)	1	0.000862942755318	SRR17140502	non-PMA	F4_S8	F4_S8	F4	S8	Crew quarters
MEL	9	0.00921771707016	SRR17140502	non-PMA	F4_S8	F4_S8	F4	S8	Crew quarters
ANT(3'')-IIA	1	0.00190374394112	SRR17140502	non-PMA	F4_S8	F4_S8	F4	S8	Crew quarters
TET(K)	11	0.0119533552033	SRR17140502	non-PMA	F4_S8	F4_S8	F4	S8	Crew quarters
MARR	29	0.0983989555418	SRR17140502	non-PMA	F4_S8	F4_S8	F4	S8	Crew quarters
FARB	1	0.000981852190106	SRR17140502	non-PMA	F4_S8	F4_S8	F4	S8	Crew quarters
PATB	11	0.014140695975	SRR17140502	non-PMA	F4_S8	F4_S8	F4	S8	Crew quarters
OPRM	1	0.00106577118071	SRR17140502	non-PMA	F4_S8	F4_S8	F4	S8	Crew quarters
MEPA	11	0.0260027963901	SRR17140502	non-PMA	F4_S8	F4_S8	F4	S8	Crew quarters
RLMA(II)	11	0.0194559930437	SRR17140502	non-PMA	F4_S8	F4_S8	F4	S8	Crew quarters
CFXA3	1	0.00155383461861	SRR17140502	non-PMA	F4_S8	F4_S8	F4	S8	Crew quarters
CFXA2	4	0.00621533847444	SRR17140502	non-PMA	F4_S8	F4_S8	F4	S8	Crew quarters
VGAA	35	0.0334431646362	SRR17140502	non-PMA	F4_S8	F4_S8	F4	S8	Crew quarters
ADEA	2	0.00697595681922	SRR17140502	non-PMA	F4_S8	F4_S8	F4	S8	Crew quarters
ADEB	6	0.00288869254386	SRR17140502	non-PMA	F4_S8	F4_S8	F4	S8	Crew quarters
MEXF	4	0.00187864750499	SRR17140502	non-PMA	F4_S8	F4_S8	F4	S8	Crew quarters
TRANSCRIPTIONAL_REGULATORY_PROTEIN_CPXR_CPXR	1	0.00214991772661	SRR17140502	non-PMA	F4_S8	F4_S8	F4	S8	Crew quarters
ADEN	1	0.00229852955103	SRR17140502	non-PMA	F4_S8	F4_S8	F4	S8	Crew quarters
MEXE	1	0.00125637509464	SRR17140502	non-PMA	F4_S8	F4_S8	F4	S8	Crew quarters
MEXB	3	0.00143053799017	SRR17140502	non-PMA	F4_S8	F4_S8	F4	S8	Crew quarters
ADEI	2	0.00239798515661	SRR17140502	non-PMA	F4_S8	F4_S8	F4	S8	Crew quarters
ADEJ	1	0.000471437535514	SRR17140502	non-PMA	F4_S8	F4_S8	F4	S8	Crew quarters
OQXB	1	0.000475029440547	SRR17140502	non-PMA	F4_S8	F4_S8	F4	S8	Crew quarters
MACB	10	0.0077450452263	SRR17140502	non-PMA	F4_S8	F4_S8	F4	S8	Crew quarters
MACA	1	0.00134442294494	SRR17140502	non-PMA	F4_S8	F4_S8	F4	S8	Crew quarters
BLAR1	1	0.000848266858119	SRR17140502	non-PMA	F4_S8	F4_S8	F4	S8	Crew quarters
SMER	2	0.00435616517532	SRR17140502	non-PMA	F4_S8	F4_S8	F4	S8	Crew quarters
PBP-1B	28	0.01701079848	SRR17140502	non-PMA	F4_S8	F4_S8	F4	S8	Crew quarters
PBP-1A	31	0.0215051575658	SRR17140502	non-PMA	F4_S8	F4_S8	F4	S8	Crew quarters
RPOB2	723	0.31034302908	SRR17140502	non-PMA	F4_S8	F4_S8	F4	S8	Crew quarters
ARLS	18	0.019906998728	SRR17140502	non-PMA	F4_S8	F4_S8	F4	S8	Crew quarters
TETC	1	0.00253188280494	SRR17140502	non-PMA	F4_S8	F4_S8	F4	S8	Crew quarters
ACRB	4	0.00191470599836	SRR17140502	non-PMA	F4_S8	F4_S8	F4	S8	Crew quarters
MCR-2	1	0.000927102067981	SRR17140502	non-PMA	F4_S8	F4_S8	F4	S8	Crew quarters
ACRF	2	0.000964759985636	SRR17140502	non-PMA	F4_S8	F4_S8	F4	S8	Crew quarters
BACTERIAL_REGULATORY_PROTEIN_LUXR	1	0.0024450044734	SRR17140502	non-PMA	F4_S8	F4_S8	F4	S8	Crew quarters
BLAZ	9	0.00388816282496	SRR17140504	non-PMA	F4_S7	F4_S7	F4	S7	Lab overhead
LNUA	180	0.135723447679	SRR17140504	non-PMA	F4_S7	F4_S7	F4	S7	Lab overhead
OMPR	2	0.00106488669962	SRR17140504	non-PMA	F4_S7	F4_S7	F4	S7	Lab overhead
BACA	247	0.109835456733	SRR17140504	non-PMA	F4_S7	F4_S7	F4	S7	Lab overhead
VATB	4	0.00229051101429	SRR17140504	non-PMA	F4_S7	F4_S7	F4	S7	Lab overhead
CHLORAMPHENICOL_EXPORTER	1	0.00025557280791	SRR17140504	non-PMA	F4_S7	F4_S7	F4	S7	Lab overhead
EPTA	1	0.000221932511439	SRR17140504	non-PMA	F4_S7	F4_S7	F4	S7	Lab overhead
MSBA	2	0.000417172109131	SRR17140504	non-PMA	F4_S7	F4_S7	F4	S7	Lab overhead
MULTIDRUG_ABC_TRANSPORTER	295	0.0619587192186	SRR17140504	non-PMA	F4_S7	F4_S7	F4	S7	Lab overhead
PBP-2X	154	0.0249268678648	SRR17140504	non-PMA	F4_S7	F4_S7	F4	S7	Lab overhead
LMRD	20	0.003667585612	SRR17140504	non-PMA	F4_S7	F4_S7	F4	S7	Lab overhead
LMRC	16	0.00339572262258	SRR17140504	non-PMA	F4_S7	F4_S7	F4	S7	Lab overhead
MEXK	3	0.000355308537826	SRR17140504	non-PMA	F4_S7	F4_S7	F4	S7	Lab overhead
MPHC	149	0.0604955367218	SRR17140504	non-PMA	F4_S7	F4_S7	F4	S7	Lab overhead
APH(6)-I	1	0.000456380014125	SRR17140504	non-PMA	F4_S7	F4_S7	F4	S7	Lab overhead
TOLC	4	0.000980986535412	SRR17140504	non-PMA	F4_S7	F4_S7	F4	S7	Lab overhead
FMTC	183	0.0264472218185	SRR17140504	non-PMA	F4_S7	F4_S7	F4	S7	Lab overhead
MTRE	1	0.000259950928816	SRR17140504	non-PMA	F4_S7	F4_S7	F4	S7	Lab overhead
MTRD	13	0.00147906475056	SRR17140504	non-PMA	F4_S7	F4_S7	F4	S7	Lab overhead
CLASS_A	156	0.0631264835537	SRR17140504	non-PMA	F4_S7	F4_S7	F4	S7	Lab overhead
MTRA	13	0.00692176354756	SRR17140504	non-PMA	F4_S7	F4_S7	F4	S7	Lab overhead
MEFA	89	0.026677383838	SRR17140504	non-PMA	F4_S7	F4_S7	F4	S7	Lab overhead
MTRC	3	0.000883959347747	SRR17140504	non-PMA	F4_S7	F4_S7	F4	S7	Lab overhead
MSRE	3	0.000741733709311	SRR17140504	non-PMA	F4_S7	F4_S7	F4	S7	Lab overhead
STAPHYLOCOCCUS_MUPA_CONFERRING_RESISTANCE_TO_MUPIROCIN	35	0.00414931438623	SRR17140504	non-PMA	F4_S7	F4_S7	F4	S7	Lab overhead
AMRB	3	0.000348508374423	SRR17140504	non-PMA	F4_S7	F4_S7	F4	S7	Lab overhead
MSRA	339	0.0843311708887	SRR17140504	non-PMA	F4_S7	F4_S7	F4	S7	Lab overhead
NORB	37	0.00963882424682	SRR17140504	non-PMA	F4_S7	F4_S7	F4	S7	Lab overhead
NORA	291	0.0910478128179	SRR17140504	non-PMA	F4_S7	F4_S7	F4	S7	Lab overhead
TETO	4	0.00075991914715	SRR17140504	non-PMA	F4_S7	F4_S7	F4	S7	Lab overhead
MAJOR_FACILITATOR_SUPERFAMILY_TRANSPORTER	314	0.097991476349	SRR17140504	non-PMA	F4_S7	F4_S7	F4	S7	Lab overhead
CAMP-REGULATORY_PROTEIN	2	0.00148953477003	SRR17140504	non-PMA	F4_S7	F4_S7	F4	S7	Lab overhead
DFRC	103	0.0776639728385	SRR17140504	non-PMA	F4_S7	F4_S7	F4	S7	Lab overhead
LSAC	14	0.0034543885622	SRR17140504	non-PMA	F4_S7	F4_S7	F4	S7	Lab overhead
UGD	381	0.119206930184	SRR17140504	non-PMA	F4_S7	F4_S7	F4	S7	Lab overhead
MDTB	3	0.000350183895453	SRR17140504	non-PMA	F4_S7	F4_S7	F4	S7	Lab overhead
MDTG	32	0.00966344945331	SRR17140504	non-PMA	F4_S7	F4_S7	F4	S7	Lab overhead
MDTF	4	0.000468262618157	SRR17140504	non-PMA	F4_S7	F4_S7	F4	S7	Lab overhead
MDTE	1	0.000315317100668	SRR17140504	non-PMA	F4_S7	F4_S7	F4	S7	Lab overhead
MDTK	3	0.000768335973147	SRR17140504	non-PMA	F4_S7	F4_S7	F4	S7	Lab overhead
MDTO	1	0.000177740971826	SRR17140504	non-PMA	F4_S7	F4_S7	F4	S7	Lab overhead
VANS	1	0.000271581842857	SRR17140504	non-PMA	F4_S7	F4_S7	F4	S7	Lab overhead
MECR1	13	0.00481146978306	SRR17140504	non-PMA	F4_S7	F4_S7	F4	S7	Lab overhead
VANY	1	0.000371244904456	SRR17140504	non-PMA	F4_S7	F4_S7	F4	S7	Lab overhead
APH(3')-I	10	0.00447959718661	SRR17140504	non-PMA	F4_S7	F4_S7	F4	S7	Lab overhead
BLEOMYCIN_RESISTANCE_PROTEIN	6	0.0079172011146	SRR17140504	non-PMA	F4_S7	F4_S7	F4	S7	Lab overhead
OXA	1	0.000439844506367	SRR17140504	non-PMA	F4_S7	F4_S7	F4	S7	Lab overhead
EFRA	6	0.00150181959287	SRR17140504	non-PMA	F4_S7	F4_S7	F4	S7	Lab overhead
BAER	2	0.00101164236464	SRR17140504	non-PMA	F4_S7	F4_S7	F4	S7	Lab overhead
MUXB	1	0.000116392218367	SRR17140504	non-PMA	F4_S7	F4_S7	F4	S7	Lab overhead
BIFUNCTIONAL_AMINOGLYCOSIDE_N-ACETYLTRANSFERASE_AND_AMINOGLYCOSIDE_PHOSPHOTRANSFERASE	1	0.00024724456977	SRR17140504	non-PMA	F4_S7	F4_S7	F4	S7	Lab overhead
EMRK	2	0.000627375109856	SRR17140504	non-PMA	F4_S7	F4_S7	F4	S7	Lab overhead
EMRA	2	0.000622549147473	SRR17140504	non-PMA	F4_S7	F4_S7	F4	S7	Lab overhead
EMRB	8	0.00189682943371	SRR17140504	non-PMA	F4_S7	F4_S7	F4	S7	Lab overhead
TETS	16	0.00301607661509	SRR17140504	non-PMA	F4_S7	F4_S7	F4	S7	Lab overhead
ERM(33)	4	0.00199830590547	SRR17140504	non-PMA	F4_S7	F4_S7	F4	S7	Lab overhead
APH(3'')-I	7	0.00312418965552	SRR17140504	non-PMA	F4_S7	F4_S7	F4	S7	Lab overhead
ERMB	10	0.0049549830105	SRR17140504	non-PMA	F4_S7	F4_S7	F4	S7	Lab overhead
ERMC	11	0.00547281934971	SRR17140504	non-PMA	F4_S7	F4_S7	F4	S7	Lab overhead
FOSB	33	0.0288208903884	SRR17140504	non-PMA	F4_S7	F4_S7	F4	S7	Lab overhead
ERMA	7	0.00296090448188	SRR17140504	non-PMA	F4_S7	F4_S7	F4	S7	Lab overhead
ERMX	23	0.0110360985234	SRR17140504	non-PMA	F4_S7	F4_S7	F4	S7	Lab overhead
TETV	1	0.000296090448188	SRR17140504	non-PMA	F4_S7	F4_S7	F4	S7	Lab overhead
TETB(60)	13	0.00272566854723	SRR17140504	non-PMA	F4_S7	F4_S7	F4	S7	Lab overhead
MECI	1	0.000986968160628	SRR17140504	non-PMA	F4_S7	F4_S7	F4	S7	Lab overhead
TETQ	2	0.000369549722244	SRR17140504	non-PMA	F4_S7	F4_S7	F4	S7	Lab overhead
TETP	4	0.00115341647275	SRR17140504	non-PMA	F4_S7	F4_S7	F4	S7	Lab overhead
MECA	13	0.00236251809707	SRR17140504	non-PMA	F4_S7	F4_S7	F4	S7	Lab overhead
EFRB	18	0.00603631908185	SRR17140504	non-PMA	F4_S7	F4_S7	F4	S7	Lab overhead
TETM	105	0.0199478776127	SRR17140504	non-PMA	F4_S7	F4_S7	F4	S7	Lab overhead
TETL	3	0.000795177404523	SRR17140504	non-PMA	F4_S7	F4_S7	F4	S7	Lab overhead
PENA	17	0.0033126010014	SRR17140504	non-PMA	F4_S7	F4_S7	F4	S7	Lab overhead
TETA	12	0.00346848810735	SRR17140504	non-PMA	F4_S7	F4_S7	F4	S7	Lab overhead
QACB	267	0.0630603528466	SRR17140504	non-PMA	F4_S7	F4_S7	F4	S7	Lab overhead
QACA	37	0.00873870058174	SRR17140504	non-PMA	F4_S7	F4_S7	F4	S7	Lab overhead
TETB	25	0.00674428243096	SRR17140504	non-PMA	F4_S7	F4_S7	F4	S7	Lab overhead
QACG	26	0.0294983568008	SRR17140504	non-PMA	F4_S7	F4_S7	F4	S7	Lab overhead
CAT_CHLORAMPHENICOL_ACETYLTRANSFERASE	54	0.030490430339	SRR17140504	non-PMA	F4_S7	F4_S7	F4	S7	Lab overhead
AADD	29	0.0139150807469	SRR17140504	non-PMA	F4_S7	F4_S7	F4	S7	Lab overhead
RLMA(II)	42	0.0180804167298	SRR17140504	non-PMA	F4_S7	F4_S7	F4	S7	Lab overhead
BICYCLOMYCIN-MULTIDRUG_EFFLUX_PROTEIN_BCR	1	0.000306558292316	SRR17140504	non-PMA	F4_S7	F4_S7	F4	S7	Lab overhead
TRIC	1	0.000119603038184	SRR17140504	non-PMA	F4_S7	F4_S7	F4	S7	Lab overhead
FUSD	6	0.00341963616217	SRR17140504	non-PMA	F4_S7	F4_S7	F4	S7	Lab overhead
TAEA	8	0.0014987294291	SRR17140504	non-PMA	F4_S7	F4_S7	F4	S7	Lab overhead
FUSB	7	0.00398957552254	SRR17140504	non-PMA	F4_S7	F4_S7	F4	S7	Lab overhead
TRUNCATED_PUTATIVE_RESPONSE_REGULATOR_ARLR	160	0.0886919333386	SRR17140504	non-PMA	F4_S7	F4_S7	F4	S7	Lab overhead
TET35	1	0.000328989386876	SRR17140504	non-PMA	F4_S7	F4_S7	F4	S7	Lab overhead
TET32	1	0.000189979786787	SRR17140504	non-PMA	F4_S7	F4_S7	F4	S7	Lab overhead
TETA(46)	21	0.00444135672282	SRR17140504	non-PMA	F4_S7	F4_S7	F4	S7	Lab overhead
TETB(46)	2	0.000420059113347	SRR17140504	non-PMA	F4_S7	F4_S7	F4	S7	Lab overhead
MEL	95	0.0236811559691	SRR17140504	non-PMA	F4_S7	F4_S7	F4	S7	Lab overhead
TET(K)	56	0.0148109731817	SRR17140504	non-PMA	F4_S7	F4_S7	F4	S7	Lab overhead
MARR	152	0.125526236266	SRR17140504	non-PMA	F4_S7	F4_S7	F4	S7	Lab overhead
TET(38)	1	0.000269771297238	SRR17140504	non-PMA	F4_S7	F4_S7	F4	S7	Lab overhead
TETB(48)	2	0.000895919437323	SRR17140504	non-PMA	F4_S7	F4_S7	F4	S7	Lab overhead
EMRB-QACA_FAMILY_MAJOR_FACILITATOR_TRANSPORTER	240	0.0605723494838	SRR17140504	non-PMA	F4_S7	F4_S7	F4	S7	Lab overhead
PATA	3	0.000793444991877	SRR17140504	non-PMA	F4_S7	F4_S7	F4	S7	Lab overhead
PATB	36	0.0112636469465	SRR17140504	non-PMA	F4_S7	F4_S7	F4	S7	Lab overhead
ACRB	6	0.000699023514917	SRR17140504	non-PMA	F4_S7	F4_S7	F4	S7	Lab overhead
MEPA	20	0.0115068325836	SRR17140504	non-PMA	F4_S7	F4_S7	F4	S7	Lab overhead
MEXT	1	0.000399332512359	SRR17140504	non-PMA	F4_S7	F4_S7	F4	S7	Lab overhead
VGAB	4	0.000879689012733	SRR17140504	non-PMA	F4_S7	F4_S7	F4	S7	Lab overhead
VGAA	236	0.0548845053002	SRR17140504	non-PMA	F4_S7	F4_S7	F4	S7	Lab overhead
MEXN	2	0.000234357304551	SRR17140504	non-PMA	F4_S7	F4_S7	F4	S7	Lab overhead
ADEA	1	0.000848930655645	SRR17140504	non-PMA	F4_S7	F4_S7	F4	S7	Lab overhead
ADEB	1	0.000117178652275	SRR17140504	non-PMA	F4_S7	F4_S7	F4	S7	Lab overhead
MEXF	2	0.000228619743422	SRR17140504	non-PMA	F4_S7	F4_S7	F4	S7	Lab overhead
TRANSCRIPTIONAL_REGULATORY_PROTEIN_CPXR_CPXR	2	0.00104652658411	SRR17140504	non-PMA	F4_S7	F4_S7	F4	S7	Lab overhead
MEXD	1	0.000116392218367	SRR17140504	non-PMA	F4_S7	F4_S7	F4	S7	Lab overhead
MEXB	5	0.000580291987367	SRR17140504	non-PMA	F4_S7	F4_S7	F4	S7	Lab overhead
OQXB	7	0.000809313891715	SRR17140504	non-PMA	F4_S7	F4_S7	F4	S7	Lab overhead
MACB	8	0.00150803830754	SRR17140504	non-PMA	F4_S7	F4_S7	F4	S7	Lab overhead
MACA	3	0.000981647577552	SRR17140504	non-PMA	F4_S7	F4_S7	F4	S7	Lab overhead
SMER	1	0.000530118269682	SRR17140504	non-PMA	F4_S7	F4_S7	F4	S7	Lab overhead
PBP-1B	101	0.0149343550055	SRR17140504	non-PMA	F4_S7	F4_S7	F4	S7	Lab overhead
PBP-1A	115	0.0194167797386	SRR17140504	non-PMA	F4_S7	F4_S7	F4	S7	Lab overhead
RPOB2	3652	0.381533691808	SRR17140504	non-PMA	F4_S7	F4_S7	F4	S7	Lab overhead
ARLS	118	0.0317624298966	SRR17140504	non-PMA	F4_S7	F4_S7	F4	S7	Lab overhead
TETC	2	0.00123245770312	SRR17140504	non-PMA	F4_S7	F4_S7	F4	S7	Lab overhead
CATP	5	0.00282318799435	SRR17140504	non-PMA	F4_S7	F4_S7	F4	S7	Lab overhead
ACRF	1	0.00011740530344	SRR17140504	non-PMA	F4_S7	F4_S7	F4	S7	Lab overhead
