taxonomy_id	name	SRR17140442	SRR17140443	SRR17140444	SRR17140445	SRR17140446	SRR17140447	SRR17140448	SRR17140449	SRR17140450	SRR17140451	SRR17140452	SRR17140453	SRR17140454	SRR17140455	SRR17140456	SRR17140457	SRR17140458	SRR17140459	SRR17140460	SRR17140461	SRR17140462	SRR17140463	SRR17140464	SRR17140465	SRR17140466	SRR17140467	SRR17140468	SRR17140469	SRR17140470	SRR17140471	SRR17140472	SRR17140473	SRR17140474	SRR17140475	SRR17140476	SRR17140477	SRR17140478	SRR17140479	SRR17140480	SRR17140481	SRR17140482	SRR17140483	SRR17140484	SRR17140485	SRR17140486	SRR17140487	SRR17140488	SRR17140489	SRR17140490	SRR17140491	SRR17140492	SRR17140493	SRR17140494	SRR17140495	SRR17140496	SRR17140497	SRR17140498	SRR17140499	SRR17140500	SRR17140501	SRR17140502	SRR17140503	SRR17140504	SRR17140505
7	Azorhizobium caulinodans	0	0	0	0	0	0	0	20	0	0	0	0	0	134	83	0	0	0	0	0	0	0	0	0	0	0	0	0	0	0	0	0	64	0	0	0	0	0	0	0	0	0	0	0	0	0	0	0	0	0	0	0	0	0	0	0	0	0	0	0	0	13	0	0
9	Buchnera aphidicola	0	0	0	0	0	0	0	0	0	11	0	0	0	0	0	0	0	17	12	0	0	0	0	0	0	0	0	0	0	0	0	0	0	0	0	0	0	0	0	0	0	10	0	0	0	0	0	0	0	0	0	0	0	0	0	0	0	0	0	0	0	0	0	0
11	Cellulomonas gilvus	0	0	0	0	0	0	0	0	0	0	0	0	0	0	0	0	0	0	0	0	0	0	0	0	0	0	0	0	0	0	0	0	0	0	0	0	97	0	0	0	0	0	0	0	0	0	38	0	0	0	0	0	0	0	0	0	0	0	0	0	0	0	0	0
24	Shewanella putrefaciens	0	0	0	0	0	0	0	0	0	0	0	0	0	0	0	0	0	0	0	0	0	0	0	0	0	124	0	0	0	0	0	0	0	0	0	0	0	0	0	0	0	0	0	0	0	0	0	0	0	0	0	0	0	0	0	0	0	0	0	0	0	0	0	0
56	Sorangium cellulosum	0	0	0	0	0	0	0	0	0	0	0	0	0	30	50	0	0	0	15	0	0	0	0	0	0	0	0	0	0	0	0	0	0	0	0	0	26	0	0	0	0	0	0	0	0	0	0	0	0	0	0	0	0	0	0	0	0	0	0	0	0	0	0	0
72	Simonsiella muelleri	0	0	16	22	0	0	0	18	0	35	0	0	21	0	0	0	38	0	0	0	23	0	0	0	0	447	0	33	0	0	82	0	15	0	14	0	347	0	0	0	0	0	0	0	0	0	0	0	0	0	0	23	0	0	92	0	0	0	17	0	0	0	0	0
94	Stella humosa	0	0	0	0	0	0	0	0	0	0	0	0	0	152	105	0	0	0	0	0	0	0	0	0	0	0	0	0	0	0	0	0	0	0	0	0	0	0	0	0	0	0	0	0	0	0	0	0	0	0	0	0	0	0	0	0	0	0	0	0	0	0	0	0
158	Treponema denticola	0	114	68	0	0	116	116	183	0	438	0	0	100	0	0	0	182	0	0	0	24	0	0	0	0	83	0	218	0	0	43	0	79	0	53	0	1200	0	150	0	0	192	0	0	0	0	0	0	0	76	0	0	0	0	0	0	26	0	62	0	0	0	0	0
162	Treponema phagedenis	0	10	0	0	0	0	0	0	0	0	0	0	0	0	0	0	0	0	0	0	0	0	0	0	0	0	0	31	0	0	0	0	28	0	19	0	15	0	98	0	0	0	0	0	0	0	0	0	0	0	0	0	0	0	0	0	33	0	0	0	0	0	0	0
163	Treponema bryantii	0	0	0	0	0	0	0	0	0	0	0	0	0	0	0	0	0	0	0	0	0	0	0	0	0	0	0	0	0	0	0	0	0	0	0	0	0	0	12	0	0	0	0	0	0	0	0	0	0	0	0	0	0	0	0	0	0	0	0	0	0	0	0	0
192	Azospirillum brasilense	0	0	0	0	0	0	0	0	0	0	0	0	0	100	148	0	0	0	0	0	0	0	0	0	0	0	0	0	0	0	0	0	0	0	0	0	0	0	0	0	0	0	0	0	0	0	0	0	0	0	0	0	0	0	0	0	0	0	0	0	0	0	0	0
195	Campylobacter coli	0	0	0	0	0	0	0	0	0	95	0	0	0	0	0	0	0	0	0	0	0	0	0	0	0	0	0	0	0	0	0	0	0	0	0	0	0	0	110	0	0	0	0	0	0	0	0	0	0	0	0	0	0	0	0	0	0	0	0	0	0	0	0	0
196	Campylobacter fetus	0	0	28	0	0	0	0	0	0	0	0	0	0	0	0	0	0	0	0	0	0	0	0	0	0	0	0	55	0	0	28	0	65	0	60	0	47	0	39	0	0	75	0	0	0	0	0	0	0	0	0	0	0	0	0	0	13	0	0	0	0	0	0	0
197	Campylobacter jejuni	0	182	0	0	0	0	0	146	0	847	0	0	0	0	0	0	406	0	0	0	0	0	0	0	0	0	0	0	0	0	0	0	0	0	0	0	0	0	3619	0	0	0	0	0	0	0	0	0	0	0	0	0	0	0	0	0	326	0	0	0	0	0	0	0
199	Campylobacter concisus	29	172	1485	92	34	294	44	589	123	906	5061	22	2294	0	160	22	1303	0	19	61	1497	0	24	104	0	2452	0	1063	224	10	209	0	485	15	543	24	16771	0	70	46	0	519	0	0	75	196	0	71	0	257	46	171	103	600	1122	21	263	0	1773	0	104	53	246	0
200	Campylobacter curvus	0	0	0	0	0	0	108	0	0	59	0	0	0	0	0	0	0	0	0	0	39	0	0	0	0	12	0	14	0	0	0	0	0	0	0	0	70	0	0	0	0	0	0	0	0	0	0	0	0	0	0	100	0	16	0	0	0	0	18	0	0	0	0	0
203	Campylobacter rectus	0	57	35	0	0	105	0	53	20	872	0	0	30	0	104	0	86	0	0	0	134	0	0	0	0	114	0	103	0	0	26	0	91	0	59	0	529	0	0	0	0	40	0	0	20	0	0	0	0	42	0	32	0	133	0	0	28	0	178	0	100	0	0	0
204	Campylobacter showae	0	341	154	23	13	563	0	176	93	7506	92	0	210	0	633	13	340	0	19	0	1130	0	14	0	0	911	0	715	20	0	189	0	368	0	350	10	5641	0	14	0	0	442	0	0	59	10	0	156	0	267	0	124	56	1077	18	0	160	0	856	0	767	0	12	0
246	Chryseobacterium balustinum	0	0	0	0	0	0	0	0	0	0	0	0	0	0	0	125	0	0	0	0	0	0	0	0	0	0	0	0	0	0	0	0	0	0	0	0	0	0	0	0	0	0	0	0	0	0	0	0	0	0	0	0	0	0	0	0	0	0	0	0	0	0	0	0
253	Chryseobacterium indologenes	0	0	0	0	0	0	0	0	0	48	0	0	0	0	0	0	0	0	0	0	0	0	0	0	0	0	0	0	0	0	0	0	0	0	0	0	0	0	0	0	0	0	0	0	0	0	0	12	0	0	0	0	0	0	0	0	0	0	0	0	0	38	0	0
254	Chryseobacterium indoltheticum	0	0	0	0	0	0	0	0	0	0	0	0	0	0	0	41	0	0	0	0	0	0	0	0	0	0	0	0	0	0	0	0	0	0	12	0	13	0	0	0	0	0	0	0	0	0	0	90	0	0	0	0	0	0	384	11	0	0	0	0	0	0	0	0
258	Sphingobacterium spiritivorum	0	0	0	0	0	0	0	0	0	0	0	0	0	0	0	0	0	0	0	0	16	0	0	0	80	0	0	0	0	0	0	0	0	31	0	0	0	0	0	0	0	0	0	0	0	0	0	44	0	0	0	0	482	0	0	0	0	0	0	0	0	0	0	0
259	Sphingobacterium thalpophilum	0	0	42	0	0	0	0	0	0	0	0	26	0	0	0	0	0	136	106	0	0	0	40	0	0	0	0	145	0	0	0	0	0	0	201	0	0	0	0	0	48	50	0	0	0	0	0	0	0	0	0	33	0	0	0	0	0	0	0	0	0	0	0	0
266	Paracoccus denitrificans	0	0	0	0	0	0	0	0	0	0	0	0	0	0	0	0	0	0	0	0	0	0	0	0	0	0	0	0	0	0	0	0	0	0	0	0	0	0	0	0	0	0	0	0	0	0	0	512	0	0	0	0	178	0	0	49	0	0	0	0	0	0	0	0
271	Thermus aquaticus	0	0	0	0	0	0	0	0	0	42	0	0	0	0	0	0	0	0	0	0	0	0	0	0	0	0	0	0	0	0	0	0	0	0	0	0	0	0	0	0	0	0	0	0	0	0	0	0	0	0	0	0	0	0	0	0	0	0	0	0	0	0	0	0
274	Thermus thermophilus	0	0	121	0	0	39	0	0	0	2831	0	0	230	0	0	0	0	0	0	0	0	0	0	0	0	0	0	24	51	0	0	0	320	0	1362	0	0	0	0	0	0	0	0	0	0	0	0	0	0	82	0	47	0	0	0	0	0	0	0	0	0	0	65	0
277	Meiothermus ruber	0	0	0	0	0	0	0	0	0	0	0	14	0	0	0	0	0	0	0	0	0	0	0	0	0	0	0	0	0	0	0	0	0	0	0	0	0	0	0	0	0	0	0	0	0	0	0	0	0	0	0	0	0	0	0	0	0	0	0	0	0	0	0	0
280	Xanthobacter autotrophicus	0	0	0	0	0	0	0	123	0	0	0	0	0	51	28	0	0	0	0	0	0	0	0	0	0	0	0	0	0	0	0	0	0	0	0	0	0	0	0	0	0	0	0	0	0	0	0	0	0	0	0	0	0	0	0	0	0	0	0	0	0	359	0	0
285	Comamonas testosteroni	0	0	77	0	1274	0	151	411	98	26	0	87	36	0	0	79	0	0	0	39	0	0	28	0	0	133	70	103	0	139	41	195	53	257	74	49	44	56	99	0	126	51	0	0	0	0	141	0	106	0	202	27	52	0	0	40	0	0	32	0	0	17	0	0
287	Pseudomonas aeruginosa	381	410	808	133	3000	609	2709	1781	1099	810	366	693	682	278	428	1157	1135	395	0	838	223	209	928	0	559	580	243	1258	112	653	705	342	784	2191	1158	359	1058	667	2043	726	482	845	263	1237	762	249	1857	1619	741	1142	2823	1047	1500	620	0	676	274	1016	2370	246	0	344	181	260
292	Burkholderia cepacia	0	40	0	0	0	27	0	38	0	29	0	0	15	0	33	40	18	0	0	0	0	0	0	0	0	0	0	0	0	0	15	0	20	0	0	0	0	0	0	20	0	18	0	0	0	0	0	17	0	15	0	19	0	19	0	0	0	0	17	0	0	0	0	0
293	Brevundimonas diminuta	0	159	126	17	0	0	0	132	237	0	0	0	0	0	0	61	0	0	0	52	0	128	0	59	94	223	0	290	3161	102	123	0	589	177	63	0	0	105	108	106	0	90	0	0	119	0	0	103	0	0	207	486	47	107	0	116	0	0	83	0	0	0	0	0
294	Pseudomonas fluorescens	0	54	96	0	0	0	252	34	0	123	0	822	1883	0	28	378	40	37	44	0	0	0	107	0	0	34	0	39	0	0	129	0	47	33	824	0	71	0	50	0	0	145	0	52	25	0	0	0	0	343	37	83	0	34	0	0	0	0	32	0	60	0	0	0
296	Pseudomonas fragi	0	0	96	0	0	0	0	0	0	58	29	0	54	0	0	0	0	0	0	0	0	0	0	0	0	70	0	0	0	0	0	0	0	0	25	0	0	32	0	0	0	0	0	0	0	0	0	0	0	0	48	0	0	0	0	0	0	0	0	0	0	26	0	0
297	Hydrogenophilus thermoluteolus	106	0	17	0	26	139	0	41	39	105	0	36	239	0	0	38	117	0	0	0	0	27	0	0	0	14	0	52	0	0	10	0	38	0	185	0	0	0	0	22	0	14	0	285	25	96	20	28	10	167	13	120	0	0	0	0	23	0	82	0	0	0	10	101
298	Pseudomonas marginalis	0	0	0	0	0	0	0	0	0	86	0	0	112	0	0	0	65	0	0	0	0	0	0	0	0	0	0	0	0	0	0	0	1024	0	16	0	0	0	0	0	0	43	0	0	0	0	0	0	0	69	0	0	0	0	0	0	0	0	0	0	0	0	0	0
300	Pseudomonas mendocina	0	0	0	0	0	0	0	0	0	0	0	60	0	0	0	0	0	0	0	0	0	0	0	0	0	0	0	0	0	0	0	0	0	0	0	0	0	0	0	0	0	0	0	0	0	0	0	0	0	0	32	53	0	0	0	0	0	0	0	0	0	13	0	0
301	Pseudomonas oleovorans	338	78	96	0	0	0	76	218	175	0	0	680	0	0	0	0	0	0	0	0	0	59	0	0	0	181	0	58	0	0	0	0	0	0	63	0	94	0	0	132	0	0	0	287	0	0	0	0	0	0	223	0	0	0	0	0	0	0	0	0	0	37	94	75
303	Pseudomonas putida	287	16684	11859	189	351	1702	201	8959	417	2626	2651	505	547	216	2089	504	799	0	594	189	841	1924	234	0	135	921	0	2849	608	195	3695	390	3719	386	2254	448	8691	198	292	602	226	4364	0	182	5022	224	129	5767	429	5599	1744	4069	3281	8208	1137	209	1350	38	3557	227	1872	162	1839	761
305	Ralstonia solanacearum	0	0	34	0	0	0	0	0	0	0	0	0	0	0	0	0	0	0	0	0	0	0	0	0	0	0	0	0	0	0	0	0	0	0	0	0	0	0	0	0	0	36	0	0	0	0	0	0	0	0	0	0	0	0	0	0	0	0	0	0	0	0	0	0
316	Stutzerimonas stutzeri	34	105	72	0	56	47	29	126	49	67	0	48	22	0	45	22	27	0	0	0	0	0	35	0	0	132	0	80	0	30	84	0	98	0	50	0	93	29	45	16	19	116	0	147	202	0	170	307	0	231	126	75	52	274	39	0	39	0	79	0	0	106	14	13
317	Pseudomonas syringae	0	0	52	0	0	0	0	0	0	58	0	291	773	0	0	0	0	0	0	0	0	0	0	0	0	0	0	0	0	0	0	0	59	0	182	0	0	0	0	0	0	45	0	0	0	0	0	0	0	86	0	101	0	0	0	0	0	0	0	0	0	0	0	0
329	Ralstonia pickettii	6527	6824	17123	37	383	2679	0	74	16	1294	1321	0	90	0	110	0	99	0	0	0	668	8833	20	5312	0	114	0	342	7573	0	162	0	760	0	335	0	145	0	23	13304	36	5591	0	10481	11052	128	0	29	52	1077	0	124	36	177	486	0	33	0	187	2904	332	6658	5863	9356
339	Xanthomonas campestris	74	1456	4352	44	116	860	923	814	119	761	622	0	77	0	204	50	93	0	13	59	246	62	0	0	0	236	0	1459	355	33	2839	98	32994	36	1074	74	1988	16	1394	178	41	6282	56	157	2393	169	0	882	37	259	98	905	759	1192	109	0	266	44	841	0	59	0	383	112
346	Xanthomonas citri	0	0	0	0	0	0	0	0	0	0	0	0	0	0	0	0	0	0	0	0	0	0	0	0	0	0	0	0	0	0	0	0	68	0	0	0	0	0	0	0	0	0	0	0	0	0	0	0	0	0	0	0	0	0	0	0	0	0	0	0	0	0	0	0
353	Azotobacter chroococcum	0	0	0	0	0	0	0	0	0	0	0	0	0	24	14	0	0	0	0	0	0	0	0	0	0	0	0	0	0	0	0	0	0	0	0	0	0	0	0	0	0	0	0	0	0	0	0	0	0	0	0	0	0	0	0	0	0	0	0	0	0	0	0	0
358	Agrobacterium tumefaciens	0	113	161	1266	38	0	0	74	0	0	53	41	0	94	69	0	0	0	71	0	0	0	0	0	0	60	0	16	0	20	29	0	11	44	18	0	0	21	31	0	0	21	297	31	81	0	333	69	50	0	95	45	28	109	0	0	0	0	29	0	0	35	0	0
373	Agrobacterium vitis	0	0	0	176	0	0	0	0	0	0	0	0	0	0	0	0	0	0	0	0	0	0	0	0	0	0	0	0	0	0	0	0	0	0	0	0	0	0	0	0	0	0	0	0	0	0	125	0	0	0	0	0	0	0	0	0	0	0	0	0	0	0	0	0
375	Bradyrhizobium japonicum	0	0	0	0	0	0	0	0	0	0	0	0	0	523	368	0	0	0	0	0	0	0	0	0	0	0	0	0	0	0	0	0	0	0	0	0	0	0	0	0	0	0	0	0	0	0	0	0	0	0	0	0	0	0	0	0	0	0	0	0	0	0	0	0
380	Sinorhizobium fredii	0	0	0	0	0	0	0	0	0	0	0	0	0	571	262	0	0	0	0	0	0	0	0	0	0	0	0	0	0	0	0	0	0	0	0	0	0	0	0	0	0	0	0	0	0	0	113	0	0	0	0	0	0	0	0	0	0	0	0	0	0	0	0	0
384	Rhizobium leguminosarum	0	0	0	0	0	0	0	0	0	0	0	0	0	0	0	0	0	0	0	0	0	0	0	0	0	0	0	0	0	0	0	0	0	0	0	0	0	0	0	0	0	0	0	0	0	0	478	0	0	0	0	0	0	0	0	0	0	0	0	0	0	0	0	0
396	Rhizobium phaseoli	0	0	0	0	0	0	0	0	0	0	0	0	0	0	0	0	0	0	0	0	0	0	0	0	0	0	0	0	0	0	0	0	0	0	0	0	0	0	0	0	0	0	0	0	0	0	95	0	0	0	0	0	0	0	0	0	0	0	0	0	0	0	0	0
399	Neorhizobium galegae	0	0	0	0	0	0	0	0	0	0	0	0	0	174	77	0	0	0	0	0	0	0	0	0	0	0	0	0	0	0	0	0	0	0	0	0	0	0	0	0	0	0	0	0	0	0	128	0	0	0	0	0	0	0	0	0	0	0	28	0	0	0	0	0
408	Methylorubrum extorquens	27	0	176	218	625	338	334	1010	595	199	33	313	59	134732	86514	491	161	0	213	325	83	124	746	27	354	848	229	590	0	434	927	371	685	1478	1760	258	540	445	957	0	198	334	368	0	67	99	345	455	276	299	524	387	1201	298	53	242	0	313	553	0	0	23	198	0
410	Methylobacterium organophilum	76	35	535	214	70	67	57	129	113	289	0	27	0	87368	54296	94	0	0	0	27	0	0	58	0	26	786	142	86	0	108	44	91	56	244	193	57	98	100	114	0	41	29	514	0	0	0	183	46	98	95	104	0	51	29	20	124	0	212	106	0	0	105	279	0
414	Methylococcus capsulatus	0	0	0	0	0	10	0	19	0	10	0	0	19	0	0	0	11	0	0	0	0	0	0	0	0	0	0	0	0	0	0	0	0	0	36	0	0	0	0	0	0	0	0	0	0	0	0	0	0	19	0	79	0	0	0	0	0	0	0	0	0	0	0	0
438	Acetobacter pasteurianus	0	0	0	0	0	70	0	0	0	0	30	0	0	0	0	0	0	0	0	0	0	0	0	0	0	0	0	0	0	0	0	0	0	0	70	0	0	0	0	0	0	0	0	0	0	100	0	0	0	0	0	32	0	0	0	0	0	0	0	0	0	0	0	0
456	Legionella jordanis	0	0	0	0	0	0	0	0	0	0	0	0	0	0	0	0	0	0	0	0	0	0	0	0	0	0	0	0	0	0	0	0	0	0	0	0	0	0	0	0	0	0	0	0	0	0	0	0	0	0	0	0	0	0	0	0	0	0	0	0	0	473	0	0
470	Acinetobacter baumannii	0	2266	2330	139	1487	613	90	6017	1205	623	368	248	706	0	1305	1811	1351	0	0	0	0	1670	553	0	0	334	0	969	179	128	779	0	294	0	685	0	1248	94	178	247	0	367	0	323	729	83	0	525	0	316	1605	433	302	555	784	0	0	117	359	79	0	629	299	639
471	Acinetobacter calcoaceticus	0	0	0	0	0	0	0	12	0	0	0	0	0	0	0	0	0	0	0	0	0	0	0	0	0	0	0	0	0	0	11	0	0	0	0	0	0	0	0	0	0	0	0	0	0	0	0	0	0	0	0	0	0	0	0	0	0	0	0	0	0	0	0	0
478	Moraxella nonliquefaciens	0	12	19	0	27	0	0	0	16	0	0	0	0	0	0	10	0	0	0	0	0	0	0	0	0	0	0	0	0	0	0	0	0	0	0	0	0	0	0	0	0	0	0	0	32	0	0	0	0	0	0	0	0	0	47	0	0	0	0	0	0	0	0	0
480	Moraxella catarrhalis	0	0	0	0	0	0	0	0	0	0	0	0	0	0	0	0	0	0	0	0	13	0	0	0	0	0	0	0	0	0	0	0	0	0	0	0	0	0	0	0	0	0	0	0	0	0	0	0	0	0	0	0	0	0	0	0	0	0	0	0	0	0	0	0
483	Neisseria cinerea	0	98	995	25	0	214	0	148	0	702	134	22	194	0	59	32	379	0	0	0	684	0	0	0	0	116	0	249	235	0	73	0	138	0	225	0	216	0	0	0	0	138	0	0	162	0	0	27	0	263	0	217	16	136	1136	0	228	17	309	0	32	0	25	0
484	Neisseria flavescens	0	50	395	0	0	65	0	35	0	733	523	0	377	0	0	0	89	0	0	0	1199	0	0	0	0	104	0	246	72	0	33	0	86	0	149	0	74	0	0	39	0	133	0	0	32	53	0	25	42	887	0	111	50	63	23691	0	43	0	92	0	22	0	173	0
485	Neisseria gonorrhoeae	0	21	371	0	0	53	0	57	0	876	34	0	123	0	0	0	70	0	0	0	3416	0	0	0	0	115	0	73	0	0	0	0	18	0	37	0	35	0	0	0	0	50	0	0	20	22	0	78	0	178	0	153	49	109	1629	0	45	0	157	0	0	0	0	0
486	Neisseria lactamica	0	57	108	0	0	115	0	180	0	1250	66	0	172	0	0	0	95	0	0	0	944	0	0	0	0	174	0	129	0	0	24	0	87	0	99	0	108	0	0	0	0	74	0	0	27	0	0	0	0	142	0	66	27	146	2358	0	63	0	180	0	0	0	49	0
487	Neisseria meningitidis	0	425	476	90	53	562	0	705	0	8728	414	0	1094	0	265	0	418	0	0	0	5975	0	0	0	0	1069	0	712	97	0	125	0	272	0	483	0	495	0	0	0	0	537	0	0	48	100	0	74	0	631	0	177	168	314	16703	0	198	147	1046	0	42	0	107	0
488	Neisseria mucosa	48	2844	1384	426	458	5627	0	1775	212	36563	1184	36	4353	0	1003	36	1178	0	162	255	812589	0	33	0	38	4044	0	4055	104	0	833	39	2017	57	2025	125	2682	0	96	89	0	3685	0	0	217	263	0	493	100	3131	148	1189	1635	2788	47138	64	664	445	2956	0	159	0	326	0
490	Neisseria sicca	175	2238	1233	863	218	2617	0	3095	340	236436	1036	101	12957	78	934	144	4157	0	123	105	148347	143	353	0	135	13401	0	4054	60	0	879	57	1684	47	2884	56	2232	95	190	90	60	2533	0	65	598	364	0	1112	146	3851	121	2431	2718	6625	56869	125	3348	1338	9045	0	432	0	159	0
492	Neisseria animalis	0	0	0	0	0	0	0	0	0	0	0	0	0	0	0	0	0	0	0	0	25	0	0	0	0	0	0	0	0	0	0	0	0	0	0	0	0	0	0	0	0	0	0	0	0	0	0	0	0	0	0	0	0	0	63	0	0	0	0	0	0	0	0	0
493	Neisseria canis	0	0	0	0	0	0	0	0	0	18	0	0	0	0	0	0	0	0	0	0	46	0	0	0	0	0	0	0	0	0	0	0	0	0	0	0	0	0	0	0	0	0	0	0	0	0	0	0	0	0	0	0	0	0	0	0	0	0	0	0	0	0	0	0
495	Neisseria elongata	0	1043	617	249	105	3265	0	6126	171	23349	349	50	3760	23	677	102	3255	0	97	60	13164	0	0	0	21	6884	0	3088	102	0	676	0	5605	18	2507	39	2437	0	285	52	31	2019	0	0	464	296	0	934	51	14611	64	2743	691	8049	2996	39	3576	176	4262	0	187	94	78	13
496	Neisseria macacae	164	454	331	710	77	931	0	1527	97	13807	402	24	1453	0	259	35	845	0	40	51	59123	0	0	0	0	5246	0	1795	45	0	531	24	1060	43	1795	0	1563	0	69	34	0	1274	0	0	143	111	0	459	48	1190	38	580	415	1646	3182	0	323	632	2691	0	161	0	53	0
502	Kingella denitrificans	28	40	300	13	0	258	0	2019	0	541	110	0	209	0	72	0	109	0	0	0	4304	0	0	0	0	2674	0	831	20	0	99	0	327	0	673	17	4963	19	30	0	0	395	0	0	17	0	0	56	0	268	0	118	64	259	143	0	73	0	550	0	48	23	38	127
504	Kingella kingae	0	0	0	0	0	0	0	0	0	0	0	0	0	0	0	0	0	0	0	0	0	0	0	0	0	78	0	20	0	0	0	0	0	0	0	0	23	0	0	0	0	0	0	0	0	0	0	0	0	0	0	0	0	0	0	0	0	0	0	0	0	0	0	0
505	Kingella oralis	0	328	241	102	22	164	38	4343	13	198	265	10	211	0	70	19	292	0	0	0	230	0	0	0	34	18068	0	440	37	0	117	0	397	0	202	21	4903	0	38	10	0	274	0	0	52	17	0	46	0	209	0	124	80	313	147	0	250	0	205	0	29	50	144	403
511	Alcaligenes faecalis	0	0	32	0	0	35	0	0	0	82	0	99	59	0	0	105	1920	0	0	0	0	259	0	0	0	28	0	278	0	0	0	0	20	0	67	0	50	0	55	0	0	0	0	187	0	0	0	0	0	0	494	70	0	0	69	0	17	0	57	0	0	0	0	0
529	Brucella anthropi	0	108	79	0	0	0	0	529	0	0	0	258	0	0	0	214	0	0	0	188	0	0	0	0	0	0	0	0	0	0	0	0	0	87	0	0	0	0	0	0	0	0	0	0	0	0	0	267	0	0	0	0	0	0	0	0	0	0	0	0	0	0	0	0
539	Eikenella corrodens	0	128	110	57	0	203	0	474	45	11761	105	0	272	0	82	0	416	0	0	0	1699	0	0	0	0	270	0	318	22	0	99	0	641	0	226	0	411	0	0	0	0	246	0	0	50	17	0	178	0	403	0	179	68	921	1825	0	838	0	947	0	66	0	38	0
545	Citrobacter koseri	0	0	0	31	0	0	0	65	0	44	0	0	37	0	0	0	19	0	0	0	0	0	0	0	0	99	0	942	0	0	1228	0	10994	68	6137	0	648	0	92	0	0	942	0	0	0	0	0	0	0	0	0	0	0	0	0	0	0	0	0	0	0	0	0	0
546	Citrobacter freundii	0	0	0	0	0	0	0	0	0	65	0	0	566	0	0	0	51	0	0	0	0	0	0	0	0	119	0	0	0	0	0	0	0	0	279	0	0	0	332	0	0	0	0	0	0	0	0	0	0	0	0	0	0	0	0	0	0	0	0	0	0	0	0	16
548	Klebsiella aerogenes	0	4350	1656	25	19	195	0	825	0	559	148	0	79	0	158	0	152	0	67	0	148	0	103	0	0	297	0	263	15	0	94	0	134	0	112	0	229	0	0	38	0	276	0	14	709	214	0	1327	0	25	0	21	96	269	70	59	388	0	211	19	604	0	133	108
549	Pantoea agglomerans	0	834	185	90	0	0	80	84	24	84	21	63	294	0	23	0	28	0	0	0	92	17	0	0	0	15	0	24	0	0	17	0	2972	0	38	0	28	0	0	0	0	158	0	17	132	0	27	3906	0	80	20	12	18	104	0	0	0	0	21	0	0	0	1672	0
550	Enterobacter cloacae	0	0	0	0	0	0	0	17	0	120	0	0	245	0	0	0	53	0	0	0	0	0	0	0	0	65	0	215	0	0	136	0	52	0	134	0	64	0	183	0	0	43	0	0	18	0	0	0	0	0	0	0	0	0	0	0	0	0	34	0	0	0	0	0
553	Pantoea ananatis	0	0	0	0	0	0	0	0	0	32	0	0	20	0	0	0	0	0	0	0	0	0	0	0	0	0	0	0	0	0	0	0	14	0	0	0	0	0	0	0	0	0	0	0	0	0	0	20	0	0	0	0	0	0	0	0	0	0	0	0	0	0	0	0
554	Pectobacterium carotovorum	0	0	0	13202	87	1474	0	512	3700	142571	0	3019	283395	0	499	931	30988	0	532	0	0	0	0	0	0	92	0	435	0	0	59	0	2789	23	2602	0	212	0	123	0	0	720	250	0	0	0	0	0	0	0	0	0	0	0	0	0	0	0	0	0	0	0	0	0
562	Escherichia coli	376	862	5251	236	1907	506	1115	1101	4435	1760	235	630	4801	0	237	0	521	0	0	0	265	1096	0	0	0	322	0	778	753	0	677	0	435	0	258	0	856	0	1289	323	0	2031	0	1376	1772	0	455	443	0	138	304	270	2688	3744	1481	522	37011	0	1648	298	0	762	1043	703
565	Atlantibacter hermannii	0	28	16	0	0	0	0	0	0	0	0	0	0	0	0	0	0	0	0	0	0	0	0	0	0	0	0	13	0	0	30	0	0	0	0	0	87	0	0	0	0	43	0	0	12	0	0	0	0	0	0	0	0	0	0	0	0	0	0	0	0	0	0	0
566	Pseudescherichia vulneris	0	0	0	0	0	0	0	0	0	0	0	0	0	0	0	0	0	0	0	0	0	0	0	0	0	0	0	27	0	0	0	0	0	0	0	0	0	0	0	0	0	0	0	0	0	0	0	0	0	0	0	0	0	0	0	0	0	0	0	0	0	0	0	0
569	Hafnia alvei	0	0	0	0	0	0	0	0	0	0	0	0	27	0	0	0	0	0	0	0	0	0	0	0	0	0	0	0	0	0	0	0	0	0	0	0	0	0	0	0	0	0	0	0	0	0	0	0	0	0	0	0	0	0	0	0	0	0	0	0	0	0	0	0
571	Klebsiella oxytoca	0	30	0	0	35	0	0	211	59	0	0	18	37	0	0	198	0	0	0	0	0	17	0	0	0	0	0	0	0	0	19	0	0	0	0	0	0	0	0	0	0	0	0	27	0	0	0	0	0	0	0	0	0	0	0	0	0	0	0	0	0	0	0	0
573	Klebsiella pneumoniae	813	831	2929	147	434	200	271	1233	501	1339	511	233	1730	0	388	1459	405	0	0	0	350	1463	0	467	0	320	0	398	103	144	217	0	695	0	361	0	651	0	0	156	0	408	0	329	844	0	0	753	0	361	303	245	328	771	273	0	327	0	806	447	391	1122	546	0
575	Raoultella planticola	0	0	0	0	0	0	24	35	0	76	0	0	53	0	0	0	31	0	0	0	0	33	0	0	0	0	0	44	0	0	0	43	0	0	0	0	0	0	0	0	93	0	0	35	0	0	0	0	0	0	0	0	0	0	0	0	0	0	0	0	0	0	0	77
577	Raoultella terrigena	0	0	0	0	0	0	0	0	0	15	0	0	797	0	0	0	17	0	0	0	0	0	0	0	0	0	0	0	0	0	0	0	0	0	0	0	0	0	30	0	0	0	0	0	0	0	0	0	0	0	0	0	0	0	0	0	0	0	0	0	0	0	0	0
580	Kluyvera cryocrescens	0	0	0	0	0	0	0	0	0	0	0	0	84	0	0	0	10	0	0	0	0	0	0	0	0	0	0	0	0	0	0	0	0	0	0	0	0	0	0	0	0	0	36	0	0	0	0	0	0	0	0	0	0	0	0	0	0	0	0	0	0	0	0	0
582	Morganella morganii	0	0	0	0	0	0	0	0	0	0	0	0	21	0	0	0	0	0	0	0	0	0	0	0	0	0	0	0	0	0	0	0	0	0	0	0	0	0	0	0	0	0	0	0	0	0	0	38	0	0	0	0	0	0	17	0	0	0	0	0	0	0	0	0
584	Proteus mirabilis	0	0	76	68	0	0	0	0	0	0	0	0	42	0	0	0	0	0	0	0	0	0	0	0	0	0	0	245	0	0	17	0	33	0	22	0	84	0	0	0	0	148	139	0	0	0	0	0	0	0	0	0	0	0	0	0	0	0	0	0	0	0	0	0
587	Providencia rettgeri	0	0	0	0	0	0	0	0	0	0	0	0	0	0	0	0	351	0	0	0	0	0	0	0	0	0	0	0	0	0	0	0	0	0	0	0	0	0	0	0	0	0	0	0	0	0	0	0	0	0	0	0	0	0	0	0	0	0	0	0	0	0	0	0
614	Serratia liquefaciens	0	0	0	0	0	0	0	0	0	0	0	0	0	0	0	0	0	0	0	0	0	0	0	0	0	0	0	0	0	0	0	0	52	0	0	0	0	0	0	0	0	0	0	0	0	0	0	0	0	0	0	0	0	0	0	0	0	0	0	0	0	0	0	0
615	Serratia marcescens	0	94	0	0	0	40	0	0	0	56	0	0	96	0	164	0	0	0	63	0	0	0	0	0	0	0	0	0	0	0	0	0	0	0	0	0	156	0	0	0	0	246	0	0	162	0	0	0	0	0	0	0	200	713	0	0	0	0	92	0	59	0	0	0
618	Serratia odorifera	0	0	0	0	0	0	0	0	0	0	0	0	0	0	0	0	0	0	0	0	0	0	0	0	0	0	0	0	0	0	0	0	0	0	0	0	0	0	0	0	0	0	0	0	0	0	0	0	0	0	0	0	0	20	0	0	0	0	0	0	0	0	0	0
630	Yersinia enterocolitica	0	0	0	0	0	0	0	0	0	48	0	0	182	0	0	0	33	0	0	0	0	0	0	0	0	0	0	0	0	0	0	0	0	0	0	0	0	0	0	0	0	0	0	0	0	0	0	0	0	0	0	0	0	0	0	0	0	0	0	0	0	0	0	0
631	Yersinia intermedia	0	0	0	0	0	0	0	0	0	0	0	0	357	0	0	0	0	0	0	0	0	0	0	0	0	0	0	0	0	0	0	0	0	0	0	0	0	0	0	0	0	0	0	0	0	0	0	0	0	0	0	0	0	0	0	0	0	0	0	0	0	0	0	0
633	Yersinia pseudotuberculosis	0	0	0	0	0	0	0	0	0	0	0	0	26	0	0	0	0	0	0	0	0	0	0	0	0	0	0	0	0	0	0	0	0	0	0	0	0	0	0	0	0	0	0	0	0	0	0	0	0	0	0	0	0	0	0	0	0	0	0	0	0	0	0	0
644	Aeromonas hydrophila	0	0	0	0	0	0	0	0	0	0	0	0	359	0	0	0	0	0	0	0	0	0	0	0	0	0	0	0	0	0	0	0	0	0	0	0	0	0	0	0	0	0	0	0	0	0	0	0	0	0	0	0	0	0	0	0	0	0	0	0	0	0	0	0
648	Aeromonas caviae	0	0	0	0	0	0	0	0	0	0	0	0	0	0	0	0	0	0	0	0	0	0	0	0	0	0	0	175	0	0	0	0	0	0	0	0	0	0	0	0	0	0	0	0	0	0	0	0	0	0	0	0	0	0	0	0	0	0	0	0	0	0	0	935
651	Aeromonas media	0	0	0	0	0	0	0	0	0	0	0	0	0	0	0	0	0	0	0	0	0	0	0	0	0	85	0	0	0	0	0	0	0	0	0	0	0	0	0	0	0	0	0	0	0	0	0	0	0	0	0	0	0	0	0	0	0	0	0	0	0	0	0	0
654	Aeromonas veronii	0	0	103	0	0	0	0	0	0	0	0	0	0	0	0	0	0	0	0	0	0	0	0	0	0	0	0	0	0	0	0	0	0	0	0	0	0	0	0	0	0	0	0	0	0	0	0	0	0	0	0	0	0	0	0	0	0	0	0	0	0	0	0	0
714	Aggregatibacter actinomycetemcomitans	0	23	50	0	0	72	0	518	0	1837	11	0	149	0	15	0	134	0	0	0	285	0	0	0	0	133	0	43	49	0	21	0	32	0	41	0	41	0	11	0	0	50	0	0	0	0	0	0	0	70	0	57	17	129	205	0	36	0	202	0	0	0	0	0
718	Actinobacillus equuli	0	0	35	0	0	0	0	21	0	87	0	0	24	0	0	0	0	0	0	0	0	0	0	0	0	37	0	39	0	0	0	0	0	0	0	0	0	0	0	0	0	0	0	0	0	0	0	0	0	0	0	0	0	0	60	0	0	0	0	0	0	0	0	0
726	Haemophilus haemolyticus	137	912	3801	512	98	1530	0	1406	49	1943	2442	36	2114	0	171	46	1113	0	28	14	1240	0	23	0	0	1115	0	1267	3633	15	504	0	1042	22	1389	17	659	0	107	78	0	902	0	0	278	28	0	142	35	511	66	700	129	503	4811	0	219	21	728	28	1861	0	373	79
727	Haemophilus influenzae	78	552	2558	207	57	744	0	6417	66	2440	1190	52	1846	0	114	34	905	0	0	26	3190	0	37	0	0	1994	0	1080	2982	0	251	0	930	0	913	16	530	0	222	57	0	731	0	21	160	23	0	102	34	427	41	425	47	398	4432	0	285	26	1294	0	405	0	184	49
728	Avibacterium paragallinarum	0	0	0	0	0	0	0	0	0	152	0	0	17	0	0	0	0	0	0	0	0	0	0	0	0	0	0	0	0	0	0	0	0	0	0	0	0	0	0	0	0	0	0	0	0	0	0	0	0	0	0	0	0	0	0	0	0	0	0	0	0	0	0	0
729	Haemophilus parainfluenzae	976	10908	40663	2024	1071	11136	185	685593	1469	62032	25105	1058	84122	142	3789	1038	24805	34	442	369	106345	310	817	50	197	71597	88	29871	35642	344	6085	63	52587	341	26375	294	13580	87	8271	1569	161	14621	140	175	4698	2052	281	2659	706	43031	2099	13950	2102	13519	912049	320	7821	2707	82121	96	2901	168	6828	1181
730	[Haemophilus] ducreyi	0	75	53	0	0	68	0	120	0	57	0	0	67	0	83	0	559	0	0	0	12	73	0	0	0	458	0	42	0	0	67	0	142	56	27	25	283	0	262	0	0	63	0	0	37	31	0	13	0	35	0	38	80	110	313	50	2628	0	28	0	11	0	13	0
731	Histophilus somni	0	0	0	0	0	0	0	0	0	0	0	0	0	0	0	0	0	0	0	0	0	0	0	0	0	19	0	0	0	0	0	0	0	0	0	0	0	0	0	0	0	0	0	0	0	0	0	0	0	0	0	0	0	0	0	0	0	0	0	0	0	0	0	0
732	Aggregatibacter aphrophilus	21	414	882	156	354	4140	14	7271	734	173606	220	120	13851	30	745	148	11094	0	106	83	40429	0	18	0	15	8912	0	2630	250	34	804	0	1523	36	2202	58	1602	0	124	26	24	2489	0	0	157	55	0	1756	38	1226	96	3793	519	10674	3447	32	1007	50	10815	0	412	0	69	0
735	Haemophilus parahaemolyticus	0	454	552	38	53	557	0	237	13	498	242	16	640	0	57	30	488	0	0	0	79	0	0	0	0	817	0	733	141	0	158	0	359	0	674	0	219	0	53	12	0	365	0	0	94	0	0	16	0	205	0	110	17	92	264	0	1733	0	205	0	71	0	31	0
739	Aggregatibacter segnis	0	916	111	28	35	1597	0	636	72	6621	79	0	731	0	106	26	533	0	0	0	1048	0	0	0	0	1356	0	1187	90	0	257	0	406	0	556	0	434	0	41	0	0	661	0	0	32	0	0	82	0	131	0	228	65	580	106	23	89	0	1455	0	39	0	37	0
747	Pasteurella multocida	0	0	17	0	0	14	0	249	0	141	0	0	14	0	0	0	19	0	0	0	58	0	0	0	0	17	0	21	0	0	0	0	12	0	0	0	0	0	0	0	0	22	0	0	0	0	0	0	0	0	0	30	0	14	150	0	0	0	40	0	0	0	0	0
750	Gallibacterium anatis	0	0	12	0	0	0	0	0	0	0	0	0	0	0	0	0	0	0	0	0	0	0	0	0	0	17	0	0	22	0	0	0	0	0	0	0	0	0	0	0	0	0	0	0	0	0	0	0	0	0	0	0	0	0	0	0	0	0	0	0	0	0	0	0
753	Pasteurella canis	0	0	0	0	0	0	0	0	0	0	0	0	0	0	0	0	0	0	0	0	0	0	0	0	0	0	0	0	0	0	0	0	0	0	0	0	0	0	0	0	0	0	0	0	0	0	0	0	0	0	0	0	0	0	49	0	0	0	0	0	0	0	0	0
817	Bacteroides fragilis	0	195	77	0	0	55	0	692	45	2065	0	0	0	0	0	20	455	0	0	0	0	0	0	0	0	23	0	24	0	0	27	0	0	0	68	0	0	30	7328	0	0	0	0	0	0	0	2008	332	0	0	0	19	34	71	70	90	1319	0	44	0	92	0	0	0
818	Bacteroides thetaiotaomicron	0	1017	61	0	0	73	0	1138	44	2557	15	0	49	0	25	51	854	0	0	0	30	0	0	0	0	43	0	85	0	0	43	0	59	0	344	0	33	137	40256	0	0	69	0	0	0	16	2066	268	0	13	0	55	69	316	118	120	1370	0	106	0	216	0	0	0
820	Bacteroides uniformis	0	9047	2147	0	79	418	49	10889	865	45139	77	40	177	0	209	496	10086	0	0	0	281	175	25	0	0	285	0	376	0	0	393	0	68	0	513	0	329	82	33335	144	0	484	0	0	133	138	1883	11809	0	76	93	351	416	1856	1417	382	5948	0	616	60	864	0	0	162
821	Phocaeicola vulgatus	23	22380	855	35	134	936	62	17206	3344	163713	73	25	218	0	277	742	15739	0	33	0	444	440	97	0	0	281	0	537	30	0	589	0	238	0	893	0	385	170	44037	28	0	551	0	22	136	533	2609	22505	22	150	58	917	659	3144	4044	944	9478	0	890	0	1553	0	33	322
823	Parabacteroides distasonis	0	877	104	0	0	123	0	1446	37	1693	0	0	96	0	36	99	1308	0	0	0	159	56	0	0	0	0	0	46	0	0	71	0	38	0	760	0	46	172	52838	0	0	101	0	0	37	0	581	507	0	0	0	108	55	293	703	100	1162	0	127	30	144	0	0	0
824	Campylobacter gracilis	26	315	109	30	12	1604	34	209	56	368	223	0	165	0	39	10	174	0	0	0	232	0	0	0	0	190	0	333	15	0	83	0	404	11	183	0	925	0	0	17	0	182	0	0	78	19	0	46	0	195	0	112	65	462	13	16	508	0	1644	0	74	0	0	33
827	Campylobacter ureolyticus	0	29	326	13	23	83	0	206	0	66	36	0	25	0	32	11	96	0	0	38	446	0	0	0	0	138	0	2126	13	16	964	14	1534	27	1426	33	1147	0	4288	20	17	1348	0	0	39	0	0	176	0	61	0	46	55	212	23	32	239	0	87	0	0	0	0	0
831	Butyrivibrio fibrisolvens	0	21	0	0	0	0	0	25	0	34	0	0	0	0	0	0	40	0	0	0	0	0	0	0	0	0	0	0	0	0	0	0	0	0	0	0	0	0	329	0	0	0	0	0	0	0	0	0	0	0	0	0	0	0	17	0	28	0	0	0	0	0	0	0
837	Porphyromonas gingivalis	86	48	153	0	0	115	479	89	63	966	92	15	109	0	48	11	315	0	0	134	556	0	0	0	0	431	0	194	19	0	86	11	79	0	84	0	207	0	97	0	0	136	0	0	0	83	0	26	0	44	0	70	53	186	6802	0	51	0	175	0	47	0	47	0
847	Oxalobacter formigenes	0	0	0	0	0	0	0	0	0	0	0	0	0	0	0	0	0	0	0	0	0	0	0	0	0	0	0	0	0	0	0	0	0	0	0	0	0	0	4089	0	0	0	0	0	0	0	0	0	0	0	0	0	0	0	0	0	0	0	0	0	0	0	0	0
850	Fusobacterium mortiferum	0	0	0	0	0	0	0	0	19	0	0	0	0	0	0	0	0	0	0	0	0	0	0	0	0	0	0	0	0	0	0	0	0	0	0	0	0	0	0	0	0	0	0	0	0	0	0	17	0	0	0	0	0	0	0	0	0	0	0	0	0	0	0	0
851	Fusobacterium nucleatum	0	370	171	54	35	2207	0	452	466	3101	120	0	756	0	132	31	713	0	0	0	1577	0	0	0	0	958	0	651	48	0	275	89	589	0	275	0	3366	0	48	0	0	365	0	0	44	188	0	113	0	347	0	234	126	624	826	0	740	0	864	0	76	40	82	0
853	Faecalibacterium prausnitzii	0	86494	465	0	222	3096	81	19488	228	41672	107	69	254	51	344	698	17663	0	31	77	281	479	40	0	0	183	0	328	28	0	360	0	173	0	760	100	292	170	63143	0	0	650	0	0	303	313	2075	12403	0	139	121	371	438	1733	10247	718	21961	31	739	0	817	0	80	665
859	Fusobacterium necrophorum	0	10	0	0	0	28	0	20	0	67	18	0	15	0	0	0	13	0	0	0	11	0	0	0	0	0	0	14	0	0	0	0	13	0	16	0	64	0	0	0	0	0	0	0	0	0	0	0	0	0	0	0	0	0	0	0	20	0	29	0	0	0	0	0
860	Fusobacterium periodonticum	0	83	505	0	0	138	0	78	57	3884	263	0	1140	0	46	0	197	0	0	0	153	0	0	0	0	101	0	198	89	0	71	0	156	0	274	0	139	27	120	0	0	149	0	0	0	178	0	37	0	204	0	176	35	145	9969	0	72	0	283	0	0	0	200	0
861	Fusobacterium ulcerans	0	0	0	0	0	0	0	0	0	0	0	0	0	0	0	0	46	0	0	0	0	0	0	0	0	0	0	0	0	0	0	0	0	0	0	0	0	0	0	0	0	0	0	0	0	0	0	0	0	0	0	0	0	0	0	0	41	0	0	0	0	0	0	0
876	Desulfovibrio desulfuricans	0	0	0	0	0	0	0	0	0	0	0	0	0	0	0	0	0	0	0	0	0	0	0	0	0	0	0	0	0	0	0	0	0	0	0	0	0	0	11	0	0	0	0	0	0	0	0	0	0	0	0	0	0	0	0	0	0	0	0	0	0	0	0	0
901	Desulfovibrio piger	0	66	0	0	0	24	0	53	0	0	0	0	0	0	0	0	0	0	0	0	0	0	0	0	0	0	0	0	0	0	0	0	0	0	37	0	0	0	2375	0	0	0	0	0	0	16	0	0	0	0	0	0	0	0	65	0	31	0	0	0	0	0	0	0
905	Acidaminococcus fermentans	0	0	0	0	0	0	0	0	0	0	0	0	0	0	0	0	0	0	0	0	0	0	0	0	0	0	0	0	0	0	0	0	0	0	0	0	0	0	16	0	0	0	0	0	0	0	0	0	0	0	0	0	0	0	0	0	0	0	0	0	0	0	0	0
907	Megasphaera elsdenii	0	0	0	0	0	0	0	0	0	0	0	0	0	0	0	0	0	0	0	0	0	0	0	0	0	0	0	0	0	0	0	0	0	0	0	0	0	0	21	0	0	0	0	0	0	0	0	0	0	0	0	0	0	0	0	0	0	0	0	0	0	0	0	0
913	Nitrobacter winogradskyi	0	0	0	0	0	0	0	0	0	0	0	0	0	34	43	0	0	0	0	0	0	0	0	0	0	0	0	0	0	0	0	0	0	0	0	0	0	0	0	0	0	0	0	0	0	0	0	0	0	0	0	0	0	0	0	0	0	0	0	0	0	0	0	0
921	Ancylobacter novellus	0	0	0	0	0	0	0	0	0	0	0	0	0	25	22	0	0	0	0	0	0	0	0	0	0	0	0	0	0	0	0	0	0	0	0	0	0	0	0	0	0	0	0	0	0	0	0	0	0	0	0	0	0	0	0	0	0	0	0	0	0	0	0	0
924	Thiobacillus sp.	0	0	0	20	798	181	285	465	548	148	0	292	31	70	28	256	77	0	0	265	58	0	376	0	426	426	154	619	0	541	751	345	424	1416	544	274	231	343	719	0	250	240	56	0	0	63	307	177	193	44	494	137	369	61	0	244	50	70	92	0	0	0	0	0
959	Bdellovibrio bacteriovorus	0	0	0	0	0	0	0	0	0	0	0	0	0	0	0	0	0	0	0	0	0	0	0	0	0	0	0	0	0	0	0	0	0	0	0	0	0	0	0	0	0	0	0	14	0	0	0	0	0	0	0	0	0	0	0	0	0	0	0	0	0	0	0	0
960	Bacteriovorax stolpii	0	0	0	0	0	0	0	0	0	0	0	0	0	0	0	0	0	0	0	0	0	0	0	0	0	0	0	0	0	0	0	0	0	0	0	0	0	0	0	0	0	0	0	0	0	0	0	0	0	0	0	0	0	0	0	0	0	0	0	0	0	23	0	0
964	Herbaspirillum seropedicae	0	0	0	0	0	0	0	0	0	0	0	0	0	0	0	0	0	0	0	0	0	0	0	0	0	0	0	0	0	0	0	0	232	0	0	0	13	0	0	0	0	20	0	0	0	0	0	0	0	0	0	0	0	0	0	0	0	0	0	0	0	0	0	0
986	Flavobacterium johnsoniae	0	0	0	0	0	0	0	0	0	101	0	0	0	0	0	0	0	0	0	0	0	0	51	38	46	215	0	110	0	28	0	0	0	108	0	0	0	0	49	0	63	0	0	0	0	0	0	0	0	48	0	599	0	0	0	48	0	0	0	0	0	0	0	0
1010	Sphingobacterium mizutaii	0	0	0	0	0	0	0	0	0	0	21	0	0	0	0	0	0	0	0	0	0	0	0	0	0	0	0	0	0	0	0	0	0	0	0	0	0	0	0	0	0	0	0	0	0	0	0	0	0	0	0	0	0	0	0	0	0	0	0	0	0	0	0	0
1014	Weeksella virosa	0	0	15	0	0	0	0	0	0	0	0	0	0	0	0	0	0	0	0	0	0	22	0	0	0	0	0	0	0	0	0	0	0	0	569	0	0	0	0	0	0	0	0	15	0	0	0	0	0	0	123	0	0	0	0	0	0	0	56	0	0	17	0	0
1017	Capnocytophaga gingivalis	28	238	396	332	34	517	0	1084	202	16278	234	44	900	0	165	70	1385	0	14	65	52578	97	30	0	0	363	0	921	110	26	379	0	599	14	547	15	2355	0	52	25	0	563	15	0	119	64	0	340	49	595	24	349	191	1516	199	17	505	16	1123	0	671	49	52	215
1018	Capnocytophaga ochracea	55	231	353	76	72	1452	0	937	134	3870	281	0	289	0	108	69	515	0	0	0	5850	0	0	0	0	6119	0	761	48	0	273	0	490	0	354	60	3273	0	128	47	0	342	0	0	112	0	0	195	0	388	0	296	187	1696	98	0	925	63	1338	0	270	0	56	200
1019	Capnocytophaga sputigena	55	879	1214	381	89	1231	0	5224	233	16869	656	51	673	0	284	100	3518	0	35	110	169674	0	0	0	50	21407	0	1516	237	0	760	0	1010	14	1484	24	1892	0	95	81	0	1220	17	0	321	32	0	379	97	505	38	703	323	3437	403	40	636	756	4938	0	1691	52	133	40
1061	Rhodobacter capsulatus	0	30	0	0	0	0	0	0	0	0	0	0	0	0	15	0	0	0	0	0	0	0	0	0	0	0	0	22	0	0	0	0	0	14	0	0	0	0	0	0	0	0	0	0	0	0	0	238	0	0	0	0	113	0	0	0	0	0	0	0	0	0	0	0
1063	Cereibacter sphaeroides	0	0	0	0	0	0	0	0	0	0	0	0	0	20	0	0	0	0	0	0	0	0	0	0	0	0	0	0	0	0	0	0	0	0	0	0	0	0	0	0	0	0	0	0	0	0	0	106	0	0	0	0	60	0	0	0	0	0	0	0	0	0	0	0
1075	Fuscovulum blasticum	0	0	0	0	0	0	0	0	0	0	0	0	0	0	0	0	0	0	0	0	0	0	0	0	0	0	0	0	0	0	0	0	0	0	0	0	0	0	0	0	0	0	0	0	0	0	0	30	0	0	0	0	27	0	0	0	0	0	0	0	0	0	0	0
1076	Rhodopseudomonas palustris	0	0	22	597	0	0	0	22	0	0	0	0	0	320	271	0	0	0	0	0	0	0	0	0	0	0	0	0	0	0	0	0	0	0	0	0	0	0	0	0	0	0	612	0	0	0	0	0	0	0	0	95	0	0	0	25	0	0	0	0	0	42	0	0
1079	Blastochloris viridis	0	0	0	0	0	0	0	0	0	0	0	0	0	24	21	0	0	0	0	0	0	0	0	0	0	0	0	0	0	0	0	0	0	0	0	0	0	0	0	0	0	0	0	0	0	0	0	0	0	0	0	0	0	0	0	0	0	0	0	0	0	0	0	0
1085	Rhodospirillum rubrum	0	0	0	0	0	0	0	0	0	0	0	0	0	14	0	0	0	0	0	0	0	0	0	0	0	0	0	0	0	0	0	0	0	0	0	0	0	0	0	0	0	0	0	0	0	0	0	0	0	0	0	0	0	0	0	0	0	0	0	0	0	0	0	0
1112	Erythrobacter neustonensis	0	0	0	0	0	0	0	53	0	0	0	0	0	0	0	0	0	0	0	0	0	0	0	0	0	0	0	0	0	0	0	0	0	0	0	0	0	0	0	0	0	0	0	0	0	0	0	0	0	0	0	0	0	0	0	0	0	0	0	0	0	0	0	0
1219	Prochlorococcus marinus	0	0	0	0	0	0	0	0	0	0	0	0	141	0	0	0	0	0	0	0	0	0	0	0	0	0	0	0	0	0	0	0	0	0	0	0	12	0	0	0	0	0	0	0	0	0	0	0	0	0	0	0	0	0	0	0	0	0	0	0	0	0	0	0
1244	Leuconostoc gelidum	0	0	27	0	0	0	0	0	0	28	0	0	45	0	0	0	0	0	0	0	0	0	0	0	0	0	0	0	30	0	0	0	50	0	24	0	15	0	0	0	0	0	0	0	0	0	0	0	0	37	0	255	0	0	0	0	0	0	0	0	0	0	0	0
1245	Leuconostoc mesenteroides	76	0	1906	66	0	234	0	23	40	1478	16	92	16477	0	26	81	1763	0	0	0	0	10180	0	2250	0	0	0	173	3883	0	34	0	377	0	703	0	633	0	50	786	0	154	0	431	0	22	0	0	15	754	0	433	0	57	0	0	56	0	0	0	38	265	47	116
1246	Leuconostoc lactis	0	0	157	0	0	27	0	0	0	68	0	0	574	0	0	0	137	0	0	0	0	2181	0	163	0	0	0	0	20	0	0	0	14	0	16	0	0	0	0	64	0	0	0	31	0	0	0	0	0	15	0	37	0	0	0	0	0	0	0	0	0	363	18	38
1247	Oenococcus oeni	0	0	0	0	0	0	0	0	0	0	0	0	0	0	0	0	0	0	0	0	0	0	0	0	0	0	0	0	99	0	0	0	0	0	0	0	0	0	0	0	0	0	0	0	0	0	0	0	0	0	0	0	0	0	0	0	0	0	0	0	0	0	0	0
1249	Weissella paramesenteroides	0	0	0	0	0	0	0	0	0	13	0	0	86	0	0	0	17	0	0	0	0	0	0	0	0	0	0	0	0	0	0	0	0	0	0	0	0	0	0	0	0	0	0	0	0	0	0	0	0	0	0	0	0	0	0	0	0	0	0	0	0	0	0	0
1252	Leuconostoc carnosum	0	0	18	0	0	31	0	45	0	112	0	0	747	0	0	0	120	0	0	0	0	34	0	16	0	0	0	18	32	0	0	0	23	0	22	0	31	0	0	0	0	164	0	0	0	0	0	21	0	14	0	37	0	0	0	0	0	0	0	0	0	0	0	0
1254	Pediococcus acidilactici	0	60	125	0	0	58	0	51	0	182	0	1213	25647	0	42	0	15	0	0	0	41	0	33	0	0	123	0	455	375	0	593	0	1330	148	12096	22	5103	0	274	0	0	240	0	0	0	286	0	98	0	712	132	2580	61	315	40	0	21	0	66	0	0	0	0	0
1255	Pediococcus pentosaceus	0	89	115	0	0	0	0	17	0	118	0	0	129	0	0	0	14	0	0	23	121	0	0	0	0	0	0	82	317	0	76	0	1351	332	46359	0	58	0	21	0	0	149	0	0	0	0	0	0	0	0	11	169	0	10	0	0	0	0	0	0	0	0	0	0
1260	Finegoldia magna	380	4813	6278	357	473	4608	88	25698	616	2606	984	132	1955	196	2006	552	8432	0	117	140	1679	3318	204	11	63	1729	113	22975	171	151	9952	111	12267	371	13557	308	8774	153	49640	283	136	12649	37	67	699	614	132	9607	74	4509	571	1880	2504	6696	1769	1540	30774	63	2554	1943	557	43	369	184
1264	Ruminococcus albus	0	16	0	0	0	36	0	21	0	17	0	0	0	0	0	0	28	0	0	0	0	0	0	0	0	0	0	0	0	0	0	0	0	0	0	0	0	0	418	0	0	0	0	0	0	0	0	0	0	0	0	0	0	0	11	0	24	0	12	0	0	0	0	0
1270	Micrococcus luteus	734	3167	3491	311	688	13778	100	6211	828	2249	494	308	563	212	3610	914	5646	0	170	186	373	1180	8825	305	205	866	124	15106	252	156	2334	174	978	323	5965	177	6390	1171	584	554	181	1192	0	438	1290	14406	486	8652	247	1130	645	3584	9426	18456	194	182	864	366	12986	0	218	183	2318	197
1272	Kocuria varians	0	0	76	0	0	80	0	23	0	0	0	20	0	0	21	0	0	0	0	0	0	0	209	0	0	0	0	61	0	0	0	0	11	0	74	0	102	0	0	0	0	0	0	0	0	47	0	19	0	88	0	43	18	48	0	0	0	0	34	0	0	0	0	0
1273	Micrococcus lylae	24	168	74	0	0	20	0	138	68	16	16	0	0	0	25	24	11	0	0	0	0	17	0	0	0	0	0	25	28	0	34	0	0	0	52	0	94	0	0	0	0	0	0	17	40	14	0	49	0	0	20	0	27	277	0	0	13	0	120	82	0	0	0	13
1274	Dermacoccus nishinomiyaensis	0	1926	218	0	21	59	0	74	0	45	22	0	0	0	0	0	19	0	0	0	0	0	69	0	31	38	0	39	14	0	17	0	15	0	11	0	92	106	60	0	17	77	0	0	87	45	42	133	0	0	14	10	53	80	18	0	0	0	97	0	16	25	0	0
1275	Kocuria rosea	91	0	11	0	16	44	30	32	1177	21	0	20	0	0	32	0	21	0	0	0	0	78	64	0	0	4512	0	77	0	0	14	60	1842	0	11	0	68	0	16	41	21	11	0	26	17	31	15	0	141	10	18	13	15	115	45	0	0	0	19	12	0	0	0	30
1276	Kytococcus sedentarius	112	1017	703	0	0	46	0	48	0	16	0	0	0	0	16	0	0	0	0	0	0	26	11	0	0	50	0	37	43	0	34	0	148	0	13	0	735	0	0	12	0	77	0	56	16	10	0	59	0	0	20	0	17	85	0	0	0	0	27	0	0	0	0	0
1280	Staphylococcus aureus	247	33396	16552	2960	1162	28525	321	36101	670	8424	18372	558	10008	473	18446	8548	344179	0	1202	631	30033	13302	1424	0	0	8210	117	46613	2220	849	33311	177	15677	1068	12546	5097	239042	110	17421	1011	311	60688	572	754	15807	12942	476	23290	420	30714	250	7865	5167	22118	17668	2738	54764	0	10882	531	1479	29752	10399	1375
1281	Staphylococcus carnosus	0	272	118	0	17	279	0	167	11	960	20	1536	120707	0	38	41	1392	0	15	0	0	12	0	0	0	161	0	777	161	0	499	0	315	275	27269	33	2122	0	41	0	0	585	0	0	130	70	0	135	18	171	299	17062	41	325	26	0	186	0	152	0	0	0	54	13
1282	Staphylococcus epidermidis	5400	437036	366974	28363	20129	409512	2129	329498	4834	117545	63085	5163	163063	8395	93363	32122	993144	939	8384	3031	51902	138344	31361	333	1028	219880	1947	992093	46877	15903	855274	1930	256085	5491	266046	33507	1680888	2080	841788	14624	2878	435288	5176	4622	125563	274830	6030	194816	23610	690660	4421	97710	62002	321254	229822	51830	1570898	3291	247279	5696	63268	3051	352422	8332
1283	Staphylococcus haemolyticus	309	94373	18648	388	759	4583	407	46773	327	1597	12173	54	1308	592	5645	1267	37510	745	4971	38	419	3669	111	0	19	1524	27	6322	553	401	48585	19	4405	66	4270	7428	404791	148	20859	2175	241	40731	38	1494	80361	1268	306	6918	113	2214	43	561	2141	7420	12244	2520	45124	71	5391	323	3297	82	7046	2628
1284	Staphylococcus hyicus	0	17	16	0	0	0	0	13	0	0	0	0	0	0	0	0	0	0	0	0	0	0	0	0	0	0	0	10	0	0	0	0	12	0	0	0	152	0	13	0	0	31	0	0	0	0	0	0	0	0	0	0	0	0	0	0	52	0	0	0	0	0	0	0
1286	Staphylococcus simulans	10	1117	344	32	21	187	430	35452	11	222	107	0	90	23	351	18	453	0	71	0	0	82	0	0	0	140	0	267	15	15	2126	0	174	0	165	216	20332	0	133	19	18	4394	0	34	541	44	0	261	0	160	0	69	45	182	96	28	223	0	56	15	429	21	284	37
1288	Staphylococcus xylosus	0	597	137	0	17	318	0	1277	45	780	75	655	7542	0	92	0	87	45	39	13	69	15	0	13	0	83	0	193	3925	0	166	0	754	22	697	13	1174	0	58	12	0	360	0	0	303	63	0	202	157	991	1386	17413	108	359	90	0	87	0	155	0	24	0	95	14
1290	Staphylococcus hominis	655	157789	34178	3643	3903	45840	640	94734	1354	25566	21435	730	20957	3353	38548	8492	247501	595	5319	451	5895	540354	2745	62	127	18667	1007	479522	5615	2301	160645	563	159185	3531	218992	19455	881405	414	115051	4680	3426	875001	356	1438	41905	27131	790	29045	517	29786	550	10354	17303	105070	831781	1813	29502	263	57603	632	4085	498	49524	4670
1292	Staphylococcus warneri	123	9586	12053	1362	174	3121	56	8307	297	5939	1626	147	4348	108	1889	73	1544	0	389	0	209	598	186	0	290	1421	83	33638	2081	337	31149	45	11808	188	10901	4354	277083	148	34013	227	162	32862	1433	57	3645	2421	119	5292	108	3507	175	14213	838	7107	3472	150	2165	16	1827	112	803	73	8862	170
1293	Staphylococcus gallinarum	0	150	53	0	0	14	0	40	0	10	132	0	0	0	0	0	19	0	0	0	0	0	0	0	0	0	0	39	0	0	25	0	19	0	17	10	268	0	0	0	0	67	0	0	141	0	0	13	0	0	0	0	0	23	16	0	10	0	0	0	0	0	12	0
1294	Staphylococcus muscae	0	36	16	0	0	0	0	0	0	0	0	0	0	0	0	0	0	0	0	0	0	0	0	0	0	0	0	68	0	0	58	0	11	0	0	0	650	0	67	0	0	53	0	0	17	0	0	0	0	0	0	0	0	0	0	0	0	0	0	0	0	0	11	0
1295	Staphylococcus schleiferi	0	18	0	0	0	0	0	0	0	0	0	0	0	0	0	0	12	0	0	0	0	0	0	0	0	0	0	0	0	0	0	0	0	0	0	0	46	0	11	0	0	12	0	0	0	0	0	0	0	0	0	0	0	0	0	0	0	0	0	0	0	0	0	0
1296	Mammaliicoccus sciuri	0	283	122	0	0	137	0	193	25	38	86	0	40	0	31	0	137	0	0	0	0	24	10	0	0	44	0	221	19	0	172	0	111	10	109	41	1862	0	121	0	0	411	0	0	121	64	0	58	0	0	0	52	19	90	40	0	202	21	44	0	10	0	34	17
1299	Deinococcus radiodurans	0	50	66	0	0	0	0	0	0	0	25	0	0	0	0	0	0	0	0	0	0	0	0	0	0	0	0	0	36	0	0	0	0	0	0	0	0	0	0	0	0	0	0	0	404	0	0	0	0	0	0	41	0	0	40	0	0	0	0	0	0	37	98	0
1302	Streptococcus gordonii	188	42034	1601	720	1090	5789	268	8401	667	36424	3553	204	132734	46	1318	339	6480	0	98	299	46717	124	31	16	138	44933	74	6752	737	52	1685	160	3337	79	3974	1238	49041	294	542	202	54	5371	34	48	796	697	45	1115	174	5446	247	3385	1574	8360	1927	100	4805	12478	112971	15	585	101	431	53
1303	Streptococcus oralis	1791	22204	19652	3937	1778	8003	829	1134580	976	25636	15309	638	100366	228	3122	675	13426	0	301	1059	72504	905	188	130	114	27724	85	22184	8696	179	5375	353	21095	347	18739	14090	92481	133	1284	1027	155	14103	75	188	4337	1876	73	2400	1375	78627	590	14725	3749	14002	7793	285	6926	1638	41912	179	3350	729	7164	302
1304	Streptococcus salivarius	327	10830	28044	736	500	2302	343	1756	1699	15444	44649	297	53340	84	2143	348	5393	0	131	77	1130	99	433	84	43	1427	173	39077	23118	163	1680	239	4566	165	11577	216	5143	112	9198	742	93	6412	57	257	2467	13704	103	441	467	147204	1082	5490	613	2649	46141	137	3125	153	8979	85	587	184	4409	341
1305	Streptococcus sanguinis	3112	17619	13587	2111	625	21646	104	16562	989	42329	2609	466	56000	149	4359	497	27691	47	435	142	56516	131	38	293	120	23015	39	11325	6853	44	3148	266	33210	109	9040	889	13953	22	1317	278	98	8881	101	104	2292	1221	32	2737	116	16200	690	16956	5304	57893	13339	128	6320	1680	70511	128	893	766	3867	1153
1307	Streptococcus suis	0	945	329	14	32	132	0	490	0	416	268	0	141	0	18	176	133	0	0	0	72	0	0	0	0	43	0	205	152	0	67	0	115	0	464	0	110	0	542	0	0	80	0	0	44	0	0	162	15	146	0	36	0	50	383	0	101	0	86	0	20	0	184	0
1308	Streptococcus thermophilus	154	2908	12238	323	431	28814	8632	1260	808	47768	1736	1720	25859	0	446	73	1111	0	65	53	1484	434	19	580	0	1023	23	2937	106804	702	3034	157	97467	285	25941	89	2711	95	1458	85	159	8718	0	50	427	530	0	186	143	11377	413	16421	517	1788	894	28	1150	15	3761	538	30474	202	17551	30
1309	Streptococcus mutans	0	91	666	1205	0	106	0	94	0	89	466	14	232	0	80	16	184	0	0	0	32	0	0	0	0	101	0	2364	0	0	560	0	760	63	3466	0	3077	0	98	31	0	787	17	0	56	52	0	14	0	472	0	118	139	899	61	0	408	20	368	0	14	0	15	0
1310	Streptococcus sobrinus	0	0	11	0	0	0	0	0	0	12	0	0	0	0	0	0	14	0	0	0	0	0	0	0	0	0	0	10	0	0	0	0	12	0	10	0	17	0	0	0	0	0	0	0	0	17	0	0	0	10	0	0	0	12	10	0	0	0	0	0	0	0	0	0
1311	Streptococcus agalactiae	0	709	2934	1129	0	983	0	7945	0	924	1064	0	4310	0	238	0	1191	0	0	0	434	120	0	0	0	450	0	2928	918	0	988	0	1147	0	2428	0	2351	0	1891	0	0	1923	0	0	315	248	0	860	0	4092	0	862	240	1051	2937	0	2019	0	1833	0	155	0	815	0
1313	Streptococcus pneumoniae	3111	8726	20793	1404	2642	4698	75	33530	360	5731	20616	253	20862	66	1318	369	3912	0	147	74	3490	333	243	60	18	3682	53	14879	11831	90	3033	35	7719	191	20123	343	6639	132	1166	541	94	5898	39	62	2508	1031	46	905	397	9395	328	4399	510	3176	5410	69	1896	225	5440	182	3680	191	14369	144
1314	Streptococcus pyogenes	0	411	422	27	31	667	0	819	0	141	240	0	200	0	79	20	304	0	0	0	595	131	0	0	0	50	0	563	44	0	372	0	167	0	567	16	336	0	723	31	0	208	0	0	92	89	0	484	0	368	0	83	157	171	263	37	1046	0	198	62	41	0	325	0
1318	Streptococcus parasanguinis	103	1810	4111	265	319	709	245	599	1045	4139	23939	50	9763	0	570	110	890	0	61	190	2201	79	245	0	59	548	66	13073	1862	205	468	125	1203	156	2725	56	2870	62	913	579	0	1532	0	32	767	2786	41	174	138	10487	391	923	445	1377	34364	58	579	39	11281	43	341	197	2598	94
1322	Blautia hansenii	0	290	147	0	17	58	0	131	31	390	0	0	0	0	0	35	566	0	0	0	0	0	0	0	0	0	0	0	0	0	0	0	0	0	0	0	0	0	1273	0	0	0	0	0	0	115	0	75	0	0	30	1133	0	65	76	82	1743	0	26	0	0	0	0	0
1326	Streptococcus acidominimus	0	0	0	0	0	0	0	27	0	51	0	0	0	0	0	0	20	0	0	0	0	0	0	0	0	0	0	0	0	0	0	0	0	0	0	0	0	0	0	0	0	0	0	0	0	0	0	0	0	0	0	0	0	0	12	0	0	0	0	0	0	0	0	0
1328	Streptococcus anginosus	177	10444	8321	134	141	800	0	2514	119	1292	1287	32	6341	0	370	166	1024	0	0	0	1064	56	0	0	0	644	58	7607	1014	42	5813	33	2840	119	4530	351	4432	71	18279	75	29	4089	0	0	387	215	0	1466	86	8344	173	674	176	722	2831	60	4127	101	1425	0	142	47	1176	69
1329	Streptococcus canis	0	15	24	0	0	13	0	37	0	25	0	0	0	0	0	0	21	0	0	0	0	0	0	0	0	0	0	13	0	0	0	0	0	0	23	0	0	0	52	0	0	0	0	0	0	0	0	0	0	0	0	0	0	0	12	0	18	0	0	0	0	0	0	0
1334	Streptococcus dysgalactiae	0	534	579	73	0	309	0	1112	0	836	185	0	633	0	140	0	735	0	0	37	199	77	0	0	0	168	0	976	409	0	414	0	456	0	1170	0	530	0	551	0	0	415	0	0	0	0	0	343	0	497	174	237	231	291	371	193	3082	0	431	0	0	0	0	0
1335	Streptococcus equinus	0	0	22	0	0	0	0	0	0	37	0	0	0	0	0	0	18	0	0	0	0	0	0	0	0	29	0	0	0	0	0	0	0	0	0	0	0	0	16	0	0	0	0	0	0	0	0	0	0	0	0	14	0	62	16	0	0	0	17	0	0	0	0	0
1336	Streptococcus equi	0	16	39	0	0	45	0	20	0	104	63	0	56	0	0	0	49	0	0	0	31	0	0	0	0	18	0	66	17	0	27	0	33	0	25	0	55	0	39	0	0	24	0	0	0	10	0	17	0	32	0	0	0	0	56	0	26	0	57	0	0	0	24	0
1338	Streptococcus intermedius	28	452	1042	105	100	713	0	906	39	1047	269	26	3839	0	387	105	7596	0	38	0	439	0	0	0	0	2920	0	2911	233	0	592	0	1060	31	2386	142	12207	0	152	38	0	1543	0	0	105	168	0	342	0	1102	0	618	322	1411	512	41	3578	2769	9676	0	135	53	151	0
1340	Streptococcus porcinus	0	0	31	0	0	0	0	21	0	66	0	0	13	0	0	0	20	0	0	0	17	0	0	0	0	14	0	20	0	0	24	0	0	0	29	0	62	0	0	0	0	24	0	0	0	15	0	15	0	16	0	0	0	13	24	0	34	0	11	0	0	0	18	0
1341	Streptococcus ratti	0	0	0	0	0	0	0	0	0	0	0	0	12	0	0	0	0	0	0	0	0	0	0	0	0	0	0	0	0	0	0	0	0	0	0	0	0	0	0	0	0	0	0	0	0	0	0	0	0	0	0	0	0	0	0	0	0	0	0	0	0	0	0	0
1343	Streptococcus vestibularis	77	921	4669	26	55	269	0	260	19	203	2068	0	758	0	66	28	184	0	0	0	290	83	0	17	0	271	0	1080	1526	0	167	29	447	21	1383	0	1983	0	155	83	0	490	0	0	284	792	0	59	0	2014	21	278	91	883	281	0	479	127	474	0	30	0	368	0
1345	Streptococcus ferus	0	0	0	0	0	0	0	0	0	0	0	0	0	0	0	0	0	0	0	0	0	0	0	0	0	0	0	0	10	0	0	0	0	0	0	0	0	0	0	0	0	0	0	0	0	0	0	0	0	0	0	0	0	0	0	0	0	0	0	0	0	0	0	0
1348	Streptococcus parauberis	0	0	39	0	0	0	0	0	0	51	0	0	46	0	0	0	0	162	58	0	0	51	0	359	0	0	0	0	603	0	0	0	15	0	54	0	0	0	0	0	0	14	0	0	0	0	0	32	0	0	0	13	0	0	0	0	0	0	0	0	0	0	26	0
1349	Streptococcus uberis	0	0	0	0	0	0	0	0	0	0	0	0	0	0	0	0	0	0	0	0	288	0	0	0	0	12	0	0	0	0	0	0	0	0	31	0	0	0	0	0	0	0	0	0	0	0	0	0	0	0	0	0	0	0	0	0	0	0	0	0	0	0	0	0
1351	Enterococcus faecalis	22	1299	592	16	108	148	1543	3814	0	194	137	0	189	0	115	97	924	0	0	0	217	251	0	40	0	183	0	188	242	0	494	0	190	0	545	0	684	0	217	597	0	180	0	83	681	170	408	431	198	115	765	130	64	246	785	366	10213	0	238	359	86	0	271	153
1352	Enterococcus faecium	0	1205	475	0	41	61	0	287	32	627	189	50	84	0	50	0	357	0	0	0	0	79	0	0	0	0	0	81	748	0	0	0	200	0	340	0	344	22	10429	0	0	38	0	0	102	0	0	117	0	47	0	70	0	30	500	44	321	0	22	0	26	0	69	19
1353	Enterococcus gallinarum	0	0	0	0	0	0	0	0	0	0	0	0	0	0	0	0	0	0	0	0	0	0	0	0	0	0	0	0	0	0	0	0	68	0	0	0	0	0	0	0	0	0	0	0	0	0	0	0	0	0	0	0	0	0	0	0	0	0	0	0	0	0	0	0
1358	Lactococcus lactis	559	4694	49835	208	246	5828	156	3584	2114	115364	7252	5733	62563	128	2557	480	7249	0	159	79	1805	831	41	1449	88	1760	36	10934	240832	51	3055	162	58398	3526	581083	444	14839	99	22278	636	151	11715	0	178	1695	514	0	3458	429	13528	2650	58379	654	4231	347	66	509	131	1045	40	1042	77	5538	151
1359	Lactococcus cremoris	652	1779	51684	27	144	748	0	239	2151	106642	3519	3441	9919	0	397	41	464	0	17	48	254	276	0	465	0	347	0	1753	77224	0	217	145	28454	904	89832	88	1267	110	2035	216	17	550	0	71	142	126	0	457	1397	28422	808	11263	187	825	276	0	143	0	1026	51	764	46	1804	126
1363	Lactococcus garvieae	0	0	63	0	0	0	0	0	0	303	0	0	139	0	0	0	21	0	0	0	0	15	0	0	0	0	0	18	175	0	0	0	90	0	273	0	91	0	26	0	0	0	0	0	0	0	0	0	0	26	0	157	0	0	0	0	0	0	0	0	0	0	0	0
1364	Lactococcus piscium	0	0	0	0	0	0	0	0	0	63	0	0	167	0	0	0	0	0	0	0	0	80	0	26	0	0	0	0	25	0	0	0	14	0	80	0	0	0	0	0	0	0	0	0	0	0	0	0	0	0	0	0	0	0	0	0	0	0	0	0	0	20	0	0
1366	Lactococcus raffinolactis	3396	213	9981	12	0	163	0	0	52	2495	192	85	11746	0	0	17	297	0	0	0	0	56358	0	17227	0	0	0	15	1290	0	0	0	206	13	723	0	27	0	26	2899	0	14	0	0	22	0	0	0	0	91	0	61	0	0	0	0	0	0	0	13	0	5513	75	893
1376	Aerococcus urinae	0	0	0	0	0	0	0	0	0	0	0	0	0	0	0	0	0	0	0	0	0	0	0	0	0	0	0	16	0	0	13	0	0	0	24	0	0	0	135	0	0	21	0	0	0	0	0	0	0	0	0	0	0	0	0	0	0	0	0	0	0	0	13	0
1377	Aerococcus viridans	70	1156	363	0	96	28	0	2198	0	17	0	819	0	0	0	0	21	0	0	0	0	21	0	0	0	19	0	24	0	0	16	0	0	0	0	0	55	0	0	64	0	185	0	150	20	0	0	489	0	0	0	0	0	66	0	0	48	0	0	40	0	45	0	145
1379	Gemella haemolysans	1184	2888	12014	4113	254	2926	15	3148	193	3366	12028	280	14817	29	805	285	5127	0	83	54	2919	63	115	115	48	13103	36	8770	11951	67	2047	25	10726	214	13125	135	8021	23	860	336	33	3901	64	34	669	667	38	826	191	10912	291	6928	603	4418	1453	60	1686	1126	22054	31	1317	80	7592	63
1382	Lancefieldella parvula	0	299	345	173	13	173	0	139	16	278	132	0	478	0	67	0	284	0	0	14	88	0	29	0	0	1418	0	1524	108	0	269	0	654	0	1141	0	1471	0	197	20	0	467	0	0	17	367	18	56	0	956	72	399	50	305	569	0	157	34	6434	0	17	0	172	0
1390	Bacillus amyloliquefaciens	0	361	4154	149	0	98	68	95	129	1132	65	531	19496	0	136	0	0	0	0	0	92	105	0	0	0	65	0	97	1845	0	90	0	1246	45	1194	0	77	0	0	0	0	127	124	0	233	0	0	0	0	1086	66	663	0	69	97	0	55	0	104	0	0	0	388	0
1392	Bacillus anthracis	0	0	0	0	0	0	0	492	0	0	0	0	0	0	0	0	0	0	0	0	0	0	0	0	0	0	0	0	0	0	0	0	0	0	0	0	0	0	0	0	0	0	0	1216	0	0	0	0	0	0	0	0	0	0	0	0	0	0	0	0	0	0	0	0
1394	[Bacillus] caldolyticus	0	0	0	0	0	0	0	0	0	0	0	0	0	0	0	0	0	0	0	0	0	0	0	0	0	0	0	0	0	0	0	0	0	0	0	0	245	0	0	0	0	0	0	0	0	0	0	0	0	0	0	0	0	0	0	0	0	0	0	0	0	0	0	0
1396	Bacillus cereus	0	153	199	0	0	27	0	273	0	62	41	0	397	0	0	0	242	0	0	0	0	0	0	0	0	0	0	40	0	0	75	0	0	0	0	0	576	0	0	99	0	144	0	473	215	0	0	901	0	23	0	120	0	29	0	0	55	0	26	151	0	0	133	0
1397	Niallia circulans	0	0	0	0	0	0	0	33	0	0	15	0	0	15	15	0	27	0	0	0	0	0	0	0	0	0	0	30	0	0	0	0	14	0	0	0	36	0	28	0	0	18	0	0	0	0	0	0	0	0	0	0	0	0	0	0	0	0	0	23	0	0	0	0
1398	Heyndrickxia coagulans	0	92	373	0	0	0	0	118	0	0	0	0	0	0	0	0	0	0	0	0	43	0	0	0	0	0	0	0	0	0	0	0	0	0	158	0	64	0	0	0	0	0	0	0	0	0	0	0	0	0	0	0	0	0	26	0	0	0	0	0	0	0	0	0
1401	Paenibacillus lautus	0	0	0	0	0	0	0	0	0	0	0	0	0	0	0	0	0	0	0	0	0	0	0	0	0	0	0	0	0	0	0	0	0	0	0	0	0	0	0	0	0	0	0	0	0	0	0	0	0	35	0	0	0	0	0	0	0	0	0	0	0	0	173	0
1402	Bacillus licheniformis	0	0	242	0	0	0	0	0	0	0	0	0	0	0	0	0	0	0	0	0	0	0	0	0	0	0	0	0	0	0	0	0	0	0	0	0	0	0	0	778	0	0	0	0	0	0	0	0	0	0	0	0	0	0	0	0	0	0	0	0	0	0	0	0
1404	Priestia megaterium	0	0	135	0	0	0	0	0	0	0	0	0	0	29	0	0	0	0	0	0	0	0	0	0	0	0	0	0	76	0	32	0	0	0	509	0	172	0	55	0	0	40	0	0	0	0	0	0	0	14	0	0	0	76	0	0	0	0	0	0	0	0	0	0
1405	Bacillus mycoides	0	0	281	0	0	0	0	0	0	0	0	0	0	0	0	0	0	0	0	0	0	0	0	0	0	0	0	0	0	0	0	0	0	0	0	0	0	0	0	0	0	0	0	0	29	0	0	73	0	0	0	0	0	0	0	0	0	0	0	0	0	0	0	0
1406	Paenibacillus polymyxa	0	474	0	0	0	0	0	0	0	107	0	0	0	33	50	0	0	0	0	0	0	0	0	0	0	34	0	0	0	0	0	0	0	0	0	0	0	0	0	0	0	0	0	0	0	0	0	0	0	0	0	0	0	0	0	0	0	0	0	209	68	0	0	0
1408	Bacillus pumilus	130	23	22	0	0	0	0	0	0	0	0	0	0	0	0	0	0	0	0	0	0	0	0	0	0	0	0	0	430	0	0	0	0	0	0	0	0	0	0	0	0	0	0	413	0	0	0	0	0	0	0	0	0	0	0	0	0	0	0	0	0	70	17	99
1422	Geobacillus stearothermophilus	0	0	0	0	0	0	0	0	0	368	0	0	0	0	0	0	0	0	0	0	0	0	0	0	0	0	0	0	0	0	0	0	0	0	0	0	0	0	0	0	0	0	0	0	0	0	0	0	0	0	0	0	0	0	0	0	0	0	0	0	0	0	0	0
1423	Bacillus subtilis	0	0	0	0	0	0	0	0	0	0	0	0	0	0	0	0	0	0	59	0	0	0	0	0	0	0	0	0	0	0	0	0	283	0	0	0	86	0	0	314	0	0	0	0	0	0	0	0	0	0	0	0	0	0	0	0	0	0	0	0	0	0	0	0
1426	Parageobacillus thermoglucosidasius	0	0	0	0	0	0	0	0	0	37	0	0	0	0	0	0	0	0	0	0	0	0	0	0	0	0	0	0	0	0	0	0	52	0	86	0	0	0	0	0	0	0	0	0	0	0	0	0	0	0	0	0	0	0	0	0	0	0	0	0	0	0	0	0
1428	Bacillus thuringiensis	0	371	165	0	0	127	0	62	0	81	270	0	0	0	222	0	0	0	0	0	0	0	0	0	0	44	0	245	587	0	44	0	480	43	2171	65	311	0	228	342	0	171	0	211	224	0	0	804	0	0	0	26	276	185	34	0	0	0	0	0	0	0	376	0
1455	Bacillus badius	0	0	0	0	0	0	0	0	0	0	0	0	0	0	0	0	0	0	0	0	0	0	0	0	0	0	0	0	0	0	0	0	0	0	11	0	0	0	0	0	0	0	0	0	0	0	0	0	0	23	0	0	0	14	0	0	0	0	0	0	0	0	0	0
1467	Lederbergia lenta	0	0	0	0	0	0	0	0	0	0	0	0	0	0	0	0	0	0	0	0	0	0	0	0	0	0	0	0	0	0	0	0	0	0	0	0	0	0	0	0	0	0	0	0	0	0	0	0	0	0	0	0	0	0	0	167	102	0	0	0	0	0	0	0
1474	Sporosarcina pasteurii	0	0	0	0	0	0	0	0	0	0	0	0	0	0	0	0	0	0	0	0	0	0	0	0	0	0	0	0	0	0	0	0	0	0	0	0	0	0	0	0	0	16	0	0	0	0	0	0	0	0	0	0	0	0	0	0	0	0	0	0	0	0	0	0
1479	Bacillus smithii	27	0	0	0	0	19	0	32	0	0	0	0	20	72	30	0	0	0	0	0	0	0	0	0	0	0	0	21	0	0	56	0	0	0	0	0	134	0	0	0	0	0	0	0	0	0	0	0	0	0	0	0	23	24	0	0	0	0	0	0	0	0	0	0
1490	Paraclostridium bifermentans	0	20	0	0	12	0	19	18	32	20	0	0	0	0	0	0	10	0	0	0	0	21	0	0	0	0	0	0	0	0	0	0	0	0	0	0	0	0	0	0	0	0	0	0	0	0	0	16	0	0	0	32	0	0	0	112	42	0	0	0	0	0	0	0
1491	Clostridium botulinum	248	853	16103	750	230	3045	213	638	1069	12000	512	14908	347552	0	261	191	417	0	27	26	180	90	0	10	0	875	0	1076	5932	0	537	55	13622	644	16322	26	925	0	221	35	23	1657	100	16	117	165	0	204	426	12456	676	5302	292	406	136	338	622	0	418	76	83	0	6680	49
1492	Clostridium butyricum	0	46	0	0	0	0	0	0	0	0	0	0	0	0	0	307	0	0	0	0	0	0	0	0	0	0	0	0	0	0	0	0	0	0	0	0	0	0	0	0	0	0	0	0	0	0	0	0	0	0	0	0	0	0	0	1747	0	0	0	0	0	0	0	0
1496	Clostridioides difficile	0	1725	54	0	71	356	23	667	79	1795	0	13	40	0	14	112	1373	0	0	0	21	67	0	0	0	57	0	68	0	0	39	0	58	0	127	0	52	16	12329	0	0	76	0	0	0	13	22	396	0	21	0	25	27	48	666	163	607	0	35	0	25	0	0	13
1501	Clostridium pasteurianum	0	0	0	0	0	0	0	0	0	0	0	0	0	0	0	0	0	0	0	0	0	0	0	0	0	0	0	0	0	0	0	0	0	0	0	0	0	0	13	0	0	0	0	0	0	0	0	0	0	0	0	0	0	0	0	0	0	0	0	0	0	0	0	0
1502	Clostridium perfringens	0	186	0	0	197	57	0	380	57	1114	0	0	18	0	0	1104	1405	0	0	0	0	186	0	0	0	0	0	12	0	0	0	0	0	0	11	0	32	0	3628	0	0	0	0	0	0	0	0	547	0	0	0	0	117	21	97	3072	1395	0	366	0	0	0	0	0
1504	Clostridium septicum	0	49	0	0	0	0	0	0	32	10	0	10	0	0	0	156	47	0	0	0	0	29	0	0	0	0	0	0	0	0	0	0	0	0	0	0	0	0	0	0	0	0	0	0	0	0	145	40	0	0	0	0	37	0	0	213	51	0	0	0	0	0	0	0
1505	Paraclostridium sordellii	0	0	0	0	37	33	47	51	105	52	0	12	0	0	0	36	14	0	0	0	11	55	0	0	0	0	0	0	0	0	0	0	0	0	13	0	0	0	0	0	0	0	20	0	0	0	26	17	0	0	0	0	15	0	0	174	60	0	0	0	0	0	0	0
1513	Clostridium tetani	0	0	215	0	0	0	0	0	0	0	0	0	51	0	0	0	0	0	0	0	0	0	0	0	0	0	0	0	0	0	0	0	0	0	0	0	0	0	0	0	0	0	0	0	0	0	0	0	0	0	12	12	0	0	0	0	0	0	0	0	0	0	0	0
1517	Thermoanaerobacterium thermosaccharolyticum	0	0	0	0	0	0	0	0	0	0	0	0	0	0	0	0	0	0	0	0	0	0	0	0	0	0	0	0	0	0	0	0	0	0	0	0	0	0	0	0	0	0	0	0	0	0	0	0	0	0	0	16	0	0	0	0	0	0	0	0	0	0	0	27
1519	Clostridium tyrobutyricum	0	0	0	0	0	0	0	0	0	0	0	0	0	0	0	0	0	0	0	0	0	0	0	0	0	0	0	0	0	0	0	0	0	0	0	0	0	0	0	0	0	0	0	0	0	0	0	0	0	0	0	0	0	0	0	0	0	0	0	0	0	0	0	55
1520	Clostridium beijerinckii	0	0	0	0	0	0	0	0	0	0	0	0	0	0	0	0	0	0	0	0	0	0	0	0	0	0	0	0	0	0	0	0	0	0	41	0	0	0	209	0	0	0	0	0	0	0	0	0	0	0	0	0	0	0	0	214	0	0	0	0	0	0	0	0
1521	Ruminiclostridium cellulolyticum	0	0	0	0	0	0	0	0	0	0	0	0	0	0	0	0	0	0	0	0	0	0	0	0	0	0	0	0	0	0	0	0	0	0	0	0	0	0	15	0	0	0	0	0	0	0	0	0	0	0	0	0	0	0	0	0	0	0	0	0	0	0	0	0
1522	[Clostridium] innocuum	0	332	0	0	0	182	0	357	16	1120	0	0	0	0	0	29	579	0	0	0	0	0	0	0	0	12	0	0	0	0	28	0	0	0	193	0	0	11	12088	0	0	26	0	0	0	0	0	187	0	0	0	24	13	17	121	87	827	0	13	0	0	0	0	0
1529	Clostridium cadaveris	0	82	0	0	0	0	0	11	0	44	0	0	0	0	0	0	40	0	0	0	0	0	0	0	0	0	0	0	0	0	0	0	0	0	0	0	0	0	240	0	0	0	0	0	0	0	0	0	0	0	0	0	0	0	25	0	12	0	0	0	0	0	0	0
1531	Enterocloster clostridioformis	0	222	0	0	0	49	0	67	0	396	0	0	0	0	0	0	114	0	0	0	0	0	0	0	0	0	0	0	0	0	0	0	0	0	18	0	0	0	1557	0	0	0	0	0	0	0	187	48	0	0	0	0	0	0	71	13	109	0	0	0	0	0	0	0
1532	Blautia coccoides	0	174	0	0	0	148	0	304	0	876	0	0	0	0	0	38	753	0	0	0	0	0	0	0	0	0	0	0	0	0	0	0	0	0	37	0	0	0	2268	0	0	0	0	0	0	0	0	370	0	0	0	0	0	0	89	0	356	0	0	0	0	0	0	0
1547	Thomasclavelia ramosa	0	196	0	0	0	58	0	199	0	308	0	0	0	0	0	0	213	0	0	0	0	0	0	0	0	0	0	0	0	0	0	0	0	0	11	0	12	0	3821	0	0	0	0	0	0	0	16	290	0	0	0	141	0	13	66	156	498	0	0	0	18	0	0	0
1561	Clostridium baratii	0	0	0	0	14	0	0	0	0	0	0	0	0	0	0	54	14	0	0	0	0	0	0	0	0	0	0	0	0	0	0	0	0	0	0	0	14	0	0	0	0	0	0	0	0	0	0	13	0	0	0	0	0	0	0	83	17	0	0	0	0	0	0	0
1575	Leifsonia xyli	0	0	0	70	0	0	0	0	0	0	0	0	0	0	0	0	0	0	0	0	0	0	0	0	0	290	0	0	0	0	0	0	0	0	0	0	210	0	0	0	0	0	105	0	0	0	0	0	0	0	0	0	0	0	0	0	0	0	0	0	0	0	0	0
1579	Lactobacillus acidophilus	0	0	0	0	0	0	0	0	0	19	0	0	0	0	0	0	0	0	0	0	0	0	0	0	0	0	0	0	0	0	11	0	260	0	16	0	12	0	0	0	0	0	0	0	0	0	0	0	0	0	0	0	0	0	0	0	0	0	0	0	0	0	0	0
1580	Levilactobacillus brevis	0	0	0	0	0	293	0	0	0	34	0	0	149	0	0	0	0	0	0	0	0	0	0	0	0	52	0	0	35	0	0	0	25	0	31	0	28	0	57	0	0	0	0	0	0	75	0	0	0	0	19	195	0	13	0	0	57	0	30	0	0	0	0	0
1581	Lentilactobacillus buchneri	0	63	0	0	0	0	0	37	0	0	0	0	0	0	0	0	0	0	0	0	0	0	0	0	0	0	0	0	45	0	0	0	0	0	0	0	0	0	0	0	0	0	0	0	0	0	0	0	0	0	0	0	0	0	0	0	0	0	0	0	0	0	0	0
1582	Lacticaseibacillus casei	113	127	0	0	0	0	0	0	0	85	0	0	0	0	0	0	0	0	0	0	0	0	0	0	0	0	0	0	0	0	0	0	0	0	0	0	0	0	0	0	0	0	0	0	0	0	0	0	0	0	0	0	0	0	0	0	0	0	77	0	0	0	0	0
1583	Weissella confusa	0	0	74	0	0	19	0	0	0	0	0	0	262	0	0	0	36	0	0	0	0	21	0	0	0	0	0	0	139	0	0	0	20	0	17	0	0	0	0	0	0	0	0	0	0	0	0	0	0	21	0	111	0	0	0	0	0	0	0	0	0	0	0	0
1584	Lactobacillus delbrueckii	21	137	3420	0	0	84	0	13	46	2687	0	74	303	0	44	0	98	0	0	0	0	0	0	0	0	172	0	123	3132	0	84	0	844	31	3606	15	111	0	181	0	0	172	0	0	28	0	0	82	82	3029	0	231	0	46	62	0	0	0	1390	0	194	0	34	0
1587	Lactobacillus helveticus	28	396	232	0	97	1089	0	20	44	445	0	0	139	0	0	0	63	0	0	0	0	52	0	0	0	353	0	257	184	0	221	0	587	44	1273	0	218	24	321	0	0	90	0	0	13	0	0	0	0	319	0	102	0	10	29	0	15	0	258	0	1744	0	0	0
1589	Lactiplantibacillus pentosus	17	12	312	463	0	29	0	12	16	184	24	12	140	0	0	0	42	0	0	0	78	0	0	0	0	15	0	17	360	0	23	18	964	17	183	0	30	0	20	0	0	18	85	0	0	0	0	0	26	1392	52	118	0	20	0	0	0	0	150	0	11	0	15	0
1590	Lactiplantibacillus plantarum	0	2210	485	22	0	166	0	65	0	319	66	51	1081	0	0	0	176	0	0	24	38	0	0	0	0	15	0	113	2027	0	27	0	97	0	1478	0	797	0	305	0	0	152	0	0	0	0	0	35	0	198	98	3553	19	79	65	0	63	0	43	0	48	0	96	0
1596	Lactobacillus gasseri	0	73	450	0	0	0	0	64	0	21	0	0	0	0	0	0	0	0	0	0	0	40	0	0	0	0	0	22	0	0	0	0	0	0	36	0	26	0	29	0	0	0	0	0	0	0	0	0	0	0	0	0	0	157	198	0	0	0	0	0	0	0	0	0
1597	Lacticaseibacillus paracasei	0	98	6579	22	0	180	0	148	76	3436	0	17	735	0	0	13	179	0	0	0	0	0	0	0	0	31	0	174	475	89	53	0	1398	11	1199	0	214	19	0	0	0	246	0	0	0	164	28	994	37	3906	17	955	0	252	0	0	718	0	290	0	109	0	159	0
1598	Limosilactobacillus reuteri	0	0	0	0	0	0	0	0	0	0	0	0	0	0	0	0	0	0	0	0	0	0	0	0	0	0	0	0	0	0	0	0	0	0	0	0	15	0	18	0	0	0	0	0	0	0	0	0	0	0	0	0	0	0	0	0	0	0	0	0	0	0	0	0
1599	Latilactobacillus sakei	0	100	294	20	22	280	0	67	13	581	0	589	127974	0	71	98	3682	0	0	0	0	15	0	25	0	444	0	535	4901	0	1226	0	624	65	6056	83	23179	0	47	0	0	538	0	0	17	0	0	42	339	8160	2380	93202	36	283	46	0	32	0	56	0	0	0	0	0
1600	Lactobacillus acetotolerans	0	0	0	0	0	0	0	0	0	0	0	0	23	0	0	0	0	0	0	0	0	0	0	0	0	0	0	0	0	0	0	0	0	0	0	0	26	0	0	0	0	0	0	0	0	0	0	0	0	11	0	0	0	0	0	0	0	0	0	0	0	0	0	0
1601	Ligilactobacillus agilis	0	12	0	0	0	0	0	0	0	0	0	0	0	0	0	0	0	0	0	0	0	0	0	0	0	0	0	0	0	0	0	0	0	0	10	0	0	0	44	0	0	0	0	0	0	0	0	0	0	0	0	0	0	0	0	0	0	0	0	0	0	0	0	0
1604	Lactobacillus amylovorus	0	0	13	0	0	0	0	0	0	0	0	0	0	0	0	0	0	0	0	0	0	0	0	0	0	0	0	27	0	0	12	0	13	0	35	0	27	0	122	0	0	0	0	0	0	0	0	0	0	0	0	0	0	0	12	0	0	0	0	0	13	0	0	0
1605	Ligilactobacillus animalis	0	0	431	0	0	480	0	0	0	2485	0	14	7037	0	0	0	0	0	19	0	26	0	0	0	0	0	0	63	108	0	0	0	243	0	1413	0	0	0	0	0	0	184	0	24	0	0	0	0	0	0	0	62	0	0	0	0	22	0	0	0	0	0	0	0
1610	Loigolactobacillus coryniformis	0	0	0	0	0	0	0	0	0	0	0	0	91	0	0	0	0	0	0	0	0	0	0	0	0	0	0	0	0	0	0	0	0	0	0	0	125	0	121	0	0	0	0	0	0	0	0	0	0	0	0	65	0	0	0	0	0	0	0	0	0	0	0	0
1612	Companilactobacillus farciminis	0	0	127	0	0	0	0	0	0	0	0	0	0	0	0	0	0	0	0	0	0	0	0	0	0	0	0	0	0	0	0	0	0	0	0	0	0	0	0	0	0	0	0	0	0	0	0	0	0	0	0	0	0	0	0	0	0	0	0	0	0	0	0	0
1613	Limosilactobacillus fermentum	27	83	134	0	0	114	681	237	17	151	61	0	402	0	0	0	67	0	0	10	0	66	0	11	0	0	0	15	316	0	21	0	53	0	602	0	342	0	17	137	0	24	0	114	144	51	135	215	0	70	241	101	0	0	65	0	0	48	0	103	19	0	17	45
1622	Ligilactobacillus murinus	0	12	0	0	0	18	0	0	0	49	0	0	166	0	0	0	0	0	0	0	0	0	0	0	0	0	0	0	0	0	0	0	0	0	30	0	0	0	0	0	0	0	0	0	0	0	0	0	0	0	0	0	13	14	0	0	0	0	0	0	0	0	0	0
1623	Ligilactobacillus ruminis	0	53	0	0	0	29	0	44	0	77	0	0	32	0	0	0	91	0	0	0	0	0	0	0	0	0	0	0	0	0	0	0	0	0	0	0	42	0	436	0	0	0	0	0	0	0	0	20	0	0	0	0	0	0	27	0	31	0	0	0	0	0	0	0
1624	Ligilactobacillus salivarius	0	0	0	0	0	0	0	0	0	95	0	0	94	0	0	0	0	0	0	0	0	0	0	0	0	0	0	0	0	0	0	0	0	0	0	0	34	0	84	0	0	0	0	0	0	0	0	38	0	0	0	0	0	0	0	0	0	0	0	0	0	0	31	0
1632	Limosilactobacillus oris	0	0	0	0	0	0	0	0	0	0	0	0	0	0	0	0	0	0	0	0	0	0	0	0	0	0	0	0	0	0	0	0	0	0	0	0	0	0	13	0	0	0	0	0	0	0	0	0	0	0	0	0	0	0	0	0	0	0	0	0	0	0	0	0
1633	Limosilactobacillus vaginalis	0	0	0	0	0	0	0	0	0	0	0	0	0	0	0	0	0	0	0	0	0	0	0	0	0	0	0	0	0	0	14	0	24	0	14	0	0	0	25	0	0	0	0	0	0	0	0	0	0	0	0	13	0	0	0	0	0	0	0	0	0	0	0	0
1639	Listeria monocytogenes	0	0	0	0	0	0	356	0	0	0	0	0	0	0	0	0	0	0	0	0	0	0	0	0	0	0	0	0	0	0	0	0	0	0	23	0	546	0	0	0	0	0	0	0	0	0	0	0	0	0	1356	0	0	0	0	0	0	0	0	335	0	0	0	0
1642	Listeria innocua	0	0	0	0	0	0	0	0	0	0	0	0	35	0	0	0	0	0	0	0	0	0	0	0	0	0	0	0	0	0	0	0	0	0	12	0	0	0	0	0	0	0	0	0	0	0	0	0	0	0	0	0	0	0	0	0	0	0	0	0	0	0	0	0
1648	Erysipelothrix rhusiopathiae	0	0	0	0	0	0	0	0	0	0	0	0	0	0	0	0	25	0	0	0	0	0	0	0	0	0	0	21	0	0	0	0	13	0	0	0	0	0	31	0	0	0	0	0	0	0	0	0	0	0	0	0	0	0	0	0	12	0	0	0	0	0	0	0
1650	Kurthia zopfii	169	0	0	0	0	0	0	0	0	0	0	0	0	0	0	0	0	0	0	0	0	0	0	0	0	0	0	0	0	0	0	0	0	0	0	0	0	0	0	0	0	0	0	0	0	0	0	0	0	0	0	0	0	0	0	0	0	0	0	0	0	0	0	0
1655	Actinomyces naeslundii	108	5576	3852	1560	90	10916	14	7363	162	20557	934	66	9773	39	2433	105	10693	0	187	162	7168	37	20	93	62	63634	29	20620	543	37	2560	16	7702	50	7025	181	18173	34	497	63	28	10138	18	26	937	2530	54	1711	30	8506	97	8139	1774	14296	415	60	12017	198	24832	31	278	96	938	353
1656	Actinomyces viscosus	19	209	264	351	0	346	0	1227	17	882	93	0	1701	0	367	0	742	0	0	23	803	0	0	0	0	741	0	2227	45	0	179	0	531	0	411	0	1717	13	38	0	0	2401	0	0	80	136	0	163	0	975	0	477	274	1583	100	0	224	18	939	11	41	37	76	71
1659	Actinomyces israelii	0	574	580	46	0	617	0	283	22	361	244	0	450	0	53	33	282	0	12	0	74	10	80	40	0	364	0	813	126	0	153	0	472	35	230	22	727	0	28	0	0	518	0	74	126	111	0	126	0	974	0	206	97	1662	64	0	584	395	4280	0	141	43	215	0
1660	Schaalia odontolytica	40	15058	9181	2815	110	1607	78	25556	1036	11716	11196	99	32331	24	849	123	4446	0	56	913	2719	154	915	0	0	5738	24	9699	1213	84	1182	28	2666	23	4045	33	9117	93	1624	137	11	3372	0	38	1444	2385	97	429	243	11319	1699	2293	1470	3590	140581	162	1365	571	28342	13	7550	1527	3712	45
1661	Trueperella pyogenes	0	0	0	0	0	0	0	0	0	19	0	0	0	0	0	0	0	0	0	0	0	0	0	0	0	0	0	0	0	0	0	0	0	0	0	0	12	0	13	0	0	0	0	0	0	0	0	0	0	0	0	0	0	0	0	0	17	0	17	0	0	0	0	0
1680	Bifidobacterium adolescentis	0	76	88	21	0	50	20	4606	37	232	0	0	194	144	33	77	1788	0	0	0	0	0	0	0	0	0	0	12	0	0	42	0	0	0	17	0	19	0	270	0	0	13	0	0	0	59	80	6311	0	0	0	54	16	128	67	31	2457	0	266	0	636	0	0	0
1681	Bifidobacterium bifidum	0	0	0	0	0	0	0	33	0	0	0	0	0	67	0	59	0	0	0	0	0	0	0	0	0	0	0	0	0	0	0	0	0	0	0	0	0	0	68	0	0	0	0	0	0	0	255	0	0	0	0	0	25	0	0	0	0	0	0	0	0	0	0	0
1683	Bifidobacterium angulatum	0	10	0	0	0	0	0	0	0	0	0	0	0	0	0	0	0	0	0	0	0	0	0	0	0	0	0	0	0	0	0	0	0	0	0	0	0	0	0	0	0	0	0	0	0	0	0	0	0	0	0	0	0	0	0	0	0	0	0	0	0	0	0	0
1684	Bifidobacterium asteroides	0	0	0	0	0	0	0	0	0	0	0	0	0	0	0	0	0	29	28	0	0	0	0	0	0	0	0	0	0	0	0	0	0	0	0	0	0	0	0	0	0	0	0	0	0	0	0	0	0	0	0	0	0	0	0	0	0	0	0	0	0	0	0	0
1685	Bifidobacterium breve	0	56	0	0	0	50	0	49	0	40	0	0	0	0	0	0	51	0	0	0	0	0	0	0	0	0	0	0	12	0	0	0	0	0	0	0	0	0	151	0	0	0	0	0	0	0	0	23	0	0	0	0	0	0	0	0	101	0	0	0	0	0	41	0
1686	Bifidobacterium catenulatum	0	0	0	0	0	0	0	35	0	93	0	0	0	0	0	0	371	0	0	0	0	0	0	0	0	0	0	0	0	0	0	0	0	0	0	0	0	0	207	0	0	0	0	0	0	0	0	17	0	0	0	16	0	0	0	0	102	0	0	0	0	0	0	0
1689	Bifidobacterium dentium	0	11	52	0	0	111	95	18	0	0	0	0	0	0	0	0	34	0	0	0	0	70	0	0	0	0	0	0	0	0	0	0	0	0	0	0	26	0	0	0	0	0	0	0	10	31	0	11	0	0	0	0	0	15	67	0	30	0	10	0	0	0	0	0
1697	Corynebacterium ammoniagenes	35	0	0	0	0	0	0	15	0	0	0	0	0	0	0	11	0	0	0	0	0	12	0	0	0	0	0	0	0	0	0	0	0	0	0	0	26	0	0	0	0	11	0	17	10	0	0	0	0	0	0	0	0	10	0	0	0	0	0	0	0	0	0	0
1703	Brevibacterium linens	0	46	35	0	0	0	0	20	0	0	0	0	0	0	0	0	0	0	0	0	0	0	0	0	0	13	0	65	23	0	41	0	15	0	23	0	258	0	23	0	0	79	0	0	19	0	1177	0	0	0	0	0	0	0	0	0	0	0	0	0	0	0	0	0
1705	Corynebacterium stationis	0	23	17	0	0	20	0	33	0	0	0	0	0	0	0	0	34	0	0	0	0	10	0	0	0	0	0	20	0	0	0	0	14	0	0	0	116	0	0	0	0	41	0	11	16	0	0	10	0	0	0	0	26	48	0	18	1873	0	13	0	0	0	0	0
1708	Cellulomonas fimi	0	0	0	0	0	0	0	0	0	0	0	0	0	0	0	0	0	0	0	0	0	0	0	0	0	32	0	0	0	0	0	0	0	0	0	0	220	0	0	0	0	0	0	0	0	0	302	0	0	0	0	0	0	0	0	0	0	0	0	0	0	0	0	0
1710	Cellulosimicrobium cellulans	0	0	0	0	0	0	0	0	0	25	0	0	0	0	0	0	0	0	0	0	0	0	0	0	0	0	0	0	0	0	68	0	0	0	0	0	121	0	0	0	0	0	0	0	0	0	90	0	0	0	0	0	0	0	0	0	0	0	0	0	0	0	0	0
1711	Cellulomonas flavigena	0	0	0	0	0	0	0	0	0	0	0	0	0	0	0	0	0	0	0	0	0	0	0	0	0	0	0	0	0	0	0	0	0	0	0	0	0	0	0	0	0	0	0	0	0	0	55	0	0	0	0	0	0	0	0	0	0	0	0	0	0	0	0	0
1717	Corynebacterium diphtheriae	0	558	78	19	0	161	0	359	0	36	21	0	30	0	54	0	299	0	32	0	21	578	0	0	0	124	0	104	0	19	159	0	61	0	96	25	651	0	179	0	0	322	0	0	103	19	0	31	0	43	0	18	56	111	187	0	503	0	66	0	13	0	38	0
1718	Corynebacterium glutamicum	0	2317	0	0	0	162	0	245	0	98	0	0	0	0	0	0	0	0	0	0	0	0	0	0	0	0	0	607	0	0	0	0	0	0	0	0	159	0	0	0	0	151	0	0	0	195	0	0	0	0	0	0	269	372	0	0	0	0	161	0	0	0	0	0
1719	Corynebacterium pseudotuberculosis	0	33	0	0	0	0	0	0	0	0	0	0	0	0	0	0	0	0	0	0	0	0	0	0	0	0	0	0	0	0	0	0	0	0	0	0	10	0	0	0	0	0	0	0	0	0	0	0	0	0	0	0	0	0	0	0	17	0	0	0	0	0	0	0
1721	Corynebacterium callunae	0	0	0	0	0	0	0	0	0	12	0	0	0	0	0	0	0	0	0	0	0	0	0	0	0	44	0	37	0	0	11	0	10	0	0	0	14	0	0	0	0	19	0	0	0	0	0	0	0	0	0	0	0	0	0	0	10	0	0	0	0	0	0	0
1724	Corynebacterium renale	0	22	0	0	0	0	0	0	0	0	0	0	0	0	0	0	0	0	0	0	0	0	0	0	0	10	0	0	0	0	0	0	0	0	0	0	43	0	13	0	0	14	0	0	0	0	0	0	0	0	0	0	0	0	0	0	46	0	0	0	0	0	0	0
1725	Corynebacterium xerosis	0	56	0	0	0	0	0	32	0	11	0	0	0	0	0	0	22	0	0	0	0	13	0	0	0	16	0	20	0	0	0	0	0	0	27	0	46	0	18	0	0	37	0	0	20	0	0	0	0	0	0	0	0	28	0	0	11	0	14	0	0	0	0	0
1727	Corynebacterium variabile	0	25	25	0	0	0	0	0	0	0	0	0	0	0	0	0	0	0	0	0	0	0	0	0	0	60	0	0	0	0	0	0	0	0	10	0	0	0	31	0	0	46	0	0	25	0	0	0	0	0	27	12	0	11	0	0	0	0	0	0	0	0	13	0
1736	Eubacterium limosum	0	16	0	0	0	0	0	23	0	33	0	0	0	0	0	0	23	0	0	0	0	0	0	0	0	0	0	0	0	0	0	0	0	0	0	0	0	0	83	0	0	0	0	0	0	0	0	15	0	0	0	0	0	0	0	0	15	0	17	0	0	0	0	0
1744	Propionibacterium freudenreichii	143	245	503	124	0	40	0	48	0	176	0	13	253	0	23	33	736	0	0	103	214	33	34	0	21	585	0	147	2511	0	99	0	39	0	193	0	121	0	78	0	0	181	104	13	12	50	0	140	0	25	0	98	21	45	22	0	29	0	21	0	183	64	53	20
1747	Cutibacterium acnes	21653	900394	1791249	288316	46366	937079	6351	386247	25068	1076716	188039	54703	740559	24503	215953	40620	1193217	592	18225	199973	724198	64268	163679	4125	28119	781105	8864	3092135	69795	26827	1156178	8892	1274387	32442	1441335	134443	1206713	10538	428443	133561	12070	1962525	64108	18262	514050	461954	47174	522929	18415	332583	71626	362303	216851	545975	189911	9410	172888	11226	531667	17875	407835	265392	4706315	23204
1748	Acidipropionibacterium acidipropionici	0	17	56	0	0	30	0	0	0	15	0	0	34	0	16	0	47	0	0	0	0	0	35	0	0	34	0	64	0	0	34	0	28	0	40	27	22543	0	15	0	0	47	0	0	0	27	0	0	0	18	0	32	0	31	0	0	31	0	0	0	0	0	32	0
1749	Acidipropionibacterium jensenii	0	17	12	0	0	0	0	0	0	0	0	0	0	0	0	0	26	0	0	0	0	32	0	0	0	0	0	0	0	0	0	0	0	0	20	0	73	0	0	0	0	0	0	0	0	0	0	0	0	0	0	0	16	16	20	0	0	0	0	0	0	0	0	0
1750	Arachnia propionica	0	791	1040	121	113	17526	0	672	41	5327	285	16	960	0	381	22	1946	0	32	79	1389	0	0	0	13	1443	0	2472	90	15	529	0	1202	25	774	19	867	0	95	33	0	1165	0	0	231	129	0	130	15	1469	25	630	289	2813	116	0	4816	0	4859	0	366	330	249	14
1764	Mycobacterium avium	0	0	0	349	0	0	0	0	0	0	0	0	0	0	0	0	0	0	0	0	0	0	0	0	0	42	0	0	0	0	0	0	27	0	0	0	0	0	0	0	0	0	0	0	0	0	0	0	0	0	0	0	0	0	0	0	0	0	0	0	0	0	0	0
1766	Mycolicibacterium fortuitum	0	37	23	84	0	0	0	0	0	0	0	0	0	0	0	0	0	0	0	0	0	0	0	0	0	0	0	0	0	0	0	0	0	0	0	0	0	0	0	0	0	73	0	0	0	0	0	0	0	0	0	0	0	0	0	0	0	0	0	0	0	0	0	0
1767	Mycobacterium intracellulare	85	0	37	0	0	0	0	0	0	0	0	0	0	0	0	0	0	0	0	0	0	0	0	0	0	0	0	0	0	0	0	0	0	0	0	0	0	0	0	0	0	0	0	0	0	0	0	0	0	0	0	0	0	0	0	0	0	0	0	0	0	0	0	0
1771	Mycolicibacterium phlei	0	0	0	0	0	0	0	0	0	0	0	0	0	0	0	0	0	0	0	0	0	0	0	0	0	0	0	0	0	0	0	0	0	0	0	0	20	0	0	0	0	0	33	0	0	0	0	0	0	0	0	0	0	0	0	0	0	0	0	0	0	0	0	0
1772	Mycolicibacterium smegmatis	0	0	0	202	0	0	0	0	0	0	0	0	0	0	0	0	0	0	0	0	0	0	0	0	0	0	0	0	0	0	0	0	0	0	0	0	0	0	0	0	0	0	138	0	0	0	0	0	0	0	0	0	0	0	0	0	0	0	0	0	0	0	0	0
1774	Mycobacteroides chelonae	178	511	763	0	0	30	0	0	0	0	93	0	0	0	0	0	0	0	0	0	0	248	0	0	102	35138	0	5003	19	274	46886	50	21217	352	55603	16	7092	52	34862	0	41	10346	0	0	435	0	0	0	0	0	0	0	0	0	0	0	0	0	28	0	18	0	471	18
1784	Mycobacterium simiae	0	0	0	0	0	0	0	0	0	0	0	0	0	0	0	0	0	0	0	0	0	0	0	0	0	0	0	0	0	0	0	0	0	0	0	0	15	0	0	0	0	0	0	0	0	0	0	0	0	0	0	0	0	0	0	0	0	0	0	0	0	0	0	0
1791	Mycolicibacterium aurum	0	0	0	0	0	0	0	0	0	0	0	0	0	0	0	0	0	0	0	0	0	0	0	0	0	0	0	0	0	0	0	0	0	0	0	0	0	0	0	0	0	0	15	0	0	0	0	0	0	0	0	0	0	0	0	0	0	0	0	0	0	0	0	0
1794	Mycolicibacterium gadium	0	0	0	0	0	0	0	0	61	0	0	0	0	0	0	0	0	0	0	0	0	0	193	0	0	19	0	57	0	28	34	0	0	30	12	0	0	17	0	0	0	0	0	0	0	0	0	0	0	0	0	0	0	0	0	0	0	0	0	0	0	0	0	0
1795	Mycolicibacterium neoaurum	0	28	135	355	0	0	0	36	0	0	0	0	0	0	0	96	0	0	0	0	0	43	0	0	0	0	0	0	0	0	0	0	0	0	0	0	0	0	0	0	0	0	396	0	0	0	0	0	0	0	0	206	0	0	0	0	0	0	37	0	0	0	85	0
1800	Mycolicibacterium chubuense	0	0	0	347	0	0	0	0	0	0	0	0	0	0	0	0	0	0	0	0	0	0	0	0	0	0	0	0	0	0	0	0	0	0	0	0	0	0	0	0	0	0	302	0	0	0	0	0	0	0	0	0	0	0	0	0	0	0	0	0	0	0	0	0
1801	Mycolicibacterium diernhoferi	0	0	0	80	0	0	0	0	0	0	0	0	0	0	0	0	0	0	0	0	0	0	0	0	0	0	0	0	0	0	0	0	0	0	0	0	0	0	0	0	0	0	85	0	0	0	0	0	0	0	0	0	0	0	0	0	0	0	0	0	0	0	0	0
1804	Mycolicibacterium gilvum	0	0	0	4012	0	0	0	0	0	0	0	0	0	0	0	0	0	0	508	0	0	0	0	0	0	0	0	0	0	0	0	0	19	0	0	0	89	0	0	0	0	18	9111	0	0	0	0	0	0	0	0	0	0	0	0	0	0	0	0	0	0	0	0	0
1810	Mycolicibacterium vaccae	0	0	0	0	0	0	0	0	0	0	0	0	0	0	0	0	0	0	0	0	0	0	0	0	0	0	0	0	0	0	0	0	0	0	0	0	0	0	0	0	0	0	46	0	0	0	0	0	0	0	0	0	0	0	0	0	0	0	0	0	0	0	0	0
1814	Amycolatopsis methanolica	0	0	0	0	0	0	0	0	0	0	0	0	0	0	0	0	0	0	0	0	0	0	0	0	0	0	0	0	0	0	0	0	0	0	0	0	55	0	0	0	0	0	0	0	0	0	0	0	0	0	0	0	0	0	0	0	0	0	0	0	0	0	0	0
1824	Nocardia asteroides	0	0	0	0	0	0	0	0	0	0	0	0	0	0	29	0	0	0	0	0	0	0	0	0	0	0	0	0	0	0	0	0	0	0	0	0	27	0	0	0	0	0	0	0	0	0	0	0	0	0	0	0	0	0	0	0	0	0	0	0	0	0	0	0
1828	Rhodococcus fascians	0	0	86	0	14	0	0	0	16	0	0	0	0	0	35	0	0	0	0	0	0	13	0	0	0	154	0	18	0	0	24	0	46	49	18	0	16	0	45	0	0	17	0	0	14	0	0	128	0	0	33	0	80	57	0	0	0	0	59	0	0	40	0	0
1829	Rhodococcus rhodochrous	0	0	0	0	0	0	0	0	0	0	0	0	0	0	0	0	0	0	0	0	0	0	0	0	0	0	0	0	0	0	0	0	0	0	64	0	0	0	0	0	0	0	0	0	0	0	0	0	0	0	0	0	0	0	0	0	0	0	0	0	0	55	0	0
1830	Rhodococcus ruber	1778	220	1142	0	330	387	0	472	2307	233	0	0	0	0	0	0	186	0	0	0	0	265	0	288	0	0	0	0	0	0	0	0	0	0	0	0	0	0	0	0	0	0	284	212	477	0	0	0	0	0	0	0	0	0	0	0	0	0	0	0	135	48322	269	1205
1833	Rhodococcus erythropolis	0	0	0	0	0	0	0	0	0	0	0	0	0	0	0	0	0	0	0	0	0	0	0	0	0	59	0	0	0	0	0	0	0	0	0	0	0	0	0	0	0	0	0	0	0	0	0	0	0	0	0	0	0	0	0	0	0	0	0	0	0	505	0	0
1836	Saccharopolyspora erythraea	0	0	0	0	0	0	0	0	0	0	0	0	0	0	30	0	0	0	0	0	0	0	0	0	0	0	0	0	0	0	0	0	0	0	0	0	31	0	0	0	0	0	0	0	0	0	35	0	0	0	0	0	0	0	0	0	0	0	0	0	0	0	0	0
1858	Frankia sp. ArI3	0	0	0	0	0	0	0	0	0	0	0	0	0	0	0	0	0	0	0	0	0	0	0	0	0	0	0	0	0	0	0	0	0	0	0	0	22	0	0	0	0	0	0	0	0	0	0	0	0	0	0	0	0	0	0	0	0	0	0	0	0	0	0	0
1861	Geodermatophilus obscurus	0	0	69	41	0	0	0	0	0	0	0	0	0	0	0	0	0	0	0	0	0	0	0	0	0	0	0	0	0	0	0	0	0	0	0	0	5063	0	0	0	0	0	173	0	0	0	0	670	0	0	0	0	0	0	0	0	0	0	0	0	0	0	31	0
1866	Actinoplanes missouriensis	0	0	0	0	0	0	0	0	0	0	0	0	0	0	0	0	0	0	0	0	0	0	0	0	0	0	0	0	0	0	0	0	0	0	0	0	48	0	0	0	0	0	0	0	0	0	778	0	0	0	0	0	0	0	0	0	0	0	0	0	0	0	0	0
1867	Actinoplanes teichomyceticus	0	0	0	0	0	0	0	0	0	0	0	0	0	0	0	0	0	0	0	0	0	0	0	0	0	0	0	0	0	0	0	0	0	0	0	0	0	0	0	0	0	0	0	0	0	0	1246	0	0	0	0	0	0	0	0	0	0	0	0	0	0	0	0	0
1885	Streptomyces actuosus	0	0	0	0	0	0	0	0	0	0	0	0	0	0	0	0	0	0	0	0	0	0	0	0	0	0	0	0	0	0	0	0	0	0	0	0	196	0	0	0	0	0	0	0	0	0	0	0	0	0	0	0	0	0	0	0	0	0	0	0	0	0	0	0
1971	Streptomyces noursei	0	0	0	0	0	0	0	0	0	0	0	0	0	0	0	0	0	0	0	0	0	0	0	0	0	0	0	0	0	0	0	0	0	0	0	0	1308	0	0	0	0	0	0	0	0	0	0	0	0	0	0	0	0	0	0	0	0	0	0	0	0	0	0	0
1993	Actinomadura madurae	0	0	0	0	0	0	0	0	0	0	0	0	0	0	0	0	0	0	0	0	0	0	0	0	0	0	0	0	0	0	0	0	0	0	0	0	59	0	0	0	0	0	0	0	0	0	0	0	0	0	0	0	0	0	0	0	0	0	0	0	0	0	0	0
2014	Nocardiopsis dassonvillei	0	0	0	0	0	0	0	0	0	0	0	0	0	0	0	0	0	0	0	0	0	0	0	0	0	0	0	0	0	0	0	0	0	0	0	0	0	0	0	0	0	0	0	0	0	0	0	0	0	0	0	0	0	0	0	0	0	0	0	0	0	0	44	0
2021	Thermobifida fusca	0	0	0	0	0	0	0	0	0	0	0	0	0	0	0	0	0	0	0	0	0	0	0	0	0	0	0	0	0	0	0	0	0	0	0	0	0	0	0	0	0	0	0	0	0	0	0	16	0	0	0	0	15	0	0	0	0	0	0	0	0	0	0	0
2026	Thermoactinomyces vulgaris	0	46	0	0	0	0	0	0	0	0	0	0	0	0	0	0	0	0	0	0	0	0	0	0	0	0	0	0	0	0	0	0	0	0	0	0	0	0	0	0	0	0	0	0	0	0	0	0	0	0	0	0	42	0	0	0	0	0	0	0	0	0	0	0
2033	Microbacterium testaceum	0	180	18	877	0	23	0	35	0	107	0	0	16	0	34	0	922	0	0	0	0	0	0	0	0	17326	0	0	0	0	0	0	0	0	34	0	302	0	76	0	0	14	2114	0	0	0	0	43	0	68	0	0	42	0	0	0	0	0	0	0	0	16	0	0
2035	Curtobacterium flaccumfaciens	0	0	161	0	0	0	0	0	0	0	0	0	0	0	0	0	174	0	0	0	0	0	0	0	0	144	0	0	0	0	0	0	0	0	0	0	2614	0	0	0	0	0	0	0	100	0	0	0	0	0	0	0	0	0	0	0	0	0	0	0	0	0	0	0
2036	Curtobacterium citreum	0	0	0	51	0	0	0	0	0	0	0	0	0	0	0	0	0	0	0	0	0	0	0	0	0	0	0	0	0	0	0	0	0	0	0	0	0	0	0	0	0	0	0	0	0	0	0	0	0	0	0	0	0	0	0	0	0	0	0	0	0	0	0	0
2039	Tropheryma whipplei	0	0	0	0	0	0	0	0	0	0	0	0	0	0	0	0	0	0	0	0	0	0	0	0	0	0	0	0	0	0	0	0	0	0	0	0	10	0	0	0	0	0	0	0	0	0	0	0	0	0	0	0	0	0	0	0	0	0	0	0	0	0	0	0
2041	Aeromicrobium erythreum	0	0	0	0	0	0	0	0	0	0	0	0	0	0	0	0	0	0	0	0	0	0	0	0	0	0	0	0	0	0	0	0	0	0	0	0	46	0	0	0	0	0	0	0	0	0	280	0	0	0	0	0	0	0	0	0	0	0	0	0	0	0	0	0
2045	Pimelobacter simplex	0	78	0	0	0	0	0	0	0	0	0	0	0	0	0	0	0	0	0	0	0	0	0	0	0	0	0	0	0	0	0	0	0	0	0	0	826	0	0	0	0	0	0	0	0	0	1175	0	0	0	0	0	0	0	0	0	0	0	0	0	0	0	0	0
2047	Rothia dentocariosa	961	596	3240	396	107	1013	213	30411	337	2186	380	124	1705	164	447	135	1992	0	68	102	1232	127	22	75	19	13392	24	7500	278	62	2348	15	3399	68	5249	663	21607	14	962	108	35	4999	16	117	675	208	32	2449	138	2078	151	3433	1276	3715	126	31	1320	1104	3301	252	125	316	214	213
2051	Mobiluncus curtisii	0	17	0	0	0	0	0	77	0	0	0	0	0	0	0	0	0	0	0	0	0	13	0	0	0	0	0	16	0	0	0	0	19	0	13	0	20	0	50	0	0	36	0	0	14	0	0	0	0	0	0	0	15	0	0	0	107	0	0	0	0	0	0	0
2054	Gordonia bronchialis	0	34	20	0	0	0	0	13	0	0	0	0	0	0	0	0	0	0	0	0	0	0	0	0	0	16	0	0	0	0	0	0	0	0	0	0	0	0	0	0	0	12	0	0	16	0	0	0	0	0	0	0	22	30	0	0	0	0	0	0	0	0	0	0
2055	Gordonia terrae	0	0	0	0	0	0	0	0	0	0	0	0	0	0	0	0	0	0	0	0	0	0	0	0	0	660	0	0	0	0	0	0	0	0	0	0	0	0	16	0	0	0	0	0	0	0	0	0	0	0	0	0	0	0	0	0	0	0	0	0	0	0	18	0
2061	Tsukamurella paurometabola	0	0	0	0	0	0	0	0	0	0	0	0	0	22	11	0	0	0	0	0	0	0	0	0	0	0	0	0	0	0	0	0	0	0	0	0	19	0	0	0	0	0	0	0	0	0	0	0	0	0	0	0	0	0	0	0	0	0	0	0	0	0	0	0
2074	Pseudonocardia autotrophica	0	0	33	0	0	0	0	0	0	0	0	0	0	0	0	0	0	0	0	0	0	0	0	0	16	52	0	0	0	0	13	0	0	31	17	0	28	0	39	0	0	0	0	0	0	0	31	0	0	0	47	0	0	0	0	0	0	0	0	0	0	0	0	0
2098	Metamycoplasma hominis	0	0	0	0	0	0	0	25	0	0	0	0	0	0	0	0	0	0	0	0	0	28	0	0	0	0	0	0	0	0	0	0	0	0	0	0	0	0	0	0	0	0	0	0	0	0	0	0	0	0	0	0	0	0	0	0	0	0	0	0	0	0	0	0
2112	Mycoplasmopsis bovigenitalium	0	0	0	0	0	0	0	0	0	0	0	0	0	0	0	0	0	0	0	0	0	0	0	0	0	0	0	0	0	0	0	0	0	0	0	0	0	0	0	0	0	0	0	0	0	0	0	0	0	0	0	0	0	0	29	0	0	0	0	0	0	0	0	0
2124	Metamycoplasma salivarium	0	0	34	0	0	109	0	11	17	134	10	0	11	0	0	0	73	0	0	0	0	0	0	0	0	61	0	29	0	0	12	0	19	0	28	0	0	0	30	0	0	19	0	0	0	0	0	0	0	10	0	26	0	24	0	0	0	0	58	0	0	0	0	0
2130	Ureaplasma urealyticum	0	0	0	0	0	0	0	0	0	0	0	0	0	0	0	0	0	0	0	0	0	0	0	0	0	0	0	0	0	0	0	0	0	0	0	0	0	0	0	0	0	0	0	0	0	0	0	0	0	0	0	33	0	0	0	0	0	0	0	0	0	0	0	0
2137	Spiroplasma apis	0	0	0	0	0	0	0	0	0	0	0	0	0	0	0	0	0	0	0	0	0	0	0	0	0	0	0	0	0	0	0	0	0	0	33	0	0	0	0	0	0	0	0	0	0	0	0	0	0	0	0	0	0	0	0	0	0	0	0	0	0	0	0	0
2173	Methanobrevibacter smithii	0	0	0	0	565	21247	0	185	0	17	0	0	253	0	19	0	152	0	0	0	403	89	0	0	0	0	0	25	0	0	228	0	0	0	167	0	118	0	66	0	0	89	0	0	0	59	0	163	0	43	0	0	29	73	590	309	4579	0	0	0	0	0	0	0
2293	Desulfobacter postgatei	0	0	0	0	0	0	0	0	0	0	0	0	0	0	0	0	0	0	0	0	0	0	0	0	0	0	0	0	0	0	0	0	0	0	0	0	0	0	54	0	0	0	0	0	0	0	0	0	0	0	0	0	0	0	0	0	0	0	0	0	0	0	0	0
2317	Methanosphaera stadtmanae	0	0	0	0	125	6744	0	107	0	0	0	0	0	0	0	0	11	0	0	10	42	0	0	0	0	0	0	0	0	0	0	0	0	0	0	0	0	0	0	0	0	0	0	0	0	72	0	50	0	0	0	29	0	20	0	33	249	0	0	0	0	0	0	0
2350	Haliscomenobacter hydrossis	0	0	0	0	0	0	0	0	104	35	0	0	0	0	0	0	0	0	0	0	0	0	0	0	0	0	0	0	0	0	0	0	0	0	0	0	0	0	0	0	0	0	0	0	0	0	0	0	0	0	0	0	0	0	0	0	0	0	0	0	0	0	0	0
2702	Gardnerella vaginalis	21	110	410	0	98	0	0	406	290	39	75	18	0	0	35	537	470	0	0	0	0	346	0	20	0	36	37	232	40	11	34	103	46	33	403	0	52	207	163	195	0	62	0	111	127	0	326	39	0	0	49	0	50	27	99	12	37	26	48	20	0	37	45	0
2718	Cardiobacterium hominis	0	412	330	56	26	833	0	530	40	5531	72	20	1610	0	309	24	2746	0	26	0	743	0	0	0	0	543	0	841	40	0	347	0	3607	0	649	0	1214	0	56	15	0	669	0	0	138	147	0	127	19	895	0	376	139	1360	344	0	1497	0	879	0	134	47	125	38
2738	Vagococcus fluvialis	0	0	0	0	0	0	0	0	0	0	0	0	49	0	0	0	0	0	0	0	0	0	0	0	0	0	0	0	0	0	0	0	0	0	12	0	17	0	0	0	0	0	0	0	0	0	0	0	0	0	0	0	25	15	0	0	0	0	0	0	0	0	0	0
2748	Carnobacterium divergens	0	0	26	0	0	0	0	0	0	0	0	0	39	0	0	0	0	0	0	0	0	0	0	0	0	0	0	0	21	0	0	0	0	0	75	0	13	0	0	0	0	0	0	0	0	0	0	0	0	43	0	13	0	0	0	0	0	0	0	0	0	0	0	0
2751	Carnobacterium maltaromaticum	0	0	10	0	0	0	0	0	98	12	0	0	12	0	0	0	0	0	0	0	0	0	0	0	0	0	0	0	18	0	0	0	0	0	0	0	0	0	0	0	0	0	0	0	0	0	0	0	0	0	0	0	0	0	20	0	0	0	0	0	0	0	104	0
2756	Brochothrix thermosphacta	0	0	28	10	0	0	0	14	11	27	0	0	21	0	0	0	52	0	0	0	0	0	0	0	0	30	0	0	0	0	38	0	0	12	14	0	0	0	0	0	0	45	0	0	11	0	0	0	0	0	0	0	12	62	0	0	13	0	0	0	0	0	162	0
4896	Schizosaccharomyces pombe	0	0	0	0	2486	2305	0	0	655	404	0	0	0	0	0	0	0	108	182	0	0	0	0	0	0	0	0	0	0	0	0	0	0	0	0	0	0	0	0	0	0	0	0	0	0	0	0	0	0	0	0	0	0	0	0	0	0	0	0	0	0	0	0	0
4909	Pichia kudriavzevii	0	0	0	0	0	0	0	0	0	0	0	0	0	0	0	0	0	8229	7273	0	0	0	0	0	0	0	0	0	0	0	0	0	0	0	21	0	18	0	0	0	0	399	0	0	0	0	0	0	0	0	0	0	0	0	0	0	0	0	10	0	0	0	0	0
4911	Kluyveromyces marxianus	0	0	0	0	0	0	0	0	0	0	0	0	0	0	0	0	0	816	590	0	0	0	0	0	0	0	0	0	0	0	0	0	0	0	0	0	0	0	0	0	0	0	0	0	0	0	0	0	0	0	0	0	0	0	0	0	0	0	0	0	0	0	0	0
4924	Scheffersomyces stipitis	0	0	0	0	0	0	0	0	0	18	0	0	0	0	0	0	0	181	169	0	0	0	0	0	0	38	0	0	0	0	0	0	0	0	14	0	13	0	0	0	0	50	0	0	0	0	0	0	0	0	0	22	0	0	0	0	0	0	0	0	0	0	0	0
4932	Saccharomyces cerevisiae	0	17	129	195	0	0	0	359	0	37	0	0	213	0	31	0	63	3605	3552	0	0	0	0	0	0	16	0	1152	118	0	39	0	263	0	226	0	765	0	0	0	0	538	0	0	21	0	0	64	0	55	366	15	12	0	0	0	41	0	0	0	0	0	0	0
4950	Torulaspora delbrueckii	0	0	0	0	0	0	0	0	0	0	0	0	0	0	0	0	0	174	185	0	0	0	0	0	0	0	0	0	0	0	0	0	0	0	0	0	0	0	0	0	0	0	0	0	0	0	0	0	0	0	0	0	0	0	0	0	0	0	0	0	0	0	0	0
4952	Yarrowia lipolytica	535	431	904	54	47	53	0	0	0	12	92	33	21	0	0	0	0	314	351	0	0	442	0	98	0	0	0	0	156	0	0	0	0	0	0	0	0	0	0	367	0	83	112	1149	838	0	0	0	0	0	0	0	0	0	36	0	0	0	0	257	35	201	475	548
4956	Zygosaccharomyces rouxii	0	0	0	0	0	0	0	0	0	0	0	0	0	0	0	0	0	160	83	0	0	0	0	0	0	172	0	33	0	0	14	0	118	0	235	0	43	0	0	0	0	90	0	0	0	0	0	0	0	0	0	0	0	0	0	0	0	0	0	0	0	0	0	0
4959	Debaryomyces hansenii	0	37	34	35	25	125	0	250	121	2007	0	65	444	0	28	0	12	103	113	97	700	0	0	0	35	5296	0	712	149	0	252	0	610	11	1703	26	1681	0	182	0	25	2260	0	0	0	18	0	138	23	303	325	3885	58	323	0	13	115	0	102	0	0	0	0	0
5007	Brettanomyces bruxellensis	0	0	0	0	0	0	0	0	0	0	0	0	0	0	0	0	0	278	216	0	0	0	0	0	0	0	0	0	0	0	0	0	0	0	0	0	0	0	0	0	0	32	0	0	0	0	0	0	0	0	0	0	0	0	0	0	0	0	0	0	0	0	0	0
5059	Aspergillus flavus	0	0	126	1321	0	0	0	0	2720	1437	0	0	0	0	0	0	0	1052	991	0	0	0	0	0	0	0	0	0	0	0	0	0	0	0	0	0	0	0	0	0	0	0	2476	0	0	0	0	0	0	0	0	0	0	0	0	0	0	0	0	0	0	0	0	0
5062	Aspergillus oryzae	0	0	75	66377	3291	2125	0	531	24434	14131	0	225	10833	0	0	0	45	9010	10769	0	0	0	0	0	0	389	0	1355	542	0	71	0	366	0	1134	0	0	0	0	0	0	1512	118905	0	0	0	0	0	0	0	171	0	0	99	0	0	0	0	0	0	0	0	0	0
5127	Fusarium fujikuroi	0	0	0	147	0	0	0	30	0	0	0	0	0	0	11	0	49	689	759	0	10	0	0	0	0	0	0	0	0	0	0	0	0	0	0	0	0	0	0	0	0	163	127	0	0	0	0	12	0	0	0	0	38	33	0	0	0	0	0	0	0	0	0	0
5141	Neurospora crassa	0	0	0	358	405	191	0	0	23	14	0	0	131	0	0	0	0	8668	10162	0	0	0	0	0	0	0	0	45	0	0	0	0	0	0	0	0	0	0	0	0	0	1976	654	0	0	0	0	0	0	0	0	0	0	0	0	0	0	0	0	0	0	0	0	0
5207	Cryptococcus neoformans	0	0	0	0	197	330	83	0	0	0	0	0	0	0	0	0	0	256	218	0	0	0	0	0	0	0	0	20	0	0	0	0	26	0	0	0	33	0	0	0	0	46	27	0	65	0	0	78	0	0	13	0	0	0	0	0	0	0	0	0	0	0	0	11
5270	Ustilago maydis	0	0	0	15	596	389	0	20	0	0	0	10	10	0	0	0	0	153	157	0	0	16	0	0	0	0	0	27	0	0	0	0	44	0	21	0	0	0	0	0	0	27	22	0	0	0	0	0	0	0	0	0	0	0	0	0	0	0	0	0	0	0	0	0
5454	Ascochyta rabiei	0	0	83	494	427	307	0	245	616	487	0	0	121	0	172	0	0	159463	190843	0	0	0	0	0	0	25	0	29	89	0	0	0	42	0	28	0	142	0	12	0	0	29267	988	0	106	0	59	0	0	0	0	0	0	41	0	0	11	0	52	0	85	0	0	0
5476	Candida albicans	0	0	0	0	0	0	0	0	0	0	0	0	0	0	0	0	0	0	0	0	0	0	0	0	0	25	0	11	0	0	0	0	0	0	19	0	24	0	45	0	0	16	0	0	0	0	48	1913	0	0	0	0	0	16	0	0	0	0	0	0	0	0	0	0
5478	Nakaseomyces glabratus	0	0	0	0	0	0	0	0	0	0	0	0	0	0	0	0	0	35	61	0	0	0	0	0	0	0	0	0	0	0	0	0	0	0	13	0	0	0	0	0	0	0	0	0	0	0	0	0	0	0	0	0	0	0	0	0	0	0	0	0	0	0	0	0
5499	Fulvia fulva	0	0	0	234	474	276	0	0	0	0	0	0	0	0	81	0	0	29737	34452	0	0	0	0	0	0	0	0	0	0	0	0	0	36	0	0	0	41	0	0	0	0	6907	319	0	0	0	0	0	0	0	0	0	0	0	0	0	0	0	0	0	0	0	0	0
5507	Fusarium oxysporum	0	71	987	73708	560	2386	111	5625	76	855	0	108	2394	72	1180	348	18894	4204	5177	3811	3387	0	0	0	0	219	0	268	0	0	564	0	231	0	327	0	262	0	41	0	0	1483	100395	0	124	0	0	31	23	456	57	581	49	314	0	0	28	0	72	0	0	60	1504	0
5518	Fusarium graminearum	0	0	49	343	0	0	0	0	0	0	0	0	0	0	0	0	0	4414	4896	0	0	0	0	0	0	0	0	0	0	0	0	0	0	0	0	0	0	0	0	0	0	1274	528	0	0	0	0	0	0	0	0	0	0	0	0	0	0	0	0	0	0	0	0	0
13076	Globicatella sanguinis	0	98	17	0	0	0	0	25	0	0	0	0	0	0	0	0	0	0	0	0	0	69	0	0	0	0	0	20	0	0	14	0	0	0	0	0	30	0	40	0	0	13	0	0	0	0	0	0	0	0	0	0	0	0	16	0	33	0	0	0	0	0	0	0
13160	Brevundimonas bullata	0	0	0	0	59	0	0	0	0	0	0	0	0	0	0	0	0	0	0	0	0	0	101	0	24	41	0	21	51	30	155	183	71	61	0	62	0	0	0	0	30	31	0	0	0	0	0	0	0	0	92	339	0	0	0	25	0	0	0	0	0	0	0	0
13502	Brettanomyces nanus	0	0	0	77	0	0	0	0	0	0	0	0	0	0	0	0	0	0	209	0	0	0	0	0	0	0	0	0	0	0	0	0	0	0	0	0	0	0	0	0	0	0	89	0	0	0	0	0	0	0	0	0	0	0	0	0	0	0	0	0	0	0	0	0
13688	Novosphingobium capsulatum	0	0	19	0	0	0	0	68	0	28	0	0	0	96	32	0	0	0	0	0	0	0	0	0	0	0	0	0	0	0	0	0	0	0	0	0	118	0	0	0	0	0	0	0	0	0	0	0	0	0	0	0	0	0	0	0	0	0	0	0	0	0	0	0
13689	Sphingomonas paucimobilis	60	1841	5705	515	79	109	43	382	84	2767	75	24	52	135	500	72	60	0	0	32	292	0	30	13	40	749	36	95	578	36	85	43	321	116	332	49	5424	32	111	0	30	88	498	0	139	260	877	203	27	1433	50	799	80	150	0	25	0	27	229	0	0	0	736	0
13690	Sphingobium yanoikuyae	190	1239	1241	56	197	154	91	433	276	619	0	349	152	0	199	902	74	0	0	144	89	235	252	0	91	509	165	347	35	163	267	535	583	431	233	135	5473	217	200	76	233	735	60	0	211	104	1615	141	159	176	337	2254	130	300	0	233	0	239	205	0	2298	105	157	228
27288	Naumovozyma castellii	0	0	0	0	0	0	0	0	0	0	0	0	0	0	0	0	0	0	88	0	0	0	0	0	0	0	0	0	0	0	0	0	0	0	0	0	0	0	0	0	0	0	0	0	0	0	0	0	0	0	0	0	0	0	0	0	0	0	0	0	0	0	0	0
27289	Naumovozyma dairenensis	0	0	0	64	0	0	0	0	0	0	0	0	0	0	0	0	0	0	0	0	0	0	0	0	0	0	0	0	0	0	0	0	0	0	0	0	0	0	0	0	0	0	130	0	0	0	0	0	0	0	0	0	0	0	0	0	0	0	0	0	0	0	0	0
27291	Saccharomyces paradoxus	0	0	0	0	0	0	0	0	0	0	0	0	0	0	0	0	0	0	15	0	0	0	0	0	0	0	0	0	0	0	0	0	0	0	0	0	0	0	0	0	0	0	0	0	0	0	0	0	0	0	0	0	0	0	0	0	0	0	0	0	0	0	0	0
27350	Puccinia striiformis	0	0	0	111	18997	12808	0	541	0	0	0	329	0	0	0	0	0	236	265	0	0	0	0	0	0	0	0	723	0	0	0	0	783	0	351	0	0	0	0	0	0	13	354	0	0	0	0	0	0	0	0	0	0	0	0	0	0	0	0	0	0	0	0	0
28026	Bifidobacterium pseudocatenulatum	0	25	0	0	0	94	0	81	0	99	0	0	0	71	0	0	355	0	0	0	0	0	15	0	0	0	0	0	0	0	0	0	0	0	0	0	0	0	71	0	0	0	0	0	0	26	0	67	0	0	0	164	138	36	0	0	987	0	67	20	0	0	0	0
28028	Corynebacterium flavescens	0	28	11	0	0	0	0	11	0	0	0	0	0	0	0	0	0	0	0	0	0	0	0	0	0	0	0	0	0	0	0	0	0	0	0	0	18	0	10	0	0	11	0	0	15	0	0	0	0	0	0	0	0	13	0	0	41	0	0	0	0	0	0	0
28031	Lysinibacillus fusiformis	0	0	34	0	0	0	0	0	0	0	0	0	0	0	0	0	0	0	0	0	0	0	0	0	0	0	0	0	250	0	0	0	0	0	0	0	0	0	0	0	0	0	0	0	0	0	0	0	0	0	0	0	0	74	0	0	0	0	0	0	0	0	0	0
28035	Staphylococcus lugdunensis	23	1829	1729	232	20548	80160	224	10388	85	4056	373	15	585	67	1062	545	19710	0	42	138	2689	69	2960	0	423	22248	0	1716	93	25	2960	0	2049	23	1011	160	9652	10	1178	51	19	3173	39	0	401	4411	913	7122	585	12995	10	1382	521	5459	1116	10696	499971	0	2796	4335	3082	0	2050	11
28037	Streptococcus mitis	12141	21927	52929	4555	13111	17227	107	17409	868	13336	60882	870	64448	103	2633	959	16224	0	287	460	3787	408	460	231	107	15734	142	42701	43685	163	8334	130	31790	914	71050	436	17555	543	3405	1151	167	19837	119	176	6318	2503	330	2828	1531	29342	1236	15914	1767	7654	2889	163	5911	397	12028	716	12778	580	38112	319
28038	Latilactobacillus curvatus	0	62	848	0	17	107	0	84	14	199	0	0	830	0	63	20	394	0	0	0	0	0	0	0	0	37	0	127	345	0	131	0	129	0	237	23	3381	0	61	0	20	307	0	0	20	0	0	31	0	92	21	568	20	81	0	0	26	0	0	0	0	0	86	0
28047	Mycolicibacterium confluentis	0	0	0	0	0	0	0	0	0	0	0	0	0	0	0	0	0	0	0	0	0	0	0	0	0	0	0	0	0	0	0	0	0	0	0	0	0	0	0	0	0	0	16	0	0	0	0	0	0	0	0	0	0	0	0	0	0	0	0	0	0	0	0	0
28090	Acinetobacter lwoffii	0	34	198	0	60	37	32	234	191	115	0	52	26	0	0	502	167	0	0	0	50	127	0	0	397	258	0	388	28	43	138	257	361	118	972	157	582	79	276	37	79	293	0	106	34	57	0	302	758	26	164	392	166	142	0	0	77	62	96	0	0	211	83	27
28091	Neisseria weaveri	0	0	0	0	0	0	0	0	0	0	0	0	0	0	0	0	0	0	0	0	32	0	0	0	0	0	0	0	0	0	0	0	0	0	0	0	0	0	0	0	0	0	0	0	0	0	0	0	0	0	0	0	0	0	18	0	0	0	37	0	0	0	0	0
28095	Burkholderia gladioli	0	0	0	0	0	0	0	0	0	0	0	0	0	62	23	0	0	0	0	0	0	0	0	0	0	0	0	0	0	0	0	0	0	0	0	0	0	0	0	0	0	0	0	0	0	0	0	0	0	0	0	0	0	0	0	0	0	0	0	0	0	0	0	0
28099	Agrobacterium rubi	0	0	0	44	0	0	0	0	0	0	0	0	0	0	0	0	0	0	0	0	0	0	0	0	0	0	0	0	0	0	0	0	0	0	0	0	0	0	0	0	0	0	0	0	0	0	0	0	0	0	0	0	0	0	0	0	0	0	0	0	0	0	0	0
28111	Bacteroides eggerthii	0	58	59	0	50	338	0	1654	0	201	20	0	0	0	0	16	175	0	0	0	0	20	0	0	0	0	0	0	0	0	0	0	0	0	19	0	0	0	203	0	0	0	0	0	22	0	0	72	0	0	0	0	21	78	259	33	266	0	43	0	118	0	0	0
28112	Tannerella forsythia	53	77	139	24	0	163	0	119	108	329	38	0	205	0	30	0	104	22	0	0	108	0	0	0	0	333	0	142	58	0	68	0	111	0	95	0	57	0	20	0	0	74	0	0	20	0	0	25	0	102	0	55	39	122	14	0	32	0	543	0	19	0	11	0
28113	Bacteroides heparinolyticus	0	0	31	0	0	0	0	13	0	53	0	0	0	0	0	0	0	0	0	0	0	0	0	0	0	0	0	0	0	0	0	0	28	0	0	0	0	0	40	0	0	13	0	0	0	0	0	0	0	0	0	0	0	0	0	0	0	0	0	0	0	0	0	0
28116	Bacteroides ovatus	0	1579	174	0	0	341	0	5100	143	4392	0	0	46	0	69	100	2060	0	0	0	0	74	0	0	0	0	0	66	0	0	136	0	105	0	351	0	0	176	27029	0	0	46	0	0	73	0	2036	4636	0	40	160	148	141	442	391	283	1172	0	296	0	546	0	0	0
28118	Odoribacter splanchnicus	0	78	15	0	0	22	0	556	70	3048	0	0	0	0	0	24	506	0	0	0	0	0	0	0	0	33	0	65	0	0	52	0	18	0	58	0	20	23	6144	0	0	48	0	0	23	0	0	477	0	0	0	22	13	76	48	31	226	0	40	0	49	0	0	0
28119	Bacteroides zoogleoformans	0	0	0	0	0	0	0	0	0	0	0	0	0	0	0	0	0	0	0	0	0	0	0	0	0	0	0	0	0	0	0	0	0	0	0	0	33	0	13	0	0	0	0	0	0	0	0	0	0	0	0	0	0	0	0	0	0	0	0	0	0	0	0	0
28123	Porphyromonas asaccharolytica	0	82	232	0	0	26	0	2468	0	124	23	0	16	0	22	21	300	0	0	0	39	28	0	0	0	71	0	177	0	0	138	0	129	0	167	0	204	0	620	0	0	423	0	0	28	16	0	568	0	12	37	54	82	133	63	39	835	0	61	0	112	0	11	0
28124	Porphyromonas endodontalis	810	38	248	0	0	183	19	120	63	602	138	0	120	0	39	12	351	0	0	21	204	0	0	0	0	54	0	314	0	0	160	24	357	0	249	0	146	0	15	13	0	275	0	0	52	71	0	110	17	231	0	84	67	174	25	0	27	0	382	0	12	21	15	0
28125	Prevotella bivia	0	25	262	19	51	71	0	349	58	101	44	0	24	0	20	54	134	0	0	0	21	12	0	0	0	295	18	2644	19	16	1789	10	1165	29	1334	17	587	137	31972	0	0	1250	0	0	22	26	0	63	0	38	0	44	27	179	11	33	543	0	27	0	14	0	15	0
28127	Hoylesella buccalis	25	206	1371	29	55	107	0	2681	76	112	105	12	51	0	55	165	358	0	0	0	73	97	0	0	0	147	35	991	49	13	1107	0	744	14	714	23	728	13	3966	30	0	972	0	39	105	23	13	767	0	148	23	134	409	451	108	255	6076	0	200	0	120	15	22	19
28128	Prevotella corporis	20	194	1083	0	0	52	26	5911	21	166	53	0	46	0	79	53	503	0	0	0	55	20	0	0	0	41	0	496	30	0	325	0	340	0	347	0	269	0	2294	16	0	482	0	0	75	28	21	1407	0	43	37	161	95	331	69	134	1802	0	109	0	218	0	30	0
28129	Prevotella denticola	28	1176	436	26	0	238	61	143	34	166	194	0	75	0	26	0	86	0	0	35	42	0	0	0	0	142	0	407	31	0	103	15	324	0	175	0	431	40	116	0	0	226	0	31	202	77	0	28	0	119	0	71	52	130	42	12	139	0	398	0	52	0	48	0
28131	Prevotella intermedia	24	196	521	67	41	402	81	951	162	4983	206	51	405	0	204	164	3006	0	36	69	322	20	23	0	60	1496	0	1027	81	15	710	152	1323	30	1605	15	915	0	722	46	0	954	0	0	69	967	0	241	0	344	36	443	382	1103	194	289	291	0	2546	0	82	46	91	0
28132	Prevotella melaninogenica	444	4522	15594	767	312	4502	142	2197	628	2926	4116	252	14112	40	650	241	3186	0	53	202	827	63	1019	122	21	2774	29	7363	5512	49	1688	242	4304	89	5577	162	48043	77	633	430	62	3805	23	77	789	14503	98	350	228	11587	1381	1183	571	1575	1574	150	1288	164	4251	34	551	419	2053	96
28133	Prevotella nigrescens	72	692	1166	63	69	615	34	1062	66	801	772	87	391	0	128	68	702	0	20	34	468	25	34	16	0	329	0	964	108	13	697	0	972	0	638	28	1012	0	306	91	0	931	0	0	245	355	0	252	19	222	47	329	231	621	130	0	296	0	1020	0	140	0	209	0
28135	Segatella oris	0	179	427	37	12	151	110	592	44	461	191	0	254	0	48	21	477	0	0	17	151	0	0	0	0	182	0	1957	51	0	372	0	1399	44	1777	17	5858	0	68	0	0	755	0	13	266	51	0	102	0	173	13	144	116	359	32	0	98	26	493	0	19	36	141	0
28137	Prevotella veroralis	0	265	265	187	30	88	0	73	0	104	241	0	42	0	16	0	159	0	0	0	36	0	308	0	0	51	0	963	268	0	244	0	724	0	933	0	443	0	104	15	0	359	0	12	30	185	0	55	27	151	325	45	134	181	13	113	62	0	85	0	19	0	196	0
28141	Cronobacter sakazakii	0	0	0	0	0	0	0	12	0	0	36	0	0	0	0	28	0	0	0	0	48	622	0	0	0	0	0	0	0	0	0	0	15	0	21	0	0	0	0	0	0	33	0	0	0	0	0	0	0	0	0	0	0	0	0	0	0	0	0	0	0	0	0	0
28151	Serratia proteamaculans	0	0	0	0	0	0	0	0	0	60	0	0	367	0	0	0	47	0	0	0	0	0	0	0	0	0	0	0	0	0	0	0	0	0	0	0	0	0	0	0	0	0	0	0	0	0	0	0	0	0	0	0	0	0	0	0	0	0	0	0	0	0	0	0
28152	Yersinia kristensenii	0	0	0	0	0	0	0	0	0	0	0	0	16	0	0	0	0	0	0	0	0	0	0	0	0	0	0	0	0	0	0	0	0	0	0	0	0	0	0	0	0	0	0	0	0	0	0	0	0	0	0	0	0	0	0	0	0	0	0	0	0	0	0	0
28172	Vibrio metschnikovii	0	0	18	0	0	0	0	0	0	0	0	0	0	0	0	0	0	0	0	0	0	0	0	0	0	0	0	0	0	0	0	0	0	0	0	0	0	0	0	0	0	0	0	0	0	0	0	0	0	0	0	0	0	0	0	0	0	0	0	0	0	0	0	0
28188	Capnocytophaga canimorsus	0	0	0	0	0	0	0	16	0	76	0	0	0	0	0	0	13	0	0	0	58	0	0	0	0	19	0	0	0	0	0	0	0	0	0	0	0	0	21	0	0	0	0	0	0	0	0	0	0	0	0	0	0	0	0	0	0	0	0	0	0	0	0	0
28198	Aliarcobacter cryaerophilus	0	0	15	0	0	0	0	0	0	0	0	0	0	0	0	0	0	0	0	0	0	0	0	0	0	113	0	0	0	0	0	0	0	0	0	0	0	0	0	0	0	0	0	0	0	0	0	0	21	0	0	0	0	0	0	0	0	0	0	0	0	0	0	0
28202	Peredibacter starrii	0	0	0	0	0	0	0	0	0	0	0	0	0	0	0	0	0	0	0	0	0	0	0	0	25	0	0	0	0	0	0	0	0	0	0	0	0	0	0	0	0	16	0	10	0	0	0	104	0	0	0	0	144	0	0	0	0	0	0	0	0	0	0	0
28264	Arcanobacterium haemolyticum	0	0	0	0	0	0	0	33	0	14	0	0	13	0	0	0	0	0	0	0	0	0	0	0	0	31	0	0	0	0	18	0	0	0	0	0	44	0	14	0	0	19	0	0	0	0	0	0	0	0	0	0	0	0	0	0	16	0	0	0	0	0	0	14
28446	Anaerotignum propionicum	0	0	0	0	0	0	0	0	0	31	0	0	0	0	0	0	0	0	0	0	0	0	0	0	0	0	0	0	0	0	0	0	0	0	0	0	0	0	87	0	0	0	0	0	0	0	0	0	0	0	0	0	0	0	0	0	0	0	0	0	0	0	0	0
28447	Clavibacter michiganensis	0	0	0	0	0	0	0	0	0	0	0	0	0	0	0	0	0	0	0	0	0	0	0	0	0	80	0	0	0	0	0	0	0	0	0	0	1192	0	0	0	0	0	0	0	0	0	0	0	0	0	0	0	0	0	0	0	0	0	0	0	0	0	0	0
28449	Neisseria subflava	118	895	13199	265	111	1169	0	1181	173	13229	11026	133	11237	0	585	108	3408	0	81	30	7639	53	226	0	0	1666	0	5258	442	0	837	0	2265	45	3682	28	2051	36	184	623	0	2473	0	0	586	1399	0	303	1121	44321	410	2760	292	901	487504	33	550	121	1201	0	546	133	3360	102
28450	Burkholderia pseudomallei	0	0	0	32	0	0	0	0	0	0	0	0	0	0	0	0	0	0	0	0	0	0	0	0	0	0	0	0	0	0	0	0	0	0	0	0	0	0	0	0	0	0	0	0	0	0	0	0	0	0	0	0	0	0	0	0	0	0	0	0	0	0	0	0
28454	Sphingobacterium multivorum	42	0	0	0	0	0	0	0	0	37	0	229	0	0	0	147	0	0	0	0	0	0	0	0	33	0	0	15	0	0	0	0	0	21	0	0	0	0	0	0	0	23	0	0	0	13	0	0	0	0	0	158	0	0	0	0	0	0	0	0	0	0	0	0
28901	Salmonella enterica	0	297	275	34	0	909	746	383	0	334	99	112	875	0	0	0	86	0	133	0	0	69	0	0	0	0	0	624	0	0	120	0	143	252	145	0	522	0	0	989	0	228	26	192	97	85	0	347	0	0	216	0	0	86	257	0	40	0	288	0	0	0	204	34
28985	Kluyveromyces lactis	0	0	0	0	0	0	0	0	0	0	0	0	0	0	0	0	0	112	117	0	0	0	0	0	0	0	0	0	0	0	0	0	0	0	0	0	29	0	0	0	0	0	0	0	0	0	0	0	0	0	0	0	0	0	0	0	0	0	0	0	0	0	0	0
29347	[Clostridium] scindens	0	1286	40	0	0	204	0	652	24	2400	0	0	29	0	14	50	1652	0	0	0	0	23	0	0	0	0	0	0	0	0	15	0	0	0	215	0	17	25	16942	0	0	15	0	0	0	20	151	428	0	0	0	278	0	51	438	115	1175	0	23	0	32	0	0	0
29348	Thomasclavelia spiroformis	0	0	0	0	0	0	0	623	12	545	0	0	39	0	0	10	243	0	0	0	0	0	0	0	0	0	0	0	0	0	0	0	0	0	0	0	0	0	1827	0	0	0	0	0	0	0	0	324	0	0	0	270	0	0	0	0	380	0	119	0	0	0	0	0
29370	Lacrimispora sphenoides	0	10	0	0	0	0	0	0	0	0	0	0	0	0	0	0	0	0	0	0	0	0	0	0	0	0	0	0	0	0	0	0	0	0	0	0	0	0	76	0	0	0	0	0	0	0	0	0	0	0	0	0	0	0	0	0	0	0	0	0	0	0	0	0
29375	Lacrimispora xylanolytica	0	12	0	0	0	0	0	0	0	10	0	0	0	0	0	0	15	0	0	0	0	0	0	0	0	0	0	0	0	0	0	0	0	0	0	0	0	0	111	0	0	0	0	0	0	0	0	0	0	0	0	0	0	0	0	0	0	0	0	0	0	0	0	0
29378	Staphylococcus arlettae	0	730	152	0	0	47	0	152	0	11	54	0	40	0	43	0	56	0	0	0	0	91	0	0	0	17	0	97	79	0	289	0	91	0	74	42	2784	0	68	17	0	300	0	0	280	39	0	44	0	18	0	45	22	137	51	0	49	0	33	87	13	0	124	15
29379	Staphylococcus auricularis	0	1748	1832	55	229	6775	0	287	13	279	511	78	434	34	1737	31	348	0	21	0	167	121	640	223	40	2698	16	5908	169	0	743	239	1488	36	1910	22	2347	0	125	92	12	1386	0	29	1678	10409	15	2051	15	299	27	1313	378	4601	184	23	238	15	1924	15	992	25	2706	36
29380	Staphylococcus caprae	24	3394	1156	278	59	558	29	4279	65	1661	1103	18	1003	140	2120	622	15763	0	60	85	3554	475	4377	0	0	952	0	1439	66	30	6007	0	1662	11	667	196	7979	74	58868	127	0	1780	0	27	782	38385	1118	10520	1971	41525	63	597	1589	8556	5098	1732	36750	18	11972	412	1941	10	2034	79
29382	Staphylococcus cohnii	1324	391064	62722	333	120	1106	560	72456	79	841	26898	20	368	145	2948	71	2009	73	648	30	299	247	51	0	17	2481	0	2215	578	55	3553	18	2616	20	1012	738	31537	35	10155	5382	158	30617	31	3850	228261	511	536	6861	58	319	60	165	1771	10042	885	21	146	77	4116	116	1780	118	21128	9263
29384	Staphylococcus kloosii	0	47	22	0	0	0	0	0	0	0	0	0	12	0	0	0	184	0	0	0	0	0	0	0	0	0	0	49	0	0	21	0	11	0	0	0	189	0	46	0	0	91	0	0	15	0	0	0	0	0	0	0	0	0	0	0	22	0	0	0	0	0	0	0
29385	Staphylococcus saprophyticus	219	28113	16712	1314	3370	44675	209	43340	279	5596	7442	331	6907	974	21207	814	11924	66	816	61	1006	713	9069	23	17	877	74	16724	10502	124	12311	41	8126	662	31819	439	24143	0	1165	791	37	7122	65	185	14347	35323	590	27051	190	1890	134	2187	33151	115238	3113	310	4824	143	44099	121	1787	124	9857	522
29388	Staphylococcus capitis	1531	167613	90769	22521	61107	365659	2997	108744	2579	51196	29795	1126	36417	11246	88142	8099	194894	288	2034	4642	39352	13887	26623	302	1344	109110	858	299809	6885	1381	81822	999	196211	11785	185778	3975	144239	462	93584	7752	1693	310884	3020	1329	40820	132285	9889	114812	1438	25036	3569	59055	44527	199101	67222	4063	73531	1675	126694	5286	29488	1088	105047	8633
29389	Streptococcus alactolyticus	0	0	0	0	0	0	0	0	0	22	0	0	0	0	0	0	12	0	0	0	0	0	0	0	0	0	0	0	0	0	0	0	0	0	0	0	0	0	54	0	0	0	0	0	0	0	0	0	0	0	0	0	0	0	0	0	0	0	0	0	0	0	0	0
29391	Gemella morbillorum	61	788	732	592	49	1825	0	2374	289	15518	645	90	15035	0	602	95	1775	0	48	77	630	0	0	0	0	592	0	1612	356	13	512	0	1004	25	1047	141	8066	0	188	65	0	1364	0	0	181	152	0	257	36	2799	36	1490	272	1368	1332	285	5655	263	6533	0	224	77	245	18
29394	Dolosigranulum pigrum	0	175	293	139	116	10888	0	1823	19	408	47	44	4712	19	392	30	446	0	21	17	877	63	0	0	0	153	0	442	0	0	232	0	981	0	363	16	674	0	192	12	14	836	0	0	180	135	0	378	0	344	10	491	119	776	838	18	705	0	82	0	13	0	27	14
29405	Microlunatus phosphovorus	0	0	0	11	0	0	0	0	0	0	0	0	0	0	0	0	0	0	0	0	0	0	27	0	0	59	0	0	0	0	0	0	0	0	0	0	206	0	0	0	0	0	0	0	0	0	0	0	0	0	0	0	12	0	0	0	0	0	0	0	0	11	0	0
29430	Acinetobacter haemolyticus	0	0	24	0	0	15	0	90	0	17	0	0	0	0	0	14	22	0	0	0	0	15	0	0	0	25	0	20	0	0	0	0	16	0	0	0	0	0	17	0	0	0	0	0	0	0	0	0	0	0	0	0	31	0	0	0	0	0	0	0	0	26	0	0
29442	Pseudomonas tolaasii	0	0	44	0	0	0	0	0	0	75	0	0	36	0	0	0	13	0	0	0	0	0	0	0	0	0	0	0	12	0	0	0	0	0	27	0	0	0	0	0	0	0	0	0	0	0	0	0	0	277	0	143	0	0	0	0	0	0	0	0	31	0	0	0
29447	Xanthomonas albilineans	0	0	245	64	0	11	0	15	0	73	12	0	115	0	0	0	35	0	0	0	82	0	0	0	0	0	0	0	0	0	0	0	82	0	41	0	0	0	0	0	0	12	0	0	10	0	0	0	17	91	18	61	0	0	0	0	0	0	92	0	0	0	0	0
29448	Bradyrhizobium elkanii	0	0	0	570	0	0	0	0	0	159	0	0	0	0	0	0	0	0	0	0	0	0	0	0	0	0	0	0	0	0	0	0	0	0	0	0	0	0	0	0	0	247	0	0	477	0	0	0	0	0	0	0	0	0	0	0	0	0	0	0	0	0	0	0
29449	Rhizobium etli	0	0	0	0	0	0	0	0	0	0	0	0	0	0	0	0	0	178	55	0	0	0	0	0	0	0	0	0	0	0	0	0	0	0	0	0	0	0	0	0	0	0	0	0	0	0	98	0	0	0	0	0	0	0	0	0	0	0	0	0	0	0	0	0
29466	Veillonella parvula	188	3553	10550	5080	344	5999	390	122158	931	19721	6593	362	50234	93	1972	573	13483	0	251	296	7795	561	145	43	133	87828	55	16763	3580	80	3595	94	7855	218	9092	6985	160147	155	1039	633	98	10499	72	140	1882	954	52	1591	157	10082	423	5854	1713	9963	19907	209	8112	2188	93372	100	12262	228	1838	270
29471	Pectobacterium atrosepticum	0	0	0	0	0	0	0	0	0	52	0	0	100	0	0	0	15	0	0	0	0	0	0	0	0	0	0	0	0	0	0	0	0	0	0	0	0	0	0	0	0	0	0	0	0	0	0	0	0	0	0	0	0	0	0	0	0	0	0	0	0	0	0	0
29485	Yersinia rohdei	0	0	0	0	0	0	0	0	0	0	0	0	11	0	0	0	0	0	0	0	0	0	0	0	0	0	0	0	0	0	0	0	0	0	0	0	0	0	0	0	0	0	0	0	0	0	0	0	0	0	0	0	0	0	0	0	0	0	0	0	0	0	0	0
29486	Yersinia ruckeri	0	0	0	0	0	0	0	0	0	0	0	0	41	0	0	0	0	0	0	0	0	0	0	0	0	0	0	0	0	0	0	0	0	0	0	0	0	0	0	0	0	0	0	0	0	0	0	0	0	0	0	0	0	0	0	0	0	0	0	0	0	0	0	0
29494	Vibrio furnissii	13	46	1039	0	0	47	0	44	20	434	17	290	6467	0	0	0	18	0	0	0	0	0	0	0	0	41	0	49	173	0	32	0	370	24	754	0	60	0	0	0	0	60	0	0	26	0	0	0	31	679	17	384	0	25	0	0	0	0	42	0	0	0	78	0
29497	Vibrio splendidus	0	0	0	0	0	0	0	0	0	0	0	0	0	0	0	0	0	46	41	0	0	0	0	0	0	0	0	0	0	0	0	0	0	0	0	0	0	0	0	0	0	0	0	0	0	0	0	0	0	0	0	0	0	0	0	0	0	0	0	0	0	0	0	0
29510	Turneriella parva	0	0	0	0	0	0	0	0	0	0	0	0	0	0	0	0	0	0	0	0	0	0	0	0	0	0	0	0	0	0	0	0	0	15	0	0	0	0	0	0	0	0	0	0	0	0	0	0	0	0	0	0	0	0	0	0	0	0	0	0	0	0	0	0
29533	Flavobacterium pectinovorum	0	0	0	0	0	0	0	0	0	0	0	0	0	0	0	0	0	0	0	0	0	0	0	0	0	58	0	0	0	0	0	0	0	0	0	0	0	0	0	0	0	0	0	0	0	0	0	0	0	0	0	0	0	0	0	0	0	0	0	0	0	0	0	0
29549	Rhodothermus marinus	0	0	0	0	0	0	0	0	0	0	0	0	0	0	0	0	0	11	0	0	0	0	0	0	0	0	0	0	0	0	0	0	0	0	0	0	0	0	0	0	0	0	0	0	0	0	0	0	0	0	0	0	0	0	0	0	0	0	0	0	0	0	0	0
29562	Mesomycoplasma ovipneumoniae	0	0	0	0	0	0	0	0	0	0	0	0	0	0	0	0	0	0	0	0	0	0	0	0	0	0	0	0	0	0	0	0	0	0	0	0	0	0	0	0	0	0	0	0	0	0	0	0	0	0	0	0	0	0	228	0	0	0	0	0	0	0	0	0
29581	Janthinobacterium lividum	0	0	0	0	0	0	0	0	0	0	0	0	133	0	0	0	0	0	0	0	0	0	0	0	0	0	0	0	0	0	0	0	0	0	0	0	0	0	0	0	0	0	0	0	0	0	0	0	0	0	0	0	0	0	0	0	0	0	0	0	0	0	0	0
31963	Clavibacter nebraskensis	0	0	0	0	0	0	0	0	0	0	0	0	0	0	0	0	0	0	0	0	0	0	0	0	0	0	0	0	0	0	0	0	0	0	0	0	238	0	0	0	0	0	0	0	0	0	0	0	0	0	0	0	0	0	0	0	0	0	0	0	0	0	0	0
31964	Clavibacter sepedonicus	0	0	0	0	0	0	0	0	0	0	0	0	0	0	0	0	0	0	0	0	0	0	0	0	0	0	0	0	0	0	0	0	0	0	0	0	274	0	0	0	0	0	0	0	0	0	0	0	0	0	0	0	0	0	0	0	0	0	0	0	0	0	0	0
31998	Methylobacterium radiotolerans	5904	186	23749	8940	118	653	0	211	149	11758	0	657	180	1477676	964732	338	117	0	0	225	0	0	0	0	81	27092	0	216	0	0	72	0	396	96	176	253	179	0	62	0	0	68	23761	136	0	0	0	405	1342	2664	0	0	126	398	69	0	0	0	156	290	184	7552	14089	0
32002	Achromobacter denitrificans	0	0	0	0	0	0	0	0	0	0	0	0	0	0	0	0	0	0	0	0	0	0	0	0	0	0	0	0	0	0	0	0	0	0	0	0	0	0	0	0	0	0	0	0	0	0	0	0	0	0	0	0	0	0	0	0	0	0	0	0	0	149	0	0
32013	Comamonas terrigena	11	0	11	0	0	0	0	41	0	12	0	262	0	0	0	0	0	0	0	0	0	131	0	0	0	14	0	32	0	0	0	0	0	0	0	0	0	0	0	15	28	0	0	23	0	0	0	0	0	0	47	0	0	0	0	0	0	86	0	78	0	0	0	0
32062	Deinococcus radiophilus	0	93	0	0	0	105	0	259	0	100	0	0	0	0	56	0	189	0	0	0	0	0	0	0	0	0	0	45	0	0	0	0	0	0	0	0	38	0	0	0	0	116	0	0	146	0	0	0	0	0	0	0	41	0	0	0	0	0	0	0	0	0	29	0
33007	Winkia neuii	0	1585	1076	111	65	362	0	814	0	245	80	0	244	45	276	135	2841	0	31	12	206	115	0	0	0	238	0	1315	68	0	484	0	605	26	714	32	1283	0	6166	29	0	823	0	31	234	177	0	255	0	233	0	252	399	1334	657	612	23396	0	941	200	1343	0	152	16
33010	Cutibacterium avidum	21	1371	2147	633	111	2288	281	4903	56	2021	249	20	608	161	617	65	2821	0	36	165	867	7023	689	0	22	2142	15	3906	134	26	1487	0	2809	224	2011	40	2083	10	871	51	21	2866	60	27	818	1038	120	966	32	1267	155	1198	943	2175	2078	81	4376	11	1182	47	868	12	3863	22
33011	Cutibacterium granulosum	179	22055	39275	6989	790	26446	68	11379	541	12555	3873	175	4893	406	4956	628	42487	0	296	624	14635	610	29542	0	218	29335	122	53523	1983	316	18932	186	21096	5338	28635	744	23893	266	20548	416	327	40519	177	319	5566	34152	307	7093	280	21412	282	10849	7415	19921	4108	987	36722	158	14543	72	3210	92	158297	102
33025	Phascolarctobacterium faecium	0	21968	611	0	0	145	10	5313	133	10995	0	0	89	18	146	113	5404	0	0	0	48	48	0	0	0	23	0	88	0	0	26	0	35	0	395	0	30	36	13538	0	0	20	0	0	15	38	28	5366	0	52	0	365	43	496	4277	205	9723	0	301	0	0	0	0	115
33028	Staphylococcus saccharolyticus	200	1478	14023	26070	16466	114868	964	139233	1126	20239	805	1755	38471	2677	13819	5168	68688	24	624	130	1248	41	2332	0	2921	107891	400	129234	69	627	46765	273	40564	1310	37268	1183	55323	49	9474	146	296	49634	7137	32	1940	7302	106	6314	1336	2604	45	1083	3236	21247	181	196	2972	75	11106	103	1263	64	6319	39
33033	Parvimonas micra	0	234	312	82	61	712	0	821	116	1485	187	50	1386	35	398	68	1049	0	41	25	276	0	0	0	0	1809	0	1345	94	0	541	97	771	14	848	85	1866	11	349	19	16	869	0	0	155	269	0	246	23	610	23	300	230	1100	469	25	659	278	5683	0	37	56	71	0
33034	Anaerococcus prevotii	18	279	507	47	73	917	17	2537	179	630	143	21	659	63	432	71	1502	0	46	39	182	763	0	0	0	119	0	919	48	22	519	0	494	17	711	25	609	0	1749	88	21	862	0	18	129	234	0	1956	22	919	60	325	2298	1953	409	94	2249	0	1445	48	66	24	130	0
33035	Blautia producta	0	478	0	0	0	116	0	198	0	814	0	0	0	0	0	36	1255	0	0	0	0	0	0	0	0	0	0	0	0	0	0	0	0	0	95	0	0	0	6236	0	0	0	0	0	0	0	0	334	0	0	0	0	0	0	197	0	221	0	0	0	0	0	0	0
33037	Anaerococcus vaginalis	0	428	492	51	0	578	0	6384	0	133	57	0	217	0	123	61	1392	0	0	0	105	475	0	0	0	72	0	554	26	0	349	0	310	0	309	0	371	0	1705	0	0	444	0	0	63	66	30	6966	0	257	0	241	319	737	353	94	2255	0	292	140	48	0	0	0
33038	Mediterraneibacter gnavus	0	1763	47	0	0	427	0	2662	181	9112	0	0	40	0	22	87	2530	0	0	0	18	45	0	0	0	16	0	34	0	0	44	0	0	0	440	0	38	99	59015	20	0	22	0	0	0	214	30	1192	0	68	44	682	28	200	551	337	7465	0	201	0	31	0	0	0
33039	[Ruminococcus] torques	0	22844	546	0	89	6797	0	4177	148	11928	48	0	82	0	264	871	18677	0	0	0	370	621	0	0	0	115	0	117	44	0	273	0	63	0	297	0	139	74	30787	75	0	236	0	0	47	287	1064	2165	0	115	58	628	371	1460	8797	1560	34259	0	553	29	1072	0	34	178
33040	Streptococcus milleri	0	302	288	0	0	153	0	242	0	213	0	0	309	0	0	0	170	0	0	0	357	0	0	0	0	175	0	225	79	0	66	0	58	0	163	0	313	0	41	0	0	148	0	0	0	0	0	0	0	193	0	114	0	137	0	0	47	0	761	0	0	0	0	0
33043	Coprococcus eutactus	0	2610	96	0	35	546	0	255	0	565	0	0	0	0	0	128	2430	0	0	0	0	88	0	0	0	0	0	0	0	0	110	0	18	0	429	0	54	81	60821	0	0	100	0	0	19	0	0	149	0	0	0	0	0	37	595	21	219	0	24	0	0	0	0	19
33050	Sphingopyxis macrogoltabida	0	0	57	0	0	0	0	72	0	0	0	0	0	0	0	0	0	0	0	0	0	0	0	0	86	125	0	142	68	0	0	0	83	37	71	57	147	0	0	0	0	0	0	0	0	0	0	50	0	0	0	85	73	0	0	0	0	0	0	0	0	0	0	0
33051	Sphingomonas sanguinis	50	172	5283	55	0	66	0	329	0	3197	0	0	23	96	460	0	26	0	0	0	262	0	0	0	18	159	0	55	0	0	40	0	189	0	197	0	105	0	0	0	0	40	37	0	118	225	0	224	0	1547	0	799	66	149	159	0	0	0	149	0	0	0	778	0
33052	Sphingopyxis terrae	0	0	0	0	0	0	0	538	0	0	0	0	0	0	0	0	0	0	0	0	0	0	0	0	0	0	0	0	0	0	145	0	0	115	0	0	0	0	0	0	0	0	0	35	0	0	0	0	0	0	0	0	0	0	0	0	0	0	0	0	0	0	0	0
33053	Neisseria perflava	0	449	3486	0	0	515	0	146	0	5201	4026	0	4495	0	0	0	1046	0	0	0	6738	0	0	0	0	377	0	2379	280	0	384	0	1215	0	1590	0	1075	0	0	0	0	889	0	0	274	313	0	0	905	148335	279	1261	0	191	216046	0	230	0	459	0	230	0	1153	0
33059	Acidithiobacillus caldus	0	0	0	0	0	0	0	0	0	0	0	0	0	0	0	0	0	0	0	0	0	0	0	0	0	0	0	0	0	0	0	0	0	0	0	0	0	0	0	0	0	0	0	0	0	0	0	0	0	0	0	12	0	0	0	0	0	0	0	0	0	0	0	0
33069	Pseudomonas viridiflava	0	0	0	0	0	0	0	0	0	18	0	145	326	0	0	0	14	0	0	0	0	0	0	0	0	0	0	0	0	0	0	0	0	0	87	0	0	0	0	0	0	0	0	0	0	0	0	0	0	0	0	0	0	0	0	0	0	0	0	0	0	0	0	0
33169	Eremothecium gossypii	0	0	0	0	0	0	0	0	0	0	0	0	0	0	0	0	0	2049	1390	0	0	0	0	0	0	0	0	0	0	0	0	0	0	0	0	0	0	0	0	0	0	0	0	0	0	0	0	0	0	0	0	0	0	0	0	0	0	0	0	0	0	0	0	0
33883	Microbacterium arborescens	0	0	0	0	0	0	0	0	0	0	0	0	0	0	0	0	0	0	0	0	0	0	0	0	0	17	0	0	0	0	0	0	0	0	0	0	0	0	0	0	0	0	0	0	0	0	958	0	0	0	0	0	0	0	0	0	0	0	0	0	0	0	0	0
33888	Rathayibacter tritici	0	0	0	0	0	0	0	0	0	0	0	0	0	0	0	0	0	0	0	0	0	0	0	0	0	0	0	0	0	0	0	0	0	0	0	0	177	0	0	0	0	0	0	0	0	0	0	0	0	0	0	0	0	0	0	0	0	0	0	0	0	0	0	0
33889	Brevibacterium casei	0	62	68	0	0	100	0	120	0	14	0	0	19	0	35	33	75	89	0	0	0	66	11	0	0	37	0	47	0	0	24	0	98	0	28	0	98	0	44	151	0	26	0	77	24	0	0	55	30	0	0	0	16	67	0	23	414	0	0	0	0	0	15	0
33905	Bifidobacterium thermophilum	0	438	226	0	0	0	0	138	0	0	261	0	0	0	0	0	0	0	0	0	0	0	0	0	0	93	0	0	0	0	0	0	0	0	0	0	0	0	16	0	0	0	0	0	30	0	0	0	0	0	0	0	0	0	0	0	0	0	0	0	0	0	0	0
33914	Saccharopolyspora gregorii	0	0	0	0	0	0	0	0	0	0	0	0	0	0	0	0	0	0	0	0	0	0	0	0	0	0	0	0	0	0	0	0	0	0	0	0	37	0	0	0	0	0	0	0	0	0	0	0	0	0	0	0	0	0	0	0	0	0	0	0	0	0	0	0
33918	Microbacterium liquefaciens	0	0	60	114	0	0	0	0	0	0	0	0	0	0	0	0	70	0	0	0	0	0	0	0	0	1720	0	0	0	0	0	0	0	0	41	0	0	0	0	0	0	0	180	0	0	0	0	0	0	0	0	0	0	0	0	0	0	0	0	0	0	30	0	0
33934	Anoxybacillus flavithermus	25	0	382	0	40	74	0	0	45	945	44	116	108	0	0	0	0	0	0	0	74	44	0	0	0	41	0	0	40	0	0	0	404	0	400	0	0	0	111	193	0	0	0	0	0	0	0	0	0	71	0	40	0	0	94	0	0	0	0	0	0	0	122	0
33936	Aeribacillus pallidus	0	0	0	0	0	0	0	0	0	0	0	0	0	0	0	0	0	0	0	0	0	0	0	0	0	0	0	0	0	0	0	0	0	0	0	0	0	0	0	0	0	0	0	63	0	0	0	0	0	0	0	0	0	0	0	0	0	0	0	0	0	0	0	0
33938	Geobacillus thermocatenulatus	0	0	0	0	0	0	0	0	0	16	0	0	0	0	0	0	0	0	0	0	0	0	0	0	0	0	0	0	0	0	0	0	0	0	0	0	0	0	0	0	0	0	0	0	0	0	0	0	0	0	0	0	0	0	0	0	0	0	0	0	0	0	0	0
33940	Geobacillus thermodenitrificans	0	0	0	0	0	0	0	0	0	0	0	69	0	0	0	0	0	0	0	0	0	0	0	0	0	0	0	0	0	0	0	0	92	0	0	0	0	0	0	0	0	0	0	0	0	0	0	0	0	0	0	0	0	0	0	0	0	0	0	0	0	0	0	0
33941	Geobacillus thermoleovorans	0	0	0	0	0	0	0	0	0	112	0	0	0	0	0	0	0	0	0	0	0	0	0	0	0	0	0	0	0	0	0	0	79	0	0	0	0	0	0	0	0	0	0	0	0	0	0	0	0	0	0	0	0	0	0	0	0	0	0	0	0	0	0	0
33945	Enterococcus avium	0	0	16	0	0	0	0	0	0	0	0	0	0	0	0	0	0	0	0	0	0	0	0	0	0	0	0	0	13	0	0	0	0	0	0	0	0	0	0	0	0	0	0	0	0	0	0	0	0	0	0	0	0	0	0	0	0	0	0	0	0	0	0	0
33959	Lactobacillus johnsonii	0	0	18	0	0	0	0	0	0	0	0	0	15	0	0	0	0	0	0	0	0	0	0	0	0	0	0	17	0	0	0	0	0	0	0	0	0	0	49	0	0	0	0	0	0	0	0	0	0	0	0	0	0	0	0	0	0	0	0	0	0	0	0	0
33964	Leuconostoc citreum	74	0	2513	0	0	200	0	0	0	286	36	48	6806	0	0	54	1004	0	0	0	0	25267	0	1970	79	0	0	27	427	0	0	0	81	0	170	0	63	0	0	169	0	58	0	0	0	0	0	0	0	54	0	99	0	62	0	0	0	0	0	0	0	659	0	0
33968	Leuconostoc pseudomesenteroides	0	0	360	310	26	664	0	23	24	1728	0	169	48664	0	34	147	4644	0	14	0	0	58	0	0	0	0	0	66	33	0	29	0	218	0	223	0	82	0	18	12	0	119	0	0	0	0	0	0	0	68	0	14	0	15	0	0	0	0	0	0	0	0	0	0
34002	Paracoccus alcaliphilus	0	0	0	0	0	0	0	0	0	0	0	0	0	0	0	0	0	0	0	0	0	0	0	0	0	0	0	0	0	0	0	0	0	0	0	0	0	0	0	0	0	0	0	0	0	0	0	44	0	0	0	0	26	0	0	0	0	0	0	0	0	0	0	0
34003	Paracoccus aminophilus	0	0	0	0	0	0	0	0	0	0	0	0	0	0	0	0	0	0	0	0	0	0	0	0	0	0	0	0	0	0	0	0	0	0	0	0	0	0	0	0	0	0	0	0	0	0	0	33	0	0	23	0	0	0	0	0	0	0	0	0	0	0	0	0
34004	Paracoccus aminovorans	0	16	0	0	0	0	0	33	0	0	0	0	0	0	0	0	0	0	0	0	0	0	0	0	0	0	0	61	0	0	0	0	0	0	0	0	0	0	0	0	0	0	0	0	0	0	0	45	0	0	0	0	44	0	0	0	0	0	0	0	0	0	0	0
34007	Paracoccus versutus	0	42	0	0	0	0	0	70	0	0	0	0	0	0	0	0	0	0	0	0	0	0	0	0	0	0	0	0	0	0	0	0	0	0	0	0	0	0	0	0	0	0	0	0	0	0	0	201	0	0	0	0	54	0	0	0	0	0	0	0	0	0	0	0
34020	Candidatus Liberibacter africanus	0	0	33	0	0	0	0	0	0	0	0	0	57	0	0	0	0	0	0	0	0	0	0	0	0	0	0	0	0	0	0	0	0	0	0	0	0	0	0	0	0	0	0	0	0	0	0	0	0	0	0	0	0	0	0	0	0	0	0	0	0	0	0	0
34038	Rahnella aquatilis	0	0	0	24	0	0	0	0	0	28	0	0	360	0	0	0	34	0	0	0	0	0	0	0	0	0	0	0	0	0	0	0	0	0	0	0	0	0	0	0	0	0	0	0	0	0	0	0	0	0	0	0	0	0	0	0	0	0	0	0	0	0	0	0
34062	Moraxella osloensis	176	1501	1234	71	167	168	141	1865	373	268	132	343	62	0	136	710	409	0	0	120	387	171	91	17	245	1318	99	6581	355	248	1091	98	2101	151	1268	106	1253	1494	1246	107	170	4766	37	556	450	1477	348	2024	118	1188	1973	412	6919	381	31	265	951	102	777	55	91	155	941	61
34071	Telluria mixta	0	0	0	376	0	0	0	0	0	0	0	0	0	0	27	0	0	0	0	0	0	0	0	0	0	29	0	0	0	0	0	0	0	0	0	0	22	0	0	0	0	0	0	0	0	0	0	0	0	0	0	0	0	0	0	0	0	0	0	0	0	0	0	0
34073	Variovorax paradoxus	0	35	50	0	185	0	0	120	0	18	0	0	0	189	66	65	0	0	0	0	0	0	0	0	0	69	0	0	0	0	0	0	27	115	48	0	45	0	262	0	0	62	0	0	0	0	0	0	0	0	30	29	0	0	0	0	0	0	78	0	231	0	0	0
34085	Riemerella anatipestifer	0	0	0	0	0	0	0	33	0	55	0	0	0	0	0	0	0	0	0	0	79	0	0	0	0	31	0	0	0	0	0	0	0	0	0	0	0	0	0	0	0	0	0	0	0	0	0	0	0	0	0	0	0	0	70	0	0	0	0	0	0	0	0	0
34087	Sphingobacterium faecium	0	0	0	0	0	0	0	0	0	0	0	0	0	0	0	0	0	0	0	0	0	0	0	0	0	0	0	0	0	0	0	0	0	0	0	0	0	0	0	0	0	0	0	0	0	0	0	0	32	0	74	0	0	0	0	0	0	0	0	0	0	0	0	0
34105	Streptobacillus moniliformis	0	0	10	0	0	0	0	0	0	0	0	0	0	0	0	0	0	0	0	0	0	0	0	0	0	0	0	0	0	0	0	0	0	0	0	0	0	0	0	0	0	0	0	0	0	0	0	0	0	0	0	0	0	0	0	0	0	0	0	0	0	0	0	0
34406	Colletotrichum destructivum	0	0	0	367	238	150	0	0	0	0	0	0	52	0	0	0	0	2939	3430	0	0	0	0	0	0	0	0	0	0	0	0	0	0	0	0	0	0	0	0	0	0	471	799	0	0	0	0	0	0	0	0	0	0	0	0	0	0	0	0	0	0	0	0	0
35754	Dactylosporangium aurantiacum	0	0	0	0	0	0	0	0	0	0	0	0	0	0	0	0	0	0	0	0	0	0	0	0	0	0	0	0	0	0	0	0	0	0	0	0	41	0	0	0	0	0	0	0	0	0	250	0	0	0	0	0	0	0	0	0	0	0	0	0	0	0	0	0
35755	Corynebacterium kutscheri	0	0	0	0	0	0	0	0	0	0	0	0	0	0	0	0	0	0	0	0	0	0	0	0	0	0	0	11	0	0	0	0	0	0	0	0	0	0	0	0	0	0	0	0	0	0	0	0	0	0	0	0	0	0	0	0	0	0	0	0	0	0	0	0
35757	Corynebacterium cystitidis	0	64	0	0	0	0	0	26	0	0	0	0	0	0	10	0	0	0	0	0	0	0	0	0	0	0	0	0	0	0	0	0	0	0	0	0	19	0	0	0	0	21	0	0	12	0	0	0	0	0	0	0	0	12	0	0	11	0	0	0	0	0	0	0
35841	Caldibacillus thermoamylovorans	0	0	12	0	0	0	0	757	0	17	0	41	0	0	0	0	0	0	0	0	0	0	0	0	0	406	0	16	0	0	0	0	12	0	168	0	19	0	73	0	0	22	0	122	0	0	0	0	0	27	13	0	0	0	0	0	0	0	0	0	0	0	0	15
36050	Fusarium poae	0	65	0	1407	0	0	0	125	0	0	0	0	158	0	0	0	140	9262	11933	23	31	0	0	0	0	0	0	0	0	0	0	0	0	0	0	0	94	0	0	0	0	2176	2130	0	0	0	0	0	0	0	0	0	0	53	0	0	0	0	0	0	0	0	0	0
36740	Dermabacter hominis	0	332	304	45	197	1449	0	321	0	38	23	0	87	76	117	30	3906	0	0	0	71	52	0	0	80	2783	0	129	0	0	47	0	120	0	127	89	723	0	2738	0	0	96	0	0	49	257	0	251	0	186	0	0	35	110	276	54	2005	0	75	0	0	0	0	0
36745	Clostridium saccharoperbutylacetonicum	0	0	0	0	0	0	0	0	0	0	0	0	0	0	0	0	0	0	0	0	0	0	0	0	0	0	0	0	0	0	0	0	0	0	0	0	0	0	0	0	0	0	0	0	0	0	0	0	0	0	0	0	0	0	0	17	0	0	0	0	0	0	0	0
36805	Microbacterium aurum	132	0	452	181	0	30	0	124	73	0	0	0	12	0	43	0	22	0	191	151	0	284	193	0	0	260	0	250	0	112	45	31	41	46	52	0	493	29	116	191	69	60	419	112	0	164	26	976	179	0	137	71	862	75	19	0	54	85	102	0	0	62	0	0
36808	Corynebacterium bovis	0	39	30	0	0	22	0	18	0	39	0	0	0	0	12	0	0	0	0	0	0	0	0	0	0	11	0	322	12	0	64	0	82	0	74	0	144	0	0	0	0	258	0	0	55	0	0	0	0	0	0	0	0	33	0	0	11	0	18	0	0	0	10	0
36809	Mycobacteroides abscessus	141	157	18	143	0	0	0	158	0	0	0	0	0	0	0	0	0	0	13	60	0	0	0	0	0	20	0	0	0	0	35	0	0	0	34	0	13	0	50	0	0	13	0	0	27	0	0	50	0	0	0	0	33	79	0	0	0	0	30	0	0	0	0	0
36814	Mycolicibacterium rhodesiae	0	0	17	0	0	0	0	0	0	0	0	0	0	0	0	0	0	0	0	0	0	0	0	0	0	0	0	0	0	0	0	0	0	0	0	0	0	0	0	0	0	0	0	0	0	0	0	0	0	0	0	0	0	0	0	0	0	0	0	0	0	0	0	0
36835	[Clostridium] colinum	0	0	0	0	0	0	0	0	0	0	0	0	0	0	0	0	0	0	0	0	0	0	0	0	0	0	0	0	0	0	0	0	0	0	0	0	0	0	15	0	0	0	0	0	0	0	0	0	0	0	0	0	0	0	0	0	0	0	0	0	0	0	0	0
36845	Clostridium intestinale	0	13	0	0	0	0	0	0	0	0	0	0	0	0	0	0	12	0	0	0	0	0	0	0	0	0	0	0	0	0	0	0	0	0	0	0	25	0	0	0	0	0	0	0	0	0	0	0	0	0	0	0	0	0	0	47	15	0	0	0	0	0	0	0
36861	Thiobacillus denitrificans	0	0	0	0	18	0	0	0	0	0	0	0	0	0	0	0	0	0	0	0	0	0	0	0	0	0	0	0	0	0	0	0	0	0	0	0	0	0	0	0	0	0	0	0	16	0	0	0	0	0	0	0	0	0	0	0	0	0	0	0	0	0	0	0
36863	Ideonella dechloratans	0	0	16	0	0	0	0	0	0	0	0	32	0	0	0	0	0	0	0	0	0	0	0	0	0	0	0	0	0	0	0	0	0	0	15	0	0	0	0	0	0	0	0	0	0	0	0	0	0	0	0	23	0	0	0	0	0	0	0	0	0	0	0	0
36874	Porphyromonas cangingivalis	0	0	0	0	0	0	0	0	0	18	0	0	0	0	0	0	0	0	0	0	41	0	0	0	0	0	0	0	0	0	0	0	0	0	0	0	13	0	0	0	0	0	0	0	0	0	0	0	0	0	0	0	0	0	92	0	0	0	0	0	0	0	0	0
36914	Lodderomyces elongisporus	0	0	0	0	0	0	0	0	0	0	0	0	36	0	0	0	0	609	432	0	0	0	0	0	0	0	0	0	0	0	0	0	0	0	0	0	0	0	0	0	0	0	0	0	0	0	0	0	0	0	0	0	0	0	0	0	0	0	0	0	0	0	0	0
37326	Nocardia brasiliensis	0	0	0	0	0	0	0	0	0	0	0	0	0	15	0	0	0	0	0	0	0	0	0	0	0	0	0	0	0	0	0	0	0	0	0	0	38	0	0	0	0	0	0	0	0	0	0	0	0	0	0	0	0	0	0	0	0	0	0	0	0	0	0	0
37329	Nocardia farcinica	0	0	0	0	0	0	0	0	0	0	0	0	0	0	0	0	0	0	0	0	0	0	0	0	0	26	0	0	0	0	0	38	0	0	0	0	49	0	0	0	0	0	0	0	0	0	0	0	0	0	0	0	29	0	0	0	0	0	0	0	0	16	0	0
37331	Pseudonocardia petroleophila	0	0	0	0	0	0	0	0	0	0	0	0	0	0	0	0	0	0	0	0	0	0	0	0	0	0	0	0	0	0	0	0	0	0	0	0	123	0	0	0	0	0	0	0	0	0	0	0	0	0	0	0	0	0	0	0	0	0	0	0	0	0	0	0
37637	Corynebacterium pseudodiphtheriticum	0	225	239	274	40	2483	0	1518	0	615	53	40	8352	19	455	17	526	0	30	0	43	63	0	0	0	220	0	139	0	0	86	0	239	23	141	0	353	0	56	0	0	526	0	0	164	261	0	248	0	80	0	331	266	1379	3037	0	416	0	130	0	64	0	32	0
37727	Talaromyces marneffei	0	0	0	1278	99	46	0	13	53	29	0	0	127	0	0	0	0	5357	5476	0	0	0	0	0	0	0	0	29	0	0	0	0	0	0	40	0	0	0	0	0	0	755	2314	0	0	0	0	0	0	0	0	0	0	0	0	0	0	0	0	0	0	0	0	0
37734	Enterococcus casseliflavus	0	36	0	0	0	0	0	60	0	0	0	0	0	0	0	0	0	0	0	0	0	0	0	0	0	0	0	0	0	0	21	0	925	184	326	0	190	0	0	0	0	64	0	0	0	0	0	0	0	0	0	0	0	0	0	0	0	0	0	0	0	0	0	0
37919	Rhodococcus opacus	0	0	0	0	0	0	0	0	0	0	0	0	0	0	0	0	0	0	0	0	0	0	0	0	0	0	0	0	0	0	0	0	0	0	0	0	31	0	0	0	0	0	0	0	0	0	0	0	0	0	0	0	0	0	0	0	0	0	0	0	0	19	0	0
37921	Arthrobacter agilis	30	0	0	0	0	0	0	0	46	0	0	0	0	0	0	0	0	0	0	0	0	0	0	0	0	22	0	0	0	0	0	0	0	0	0	0	17	0	0	0	0	0	0	0	0	0	0	0	0	0	0	0	0	0	0	0	0	0	0	0	0	0	0	0
37923	Rothia kristinae	0	56	672	0	0	0	29	21	0	0	0	0	0	0	12	0	0	0	0	0	0	54	0	0	0	15	0	32	0	27	0	0	0	27	57	0	190	0	0	0	0	18	0	0	12	0	44	23	0	11	0	291	15	11	0	0	11	0	0	0	0	0	49	0
37930	Glutamicibacter protophormiae	0	0	0	0	0	0	0	0	0	0	0	0	0	0	0	0	0	0	0	0	0	0	0	0	0	0	0	0	0	23	0	0	0	0	0	0	0	0	0	0	0	0	0	0	0	0	0	0	0	0	0	0	0	0	0	0	0	0	0	0	0	0	0	0
38284	Corynebacterium accolens	41	1867	2833	26667	202	7330	41	22683	106	4388	589	138	10906	222	4394	122	4378	0	270	106	2795	746	40	109	0	10269	36	15786	81	51	3075	48	8571	78	3743	295	11529	25	1155	190	59	11607	140	187	1317	722	60	3794	46	1941	185	2790	1900	8829	30591	290	6609	30	2911	69	1758	64	1203	1169
38286	Corynebacterium afermentans	141	68909	21152	2217	696	10719	374	81197	130	6687	6588	44	3462	1097	8408	254	17178	64	3139	211	1305	8062	871	0	344	7893	0	11254	153	256	46650	58	8470	78	6695	7428	318188	118	48625	1528	408	145604	211	563	61762	3290	269	13526	41	6209	75	3736	9463	22673	22978	1508	12851	84	11771	139	2383	66	9022	1943
38288	Corynebacterium genitalium	0	473	1445	284	22	499	0	1466	14	907	54	0	375	271	1453	30	1122	0	57	5181	487	44	11	0	0	184	0	488	23	39249	735	0	147	73	259	28	851	0	659	20	14	653	0	14	289	390	56	1057	11	306	24	696	2114	44323	145	505	11015	34	2959	0	78	0	44	0
38289	Corynebacterium jeikeium	0	5623	650	368	0	251	0	5697	203	178	149	18	168	243	681	157	9150	0	0	0	342	246	19	0	0	2484	0	220	18	15	442	0	606	0	303	184	2470	33	2363	40	0	643	52	0	274	27	88	594	0	252	84	236	499	1044	848	117	3330	28	435	0	101	0	34	0
38290	Corynebacterium macginleyi	0	149	144	355	19	348	0	588	25	596	27	0	243	18	393	34	779	0	24	0	372	30	0	0	0	505	0	4252	0	16	1680	0	1694	26	2064	41	2206	0	920	0	27	4908	0	0	99	50	0	137	0	191	11	390	207	674	205	21	1034	0	244	0	32	0	44	42
38293	Photobacterium damselae	0	0	0	0	0	0	0	0	0	0	0	0	0	0	0	0	0	0	0	0	0	0	0	0	0	0	0	0	0	0	0	0	0	0	0	0	0	0	0	0	0	0	0	0	0	0	0	0	0	0	0	0	0	0	11	0	0	0	0	0	0	0	0	0
38301	Corynebacterium minutissimum	0	3841	708	119	18	620	0	1975	17	112	79	0	112	106	415	34	2341	0	18	0	85	357	131	0	0	237	0	212	0	0	375	0	267	86	120	4660	11253	0	500	0	0	473	0	0	242	113	0	195	0	88	0	91	375	794	851	48	3044	0	290	0	67	0	80	0
38302	Corynebacterium mycetoides	0	119	16	163	152	3522	0	2516	12	933	0	47	317	30	1290	17	502	0	99	0	181	0	1479	0	0	56	13	12225	0	34	830	0	201	0	89	25	922	0	83	0	0	424	0	0	64	4676	0	1006	0	434	26	1299	7439	8776	29	15	679	26	2766	0	0	0	17	0
38303	Corynebacterium pseudogenitalium	0	530	129	0	0	0	0	192	95	0	0	0	0	0	0	0	53	0	0	0	440	0	0	0	0	0	0	1961	0	0	420	0	749	0	1195	43	470	0	2302	192	0	804	0	0	134	0	0	0	0	0	0	0	0	95	0	0	356	0	59	0	0	0	0	0
38304	Corynebacterium tuberculostearicum	351	122185	53382	14123	3507	66909	582	116904	1127	20802	16370	337	15423	5609	23562	4208	283900	507	9903	675	13112	27375	942	134	342	55173	83	32590	1006	999	127149	180	28418	8814	22688	15739	935615	452	161211	2349	766	155520	2798	838	45353	11650	842	46194	395	26045	365	14371	24698	75441	90771	12473	812621	357	33433	296	7968	160	15076	1239
38305	Corynebacterium vitaeruminis	0	25	0	0	0	0	0	18	0	0	0	0	0	0	0	0	0	0	0	0	0	0	0	0	0	0	0	0	0	0	0	0	0	20	0	0	46	0	12	0	0	15	0	0	0	0	0	0	0	0	0	0	0	0	0	0	24	0	12	0	0	0	0	0
38310	Rhodococcus coprophilus	0	0	0	0	0	0	0	0	10	0	0	0	0	0	0	0	0	0	0	0	0	0	0	0	0	0	0	0	0	0	0	0	0	0	0	0	0	0	0	0	0	0	0	0	0	0	0	0	0	0	0	0	0	0	0	0	0	0	0	0	0	0	0	0
39122	Skermania piniformis	0	0	0	0	0	12	0	0	0	0	0	0	0	0	12	0	0	0	0	0	0	0	0	0	0	0	0	23	0	0	0	0	0	0	0	0	0	0	0	0	0	0	0	0	0	28	0	0	0	0	0	0	0	31	0	0	0	0	29	0	0	0	0	0
39485	Lachnospira eligens	0	6474	213	0	74	2672	0	3408	32	1106	27	21	23	0	50	271	6410	0	0	0	105	155	0	0	0	41	0	74	0	0	77	0	21	0	124	0	75	39	19209	0	0	91	0	0	24	30	568	1429	0	34	0	51	87	443	5991	562	11547	0	275	12	540	0	28	70
39486	Dorea formicigenerans	0	8797	43	0	58	3504	0	2675	62	5497	0	0	46	0	34	184	5409	0	0	0	78	102	0	0	0	28	0	26	0	0	113	0	29	0	483	0	42	33	25816	0	0	46	0	0	0	38	128	2604	0	32	0	58	30	243	1974	243	3977	0	168	0	147	0	0	61
39488	Anaerobutyricum hallii	0	14432	206	0	275	8990	28	7498	482	20587	35	70	172	0	240	861	25940	0	0	16	284	507	44	0	0	116	0	125	0	0	198	0	105	19	2670	0	135	204	145325	0	0	127	0	0	48	351	808	5661	0	53	18	204	278	548	7870	3721	22871	0	237	0	914	0	15	111
39491	Agathobacter rectalis	0	8846	267	20	775	25621	27	10344	284	26643	135	26	160	70	263	1040	24446	0	0	30	426	302	84	19	0	161	0	219	22	0	804	0	116	25	796	0	349	247	157032	16	0	235	0	64	82	1026	4425	8654	26	133	144	348	587	2127	4262	1142	11688	0	1255	103	3990	0	0	104
39496	Eubacterium ventriosum	0	1002	13	0	0	198	21	1425	57	2443	0	0	0	0	12	48	1385	0	0	0	0	0	0	0	0	0	0	17	0	0	22	0	0	0	57	0	0	14	6388	0	0	12	0	0	0	0	64	533	0	0	0	17	13	57	137	97	791	0	22	0	34	0	0	0
39645	Mesorhizobium ciceri	0	0	0	0	0	0	0	0	0	0	0	0	0	274	202	0	0	0	0	0	0	0	0	0	0	0	0	0	0	0	0	0	0	0	0	0	0	0	0	0	0	0	0	0	0	0	0	0	0	0	0	0	0	0	0	0	0	0	0	0	0	0	0	0
39687	Mycolicibacterium austroafricanum	0	0	172	0	0	0	0	0	0	0	0	0	0	0	0	0	0	0	0	0	0	0	0	0	0	0	0	0	0	0	0	0	0	0	0	0	0	0	0	0	0	0	1393	0	0	0	0	0	0	0	0	0	0	0	0	0	0	0	0	0	0	0	0	0
39689	Mycobacterium gallinarum	0	0	0	0	0	0	0	0	0	0	0	0	0	0	0	0	0	0	0	0	0	0	481	0	0	0	0	13	0	0	0	0	0	0	0	0	0	0	0	0	0	0	0	0	0	0	0	0	0	0	0	0	0	0	0	0	0	0	0	0	0	0	0	0
39692	Mycolicibacterium parafortuitum	0	0	0	35	0	0	0	0	0	0	0	0	0	0	0	0	0	0	0	0	0	0	0	0	0	0	0	0	0	0	0	0	0	0	0	0	0	0	0	0	0	0	26	0	0	0	0	0	0	0	0	0	0	0	0	0	0	0	0	0	0	0	0	0
39694	Mycolicibacterium poriferae	0	0	0	52	0	0	0	0	0	0	0	0	0	0	0	0	0	0	0	0	0	0	0	0	0	0	0	0	0	0	0	0	0	0	0	0	0	0	0	0	0	0	34	0	0	0	0	0	0	0	0	0	0	0	0	0	0	0	0	0	0	0	0	0
39695	Mycolicibacterium tokaiense	0	0	0	25	0	0	0	0	0	0	0	0	0	0	0	0	0	0	0	0	0	0	0	0	0	0	0	0	0	0	0	0	0	0	0	0	0	0	0	0	0	0	25	0	0	0	0	0	0	0	0	0	0	0	0	0	0	0	0	0	0	0	0	0
39777	Veillonella atypica	32	234	1694	43	232	101	10	217	217	515	1151	38	1580	0	126	25	437	0	0	10	192	15	212	11	0	259	23	2075	1460	0	155	11	458	0	534	0	625	24	126	114	0	497	0	13	84	1126	21	46	45	1845	506	205	137	330	2732	24	154	20	797	0	79	19	788	0
39778	Veillonella dispar	48	181	1864	65	45	168	73	1013	1343	448	860	49	2514	0	50	36	319	0	0	0	70	48	82	14	0	489	32	1309	1120	0	201	0	370	0	450	35	884	37	85	66	0	275	0	22	134	593	0	21	0	792	174	205	111	205	14276	28	144	19	642	0	198	21	878	0
39791	Corynebacterium glucuronolyticum	0	550	763	128	30	532	17	1020	107	403	323	0	852	19	337	46	1408	0	25	0	70	144	0	0	0	135	0	699	0	0	267	0	169	0	188	20	528	0	154	41	0	565	0	47	592	121	0	255	0	584	14	298	942	3743	459	757	39522	0	1143	0	149	0	556	12
39950	Dialister pneumosintes	0	120	39	0	0	131	0	125	0	0	0	0	155	0	0	0	48	0	0	0	0	0	0	0	0	0	0	58	0	0	16	0	38	0	18	0	58	0	0	0	0	12	0	0	0	0	0	84	0	24	12	0	0	24	0	0	84	0	59	0	0	0	0	0
39956	Methylobacterium mesophilicum	24	27	108	19	0	0	0	25	0	32	0	34	0	261243	168657	125	0	0	0	0	0	0	0	0	0	115	0	0	0	0	0	0	10	0	0	37	65	0	0	0	0	0	38	0	0	0	0	0	0	23	0	0	0	14	0	0	0	0	0	0	0	0	29	0
40091	Helcococcus kunzii	0	116	140	0	0	20	0	116	0	0	0	0	0	0	11	0	36	0	0	0	13	35	0	0	0	0	0	60	0	0	11	0	20	0	29	0	20	0	105	0	0	28	0	0	0	0	0	137	0	32	0	12	14	23	16	0	86	0	0	0	10	0	0	0
40137	Afipia carboxidovorans	0	0	0	0	0	0	0	0	0	0	0	0	0	134	126	0	0	0	0	0	0	0	0	0	0	0	0	0	0	0	0	0	0	0	0	0	0	0	0	0	0	0	0	0	0	0	0	0	0	0	0	0	0	0	0	0	0	0	0	0	0	0	0	0
40214	Acinetobacter johnsonii	1374	427	526	55	1178	133	792	1718	1006	357	55	3836	63	120	123	725	200	0	0	320	104	366	201	193	474	2260	185	694	100	437	262	581	485	1226	575	170	440	1072	567	393	588	903	79	819	439	28	185	406	343	76	2367	3647	311	307	133	163	49	143	701	107	64	636	188	202
40215	Acinetobacter junii	0	131	345	0	0	337	0	260	55	288	33	43	0	0	125	597	254	116	79	51	65	42	43	0	0	221	0	307	0	37	246	54	223	91	264	73	160	90	334	63	0	206	0	42	81	248	0	136	0	0	78	63	123	97	174	93	0	30	111	0	0	0	25	0
40216	Acinetobacter radioresistens	0	106	346	0	0	0	0	179	12	30	0	0	0	0	0	50	0	0	0	0	0	55	0	0	39	0	0	484	19	0	19	46	307	335	17	103	90	45	970	0	0	94	0	13	0	0	0	61	190	0	36	20	53	14	0	0	34	0	0	0	0	0	0	0
40324	Stenotrophomonas maltophilia	0	282	663	63	145	99	57	459	164	345	108	326	524	106	256	231	639	1696	1076	177	47	699	444	65	371	4279	0	3229	1207	113	3277	336	4983	390	33670	124	8089	151	27990	56	115	1860	102	492	111	0	0	1966	292	179	1141	1696	470	335	58	177	0	72	311	0	53	122	110	92
40516	Gordonia hydrophobica	0	0	0	0	0	0	0	0	0	0	0	0	0	0	0	0	0	0	0	0	0	0	0	0	0	0	0	0	0	0	0	0	0	0	0	0	12	0	0	0	0	0	0	0	0	0	0	0	0	0	0	0	0	0	0	0	0	0	0	0	0	0	0	0
40520	Blautia obeum	0	44352	1114	28	62	1776	57	17314	941	99724	62	24	510	35	189	2778	83657	0	0	0	132	669	0	0	0	159	0	242	63	0	415	0	101	15	2955	0	196	273	148439	0	0	165	0	0	113	61	924	16611	0	161	92	512	167	731	19759	1179	13757	0	271	15	330	0	25	244
40542	Leptotrichia buccalis	0	165	440	53	202	12833	0	596	178	15468	88	13	856	0	136	55	1326	0	0	76	1735	0	0	0	0	446	0	899	356	0	274	0	719	21	348	0	2184	0	32	21	0	736	0	0	142	26	0	64	0	1061	51	1580	170	597	29	14	310	0	6296	0	35	0	12	154
40545	Sutterella wadsworthensis	0	0	0	0	0	0	0	20	0	0	0	0	0	0	0	0	40	0	0	0	0	0	0	0	0	0	0	0	0	0	0	0	0	0	0	0	0	0	0	0	0	0	0	0	0	0	0	44	0	0	0	0	0	0	0	0	105	0	21	0	47	0	0	0
40559	Botrytis cinerea	0	0	10	233	161	58	0	0	17	0	0	0	28	0	23	0	0	33048	36647	0	0	0	0	0	0	0	0	0	0	0	0	0	0	0	22	0	0	0	0	0	0	3103	321	0	0	0	0	0	0	18	0	0	0	0	0	0	0	0	0	0	0	0	0	0
40567	Actinosynnema mirum	0	0	0	0	0	0	0	0	0	0	0	0	0	0	0	0	0	0	0	0	0	0	0	0	0	0	0	0	0	0	0	0	0	0	0	0	78	0	0	0	0	0	0	0	0	0	0	0	0	0	0	0	0	0	0	0	0	0	0	0	0	0	0	0
41170	Exiguobacterium acetylicum	0	0	0	0	0	0	0	0	0	26	0	0	0	0	0	0	0	0	0	0	0	0	0	0	0	0	0	86	0	0	0	0	0	0	0	0	0	0	0	0	0	0	0	0	0	0	0	43	0	0	0	0	0	0	0	0	0	0	0	0	0	0	0	0
41202	Ewingella americana	0	0	35	0	0	0	0	0	0	63	0	0	413	0	0	0	27	0	0	0	0	0	0	0	0	0	0	0	0	0	0	0	0	0	11	0	0	0	0	0	0	0	0	0	0	0	0	0	0	119	0	0	0	0	0	0	0	0	0	0	20	0	0	0
41276	Brevundimonas vesicularis	0	0	0	3422	0	0	0	0	0	0	0	0	96	0	74	0	242	0	0	0	0	0	0	0	0	0	0	0	0	0	0	0	0	0	0	0	0	0	0	0	0	0	1991	0	0	0	0	0	0	0	0	0	33	122	0	0	0	0	0	0	0	0	0	0
41997	Enterococcus saccharolyticus	0	0	25	0	0	0	0	0	0	0	0	0	0	0	0	0	0	0	0	0	0	0	0	0	0	0	0	0	0	0	0	0	0	0	0	0	0	0	0	0	0	0	0	0	0	0	0	0	0	0	0	0	0	0	0	0	0	0	0	0	0	0	0	0
42234	Streptomyces acidiscabies	0	0	0	0	0	0	0	0	0	0	0	0	0	0	0	0	0	0	0	0	0	0	0	0	0	0	0	0	0	0	0	0	0	0	0	0	0	0	0	0	0	0	0	0	0	0	0	0	0	0	53	0	0	0	0	0	0	0	0	0	0	0	0	0
42256	Rubrobacter radiotolerans	0	0	0	0	0	0	0	0	0	0	0	0	0	0	16	0	0	0	0	0	0	0	0	0	0	0	0	0	0	0	0	0	0	0	0	0	0	0	0	0	0	0	0	0	0	0	0	0	0	0	0	0	0	0	0	0	0	0	0	0	0	0	0	0
42260	Zygotorulaspora mrakii	0	0	0	0	0	0	0	0	0	0	0	0	0	0	0	0	0	142	110	0	0	0	0	0	0	0	0	0	0	0	0	0	0	0	0	0	0	0	0	0	0	0	0	0	0	0	0	0	0	0	10	0	0	0	0	0	0	0	0	0	0	0	0	0
42374	Candida dubliniensis	0	0	0	0	0	0	0	0	0	0	0	0	0	0	0	0	0	86	39	0	0	0	0	0	0	0	0	0	0	0	0	0	0	0	0	0	0	0	0	0	0	0	0	0	0	0	0	0	0	0	0	0	0	0	0	0	0	0	0	0	0	0	0	0
42817	Corynebacterium argentoratense	0	15	14	0	0	0	0	12	0	0	0	0	0	0	0	0	0	0	0	0	0	0	0	0	0	0	0	20	0	0	12	0	0	0	11	0	37	0	20	0	0	40	0	0	12	0	0	0	0	0	0	0	0	0	55	0	12	0	0	0	0	0	11	0
42858	Mammaliicoccus lentus	0	55	23	0	0	50	0	340	0	0	0	0	0	0	0	0	18	0	0	0	0	0	0	0	0	14	0	33	0	0	60	0	0	0	11	0	255	0	26	0	0	42	0	0	36	0	0	0	0	0	0	0	0	17	0	0	21	0	0	0	0	0	0	0
43057	Cereibacter azotoformans	0	0	0	0	0	0	0	0	0	0	0	0	0	0	0	0	0	0	0	0	0	0	0	0	0	0	0	0	0	0	0	0	0	0	0	0	0	0	0	0	0	0	0	0	0	0	0	61	0	0	0	0	42	0	0	0	0	0	0	0	0	0	0	0
43263	Pseudomonas alcaligenes	0	28	44	0	0	33	0	29	0	0	0	0	0	0	0	18	0	0	0	0	0	110	0	0	145	53	0	143	0	0	0	149	19	16	19	31	68	143	84	17	0	37	0	29	13	0	0	30	153	0	32	0	41	19	0	0	0	13	14	0	0	35	0	0
43305	Butyrivibrio proteoclasticus	0	29	0	0	0	0	0	0	0	22	0	0	0	0	0	0	0	0	0	0	0	0	0	0	0	0	0	0	0	0	0	0	0	0	0	0	0	0	171	0	0	0	0	0	0	0	0	0	0	0	0	0	0	0	0	0	0	0	0	0	0	0	0	0
43306	Pseudomonas denitrificans (nom. rej.)	0	0	0	0	0	0	0	0	0	0	0	0	0	0	0	0	0	0	0	0	0	0	18	0	0	0	0	0	0	0	0	0	0	0	0	0	0	0	0	0	0	0	0	0	0	0	0	0	0	0	0	55	0	0	0	0	0	0	0	0	0	0	0	0
43669	Brachybacterium faecium	0	0	0	0	0	0	0	0	0	0	0	0	0	0	0	0	0	0	0	0	0	0	0	0	0	47	0	0	17	0	0	0	0	0	0	0	0	0	17	0	0	0	0	0	0	0	253	0	0	0	0	0	0	0	0	0	0	0	0	0	0	0	0	0
43674	Jonesia denitrificans	0	13	0	0	0	0	0	0	0	0	0	0	0	0	0	0	0	0	0	0	0	0	0	0	0	0	0	0	0	0	0	0	0	0	0	0	0	0	0	0	0	0	0	0	0	0	0	0	0	0	0	0	0	0	0	0	0	0	0	0	0	0	0	0
43675	Rothia mucilaginosa	429	2890	34539	2012	206	2369	226	1092	2897	31821	29726	183	42170	25	1018	229	5861	0	90	355	481	242	1751	14	121	1755	110	89254	6269	268	1682	287	5139	104	21708	516	14338	37	767	1341	31	8301	38	53	1112	2928	228	938	1268	58541	3355	10023	1542	2742	362364	163	839	64	2734	38	1109	240	7159	37
43765	Corynebacterium amycolatum	81	210198	7956	115	88	1303	0	10764	273	733	1110	68	192	1811	21824	471	4322	0	79	55	2376	15937	83	99	0	1917	0	2045	435	112	3540	0	1155	162	3266	83	2918	101	11689	282	0	3109	0	696	2340	618	0	1690	112	468	850	576	2502	6956	5927	711	8732	173	3547	0	2998	97	519	3632
43767	Prescottella equi	0	0	0	0	0	0	0	0	0	0	0	0	0	0	0	0	0	0	0	0	0	0	0	0	0	0	0	0	0	0	0	0	0	0	0	0	35	0	0	0	0	0	0	0	0	0	0	0	0	0	0	0	0	0	0	0	0	0	0	0	0	0	0	0
43768	Corynebacterium matruchotii	294	1247	2142	391	238	5394	34	6073	1662	29339	732	62	1088	24	889	246	4521	0	89	87	2743	320	19	31	150	32699	24	9541	130	20	2290	14	4261	100	4528	129	11134	19	406	221	27	5960	28	72	1092	152	14	773	30	900	88	1749	1109	6344	36	60	1331	32	5583	12	354	885	339	7681
43769	Corynebacterium propinquum	0	84	101	45	14	162	0	2484	0	197	19	15	961	0	237	12	176	0	0	0	181	62	0	0	0	4943	0	694	0	0	224	0	2516	13	537	49	970	0	81	44	0	769	0	39	79	39	0	169	0	53	22	189	171	488	92	0	381	0	216	0	39	40	44	657
43770	Corynebacterium striatum	0	1581	437	80	32	408	0	773	17	174	190	0	86	49	222	40	1319	0	69	0	87	350	0	0	0	218	0	365	21	18	487	0	179	75	161	117	4256	0	576	23	13	723	0	15	310	48	50	193	0	118	0	94	190	587	712	142	7743	0	227	0	38	0	120	24
43771	Corynebacterium urealyticum	0	399	124	0	13	22	0	177	0	25	25	0	0	0	38	60	173	0	0	16	0	30	0	0	0	68	0	46	29	13	62	0	45	0	202	64	401	0	179	0	0	155	0	665	172	0	0	75	0	28	76	26	32	97	53	0	107	12	69	0	13	30	23	12
43990	Corynebacterium segmentosum	0	210	285	2291	0	707	0	4083	0	295	0	0	881	0	407	0	311	0	0	0	395	0	0	0	0	479	0	1964	0	0	276	0	993	0	336	0	1508	0	0	0	0	1503	0	0	220	179	0	662	0	294	0	305	143	1183	3166	0	634	0	309	0	157	0	235	113
44008	Enterococcus cecorum	0	43	133	0	0	21	0	92	0	70	0	11	17	0	0	0	28	0	0	14	0	0	0	0	0	11	0	13	40	0	0	0	0	0	221	0	0	0	569	0	0	16	0	0	0	0	0	0	0	31	19	31	0	0	18	0	13	0	0	0	0	0	0	16
44742	Desulfovibrio fairfieldensis	0	0	0	0	0	0	0	85	0	314	0	0	0	0	0	0	14	0	0	0	0	0	0	0	0	0	0	0	0	0	0	0	0	0	0	0	0	0	0	0	0	0	0	0	0	0	0	43	0	0	0	0	0	0	0	0	0	0	0	0	0	0	0	0
44750	Corynebacterium auris	0	119	28	0	0	18	0	93	0	0	0	0	0	0	22	0	30	0	0	0	11	16	0	0	0	14	0	27	0	0	57	0	25	0	15	0	384	0	88	0	0	230	0	0	67	0	0	16	0	0	0	0	31	59	13	0	26	0	36	0	0	0	516	0
45243	Capnocytophaga haemolytica	0	0	0	0	0	267	0	25	0	153	0	0	0	0	15	0	32	0	0	0	483	0	0	0	15	2900	0	28	0	0	16	0	21	0	15	0	33	0	0	0	0	13	0	0	0	0	0	13	0	0	0	14	29	400	0	0	0	0	88	0	0	265	0	180
45254	Dysgonomonas capnocytophagoides	0	0	0	0	0	0	0	0	0	0	15	22	0	0	0	0	0	0	0	0	0	0	0	0	0	0	0	0	0	0	0	0	0	0	0	0	0	0	0	0	0	0	0	0	0	0	0	0	0	0	0	0	0	0	0	0	0	0	0	0	0	0	0	0
45286	Eremothecium sinecaudum	0	0	0	339	0	0	0	0	0	0	0	0	0	0	0	0	0	0	0	0	0	0	0	0	0	0	0	0	0	0	0	0	0	0	0	0	0	0	0	0	0	0	431	0	0	0	0	0	0	0	0	0	0	0	0	0	0	0	0	0	0	0	0	0
45634	Streptococcus cristatus	64	494	689	199	125	1849	0	9222	132	9191	545	50	2546	41	1458	94	2412	0	55	109	1070	17	12	0	28	3403	0	8759	507	139	788	54	1463	64	2583	1263	13688	0	283	64	21	2237	0	29	266	409	0	246	59	2000	55	760	479	2911	466	26	1834	427	7439	0	157	157	205	25
45851	Butyrivibrio crossotus	0	455	0	0	0	199	0	244	0	462	0	0	0	0	0	30	410	0	0	0	0	13	0	0	0	0	0	38	0	0	25	0	23	0	86	0	101	13	7145	0	0	746	0	0	0	0	35	204	0	0	0	0	0	26	125	20	233	0	18	0	22	0	0	0
45972	Staphylococcus pasteuri	138	11618	16324	321	166	3030	48	2441	196	4008	1096	145	3536	0	797	83	1536	0	176	15	108	252	177	0	0	321	38	4755	1288	345	14948	22	14247	59	5521	1596	116363	11	3278	77	15	13445	0	34	2101	1733	76	1492	32	1237	50	4922	554	3361	1469	353	6758	14	1230	37	990	30	5394	121
46124	Granulicatella adiacens	58	2636	3682	1059	269	5790	29	68502	328	8227	5722	96	38411	50	1060	177	4237	0	91	180	18799	83	118	0	73	17627	24	8080	1166	33	902	45	3227	55	4058	443	37221	82	587	271	20	2596	28	33	550	1245	34	891	242	13522	182	3211	750	3476	37653	73	2624	914	31383	20	450	275	2723	26
46125	Abiotrophia defectiva	0	95	327	698	274	3626	15	1828	145	6802	67	102	42416	109	1569	156	3424	0	130	0	5803	0	0	0	15	4744	0	4145	35	20	1393	0	2687	41	4077	497	7915	0	232	12	22	2930	0	0	52	59	0	147	0	675	33	2453	158	651	180	0	244	463	11435	0	16	22	77	0
46126	Staphylococcus chromogenes	0	94	40	0	0	14	0	30	0	0	0	0	0	0	0	0	19	0	0	0	0	12	0	0	0	0	0	119	0	0	44	0	22	0	44	0	346	0	116	0	0	79	0	0	57	0	0	11	0	10	0	0	0	11	0	0	10	0	14	0	0	0	13	0
46127	Staphylococcus felis	0	87	21	0	0	0	0	10	0	0	0	0	0	0	0	0	0	0	0	0	0	0	0	0	0	0	0	10	0	0	28	0	0	0	0	0	323	0	0	0	0	41	0	0	47	0	0	0	0	0	0	0	0	0	0	0	0	0	0	0	0	0	11	0
46165	Actinomadura verrucosospora	0	0	0	0	0	0	0	0	0	0	0	0	0	0	0	0	0	0	0	0	0	0	0	0	0	0	0	0	0	0	0	0	0	0	0	0	28	0	0	0	0	0	0	0	0	0	57	0	0	0	0	0	0	0	0	0	0	0	0	0	0	0	0	0
46228	[Ruminococcus] lactaris	0	2572	53	0	143	3998	0	1313	259	16257	16	0	38	0	28	107	2508	0	0	0	20	129	0	0	0	0	0	31	0	0	47	0	10	0	130	0	31	36	20577	0	0	24	0	0	0	32	19	1503	0	0	0	89	46	292	1739	195	1967	0	63	0	15	0	0	21
46351	Mycolicibacterium hassiacum	0	0	0	124	0	0	0	0	0	0	0	0	0	0	0	0	0	0	0	18	0	0	0	0	0	0	0	0	0	0	0	0	0	0	0	0	0	0	0	0	0	0	0	0	0	0	0	0	0	0	0	0	0	0	0	0	0	0	0	0	0	0	0	0
46503	Parabacteroides merdae	0	756	81	0	0	61	0	1914	501	4579	0	0	22	0	30	62	1593	0	0	0	136	18	0	0	0	43	0	48	0	0	35	0	20	0	91	0	20	42	9362	0	0	47	0	0	0	23	13	1265	0	0	0	38	53	191	171	23	796	0	52	0	42	0	0	0
46506	Bacteroides stercoris	0	38	205	0	31	295	0	5002	19	368	0	0	36	0	66	88	1254	0	0	0	130	15	0	0	0	125	0	94	0	0	42	0	61	0	24	0	62	0	1047	0	0	56	0	0	20	53	0	163	0	47	13	103	251	646	172	236	2969	0	454	0	72	0	0	0
46507	Ezakiella coagulans	0	371	814	235	66	472	0	6649	28	488	41	0	245	71	296	135	1339	0	0	0	62	94	0	0	15	1065	0	2222	14	30	2903	15	2041	31	2083	109	3406	0	3575	24	38	3655	0	0	56	21	0	1557	0	175	29	164	262	679	67	2300	37139	0	294	0	49	0	47	0
46677	Pseudomonas agarici	0	0	56	0	0	0	0	0	0	71	0	10	246	0	0	0	13	0	0	0	0	0	0	0	0	0	0	0	0	0	0	0	22	0	28	0	0	0	0	0	0	0	0	0	0	25	0	0	13	812	0	0	0	0	0	0	0	0	0	0	0	0	0	0
46679	Pseudomonas mucidolens	0	0	0	0	0	0	0	0	0	0	0	0	16	0	0	0	0	0	0	0	0	0	0	0	0	0	0	0	0	0	0	0	0	0	0	0	0	0	0	0	0	0	0	0	0	0	0	0	0	0	0	0	0	0	0	0	0	0	0	0	0	0	0	0
46680	Pseudomonas nitroreducens	0	0	0	0	0	0	0	0	0	0	0	0	0	0	0	0	0	0	0	0	0	0	0	0	0	181	0	0	0	0	0	0	0	0	46	0	0	0	0	0	0	0	0	0	0	0	0	0	0	0	0	0	0	0	0	0	0	0	0	0	0	0	0	0
46867	Clostridium chauvoei	0	0	0	0	0	0	0	0	0	0	0	0	0	0	0	32	0	0	0	0	0	0	0	0	0	0	0	0	0	0	0	0	0	0	0	0	0	0	0	0	0	0	0	0	0	0	0	0	0	0	0	0	0	0	0	141	24	0	0	0	0	0	0	0
47421	Hydrogenophaga pseudoflava	0	0	0	0	0	0	0	0	0	0	0	0	0	0	0	0	0	0	0	0	0	16	0	0	0	0	0	0	0	0	0	0	0	0	0	0	0	0	0	0	0	0	0	0	0	0	0	0	0	0	0	0	0	0	0	0	0	0	0	0	0	0	0	0
47671	Lautropia mirabilis	347	5934	3478	1807	1214	58918	0	6737	112	121704	1787	217	15430	110	3834	228	23045	0	553	44	69398	37	38	0	18	5660	0	5158	586	0	1748	85	49964	31	11019	56	4369	0	262	34	17	3891	61	16	1461	295	65	14836	142	10317	132	44150	4135	10510	2108	88	2892	16255	233690	0	22942	23	1683	105
47678	Bacteroides caccae	0	121	82	0	13	95	0	1812	98	4484	0	0	16	0	27	41	979	0	0	0	68	18	0	0	0	17	0	90	0	0	32	0	33	0	122	0	40	71	18979	0	0	103	0	0	0	0	16	713	0	16	0	44	48	218	93	135	1327	0	92	0	214	0	0	0
47715	Lacticaseibacillus rhamnosus	0	38	188	0	0	0	0	0	12	395	0	11	650	0	0	0	0	0	0	0	0	0	0	0	0	0	0	0	7001	61	0	0	88	0	353	0	96	0	0	0	0	11	0	0	0	0	0	0	0	41	0	247	0	0	0	0	14	0	97	0	0	0	0	0
47735	Bibersteinia trehalosi	0	0	0	0	0	0	0	14	0	0	0	0	0	0	0	0	0	0	0	0	0	0	0	0	0	0	0	0	0	0	0	0	0	0	0	0	0	0	0	0	0	0	0	0	0	0	0	0	0	0	0	0	0	0	0	0	0	0	0	0	0	0	0	0
47760	Streptomyces aurantiacus	0	0	0	0	0	0	0	0	0	0	23	0	0	0	0	0	0	0	0	0	0	0	0	0	0	0	0	0	0	0	0	0	0	0	0	0	0	0	0	0	0	0	0	0	0	0	0	0	0	0	0	0	0	0	0	0	0	0	0	0	0	0	0	0
47770	Lactobacillus crispatus	246	7143	17207	29	0	232	0	109	0	80	1043	0	14	0	52	33	267	0	0	0	13	3774	0	0	13	1402	79	20210	2551	137	6394	89	16070	233	10375	185	15344	336	108183	123	81	10627	0	0	535	0	0	0	0	63	0	83	56	219	67979	626	5732	0	89	0	34	0	263	2256
47857	Micromonospora echinaurantiaca	0	0	0	0	0	0	0	0	0	0	0	0	0	0	0	0	0	0	0	0	0	0	0	0	0	0	0	0	0	0	0	0	0	0	0	0	0	0	0	0	0	0	0	0	0	0	372	0	0	0	0	0	0	0	0	0	0	0	0	0	0	0	0	0
47877	Pseudomonas amygdali	0	0	0	0	0	0	0	0	0	154	0	0	111	0	0	0	93	0	0	0	0	0	0	0	0	0	0	0	0	0	0	0	0	0	0	0	0	0	0	0	0	0	0	0	0	0	0	0	0	0	0	0	0	0	0	0	0	0	0	0	0	0	0	0
47878	Pseudomonas azotoformans	0	0	547	0	0	0	0	0	0	1657	0	0	474	0	0	0	280	0	0	0	0	0	0	0	0	0	0	0	67	0	0	0	163	0	399	0	0	0	0	0	0	0	0	0	0	0	0	0	0	4031	61	959	0	0	0	0	0	0	446	0	483	0	0	0
47880	Pseudomonas fulva	0	6413	4841	0	147	666	0	5649	0	2458	1863	0	205	0	787	0	572	0	237	0	243	158	0	0	0	187	0	1663	458	0	3401	0	5009	49	1033	276	5315	0	93	86	0	1526	0	0	886	0	0	2269	393	10635	84	2985	1006	2776	241	0	169	0	2059	0	184	0	125	53
47883	Pseudomonas synxantha	0	0	0	0	0	0	0	0	0	50	0	35	127	0	0	0	20	0	0	0	0	0	0	0	0	0	0	0	0	0	0	0	0	0	62	0	0	0	0	0	0	0	0	0	0	0	0	0	0	44	0	21	0	0	0	0	0	0	0	0	0	0	0	0
47884	Pseudomonas taetrolens	0	0	0	0	0	0	0	0	0	0	0	0	0	0	0	0	0	0	0	0	0	0	0	0	0	19	0	0	0	0	0	0	0	0	0	0	0	0	0	0	0	0	0	0	0	0	0	81	0	0	0	0	0	0	0	0	0	0	0	0	0	0	0	0
47885	Pseudomonas oryzihabitans	0	135	51	56	0	35	0	855	27	252	0	0	38	0	56	0	19	0	0	0	0	0	0	0	0	0	0	28	0	0	111	0	897	0	13	0	62	0	0	26	0	62	0	15	37	0	0	487	53	3823	0	187	43	125	0	0	36	0	75	0	0	0	0	0
47886	Pseudomonas luteola	0	34	21	0	0	0	0	299	21	0	0	0	0	0	0	27	0	0	0	0	0	0	0	0	0	0	0	19	0	0	23	0	0	0	0	0	0	0	0	0	0	286	0	0	0	0	0	0	50	0	0	0	0	0	0	0	0	0	25	0	0	0	0	0
47917	Serratia fonticola	0	0	0	0	0	0	0	0	0	0	0	0	36	0	0	0	0	0	0	0	0	0	0	0	0	0	0	0	0	0	0	0	0	0	0	0	0	0	0	0	0	0	0	0	0	0	0	0	0	0	0	0	0	0	0	0	0	0	0	0	0	0	0	0
47960	Guyparkeria halophila	0	0	0	0	14	10	0	0	0	0	0	0	0	0	0	0	0	0	0	0	0	0	0	0	0	0	0	0	0	0	0	0	0	0	0	0	0	0	0	0	0	0	0	0	0	0	0	0	0	0	0	0	0	0	0	0	0	0	0	0	0	0	0	0
48254	Torulaspora globosa	0	0	0	0	0	0	0	0	0	0	0	0	0	0	0	0	0	173	175	0	0	0	0	0	0	0	0	0	0	0	0	0	0	0	0	0	0	0	0	0	0	0	0	0	0	0	0	0	0	0	0	0	0	0	0	0	0	0	0	0	0	0	0	0
48296	Acinetobacter pittii	0	2688	1516	481	374	2555	163	14384	146	4139	485	62	1578	191	1717	128	1376	0	484	30	291	29	0	0	0	522	0	5609	0	227	11041	0	4553	142	8061	163	7836	0	302	64	36	3690	0	57	914	81	167	5037	61	3046	129	5799	1786	5523	99	0	504	0	1652	0	603	0	223	32
48664	Xanthomonas fragariae	0	0	112	0	0	0	0	0	0	31	0	0	45	0	0	0	0	0	0	0	0	0	0	0	0	0	0	0	0	0	0	0	0	0	0	0	0	0	0	0	0	0	0	0	0	0	0	0	0	33	0	0	0	0	0	0	0	0	0	0	0	0	0	0
49319	Rubrobacter xylanophilus	0	55	106	0	0	111	0	68	0	40	10	0	0	0	21	0	55	0	0	0	0	10	0	0	0	0	0	38	0	0	0	0	13	0	0	0	10	0	0	0	0	0	0	0	57	433	0	19	0	17	0	31	14	107	130	0	219	0	81	0	0	0	235	0
51101	Brevibacillus agri	0	0	0	0	0	0	0	0	0	0	0	0	0	0	0	0	0	0	0	0	0	0	0	0	0	0	0	0	0	0	0	0	0	0	0	0	0	0	0	0	0	0	0	0	0	0	0	0	0	0	0	0	97	86	0	0	70	0	0	0	0	0	0	0
51665	Aerococcus urinaeequi	21	8855	532	0	49	52	42	16262	29	37	113	260	0	0	39	10	83	0	0	0	0	18	0	0	0	39	0	26	14	0	57	0	26	0	0	0	141	0	0	61	0	133	0	63	110	0	63	3845	0	12	0	0	57	495	31	0	140	0	30	134	40	0	0	128
51669	Tetragenococcus halophilus	0	150	145	140	5020	10905	193	1816	103	2579	0	427	10889	0	616	0	70	0	5687	33	302	0	531	0	0	336	14	3190	22	20	3772	75	9998	55	4957	440	18824	0	1469	0	0	996	0	0	0	6940	232	3875	267	81671	2086	29021	2725	22301	0	76	553	70	8330	0	0	0	198	0
52133	Acinetobacter venetianus	0	0	0	0	0	0	0	0	0	0	0	0	0	0	0	0	0	0	0	0	0	0	0	0	0	0	0	0	0	0	0	0	0	0	0	0	0	0	0	0	0	0	0	0	13	0	0	0	0	0	0	0	0	0	0	0	0	0	0	0	0	0	0	0
52227	Prevotella dentalis	0	28	18	0	0	16	0	11	0	31	0	0	0	0	0	0	37	0	0	0	0	0	0	0	0	0	0	45	0	0	14	0	26	0	11	0	31	0	16	0	0	34	0	0	0	0	0	0	0	0	0	0	0	15	0	0	21	0	0	0	0	0	0	0
52584	Brachyspira pilosicoli	0	0	0	0	0	0	0	0	0	0	0	0	0	0	0	0	0	0	0	0	0	0	0	0	0	0	0	0	0	0	0	0	0	0	0	0	0	0	51	0	0	0	0	0	0	0	0	0	0	0	0	0	0	0	0	0	0	0	0	0	0	0	0	0
52771	Actinomyces howellii	0	0	10	0	0	11	0	10	0	10	0	0	12	0	0	0	0	0	0	0	0	0	0	0	0	10	0	26	0	0	0	0	0	0	0	0	61	0	0	0	0	0	0	0	0	0	0	0	0	0	0	0	0	20	0	0	0	0	20	0	0	0	0	0
52773	Schaalia meyeri	0	38	182	20	0	51	0	171	0	112	46	0	133	0	52	0	193	0	0	0	67	0	0	0	0	36	0	162	0	0	62	0	148	0	53	0	214	0	12	0	0	135	0	0	30	19	0	34	0	502	18	115	39	186	375	0	345	0	127	0	18	19	48	0
52774	Actinomyces slackii	0	0	0	0	0	0	0	15	0	0	0	0	21	0	13	0	16	0	0	0	0	0	0	0	0	15	0	33	0	0	0	0	13	0	0	0	117	0	0	0	0	24	0	0	0	0	0	0	0	12	0	0	0	26	10	0	11	0	30	0	0	0	0	0
53344	Staphylococcus delphini	0	91	22	0	0	15	0	0	0	11	0	0	13	0	0	0	0	0	0	0	0	0	0	0	0	0	0	27	0	0	27	0	0	0	43	12	300	0	0	0	0	44	0	0	43	16	0	17	0	0	0	16	11	23	0	0	0	0	0	0	0	0	14	0
53345	Enterococcus durans	0	0	0	0	0	0	0	0	0	13	0	0	0	0	0	0	0	0	0	0	0	0	0	0	0	0	0	0	14	0	0	0	0	0	0	0	0	0	0	0	0	0	0	0	0	0	0	0	0	0	0	0	0	0	0	0	0	0	0	0	0	0	0	0
53346	Enterococcus mundtii	0	0	0	0	0	0	0	0	0	0	0	0	0	0	0	0	0	0	0	0	0	0	0	0	0	0	0	0	0	0	0	0	0	14	0	0	0	0	0	0	0	0	0	0	0	0	0	0	0	0	0	0	0	0	0	0	0	0	0	0	0	0	0	0
53358	Intrasporangium calvum	0	0	0	0	0	0	0	0	0	0	0	0	0	0	0	0	0	0	0	0	0	0	0	0	0	0	0	0	0	0	0	0	0	0	0	0	52	0	0	0	0	0	0	0	0	0	0	0	0	0	0	0	0	0	0	0	0	0	0	0	0	0	0	0
53359	Dactylosporangium fulvum	0	0	0	0	0	0	0	0	0	0	0	0	0	0	0	0	0	0	0	0	0	0	0	0	0	0	0	0	0	0	0	0	0	0	0	0	51	0	0	0	0	0	0	0	0	0	101	0	0	0	0	0	0	0	0	0	0	0	0	0	0	0	0	0
53374	Corynebacterium coyleae	0	10353	394	49	29	331	11	1931	126	187	101	0	74	70	384	60	347	0	108	0	40	366	26	36	0	271	0	3182	11	21	1579	0	1281	12	5043	96	5113	14	11429	63	22	4679	0	106	1250	110	0	268	0	181	106	98	175	438	727	50	550	13	327	0	51	136	109	72
53399	Hyphomicrobium denitrificans	0	0	0	0	0	0	0	0	0	0	0	0	0	0	0	0	0	0	0	0	0	0	0	0	0	0	0	11	0	0	0	0	0	0	0	0	0	0	0	0	0	0	0	0	0	0	0	0	0	0	0	0	0	0	0	0	0	0	0	0	0	0	0	0
53407	Pseudomonas asplenii	0	0	0	0	0	0	0	0	0	0	0	511	1268	0	0	0	0	0	0	0	0	0	0	0	0	0	0	0	0	0	0	0	0	0	230	0	0	0	0	0	0	0	0	0	0	0	0	0	0	0	0	0	0	0	0	0	0	0	0	0	0	0	0	0
53412	Pseudomonas resinovorans	0	0	0	0	0	0	0	0	0	0	0	0	12	0	0	0	0	0	0	0	0	0	0	0	0	0	0	0	0	0	0	0	0	0	0	0	0	0	0	0	0	0	0	0	0	0	0	0	0	0	0	0	0	0	0	0	0	0	0	0	0	0	0	0
53419	Treponema socranskii	0	811	37	0	0	282	0	83	40	158	15	0	43	0	49	0	74	0	0	0	105	0	0	0	0	52	0	216	0	0	61	0	221	0	84	0	704	0	10	0	0	97	0	0	39	0	0	43	0	0	0	23	40	134	0	0	45	0	180	0	0	0	24	0
53437	Nocardiopsis alba	0	0	0	0	0	0	0	0	0	0	0	0	0	0	0	0	0	0	0	0	0	0	0	0	0	0	0	0	0	0	0	0	0	0	16	0	35	0	0	0	0	0	0	0	0	0	0	0	0	0	0	0	0	0	0	0	0	0	0	0	0	0	0	0
53442	Eubacterium callanderi	0	474	0	0	0	77	0	107	0	719	0	0	0	0	0	0	424	0	0	0	0	217	0	0	0	0	0	0	0	0	0	0	0	0	24	0	0	0	3492	0	0	0	0	0	0	0	0	47	0	0	0	0	0	0	134	16	357	0	11	0	0	0	0	0
53443	Blautia hydrogenotrophica	0	810	40	0	0	145	0	1439	44	3249	0	0	25	0	27	60	2181	0	0	0	0	21	0	0	0	0	0	15	0	0	27	0	0	0	52	0	34	14	9151	0	0	0	0	0	0	0	0	564	0	0	0	36	0	51	424	44	967	0	37	0	40	0	0	0
53458	Janibacter limosus	0	13	14	0	0	0	0	11	0	0	0	0	0	0	0	0	0	0	0	0	0	0	0	0	0	35	0	54	0	0	0	0	0	0	0	0	125	0	0	0	0	32	0	0	0	0	0	42	0	0	0	0	18	11	0	0	0	0	0	0	0	75	0	0
53461	Nakamurella multipartita	0	0	0	0	0	0	0	0	0	0	0	0	0	0	0	0	0	0	0	0	0	0	0	0	0	0	0	0	0	0	0	0	0	0	0	0	35	0	0	0	0	0	0	0	0	0	0	0	0	0	0	0	0	0	0	0	0	0	0	0	0	0	0	0
53462	Mycolicibacterium mageritense	0	0	0	164	0	0	0	0	0	0	0	0	0	0	0	0	0	0	0	0	0	0	0	0	0	0	0	0	0	0	0	0	0	0	0	0	0	0	0	0	0	0	144	0	0	0	0	0	0	0	0	0	0	0	0	0	0	0	0	0	0	0	0	0
54005	Peptoniphilus harei	34	1400	1236	70	88	364	19	1180	120	1654	101	14	415	195	605	113	2938	0	62	48	2180	173	0	0	0	276	0	2673	31	21	958	0	1449	62	1311	23	1085	0	4388	62	18	1395	0	0	299	63	26	851	0	1303	67	137	281	663	183	66	1709	0	389	34	53	0	112	17
54006	Peptoniphilus ivorii	0	0	20	0	0	56	0	158	0	27	0	0	0	0	0	0	25	0	0	0	0	12	0	0	0	0	0	24	0	0	29	0	13	0	17	0	22	0	37	0	0	87	0	0	0	0	0	85	0	0	0	0	15	19	10	0	57	0	30	0	0	0	0	0
54291	Raoultella ornithinolytica	0	0	0	0	0	0	0	0	0	193	0	0	294	0	0	0	58	0	0	0	0	0	0	0	0	0	0	0	0	0	0	0	0	0	0	0	0	0	0	0	0	0	0	0	0	0	0	0	0	0	0	0	0	0	0	0	0	0	0	0	0	0	0	0
54299	Chroococcidiopsis thermalis	0	0	0	0	0	0	0	0	0	0	0	0	0	0	0	0	0	0	0	0	0	0	0	0	0	0	0	0	0	0	0	0	0	0	0	0	303	0	0	0	0	0	0	0	0	0	0	159	0	0	0	0	0	75	0	0	0	0	0	0	0	0	0	0
54571	Streptomyces venezuelae	0	0	0	0	0	0	0	0	0	0	0	0	0	0	151	0	0	213	272	0	0	0	0	0	0	0	0	0	0	0	0	0	0	0	0	0	426	0	0	0	0	0	0	0	0	0	0	0	0	0	0	0	0	0	0	0	0	0	0	0	0	0	0	0
55148	Deinococcus proteolyticus	0	55	0	0	0	0	0	89	0	49	0	0	0	0	0	0	63	0	0	0	0	0	0	0	0	56	0	0	0	0	0	0	0	0	0	0	0	0	0	0	0	37	0	0	38	0	0	0	0	0	0	0	0	0	0	0	0	0	0	0	0	0	0	0
55208	Pectobacterium wasabiae	0	0	0	12	0	0	0	0	0	54	0	0	92	0	0	0	20	0	0	0	0	0	0	0	0	0	0	0	0	0	0	0	0	0	0	0	0	0	0	0	0	0	0	0	0	0	0	0	0	0	0	0	0	0	0	0	0	0	0	0	0	0	0	0
55211	Erwinia persicina	0	0	0	0	0	0	0	0	0	29	0	0	70	0	0	0	25	0	0	0	0	0	0	0	0	0	0	0	0	0	0	0	0	0	0	0	0	0	0	0	0	0	0	0	0	0	0	0	0	0	0	0	0	0	0	0	0	0	0	0	0	0	0	0
55212	Erwinia rhapontici	0	0	0	73	0	38	0	14	12	374	0	19	751	0	23	34	948	0	19	0	0	0	0	0	0	0	0	0	0	0	0	0	37	0	30	0	0	0	0	0	0	12	0	0	0	0	0	0	0	0	0	0	0	0	0	0	0	0	0	0	0	0	0	0
56438	Couchioplanes caeruleus	0	93	0	0	0	0	0	0	0	0	0	0	0	0	0	0	0	0	0	0	0	0	0	0	0	0	0	0	0	0	0	0	0	0	0	0	141	0	0	0	0	0	0	0	0	0	3299	0	0	0	0	0	0	0	0	0	0	0	0	0	0	0	0	0
56448	Xanthomonas arboricola	0	0	0	0	0	0	0	0	0	0	0	0	0	0	0	0	0	0	0	0	0	0	0	0	0	0	0	0	0	0	0	0	101	0	0	0	34	0	0	0	0	0	0	0	0	0	0	0	0	0	0	0	0	0	0	0	0	0	0	0	0	0	0	0
56453	Xanthomonas cucurbitae	0	0	11	0	0	0	0	0	0	0	0	0	0	0	0	0	0	0	0	0	0	0	0	0	0	0	0	0	0	0	0	0	79	0	0	0	0	0	0	0	0	13	0	0	0	0	0	0	0	0	0	0	0	0	0	0	0	0	0	0	0	0	0	0
56454	Xanthomonas hortorum	0	0	17	15	0	0	0	0	0	31	0	0	17	0	0	0	79	0	0	0	0	0	0	0	0	0	0	0	0	0	0	0	85	0	0	0	0	0	0	0	0	0	0	0	0	0	0	0	0	0	0	0	0	0	0	0	0	0	0	0	0	0	0	0
56455	Xanthomonas hyacinthi	0	0	0	0	0	0	0	0	0	0	0	0	15	0	0	0	0	0	0	0	0	0	0	0	0	0	0	0	0	0	0	0	0	0	0	0	0	0	0	0	0	0	0	0	0	0	0	98	0	0	0	0	0	0	0	0	0	0	0	0	0	0	0	0
56460	Xanthomonas vesicatoria	0	0	0	0	0	0	0	0	0	35	0	0	0	0	0	0	0	0	0	0	0	0	0	0	0	0	0	0	0	0	0	0	0	0	0	0	0	0	0	0	0	0	0	0	0	0	0	0	0	0	0	0	0	0	0	0	0	0	40	0	0	0	0	0
56646	Fusarium venenatum	0	140	0	1009	0	0	0	0	0	0	0	0	0	0	0	0	0	56440	53870	0	0	0	0	0	0	0	0	0	0	0	0	0	0	0	0	0	0	0	0	0	0	12457	940	0	0	0	0	0	0	0	0	0	0	0	0	0	0	0	0	0	0	0	0	0
56689	Mycolicibacterium mucogenicum	0	19	0	167	0	0	0	40	0	0	0	0	0	0	0	0	0	0	0	0	0	0	0	0	0	0	0	0	0	0	0	0	0	0	0	0	0	0	0	0	0	0	62	16	0	0	0	0	0	0	0	0	0	0	0	0	0	0	0	0	0	0	0	0
56956	Thermus brockianus	0	0	0	0	52	0	0	0	33	31	0	0	0	0	0	0	0	0	0	0	0	0	0	0	0	0	0	0	0	0	0	0	0	0	11	0	0	0	0	0	0	0	0	0	0	0	0	0	0	0	0	0	0	0	0	0	0	0	0	0	0	61	0	0
56957	Thermus oshimai	0	0	0	0	0	0	0	0	0	10	0	0	0	0	0	0	0	0	0	0	0	0	0	0	0	0	0	0	0	0	0	0	0	0	0	0	0	0	0	0	0	0	0	0	0	0	0	0	0	0	0	0	0	0	0	0	0	0	0	0	0	0	0	0
57043	Microbacterium esteraromaticum	0	0	0	14	0	0	0	0	0	0	0	0	0	0	0	0	0	0	0	0	0	0	0	0	0	133	0	0	0	0	0	0	0	0	0	0	108	0	0	0	0	0	17	0	0	0	0	0	0	0	0	0	0	0	0	0	0	0	0	0	0	0	0	0
57704	Tsukamurella tyrosinosolvens	0	0	0	0	0	0	0	0	0	0	0	0	0	0	0	0	0	0	0	0	0	0	0	0	0	0	0	0	0	0	0	0	0	0	0	0	24	0	0	0	0	0	0	80	0	0	0	0	0	0	0	0	0	0	0	0	0	0	0	0	0	0	0	0
57706	Citrobacter braakii	0	0	0	0	0	0	0	0	0	39	0	0	240	0	0	0	0	0	0	0	0	0	0	0	0	0	0	0	0	0	0	0	0	0	0	0	0	0	0	0	0	0	0	0	0	0	0	0	0	0	0	0	0	0	0	0	0	0	0	0	0	0	0	0
58169	Rahnella inusitata	0	0	22	676	0	45	20	16	20	2051	0	162	15333	0	32	21	927	0	22	0	0	0	0	0	0	0	0	13	0	0	0	0	120	0	101	0	17	0	0	0	0	364	0	0	0	0	0	0	0	0	0	13	0	0	0	0	0	0	0	0	0	0	0	0
58231	Treponema medium	0	26	0	0	0	0	0	0	0	32	0	0	0	0	0	0	29	0	0	0	0	0	0	0	0	0	0	0	0	0	0	24	0	0	0	0	82	0	0	0	0	0	0	0	0	0	0	0	0	0	0	0	0	0	0	0	16	0	0	0	0	0	0	0
58343	Streptomyces canus	0	0	0	0	0	0	0	0	0	0	0	0	0	0	0	0	0	0	0	0	0	0	0	0	0	0	0	0	0	0	0	0	0	0	0	0	1094	0	0	0	0	0	0	0	0	0	0	0	0	0	142	0	0	0	0	0	0	0	0	0	0	0	0	0
59310	Streptococcus macedonicus	0	0	314	0	0	350	0	0	0	201	0	0	137	0	0	0	0	0	0	0	0	97	0	0	0	0	0	0	0	0	0	0	228	0	204	0	0	0	0	0	0	0	0	0	0	0	0	0	0	0	0	0	0	0	0	0	0	0	81	0	0	0	167	0
59505	Actinotignum schaalii	0	0	0	0	0	0	0	0	0	0	0	0	0	0	0	0	0	0	0	0	0	0	0	0	0	0	0	28	0	0	0	0	18	0	18	0	13	0	250	0	0	28	0	0	0	0	0	0	0	0	0	0	0	0	0	0	27	0	0	0	0	0	0	0
59561	Trueperella bernardiae	0	9253	0	0	0	0	0	19	0	0	0	0	0	62	128	0	26	0	0	0	0	292	0	0	0	0	0	30	0	0	0	0	21	0	37	0	151	0	58	0	0	98	0	0	17	0	0	0	0	0	0	0	0	0	155	0	16	0	0	0	0	0	0	0
59733	Chryseobacterium scophthalmum	0	0	0	0	0	0	0	13	46	0	0	0	0	0	0	32	0	0	0	0	0	0	0	0	0	32	0	0	0	0	0	0	0	19	0	0	0	10	12	0	0	24	0	0	0	0	0	0	0	0	0	0	0	0	0	0	0	0	0	0	0	0	0	0
59737	Rathayibacter iranicus	0	0	0	0	0	0	0	0	0	0	0	0	0	0	0	0	0	0	0	0	0	0	0	0	0	0	0	0	0	0	0	0	0	0	0	0	124	0	0	0	0	0	0	0	0	0	0	0	0	0	0	0	0	0	0	0	0	0	0	0	0	0	0	0
59779	Paracoccus marcusii	217	166	151	0	0	0	72	66	4893	76	0	184	0	0	42	161	0	0	0	0	0	151	0	0	0	134	0	47	0	0	38	86	105	0	0	0	104	0	0	0	0	100	0	0	0	0	0	80	0	49	0	256	53	107	0	32	0	0	0	0	0	98	71	0
59814	Pantoea dispersa	0	63	46	0	0	0	0	32	0	0	0	0	0	0	0	0	13	0	0	0	27	0	0	0	0	21	0	0	0	0	0	0	0	0	15	0	34	0	0	0	0	0	0	0	240	0	0	39	0	19	0	0	16	30	0	0	0	0	16	0	0	0	0	0
59843	Paenibacillus glucanolyticus	0	0	0	0	0	0	0	0	0	0	0	0	0	0	0	0	0	0	0	0	0	40	0	0	0	0	0	0	0	0	0	0	0	0	0	0	0	0	0	0	0	0	0	0	0	0	0	0	0	0	0	0	0	0	0	0	0	0	0	0	0	0	0	0
60520	Lactiplantibacillus paraplantarum	0	0	0	0	0	0	0	0	0	0	0	0	70	0	0	0	0	0	0	0	0	0	0	0	0	0	0	0	0	0	0	0	0	0	0	0	0	0	49	0	0	0	0	0	0	0	0	0	0	0	0	0	0	0	0	0	0	0	0	0	0	0	0	0
60552	Burkholderia vietnamiensis	0	0	0	0	0	0	0	0	0	48	0	0	0	0	0	0	0	0	0	0	0	0	0	0	0	0	0	0	0	0	0	0	0	0	0	0	151	0	92	0	0	54	0	0	0	0	0	0	0	0	0	0	0	0	0	0	0	0	0	0	0	0	0	0
60920	Sanguibacter keddieii	0	0	0	0	0	0	0	0	0	0	0	0	0	0	0	0	0	0	0	0	0	0	0	0	0	12	0	0	0	0	0	0	0	0	0	0	48	0	0	0	0	0	0	0	0	0	0	0	0	0	0	0	0	0	0	0	0	0	12	0	0	0	0	0
61015	Staphylococcus succinus	0	51	48	0	0	0	0	30	0	0	18	0	0	0	0	0	0	0	0	0	0	0	0	0	0	12	0	33	0	0	26	0	221	0	15	0	286	0	0	0	0	106	0	0	32	0	0	0	0	0	0	0	0	83	0	0	0	0	0	0	0	0	0	0
61592	Corynebacterium durum	39	734	1109	320	67	837	0	1990	207	1923	1324	55	6140	17	657	80	2332	0	60	23	1462	27	18	55	36	10910	0	3885	132	16	1218	16	4035	22	2782	30	3477	0	249	76	10	2356	0	23	919	254	0	1095	103	19718	39	1269	1040	3084	111	13	298	66	3908	13	294	34	300	41
61645	Enterobacter asburiae	0	0	0	426	0	0	20	144	86	296	0	122	18253	0	0	58	506	188	0	0	0	60	0	0	211	0	0	0	0	0	0	0	0	0	0	0	0	0	0	0	0	0	0	0	0	0	0	0	0	0	0	0	0	0	0	0	0	0	0	0	0	112	0	0
61646	Lelliottia amnigena	0	0	0	18	0	0	0	0	0	105	0	0	825	0	0	14	186	0	0	0	0	0	0	0	0	12	0	15	0	0	0	0	0	0	0	0	0	0	0	0	0	0	0	0	0	0	0	0	0	0	0	0	0	0	0	0	0	0	0	0	0	0	0	0
61647	Pluralibacter gergoviae	0	22	29	0	46	0	0	32	141	0	0	14	0	0	0	53	0	0	0	0	0	32	0	0	0	0	0	0	0	0	0	0	0	0	0	0	0	0	0	33	0	26	0	16	61	0	0	0	0	0	0	0	0	0	0	0	0	0	0	0	0	17	0	0
61648	Kluyvera intermedia	0	0	0	0	0	0	0	0	0	0	0	0	24	0	0	0	0	0	0	0	0	0	0	0	0	0	0	0	0	0	0	0	0	0	0	0	0	0	0	0	0	0	0	0	0	0	0	0	0	0	0	0	0	0	0	0	0	0	0	0	0	0	0	0
64104	Bacillus pseudomycoides	0	0	0	0	0	0	0	0	0	0	0	0	0	0	0	0	0	0	0	0	0	0	0	0	0	0	0	0	0	0	0	0	0	0	0	0	16	0	0	0	0	0	0	0	0	0	0	0	0	0	0	0	0	0	0	0	0	0	0	0	0	0	0	0
65058	Corynebacterium ulcerans	0	0	0	0	0	0	0	0	0	0	0	0	0	0	0	0	0	0	0	0	0	0	0	0	0	0	0	0	0	0	0	0	0	0	0	0	16	0	0	0	0	0	0	0	0	0	0	0	0	0	0	0	0	0	0	0	16	0	0	0	0	0	0	0
65700	Erwinia tracheiphila	0	0	0	0	0	0	0	0	0	0	0	0	35	0	0	0	0	0	0	0	0	0	0	0	0	0	0	0	0	0	0	0	0	0	0	0	0	0	0	0	0	0	0	0	0	0	0	0	0	0	0	0	0	0	0	0	0	0	0	0	0	0	0	0
65741	Pseudomonas knackmussii	0	0	0	0	0	0	16	0	0	0	0	0	0	0	0	0	0	0	0	0	0	0	0	0	0	0	0	0	0	0	0	0	0	0	0	0	0	0	0	0	0	0	0	0	0	0	0	0	0	0	0	0	0	0	0	0	0	0	0	0	0	0	0	0
65958	Komagataeibacter oboediens	0	135	0	0	0	0	0	0	0	80	0	0	0	0	0	0	44	0	0	0	0	0	0	0	0	0	0	0	0	0	0	0	0	0	36	0	0	0	588	0	0	0	0	0	0	0	0	0	0	0	0	0	0	0	38	0	115	0	0	0	0	0	0	0
66219	Lachnoclostridium phytofermentans	0	12	0	0	0	0	0	0	0	0	0	0	0	0	0	0	10	0	0	0	0	0	0	0	0	0	0	0	0	0	0	0	0	0	0	0	0	0	56	0	0	0	0	0	0	0	0	0	0	0	0	0	0	0	0	0	0	0	0	0	0	0	0	0
66228	Gleimia europaea	0	169	82	0	0	0	0	13	0	0	0	0	0	0	0	0	0	0	0	0	0	0	0	0	0	0	0	77	0	0	44	0	128	0	150	0	27	0	124	0	0	35	0	0	0	0	0	0	0	0	0	0	0	0	37	0	41	0	0	17	0	0	0	0
67081	Mycolicibacterium alvei	0	0	0	0	0	0	0	0	0	0	0	0	0	0	0	0	0	0	0	0	0	0	0	0	0	0	0	0	0	0	0	0	0	0	0	0	0	0	0	0	0	0	47	0	0	0	0	0	0	0	0	0	0	0	0	0	0	0	0	0	0	0	0	0
67304	Streptomyces griseorubiginosus	0	0	0	0	0	0	0	0	0	0	0	0	0	365	157	0	0	0	0	0	0	0	0	0	0	309	0	0	0	0	0	0	0	0	0	0	251	0	0	0	0	0	0	0	0	0	0	0	0	0	41	0	0	0	0	0	98	0	0	0	0	0	0	0
67352	Kitasatospora purpeofusca	0	0	0	0	0	0	0	0	0	0	0	0	0	0	0	0	0	0	15	0	0	0	0	0	0	0	0	0	0	0	0	0	0	0	0	0	526	0	0	0	0	0	0	0	0	0	0	0	0	0	0	0	0	0	0	0	0	0	0	0	0	0	0	0
67824	Citrobacter farmeri	0	0	0	0	0	0	0	0	0	0	0	0	23	0	0	0	0	0	0	0	0	0	0	0	0	0	0	0	0	0	0	0	0	0	0	0	0	0	0	0	0	0	0	0	0	0	0	0	0	0	0	0	0	0	0	0	0	0	0	0	0	0	0	0
68217	Kitasatospora herbaricolor	0	0	0	0	0	0	0	0	0	0	0	0	0	0	0	0	0	0	0	0	0	0	0	0	0	0	0	0	0	0	0	0	0	0	0	0	96	0	0	0	0	0	0	0	0	0	0	0	0	0	0	0	0	0	0	0	0	0	0	0	0	0	0	0
68246	Streptomyces olivoreticuli	0	0	0	0	0	0	0	0	0	0	0	0	0	0	70	0	0	0	0	0	0	0	0	0	0	0	0	0	0	0	0	0	0	0	0	0	0	0	0	0	0	0	0	0	0	0	0	0	0	0	0	0	0	0	0	0	0	0	0	0	0	0	0	0
68270	Streptomyces spectabilis	0	0	0	0	0	0	0	0	0	0	0	0	0	0	0	0	0	0	0	0	0	0	0	0	0	0	0	0	0	0	0	0	0	0	0	0	164	0	0	0	0	0	0	0	0	0	0	0	0	0	0	0	0	0	0	0	0	0	0	0	0	0	0	0
68286	Streptomyces zaomyceticus	0	0	0	0	0	0	0	0	0	0	0	0	0	0	0	0	0	0	0	0	0	0	0	0	134	0	0	0	0	0	0	0	0	0	0	0	0	0	0	0	0	0	0	0	0	0	0	0	0	0	0	0	0	0	0	0	0	0	0	0	0	0	0	0
68334	Erwinia aphidicola	0	0	18	0	20	0	0	40	15	0	0	0	0	0	0	0	0	0	0	0	0	0	0	0	0	18	0	33	0	25	16	0	0	52	17	13	0	16	25	0	0	0	0	0	0	0	0	0	0	0	30	0	0	0	0	0	0	0	10	0	0	0	0	0
68892	Streptococcus infantis	65	439	1779	44	58	144	0	469	132	3003	1966	72	6035	0	98	108	367	0	0	62	195	0	61	0	23	324	20	7247	1114	21	140	0	497	16	2396	35	616	0	174	90	0	482	0	25	180	146	0	42	75	3809	154	199	51	175	4842	0	121	26	1713	0	88	19	598	0
68895	Cupriavidus basilensis	0	47	39	0	0	0	0	41	0	16	18	0	0	0	277	0	0	97	139	0	0	0	0	0	0	31	0	193	0	0	157	0	233	0	455	0	364	0	58	0	0	322	0	0	281	0	0	0	124	57	0	0	36	205	49	0	18	0	69	0	0	0	0	0
68909	Deinococcus geothermalis	0	0	0	0	0	0	0	23	0	0	0	0	0	0	0	0	28	0	0	0	0	0	0	0	0	0	0	0	0	0	0	0	0	0	0	0	0	0	0	0	0	0	0	1257	21	0	0	45	0	0	0	0	61	0	0	0	0	0	0	0	0	0	0	0
69218	Enterobacter cancerogenus	0	0	0	0	0	0	0	20	0	0	0	0	62	0	0	0	0	0	0	0	0	0	0	0	0	0	0	0	0	0	0	0	11	0	0	0	0	0	0	0	0	0	0	0	0	0	0	0	0	0	0	0	0	0	0	0	0	0	0	0	0	0	0	0
69221	Pectobacterium cacticida	0	0	0	0	0	0	0	0	0	16	0	0	34	0	0	0	0	0	0	0	0	0	0	0	0	0	0	0	0	0	0	0	0	0	0	0	0	0	0	0	0	0	0	0	0	0	0	0	0	0	0	0	0	0	0	0	0	0	0	0	0	0	0	0
69362	Microbacterium schleiferi	0	0	479	0	0	59	0	0	0	132	0	0	0	0	0	0	78	0	0	0	0	0	0	0	0	50	0	0	31	0	0	0	0	0	15	0	0	0	0	24	0	0	18	0	0	0	0	0	0	0	0	0	0	0	100	0	0	0	0	0	0	114	19	0
69367	Microbacterium luteolum	0	0	0	22	0	0	0	0	0	0	0	0	0	0	0	0	0	0	0	0	0	0	0	0	0	302	0	0	0	0	0	0	0	0	0	0	0	0	0	0	0	0	27	0	0	0	0	0	0	0	0	0	23	0	0	0	0	0	0	0	0	0	0	0
69525	Natrinema pellirubrum	0	0	0	0	0	0	0	0	0	0	219	0	0	0	0	0	0	0	0	0	0	0	0	0	0	0	0	0	0	0	0	0	0	0	0	0	0	0	0	0	0	0	0	0	0	0	0	0	0	0	0	0	0	0	0	0	0	0	0	0	0	0	0	0
69527	Natrinema pallidum	0	0	0	0	0	0	0	0	0	0	35	0	0	0	0	0	0	0	0	0	0	0	0	0	0	0	0	0	0	0	0	0	0	0	0	0	0	0	0	0	0	0	0	0	0	0	0	0	0	0	0	0	0	0	0	0	0	0	0	0	0	0	0	0
69665	Caulobacter sp. FWC26	0	0	78	0	0	0	0	0	0	0	0	0	0	0	18	0	0	0	0	0	0	0	0	0	0	0	0	0	597	0	0	0	29	0	0	0	0	0	0	0	0	0	0	0	0	0	0	0	0	0	0	0	0	0	0	0	0	0	0	0	0	0	0	0
69710	Treponema vincentii	0	64	107	0	0	47	0	246	0	205	0	0	36	0	0	0	66	0	0	0	45	0	0	0	0	36	0	67	0	0	67	0	143	0	44	0	696	0	28	0	0	42	0	0	0	0	0	0	0	0	0	56	0	84	0	0	80	0	54	0	0	0	0	0
69781	Penicillium oxalicum	0	0	36	231838	27771	5716	0	582	239	577	0	459	17522	0	31	0	0	34448	36680	0	0	0	0	0	0	398	0	1801	0	0	93	0	54	0	1687	0	0	0	0	0	0	2358	491054	0	0	0	0	0	0	0	104	0	14	32	0	0	0	0	0	0	0	0	0	0
69823	Selenomonas sputigena	0	502	2062	52	0	631	0	151	58	295	165	22	2727	0	58	0	263	0	0	0	202	0	0	0	0	63	0	480	64	0	134	0	410	0	263	0	1547	0	95	19	0	315	0	0	340	96	0	112	0	215	0	257	90	917	0	45	5777	0	1823	0	45	0	85	0
69966	Macrococcoides caseolyticum	0	116	39	0	0	0	0	0	0	154	0	0	72	0	0	0	0	0	0	0	0	0	0	0	0	0	0	0	240	0	0	0	0	0	0	0	29	0	25	0	0	0	0	0	48	0	0	0	0	18	0	0	0	0	0	0	0	0	0	0	0	0	0	0
70255	Staphylococcus condimenti	0	89	34	0	0	0	0	27	0	0	0	0	45	0	0	0	21	0	0	0	0	0	0	0	0	0	0	18	0	0	49	0	11	0	40	14	558	0	18	0	0	114	0	0	40	0	0	10	0	0	0	13	0	19	0	0	89	0	13	131	0	0	0	0
70258	Staphylococcus piscifermentans	0	23	0	0	0	0	0	0	0	0	0	0	0	0	0	0	0	0	0	0	0	0	0	0	0	0	0	0	0	0	0	0	0	0	0	0	124	0	0	0	0	17	0	0	14	0	0	0	0	0	0	0	0	0	0	0	0	0	0	0	0	0	0	0
70346	Acinetobacter variabilis	0	0	0	0	0	0	0	66	0	0	0	32	0	0	0	228	0	0	0	0	0	0	0	0	0	46	0	0	0	0	0	0	0	0	0	0	39	0	0	0	0	88	0	0	0	0	0	0	0	0	30	53	0	0	0	0	0	0	648	0	0	0	0	0
71237	Mammaliicoccus vitulinus	0	55	24	0	0	0	0	24	0	0	0	0	12	0	0	0	0	0	0	0	0	0	0	0	0	0	0	25	0	0	25	0	15	0	34	0	333	0	18	0	0	78	0	0	25	0	0	18	0	0	0	45	0	14	0	0	0	0	0	0	0	0	0	0
71254	Corynebacterium confusum	23	33016	2913	208	0	261	47	22043	0	500	1259	0	48	33	741	18	345	0	80	0	35	61	0	0	0	192	0	290	20	18	782	0	428	17	90	34	2344	0	330	159	18	4452	20	149	9991	28	47	808	0	84	0	47	143	586	392	14	795	0	1163	14	259	0	922	270
71433	Mesorhizobium amorphae	0	0	0	0	0	0	0	0	0	0	0	0	0	0	32	0	0	0	0	0	0	0	0	0	0	0	0	0	0	0	0	0	0	0	0	0	0	0	0	0	0	0	0	0	0	0	0	0	0	0	0	0	0	0	0	0	0	0	0	0	0	0	0	0
71999	Kocuria palustris	72	218	224	49	275	11383	16	7321	351	1127	19	27	233	42	1424	200	1517	0	43	0	50	53	20013	0	63	73	35	8365	604	0	811	0	916	0	162	19	4725	0	50	14	28	335	0	80	108	12840	42	2836	47	2546	91	2289	2421	6711	0	0	214	18	2485	27	29	0	110	39
72000	Kocuria rhizophila	95	1161	586	53	166	507	0	1928	190	798	100	206	325	0	335	176	324	0	20	32	62	148	381	29	0	107	0	257	53	0	165	56	989	35	205	0	697	344	127	303	0	271	0	315	542	1109	133	1696	179	13502	528	4145	563	3003	104	25	65	23	3344	148	534	54	709	137
72026	Helcococcus ovis	0	21	13	0	0	0	0	12	0	10	0	0	12	0	0	0	17	0	0	0	0	21	0	0	0	19	0	33	0	0	26	0	32	0	20	0	19	0	82	0	0	20	0	0	0	0	0	0	0	0	0	0	0	0	0	0	31	0	36	0	0	0	0	0
74426	Collinsella aerofaciens	0	29869	361	30	44	6820	29	29566	189	42550	63	13	1233	171	512	525	52572	0	21	0	276	137	0	0	0	141	0	390	55	0	361	0	179	0	933	0	271	105	108419	26	0	264	0	0	88	230	154	20863	0	175	26	1906	321	1676	7920	557	35867	0	783	0	492	65	13	26
74706	Staphylococcus coagulans	0	34	13	0	0	21	0	0	0	0	0	0	0	0	0	0	0	0	0	0	0	0	0	0	0	0	0	24	0	0	27	0	0	0	0	0	246	0	14	0	0	24	0	0	11	39	0	0	0	0	0	0	0	13	0	0	0	0	12	0	0	0	0	0
74829	Stutzerimonas balearica	0	0	0	0	0	0	0	0	0	0	0	0	0	0	0	0	0	0	0	0	0	0	0	0	0	0	0	0	0	0	0	0	0	0	0	0	0	0	0	0	0	0	0	579	0	0	0	0	0	0	305	0	0	0	0	0	0	0	0	0	0	58	0	0
75385	Micropruina glycogenica	0	0	0	0	0	0	0	0	0	0	0	0	0	0	0	0	0	0	0	0	0	0	0	0	0	11	0	0	0	0	0	0	0	0	14	0	79	0	0	0	0	0	0	0	0	0	0	0	0	0	0	0	0	0	0	0	0	0	0	0	0	0	0	0
75588	Pseudomonas libanensis	0	0	0	0	0	0	48	0	0	0	0	0	0	0	0	0	0	0	0	0	0	0	0	0	0	0	0	0	0	0	0	0	0	0	0	0	0	0	0	0	0	0	0	0	0	0	0	0	0	0	0	0	0	0	0	0	0	0	0	0	0	0	0	0
75612	Pseudomonas mandelii	0	0	0	0	0	0	0	0	0	107	0	398	912	0	0	0	0	0	0	0	0	0	0	0	0	0	0	0	0	0	0	0	0	0	335	0	0	0	0	0	0	0	0	0	0	0	0	0	0	105	0	88	0	0	0	0	0	0	0	0	0	0	0	0
75659	Duganella zoogloeoides	0	0	0	0	0	0	39	0	0	0	0	32	1654	0	0	0	0	0	0	0	0	0	0	0	0	0	0	0	101	0	0	0	0	0	15	0	108	0	0	0	0	0	0	0	0	0	0	0	0	0	0	40	0	0	0	0	0	0	0	0	0	0	0	0
75985	Mannheimia haemolytica	0	0	0	0	0	0	0	0	0	30	0	0	0	0	0	0	0	0	0	0	0	0	0	0	0	17	0	0	0	0	0	0	0	0	0	0	0	0	0	0	0	0	0	0	0	0	0	0	0	0	0	0	0	0	0	0	0	0	0	0	0	0	0	0
76123	Hoylesella enoeca	0	238	79	0	0	150	0	45	15	24	21	0	29	0	0	0	60	0	0	0	0	0	0	0	0	99	0	213	0	0	64	0	156	0	177	0	170	0	70	0	0	77	0	0	50	12	0	0	0	31	0	13	13	48	0	0	92	0	187	0	0	0	0	0
76259	Ferribacterium limneticum	0	0	108	0	0	0	0	0	0	0	0	0	0	0	0	0	0	0	0	0	0	0	0	0	0	0	0	0	0	0	0	0	0	0	0	0	0	0	0	0	0	25	0	0	0	0	0	0	0	0	0	0	0	27	0	0	0	0	0	0	0	0	0	0
76517	Campylobacter hominis	0	0	25	0	0	437	0	0	0	0	0	0	0	0	0	0	21	0	0	0	0	0	0	0	0	0	0	73	0	0	62	0	66	0	50	0	51	0	206	0	0	51	0	0	0	0	0	0	0	0	0	0	16	55	0	0	92	0	17	0	0	0	0	0
76758	Pseudomonas orientalis	0	0	0	0	0	0	0	0	0	0	0	18	65	0	0	0	0	0	0	0	0	0	0	0	0	0	0	15	0	0	0	0	0	16	41	0	0	0	0	0	0	0	0	0	0	0	0	0	0	17	0	0	0	0	0	0	0	0	0	0	0	0	0	0
76759	Pseudomonas monteilii	0	718	484	448	0	0	0	859	0	0	0	0	179	0	0	0	0	0	0	0	0	0	0	0	0	0	0	396	0	0	385	0	317	0	174	0	725	0	0	0	0	0	0	0	0	0	0	477	0	893	0	342	0	261	0	0	0	0	0	0	0	0	0	0
76760	Pseudomonas rhodesiae	0	205	118	16	0	46	0	98	0	294	84	49	1120	0	75	0	184	0	27	0	29	0	0	0	0	23	0	376	0	0	66	0	224	0	140	0	289	0	37	14	0	227	0	0	111	0	0	303	0	73	0	20	43	233	43	0	36	0	113	0	68	0	20	0
76761	Pseudomonas veronii	0	0	0	740	0	408	0	131	117	8019	0	142	8184	0	111	261	7020	0	235	0	0	0	0	0	0	44	0	0	0	0	0	0	880	0	332	0	0	0	0	0	0	242	0	0	0	0	0	0	0	136	140	0	0	0	0	0	0	0	0	0	0	0	0	0
76775	Malassezia restricta	1543	21483	42565	12195	33173	108831	1277	33972	1630	44265	15773	2484	13711	1160	38494	1076	13402	826	14223	943	7730	2329	393	576	409	24358	408	181128	4126	683	46790	444	57974	2021	76456	2631	108673	436	9344	1797	882	144313	1127	5560	19912	4491	1090	9680	627	7647	1001	12176	15818	78246	2520	684	4699	530	35587	240	2830	1291	10067	1364
76857	Fusobacterium polymorphum	37	1401	1470	567	198	13105	49	5302	578	28487	782	212	7053	40	563	242	7141	0	57	116	25908	42	0	0	40	8969	37	3741	331	35	1781	18	2381	53	2298	147	21832	0	362	182	49	2339	54	55	344	288	0	820	59	1793	116	1908	640	4625	2473	60	2490	132	9287	31	4682	135	1445	607
76859	Fusobacterium animalis	0	1329	535	149	94	10196	0	690	178	4710	442	0	1667	0	155	57	1307	0	0	0	2717	0	0	0	0	967	0	1887	71	0	572	0	1531	86	1310	0	13894	0	181	0	0	1026	0	0	136	134	0	308	0	960	49	435	216	1232	2552	128	4534	53	2484	0	773	0	583	0
76860	Streptococcus constellatus	0	449	449	0	0	477	0	181	0	345	167	0	439	0	0	0	236	0	0	0	127	0	0	0	0	179	0	428	205	0	128	0	183	0	233	0	761	0	104	0	0	213	0	0	0	0	0	0	0	413	0	69	0	182	493	0	138	33	396	0	74	0	438	0
76862	Cellulomonas iranensis	0	79	1624	0	0	0	0	0	0	0	0	0	0	0	0	0	0	0	0	0	0	0	0	0	0	0	0	0	0	0	0	0	0	0	0	0	0	0	0	0	0	0	0	0	0	0	688	0	0	0	0	0	0	0	0	0	0	0	0	0	0	0	0	0
76947	Sphingobium herbicidovorans	0	0	29	0	0	0	0	0	0	0	0	0	0	0	0	0	0	0	0	0	0	0	0	0	0	34	0	0	0	0	0	0	0	0	0	0	0	0	0	0	0	0	0	0	0	0	0	0	0	0	0	0	0	0	0	0	0	0	0	0	0	0	0	0
77635	Bifidobacterium subtile	0	0	24	0	0	0	0	0	0	0	0	0	0	0	0	0	0	0	0	0	0	0	0	0	0	0	0	0	0	0	0	0	0	0	0	0	0	0	0	0	0	0	0	0	0	0	0	0	0	0	0	0	0	0	0	0	0	0	0	0	0	0	0	0
78258	Parascardovia denticolens	0	0	0	0	0	0	0	0	0	0	0	0	0	0	0	15	0	0	0	0	0	0	0	0	0	0	0	0	0	0	0	0	0	0	0	0	0	0	0	0	0	0	0	0	0	0	0	0	0	0	0	0	0	0	0	0	0	0	0	0	0	0	166	0
78398	Pectobacterium odoriferum	0	0	0	88	0	0	0	0	34	751	0	40	1541	0	0	0	208	0	0	0	0	0	0	0	0	0	0	0	0	0	0	0	0	0	18	0	0	0	0	0	0	0	0	0	0	0	0	0	0	0	0	0	0	0	0	0	0	0	0	0	0	0	0	0
78448	Bifidobacterium pullorum	0	0	0	0	0	0	0	15	0	10	0	0	0	0	0	0	0	0	0	0	0	0	0	0	0	0	0	0	0	0	0	0	0	0	0	0	0	0	17	0	0	0	0	0	0	0	0	20	0	0	0	0	0	0	0	0	10	0	0	0	0	0	0	0
78579	Thermothelomyces thermophilus	0	0	0	830	408	293	0	0	14	14	0	23	151	0	0	0	0	1606	1921	0	0	0	0	0	0	0	0	34	0	0	0	0	21	0	35	0	0	0	0	0	0	375	1459	0	0	0	0	0	0	0	0	0	0	0	0	0	0	0	0	0	0	0	0	0
79604	Denitrobacterium detoxificans	0	0	0	0	29	80	0	0	0	0	0	0	0	0	0	0	0	0	0	0	0	0	0	0	0	0	0	0	0	0	0	0	0	0	0	0	0	0	0	0	0	0	0	0	0	0	0	0	0	0	0	0	0	0	0	0	0	0	0	0	0	0	0	0
79880	Shouchella clausii	0	0	0	0	0	0	0	0	0	12	178	0	0	0	0	0	0	0	0	0	0	0	91	0	0	0	0	0	0	0	0	0	28	0	80	0	0	0	0	1534	0	0	0	0	0	0	0	0	0	0	0	0	165	37	0	0	0	0	0	0	0	0	0	0
79885	Alkalihalophilus pseudofirmus	0	0	0	0	0	0	0	0	0	0	0	0	0	0	0	0	0	0	0	0	0	0	0	0	0	0	0	0	0	0	0	0	0	0	0	0	20	0	0	0	0	0	0	82	0	0	0	0	0	0	0	0	0	0	0	0	0	0	0	0	0	0	0	0
80816	Haliangium ochraceum	0	0	0	0	0	0	0	0	0	0	0	0	0	12	0	0	0	0	0	0	0	0	0	0	0	0	0	0	0	0	0	0	0	0	0	0	0	0	0	0	0	0	0	0	0	0	0	0	0	0	0	0	0	0	0	0	0	0	0	0	0	0	0	0
80866	Delftia acidovorans	0	0	0	0	356	0	0	869	0	0	0	0	0	0	0	0	0	0	0	0	0	0	106	0	0	330	0	433	98	0	153	0	48	59	326	0	54	40	133	0	0	54	0	0	0	0	0	299	0	0	260	329	38	234	0	79	0	0	0	0	0	29	0	0
80867	Paracidovorax avenae	0	0	357	150	0	0	0	88	0	58	20	0	143	0	86	0	118	0	0	0	47	0	0	0	0	0	0	0	56	0	0	0	139	0	0	0	73	0	0	0	0	0	0	0	0	0	0	0	0	149	0	107	0	0	0	0	0	0	135	0	0	0	0	0
80878	Acidovorax temperans	0	52	159	0	0	616	0	156	72	254	0	0	66	0	379	41	64	0	0	33	0	30	45	0	236	345	0	549	0	0	270	0	262	101	269	59	508	151	508	35	0	923	0	74	38	0	0	53	42	32	34	135	314	264	0	35	0	0	84	0	0	14	20	0
80884	Colletotrichum higginsianum	0	0	0	244	0	235	0	0	0	0	0	0	0	0	0	0	0	10791	14226	0	0	0	0	0	0	0	0	0	0	0	0	0	0	0	0	0	0	0	0	0	0	2444	478	0	0	0	0	0	0	0	0	0	0	0	0	0	0	0	0	0	0	0	0	0
81408	Parageobacillus caldoxylosilyticus	0	0	0	0	0	0	0	0	0	0	0	0	0	0	0	0	0	0	0	0	0	0	0	0	0	0	0	0	0	0	0	0	0	0	19	0	0	0	0	0	0	0	0	0	0	0	0	0	0	0	0	0	0	16	0	0	0	0	0	71	0	0	0	0
81475	Frateuria aurantia	0	0	0	0	0	0	0	0	0	0	0	0	0	0	0	0	0	0	0	0	0	0	0	0	0	0	0	0	0	0	0	0	0	0	0	0	0	0	0	0	0	0	0	0	0	0	0	0	0	0	28	0	0	0	0	0	0	0	0	0	0	0	0	0
81947	Vagococcus lutrae	0	46	0	0	0	0	0	0	0	0	0	0	0	0	0	0	0	0	0	0	0	0	0	0	0	0	0	11	0	0	0	0	0	0	18	0	25	0	29	0	0	0	0	0	24	0	0	0	0	0	0	0	0	0	0	0	0	0	0	0	0	0	0	0
82135	Fannyhessea vaginae	0	71	127	0	54	0	0	175	133	52	0	0	0	0	0	183	15	0	0	0	0	114	0	0	0	0	12	0	0	0	0	0	0	0	13	0	0	0	179	38	0	21	0	67	29	0	13	20	0	0	0	0	0	0	0	0	12	0	13	0	0	13	45	0
82348	Streptococcus pluranimalium	0	12	37	0	0	0	0	29	0	14	25	0	14	0	0	0	0	0	0	0	0	0	0	0	0	0	0	27	0	0	0	0	0	0	0	0	0	0	0	0	0	12	0	0	0	0	0	0	0	13	0	0	0	0	26	0	0	0	11	0	0	0	13	0
82367	Paracoccus pantotrophus	0	65	38	0	0	0	0	0	0	0	0	0	0	0	0	0	0	0	0	0	0	0	0	0	0	0	0	148	0	0	0	0	0	17	0	0	0	0	0	0	0	0	0	0	0	0	0	86	0	0	0	0	36	0	0	0	0	0	0	0	0	0	0	0
82380	Microbacterium oxydans	0	127	2197	501	23	60	0	0	306	114	0	0	0	0	0	0	285	0	0	0	0	0	0	0	32	4909	0	38	93	0	57	123	61	246	104	0	574	145	0	0	0	29	572	0	113	0	23	272	0	0	0	0	150	0	273	0	0	0	0	0	0	31	0	0
82541	Cupriavidus gilardii	0	1178	539	0	0	0	80	77	35	22	37	42	0	0	0	91	0	0	0	77	0	0	44	0	0	0	0	19	0	0	0	0	37	77	13	0	0	0	0	0	60	0	0	0	143	0	0	0	0	0	76	0	0	0	0	0	0	0	29	0	0	0	0	0
82633	Cupriavidus pauculus	0	0	196	17367	0	0	0	38	0	0	0	0	0	0	0	0	0	94	0	24	0	0	0	133	0	40	0	28	8149	0	21	0	19	25	23	0	19	0	0	0	0	44	4627	0	0	0	0	0	24	0	0	626	0	0	0	0	0	0	0	0	0	0	13	0
82654	Pseudanabaena sp. PCC 7367	0	0	0	0	0	0	0	0	31	104	0	0	0	0	0	0	0	0	0	0	0	0	0	0	0	0	0	0	0	0	0	0	0	0	0	0	0	0	0	0	0	0	0	0	0	0	0	0	0	0	0	0	0	0	0	0	0	0	0	0	0	0	0	0
82688	Liquorilactobacillus nagelii	0	0	0	0	0	0	0	0	0	0	0	0	22	0	0	0	0	0	0	0	0	0	0	0	0	0	0	12	0	0	0	0	14	0	33	12	99	0	0	0	0	14	0	0	0	0	0	0	0	0	0	0	0	0	0	0	0	0	0	0	0	0	0	0
82801	Desemzia incerta	0	159	41	0	0	0	0	0	73	0	0	0	0	0	0	0	0	0	0	0	0	0	0	0	0	39	0	0	0	0	0	0	0	0	0	0	0	0	0	0	0	0	0	0	0	0	0	0	0	0	0	0	0	0	0	0	0	0	0	0	0	0	0	0
82803	Trichococcus flocculiformis	0	0	0	0	0	0	0	0	0	0	0	0	0	0	0	0	0	0	0	0	0	0	0	0	0	18	0	0	0	0	0	0	0	0	0	0	0	0	0	0	0	0	0	0	0	0	0	0	177	0	0	0	0	0	0	0	0	0	0	0	0	0	0	0
82983	Obesumbacterium proteus	0	0	0	0	0	0	0	0	0	0	0	0	64	0	0	0	0	0	0	0	0	0	0	0	0	0	0	0	0	0	0	0	0	0	0	0	0	0	0	0	0	0	0	0	0	0	0	0	0	0	0	0	0	0	0	0	0	0	0	0	0	0	0	0
82985	Pragia fontium	0	0	0	0	0	0	0	0	0	0	0	0	0	0	15	0	0	0	0	0	0	0	0	0	0	0	0	0	0	0	0	0	0	0	0	0	0	0	0	0	0	0	0	0	0	0	0	0	0	0	0	0	0	0	0	0	0	0	0	0	0	0	0	0
82987	Tatumella ptyseos	0	0	209	0	0	0	0	0	0	0	0	0	0	0	0	0	0	0	0	0	0	0	0	0	0	0	0	0	0	0	0	0	19	0	0	0	0	0	0	0	0	0	0	0	0	0	0	0	0	0	25	0	0	0	0	0	0	0	0	0	0	0	0	0
82996	Serratia plymuthica	0	0	0	0	0	0	0	0	0	0	0	0	29	0	0	0	0	0	0	0	0	0	0	0	0	0	0	0	0	0	0	0	0	0	0	0	0	0	0	0	0	0	0	0	0	0	0	0	0	0	0	0	0	0	0	0	0	0	0	0	0	0	0	0
83262	Mycobacteroides immunogenum	0	22	0	0	56	0	20	0	0	0	0	0	0	0	0	0	0	0	0	0	0	0	0	0	13	39	0	36	0	17	13	0	17	27	0	0	0	0	27	0	0	0	0	0	0	0	0	0	0	0	0	0	0	0	0	0	0	0	0	0	0	0	0	0
83263	Aminobacter aminovorans	0	0	30	0	0	0	0	0	0	0	0	0	0	0	0	0	0	0	0	0	0	0	0	0	0	0	0	0	0	0	0	0	0	0	0	0	0	0	0	0	0	0	0	0	0	0	0	0	0	0	0	0	0	0	0	0	0	0	0	0	0	0	0	0
83451	Archangium violaceum	0	0	0	0	0	0	0	0	0	0	0	0	0	0	0	0	0	0	0	0	0	0	0	0	0	0	0	0	0	0	0	0	0	0	0	0	19	0	0	0	0	0	0	0	0	0	0	0	0	0	0	0	0	0	0	0	0	0	0	0	0	0	0	0
83455	Myxococcus stipitatus	0	0	0	0	0	0	0	0	0	0	0	0	0	0	0	0	0	11	0	0	0	0	0	0	0	0	0	0	0	0	0	0	0	0	0	0	35	0	0	0	0	0	0	0	0	0	0	0	0	0	0	0	0	0	0	0	0	0	0	0	0	0	0	0
83526	Companilactobacillus paralimentarius	0	0	47	0	0	0	0	0	0	11	0	0	0	0	0	0	0	0	0	0	0	0	0	0	0	0	0	0	0	0	0	0	0	0	0	0	0	0	20	0	0	0	0	0	0	0	0	0	0	0	0	0	0	0	0	0	0	0	0	0	0	0	0	0
83552	Parachlamydia acanthamoebae	0	0	0	0	0	0	0	0	0	0	0	0	0	0	0	0	0	0	0	0	0	0	0	0	0	0	0	0	0	0	0	0	0	0	0	0	11	0	31	0	0	0	0	0	0	0	0	0	0	0	0	0	0	0	0	14	0	0	0	0	0	0	0	0
83564	Desulfosarcina ovata	0	0	0	0	0	0	0	0	0	0	0	0	0	0	0	0	0	20	38	0	0	0	0	0	0	0	0	0	0	0	0	0	0	0	0	0	0	0	0	0	0	0	0	0	0	0	0	0	0	0	0	0	0	0	0	0	0	0	0	0	0	0	0	0
83627	Bradyrhizobium commune	0	0	0	0	0	0	0	0	0	16	0	0	0	0	0	0	0	0	0	0	0	0	0	0	0	0	0	0	0	0	0	0	0	0	0	0	0	0	0	0	0	0	0	0	0	0	0	0	0	0	0	0	0	0	0	0	0	0	0	0	0	0	0	0
83655	Leclercia adecarboxylata	0	0	0	0	0	0	0	23	0	0	0	0	0	0	0	0	0	0	0	0	0	0	0	0	0	0	0	166	0	0	0	0	0	87	0	0	0	0	0	0	0	0	0	0	0	0	0	0	0	0	0	0	0	0	0	0	0	0	0	0	0	0	0	0
83656	Streptomyces tsukubensis	0	0	0	0	0	0	0	0	79	12	0	0	0	0	0	0	0	0	0	0	0	0	0	0	0	0	0	0	0	0	0	0	0	0	0	0	0	0	0	0	0	0	0	0	0	0	0	0	0	0	0	0	0	0	0	0	0	0	0	0	0	0	0	0
84030	Lacrimispora saccharolytica	0	252	0	0	0	0	0	22	0	76	0	0	0	0	0	0	70	0	0	0	0	0	0	0	0	0	0	0	0	0	0	0	0	0	0	0	0	0	553	0	0	0	0	0	0	0	0	0	0	0	0	0	0	0	45	0	39	0	0	0	0	0	0	0
84096	Gordonia alkanivorans	0	0	0	0	0	0	0	0	0	0	0	0	0	0	0	0	0	0	0	0	0	0	0	0	0	0	0	0	49	0	0	0	0	0	0	0	0	0	0	0	0	0	0	0	0	0	0	62	0	0	0	0	0	0	0	0	0	0	0	0	0	0	0	0
84110	Slackia heliotrinireducens	0	0	0	0	0	0	0	0	0	0	0	0	0	0	0	0	0	0	0	0	0	0	0	0	0	0	0	0	0	0	0	0	0	0	0	0	0	0	11	0	0	0	0	0	0	0	0	0	0	0	0	0	0	0	0	0	0	0	0	0	0	0	0	0
84112	Eggerthella lenta	0	2029	73	0	0	225	0	271	0	613	0	0	12	15	20	0	575	0	0	0	0	0	0	0	0	0	0	14	0	0	0	0	0	0	0	0	0	0	445	0	0	0	0	0	0	36	166	435	0	0	0	111	0	39	174	23	1466	0	0	0	22	0	0	0
84135	Gemella sanguinis	935	991	4257	246	55	470	0	616	525	12215	22773	89	5714	0	470	88	1946	0	24	96	203	108	89	18	0	728	0	3930	3997	45	406	53	835	47	2798	45	2827	29	495	1011	0	1254	0	20	284	703	22	103	288	18097	157	1472	225	732	126949	46	389	54	948	25	289	108	6474	21
84163	Cryptobacterium curtum	0	0	10	14	11	10	0	0	0	0	0	0	0	0	0	0	0	0	0	0	0	0	0	0	0	0	0	0	0	0	0	0	35	0	0	0	52	0	0	0	0	0	0	0	0	0	0	0	0	0	10	0	0	0	0	0	0	0	0	0	0	0	16	0
84292	Microbacterium chocolatum	38	0	0	0	0	18	0	0	0	0	0	0	0	0	0	0	0	0	0	0	0	0	0	0	0	41	0	0	0	0	0	0	0	0	0	0	99	0	0	0	0	0	0	0	0	0	0	52	0	0	97	0	27	0	0	0	0	0	0	0	0	0	0	0
84595	Gordonia polyisoprenivorans	239	48	22	2663	0	26	24	71	14	44	0	0	0	0	0	98	21	0	32	13	0	0	0	0	0	28	0	22	0	0	0	0	0	0	41	0	67	0	0	0	0	33	5237	0	43	0	0	0	0	0	0	0	0	30	0	0	0	0	0	0	0	1010	0	80
84757	Beutenbergia cavernae	0	0	0	0	0	0	0	0	0	0	0	0	0	0	0	0	0	0	0	0	0	0	0	0	0	0	0	0	0	0	0	0	0	0	0	0	33	0	0	0	0	0	0	0	0	0	0	0	0	0	0	0	0	0	0	0	0	0	0	0	0	0	0	0
85085	Pseudarthrobacter chlorophenolicus	0	0	0	0	0	0	0	0	0	0	0	0	0	0	0	0	0	0	0	0	0	0	0	0	0	0	0	0	0	0	0	0	0	0	0	0	0	0	0	0	0	0	0	0	0	56	0	0	0	0	0	0	0	0	0	0	0	0	0	0	0	0	0	0
85336	Rothia nasimurium	0	18	0	0	0	0	0	0	0	0	0	0	0	0	0	0	0	0	0	0	0	0	0	0	0	0	0	0	0	0	0	0	0	0	0	0	0	0	0	0	0	0	0	0	0	0	0	0	0	0	0	0	0	0	0	0	0	0	0	0	0	0	0	0
85402	Mannheimia granulomatis	0	0	0	0	0	0	0	0	0	0	0	0	0	0	0	0	0	0	0	0	0	0	0	0	0	0	0	0	0	0	0	0	0	0	0	0	0	0	0	0	0	0	0	0	0	0	0	0	0	0	0	0	0	0	39	0	0	0	0	0	0	0	0	0
85693	Mycolicibacterium monacense	0	0	0	0	0	0	0	0	0	0	0	0	0	0	0	0	0	0	0	0	0	0	0	0	0	0	0	0	0	0	0	0	0	0	0	0	0	0	0	0	0	0	58	0	0	0	0	0	0	0	0	0	0	0	0	0	0	0	0	0	0	0	0	0
85698	Achromobacter xylosoxidans	0	0	30	0	0	0	0	0	0	0	0	0	0	0	0	0	0	0	70	0	0	0	0	0	0	0	0	0	0	0	0	0	0	0	0	0	0	0	0	0	0	0	0	32	0	0	0	0	0	0	0	0	0	0	0	0	0	0	0	0	0	307	0	0
86185	Pseudomonas lundensis	0	0	16	0	0	0	0	0	0	55	19	0	0	0	0	0	0	0	0	0	0	0	0	0	0	0	0	0	0	0	0	0	19	0	45	0	17	0	0	0	0	0	0	0	0	0	0	0	0	0	0	0	0	0	0	0	0	0	0	0	0	0	0	0
86188	Stenotrophomonas geniculata	0	0	0	0	0	0	0	0	0	0	0	0	0	0	0	0	0	0	0	0	0	0	0	0	0	0	0	89	106	0	0	0	125	0	679	0	102	0	377	0	0	0	0	0	0	0	0	0	0	0	0	0	0	0	0	0	0	0	0	0	0	0	0	0
86332	Mogibacterium pumilum	0	49	30	0	0	47	0	196	0	60	23	0	72	0	12	0	135	0	0	0	26	0	0	0	0	17	0	39	17	0	18	0	28	0	26	0	96	0	24	0	0	39	0	0	0	0	0	0	0	34	0	18	0	24	34	0	55	0	42	0	18	0	12	0
86664	Priestia flexa	0	0	27	0	0	70	0	0	0	0	0	0	0	0	0	0	0	0	0	0	0	0	0	0	0	0	0	0	0	0	41	0	0	0	18	0	15	0	0	195	0	0	0	28	0	0	0	0	0	0	0	0	0	17	0	0	0	0	0	0	0	0	0	0
86665	Halalkalibacterium halodurans	0	0	0	0	0	0	0	0	0	0	0	0	0	0	0	0	0	0	0	0	0	0	0	0	0	0	0	0	31	0	0	0	0	0	0	0	0	0	0	0	0	0	0	0	0	0	0	0	0	0	0	0	0	0	0	0	0	0	0	0	0	0	0	0
87458	Ruoffia tabacinasalis	0	42	11	0	0	0	0	126	0	0	0	0	0	0	0	0	0	0	0	0	0	34	0	0	0	0	0	13	12	0	10	0	12	0	29	0	83	0	26	0	0	20	0	0	0	0	0	0	0	0	0	0	0	0	0	0	12	0	0	0	0	0	0	0
87541	Aerococcus christensenii	0	18	55	0	0	11	0	35	27	0	0	42	0	0	0	23	41	0	0	0	0	0	0	0	0	0	0	28	0	0	17	0	12	0	33	0	12	0	31	11	0	24	0	0	0	0	0	11	0	0	0	0	0	31	0	0	25	0	0	0	0	0	25	0
87883	Burkholderia multivorans	0	0	216	14	0	48	0	49	0	168	0	0	772	505	148	0	42	0	0	0	31	0	0	0	0	75	0	59	58	0	53	0	108	0	58	0	155	0	0	0	0	56	0	0	13	0	0	0	0	63	0	70	0	18	0	0	0	0	41	0	0	0	0	0
88233	Lacticaseibacillus manihotivorans	0	0	0	0	0	0	0	0	0	0	0	0	27	0	0	0	0	0	0	0	0	0	0	0	0	0	0	0	0	0	0	0	0	0	0	0	0	0	0	0	0	0	0	0	0	0	0	0	0	0	0	0	0	0	0	0	0	0	0	0	0	0	0	0
88431	Dorea longicatena	0	27771	391	23	349	9237	34	6974	407	27524	86	0	165	0	300	771	15447	0	0	0	285	415	0	27	0	136	0	183	0	0	310	0	39	19	1999	0	202	229	179460	35	0	191	0	0	63	157	130	9599	0	68	24	855	234	1134	8411	1009	11485	0	1233	0	544	0	60	247
88688	Caulobacter segnis	0	0	25	0	0	0	0	51	99	0	0	0	0	0	0	0	0	132	0	0	0	0	0	0	0	0	0	0	178	0	0	0	16	0	0	0	26	0	18	0	0	23	0	0	0	0	35	0	0	0	0	129	0	0	0	0	0	0	0	0	0	0	0	0
89014	Blautia luti	0	2585	99	0	99	860	0	2619	48	4099	29	0	52	0	27	206	5199	0	0	0	58	115	0	0	0	28	0	60	0	0	104	0	17	0	1071	0	30	89	45117	0	0	40	0	0	0	33	165	1368	0	0	20	107	36	149	1300	361	3634	0	83	0	151	0	0	16
89059	Ligilactobacillus acidipiscis	0	0	45	0	0	0	0	0	0	0	0	0	0	0	0	0	0	0	0	0	0	13	0	0	0	0	0	142	11	0	83	0	26	0	44	15	4049	0	0	0	0	0	0	0	12	0	0	0	0	0	0	0	0	0	66	0	0	0	0	0	0	0	0	0
89093	Ignavigranum ruoffiae	0	0	0	0	0	41	0	29	0	21	0	0	0	0	0	0	0	0	0	0	0	14	0	0	0	0	0	0	0	0	0	0	0	0	0	0	0	0	10	0	0	27	0	0	0	0	0	0	0	0	0	0	0	13	0	0	13	0	21	0	0	0	0	0
89152	Peptacetobacter hiranonis	0	18	0	0	0	0	0	19	18	20	0	0	0	0	0	0	17	0	0	0	0	10	0	0	0	0	0	0	0	0	0	0	0	0	38	0	0	0	42	0	0	0	0	0	0	0	0	0	0	0	0	0	0	0	0	14	10	0	0	0	0	0	0	0
89153	[Clostridium] hylemonae	0	48	0	0	0	27	0	57	0	106	0	0	0	0	0	0	85	0	0	0	0	0	0	0	0	0	0	0	0	0	0	0	0	0	0	0	0	0	3389	0	0	0	0	0	0	0	0	16	0	0	0	0	0	0	59	18	80	0	0	0	0	0	0	0
90239	Moraxella canis	0	0	0	0	0	0	0	0	0	0	0	0	0	0	0	0	0	0	0	0	0	0	0	0	0	0	0	0	0	0	0	0	0	0	0	0	0	0	0	0	0	0	0	0	0	0	0	0	0	0	0	0	0	0	0	0	0	0	10	0	0	0	0	0
90241	Moraxella lincolnii	0	0	0	0	0	0	0	17	0	0	0	0	0	0	0	0	11	0	0	0	0	0	0	0	0	0	0	0	0	0	0	0	0	0	0	0	0	0	0	0	0	0	0	0	0	0	0	0	0	0	0	11	0	0	0	0	21	0	19	0	0	0	0	0
90245	Oligella urethralis	0	15	16	0	0	0	0	0	18	0	0	0	0	0	0	15	0	0	0	0	0	43	0	24	0	0	0	20	0	0	0	0	0	0	329	0	0	0	0	0	0	0	0	23	24	0	0	0	0	0	26	0	0	0	0	11	0	0	0	0	0	0	0	12
92645	Herbaspirillum frisingense	0	0	0	0	0	0	0	0	0	0	0	0	0	190	64	0	0	0	0	0	0	0	0	0	0	0	0	0	0	0	0	0	0	0	0	0	0	0	0	0	0	0	0	0	0	0	0	0	0	0	0	0	0	0	0	0	0	0	0	0	0	0	0	0
92647	Paraburkholderia tropica	0	0	0	0	0	0	0	0	0	107	0	0	0	0	0	0	0	0	0	0	0	0	0	0	0	0	0	0	0	0	0	0	0	0	0	0	0	0	0	0	0	0	0	0	0	0	0	0	0	0	0	0	0	0	0	0	0	0	0	0	0	0	0	0
93064	Sphingomonas koreensis	0	206	127	0	0	0	0	33	0	25	0	0	0	0	0	0	0	0	0	0	0	0	0	161	0	87	0	33	11466	0	26	0	32	0	26	0	171	0	0	0	0	36	0	2758	35	0	0	0	0	0	0	0	0	0	0	0	0	0	0	0	0	0	0	0
93220	Pandoraea pnomenusa	0	0	0	0	0	0	0	0	0	0	0	0	0	0	0	0	0	0	0	0	0	0	0	0	0	0	0	0	0	0	0	0	0	0	0	0	0	0	0	0	0	0	0	13	0	0	0	0	0	0	0	0	0	0	0	0	0	0	13	0	0	0	0	0
93944	Nonomuraea gerenzanensis	0	0	0	0	0	0	0	0	0	0	0	0	0	0	0	0	0	0	0	0	0	0	0	0	0	0	0	0	0	0	0	0	0	0	0	0	37	0	0	0	0	0	0	0	0	0	0	0	0	0	0	0	0	0	0	0	0	0	0	0	0	0	0	0
94132	Ramlibacter tataouinensis	0	0	34	0	0	0	0	0	0	0	0	0	0	0	0	0	0	0	0	0	0	0	0	0	0	0	0	0	0	0	0	0	0	0	0	0	0	0	0	0	0	0	0	0	0	0	0	0	0	0	0	0	0	0	0	0	0	0	0	0	0	0	0	0
94138	Staphylococcus ureilyticus	0	5308	989	0	0	51	0	6381	0	0	107	0	0	0	71	0	43	0	0	0	0	0	0	0	0	95	0	40	0	0	1759	0	56	0	261	590	31438	0	179	0	0	946	0	0	629	22	0	121	0	0	0	0	29	139	0	0	61	0	184	0	0	0	977	109
94254	Dyadobacter fermentans	0	0	0	0	0	0	0	0	0	0	0	0	0	0	0	0	0	0	0	0	0	0	0	0	0	0	0	0	0	0	0	0	0	0	0	0	0	0	0	0	0	0	0	0	30	0	0	0	0	0	0	0	0	0	0	0	0	0	0	0	0	0	0	0
94625	Brucella intermedia	18	0	0	0	0	0	0	0	0	0	24	0	0	0	28	0	0	0	0	0	0	0	0	0	0	0	0	0	0	0	0	0	0	0	0	0	0	0	0	0	0	20	0	436	0	0	0	0	0	0	0	0	0	25	0	0	0	0	0	0	0	0	0	60
94869	Clostridium gasigenes	0	15	0	0	0	0	0	0	10	0	0	0	0	0	0	15	14	0	0	0	0	0	0	0	0	0	0	0	0	0	0	0	0	0	0	0	0	0	0	0	0	0	0	0	0	0	0	0	0	0	0	0	0	0	0	63	0	0	0	0	0	0	0	0
95300	Pseudomonas vancouverensis	0	0	0	0	0	0	0	0	0	0	0	0	0	0	0	0	0	0	0	0	0	0	0	0	0	0	0	0	0	0	0	0	0	0	12	0	0	0	0	0	0	0	0	0	0	0	0	0	0	0	0	0	0	0	0	0	0	0	0	0	0	0	0	0
95485	Burkholderia stabilis	0	0	0	0	0	0	0	0	0	0	0	0	0	0	0	0	0	0	0	0	0	0	0	0	0	0	0	0	0	0	0	0	0	0	0	0	25	0	0	0	0	22	0	0	25	0	0	0	0	0	0	0	0	0	0	0	0	0	0	0	0	0	0	0
95486	Burkholderia cenocepacia	0	0	83	0	0	0	0	0	0	55	0	0	0	0	0	0	0	0	0	0	0	0	0	0	0	0	0	0	0	0	0	0	49	0	0	0	0	0	0	0	0	0	0	0	0	0	0	0	0	0	0	0	0	0	0	0	0	0	0	0	0	0	0	0
96230	Legionella fallonii	0	0	0	0	0	0	0	0	0	0	0	0	0	0	0	0	0	0	0	0	0	0	0	0	0	0	0	0	0	0	0	0	0	0	0	0	0	0	16	0	0	0	0	0	0	0	0	0	0	0	0	0	0	0	0	0	0	0	0	0	0	0	0	0
96232	Legionella lytica	0	0	0	0	0	0	0	0	0	0	0	0	0	0	0	0	0	0	0	10	0	0	0	0	0	0	0	0	0	0	0	0	0	27	0	0	0	0	0	0	0	0	0	0	0	0	0	0	0	0	0	24	0	0	0	0	0	0	0	0	0	0	0	0
96241	Bacillus spizizenii	35	0	0	0	81	0	245	125	0	0	16	0	0	0	0	0	0	0	0	0	0	214	0	0	0	0	0	0	11	0	0	0	0	0	0	0	194	0	0	60	0	0	0	0	371	0	188	225	0	0	157	0	0	0	0	0	0	0	35	40	0	0	0	97
97138	Clostridium sp. MD294	0	0	0	0	0	0	0	0	0	0	0	0	0	0	0	0	0	0	0	0	0	0	0	0	0	0	0	0	0	0	0	0	0	0	0	0	0	0	41	0	0	0	0	0	0	0	0	0	0	0	0	0	0	0	0	0	0	0	0	0	0	0	0	0
97478	Limosilactobacillus mucosae	0	0	17	0	0	0	0	0	0	0	0	0	0	0	0	0	0	0	0	0	0	0	0	0	0	0	0	0	11	0	0	0	0	0	0	0	0	0	0	0	0	0	0	0	0	0	0	0	0	0	0	0	0	0	0	0	0	0	0	0	0	0	0	0
98403	Drechmeria coniospora	0	0	0	97	804	461	0	20	14	0	0	19	19	0	0	0	0	3570	4059	0	0	0	0	0	0	0	0	48	0	0	0	0	39	0	23	0	0	0	0	0	0	817	127	0	0	0	0	0	0	0	0	0	0	0	0	0	0	0	0	0	0	0	0	0
98671	Pseudoglutamicibacter albus	0	928	33	0	60	0	0	26	22	0	0	0	0	0	21	0	31	0	0	0	0	221	0	0	0	68	0	0	0	0	0	0	0	0	840	0	72	0	0	0	0	15	0	42	12	0	0	52	0	17	236	0	0	69	61	0	79	0	37	0	0	0	0	27
99653	Rhodococcus koreensis	0	0	0	0	0	0	0	0	0	0	0	0	0	49	0	0	0	0	0	0	0	0	0	0	0	0	0	0	0	0	0	0	0	0	0	0	0	0	0	0	0	0	0	0	0	0	0	0	0	0	0	0	0	0	0	0	0	0	0	0	0	0	0	0
99807	Corynebacterium auriscanis	0	21	10	0	0	0	0	27	0	0	0	0	0	0	0	0	27	0	0	0	0	0	0	0	0	0	0	28	0	0	0	0	0	0	0	0	15	0	0	0	0	10	0	0	59	0	0	0	0	0	0	0	0	12	0	0	0	0	0	0	0	0	0	0
100886	Catenibacterium mitsuokai	0	49	0	0	0	16	0	40	0	61	0	0	0	0	0	0	291	0	0	0	0	0	0	0	0	0	0	0	0	0	0	0	0	0	0	0	0	0	355	0	0	39	0	0	0	0	0	19	0	0	0	0	0	12	16	0	58	0	0	0	0	0	0	0
101028	Fusarium pseudograminearum	0	85	0	237	28	25	0	0	0	0	0	0	0	0	0	0	21	1378	1649	18	0	0	0	0	0	0	0	0	0	0	0	0	0	0	0	0	0	0	0	0	0	304	451	0	0	0	0	0	0	0	0	0	0	0	0	0	0	0	0	0	0	0	0	0
101564	Pseudomonas alcaliphila	0	0	0	0	0	0	0	0	0	0	0	26	0	0	0	0	0	0	0	0	0	0	0	0	0	45	0	0	0	0	0	0	0	0	0	0	0	0	0	0	0	0	0	0	0	0	0	0	0	0	0	0	0	0	0	0	0	0	0	0	0	0	0	0
101571	Burkholderia ubonensis	0	0	0	0	0	0	0	0	0	0	0	0	0	410	93	0	0	0	0	0	0	0	0	0	0	0	0	0	0	0	0	0	0	0	0	0	0	0	0	0	0	0	0	0	0	0	0	0	0	0	0	0	0	0	0	0	0	0	0	0	0	0	0	0
102148	Solobacterium moorei	0	353	430	29	38	1265	0	237	48	766	545	0	963	0	78	27	470	0	0	0	70	0	12	0	0	263	0	572	139	0	297	0	373	0	251	18	1561	0	395	18	0	372	0	0	55	260	0	250	0	370	0	109	105	217	3089	20	512	0	600	0	91	0	243	0
102684	Streptococcus infantarius	0	0	0	0	0	108	0	0	85	340	0	0	31	0	0	0	0	0	0	0	0	0	0	0	0	0	0	0	51	0	0	0	38	0	31	0	0	0	25	0	0	0	0	0	0	0	0	0	0	95	0	154	0	0	39	0	31	0	0	0	0	0	0	0
103621	Actinomyces urogenitalis	0	62	39	0	0	10	0	17	0	0	11	0	0	0	0	0	0	0	0	0	0	11	0	0	0	0	0	22	0	0	21	0	0	0	17	0	44	0	26	0	0	15	0	0	15	0	0	0	0	0	0	0	0	10	23	0	115	0	14	0	0	0	0	0
103731	Saccharothrix espanaensis	0	0	0	0	0	0	0	0	0	0	0	0	0	0	0	0	0	0	0	0	0	0	0	0	0	0	0	0	0	0	0	0	0	0	0	0	46	0	0	0	0	0	0	0	0	0	0	0	0	0	0	0	0	0	0	0	0	0	0	0	0	0	0	0
103733	Saccharothrix syringae	0	0	0	0	0	0	0	0	0	0	0	0	0	0	0	0	0	0	0	0	0	0	0	0	0	0	0	0	0	0	0	0	0	0	0	0	64	0	0	0	0	0	0	0	0	0	0	0	0	0	0	0	0	0	0	0	0	0	0	0	0	0	0	0
103810	Riemerella columbina	0	0	0	0	0	0	0	0	0	0	0	0	0	0	0	0	0	0	0	0	0	0	0	0	0	0	0	0	0	0	0	0	0	0	0	0	0	0	0	0	0	0	0	0	0	0	0	0	0	0	0	0	0	0	85	0	0	0	0	0	0	0	0	0
103816	Rhodococcus pyridinivorans	81	0	0	0	0	0	0	0	96	0	0	0	0	0	0	0	0	0	0	0	0	0	0	0	0	140	0	114	0	0	0	0	0	0	0	0	276	0	0	0	0	0	0	0	0	0	0	0	0	0	0	0	0	0	0	0	0	0	0	0	0	1500	0	0
103817	Janibacter terrae	0	0	0	0	0	0	0	0	0	0	0	0	0	0	0	0	0	0	0	0	0	0	31	0	0	0	0	0	0	0	0	0	0	0	17	0	26	0	0	0	0	18	0	0	0	0	0	27	0	0	0	0	36	37	0	0	0	0	0	0	0	0	0	0
104087	Pseudomonas frederiksbergensis	18	0	0	0	0	0	0	0	0	0	0	20	75	0	0	0	0	0	0	0	0	0	0	0	0	0	0	0	0	0	0	0	0	0	36	0	0	0	0	0	0	0	0	0	0	0	0	0	0	0	0	0	0	0	0	0	0	0	0	0	0	0	0	0
104336	Microbacterium foliorum	0	0	0	126	0	0	0	0	0	0	0	0	0	0	0	0	0	0	0	0	0	0	0	0	0	1072	0	0	114	0	0	0	0	0	24	0	319	0	0	0	0	29	130	0	0	0	0	0	0	0	0	0	160	0	0	0	0	0	0	0	0	0	0	0
105219	Ralstonia mannitolilytica	833	729	1043	0	0	106	0	15	66	40	62	0	14	0	0	0	0	0	0	0	17	361	0	294	0	20	0	33	602	0	58	0	49	0	71	0	50	0	28	923	0	198	0	1057	718	0	0	0	0	60	0	91	0	15	15	0	40	0	24	55	0	205	197	578
105841	Anaerostipes caccae	0	16	0	0	0	0	0	17	0	92	0	0	0	0	0	0	209	0	0	0	0	0	0	0	0	0	0	0	0	0	0	0	0	0	0	0	0	0	981	0	0	0	0	0	0	0	55	23	0	0	0	0	0	0	0	0	50	0	0	0	0	0	0	0
106592	Ensifer adhaerens	0	0	0	0	0	0	0	25	0	0	0	0	0	78	76	0	0	0	0	0	0	0	0	0	0	0	0	0	0	0	0	0	0	0	0	0	0	0	0	0	0	0	0	0	0	0	67	0	0	0	44	0	0	0	0	0	0	0	0	0	0	0	0	0
106634	Thioalkalivibrio versutus	0	0	0	0	0	0	0	0	0	0	0	0	0	0	0	0	0	16	11	0	0	0	0	0	0	0	0	0	0	0	0	0	0	0	0	0	0	0	0	0	0	0	0	0	0	0	0	0	0	0	0	0	0	0	0	0	0	0	0	0	0	0	0	0
106648	Acinetobacter bereziniae	0	0	0	0	0	0	0	0	0	0	0	0	0	0	0	19	0	0	0	0	0	0	0	0	0	0	0	0	0	0	0	0	0	29	0	0	0	0	0	0	0	0	0	0	0	0	0	0	0	0	0	0	0	0	0	0	0	0	0	0	0	0	0	0
106649	Acinetobacter guillouiae	0	0	19	0	44	0	0	22	35	0	0	18	0	0	0	0	0	0	0	24	0	0	0	0	26	24	0	20	0	0	0	0	0	25	0	0	0	0	48	0	0	0	0	0	0	0	0	0	0	0	40	17	0	0	0	0	0	0	21	0	0	0	0	0
106654	Acinetobacter nosocomialis	0	4345	538	0	497	5195	0	150	22	17	185	0	187	0	0	29	16	0	0	0	25	0	0	0	0	49	0	76	0	0	34	0	31	0	0	0	44	0	18	0	0	49	0	0	28	0	0	182	0	19	0	0	38	54	0	0	0	0	56	0	362	0	0	21
108486	Corynebacterium falsenii	0	43	0	0	0	0	0	32	0	0	11	0	0	0	0	0	51	0	0	0	0	0	0	0	0	14	0	15	0	19	0	0	0	0	0	0	55	0	14	0	0	25	0	0	34	0	0	0	0	0	0	0	0	43	0	0	82	0	0	0	0	0	0	0
108980	Acinetobacter ursingii	0	99	36	0	0	0	0	55	35	26	0	0	0	0	0	181	0	0	0	0	0	34	0	0	0	130	0	0	0	0	0	0	0	0	55	0	0	212	68	194	0	75	129	0	0	0	0	171	0	0	0	74	334	32	0	0	0	0	42	0	0	0	0	0
108981	Acinetobacter schindleri	29	31	35	0	0	0	0	37	465	18	0	0	0	0	0	33	124	0	0	0	0	23	0	0	32	80	0	69	0	0	20	68	240	25	66	153	319	30	20	0	93	193	0	104	99	16	0	37	304	0	140	1554	44	48	0	55	0	0	23	0	0	0	0	0
109328	Leptotrichia trevisanii	0	341	188	50	231	38370	0	195	55	2371	83	14	289	0	50	17	418	0	0	12	1527	0	0	0	0	389	0	301	73	0	88	24	198	0	161	0	3137	0	15	15	0	169	0	0	39	22	0	35	0	292	0	511	43	381	141	0	208	0	1284	0	62	0	79	36
109790	Lactobacillus jensenii	0	50	152	0	0	0	0	72	18	102	12	0	15	0	0	0	135	0	0	0	0	330	0	0	0	10	0	173	0	0	83	0	159	10	305	0	57	0	1166	0	0	82	0	0	0	0	0	17	0	0	0	19	0	26	1909	26	187	0	13	0	0	0	0	0
110319	Nocardioides sp. CF8	0	77	0	0	0	0	0	0	0	0	0	0	0	0	0	0	0	0	0	0	0	0	0	0	0	0	0	0	0	0	0	0	0	0	0	0	3359	0	0	0	0	0	0	0	0	0	326	0	0	0	0	0	0	0	0	0	0	0	0	0	0	0	0	0
110321	Sinorhizobium medicae	0	0	0	0	0	0	0	0	0	0	0	0	0	0	0	0	0	0	0	0	0	0	0	0	0	0	0	0	0	0	0	0	0	0	0	0	0	0	0	0	0	0	0	0	0	0	144	0	0	0	0	0	0	0	0	0	0	0	0	0	0	0	0	0
110937	Rathayibacter festucae	0	0	0	0	0	0	0	0	0	0	0	0	0	0	0	1404	0	0	0	0	0	110	0	0	0	81	0	0	0	0	0	0	0	0	0	0	1454	0	0	0	0	0	0	0	0	0	0	0	0	0	0	0	0	0	0	0	0	0	0	0	0	0	0	0
111015	Actinomyces radicidentis	0	27	10	0	0	11	0	11	0	0	0	0	0	0	12	0	11	0	0	0	0	10	17	0	0	12	0	33	13	0	0	0	14	0	0	0	82	0	0	0	0	44	0	0	39	0	0	0	0	10	0	0	20	14	0	0	0	0	23	0	0	0	0	0
113107	Streptococcus australis	256	1960	7336	1163	164	1071	0	15688	101	10526	6048	88	6866	0	341	80	1642	0	0	83	11520	112	72	0	53	2356	0	5450	1288	54	579	0	1386	238	3455	370	3898	0	952	239	0	1971	0	0	717	1060	0	202	233	24835	137	1171	238	1033	107928	0	539	42	53460	0	544	359	4253	37
113562	Actinoplanes derwentensis	0	0	0	0	0	0	0	0	0	0	0	0	0	0	0	0	0	0	0	0	0	0	0	0	0	0	0	0	0	0	0	0	0	0	0	0	50	0	0	0	0	0	0	0	0	0	447	0	0	0	0	0	0	0	0	0	0	0	0	0	0	0	0	0
114090	Pediococcus inopinatus	0	0	0	0	0	0	0	0	0	0	0	0	21	0	0	0	0	0	0	0	0	0	0	0	0	0	0	0	0	0	0	0	0	0	0	0	0	0	0	0	0	0	0	0	0	0	0	0	0	0	0	17	0	0	0	0	0	0	0	0	0	0	0	0
114524	Saccharomyces kudriavzevii	0	0	0	0	0	0	0	0	0	0	0	0	0	0	0	0	0	315	229	0	0	0	0	0	0	0	0	0	0	0	0	0	0	0	0	0	0	0	0	0	0	0	0	0	0	0	0	0	0	0	0	0	0	0	0	0	0	0	0	0	0	0	0	0
114527	Mogibacterium diversum	0	138	592	15	74	339	0	84	41	134	200	13	183	0	44	0	115	0	0	0	29	10	16	0	0	44	0	388	134	0	85	0	133	0	206	0	383	63	615	0	0	215	0	0	32	713	0	22	0	383	18	21	63	91	1145	59	123	11	225	0	20	38	310	0
114528	Mogibacterium neglectum	0	249	46	0	24	308	0	260	0	98	0	0	72	0	23	0	171	0	0	0	34	0	0	0	0	36	0	199	21	0	71	0	86	0	93	0	568	0	47	0	0	90	0	0	14	28	0	35	0	126	0	60	30	121	50	0	301	0	95	0	0	0	222	0
114615	Bradyrhizobium sp. ORS 278	0	0	0	0	0	0	0	0	0	0	0	0	0	78	101	0	0	0	0	0	0	0	0	0	0	0	0	0	0	0	0	0	0	0	0	0	0	0	0	0	0	0	0	0	0	0	0	0	0	0	0	0	0	0	0	0	0	0	0	0	0	0	0	0
114616	Methylobacterium nodulans	0	0	0	0	0	30	0	0	0	0	0	0	0	9129	5973	0	0	0	0	0	0	0	0	0	0	0	0	0	0	0	0	0	0	0	0	0	18	0	0	0	0	0	0	0	0	0	0	0	0	0	0	0	0	0	0	0	0	0	0	0	0	0	0	0
115778	Leuconostoc gasicomitatum	0	0	0	0	0	0	0	0	0	20	0	0	352	0	0	0	54	0	0	0	0	54	0	0	0	0	0	0	66	0	0	0	34	0	0	0	19	0	0	0	0	22	0	0	0	0	0	0	0	12	0	51	0	0	0	0	0	0	0	0	0	0	0	0
115808	Bradyrhizobium sp. ORS 285	0	0	0	0	0	0	0	0	0	0	0	0	0	0	43	0	0	0	0	0	0	0	0	0	0	0	0	0	0	0	0	0	0	0	0	0	0	0	0	0	0	0	0	0	0	0	0	0	0	0	0	0	0	0	0	0	0	0	0	0	0	0	0	0
116085	Coprococcus catus	0	1976	135	0	27	650	0	1944	185	12310	0	0	36	0	23	190	5740	0	0	0	31	98	0	0	0	19	0	64	0	0	71	0	18	0	129	0	45	20	8380	0	0	67	0	0	0	15	14	1279	0	28	0	52	31	94	1185	243	1864	0	64	0	155	0	0	26
117157	Actinopolymorpha singaporensis	0	0	0	0	0	0	0	0	0	0	0	0	0	0	0	0	0	0	0	0	0	0	0	0	0	0	0	0	0	0	0	0	0	0	0	0	12	0	0	0	0	0	0	0	0	0	0	0	0	0	0	0	0	0	0	0	0	0	0	0	0	0	0	0
117187	Fusarium verticillioides	0	0	0	3468	251	581	0	433	0	40	0	84	234	0	47	0	398	6933	8313	185	137	0	0	0	0	0	0	0	0	0	0	0	35	0	0	0	0	0	0	0	0	1266	5617	0	0	0	0	52	0	40	0	19	0	46	0	0	0	0	51	0	0	0	177	0
117207	Sphingopyxis alaskensis	0	0	0	0	0	0	0	82	0	0	0	0	0	0	0	0	0	0	0	0	0	0	0	0	0	0	0	0	0	0	0	0	0	23	50	0	0	0	0	0	0	0	0	0	0	0	0	0	0	0	0	0	0	0	0	0	0	0	0	0	0	0	0	0
117567	Mycolicibacterium frederiksbergense	0	0	0	259	0	0	0	0	0	0	0	0	0	0	0	0	0	0	0	0	0	0	0	0	0	0	0	0	0	0	0	0	0	0	0	0	0	0	0	0	0	0	210	0	0	0	0	0	0	0	0	0	0	0	0	0	0	0	0	0	0	0	0	0
118613	Pseudomonas sp. B10	0	0	0	0	0	0	0	0	0	0	0	43	151	0	0	0	0	0	0	0	0	0	0	0	0	0	0	0	0	0	0	0	0	0	31	0	0	0	0	0	0	257	0	0	0	0	0	0	0	0	0	0	0	0	0	0	0	0	0	0	0	0	0	0
119219	Cupriavidus metallidurans	0	138	178	103	101	270	0	137	0	84	33	0	0	0	217	0	36	0	432	0	31	0	0	0	0	289	0	755	68	0	334	0	330	0	1195	0	534	0	545	38	52	672	47	0	160	0	0	81	46	421	0	88	188	370	34	0	19	0	108	0	527	0	109	0
119981	Propionibacterium australiense	0	0	0	0	0	0	0	0	0	0	0	0	0	0	0	0	0	0	0	0	0	0	0	0	0	0	0	0	0	0	0	0	0	0	0	0	10	0	0	0	0	0	0	0	0	0	0	0	0	0	0	0	0	0	0	0	0	0	0	0	0	0	0	0
120107	Sphingobium cloacae	0	0	3301	265	0	0	0	80	0	1550	0	0	0	0	394	0	0	0	0	0	170	0	0	0	0	276	0	0	103	0	93	0	109	0	126	0	2650	0	0	0	0	0	236	0	91	222	0	72	65	644	0	211	0	0	0	0	0	0	97	0	0	0	515	0
120682	Treponema sp. OMZ 803	0	0	73	0	0	95	0	0	0	277	105	0	0	0	0	0	0	0	0	0	0	0	0	0	0	0	0	111	0	0	87	0	0	0	104	0	832	0	0	0	0	73	0	0	0	0	0	0	0	0	0	0	0	87	0	0	0	0	0	0	0	0	0	0
121428	Sphingobium xenophagum	0	0	184	0	0	0	0	0	0	77	0	0	0	0	50	0	0	0	0	0	0	0	30	0	0	82	0	106	14	0	0	0	0	41	65	0	102	0	40	0	0	0	0	0	37	30	0	0	0	32	0	33	47	51	0	0	0	0	0	0	0	0	0	0
121627	Talaromyces rugulosus	0	0	13	6795	329	217	0	46	29	48	17	0	675	0	0	0	0	3909	4345	0	0	0	0	0	0	48	0	97	13	0	0	0	0	0	65	0	16	0	0	0	0	668	14038	0	15	0	0	0	0	0	0	0	0	16	0	0	0	0	0	0	0	0	0	0
121719	Pannonibacter phragmitetus	0	49	201	0	0	0	0	223	0	128	99	0	48	33	51	0	98	0	0	0	0	0	0	0	0	0	0	0	0	0	0	0	0	0	0	0	0	0	0	0	0	0	0	0	385	0	0	458	0	0	0	0	160	0	0	0	0	0	0	0	0	349	0	122
121872	Natrinema thermotolerans	0	0	0	0	0	0	0	0	0	0	169	0	0	0	0	0	0	0	0	0	0	0	0	0	0	0	0	0	0	0	0	0	0	0	0	0	0	0	0	0	0	0	0	0	0	0	0	0	0	0	0	0	0	0	0	0	0	0	0	0	0	0	0	0
122355	Pseudomonas psychrophila	0	0	0	0	0	0	0	12	0	0	0	0	25	0	0	0	0	0	0	0	0	0	0	0	0	0	0	0	0	0	0	0	0	0	0	0	0	0	0	0	0	0	0	0	0	0	0	0	0	0	0	0	0	0	0	0	0	0	0	0	0	0	0	0
122358	Actinoplanes ianthinogenes	0	0	0	0	0	0	0	0	0	0	0	0	0	0	0	0	0	0	0	0	0	0	0	0	0	0	0	0	0	0	0	0	0	0	0	0	56	0	0	0	0	0	0	0	0	0	693	0	0	0	0	0	0	0	0	0	0	0	0	0	0	0	0	0
122368	Cercospora beticola	0	0	0	241	47	58	0	45	24	61	0	33	56	0	86	0	0	50131	57125	0	0	0	0	0	0	0	0	23	0	0	0	0	24	0	17	0	52	0	0	0	0	5739	373	0	19	0	0	187	0	0	0	0	0	0	0	0	0	0	39	0	0	0	0	0
123899	Bordetella trematum	24	20	69	0	0	0	0	0	0	0	0	0	0	0	0	0	0	0	0	0	0	0	0	0	0	0	0	0	0	0	0	0	0	0	0	0	0	0	0	38	0	0	0	566	0	0	82	0	0	0	30	0	0	0	0	0	0	0	54	0	0	0	22	25
126673	Mycolicibacterium doricum	425	0	79	0	0	0	0	0	0	0	0	0	0	0	0	0	0	0	0	0	0	0	0	0	0	38	0	0	0	0	0	0	0	0	0	0	0	0	0	0	0	32	0	0	21	0	0	0	0	0	0	0	0	0	0	0	0	0	0	0	0	0	0	0
128780	Stenotrophomonas acidaminiphila	0	0	27	0	0	0	0	56	0	0	0	0	0	0	0	0	0	0	0	0	0	0	0	0	0	47	0	0	55	0	0	0	0	0	0	0	0	0	0	0	0	44	0	0	0	0	0	1288	0	0	0	0	336	0	0	0	0	0	0	0	0	0	0	0
128785	Pseudoxanthomonas mexicana	0	27	114	0	0	0	0	474	0	0	0	0	0	0	0	0	0	0	0	27	0	0	63	27	0	200	0	319	1244	62	174	56	0	0	46	0	22	0	105	0	127	89	68	0	0	0	101	0	0	0	115	219	80	28	0	0	0	91	0	0	0	129	13	0
129817	Pseudomonas brenneri	0	0	39	0	0	0	0	0	0	0	0	0	41	0	0	0	0	0	0	0	0	0	0	0	0	0	0	0	0	0	0	0	0	0	18	0	0	0	0	0	0	0	0	0	0	0	0	0	0	0	0	0	0	0	0	0	0	0	0	0	0	47	0	0
129985	Mesobacillus jeotgali	0	0	0	0	0	0	0	0	0	0	13	0	0	0	0	0	0	0	0	0	0	0	0	0	0	0	0	0	0	0	0	0	0	0	0	0	0	0	0	0	0	0	0	0	0	0	0	0	0	0	0	0	0	0	0	0	0	0	0	0	0	0	0	0
131081	Corynebacterium capitovis	0	38	0	0	0	0	0	23	0	0	0	0	0	0	0	0	0	0	0	0	0	0	0	0	0	0	0	15	0	0	14	0	0	0	0	0	45	0	21	0	0	43	0	0	18	0	0	0	0	0	0	0	0	16	10	0	0	0	0	0	0	0	0	0
131110	Schaalia radingae	0	152	60	0	0	55	0	55	0	33	21	0	81	12	51	0	361	0	0	0	0	0	0	0	0	106	0	226	0	0	187	0	68	0	130	0	149	0	164	29	0	155	0	0	15	0	0	30	0	96	0	16	23	153	39	93	12205	0	44	0	0	0	38	0
131111	Schaalia turicensis	0	690	359	0	0	66	0	32	0	31	31	0	18	0	62	13	34	0	0	0	0	16	0	0	0	0	0	104	16	0	146	0	33	0	122	0	202	0	53	0	0	127	0	0	16	18	0	51	0	34	0	18	27	42	130	0	306	0	26	0	0	0	0	0
131568	Kineococcus radiotolerans	0	0	0	0	0	0	0	0	0	0	0	0	0	0	0	0	0	0	0	0	0	0	0	0	0	0	0	0	0	0	0	0	0	0	0	0	70	0	0	0	0	0	0	0	0	0	0	0	0	0	0	0	0	0	0	0	0	0	0	0	0	0	0	0
133448	Citrobacter youngae	0	0	0	0	0	0	0	0	0	0	0	0	55	0	0	0	0	0	0	0	0	0	0	0	0	0	0	0	0	0	0	0	0	0	0	0	0	0	0	0	0	0	0	0	0	0	0	0	0	0	0	0	0	0	0	0	0	0	0	0	0	0	0	0
133926	Olsenella uli	0	240	26	0	0	22	0	10	0	10	0	0	893	0	10	0	87	0	0	0	0	0	0	0	0	15	0	32	0	0	0	0	11	0	0	0	10	0	0	0	0	23	0	0	16	0	0	0	0	136	0	0	0	38	13	0	24	0	47	0	0	0	0	0
134034	Corynebacterium freneyi	0	393	0	0	21	0	0	17	0	0	0	0	0	0	17	0	0	0	0	0	0	31	0	0	0	0	0	22	0	13	0	0	0	0	29	0	16	13	14	0	0	14	0	0	12	0	0	19	0	0	56	0	0	23	19	0	33	0	71	0	0	0	77	19
134537	Paraburkholderia fungorum	0	0	28	16	0	0	0	0	0	0	0	0	0	0	34	0	0	0	0	0	0	0	0	0	23	1048	0	0	0	0	0	0	0	0	19	0	0	0	0	0	0	0	0	0	62	0	0	0	0	0	0	0	0	0	0	0	0	0	0	0	0	0	0	0
134601	Mycolicibacterium goodii	0	0	0	187	0	0	0	0	0	0	0	0	0	0	0	0	0	0	0	0	0	0	0	0	0	0	0	0	0	0	0	0	0	0	0	0	39	0	0	0	0	0	189	0	0	0	0	0	0	0	0	0	0	0	0	0	0	0	0	0	0	0	91	0
134821	Ureaplasma parvum	0	0	0	0	0	0	0	0	0	0	0	0	0	0	0	0	0	0	0	0	0	0	0	0	0	0	0	24	0	0	0	0	12	0	0	0	0	0	182	0	0	34	0	0	0	0	0	0	0	0	0	0	0	0	0	0	0	0	0	0	0	0	0	0
135079	Selenomonas dianae	0	259	47	0	0	707	0	22	0	242	19	0	89	0	0	0	32	0	0	0	26	0	0	0	0	56	0	64	0	0	20	0	50	0	31	0	449	0	0	0	0	39	0	0	22	0	0	17	0	28	0	22	15	373	0	0	659	0	162	0	13	0	13	0
135487	Nocardia cyriacigeorgica	0	0	35	0	0	0	0	0	0	21	0	0	0	0	0	0	0	0	0	0	0	0	0	0	0	0	0	0	0	0	0	0	0	0	0	0	74	0	0	0	0	0	0	0	0	0	0	0	0	0	0	0	0	0	0	0	0	0	0	0	0	0	0	0
135577	Idiomarina loihiensis	0	0	0	0	0	0	0	0	0	0	0	0	0	0	0	0	0	0	0	0	0	0	0	0	0	0	0	0	0	0	0	0	0	0	0	0	0	0	0	0	0	12	0	0	0	0	0	0	0	0	0	0	0	0	0	0	0	0	0	0	0	0	0	0
135719	Sphingobium amiense	0	0	142	0	0	0	0	0	0	78	0	0	0	0	0	0	0	0	0	0	0	0	0	0	0	70	0	0	0	0	0	0	0	0	0	0	0	0	0	0	0	0	0	0	0	0	0	0	0	0	0	49	0	0	0	0	0	0	0	0	0	0	0	0
135740	Paracoccus kondratievae	0	0	0	0	0	0	0	0	0	0	0	0	0	0	0	0	0	0	0	0	0	0	0	0	0	0	0	0	0	0	0	0	0	0	0	0	0	0	0	0	0	0	0	0	0	0	0	24	0	0	0	0	19	0	0	0	0	0	0	0	0	0	0	0
136609	Leuconostoc kimchii	0	0	0	0	0	0	0	0	0	0	0	0	823	0	0	0	153	0	0	0	0	0	0	0	0	0	0	0	0	0	0	0	0	0	0	0	0	0	0	0	0	0	0	0	0	0	0	0	0	0	0	0	0	0	0	0	0	0	0	0	0	0	0	0
136857	Corynebacterium testudinoris	0	21	36	0	0	0	0	0	0	0	0	0	0	0	0	0	0	0	0	0	0	0	0	0	0	0	0	0	0	0	0	0	0	0	0	0	19	0	0	0	0	0	0	0	40	0	0	0	0	0	0	0	0	15	0	0	11	0	0	0	0	0	0	0
137591	Weissella cibaria	0	0	52	0	0	0	0	0	0	14	0	0	273	0	0	0	27	0	0	0	0	25	0	0	0	0	0	0	22	0	0	0	44	0	23	0	0	0	0	0	0	0	0	0	0	0	0	0	0	0	0	0	0	17	0	94	0	0	0	0	0	0	0	0
137722	Azospirillum sp. B510	0	0	0	0	0	0	0	0	0	0	0	0	0	44	0	0	0	0	0	0	0	0	0	0	0	0	0	0	0	0	0	0	0	0	0	0	0	0	0	0	0	0	0	0	0	0	0	0	0	0	0	0	0	0	0	0	0	0	0	0	0	0	0	0
137732	Granulicatella elegans	324	1935	7668	501	159	1165	0	793	81	2017	1638	90	5044	56	388	129	2415	0	54	15	284	33	0	0	0	1543	0	2535	3506	23	812	0	2973	48	3458	34	1229	0	682	55	0	1426	24	32	322	73	62	356	126	2120	210	2597	159	623	378	73	981	0	775	26	1666	15	1268	38
138074	Serratia symbiotica	0	0	0	0	0	0	0	0	0	0	0	0	20	0	0	0	0	0	0	0	0	0	0	0	0	0	0	0	0	0	0	0	0	0	0	0	0	0	0	0	0	0	0	0	0	0	0	0	0	0	0	0	0	0	0	0	0	0	0	0	0	0	0	0
138336	Blastococcus saxobsidens	0	0	39	46	0	0	0	0	0	0	0	0	0	0	0	0	0	0	0	0	0	0	0	0	0	50	0	0	0	0	0	0	0	0	0	0	9983	0	0	0	0	0	733	0	0	0	0	0	0	0	0	0	0	0	0	0	0	0	0	0	0	0	0	0
138851	Treponema parvum	0	0	0	0	0	0	0	0	0	0	0	0	0	0	0	0	0	0	0	0	0	0	0	0	0	0	0	0	0	0	0	0	0	0	0	0	17	0	0	0	0	0	0	0	0	0	0	0	0	0	0	0	0	0	0	0	0	0	0	0	0	0	0	0
139021	Dietzia psychralcaliphila	0	0	0	0	0	0	0	0	0	0	0	0	0	0	0	0	0	0	0	0	0	0	0	0	0	17	0	0	0	0	0	0	0	0	0	0	0	0	0	0	0	0	0	0	0	0	0	0	0	0	0	0	0	0	0	0	0	0	0	0	0	0	0	0
139208	Isoptericola variabilis	0	0	0	0	0	0	0	0	0	0	0	0	0	0	0	0	0	0	0	0	0	0	0	0	0	0	0	0	0	0	0	0	0	0	0	0	85	0	0	0	0	0	0	0	0	0	36	0	0	0	0	0	0	0	0	0	0	0	29	0	0	0	0	0
141349	Mycobacterium lentiflavum	0	0	0	0	0	29	18	0	17	0	0	0	0	0	0	0	0	0	0	0	0	0	0	0	0	11	0	18	0	16	37	0	13	28	17	0	0	16	24	0	0	0	0	0	0	0	0	0	0	0	26	0	0	0	0	0	0	0	0	0	0	0	0	0
141451	Oleiphilus messinensis	0	0	0	0	0	0	0	0	0	0	0	0	0	0	0	0	0	13	0	0	0	0	0	0	0	0	0	0	0	0	0	0	0	0	0	0	0	0	0	0	0	0	0	0	0	0	0	0	0	0	0	0	0	0	0	0	0	0	0	0	0	0	0	0
142864	Cylindrospermum stagnale	0	0	150	0	0	0	0	0	0	0	0	0	0	0	0	0	0	0	0	0	0	0	0	0	0	0	0	0	0	0	0	0	0	0	0	0	0	0	0	0	0	0	0	0	0	0	0	300	0	0	0	0	0	0	0	0	0	0	0	0	0	0	0	86
143232	Vanrija pseudolonga	0	0	0	210	14440	4561	112	191	0	0	0	135	40	0	0	0	0	1683	1555	0	0	0	0	0	0	0	0	172	0	0	0	0	255	0	81	0	14	0	0	0	0	86	582	0	0	0	0	0	0	0	0	0	0	0	0	0	0	0	0	0	0	0	0	0
143361	Filifactor alocis	0	31	18	0	0	40	0	71	16	85	28	0	41	0	0	0	46	0	0	0	0	0	0	0	0	84	0	13	12	0	85	95	24	0	0	0	38	43	31	0	0	27	0	0	12	23	0	0	0	26	0	0	16	16	61	0	67	0	56	0	0	0	0	0
145971	Colletotrichum lupini	0	0	0	351	279	211	0	0	31	17	0	0	113	0	19	0	0	9609	10752	0	0	0	0	0	0	0	0	26	0	0	0	0	21	0	0	0	0	0	0	0	0	2047	607	0	0	0	0	0	0	0	0	0	0	0	0	0	0	0	0	0	0	0	0	0
146017	Mycolicibacterium boenickei	0	0	0	5391	0	0	0	0	0	0	0	0	0	0	0	0	0	0	0	0	0	0	0	0	0	0	0	0	0	0	0	0	0	0	0	0	0	0	0	0	0	0	4191	0	0	0	0	0	0	0	0	0	0	0	0	0	0	0	0	0	0	0	238	0
146819	Streptomyces europaeiscabiei	0	0	0	0	0	0	0	0	0	0	0	0	0	0	0	0	0	0	0	0	0	0	0	0	0	0	0	0	0	0	0	0	0	0	0	0	344	0	0	0	0	0	0	0	0	0	0	0	0	0	0	0	0	0	0	0	0	0	0	0	0	0	0	0
146827	Corynebacterium simulans	0	477	243	88	39	1515	0	838	178	368	67	22	110	20	330	88	1563	0	39	0	183	108	0	0	0	374	0	190	0	0	424	0	209	36	112	105	1563	0	406	38	0	511	0	35	196	166	0	694	0	290	0	331	440	1829	293	1076	102481	0	321	0	41	0	122	15
146919	Salinibacter ruber	0	0	0	0	0	0	0	0	0	0	0	0	0	0	0	0	0	0	0	0	0	0	0	0	0	0	0	0	0	0	0	0	0	0	0	0	0	0	0	0	0	0	0	0	33	0	0	0	0	0	0	0	0	0	10	0	0	0	0	0	0	0	0	0
146923	Streptomyces parvulus	0	0	0	0	0	0	0	0	0	0	0	0	0	0	0	0	0	0	0	0	0	0	0	0	0	0	0	0	0	0	0	0	0	0	0	0	0	0	0	0	0	0	0	0	0	0	2211	0	0	0	0	0	0	0	0	0	0	0	0	0	0	0	0	0
146939	Azospira oryzae	0	0	0	0	0	0	0	0	0	0	0	0	0	0	0	0	0	0	0	0	0	0	0	0	0	119	0	0	0	0	0	0	0	0	0	0	0	0	26	0	0	28	0	0	0	0	0	0	0	0	33	0	0	33	0	0	0	0	0	0	0	0	0	0
147206	Collinsella stercoris	0	34	0	0	0	0	0	0	15	11	0	0	0	0	0	0	15	0	0	0	0	0	0	0	0	0	0	0	0	0	0	0	0	0	0	0	0	0	78	0	0	0	0	0	0	0	0	0	0	0	0	0	0	0	0	0	28	0	0	13	0	0	0	0
147322	Limnospira indica	0	0	129	0	0	0	0	0	0	0	0	0	0	0	0	0	0	0	0	0	0	0	0	0	0	0	0	0	0	0	0	0	0	0	0	0	0	0	0	0	0	0	0	0	0	0	0	0	0	0	0	0	0	0	0	0	0	0	0	0	0	0	0	0
147645	Paracoccus yeei	0	4776	1385	0	499	243	0	807	55	69	145	0	0	0	134	657	85	0	0	133	63	174	48	0	343	146	71	2325	0	0	159	61	344	185	145	0	739	151	223	268	0	88	115	90	114	443	274	7142	0	86	517	169	2402	703	236	57	113	0	164	73	0	482	244	126
147709	Carnobacterium inhibens	0	0	0	0	0	0	0	0	0	0	0	0	0	0	0	0	0	0	0	0	0	0	0	0	0	29	0	0	0	0	0	0	0	0	0	0	0	0	0	0	0	0	0	0	0	0	0	0	0	0	0	0	0	0	0	0	0	0	0	0	0	0	0	0
147802	Lactobacillus iners	30	41	472	11	46	11	16	233	108	139	19	20	257	0	0	284	486	0	0	0	0	627	0	11	11	30	28	313	102	10	141	0	272	25	358	101	147	17	3891	140	10	335	0	72	125	0	125	78	0	0	0	12	0	48	2901	0	213	0	21	0	0	72	42	24
148305	Pyricularia grisea	0	0	0	47	0	28	0	0	0	0	0	0	0	0	0	0	0	622	727	0	0	0	0	0	0	0	0	0	0	0	0	0	0	0	0	0	0	0	0	0	0	136	55	0	0	0	0	0	0	0	0	0	0	0	0	0	0	0	0	0	0	0	0	0
148447	Paraburkholderia phymatum	23	0	38	0	0	0	0	0	0	0	0	0	0	0	0	0	0	0	0	0	0	19	0	0	0	0	0	0	0	0	0	0	0	0	0	0	0	0	0	15	0	0	0	0	0	0	0	0	0	0	0	0	0	0	0	0	0	0	0	0	0	0	12	0
149016	Streptococcus urinalis	0	0	0	0	0	0	0	12	0	0	0	0	0	0	0	0	0	0	0	0	0	0	0	0	0	0	0	0	0	0	0	0	13	0	0	0	91	0	0	0	0	18	0	0	0	0	0	0	0	0	0	0	0	0	22	0	0	0	11	0	0	0	0	0
150026	Leifsonia shinshuensis	0	0	0	3144	68	0	0	68	166	0	0	97	0	0	0	0	64	0	0	0	0	0	38	0	11	3004	0	13	0	0	0	0	43	69	99	0	1323	0	65	0	0	17	4811	0	0	30	0	0	0	18	39	0	0	0	0	113	0	28	281	0	0	0	100	0
150055	Streptococcus lutetiensis	0	0	0	0	0	0	0	0	34	73	0	0	0	0	0	27	630	0	0	0	0	0	0	0	0	0	0	0	0	0	0	0	21	0	0	0	0	0	93	0	0	0	0	0	0	0	0	0	0	114	0	0	0	0	0	0	0	0	0	0	0	0	0	0
150123	Plantibacter flavus	0	0	0	1303	0	0	0	0	0	0	0	0	0	0	0	0	0	0	0	0	0	0	0	0	0	970	0	62	0	0	0	0	0	0	0	0	0	0	0	0	0	0	2231	0	0	0	0	0	0	0	0	0	0	0	0	0	0	0	0	0	0	0	0	0
151416	Bosea vestrisii	0	0	0	0	0	0	0	399	0	0	0	0	0	197	91	0	0	0	0	0	0	0	0	0	0	0	0	0	0	0	0	0	41	0	42	0	0	0	0	0	0	0	0	0	0	0	0	115	0	0	0	0	63	0	0	0	0	0	0	0	0	0	0	0
151783	Cupriavidus campinensis	0	0	0	53	0	0	0	0	0	0	0	0	0	0	0	0	0	0	0	0	0	0	0	0	0	0	0	0	12	0	0	0	0	0	0	0	0	0	0	0	0	0	15	0	0	0	0	0	0	0	0	56	0	0	0	0	0	0	0	0	0	0	0	0
152268	Metabacillus litoralis	0	0	0	0	0	0	0	12	0	0	0	0	0	0	0	0	0	0	0	0	0	0	0	0	0	0	0	0	0	0	0	0	0	0	0	0	0	0	0	0	0	0	0	0	0	0	0	0	0	0	0	0	0	0	0	0	0	0	0	0	0	0	0	0
152331	Lentilactobacillus parabuchneri	0	0	0	0	0	0	0	0	0	0	0	0	39	0	0	0	0	0	0	0	0	0	0	0	0	0	0	0	0	0	0	0	0	0	0	0	0	0	0	0	0	0	0	0	0	0	0	0	0	0	0	0	0	0	0	0	0	0	0	0	0	0	0	0
152682	Sphingomonas melonis	0	1371	19860	8649	469	720	71	880	303	12210	0	118	318	0	2016	408	284	0	0	124	1077	0	132	0	169	1577	62	436	167	128	435	163	1077	283	1819	139	11710	73	301	0	68	281	3989	0	665	981	1021	468	112	4812	165	2090	246	323	0	53	177	73	558	0	0	0	2523	0
152794	Corynebacterium efficiens	0	16	0	0	0	0	0	12	0	0	0	0	0	0	0	0	0	0	0	0	0	0	0	0	0	24	0	0	0	0	0	0	0	0	0	0	18	0	0	0	0	0	0	0	0	0	0	0	0	0	0	0	0	0	0	0	13	0	0	0	0	0	0	0
153493	Conchiformibius steedae	0	0	0	0	0	0	0	0	0	0	0	0	0	0	0	0	0	0	0	0	0	0	0	0	0	0	0	0	0	0	0	0	0	0	0	0	0	0	0	0	0	0	0	0	0	0	0	0	0	0	0	0	0	0	24	0	0	0	0	0	0	0	0	0
154046	Hungatella hathewayi	0	869	0	0	0	78	0	494	0	901	0	0	0	0	27	13	290	0	0	0	0	0	0	0	0	0	0	0	0	0	0	0	0	0	56	0	0	18	9020	0	0	0	0	0	0	0	12	101	0	0	0	0	0	60	181	20	230	0	0	0	0	0	0	0
154288	Turicibacter sanguinis	0	83	0	0	0	0	0	0	117	0	0	0	0	0	0	0	0	0	0	0	0	2190	0	0	0	0	0	12	0	0	0	0	0	0	14	0	58	18	155	0	0	0	0	0	0	0	0	338	0	0	0	0	418	62	26	556	118	0	0	0	0	0	0	0
155077	Cellvibrio japonicus	0	0	0	0	0	0	0	0	0	0	0	0	0	0	0	0	0	0	0	0	0	0	0	0	0	0	0	0	0	0	0	0	0	0	0	0	0	0	0	0	0	0	0	0	0	0	0	0	0	0	0	19	0	0	0	0	0	0	0	0	0	0	0	0
155085	Staphylococcus lutrae	0	13	0	0	0	0	0	0	0	0	0	0	0	0	0	0	0	0	0	0	0	0	0	0	0	0	0	0	0	0	0	0	0	0	0	0	58	0	0	0	0	0	0	0	11	0	0	0	0	0	0	0	0	0	0	0	0	0	0	0	0	0	0	0
155615	Fusobacterium vincentii	89	64	164	85	0	3606	0	719	93	2414	220	0	2438	0	437	116	1452	0	90	0	1218	0	0	0	0	1857	0	1778	108	0	595	0	827	0	980	0	27936	0	86	0	0	837	0	0	67	57	0	76	0	330	0	375	141	1035	369	0	572	0	12185	0	62	0	0	0
155866	Weissella soli	0	0	0	0	0	0	0	0	0	0	0	0	227	0	0	0	0	0	0	0	0	0	0	0	0	0	0	16	0	0	10	0	98	0	146	0	40	0	0	0	0	13	0	0	0	0	0	0	0	0	0	0	0	0	0	0	0	0	0	0	0	0	0	0
155892	Caulobacter vibrioides	0	0	0	0	0	0	0	0	0	0	0	0	0	0	0	0	0	0	0	0	0	0	0	0	0	0	0	0	59	0	0	0	0	0	0	0	0	0	0	0	0	0	0	0	0	0	0	0	0	0	0	34	0	0	0	0	0	0	0	0	0	0	0	0
155894	Chroococcidiopsis sp. CCMEE 29	0	0	192	0	0	0	0	56	0	0	0	0	0	0	0	0	0	0	0	0	0	0	0	0	0	0	0	0	0	0	0	0	0	0	0	0	103	0	0	0	0	0	0	0	0	0	0	566	0	0	0	0	63	0	0	0	0	0	0	0	0	0	0	1316
156976	Corynebacterium riegelii	0	58274	118	0	0	44	0	182	0	27	61	0	15	289	2070	0	76	0	0	0	19	2435	0	0	0	29	0	105	32	22	195	0	116	0	588	10	536	0	217	0	0	274	0	28	259	24	0	58	0	53	632	22	102	137	3970	13	471	28	114	0	14	14	31	634
156977	Microbacterium resistens	0	0	0	0	0	0	0	0	0	0	0	0	0	0	0	0	0	0	0	0	0	0	0	0	0	70	0	0	0	0	0	0	0	0	0	0	136	0	0	0	0	0	0	0	0	0	0	0	0	0	0	0	0	0	0	0	0	0	0	0	0	0	0	0
156978	Corynebacterium imitans	0	13411	250	0	13	131	0	660	0	15	61	14	13	46	218	0	127	0	12	0	0	315	19	0	0	31	0	389	28	44	141	0	127	0	840	15	403	0	1161	26	0	306	0	19	264	12	0	35	0	41	25	33	47	159	544	30	643	108	104	0	20	375	42	0
156980	Arthrobacter woluwensis	0	0	0	0	0	0	0	0	0	0	0	0	0	0	0	0	40	0	0	0	0	0	0	0	0	0	0	0	0	0	0	0	0	0	0	0	0	0	0	0	0	0	0	0	0	0	0	0	0	0	0	0	0	0	0	0	0	0	0	0	0	0	0	0
157687	Leptotrichia wadei	35	1052	2255	119	68	1916	0	549	357	4181	831	78	912	0	147	73	560	0	28	32	1447	0	0	0	21	476	21	2117	1322	26	356	0	881	0	656	88	28046	17	76	95	0	1002	23	59	380	308	0	176	162	1715	88	1241	245	1323	190	57	1312	0	2410	0	134	21	397	0
157688	Leptotrichia hofstadii	0	538	555	89	45	4656	0	560	81	6212	81	0	280	0	73	27	897	0	0	16	1036	16	0	0	0	682	0	1125	76	0	194	0	404	28	540	27	7986	0	36	0	0	359	0	0	104	37	0	212	0	652	0	481	90	858	126	0	430	0	6248	0	137	0	68	27
157691	Leptotrichia shahii	0	75	75	0	29	1001	0	46	30	499	18	0	50	0	0	0	89	0	0	0	169	0	0	0	0	64	0	102	18	0	26	0	66	0	57	0	1156	0	0	0	0	47	0	0	23	0	0	0	0	95	0	76	14	71	33	0	72	0	248	0	0	0	20	0
157692	Pseudoleptotrichia goodfellowii	0	0	11	0	0	152	0	23	0	226	23	0	208	0	22	0	136	0	0	0	254	0	0	0	0	79	0	84	0	0	39	0	40	0	79	0	341	0	0	0	0	42	0	0	0	15	0	0	0	33	0	21	14	114	33	0	28	0	65	0	0	0	0	0
157782	Pseudomonas parafulva	0	52	78	0	0	0	0	59	0	14	0	0	0	0	0	0	0	0	0	0	0	0	0	0	0	0	0	20	0	0	40	0	40	0	15	0	45	0	0	0	0	0	0	0	13	0	0	25	0	87	0	16	0	40	0	0	0	0	21	0	0	0	0	0
158500	Novosphingobium resinovorum	0	0	46	0	0	0	0	0	0	0	0	66	0	0	0	0	0	0	0	0	0	113	0	0	0	32	0	0	0	0	0	0	77	0	26	0	0	0	0	18	0	0	0	29	0	0	0	0	0	0	34	104	0	0	0	0	0	0	0	0	0	0	0	0
158822	Cedecea neteri	0	0	0	0	0	0	0	0	0	0	0	0	18	0	0	0	0	0	0	0	0	0	0	0	0	0	0	0	0	0	0	0	0	0	0	0	0	0	0	0	0	0	0	0	0	0	0	0	0	0	0	0	0	0	0	0	0	0	0	0	24	0	0	0
158836	Enterobacter hormaechei	0	323	299	0	154	0	0	399	186	446	0	0	7674	0	0	439	0	0	0	0	0	121	0	0	0	388	0	0	0	208	0	0	328	200	167	0	207	0	0	0	0	114	0	0	198	0	0	519	0	295	0	0	0	0	0	0	0	0	0	0	0	0	230	0
158847	Megamonas hypermegale	0	0	0	0	0	0	0	0	0	0	0	0	0	0	0	0	0	0	0	0	0	0	0	0	0	0	0	0	0	0	0	0	0	0	0	0	0	0	79	0	0	0	0	0	0	0	0	0	0	0	0	0	0	0	0	0	12	0	0	0	0	0	0	0
160386	Corynebacterium casei	0	70	78	0	0	0	0	12	0	0	0	0	0	0	0	0	13	0	0	0	0	18	0	0	0	0	0	0	137	0	0	0	12	0	0	0	39	0	0	0	0	27	0	0	52	0	0	0	0	0	0	17	0	24	0	0	18	0	0	183	0	0	0	0
160453	Enterococcus gilvus	0	0	0	0	0	0	0	0	0	0	0	0	0	0	0	0	0	0	0	0	0	0	0	0	0	0	0	0	0	0	0	0	0	0	10	0	0	0	0	0	0	0	0	0	0	0	0	0	0	0	0	0	0	0	0	0	0	0	0	0	0	0	0	0
160699	Agrobacterium larrymoorei	0	0	0	576	0	0	0	0	0	0	0	0	0	0	0	0	0	0	0	0	0	0	0	0	0	0	0	0	0	0	0	0	0	0	0	0	0	0	0	0	0	0	150	0	0	0	35	0	0	0	0	0	0	0	0	0	0	0	0	0	0	0	0	0
160791	Rhizorhabdus wittichii	0	0	23	0	0	0	0	54	0	0	0	0	0	0	0	0	0	0	0	0	0	0	0	0	0	0	0	0	0	0	0	0	0	44	0	0	295	0	49	0	0	0	0	0	0	0	0	0	0	0	0	62	0	0	0	0	0	0	0	0	0	0	0	0
160826	Nocardioides aquaticus	0	0	180	0	0	74	0	39	0	73	0	0	0	0	0	0	0	0	0	0	0	54	0	0	0	190	0	0	0	0	0	0	0	0	0	0	283	0	0	0	0	0	0	0	124	0	165	0	0	0	0	0	83	0	0	0	0	0	0	0	0	0	0	0
161879	Corynebacterium kroppenstedtii	116	1555	5568	130	94	798	0	1168	22	1068	792	25	96	0	246	50	236	0	31	60	445	127	16	0	34	1078	84	52592	220	106	5188	31	13005	216	24331	233	5083	59	2363	207	70	15997	0	93	3386	366	32	428	30	380	39	846	457	957	165	84	195	38	667	61	733	20	1448	46
161895	Corynebacterium phocae	0	17	0	0	0	0	0	0	0	0	0	0	0	0	0	0	0	0	0	0	0	0	0	0	0	0	0	0	0	0	0	0	0	0	0	0	18	0	0	0	0	0	0	0	0	0	0	0	0	0	0	0	0	0	0	0	22	0	0	0	0	0	0	0
161896	Corynebacterium camporealensis	0	60	0	0	0	0	0	15	0	0	0	0	0	0	0	0	27	0	0	0	0	0	0	0	0	0	0	14	0	0	0	0	0	0	0	0	42	0	14	0	0	15	0	0	18	0	0	0	0	0	0	0	10	21	0	0	56	0	10	0	0	0	0	0
161899	Corynebacterium singulare	0	2518	1489	712	57	1728	21	13364	12	565	198	14	951	1227	2234	216	15971	0	187	135	1801	10309	86	0	24	1127	0	726	67	138	666	22	661	120	283	826	4460	34	1050	22	0	855	63	0	680	1506	92	2501	37	1663	35	2086	1506	5782	20697	366	33712	37	5359	0	443	0	558	14
162156	uncultured Bacteroides sp.	0	15	19	0	0	0	0	0	0	10	0	0	0	0	0	0	0	0	0	0	0	0	0	0	0	0	0	0	0	0	0	0	0	0	0	0	0	0	15	0	0	0	0	0	0	0	0	0	0	0	0	0	0	0	0	0	0	0	0	0	0	0	0	0
162425	Aspergillus nidulans	0	0	12	1331	39	29	0	18	66	36	0	0	151	0	0	0	0	712	720	0	0	0	0	0	0	0	0	36	26	0	0	0	0	0	20	0	0	0	0	0	0	166	2542	0	0	0	0	0	0	0	0	0	0	0	0	0	0	0	0	0	0	0	0	0
162426	Microbacterium hominis	0	0	277	78	127	319	0	0	0	0	0	0	0	0	0	0	99	0	0	0	0	0	0	0	0	250	0	0	0	0	0	0	0	0	0	0	1652	0	0	0	0	0	61	0	0	0	0	1222	0	0	0	0	1570	0	0	0	0	0	0	0	0	0	0	0
162496	Glutamicibacter creatinolyticus	0	0	0	0	0	0	0	0	12	0	0	0	0	0	0	0	0	0	0	0	0	0	0	0	0	10	0	0	0	0	0	0	0	1100	0	0	0	0	0	0	0	0	0	0	0	0	54	192	0	0	0	0	0	0	0	13	0	0	0	0	0	0	0	0
163202	Corynebacterium appendicis	0	689	352	16	0	126	0	653	17	122	132	14	42	39	177	24	318	0	13	37	71	151	30	0	0	96	0	153	0	215	106	0	50	107	135	0	307	0	209	14	0	282	0	227	387	147	0	207	0	294	0	131	406	1515	289	38	793	0	480	0	37	0	266	47
163359	Acidiferrobacter thiooxydans	0	0	0	0	0	0	0	0	0	0	0	0	0	21	17	0	0	0	0	0	0	0	0	0	0	0	0	0	0	0	0	0	0	0	0	0	0	0	0	0	0	0	0	0	0	0	0	0	0	0	0	0	0	0	0	0	0	0	0	0	0	0	0	0
164330	Thauera aminoaromatica	0	0	0	0	0	0	0	0	0	0	0	0	0	0	0	0	0	0	0	0	0	0	0	0	0	0	0	0	0	0	0	0	0	0	0	0	0	0	0	0	0	0	0	0	0	0	0	0	0	15	0	38	0	0	0	0	0	0	0	0	0	0	0	0
164546	Cupriavidus taiwanensis	0	0	0	39	0	0	0	0	0	0	0	0	0	0	0	0	0	0	0	0	0	0	0	0	0	0	0	0	0	0	0	0	0	0	0	0	0	0	0	0	0	0	0	0	0	0	0	0	0	0	0	93	0	0	0	0	0	0	0	0	0	0	0	0
164608	Novosphingobium sp. KA1	0	0	0	0	0	0	0	0	0	113	0	0	0	0	184	0	0	0	0	83	0	0	0	0	0	0	0	0	0	0	0	0	0	0	0	0	0	0	0	0	0	0	0	0	0	0	0	0	0	0	0	0	0	0	0	0	0	0	0	0	0	0	0	0
164759	Diaphorobacter nitroreducens	0	0	0	0	0	0	0	126	64	0	87	0	0	0	0	0	0	0	0	0	0	0	0	109	0	0	0	94	0	0	0	0	0	0	51	0	0	0	0	0	0	0	0	0	67	0	0	0	0	0	0	0	0	0	0	0	0	0	0	0	0	582	0	0
165096	Weissella koreensis	0	0	0	0	0	0	0	0	0	0	0	0	51	0	0	0	13	0	0	0	0	0	0	0	0	0	0	0	0	0	0	0	0	0	0	0	0	0	0	0	0	0	0	0	0	0	0	0	0	0	0	17	0	0	0	0	0	0	0	0	0	0	0	0
165179	Segatella copri	33	501	218	0	37	57	64	216	157	196	134	14	32	215	47	93	1828	18	0	0	19	56	0	0	0	134	0	105	20	0	205	0	75	0	67	0	198	0	1184	65	0	567	36	115	76	0	19	30	0	0	10	14	46	191	118	20	305	0	76	0	29	152	44	35
166486	Roseburia intestinalis	0	3525	212	0	88	1004	0	2462	1610	17312	63	0	40	0	48	282	4615	0	0	0	68	171	0	0	0	56	0	161	0	0	114	0	29	39	3324	0	69	1393	397126	0	0	106	0	0	40	38	532	3878	0	16	125	150	98	293	1516	518	3199	0	370	0	108	0	0	24
168384	Marvinbryantia formatexigens	0	153	0	0	0	59	0	74	0	210	0	0	0	0	0	0	196	0	0	0	0	0	0	0	0	0	0	0	0	0	0	0	0	0	22	0	0	0	2000	0	0	0	0	0	0	0	0	35	0	0	0	0	0	0	60	21	115	0	0	0	0	0	0	0
169134	Citricoccus muralis	0	30	0	0	0	0	0	0	0	0	0	0	0	0	0	0	0	0	0	0	0	18	0	0	0	0	0	0	34	0	26	0	0	0	0	0	264	0	91	0	0	0	0	0	0	0	0	0	0	0	0	0	0	0	0	0	0	0	0	0	0	0	0	0
169292	Corynebacterium aurimucosum	0	1089	773	38	31	289	0	989	0	91	84	0	28	0	155	34	919	0	20	0	107	223	0	0	0	101	0	733	0	0	278	0	189	73	458	87	1109	0	1401	22	0	337	0	19	141	118	0	309	0	69	29	124	263	567	496	144	4096	0	339	0	44	0	56	0
169427	Paraburkholderia terricola	0	0	0	0	0	0	0	0	0	0	0	0	0	83	0	0	0	0	0	0	0	0	0	0	0	0	0	0	0	0	0	0	0	0	0	0	0	0	0	0	0	0	0	0	0	0	0	0	0	0	0	0	0	0	0	0	0	0	0	0	0	0	0	0
169435	Anaerotruncus colihominis	0	388	24	0	18	124	0	334	16	1423	0	0	0	0	0	21	530	0	0	0	0	0	0	0	0	0	0	0	0	0	0	0	0	0	39	0	0	0	5588	0	0	0	0	0	0	16	121	237	0	0	0	0	0	23	198	51	645	0	47	0	20	0	0	0
169480	Rothia amarae	0	353	0	0	0	22	0	64	0	112	21	0	563	0	0	0	259	0	0	0	0	0	0	0	0	485	0	0	51	0	19	0	13	0	20	0	85	0	20	0	0	38	0	0	0	0	0	141	0	15	0	214	13	32	0	0	34	0	0	0	0	0	0	0
169679	Clostridium saccharobutylicum	0	0	0	0	0	0	0	0	0	0	0	0	0	0	0	0	0	0	0	0	0	0	0	0	0	0	0	0	0	0	0	0	0	0	0	0	0	0	0	0	0	0	0	0	0	0	0	0	0	0	0	0	0	0	0	27	0	0	0	0	0	0	0	0
169765	Mycobacterium lacus	0	0	0	0	0	0	0	0	0	0	0	0	0	0	0	0	0	0	0	0	0	0	0	0	0	0	0	0	0	0	0	0	0	0	0	0	17	0	0	0	0	0	0	0	0	0	0	0	0	0	0	0	0	0	0	0	0	0	0	0	0	0	0	0
170573	Staphylococcus pettenkoferi	504	45309	72593	270	257	7856	35	15621	80	1634	4417	66	2732	21	644	587	18062	0	73	116	1262	1401	3855	17	96	2227	21	5274	8811	68	4032	43	10423	289	2440	106	2705	69	4753	919	44	2508	16	52	2839	16299	99	7780	51	1988	46	2258	4861	5005	15077	1149	8017	110	2275	47	690	120	27927	517
171437	Tistrella mobilis	0	0	0	0	0	0	0	0	0	20	0	0	0	0	0	72	0	0	0	0	0	0	0	0	0	0	0	0	0	0	0	0	0	0	0	0	0	0	0	0	0	0	0	0	0	0	0	0	0	0	0	0	0	0	0	0	0	0	0	0	0	627	0	0
171523	Lacticaseibacillus pantheris	0	0	22	0	0	0	0	0	0	0	0	0	0	0	0	0	0	0	0	0	0	0	0	0	0	0	0	0	22	0	0	0	0	0	0	0	0	0	0	0	0	0	0	0	0	0	0	0	0	0	0	0	0	0	0	0	0	0	0	0	0	0	0	0
172042	Rothia aeria	109	1158	2550	305	72	2746	124	2441	352	1346	324	27	3087	28	526	61	3465	27	135	56	3936	13	29	0	0	2907	0	2899	732	22	858	81	2453	29	1996	66	4192	0	350	78	12	2050	0	18	520	926	0	3445	98	7818	100	7258	3172	5226	383	57	1022	85	2735	20	350	201	751	91
172043	Brevundimonas nasdae	0	0	0	14	0	0	0	0	0	0	0	0	0	0	0	0	0	0	0	0	0	0	0	0	0	0	0	0	0	0	0	0	0	0	0	0	0	0	0	0	0	38	0	0	0	0	0	0	0	0	0	58	0	0	0	0	0	0	0	0	0	0	0	0
173366	Methylocystis rosea	0	18	0	0	0	0	0	0	0	0	0	0	0	459	262	0	0	0	0	0	0	0	0	0	0	0	0	0	0	0	0	0	0	0	0	0	0	0	0	0	0	22	0	0	0	0	0	0	0	0	0	0	0	0	0	0	0	0	0	0	0	0	0	0
174587	Carnobacterium viridans	0	0	0	0	0	0	0	0	0	0	0	0	0	0	0	0	0	0	0	0	0	0	0	0	0	54	0	0	0	0	0	0	0	0	0	0	0	0	0	0	0	0	0	0	0	0	0	0	20	0	0	0	0	0	0	0	0	0	0	0	0	0	0	0
176292	Secundilactobacillus malefermentans	0	0	0	0	0	0	0	0	0	0	0	0	0	0	0	0	0	0	0	0	0	0	0	0	0	0	0	0	0	0	0	0	0	0	0	0	12	0	0	0	0	0	0	0	0	0	0	0	0	0	0	0	0	0	0	0	0	0	0	0	0	0	0	0
178214	Facklamia hominis	13	399	936	0	105	43	0	175	18	32	210	15	28	0	110	39	117	0	0	0	23	165	0	0	0	174	20	4072	19	24	1413	0	2146	37	2616	33	1136	0	7012	18	19	1721	0	0	52	0	0	91	0	52	0	23	87	129	386	0	330	0	26	0	22	0	0	0
178339	Pauljensenia hongkongensis	0	78	153	53	0	883	0	167	22	1053	75	0	850	0	136	14	776	0	0	48	87	0	0	0	0	815	0	862	30	0	190	0	843	43	452	12	4145	0	36	0	0	313	0	0	114	40	0	41	0	1146	0	555	86	490	63	14	1037	0	2728	0	51	215	21	45
179636	Alicycliphilus denitrificans	0	0	0	0	0	0	0	34	0	26	0	0	0	0	0	0	0	0	0	0	0	0	0	0	0	50	0	46	0	0	0	0	0	129	52	0	24	0	0	0	0	0	0	0	193	0	0	266	0	0	0	0	253	0	0	0	0	0	0	0	0	98	0	0
179879	Burkholderia anthina	0	0	0	49	0	0	0	0	0	0	0	0	0	0	0	0	0	0	0	0	0	0	0	0	0	0	0	0	0	0	0	0	0	0	0	0	0	0	0	0	0	0	0	0	0	0	0	0	0	0	0	0	0	0	0	0	0	0	0	0	0	0	0	0
180282	Delftia tsuruhatensis	0	0	0	0	0	0	0	289	0	0	0	0	0	0	0	108	0	0	0	0	0	132	0	0	0	0	0	0	566	0	0	0	0	0	0	0	0	0	116	0	0	0	0	0	0	0	0	0	0	0	747	54	0	0	0	0	0	0	0	0	0	0	0	0
180400	Sphingopyxis chilensis	0	0	0	0	0	0	0	12	0	0	0	0	0	0	0	0	0	0	0	0	0	0	0	0	0	0	0	0	0	0	0	0	0	0	0	0	0	0	0	0	0	0	0	0	0	0	0	0	0	0	0	0	0	0	0	0	0	0	0	0	0	0	0	0
180957	Pectobacterium brasiliense	0	0	0	434	0	64	0	0	151	4942	0	116	9411	0	32	44	1094	0	0	0	0	0	0	0	0	0	0	0	0	0	0	0	103	0	57	0	0	0	0	0	0	0	0	0	0	0	0	0	0	0	0	0	0	0	0	0	0	68	0	0	0	0	0	0
181124	Marasmius oreades	0	0	0	20	5790	3238	55	85	0	0	0	76	147	0	0	0	0	119	90	0	0	0	0	0	0	0	0	248	0	0	0	0	245	0	94	0	0	0	0	0	0	0	37	0	0	0	0	0	0	0	0	0	0	0	0	0	0	0	0	0	0	0	0	0
181487	Schaalia cardiffensis	0	0	19	0	0	0	0	0	0	0	0	0	0	0	0	0	0	0	0	0	0	0	0	0	0	0	0	0	0	0	0	0	0	0	0	0	0	0	0	0	0	0	0	0	0	0	0	0	0	11	0	0	0	0	12	0	17	0	0	0	0	0	0	0
181762	Psilocybe cubensis	0	0	16	0	394	295	0	16	0	0	0	0	152	0	0	0	0	372	345	0	0	0	0	0	0	0	0	0	0	0	0	0	32	0	0	0	0	0	0	0	0	47	0	0	0	0	0	0	0	0	0	0	0	0	0	0	0	0	0	0	0	0	0	0
182096	Aspergillus chevalieri	18	0	46	14698	1298	537	0	66	830	447	0	0	1613	0	26	0	0	10877	12047	0	0	0	0	0	0	99	0	1402	0	0	0	0	17	0	302	0	31	0	0	0	0	1995	30560	0	0	0	0	0	0	0	33	240	14	30	0	0	0	0	0	0	0	0	0	0
182337	Erwinia billingiae	0	0	0	0	0	0	0	0	0	0	0	0	30	0	0	0	0	0	0	0	0	0	0	0	0	36	0	0	0	0	0	0	20	0	0	0	0	0	0	0	0	0	0	0	0	0	0	0	0	0	0	0	0	0	0	0	0	0	0	0	0	0	0	0
182640	Kribbella flavida	0	0	0	0	0	0	0	0	0	0	0	0	0	0	0	0	0	0	0	0	0	0	0	0	0	0	0	0	0	0	0	0	0	0	0	0	34	0	0	0	0	0	0	0	0	0	0	0	0	0	0	0	0	0	0	0	0	0	0	0	0	0	0	0
182773	Clostridium isatidis	0	12	0	0	0	0	0	0	0	0	0	0	0	0	0	60	16	0	0	0	0	0	0	0	0	0	0	0	0	0	0	0	0	0	0	0	0	0	0	0	0	0	0	0	0	0	0	14	0	0	0	0	0	0	0	293	46	0	0	0	0	0	0	0
184748	Paracoccus seriniphilus	0	11	0	0	0	0	0	0	0	0	0	0	0	0	0	0	0	0	0	0	0	0	0	0	0	0	0	0	0	0	0	0	0	0	0	0	0	0	0	0	0	0	0	0	0	0	0	0	0	0	0	0	0	0	0	0	0	0	0	0	0	0	0	0
184914	Corallococcus coralloides	0	0	0	0	0	0	0	0	0	0	0	0	0	0	0	0	0	0	0	0	0	0	0	0	0	0	0	0	0	0	0	0	0	0	0	0	0	0	0	0	0	34	0	0	0	19	0	45	0	0	0	0	89	0	0	0	0	0	0	0	0	0	0	0
184917	Solidesulfovibrio magneticus	158	0	0	0	0	0	15	0	0	0	0	0	0	0	13	0	0	0	0	0	0	0	0	0	0	0	0	0	0	0	0	0	0	0	0	0	0	0	0	0	0	0	0	0	0	0	0	0	0	0	0	0	0	0	0	0	0	0	0	0	0	0	0	0
185007	Pseudobutyrivibrio xylanivorans	0	22	0	0	0	0	0	0	0	13	0	0	0	0	0	0	19	0	0	0	0	0	0	0	0	0	0	0	0	0	0	0	0	0	0	0	0	0	326	0	0	0	0	0	0	0	0	0	0	0	0	0	0	0	13	0	15	0	0	0	0	0	0	0
185008	Butyrivibrio hungatei	0	0	0	0	0	0	0	0	0	0	0	0	0	0	0	0	0	0	0	0	0	0	0	0	0	0	0	0	0	0	0	0	0	0	0	0	0	0	60	0	0	0	0	0	0	0	0	0	0	0	0	0	0	0	0	0	0	0	0	0	0	0	0	0
185951	Sphingomonas aerolata	0	36	84	0	0	0	0	12	0	33	0	0	0	0	15	0	0	0	0	0	0	64	0	0	0	44	0	0	0	0	0	0	0	0	0	0	65	0	0	0	0	15	0	12	14	0	0	20	0	0	0	0	0	14	0	0	0	0	0	0	0	0	0	0
187101	Sneathia vaginalis	0	0	10	0	24	0	0	67	58	0	0	0	0	0	0	251	0	0	0	0	0	23	0	0	0	16	0	32	0	0	0	0	0	0	18	0	0	0	49	0	0	0	0	11	0	0	0	0	0	0	0	0	0	0	0	0	0	0	0	0	0	0	0	0
187304	Roseibium aggregatum	0	0	0	0	0	0	0	0	0	0	0	0	0	0	0	0	0	0	195	0	0	0	0	0	0	0	0	0	0	0	0	0	0	0	0	0	0	0	0	0	0	0	0	0	0	0	0	0	0	0	0	0	0	0	0	0	0	0	0	0	0	0	0	0
187327	Acidaminococcus intestini	0	0	0	0	0	14	0	2161	30	2986	0	0	38	24	0	20	561	0	0	0	0	0	0	0	0	0	0	0	0	0	0	0	0	0	0	0	0	0	0	0	0	0	0	0	0	0	0	1228	0	0	0	24	0	0	0	0	76	0	56	0	0	0	0	0
187452	Pediococcus claussenii	0	0	0	0	0	0	0	0	0	0	0	0	0	0	0	0	0	0	0	0	0	0	0	0	0	0	0	0	0	0	0	0	0	0	0	0	181	0	0	0	0	0	0	0	0	0	0	0	0	0	0	0	0	0	0	0	0	0	0	0	0	0	0	0
187491	Corynebacterium glaucum	0	403	81	21	0	132	0	499	0	293	24	0	215	17	589	0	628	0	57	0	75	62	0	0	0	40	0	96	0	81	117	0	39	0	51	21	838	0	149	13	0	404	0	0	316	124	0	270	0	151	0	128	264	2352	130	46	1630	0	780	0	26	0	136	11
189381	Rossellomorea marisflavi	0	0	0	0	0	0	0	0	0	0	0	0	0	0	0	0	0	0	0	0	0	0	0	0	0	0	0	0	0	0	0	0	0	0	0	0	0	0	0	0	0	0	0	0	0	0	0	0	0	0	0	0	24	0	0	0	0	0	0	0	0	0	0	0
189665	uncultured Trichococcus sp.	0	0	0	0	0	0	0	0	0	0	0	0	0	0	0	0	0	0	0	0	0	0	0	0	0	14	0	0	0	0	0	0	0	0	0	0	0	0	0	0	0	0	0	0	0	0	0	0	42	0	0	0	0	0	0	0	0	0	0	0	0	0	0	0
189691	Paenibacillus elgii	0	10	0	0	0	0	0	0	0	0	0	0	0	0	0	0	0	0	0	0	0	0	0	0	0	0	0	0	0	0	0	0	0	0	0	0	85	0	0	0	0	0	0	0	24	0	0	0	0	0	0	0	0	0	0	0	0	0	0	0	0	0	0	0
189834	Actinobacillus porcitonsillarum	0	0	0	0	0	0	0	0	0	0	0	0	0	0	0	0	0	0	0	0	0	0	0	0	0	0	0	0	0	0	0	0	0	0	0	0	0	0	38	0	0	0	0	0	0	0	0	0	0	0	0	0	0	0	0	0	0	0	0	0	0	0	0	0
190146	Actinotignum urinale	0	0	11	0	0	0	0	0	0	0	0	0	0	0	0	0	0	0	0	0	0	0	0	0	0	0	0	0	0	0	0	0	0	0	0	0	16	0	22	0	0	16	0	0	0	0	0	0	0	0	0	0	0	0	0	0	24	0	0	0	0	0	0	0
190721	Ralstonia insidiosa	31	86	352	0	0	39	0	0	0	18	14	0	0	0	0	0	0	0	0	0	0	43	0	29	0	0	0	0	50	0	0	0	21	0	14	0	0	0	0	99	0	120	0	54	70	0	0	0	0	31	0	0	0	0	0	0	0	0	0	22	0	48	32	23
191292	Rhodococcus aetherivorans	0	0	0	0	0	0	0	0	0	0	0	0	0	0	0	0	0	0	0	0	0	0	0	0	0	0	0	0	0	0	0	0	0	0	0	0	0	0	0	0	0	0	0	0	0	0	0	0	0	0	0	0	0	0	0	0	0	0	0	0	0	3573	0	0
191390	Pseudomonas palleroniana	0	0	0	0	0	0	0	0	0	0	0	26	86	0	0	0	0	0	0	0	0	0	0	0	0	0	0	0	0	0	0	0	0	0	44	0	0	0	0	0	0	0	0	0	0	0	0	0	0	15	0	0	0	0	0	0	0	0	0	0	0	0	0	0
191493	Corynebacterium sphenisci	0	19	0	0	0	0	0	0	0	0	0	0	0	0	0	0	0	0	0	0	0	0	0	0	0	0	0	0	0	0	0	0	0	0	0	0	20	0	0	0	0	0	0	0	0	0	0	0	0	0	0	0	0	0	0	0	0	0	0	0	0	0	0	0
191495	Conexibacter woesei	0	0	73	0	0	0	0	0	0	0	0	0	0	0	0	0	0	0	0	0	0	0	0	0	0	0	0	0	0	0	0	0	0	0	0	0	0	0	0	0	0	0	0	0	0	0	62	0	0	0	0	0	0	0	0	0	0	0	0	0	0	0	0	0
191610	Corynebacterium atypicum	0	20	0	0	0	0	0	10	0	0	0	0	0	0	0	0	0	0	0	0	0	0	0	0	0	0	0	0	0	0	0	0	0	0	0	0	16	0	13	0	0	11	0	0	0	0	0	0	0	0	0	0	67	12	0	0	24	0	0	0	0	0	0	0
192421	Planococcus maritimus	0	0	36	0	0	0	0	0	0	0	0	0	0	0	0	0	0	0	0	0	0	0	0	0	0	0	0	0	0	0	0	0	0	0	0	0	0	0	0	0	0	0	0	0	0	0	0	0	0	0	0	0	0	0	0	0	0	0	0	0	0	0	0	0
192812	Qipengyuania flava	0	0	0	0	0	0	0	0	0	0	0	0	0	0	0	0	0	0	0	0	0	0	0	0	0	0	0	0	0	0	0	0	0	0	0	0	44	0	0	0	0	0	0	0	0	0	0	0	0	0	0	0	0	0	0	0	0	0	0	0	0	0	0	0
194197	Neisseria dentiae	0	0	0	0	0	0	0	0	0	0	0	0	0	0	0	0	0	0	0	0	0	0	0	0	0	0	0	0	0	0	0	0	0	0	0	0	0	0	0	0	0	0	0	0	0	0	0	0	0	0	0	0	0	0	19	0	0	0	0	0	0	0	0	0
195105	Haematobacter massiliensis	0	0	0	0	114	0	0	0	25	0	0	133	0	0	0	58	0	0	0	0	0	0	0	0	0	49	0	95	0	0	0	0	46	351	21	0	0	138	0	43	0	185	0	0	0	151	0	10084	0	0	0	0	2025	37	0	0	80	50	0	0	0	0	0	0
195108	Fusarium falciforme	0	0	0	346	0	66	0	0	38	0	55	0	65	0	0	0	20	3799	4100	0	0	0	0	0	0	0	0	0	0	0	0	0	0	0	0	0	0	0	0	0	0	842	704	0	0	0	0	0	0	0	0	0	0	0	0	0	0	0	0	0	0	0	0	0
195250	Synechococcus sp. PCC 7336	0	0	0	0	0	0	0	0	0	0	0	0	0	0	0	0	0	60	62	0	0	0	0	0	0	0	0	0	0	0	0	0	0	0	0	0	0	0	0	0	0	0	0	0	0	0	0	0	0	0	0	0	0	0	0	0	0	0	0	0	0	0	0	0
196162	Nocardioides sp. JS614	0	0	0	0	0	0	0	0	0	0	0	0	0	0	0	0	0	0	0	0	0	0	0	0	0	37	0	0	0	0	0	0	0	0	0	0	469	0	0	0	0	0	0	0	0	0	303	0	0	0	0	0	0	0	0	0	0	0	0	0	0	0	0	0
196914	Actinoplanes friuliensis	0	72	0	0	0	0	0	0	0	0	0	0	0	0	0	0	0	0	0	0	0	0	0	0	0	0	0	0	0	0	0	0	0	0	0	0	67	0	0	0	0	0	0	0	0	0	1125	0	0	0	0	0	0	0	0	0	0	0	0	0	0	0	0	0
197614	Streptococcus pasteurianus	0	148	0	0	0	0	0	305	0	577	0	0	0	0	0	0	470	0	0	0	0	0	0	0	0	0	0	0	0	0	0	0	0	0	146	0	0	0	2823	0	0	0	0	0	0	0	0	150	0	0	0	0	0	0	0	0	0	0	0	0	0	0	0	0
198119	Paenibacillus barcinonensis	0	0	0	0	0	0	0	0	0	0	0	0	0	0	0	0	0	0	69	0	0	0	0	0	0	0	0	0	0	0	0	0	0	0	0	0	0	0	0	0	0	0	0	0	0	0	0	0	0	0	0	0	0	0	0	0	0	0	0	0	0	0	0	0
198467	Anoxybacillus gonensis	0	0	0	0	0	0	0	0	0	11	0	0	0	0	0	0	0	0	0	0	0	0	0	0	0	0	0	0	0	0	0	0	0	0	0	0	0	0	0	0	0	0	0	0	0	0	0	0	0	0	0	0	0	0	0	0	0	0	0	0	0	0	0	0
198618	Pseudomonas umsongensis	0	0	0	0	0	0	0	0	0	0	0	263	535	17161	11674	0	0	0	0	0	0	0	0	0	0	0	0	0	0	0	0	14	0	0	129	0	0	0	0	0	0	0	0	0	0	0	0	0	21	0	0	0	0	0	0	0	0	0	0	0	0	0	0	0
198620	Pseudomonas koreensis	0	0	0	0	0	0	0	0	0	0	0	233	396	0	0	0	0	0	0	0	0	0	0	0	0	0	0	0	0	0	66	0	0	0	394	0	0	0	0	0	0	103	0	0	0	0	0	0	0	0	0	0	0	0	0	0	0	0	0	0	0	0	0	0
199591	Brevibacterium luteolum	0	121	86	0	0	44	0	35	0	22	0	0	0	0	27	0	202	0	0	0	0	26	0	0	0	24	0	88	0	0	17	0	0	0	20	0	96	0	16	0	0	12	0	18	0	22	0	35	0	0	0	0	20	27	69	0	0	0	50	0	0	0	0	0
199592	Microbacterium paraoxydans	0	0	207	981	0	0	0	384	0	0	0	0	237	0	0	0	941	0	0	0	0	0	0	0	0	4190	0	318	0	0	262	0	163	0	1920	0	2264	0	0	0	0	327	958	0	0	0	3610	1016	0	0	0	0	0	0	143	0	0	0	0	0	0	0	229	0
200252	Deinococcus aetherius	0	0	0	0	0	0	0	0	0	0	0	0	0	0	0	0	0	0	0	0	0	0	0	0	0	0	0	0	0	0	0	0	25	0	0	0	0	0	0	0	0	0	0	0	0	0	0	13	0	0	0	0	66	15	0	0	0	0	0	0	0	0	0	0
200450	Pseudomonas trivialis	0	0	0	0	0	0	0	0	0	0	0	0	29	0	0	0	0	0	0	0	0	0	0	0	0	0	0	0	0	0	0	0	0	0	19	0	0	0	0	0	0	0	0	0	0	0	0	0	0	26	0	0	0	0	0	0	0	0	0	0	0	0	0	0
200451	Pseudomonas poae	0	0	0	0	0	0	0	65	0	0	0	137	317	0	0	0	0	0	0	0	0	0	0	0	0	0	0	0	0	0	0	0	15	0	61	0	0	0	0	0	0	0	0	0	0	0	0	0	0	24	0	0	0	0	0	0	0	0	0	0	0	0	0	0
200452	Pseudomonas congelans	0	15	0	0	0	0	0	0	0	0	0	0	0	0	0	0	0	0	0	0	0	0	0	0	0	0	0	0	0	0	0	0	0	0	0	0	0	0	0	0	0	0	0	0	0	0	0	0	0	0	0	0	0	0	0	0	0	0	0	0	0	0	0	0
200618	Nocardioides aromaticivorans	0	0	0	0	0	0	0	0	0	0	0	0	0	0	0	0	0	0	0	0	0	0	0	0	0	0	0	0	0	0	0	0	0	0	0	0	459	0	0	0	0	0	0	0	0	0	384	0	0	0	0	0	0	0	0	0	0	0	0	0	0	0	0	0
200991	Planococcus rifietoensis	0	0	87	0	0	0	0	0	0	0	0	0	0	0	0	0	0	0	0	0	0	0	0	0	0	0	0	0	0	0	0	0	0	0	0	0	0	0	0	0	0	0	0	0	71	0	0	0	0	0	0	0	0	0	0	0	0	0	0	0	0	0	0	0
201828	Staphylococcus casei	0	195	51	0	0	24	0	72	0	0	14	0	0	0	15	0	15	0	0	0	0	0	0	0	0	33	0	171	33	0	59	0	124	0	129	17	695	0	12	0	12	1057	0	0	92	0	0	0	0	0	0	27	0	20	0	0	0	0	22	0	0	0	14	12
202956	Acinetobacter towneri	0	0	26	0	0	0	0	0	0	30	0	0	0	0	0	24	0	0	0	0	0	0	0	0	0	0	0	26	0	0	0	0	0	0	0	0	32	0	173	0	0	186	0	545	237	0	0	0	0	0	0	0	48	0	0	0	0	0	0	0	0	0	0	0
203263	Corynebacterium aquilae	0	17	0	0	0	0	0	0	0	0	0	0	0	0	0	0	0	0	0	0	0	0	0	0	0	0	0	0	0	0	0	0	0	0	0	0	0	0	0	0	0	0	0	0	0	0	0	0	0	0	0	0	0	0	0	0	0	0	0	0	0	0	0	0
204525	Pseudoroseomonas cervicalis	0	0	40	0	0	0	0	0	0	0	0	0	0	34	17	0	0	0	0	0	0	0	0	0	0	0	0	0	0	0	0	0	0	0	0	0	853	0	0	0	0	0	0	0	0	0	0	0	0	0	0	0	0	0	0	0	0	0	89	0	0	0	0	0
205844	Novosphingobium pentaromativorans	0	0	0	0	0	0	0	0	0	0	0	0	0	0	0	0	0	0	0	0	0	0	0	0	0	96	0	0	22	0	0	0	0	62	0	0	0	0	0	0	0	0	0	0	0	0	0	0	0	0	0	0	0	0	0	0	0	0	0	0	0	0	0	0
207340	Roseomonas mucosa	0	119	138	0	0	219	0	0	0	0	0	49	251	0	113	0	0	0	0	0	46	0	0	0	0	85	0	0	0	0	78	0	42	0	0	0	4550	0	61	0	0	0	40	0	0	0	0	1117	0	14966	0	518	373	0	0	0	82	0	0	0	0	0	0	0
208223	Kosakonia cowanii	0	0	0	0	0	0	0	0	0	0	0	0	21	0	0	0	0	0	0	0	0	0	0	0	0	0	0	0	0	0	0	0	0	0	0	0	0	0	0	0	0	0	0	0	15	0	25	0	0	0	0	0	18	17	0	0	0	0	0	0	0	0	0	0
208224	Enterobacter kobei	0	217	0	0	0	0	0	0	0	0	0	0	168	0	0	0	0	0	0	0	0	0	0	0	0	0	0	0	0	0	0	0	0	0	0	0	0	0	0	0	0	68	0	0	0	0	0	0	0	0	189	0	0	0	0	0	0	0	0	0	0	0	0	0
208348	Puccinia triticina	0	0	0	0	1151	969	0	32	0	0	0	0	0	0	0	0	0	102	93	0	0	0	0	0	0	0	0	72	0	0	0	0	84	0	45	0	0	0	0	0	0	21	21	0	0	0	0	0	0	0	0	0	0	0	0	0	0	0	0	0	0	0	0	0
208479	Enterocloster bolteae	0	577	15	0	0	110	0	288	21	1849	0	0	23	0	0	23	537	0	0	0	28	11	0	0	0	0	0	25	0	0	0	0	0	0	122	0	14	34	20408	0	0	0	0	0	0	30	133	274	0	0	0	0	0	56	193	22	473	0	37	0	41	0	0	0
208596	Carnobacterium sp. 17-4	0	0	0	0	0	0	0	0	0	0	0	0	0	0	0	0	0	0	0	0	0	0	0	0	0	41	0	0	0	0	0	0	0	0	0	0	0	0	0	0	0	0	0	0	0	0	0	0	0	0	0	0	0	0	0	0	0	0	0	0	0	0	0	0
208602	Nocardia puris	0	0	0	0	0	0	0	0	0	24	0	0	0	0	0	0	0	0	0	0	0	0	0	0	0	0	0	0	0	0	0	0	0	0	0	0	0	0	0	0	0	0	0	0	0	0	0	0	0	0	0	0	0	0	0	0	0	0	0	0	0	0	0	0
212765	Mycolicibacterium madagascariense	0	0	0	31	0	0	0	0	0	0	0	0	0	0	0	0	0	0	0	0	0	0	0	0	0	0	0	0	0	0	0	0	0	0	0	0	0	0	0	0	0	0	0	0	0	0	0	0	0	0	0	0	0	0	0	0	0	0	0	0	0	0	0	0
212767	Mycobacterium sp. JS623	0	0	0	0	0	0	0	0	0	0	0	0	0	0	0	0	0	0	0	0	0	0	0	0	0	0	0	0	0	0	0	0	0	0	0	0	0	0	0	0	0	0	18	0	0	0	0	0	0	0	0	0	0	0	0	0	0	0	0	0	0	0	0	0
213418	uncultured Brevundimonas sp.	0	0	0	23	81	0	0	87	38	0	0	0	0	0	0	46	0	0	0	0	0	0	0	0	29	26	0	20	0	0	0	0	18	75	34	0	0	23	56	0	53	66	11	0	0	0	511	70	56	0	27	34	33	0	0	0	0	0	23	0	0	0	0	0
213419	Geobacillus zalihae	0	0	0	0	0	0	0	0	0	63	0	0	0	0	0	0	0	0	0	0	0	0	0	0	0	0	0	0	0	0	0	0	102	0	87	0	0	0	0	0	0	0	0	0	0	0	0	0	0	0	0	0	0	0	0	0	0	0	0	0	0	0	0	0
214473	Staphylococcus nepalensis	0	570	242	0	0	51	0	211	16	23	55	0	24	0	24	0	29	0	0	0	10	0	14	0	0	20	0	146	57	0	117	0	67	13	129	17	833	0	73	13	0	277	0	0	333	38	0	42	0	13	0	33	34	114	10	0	21	0	38	0	0	0	42	29
214851	Subdoligranulum variabile	0	2342	10	0	0	1015	0	631	0	1444	0	0	18	0	15	38	1264	0	0	0	14	0	0	0	0	0	0	0	0	0	21	0	0	0	20	0	0	0	3406	0	0	0	0	0	0	30	41	400	0	0	0	22	0	31	639	24	1357	0	29	0	18	0	0	0
214856	Alistipes finegoldii	0	597	79	0	0	87	0	879	115	10297	0	0	29	0	0	36	1590	0	0	0	88	0	0	0	0	0	0	35	0	0	19	0	0	0	69	0	15	19	6005	0	0	0	0	0	0	0	0	1929	0	0	0	27	16	104	157	25	346	0	61	0	102	0	0	0
215580	Caldimonas thermodepolymerans	0	0	0	0	0	0	0	0	0	11	0	48	60	0	0	0	0	0	0	0	0	0	0	0	0	0	0	0	0	0	0	0	19	0	64	0	0	0	0	0	0	0	0	37	0	0	0	0	0	38	0	108	0	17	0	0	13	0	16	0	0	0	0	0
215691	Thermomonas brevis	0	0	0	0	0	0	0	0	0	0	0	0	0	0	0	0	0	0	0	0	0	0	0	0	0	0	0	0	0	0	0	0	0	25	0	0	0	0	0	0	0	0	0	0	0	0	0	293	0	0	0	0	64	0	0	0	0	0	0	0	0	0	0	0
216142	Pseudomonas rhizosphaerae	0	0	0	0	0	0	0	0	0	0	0	15	16	0	0	0	0	0	0	0	0	0	0	0	0	0	0	0	0	0	0	0	0	0	13	0	0	0	0	0	0	0	0	0	0	0	0	0	0	0	0	0	0	0	0	0	0	0	0	0	0	0	0	0
216778	Stenotrophomonas rhizophila	0	0	0	116	0	70	0	21	0	499	0	31	1129	0	117	26	1489	0	15	0	0	0	0	0	0	23	0	16	0	0	0	0	47	0	54	0	0	0	0	0	0	21	0	639	0	0	0	0	0	0	12	222	0	0	0	0	0	0	47	0	0	0	0	0
216816	Bifidobacterium longum	0	418	299	0	40	8462	0	1190	61	4134	56	0	775	39	129	56	5402	0	0	0	69	40	0	0	0	53	0	145	43	0	111	0	99	0	79	0	133	0	4753	0	0	156	0	0	37	112	558	287	0	60	18	276	170	342	371	44	3014	0	357	0	206	0	784	12
216929	Mycolicibacterium psychrotolerans	0	0	0	0	0	0	0	0	0	0	0	0	0	0	0	0	0	0	0	0	0	0	0	0	0	0	0	0	0	0	0	0	0	0	0	0	26	0	0	0	0	0	0	0	0	0	0	0	0	0	91	0	0	0	0	0	0	0	0	0	0	0	0	0
217203	Achromobacter spanius	0	0	0	0	0	0	0	0	80	0	0	0	0	0	0	0	0	0	0	0	0	0	0	0	48	0	0	0	0	0	0	0	0	0	0	0	0	0	0	0	65	0	0	0	0	0	0	32	0	0	0	77	0	0	0	0	0	0	0	0	0	0	0	0
217204	Achromobacter insolitus	0	0	0	0	0	0	0	0	0	0	0	0	0	0	0	0	0	0	0	0	0	0	0	0	0	0	0	0	0	0	0	0	0	0	0	0	0	0	0	0	0	0	0	0	0	0	0	0	0	0	0	0	0	0	0	0	0	0	0	0	0	49	0	0
218144	Vagococcus carniphilus	0	0	0	0	0	0	0	0	0	0	0	0	0	0	0	0	0	0	0	0	0	0	0	0	0	0	0	0	0	0	0	0	0	0	0	0	0	0	14	0	0	0	0	0	0	0	0	0	0	0	0	0	0	0	0	0	0	0	0	0	0	0	0	0
219314	Aeromicrobium marinum	0	0	0	0	0	0	0	0	0	0	0	0	0	0	0	0	0	0	0	0	0	0	0	0	0	0	0	0	0	0	0	0	0	0	0	0	15	0	0	0	0	0	0	0	0	0	113	0	0	0	0	0	0	0	0	0	0	0	0	0	0	0	0	0
219572	Pseudomonas antarctica	0	0	0	0	0	0	0	0	0	0	0	0	21	0	0	0	0	0	0	0	0	0	0	0	0	0	0	0	0	0	0	0	0	0	22	0	0	0	0	0	0	0	0	0	0	0	0	0	0	0	0	0	0	0	0	0	0	0	0	0	0	0	0	0
221027	Treponema putidum	0	0	0	0	0	0	0	0	0	0	0	0	0	0	0	0	0	0	0	0	0	0	0	0	0	0	0	0	0	0	0	0	0	0	0	0	0	68	36	0	0	0	0	0	0	0	0	0	0	0	0	0	0	0	0	0	0	0	0	0	0	0	0	0
223390	Ancylobacter polymorphus	0	0	129	0	0	0	0	0	0	0	19	0	0	35	0	0	0	0	0	0	0	0	0	0	0	0	0	0	0	0	0	0	0	0	0	0	0	0	0	0	0	0	0	0	0	0	0	0	0	0	0	0	0	0	0	0	0	0	0	0	0	34	0	0
223392	Rhodococcus gordoniae	0	0	0	0	0	0	0	0	0	0	0	0	0	0	0	0	0	0	0	0	0	0	0	0	0	0	0	0	0	0	0	0	0	0	0	0	0	0	0	0	0	0	0	0	0	0	0	0	0	0	0	0	0	0	0	0	0	0	0	0	0	53	0	0
223818	Malassezia japonica	0	17	18	75	169046	51822	1582	994	92	28	0	1792	121	0	64	0	17	513	559	0	13	0	0	0	0	16	0	935	0	0	88	0	1204	0	330	0	187	0	15	0	0	140	501	0	26	0	0	20	28	25	0	0	23	107	0	0	0	0	53	0	0	0	0	0
223967	Methylorubrum populi	89	59	319	506	316	285	110	517	309	212	14	97	24	125888	78888	245	94	0	666	146	25	69	365	0	390	587	133	238	56	319	258	151	236	790	845	110	553	255	441	0	134	144	505	0	83	117	198	156	107	276	196	224	182	135	58	61	67	202	212	0	0	21	342	58
225326	Corynebacterium halotolerans	0	40	0	0	0	0	0	11	0	0	0	0	0	0	0	0	0	0	0	0	0	0	0	0	0	0	0	14	0	0	0	0	0	0	0	0	29	0	0	0	0	13	0	0	29	0	0	0	0	0	0	0	0	16	0	0	17	0	17	0	0	0	0	0
225971	Qipengyuania citrea	0	1079	0	0	0	0	0	0	0	0	0	0	0	0	0	0	0	0	0	0	0	0	0	0	0	0	0	0	0	0	0	0	0	0	0	0	118	0	0	0	0	0	0	0	0	0	0	0	0	0	0	0	0	0	0	0	0	0	0	0	0	0	0	0
225991	Comamonas aquatica	111	105	71	0	879	86	119	90	35	65	0	1516	0	0	0	62	24	0	0	0	0	26	0	0	118	350	0	154	0	0	78	0	19	0	36	0	41	79	51	79	0	48	0	266	91	44	0	0	56	23	0	0	0	30	0	0	0	0	26	0	0	60	31	43
225992	Comamonas kerstersii	0	0	0	0	0	0	0	0	0	0	0	0	0	0	0	0	0	0	0	0	0	0	0	0	0	0	0	0	0	0	0	0	0	0	0	0	0	0	0	0	0	0	0	0	0	0	0	0	0	0	0	0	0	0	0	0	0	0	0	0	0	0	0	12
226910	Pseudomonas batumici	0	0	0	0	0	0	0	0	0	0	0	0	25	0	0	0	0	0	0	0	0	0	0	0	0	0	0	0	0	0	0	0	0	0	0	0	0	0	0	0	0	0	0	0	0	0	0	0	0	0	0	0	0	0	0	0	0	0	0	0	0	0	0	0
227318	Actinocatenispora thailandica	0	0	0	0	0	0	0	0	0	0	0	0	0	0	0	0	0	0	0	0	0	0	0	0	0	0	0	0	0	0	0	0	0	0	0	0	0	0	0	0	0	0	0	0	0	0	36	0	0	0	0	0	0	0	0	0	0	0	0	0	0	0	0	0
227319	Corynebacterium ciconiae	0	18	0	0	0	0	0	13	0	0	0	0	0	0	0	0	0	0	0	0	0	0	0	0	0	0	0	0	0	0	0	0	0	0	0	0	14	0	0	0	0	16	0	0	0	0	0	0	0	0	0	0	0	0	0	0	15	0	0	0	0	0	0	0
228899	Peribacillus asahii	0	0	0	0	0	0	0	0	0	0	0	0	0	0	0	0	0	0	0	0	0	0	0	0	0	0	0	0	0	0	0	0	0	0	0	0	15	0	0	0	0	0	0	0	0	0	0	0	0	0	0	0	0	0	0	0	0	0	0	0	0	0	0	0
231049	Furfurilactobacillus rossiae	0	0	0	0	0	0	0	0	0	22	0	0	0	0	0	0	0	0	0	0	0	0	0	0	0	0	0	0	0	0	0	0	0	0	0	0	0	0	0	0	0	0	0	0	0	0	0	0	0	0	0	0	0	0	0	0	0	0	0	0	0	0	0	0
235986	Actinacidiphila glaucinigra	0	0	0	0	0	0	0	0	0	0	0	0	0	0	0	0	0	0	0	0	0	85	0	0	0	0	0	0	0	0	0	0	0	0	0	0	262	0	0	0	0	0	0	0	0	0	0	0	0	0	29	0	0	0	0	0	0	0	0	0	0	0	0	0
236753	Fastidiosipila sanguinis	0	0	0	0	0	0	0	52	0	0	0	0	0	0	0	0	28	0	0	0	0	13	0	0	0	0	0	101	0	0	58	0	75	0	96	0	52	0	348	0	0	63	0	0	0	0	0	16	0	0	56	0	21	0	0	0	42	0	0	0	0	0	0	0
237258	Cloacibacterium normanense	0	0	436	0	33	170	0	90	50	331	76	0	30	0	0	53	287	0	0	0	0	0	0	22	0	157	0	154	57	16	77	0	96	22	206	0	111	0	130	50	0	47	0	92	55	0	0	0	0	23	0	45	0	0	122	0	0	0	0	0	0	51	0	25
237609	Pseudomonas alkylphenolica	0	0	0	0	0	0	0	0	0	0	0	0	0	0	0	0	0	0	0	0	0	0	0	0	0	0	0	0	0	0	0	0	0	0	14	0	0	0	0	0	0	0	0	0	0	0	0	0	0	0	21	0	0	0	0	0	0	0	0	0	0	0	0	0
237610	Pseudomonas psychrotolerans	0	67	52	38	0	67	0	2808	16	819	16	0	139	0	84	0	52	0	0	0	48	0	0	0	0	0	0	68	0	0	295	0	3096	0	25	0	153	0	0	0	0	131	0	0	40	0	0	400	237	13755	17	785	99	360	22	0	75	0	259	0	0	0	15	0
238834	Clostridium estertheticum	0	0	0	0	0	0	0	0	0	0	0	0	0	0	0	0	0	0	0	0	0	0	0	0	0	0	0	0	0	0	0	0	0	0	0	0	13	0	12	0	0	0	0	0	0	0	0	0	0	0	0	0	0	0	0	0	0	0	0	0	0	0	0	0
239935	Akkermansia muciniphila	0	46	83	0	29	576	0	2973	153	7837	0	63	524	0	63	77	764	0	0	0	19	161	0	0	0	0	0	26	0	0	101	0	14	0	41	0	55	151	5491	0	0	56	0	0	37	88	28	1807	0	24	37	494	49	307	44	1207	4683	0	42	0	0	0	0	0
240427	Secundilactobacillus paracollinoides	0	0	0	0	0	0	0	0	0	52	0	0	0	0	0	0	0	0	0	0	0	0	0	0	0	0	0	0	0	0	0	0	0	0	0	0	0	0	14	0	0	0	0	0	0	0	0	0	0	0	0	0	0	0	0	0	0	0	0	0	0	0	0	0
240495	Pseudonocardia dioxanivorans	0	0	0	0	0	0	0	0	0	0	0	0	0	0	0	0	0	0	0	0	0	0	0	0	0	0	0	0	0	0	0	0	0	0	0	0	58	0	0	0	0	0	0	0	0	0	0	0	0	0	0	0	0	0	0	0	0	0	0	0	0	0	0	0
240521	Rhizobium daejeonense	0	17	51	0	0	0	0	233	0	0	111	0	0	0	0	0	0	0	0	0	0	0	0	45	0	0	0	0	0	0	0	0	0	0	0	0	0	0	0	0	0	0	0	0	0	0	87	0	0	0	0	0	0	0	0	0	0	0	0	0	0	276	0	0
241425	Crinalium epipsammum	0	0	0	0	0	0	0	0	0	0	0	0	0	0	0	0	0	0	0	0	0	0	0	0	0	0	0	0	0	0	0	0	0	0	0	0	0	0	0	0	0	0	0	0	0	0	0	39	0	0	0	0	0	0	0	0	0	0	0	0	0	0	0	34
244366	Klebsiella variicola	0	0	109	0	0	0	0	0	0	232	0	0	96	0	0	0	67	0	0	0	0	0	0	0	0	0	0	0	0	0	0	0	0	0	0	0	0	0	0	0	0	0	0	0	0	0	0	0	0	0	0	0	0	0	0	0	0	0	0	469	0	0	0	0
244566	Pseudomonas lurida	0	0	0	0	0	0	118	14	0	41	0	11	94	0	0	0	50	0	0	0	0	0	0	0	0	0	0	22	0	0	0	0	0	24	45	0	0	0	0	0	0	0	0	0	0	0	0	0	0	73	0	0	0	0	0	0	0	0	0	0	18	0	0	0
244734	Bradyrhizobium betae	0	223	2996	512	0	0	0	551	0	659	408	0	0	0	567	0	165	0	0	0	0	0	0	0	0	0	0	0	0	0	422	0	641	0	479	0	482	0	944	0	0	1103	516	0	0	0	0	0	0	455	308	0	0	421	0	0	0	0	0	0	0	0	0	0
246432	Staphylococcus equorum	0	2156	648	53	80	1056	0	2247	0	237	144	0	233	0	611	0	246	0	0	0	44	6203	122	0	35	4083	0	11079	507	62	6645	0	15157	113	11478	1305	49596	0	1382	0	440	64722	0	0	1146	597	0	486	0	71	0	211	722	2657	10840	0	171	0	891	0	35	0	604	235
246787	Bacteroides cellulosilyticus	0	1221	82	0	0	0	0	560	168	8605	0	0	0	0	0	29	889	0	0	0	0	0	0	0	0	31	0	55	0	0	53	0	0	0	21	0	27	0	2143	0	0	47	0	0	31	0	0	937	0	0	0	25	0	58	192	0	94	0	0	0	98	0	0	24
247333	Serinicoccus marinus	0	0	0	0	0	0	0	0	0	0	0	0	0	0	0	64	0	0	0	0	0	0	0	0	0	0	0	0	0	0	0	0	0	0	0	0	60	0	0	0	0	0	0	0	0	0	0	0	0	0	0	0	0	0	0	0	0	0	0	0	0	0	0	0
248315	Veillonella rodentium	0	30	65	0	0	25	0	337	0	73	89	0	199	0	0	0	14	0	0	0	28	0	0	0	0	111	0	73	60	0	10	0	42	0	24	25	497	0	19	0	0	56	0	0	0	15	0	0	0	28	10	12	0	17	906	0	10	0	197	0	37	0	35	0
248903	Paenibacillus xylanilyticus	0	0	0	0	0	0	0	0	0	0	0	0	0	0	0	0	0	0	0	0	0	0	0	0	0	0	0	0	0	0	0	0	0	0	0	0	0	0	0	0	0	0	0	0	0	0	0	0	0	0	0	0	0	0	0	0	0	0	25	0	0	0	0	0
249058	Gordonia otitidis	0	0	57	0	0	0	0	35	0	0	50	0	0	0	0	0	0	0	0	0	0	0	0	0	0	0	0	0	0	29	0	0	0	0	0	0	0	0	0	34	0	0	0	0	0	0	0	0	0	0	0	0	0	16	0	0	0	0	0	0	0	0	0	0
249188	Haemophilus pittmaniae	0	25	103	238	0	29	0	409	37	981	57	0	131	0	44	0	30	0	0	0	325	0	0	0	0	95	0	153	51	0	0	0	48	0	116	0	34	0	0	0	0	59	0	0	17	1841	0	0	0	173	0	53	29	57	1214	0	31	0	81	0	0	0	0	0
252130	Uruburuella suis	0	0	0	0	0	0	0	0	0	0	0	0	0	0	0	0	0	0	0	0	24	0	0	0	0	0	0	0	0	0	0	0	0	0	0	0	0	0	0	0	0	0	0	0	0	0	0	0	0	0	0	0	0	0	0	0	0	0	0	0	0	0	0	0
253237	Pseudomonas sp. phDV1	105	0	0	0	0	0	136	0	0	0	0	200	0	0	0	0	0	0	0	0	0	0	0	0	0	112	0	0	0	0	0	0	0	0	0	0	0	0	0	0	0	0	0	66	0	0	0	0	0	0	167	0	0	0	0	0	0	0	0	0	0	0	0	78
253239	Ethanoligenens harbinense	0	14	0	0	0	0	0	0	0	0	0	0	0	0	0	0	0	0	0	0	0	0	0	0	0	0	0	0	0	0	0	0	0	0	0	0	0	0	42	0	0	0	0	0	0	0	0	0	0	0	0	0	0	0	0	0	0	0	0	0	0	0	0	0
254839	Actinobacillus genomosp. 1	0	0	0	0	0	0	0	0	0	0	0	0	0	0	0	0	0	0	0	0	0	0	0	0	0	0	0	0	0	0	0	0	0	0	0	0	0	0	0	0	0	0	0	0	0	0	0	0	0	0	0	0	0	0	23	0	0	0	0	0	0	0	0	0
255045	Bradyrhizobium canariense	0	0	11	0	0	0	0	0	0	0	0	0	0	0	0	0	0	0	0	0	0	0	0	0	0	0	0	0	0	0	0	0	0	0	0	0	0	0	0	0	0	0	0	0	0	0	0	0	0	0	0	0	0	0	0	0	0	0	0	0	0	0	0	0
255248	Leuconostoc garlicum	0	0	28	0	0	0	0	0	0	28	0	0	84	0	0	0	37	0	0	0	0	309	0	0	0	0	0	0	0	0	0	0	24	0	49	0	0	0	0	0	0	0	0	0	0	0	0	0	0	0	0	0	0	0	0	0	0	0	0	0	0	44	0	0
256618	Parvibaculum lavamentivorans	0	0	0	0	0	0	0	0	0	0	0	0	0	0	0	0	0	0	0	0	0	0	0	0	0	0	0	0	0	0	0	0	0	0	0	0	0	0	0	0	0	0	212	0	0	0	0	40	0	0	0	0	0	0	0	0	0	0	0	0	0	0	0	0
256701	Glutamicibacter arilaitensis	0	23	0	0	0	0	0	0	0	0	0	0	0	0	0	0	0	0	0	0	0	0	0	0	0	25	0	0	15	0	0	0	0	0	0	0	0	0	0	0	0	0	0	0	0	0	0	0	15	0	0	0	0	0	0	0	0	0	0	0	0	0	0	0
256821	Gulosibacter molinativorax	0	421	0	0	0	0	0	0	0	0	0	0	0	0	0	0	0	0	0	0	0	130	0	0	0	0	0	0	0	0	0	0	0	0	30	0	806	0	0	0	0	0	0	0	0	0	0	0	0	0	0	0	60	0	0	0	0	0	0	0	0	0	0	0
256839	Shewanella decolorationis	0	0	0	0	0	0	0	0	0	0	0	54	0	0	0	0	0	0	0	0	0	0	0	0	0	0	0	24	0	0	0	0	0	0	0	0	0	0	0	0	0	0	0	0	0	0	0	0	0	0	0	0	0	0	0	0	0	0	0	0	0	0	0	0
257708	Roseomonas gilardii	0	21	25	0	0	0	0	0	0	0	0	0	0	72	30	0	0	0	0	0	0	0	0	0	0	278	0	0	0	0	0	0	0	0	0	0	217	0	0	103	0	0	0	0	0	0	0	191	0	123	0	0	20	51	0	0	0	0	0	0	39	0	0	0
257758	Streptococcus pseudopneumoniae	707	1433	3544	215	428	804	18	2362	64	795	2695	55	3168	0	182	78	686	0	0	0	173	0	0	0	0	484	0	2657	1745	0	454	0	1078	50	2964	33	807	34	233	94	0	881	0	0	517	172	0	191	95	1216	46	645	86	410	402	0	221	21	558	32	459	0	2328	30
258224	Corynebacterium resistens	0	94	38	12	0	14	0	57	0	0	15	0	0	0	0	0	223	0	0	0	0	16	0	0	0	63	0	24	0	0	13	0	30	0	17	0	102	0	79	0	0	42	0	0	26	13	0	0	0	23	0	0	19	68	51	0	454	0	30	0	0	0	0	0
258505	Mycolicibacterium fluoranthenivorans	0	0	16	2143	0	0	0	0	0	0	0	0	0	0	0	0	0	0	0	0	0	0	0	0	0	0	0	17	0	0	0	0	0	0	0	0	0	0	0	0	0	10	2195	0	0	0	0	0	0	0	0	0	0	0	0	0	0	0	0	0	0	0	147	0
260554	Bacillus halotolerans	0	0	0	0	0	0	0	0	0	0	0	0	0	0	0	0	0	0	0	0	0	0	0	0	0	0	0	0	0	0	0	0	39	0	0	0	0	0	0	0	0	0	0	0	0	0	0	0	0	0	0	0	0	0	0	0	0	0	0	0	0	0	0	0
261299	Intestinibacter bartlettii	20	1336	15	0	942	311	19	330	4208	4506	0	419	16	107	62	2081	1146	68	34	161	136	3422	0	0	0	0	0	0	0	0	506	0	0	0	0	0	0	0	406	0	0	0	0	0	0	0	15	628	0	0	12	26	565	217	553	3347	924	0	47	110	0	0	0	160
262209	Janibacter melonis	0	0	64	0	0	17	0	0	48	0	0	0	0	0	0	20	0	0	0	0	0	0	0	0	0	56	0	0	0	0	0	0	0	0	0	0	100	0	0	0	0	20	0	0	0	0	604	31	0	0	0	45	37	0	0	0	0	0	0	0	0	0	0	41
263765	uncultured Tolumonas sp.	0	0	0	0	0	0	0	0	0	0	0	0	0	0	0	0	0	0	0	0	0	0	0	0	0	0	0	0	16	0	0	0	0	0	0	0	0	0	0	0	0	0	0	0	0	0	0	0	0	0	0	0	0	0	0	0	0	0	0	0	0	0	0	0
263819	Yersinia aleksiciae	0	0	0	0	0	0	0	0	0	0	0	0	75	0	0	0	0	0	0	0	0	0	0	0	0	0	0	0	0	0	0	0	0	0	0	0	0	0	0	0	0	0	0	0	0	0	0	0	0	0	0	0	0	0	0	0	0	0	0	0	0	0	0	0
263913	uncultured Erythrobacter sp.	0	0	0	0	0	0	0	32	0	0	0	0	0	0	0	0	0	0	0	0	0	0	0	0	0	0	0	0	0	0	0	0	0	0	0	0	0	0	0	0	0	0	0	0	0	0	0	0	0	0	0	0	0	0	0	0	0	0	0	0	0	0	0	0
265175	Kingella potus	0	0	0	0	0	0	0	0	0	0	0	0	0	0	0	0	0	0	0	0	0	0	0	0	0	21	0	0	0	0	0	0	0	0	0	0	0	0	0	0	0	0	0	0	0	0	0	0	0	0	0	0	0	0	0	0	0	0	0	0	0	0	0	0
266062	Pseudoxanthomonas daejeonensis	0	0	0	0	0	0	0	21	0	0	0	0	0	0	0	0	0	0	0	0	0	0	0	0	0	15	0	27	0	0	0	0	0	0	11	0	0	0	0	0	0	0	0	0	0	0	0	0	0	0	0	0	0	0	0	0	0	0	0	0	0	53	0	0
267128	Sphingopyxis granuli	0	0	0	0	0	0	0	88	0	0	0	0	0	0	0	0	0	0	0	0	0	0	0	0	0	0	0	0	0	0	0	0	0	0	0	0	0	0	0	0	0	0	0	41	0	0	0	0	0	0	0	0	0	0	0	0	0	0	0	0	0	0	0	0
267212	Neisseria bacilliformis	0	0	28	0	0	19	0	69	25	77	14	17	20	0	0	0	16	0	0	0	856	0	0	32	0	163	0	28	12	0	0	0	20	0	17	0	166	0	0	11	0	30	0	0	28	0	0	0	16	32	0	11	16	33	632	0	0	0	37	0	0	42	0	0
267818	Lactobacillus kefiranofaciens	0	0	0	0	0	0	0	0	0	0	0	0	0	0	0	0	0	0	0	0	0	0	0	0	0	14	0	495	0	0	165	0	339	0	195	0	396	0	1589	0	0	208	0	0	0	0	0	0	0	0	0	0	0	0	0	0	0	0	0	0	0	0	0	41
269660	Methylobacterium brachiatum	88	32	462	271	45	43	0	112	41	294	0	29	0	267962	174007	63	0	0	0	17	0	0	21	0	18	758	0	45	0	35	21	85	218	59	61	41	109	18	35	0	0	16	737	0	0	0	0	42	34	58	21	20	21	32	0	0	0	0	18	0	0	74	115	0
270351	Methylobacterium aquaticum	25	32	2282	28	0	171	0	98	15	4038	0	0	113	18028	11780	0	0	0	0	0	0	0	0	0	0	71	0	18	0	0	42	0	89	14	75	0	35	0	17	0	17	127	62	0	0	0	0	26	53	77	0	18	17	44	50	0	0	0	25	0	100	15	342	0
271865	[Ochrobactrum] quorumnocens	29	0	0	0	0	0	0	36	0	0	0	70	0	0	0	0	0	0	0	0	0	0	0	0	0	0	0	0	0	0	0	0	0	0	0	0	0	0	0	0	0	0	0	0	0	0	0	0	0	0	0	0	0	0	0	0	0	0	0	0	0	0	0	0
272131	Nostoc punctiforme	0	0	0	0	0	0	0	0	0	0	0	0	0	0	0	0	0	0	0	0	0	0	0	0	0	0	0	0	0	0	0	0	0	0	0	0	0	0	0	0	0	0	0	0	0	0	0	108	0	0	0	0	0	0	0	0	0	0	0	0	0	0	0	154
273371	Candida orthopsilosis	0	26	0	0	0	0	0	18	0	0	0	0	0	0	0	0	0	0	0	0	0	0	0	0	0	0	0	0	0	0	0	0	0	0	0	0	0	0	0	0	0	0	0	0	0	0	0	0	0	0	0	0	0	0	0	0	0	0	0	0	0	0	0	0
273384	Brevibacterium aurantiacum	0	404	607	0	0	152	0	69	0	52	0	0	84	0	0	0	0	0	0	0	0	0	43	0	0	100	0	51	1043	0	0	0	0	0	116	0	105	0	44	22	0	0	0	0	72	0	186	0	0	51	0	163	54	53	0	0	0	0	0	0	0	106	59	0
273677	Microbacterium oleivorans	0	60	17	0	0	0	0	0	0	0	0	0	0	0	0	0	0	0	0	0	0	0	0	0	0	88	0	0	0	0	0	0	0	0	0	0	242	0	0	0	0	0	0	68	0	0	46	61	0	0	0	0	45	41	0	0	0	0	0	0	0	0	0	0
273678	Microbacterium hydrocarbonoxydans	0	0	0	19	0	0	0	0	0	0	0	0	0	0	0	0	0	0	0	0	0	0	0	0	0	250	0	0	0	0	0	0	0	0	15	0	0	0	0	0	0	0	21	0	0	0	0	0	0	0	0	0	0	0	0	0	0	0	0	0	0	0	0	0
279113	Collimonas pratensis	0	0	0	0	0	0	0	0	0	0	0	0	0	32	0	0	0	0	0	0	0	0	0	0	0	0	0	0	0	0	0	0	0	0	0	0	0	0	0	0	0	0	0	0	0	0	0	0	0	0	0	0	0	0	0	0	0	0	0	0	0	0	0	0
279322	Cutaneotrichosporon cavernicola	0	0	0	23	15090	4163	88	122	19	0	0	104	0	0	0	0	0	1072	1077	0	0	0	0	0	0	0	0	181	0	0	0	0	201	0	73	0	0	0	0	0	0	43	106	0	0	0	0	0	0	0	0	0	0	0	0	0	0	0	0	0	0	0	0	0
279828	Microcella alkaliphila	0	0	0	0	0	0	0	0	0	0	0	0	0	0	0	0	0	0	0	0	0	0	0	0	0	0	0	0	0	0	0	0	0	0	0	0	107	0	0	0	0	0	0	0	0	0	0	0	0	0	0	0	0	0	0	0	0	0	0	0	0	0	0	0
280036	Sporisorium graminicola	0	0	20	30	12923	7260	76	188	0	13	0	110	23	0	24	0	0	2352	2312	0	0	290	0	0	0	0	0	204	0	0	12	0	224	0	91	0	49	0	0	0	0	97	153	0	0	0	0	0	0	0	0	0	0	37	0	0	0	0	154	0	0	0	0	0
280754	Pochonia chlamydosporia	0	0	0	223	0	0	0	0	14	0	0	0	27	0	0	0	0	1156	1243	0	0	0	0	0	0	0	0	18	0	0	0	0	0	0	0	0	0	0	0	0	0	308	355	0	0	0	0	0	0	0	0	0	0	0	0	0	0	0	0	0	0	0	0	0
281362	Dechloromonas denitrificans	0	0	35	0	0	0	0	0	0	0	0	0	0	0	0	0	0	0	0	0	0	0	0	0	0	0	0	0	0	0	0	0	0	0	0	0	0	0	0	0	0	0	0	0	0	0	0	0	0	0	0	0	0	0	0	0	0	0	0	0	0	0	0	0
282402	Prevotella multiformis	0	0	18	0	0	14	189	19	0	16	0	0	15	0	0	0	0	0	0	46	14	0	0	0	0	0	0	21	0	0	18	52	36	0	0	0	19	80	46	0	0	28	0	0	30	24	0	0	0	0	0	0	43	32	15	0	0	0	47	0	0	0	0	0
283734	Staphylococcus pseudintermedius	0	195	80	0	23	92	0	186	0	23	29	0	21	0	42	0	82	0	0	0	0	17	0	0	0	11	0	186	0	0	176	0	100	0	87	29	1105	0	83	0	0	567	0	0	89	57	0	53	0	0	0	14	74	228	28	0	54	0	86	0	0	0	32	0
283878	Leucobacter aridicollis	0	0	0	0	0	0	0	0	0	0	0	0	0	0	0	0	0	0	0	0	0	0	0	0	0	0	0	0	0	0	0	0	0	0	0	0	0	0	0	44	0	0	0	0	0	0	0	0	0	0	0	0	0	0	0	0	0	0	0	0	0	0	0	0
284016	Phenylobacterium zucineum	0	0	0	0	0	0	0	0	0	0	0	0	0	0	0	0	0	0	0	0	0	0	0	0	0	0	0	0	16	0	0	0	0	0	0	0	0	0	0	0	0	0	0	0	0	0	90	0	0	0	0	16	0	0	0	0	0	0	0	0	0	0	0	0
285665	Micromonospora coriariae	0	0	0	0	0	0	0	0	0	0	0	0	0	0	0	0	0	0	0	0	0	0	0	0	0	0	0	0	0	0	0	0	0	0	0	0	0	0	0	0	0	0	0	0	0	0	147	0	0	0	0	0	0	0	0	0	0	0	0	0	0	0	0	0
285729	Fusobacterium canifelinum	0	28	50	0	0	379	0	80	18	1382	40	0	140	0	0	0	104	0	0	0	2870	0	0	0	0	226	0	75	0	0	62	0	54	0	53	0	301	0	0	0	0	29	0	0	0	0	0	21	0	24	0	56	0	84	404	0	43	21	331	0	40	0	17	0
288000	Bradyrhizobium sp. BTAi1	0	24	45	211	60	50	254	413	76	137	61	0	119	23	39	0	34	0	0	0	0	0	0	0	0	483	0	700	0	0	22	240	626	105	54	0	101	0	256	0	0	95	109	0	0	0	0	0	0	46	62	0	35	74	0	0	0	202	51	0	0	0	183	0
290053	Bacteroides helcogenes	0	0	0	0	0	0	0	13	0	0	0	0	0	0	0	0	0	0	0	0	0	0	0	0	0	0	0	0	0	0	0	0	0	0	0	0	0	0	0	0	0	0	0	0	0	0	0	0	0	0	0	0	0	0	0	0	0	0	0	0	0	0	0	0
290335	Tetragenococcus koreensis	0	43	151	0	0	91	0	53	0	0	26	0	24	0	37	0	10	0	0	0	10	0	0	0	0	0	0	0	112	0	14	0	20	0	0	0	38	0	0	0	0	0	0	0	17	16	0	197	0	44	0	77	71	361	0	0	0	0	99	0	0	0	17	0
291208	[Candida] saopauloensis	0	0	0	20	161	85	0	0	0	0	0	0	0	0	0	0	0	270	251	0	0	0	0	0	0	0	0	0	0	0	0	0	20	0	0	0	0	0	0	0	0	38	32	0	0	0	0	0	0	0	0	0	0	0	0	0	0	0	0	0	0	0	0	0
291644	Bacteroides salyersiae	0	55	40	0	0	0	0	972	209	10583	0	0	18	0	22	43	1189	0	0	0	0	0	0	0	0	0	0	45	0	0	23	0	15	0	18	0	11	0	625	0	0	40	0	0	0	0	13	1041	0	0	0	0	14	92	206	0	97	0	12	0	0	0	0	0
291645	Bacteroides nordii	0	45	0	0	0	0	0	31	0	10	0	0	0	0	0	0	44	0	0	0	0	0	0	0	0	0	0	0	0	0	0	0	0	0	33	0	0	10	2638	0	0	0	0	0	0	0	0	23	0	0	0	0	0	18	0	18	179	0	14	0	63	0	0	0
292800	Flavonifractor plautii	0	688	121	0	17	271	0	758	38	4605	0	0	16	0	0	35	1089	0	0	0	10	13	0	0	0	0	0	26	0	0	23	0	0	0	112	0	15	25	16327	0	0	11	0	0	0	131	30	828	0	13	0	60	22	81	274	59	512	0	539	0	26	0	0	0
292913	Sphingopyxis sp. 113P3	0	0	116	0	0	0	0	67	0	96	0	0	0	0	0	0	0	0	0	0	0	0	0	0	0	0	0	0	88	0	0	0	0	0	0	0	0	0	0	0	0	0	0	0	0	0	996	0	0	0	0	0	0	0	0	0	0	0	0	0	0	0	0	0
293050	Rhodococcus kroppenstedtii	0	0	0	318	0	0	0	0	0	0	0	0	0	0	0	0	0	0	0	0	0	0	0	0	0	0	0	0	0	0	0	0	0	0	0	0	0	0	0	0	0	0	87	0	0	0	0	0	0	0	0	0	0	0	0	0	0	0	0	0	0	0	0	0
293091	Haloquadratum walsbyi	0	50	0	0	0	0	0	0	0	0	22	0	0	0	0	0	0	0	0	0	0	0	0	0	0	0	0	0	0	0	0	0	0	0	0	0	0	0	0	0	0	0	0	0	53	0	0	0	0	0	0	0	0	0	29	0	0	0	0	0	0	0	48	0
293387	Bacillus altitudinis	0	0	0	0	0	0	0	0	0	0	0	0	0	0	0	0	0	0	0	0	0	0	0	0	0	0	0	0	0	0	0	0	20	0	0	0	0	0	0	0	0	0	0	0	0	0	0	0	0	0	0	0	0	0	0	0	0	0	0	0	0	0	0	0
296544	Sphingomonas bisphenolicum	0	0	45	0	0	0	0	0	0	0	0	0	0	0	0	0	0	0	0	0	0	0	0	0	0	0	0	0	0	0	0	26	0	0	0	0	0	0	0	0	0	0	0	0	0	0	0	0	0	0	0	0	0	0	0	0	0	0	0	0	42	0	0	0
296842	Solidesulfovibrio carbinolicus	89	0	0	0	0	0	0	0	0	0	0	0	0	0	0	0	0	0	0	0	0	0	0	0	0	0	0	0	0	0	0	0	0	0	0	0	0	0	0	0	0	0	0	0	0	0	0	0	0	0	0	0	0	0	0	0	0	0	0	0	0	24	0	0
298654	Pseudofrankia inefficax	0	0	0	0	0	0	0	15	0	0	0	0	0	0	0	0	0	0	0	0	0	0	0	0	0	0	0	0	0	0	0	0	0	0	0	0	0	0	0	0	0	0	0	0	0	0	0	0	0	0	0	0	0	0	0	0	0	0	0	0	0	0	0	0
298708	Sphingomonas kaistensis	0	0	0	0	0	0	0	0	0	21	0	0	0	0	0	43	0	0	0	0	0	0	0	0	0	0	0	0	0	0	0	0	0	0	0	0	0	0	0	0	0	0	0	0	20	0	0	0	0	0	0	0	30	0	0	0	0	0	0	0	0	0	0	93
299146	Micromonospora narathiwatensis	0	0	460	0	0	0	0	0	0	0	0	0	0	0	0	0	0	0	0	0	0	0	0	0	0	0	0	0	0	0	0	0	0	0	0	0	0	0	0	0	0	0	0	0	0	0	0	0	0	0	0	0	0	0	0	0	0	0	0	0	0	0	0	0
299152	Micromonospora siamensis	0	0	0	0	0	0	0	0	0	0	0	0	0	0	0	0	0	0	0	0	0	0	0	0	0	0	0	0	0	0	0	0	0	0	0	0	88	0	0	0	0	0	0	0	0	0	0	0	0	0	0	0	0	0	0	0	0	0	0	0	0	0	0	0
299767	Enterobacter ludwigii	0	0	0	0	0	0	0	0	0	92	0	0	239	0	0	164	0	0	0	0	0	0	0	0	0	0	0	0	0	0	0	0	0	0	0	0	0	0	0	0	0	0	0	0	0	0	0	0	0	0	0	0	0	0	0	0	0	0	0	0	0	0	0	0
300019	Microbacterium paludicola	0	0	0	0	0	0	0	0	0	0	0	0	0	0	0	0	0	0	0	0	0	0	0	0	0	0	0	0	0	0	0	0	0	0	0	0	0	0	0	0	0	0	0	0	0	0	2499	0	0	0	0	0	0	0	0	0	0	0	0	0	0	0	0	0
301301	Roseburia hominis	0	3962	87	0	38	606	21	2753	67	7119	0	0	25	0	43	116	2634	0	0	0	23	39	0	0	0	25	0	32	0	0	41	0	15	0	136	0	38	48	24751	0	0	73	0	0	20	35	462	455	0	18	52	32	39	444	1151	152	1362	0	128	0	175	0	0	26
301953	Caldicellulosiruptor acetigenus	0	0	0	0	0	0	0	0	0	0	0	0	0	0	0	0	0	0	0	0	0	0	0	0	0	0	0	0	0	0	0	0	0	0	0	0	0	0	0	0	0	0	0	0	0	0	0	0	0	0	0	0	0	0	0	0	0	0	0	0	0	0	0	40
304378	Sphingomonas sp. IC081	0	0	437	0	0	0	0	0	0	314	0	0	0	0	0	0	0	0	0	0	0	0	125	0	0	0	0	0	0	0	176	0	283	0	0	0	0	0	0	0	0	105	0	0	0	0	0	0	0	224	0	662	0	0	0	0	0	0	0	0	0	0	0	0
305719	Segatella baroniae	0	0	0	0	0	0	0	0	0	0	0	0	0	0	0	0	0	0	0	0	0	0	0	0	0	0	0	0	0	0	0	0	0	0	0	0	0	0	191	0	0	0	0	0	0	0	0	0	0	0	0	0	0	0	0	0	0	0	0	0	0	0	0	0
307121	Micromonospora krabiensis	0	0	0	0	0	0	0	0	0	0	0	0	0	0	0	0	0	0	0	0	0	0	0	0	0	0	0	0	0	0	0	0	0	0	0	0	0	0	0	0	0	0	0	0	0	0	186	0	0	0	0	0	0	0	0	0	0	0	0	92	0	0	0	0
307486	Tepidimonas taiwanensis	0	14	19	0	0	70	42	24	0	43	0	179	1511	124	55	0	43	0	0	0	0	0	0	0	0	14	0	84	0	0	17	0	26	0	215	0	0	0	142	0	0	16	0	0	15	22	0	0	0	111	16	588	0	28	0	0	19	0	44	0	0	0	0	0
307643	Exiguobacterium profundum	0	0	0	0	30	0	0	50	0	0	0	0	0	0	0	92	35	0	0	0	0	0	0	0	0	0	0	0	0	0	0	0	0	0	0	0	0	0	0	0	0	0	0	0	0	0	0	0	0	0	0	0	0	0	0	0	0	0	30	0	0	0	0	0
308354	Staphylococcus simiae	0	191	47	0	0	10	0	17	0	0	10	0	0	0	0	0	26	0	0	0	0	12	0	0	0	0	0	40	0	0	64	0	13	0	11	33	1007	0	27	0	0	126	0	0	88	0	0	11	0	19	0	0	0	16	16	0	24	0	0	0	0	0	11	0
311230	Paraburkholderia terrae	0	0	0	0	0	0	0	0	0	0	0	0	0	0	47	0	0	0	0	0	0	0	0	0	0	0	0	0	0	0	0	0	0	0	0	0	0	0	0	0	0	0	0	0	0	0	0	0	0	0	0	0	0	0	0	0	0	0	0	0	0	0	0	0
314722	Pseudoxanthomonas suwonensis	0	0	49	0	0	0	0	204	0	0	0	182	16	0	0	0	0	0	0	0	0	0	0	0	0	22	0	59	0	0	22	0	0	0	27	0	0	0	0	0	0	0	0	0	0	0	0	70	0	22	0	52	0	0	0	0	0	0	24	0	0	262	0	0
315405	Streptococcus gallolyticus	0	0	76	0	0	0	0	0	0	156	0	0	53	0	0	0	0	0	0	0	0	0	0	0	0	0	0	0	41	0	0	0	97	0	157	0	0	0	0	0	0	0	0	0	0	0	0	0	0	0	0	0	0	0	60	0	0	0	0	0	0	0	51	0
317577	Deinococcus ficus	0	0	0	18	0	0	0	0	0	0	0	0	0	0	0	0	0	0	0	0	0	0	0	0	0	0	0	0	0	0	0	0	0	0	0	0	0	0	0	0	0	0	0	0	0	0	0	0	0	0	0	0	32	0	0	0	0	0	0	0	0	0	0	96
318424	Mycolicibacterium rufum	0	0	27	73	0	0	0	0	0	0	0	0	0	0	0	0	0	0	0	0	0	0	0	0	0	0	0	0	0	0	0	0	0	0	0	0	50	0	0	0	0	0	51	0	0	0	0	0	0	0	0	0	0	0	0	0	0	0	0	0	0	0	0	0
318829	Pyricularia oryzae	0	0	18	101	127	84	0	193	0	0	0	0	0	0	0	0	0	1008	1080	0	0	0	0	0	0	0	0	0	0	0	0	0	0	0	0	0	0	0	0	0	0	255	147	0	0	0	0	0	0	0	0	0	0	0	0	0	0	0	0	0	0	0	0	0
319501	Brevibacillus sp. WF146	0	0	0	0	0	0	0	0	0	0	0	0	0	0	0	0	0	23	0	0	0	0	0	0	0	0	0	0	0	0	0	0	0	0	0	0	0	0	0	0	0	0	0	0	0	0	0	0	0	0	0	0	0	0	0	0	0	0	0	0	0	0	0	0
319706	Mycolicibacterium phocaicum	0	251	41	200	0	0	0	155	0	0	0	0	0	0	0	0	0	0	0	0	0	0	0	0	0	86	0	31	0	0	87	0	41	27	56	0	246	0	0	0	0	72	109	208	55	0	0	0	0	0	0	0	0	0	0	0	0	0	0	0	0	0	0	0
319707	Mycolicibacterium aubagnense	0	0	16	47	0	32	0	32	0	0	0	0	46	0	0	0	0	0	0	0	0	0	0	0	0	0	0	82	0	0	17	0	27	0	164	0	32	0	0	0	0	35	0	0	0	0	0	0	0	0	0	0	0	0	0	0	0	0	0	0	0	0	0	0
321318	Dietzia cinnamea	0	40	0	0	0	0	0	28	0	0	0	0	0	0	0	0	0	0	0	0	0	97	0	0	0	95	0	0	0	0	0	0	0	0	0	0	0	0	0	0	0	0	0	0	0	0	0	0	0	0	0	0	0	0	0	0	0	0	0	0	0	0	0	0
321662	Pseudomonas moraviensis	0	44	0	0	0	0	0	0	0	0	0	881	1903	0	0	0	0	0	0	0	0	0	0	0	0	40	0	35	0	0	236	0	0	33	677	0	83	0	0	0	0	813	0	0	0	0	0	0	0	0	0	169	0	0	0	0	0	0	0	0	0	0	0	0
321846	Pseudomonas simiae	155	0	31	64	0	22	17	13	0	380	0	39	1829	0	0	0	333	0	0	0	0	53	0	0	0	0	0	18	0	0	0	0	36	0	43	0	0	0	0	0	0	16	0	0	0	0	0	191	0	152	0	47	0	0	0	0	0	0	0	0	40	0	0	0
321985	Pseudoduganella lutea	0	0	0	0	0	0	0	0	0	0	0	0	0	0	0	0	0	0	0	0	0	0	0	0	0	0	0	0	0	0	0	0	0	0	0	0	133	0	0	0	0	0	0	0	0	0	0	0	0	0	0	0	0	0	0	0	0	0	0	0	0	0	0	0
322009	Corynebacterium cyclohexanicum	0	0	0	0	0	0	0	0	0	0	0	0	0	0	0	0	0	0	0	0	0	0	0	0	0	0	0	0	0	0	0	0	0	0	0	0	14	0	0	0	0	0	0	0	0	0	0	0	0	0	0	0	0	0	0	0	0	0	0	0	0	0	0	0
322095	Porphyromonas somerae	0	68	190	0	0	42	0	364	0	94	28	0	23	0	13	13	116	0	0	0	127	22	0	0	0	59	0	912	0	0	349	0	913	0	689	0	267	0	1141	0	0	408	0	0	18	0	0	87	0	28	15	52	87	156	30	79	797	0	195	0	58	0	17	23
322509	Dietzia kunjamensis	31	0	22	0	0	0	0	0	16	0	0	0	0	0	0	28	0	0	0	0	0	0	0	0	0	93	0	245	0	0	0	0	78	0	27	0	0	0	0	78	0	19	0	0	37	0	0	69	0	0	0	0	66	34	0	0	0	0	0	0	0	0	0	47
323415	Dokdonella koreensis	0	0	0	0	0	0	0	0	0	0	0	0	0	0	0	0	0	0	0	0	0	0	0	0	0	0	0	19	0	0	0	0	0	0	0	0	0	0	0	0	0	0	0	0	0	0	0	0	0	0	0	0	0	0	0	0	0	0	0	0	0	0	0	0
326522	Neisseria animaloris	0	0	0	0	0	0	0	0	0	30	0	0	0	0	0	0	0	0	0	0	15	0	0	0	0	0	0	0	0	0	0	0	0	0	0	0	0	0	0	0	0	0	0	0	0	0	0	0	0	0	0	0	0	0	99	0	0	0	0	0	0	0	0	0
326523	Neisseria zoodegmatis	0	0	0	0	0	0	0	0	0	0	0	0	0	0	0	0	0	0	0	0	29	0	0	0	0	0	0	0	0	0	0	0	0	0	0	0	0	0	0	0	0	0	0	0	0	0	0	0	0	0	0	0	0	0	43	0	0	0	0	0	0	0	0	0
327575	Capnocytophaga leadbetteri	0	323	519	69	67	652	0	557	224	20303	175	30	522	0	207	43	1523	0	16	52	5219	0	0	0	0	1193	0	559	94	0	232	0	448	0	498	0	660	0	35	22	0	491	0	0	96	21	0	191	0	416	28	282	148	1340	141	0	296	0	937	0	2216	0	36	0
328692	Deinococcus aquaticus	0	0	0	0	0	0	0	0	0	0	0	0	0	0	0	0	0	0	0	0	0	0	0	0	0	0	0	0	0	0	0	0	0	0	0	0	0	0	0	0	0	0	0	0	0	0	0	0	0	0	0	0	15	0	0	0	0	0	0	0	0	22	0	0
328812	Parabacteroides goldsteinii	0	0	12	0	0	0	0	52	0	215	0	0	0	0	0	0	24	0	0	0	0	0	0	0	0	0	0	0	0	0	0	0	0	0	0	0	0	0	111	0	0	0	0	0	0	0	11	26	0	0	0	0	0	10	110	0	14	0	0	0	0	0	0	0
328813	Alistipes onderdonkii	0	954	41	0	0	94	0	1196	18	1266	0	0	18	0	34	34	916	0	0	0	72	15	0	0	0	52	0	52	0	0	21	0	0	0	386	0	25	57	27739	0	0	29	0	0	34	20	0	249	0	0	0	14	29	187	258	70	993	0	148	0	336	0	0	18
328814	Alistipes shahii	0	432	70	0	0	134	0	1499	77	7616	0	0	36	0	40	33	1470	0	0	0	50	0	0	0	0	64	0	161	0	0	73	0	36	0	62	0	82	0	4912	0	0	140	0	0	0	12	23	1124	0	0	0	40	71	170	255	33	556	0	102	0	87	0	0	0
329854	Bacteroides intestinalis	0	96	79	0	0	0	0	113	39	1808	0	0	0	0	0	18	337	0	0	0	0	0	0	0	0	0	0	0	0	0	0	0	15	0	1893	0	11	308	123000	0	0	19	0	0	0	0	0	133	0	0	0	0	0	53	0	18	386	0	17	0	0	0	0	0
331696	Pseudolabrys taiwanensis	0	0	63	292	0	0	0	0	0	0	0	0	0	11	0	0	0	0	0	0	0	0	0	0	0	0	0	0	0	0	0	0	0	0	0	0	0	0	0	0	0	0	46	0	0	0	0	0	14	0	0	0	0	0	0	0	0	0	0	0	0	0	0	0
332186	Shewanella xiamenensis	156	56	74	0	0	0	38	148	0	0	0	107	0	0	0	0	0	0	0	0	0	0	0	0	0	0	0	108	0	0	0	0	0	0	0	0	0	0	0	70	0	0	0	179	0	0	0	0	0	0	0	0	0	0	43	0	0	0	0	0	0	81	0	0
333367	Enterocloster asparagiformis	0	364	0	0	22	391	0	337	53	8387	0	0	0	0	0	18	511	0	0	0	0	11	0	0	0	0	0	11	0	0	10	0	0	0	31	0	0	0	8444	0	0	11	0	0	0	0	173	188	0	0	0	15	0	20	151	20	316	0	18	0	14	0	0	0
334542	Rhodococcus qingshengii	0	0	0	0	0	0	0	0	0	0	0	0	0	0	0	0	0	0	0	0	0	0	44	0	0	0	0	0	0	0	0	0	0	0	0	0	0	0	0	0	0	170	0	0	0	0	0	0	0	0	95	0	0	140	0	0	0	0	0	0	0	0	0	0
334852	Methylobacterium oryzae	81	154	444	711	0	0	0	0	0	156	0	210	0	1667860	1102597	569	17	0	0	0	0	0	0	0	0	445	0	0	0	104	178	0	0	171	0	127	229	0	82	0	0	0	1332	0	0	0	0	0	129	56	0	0	0	137	0	0	0	0	31	0	0	122	184	0
335406	Sphingosinicella microcystinivorans	0	0	19	0	0	0	0	0	0	0	0	0	0	0	0	0	0	0	0	0	0	0	0	0	0	0	0	0	0	0	0	0	0	0	0	0	0	0	0	0	0	0	0	0	0	0	0	0	0	0	0	0	0	0	0	0	0	0	0	0	0	0	0	0
336820	Pedobacter roseus	0	0	0	0	0	0	0	0	0	0	0	0	0	0	0	164	0	0	0	0	0	0	0	0	0	0	0	0	0	0	0	0	0	0	0	0	0	0	0	0	0	0	0	0	0	0	0	0	0	0	0	0	0	0	0	0	0	0	0	0	0	0	0	0
337191	Gordonia sp. KTR9	0	0	0	0	0	0	0	0	0	0	0	0	0	0	0	0	0	0	0	0	0	0	0	0	0	13	0	0	0	0	0	0	0	0	0	0	0	0	0	0	0	0	0	0	0	0	0	0	0	0	0	0	0	0	0	0	0	0	0	0	0	22	0	0
338188	Bacteroides finegoldii	0	0	115	0	0	21	0	840	48	2166	0	0	0	0	0	40	616	0	0	0	0	0	0	0	0	56	0	41	0	0	17	0	0	0	0	0	0	0	82	0	0	0	0	0	0	0	0	353	0	0	0	17	42	110	76	47	361	0	52	0	0	0	0	0
338584	Polymorphospora rubra	0	0	0	0	0	0	0	0	0	0	0	0	0	0	0	0	0	0	0	0	0	0	0	0	0	0	0	0	0	0	0	0	0	0	0	0	0	0	0	0	0	0	0	0	0	0	343	0	0	0	0	0	0	0	0	0	0	0	0	0	0	0	0	0
340268	Tardiphaga alba	0	0	0	47	0	0	0	0	0	0	0	0	0	0	0	0	0	0	0	0	0	0	0	0	27	0	0	0	0	0	0	0	0	0	0	0	0	0	0	0	0	0	40	0	0	0	125	0	0	0	0	46	0	0	0	0	0	0	0	0	0	0	0	0
342113	Burkholderia oklahomensis	0	0	0	0	0	0	0	0	0	0	0	0	14	0	0	0	0	0	0	0	0	0	0	0	0	0	0	0	0	0	0	0	0	0	0	0	0	0	0	0	0	0	0	0	0	0	0	0	0	0	0	0	0	0	0	0	0	0	0	0	0	0	0	0
343874	Empedobacter falsenii	0	0	0	0	157	26	0	50	32	29	0	246	115	0	0	11	0	0	0	0	0	164	0	0	0	57	0	0	0	0	0	0	17	0	13	0	30	0	17	22	0	30	0	13	0	0	0	14	0	0	0	0	0	0	0	0	0	0	0	0	0	0	0	19
344163	Microbacterium terricola	0	0	0	0	0	0	0	0	0	0	0	0	0	0	0	0	0	0	0	0	0	0	0	0	0	48	0	0	0	0	0	0	0	0	0	0	0	0	0	0	0	0	0	0	0	0	0	36	0	0	0	0	0	0	0	0	0	0	0	0	0	0	0	0
349221	Micavibrio aeruginosavorus	0	0	0	0	0	0	0	0	0	0	0	0	0	0	0	0	0	0	0	0	0	0	0	0	0	0	0	0	0	0	0	0	0	0	0	0	0	0	0	0	0	0	0	0	35	0	0	0	0	0	0	0	0	0	0	0	0	0	0	0	0	0	0	0
349751	Corynebacterium marinum	0	15	0	0	0	0	0	14	0	0	0	0	0	0	0	0	0	0	0	0	0	0	0	0	0	49	0	12	0	0	0	0	0	0	0	0	38	0	0	0	0	19	0	0	11	0	0	0	37	0	0	0	0	15	0	0	0	0	0	0	0	0	0	0
351671	Xenorhabdus doucetiae	0	0	0	0	0	0	0	0	0	0	0	0	0	0	0	0	0	28	0	0	0	0	0	0	0	0	0	0	0	0	0	0	0	0	0	0	0	0	0	0	0	0	0	0	0	0	0	0	0	0	0	0	0	0	0	0	0	0	0	0	0	0	0	0
352475	Shinella zoogloeoides	0	0	83	0	0	0	0	223	0	0	0	0	0	0	147	0	0	0	0	0	0	0	0	0	0	46	0	0	0	0	0	0	47	0	0	0	0	0	0	0	0	0	0	0	0	0	260	138	0	0	0	114	68	0	0	0	0	0	0	0	0	0	0	0
356851	Micromonospora chokoriensis	0	0	0	0	0	0	0	0	0	0	0	40	0	0	0	0	0	0	0	0	0	0	0	0	0	0	0	0	0	0	0	0	0	0	0	0	0	0	0	0	0	0	0	0	0	0	0	0	0	0	0	0	0	0	0	0	0	0	0	0	0	0	0	0
356852	Micromonospora coxensis	0	0	0	0	0	0	0	0	0	0	0	0	0	0	0	0	0	0	0	0	0	0	0	0	0	0	0	0	0	0	0	0	0	0	0	0	0	0	0	0	0	0	0	0	0	0	200	0	0	0	0	0	0	0	0	0	0	0	0	0	0	0	0	0
357276	Phocaeicola dorei	0	424	197	24	0	154	0	2786	121	4776	0	0	62	0	66	164	2751	0	0	0	123	192	0	0	0	157	0	83	0	0	176	0	42	26	2787	0	69	614	174876	0	0	54	0	0	47	30	80	1013	0	39	0	91	137	628	1474	232	2196	0	302	0	212	0	23	0
357441	Enterococcus lactis	0	0	0	0	0	0	0	0	0	0	0	0	0	0	0	0	0	0	0	0	0	0	0	0	0	0	0	0	689	0	0	0	0	0	998	0	0	0	335	0	0	0	0	0	0	0	0	0	0	0	0	105	0	0	0	0	0	0	0	0	0	0	0	0
358099	Brevibacterium oceani	0	10	0	0	0	0	0	0	0	0	0	0	0	0	0	0	0	0	0	0	0	0	0	0	0	0	0	0	0	0	0	0	0	0	0	0	0	0	0	0	0	0	0	0	0	0	63	0	0	0	0	0	0	0	0	0	0	0	0	0	0	0	0	0
358220	Acidovorax sp. KKS102	31	66	157	0	646	161	123	77	46	21	0	0	0	0	0	27	0	0	0	35	0	45	29	44	0	62	0	94	42	111	53	0	67	125	50	0	59	47	222	109	0	110	0	138	60	0	0	31	0	25	46	0	40	0	0	0	0	0	21	0	0	46	0	28
359110	Pseudomonas extremaustralis	0	0	0	0	0	0	0	0	0	78	0	14	139	0	0	0	67	0	0	0	0	0	0	0	0	0	0	0	0	0	0	0	0	0	26	0	0	0	0	0	0	0	0	0	0	0	0	0	0	0	0	0	0	0	0	0	0	0	0	0	0	0	0	0
360422	Clostridium tagluense	0	0	0	0	0	0	0	0	0	0	0	22	0	0	0	0	0	0	0	0	0	0	0	0	0	0	0	0	0	0	0	0	0	12	0	0	0	0	0	16	0	0	0	0	0	0	0	0	0	0	0	0	0	0	0	0	0	0	0	0	0	0	0	0
360911	Exiguobacterium sp. AT1b	0	0	0	0	0	0	0	36	0	0	0	0	0	0	0	62	0	0	0	0	0	0	0	0	0	0	0	0	0	0	0	0	0	0	0	0	0	0	0	0	0	0	0	0	0	0	0	0	0	0	0	0	0	0	0	0	0	0	0	0	0	0	0	0
361101	Streptococcus pseudoporcinus	0	21	16	0	0	18	0	36	0	14	11	0	22	0	0	0	11	0	0	0	0	14	0	0	0	17	0	48	0	0	13	0	20	0	14	0	33	0	73	0	0	33	0	0	0	0	0	24	0	44	0	11	15	16	22	0	67	0	0	0	0	0	0	0
361277	Terribacillus saccharophilus	0	0	0	0	0	0	0	0	0	0	0	0	0	0	0	0	0	0	0	0	0	0	0	0	0	0	0	210	0	0	0	0	0	0	0	0	0	0	0	0	0	0	0	0	0	0	0	0	0	0	0	0	0	0	0	0	0	0	0	0	0	0	0	0
361575	Pseudarthrobacter phenanthrenivorans	0	0	0	0	0	0	0	0	0	0	0	0	0	0	0	0	0	0	0	0	0	0	0	0	0	236	0	0	0	0	0	0	0	0	12	0	33	0	0	0	0	0	0	0	0	0	0	0	0	0	0	0	0	0	0	0	0	0	0	0	0	0	0	0
363835	Sphingomonas ginsengisoli An et al. 2013	0	20	0	0	0	0	0	0	0	0	0	0	0	38	0	0	0	0	0	0	0	0	0	0	0	0	0	0	0	0	0	0	0	0	0	0	0	0	0	0	0	0	0	0	0	0	0	0	0	0	0	0	0	0	0	0	0	0	0	0	0	0	0	0
363952	Comamonas thiooxydans	0	0	0	0	0	0	0	0	0	0	0	0	0	0	0	126	0	0	0	0	0	0	53	0	0	70	56	176	0	78	21	0	0	0	78	0	0	35	71	0	0	31	0	0	0	134	0	36	0	0	39	0	0	38	0	0	0	0	22	0	0	0	0	0
364317	Verminephrobacter eiseniae	0	0	0	0	0	0	0	0	0	19	0	0	0	0	0	0	0	0	0	0	0	0	0	0	0	0	0	0	0	0	0	0	0	0	0	0	0	0	0	0	0	0	0	0	0	0	0	0	0	0	0	0	0	0	0	0	0	0	25	0	0	0	0	0
364410	Granulibacter bethesdensis	0	0	0	0	0	0	0	0	0	0	0	0	0	0	0	0	0	0	0	0	0	0	0	0	0	0	0	0	0	0	0	0	0	0	0	0	47	0	0	0	0	0	0	0	0	0	0	0	0	22	0	19	0	0	0	0	0	0	0	0	0	0	0	0
365349	Pelosinus fermentans	0	0	0	0	0	0	0	0	0	0	0	0	0	0	0	0	0	0	0	0	0	0	0	154	0	71	0	0	167	0	0	0	0	0	0	0	0	0	0	0	0	0	0	0	0	0	0	18	0	0	0	0	0	0	0	0	0	0	0	489	67	0	0	0
367477	Microbacterium sp. XT11	0	0	0	36	0	0	0	0	0	0	0	0	0	0	0	0	0	0	0	0	0	0	0	0	0	263	0	0	0	0	0	0	0	0	0	0	173	0	0	0	0	0	31	0	0	0	20	0	0	0	0	0	0	0	0	0	0	0	0	0	0	0	0	0
370111	Brucella pseudintermedia	0	0	0	0	0	0	0	0	0	0	0	0	0	0	0	0	0	0	0	0	0	0	0	0	0	0	0	0	0	0	0	0	0	0	0	0	0	0	0	0	0	0	0	0	0	0	0	26	0	0	0	0	0	0	0	0	0	0	0	0	0	0	0	0
370324	Natrinema longum	0	0	0	0	0	0	0	0	0	0	79	0	0	0	0	0	0	0	0	0	0	0	0	0	0	0	0	0	0	0	0	0	0	0	0	0	0	0	0	0	0	0	0	0	0	0	0	0	0	0	0	0	0	0	0	0	0	0	0	0	0	0	0	0
370526	Mycolicibacterium rutilum	0	0	0	54	0	0	0	0	0	0	0	0	0	0	0	0	0	0	0	0	0	0	0	0	0	0	0	0	0	0	0	0	0	0	0	0	0	0	0	0	0	0	67	0	0	0	0	0	0	0	0	0	0	0	0	0	0	0	0	0	0	0	0	0
370622	Aureimonas altamirensis	0	289	34	0	0	0	0	0	0	0	0	0	0	0	16	0	0	0	0	0	0	0	0	0	0	0	0	0	0	0	10	0	0	0	0	0	18	0	0	0	0	0	0	0	0	0	0	39	0	0	0	30	0	0	0	0	0	0	0	0	0	0	0	0
370764	Microbacterium pygmaeum	0	0	0	0	0	0	0	0	0	0	0	0	0	0	0	0	0	0	0	0	0	0	0	0	0	30	0	0	0	0	0	0	0	0	0	0	76	0	0	0	0	0	0	0	0	0	0	0	0	0	0	0	0	0	0	0	0	0	0	0	0	0	0	0
371601	Bacteroides xylanisolvens	0	524	75	0	0	61	0	1141	27	1657	0	0	0	0	0	37	896	0	0	0	0	0	0	0	0	0	0	85	0	0	50	0	32	0	135	0	46	49	15148	0	0	36	0	0	0	0	227	336	0	0	0	135	31	159	365	129	746	0	90	0	0	0	0	0
372663	Isoptericola dokdonensis	0	0	0	0	0	0	0	0	0	0	0	0	0	0	0	0	0	0	0	0	0	0	0	0	0	0	0	0	0	0	0	0	0	0	0	0	97	0	0	0	0	0	0	0	0	0	0	0	0	0	0	0	0	0	0	0	0	0	0	0	0	0	0	0
373672	Chryseobacterium gambrini	0	0	0	0	0	0	0	0	0	0	0	92	0	0	0	0	0	0	0	0	0	0	0	0	0	0	0	0	0	0	0	0	0	0	0	0	0	0	0	0	0	0	0	0	0	0	0	0	0	0	0	0	0	0	119	0	0	0	0	0	0	0	0	0
374432	Methylobacterium tardum	22	39	137	35	0	33	0	75	0	139	0	953	0	11354377	7375603	72	0	0	0	0	0	0	0	0	0	114	0	0	0	0	12	0	14	0	0	988	3822	0	13	28	0	0	67	0	0	0	0	0	37	86	0	0	20	42	0	0	0	0	0	0	0	33	52	0
375175	Loigolactobacillus backii	0	0	0	0	0	0	0	0	0	0	0	0	25	0	0	0	14	0	0	0	0	0	0	0	0	0	0	0	0	0	0	0	0	0	0	0	0	0	20	0	0	0	0	0	0	0	0	0	0	0	0	12	0	0	0	0	0	0	0	0	0	0	0	0
376175	Schlegelella aquatica	48	21	288	0	54	283	0	187	52	314	0	155	779	0	27	0	296	0	0	0	11	0	33	32	0	153	0	127	0	0	132	0	131	80	833	0	54	0	90	26	40	88	0	259	0	149	64	79	29	780	228	2069	69	93	13	0	124	0	286	0	0	0	29	36
376490	Desulfobaculum bizertense	0	0	0	0	0	0	0	0	0	0	0	0	0	0	0	0	0	12	0	0	0	0	0	0	0	0	0	0	0	0	0	0	0	0	0	0	0	0	0	0	0	0	0	0	0	0	0	0	0	0	0	0	0	0	0	0	0	0	0	0	0	0	0	0
376805	Phocaeicola salanitronis	0	0	23	0	0	0	0	21	0	25	0	0	0	0	0	0	15	0	0	0	0	0	0	0	0	0	0	0	0	0	0	0	0	0	26	0	0	0	998	0	0	0	0	0	0	0	0	0	0	0	0	0	0	0	0	0	32	0	0	0	0	0	0	0
377615	Thermobacillus composti	0	0	148	0	0	0	0	0	0	0	0	0	0	0	0	0	0	0	0	0	0	0	0	0	0	0	0	0	0	0	0	0	14	0	0	0	0	0	0	0	0	0	0	0	0	0	0	0	0	0	0	0	0	0	0	0	0	0	0	0	0	0	0	0
379064	Cyanobacterium aponinum	0	0	0	16	0	0	0	0	0	0	0	0	0	0	0	0	0	0	0	0	0	0	0	0	0	0	0	0	0	0	0	0	0	0	0	0	0	0	0	0	0	0	0	0	0	0	0	0	0	0	0	0	0	0	0	0	0	0	0	0	0	0	0	0
379684	Allorhizobium pseudoryzae	0	0	0	0	0	0	0	0	0	0	0	0	0	0	0	0	0	0	0	0	0	0	0	0	0	0	0	0	0	0	0	0	0	0	0	0	0	0	0	0	0	0	0	0	0	0	118	0	0	0	0	0	0	0	0	0	0	0	0	0	0	31	0	0
380021	Pseudomonas protegens	0	53	60	0	0	0	0	82	0	0	0	1751	4207	0	0	0	0	0	0	0	0	60	0	0	0	40	0	0	0	0	38	0	54	55	1049	0	53	0	0	0	0	0	0	0	0	0	0	0	0	125	0	0	0	0	0	0	0	0	0	0	0	0	0	0
381046	Lachancea thermotolerans	0	0	0	0	175	65	0	0	0	0	0	0	0	0	0	0	0	228	260	0	0	0	0	0	0	0	0	0	0	0	0	0	0	0	0	0	0	0	0	0	0	0	0	0	0	0	0	0	0	0	0	0	0	0	0	0	0	0	0	0	0	0	0	0
386490	Terribacillus goriensis	0	0	0	0	0	0	0	0	0	0	0	0	0	0	0	0	0	0	0	0	0	0	0	0	0	0	0	327	0	0	0	0	0	0	0	0	0	0	0	0	0	0	0	0	0	0	0	0	0	0	0	0	0	0	0	0	0	0	0	0	0	0	0	0
387090	Phocaeicola coprophilus	0	186	0	0	0	0	0	86	0	37	0	0	0	0	0	0	81	0	0	0	0	0	0	0	0	19	0	14	0	0	29	0	0	0	47	0	0	17	4560	0	0	0	0	0	0	0	0	18	0	0	0	0	0	12	27	0	77	0	0	0	0	0	0	0
387661	Parabacteroides johnsonii	0	30	13	0	0	0	0	50	0	289	0	0	0	0	0	0	74	0	0	0	0	11	0	0	0	0	0	0	0	0	0	0	0	0	63	0	0	19	7244	0	0	0	0	0	0	0	0	35	0	0	0	0	0	0	149	0	31	0	0	0	0	0	0	0
388357	Kocuria turfanensis	0	0	0	0	0	16	0	0	39	0	0	0	0	0	0	0	0	0	0	0	0	0	18	0	0	106	0	0	0	0	0	0	78	0	0	0	56	0	0	0	0	0	0	0	0	0	0	0	0	0	0	16	0	16	0	0	0	0	0	0	0	0	0	0
391586	Vibrio sp. 16	0	0	0	0	0	0	0	0	0	0	0	0	0	0	0	0	0	19	0	0	0	0	0	0	0	0	0	0	0	0	0	0	0	0	0	0	0	0	0	0	0	0	0	0	0	0	0	0	0	0	0	0	0	0	0	0	0	0	0	0	0	0	0	0
391613	Roseovarius sp. TM1035	0	0	0	0	0	0	0	0	0	0	0	0	0	0	0	0	0	0	0	0	0	0	0	0	0	0	0	0	0	0	0	0	0	0	0	0	0	0	0	0	0	0	0	0	0	0	0	225	0	0	0	0	0	0	0	0	0	0	0	0	0	0	0	0
391953	Aquincola tertiaricarbonis	95	0	16	0	123	0	0	86	44	0	0	32	0	0	21	32	0	0	0	35	0	0	0	0	0	18	0	28	43	65	31	0	0	72	0	0	0	0	56	98	0	0	0	65	116	0	0	0	0	0	18	18	29	18	0	0	0	0	0	0	0	0	25	0
392011	Alicyclobacillus fastidiosus	0	0	0	0	0	0	0	0	0	0	0	0	0	0	0	0	0	15	0	0	0	0	0	0	0	0	0	0	0	0	0	0	0	0	0	0	0	0	0	0	0	0	0	0	0	0	0	0	0	0	0	0	0	0	0	0	0	0	0	0	0	0	0	0
392416	Companilactobacillus crustorum	0	0	65	0	0	0	0	0	0	0	0	0	16	0	0	0	0	0	0	0	0	0	0	0	0	0	0	0	0	0	0	0	0	0	0	0	0	0	0	0	0	0	0	0	0	0	0	0	0	0	0	0	0	0	0	0	0	0	0	0	0	0	0	0
392734	Terriglobus roseus	0	0	0	22	0	0	0	0	0	0	0	0	0	0	0	0	0	0	0	0	0	0	0	0	0	0	0	0	0	0	0	0	0	0	0	0	0	0	0	0	0	0	0	0	0	0	0	0	0	0	0	0	0	0	0	0	0	0	0	0	0	0	0	0
393921	Porphyromonas crevioricanis	0	0	0	0	0	11	0	0	0	0	0	0	0	0	0	0	0	0	0	0	0	0	0	0	0	0	0	0	0	0	0	0	0	0	0	0	0	0	0	0	0	0	0	0	0	0	0	0	0	0	0	0	0	0	299	0	0	0	0	0	0	0	0	0
394958	Clostridium taeniosporum	0	0	0	0	0	0	0	0	0	0	0	0	0	0	0	0	0	0	0	0	0	0	0	0	0	0	0	0	0	0	0	0	0	0	0	0	0	0	0	0	0	0	0	0	0	0	0	0	0	0	0	0	0	0	0	20	0	0	0	0	0	0	0	0
394964	Corynebacterium hansenii	0	13	0	0	0	0	0	0	0	0	0	0	0	0	0	0	0	0	0	0	0	0	0	0	0	0	0	0	0	0	0	0	0	0	0	0	12	0	0	0	0	0	0	0	0	0	0	0	0	0	0	0	0	0	0	0	0	0	0	0	0	0	0	0
395598	Pseudomonas reinekei	0	0	0	0	0	0	0	0	0	0	0	119	244	0	0	0	0	0	0	0	0	0	0	0	0	0	0	0	0	0	0	0	0	0	71	0	0	0	0	0	0	0	0	0	0	0	0	0	0	15	0	0	0	0	0	0	0	0	0	0	0	0	0	0
396015	Rothia terrae	0	74	0	0	0	0	0	0	0	0	0	0	0	0	12	0	85	0	0	0	0	0	0	0	0	1447	0	16	0	0	0	0	0	0	0	0	0	0	0	0	0	14	0	0	0	0	0	0	0	16	0	0	0	11	0	0	0	0	0	0	0	0	0	0
397260	Sphingomonas sanxanigenens	0	86	74	28	0	0	0	0	0	41	0	0	0	1499	419	0	0	0	0	0	0	0	0	0	0	52	0	0	26	0	0	0	0	0	0	0	794	0	0	0	0	0	35	0	0	0	0	0	0	0	0	0	0	0	0	0	0	0	0	0	0	0	0	0
397865	Barnesiella viscericola	0	40	0	0	0	0	0	37	0	129	0	0	0	0	0	0	39	0	0	0	0	0	0	0	0	0	0	0	0	0	0	0	0	0	0	0	0	0	269	0	0	0	0	0	0	0	0	45	0	0	0	0	0	0	0	0	14	0	0	0	0	0	0	0
398049	Mucilaginibacter daejeonensis	0	0	0	52	0	0	0	0	0	0	0	0	0	0	0	0	0	0	0	0	0	0	0	0	0	0	0	0	0	0	0	0	0	0	0	0	0	0	0	0	0	0	0	0	0	0	0	0	0	0	0	0	0	0	0	0	0	0	0	0	0	0	0	0
399176	Sphingomonas sp. R1	0	45	41	0	0	0	0	0	0	15	0	0	0	136	53	0	0	0	0	0	0	0	0	0	0	0	0	0	32	0	0	0	0	0	0	0	143	0	0	0	0	0	0	0	0	0	0	0	0	43	0	14	0	0	0	0	0	0	0	0	0	0	0	0
399497	Tessaracoccus flavescens	0	34	16	0	0	0	0	0	0	0	0	0	0	0	0	0	0	0	0	0	0	0	0	0	0	0	0	0	0	0	0	0	0	0	0	0	24	0	0	0	0	0	0	0	0	0	0	24	0	0	0	0	24	0	0	0	0	0	0	0	0	0	0	0
399736	Agrococcus jejuensis	0	327	0	0	0	0	0	0	0	0	0	0	0	0	0	0	0	0	0	0	0	0	0	0	0	35	0	0	0	0	0	0	0	0	0	0	293	0	0	0	0	0	0	0	0	0	0	0	0	0	0	0	0	0	0	0	0	0	0	0	0	0	0	0
399742	Enterobacter sp. 638	0	0	0	0	0	0	0	0	0	0	0	0	26	0	0	0	0	0	0	0	0	0	0	0	0	0	0	0	0	0	0	0	0	0	0	0	0	0	0	0	0	0	0	0	0	0	0	0	0	0	0	0	0	0	0	0	0	0	0	0	0	0	0	0
400770	Devosia ginsengisoli	0	0	0	0	0	0	0	0	0	0	0	0	0	0	0	0	0	0	0	0	0	0	0	0	0	0	0	0	0	0	0	0	0	0	0	0	0	0	0	0	0	0	0	0	0	0	52	0	0	0	0	0	0	0	0	0	0	0	0	0	0	0	0	0
401472	Corynebacterium ureicelerivorans	24	8715	4219	589	134	2653	132	7410	44	3599	1658	49	1327	228	2991	86	4927	0	925	30	597	343	50	14	20	837	0	5561	181	44	2520	0	1410	20	1126	169	6497	20	1056	276	20	5970	43	52	2912	615	48	2003	37	926	40	2706	4163	8519	1043	76	2751	48	4149	739	2274	23	1591	74
402297	Nocardioides daphniae	0	0	0	0	0	0	0	0	0	0	0	0	0	0	0	0	0	0	0	0	0	0	0	0	0	0	0	0	0	0	0	0	0	0	0	0	479	0	0	0	0	0	0	0	0	0	140	0	0	0	0	0	0	0	0	0	0	0	0	0	0	0	0	0
403957	Virgibacillus sp. SK37	0	25	0	0	0	0	0	0	0	0	0	0	0	0	0	0	0	0	0	0	0	0	0	0	0	0	0	0	0	0	0	0	0	0	0	0	0	0	0	0	0	0	0	0	0	0	0	0	0	0	0	0	0	0	0	0	0	0	0	0	0	0	0	0
404386	Nonomuraea coxensis	0	0	0	0	0	0	0	0	0	0	0	0	0	0	0	0	0	0	0	0	0	0	0	0	0	0	0	0	0	0	0	0	0	0	0	0	25	0	0	0	0	0	0	0	0	0	0	0	0	0	0	0	0	0	0	0	0	0	0	0	0	0	0	0
404589	Anaeromyxobacter sp. Fw109-5	0	0	0	0	0	0	0	0	0	0	0	0	0	65	56	0	0	0	0	0	0	0	0	0	0	0	0	0	0	0	0	0	0	0	0	0	0	0	0	0	0	0	0	0	0	0	0	0	0	0	0	0	0	0	0	0	0	0	0	0	0	0	0	0
405212	Alicyclobacillus acidocaldarius	0	0	0	0	0	0	0	0	0	20	0	0	0	0	0	0	28	0	0	0	0	0	0	0	0	0	0	0	16	0	0	0	0	0	0	0	0	0	0	0	0	0	0	0	0	0	0	0	19	16	0	24	0	0	0	0	0	0	0	0	0	0	0	0
407020	Sphingobium sp. MI1205	0	0	211	0	0	0	0	0	0	191	0	0	0	0	0	0	0	0	0	0	0	0	0	0	0	0	0	0	0	0	0	0	0	0	0	0	0	0	0	0	0	0	0	0	0	0	0	0	0	99	0	0	0	0	0	0	0	0	0	0	0	0	88	0
407035	Salinicoccus halodurans	0	25	0	0	0	0	0	0	0	0	0	0	0	0	0	0	0	0	0	0	0	0	0	0	0	0	0	0	0	0	0	0	0	0	0	0	36	0	0	0	0	0	0	0	0	0	0	0	0	0	0	0	0	0	0	0	0	0	0	0	0	0	0	0
409322	Treponema pedis	0	11	46	0	0	0	0	758	0	28	34	0	67	0	0	0	30	0	0	0	24	0	0	0	0	22	0	15	35	0	10	0	22	0	20	0	12	0	0	0	0	12	0	0	0	0	0	0	0	68	0	27	0	14	99	0	11	0	75	0	0	0	55	0
410072	Coprococcus comes	0	42039	181	0	160	15343	42	10858	227	23985	0	0	426	0	155	633	23011	0	0	0	257	93	0	0	0	67	0	137	0	0	86	0	733	19	2834	0	171	332	339507	0	0	165	0	0	18	299	375	10808	0	87	0	128	171	483	5455	313	6096	0	295	0	328	0	0	135
411483	Faecalibacterium duncaniae	0	55592	137	0	65	1491	0	5107	81	16790	78	0	67	0	77	249	6217	0	0	0	77	203	0	0	0	0	0	168	0	0	113	0	0	0	249	0	89	0	25948	0	0	137	0	0	0	82	113	2828	0	0	0	72	80	269	4948	133	4064	0	144	0	75	0	0	272
411486	Clostridium sp. M62/1	0	1314	15	0	23	532	0	1101	48	4401	0	0	13	0	22	129	2250	0	0	0	0	0	0	0	0	0	0	0	0	0	16	0	0	0	68	0	0	31	7474	0	0	0	0	0	0	0	116	1166	0	0	0	53	0	91	434	66	795	0	19	0	17	0	0	0
412384	Priestia aryabhattai	0	0	315	0	0	0	0	0	0	0	0	0	0	0	0	0	0	0	0	0	0	0	0	0	0	0	0	0	0	0	0	0	0	0	0	0	0	0	0	0	0	0	0	0	0	0	0	0	0	0	0	0	54	0	0	0	0	0	0	0	0	0	0	0
412690	Microterricola viridarii	0	0	0	0	0	0	0	0	0	0	0	0	0	0	0	0	0	0	0	0	0	0	0	0	0	33	0	0	0	0	0	0	0	0	0	0	597	0	0	0	0	0	0	0	0	0	0	0	0	0	0	0	0	0	0	0	0	0	0	0	0	0	0	0
413503	Cronobacter malonaticus	0	0	0	0	0	0	0	35	0	0	0	0	0	0	0	0	0	0	0	0	0	0	0	0	0	0	0	0	0	0	0	0	0	0	0	0	0	0	0	0	0	63	0	0	0	0	0	0	0	0	0	0	0	0	0	0	0	0	0	0	0	0	0	0
418223	Methylobacterium phyllosphaerae	37	114	118	0	130	0	152	216	265	60	0	130	0	157781	102511	345	0	0	0	0	0	0	174	0	0	125	0	183	0	72	214	0	78	262	139	0	70	134	120	0	143	99	50	0	0	0	0	0	0	30	149	169	106	0	0	0	0	0	53	0	0	0	116	0
418240	Blautia wexlerae	36	31306	1510	41	491	5775	112	40403	372	26170	361	47	568	0	180	2003	51491	0	62	18	669	1616	0	0	0	190	0	282	0	0	723	0	270	92	12570	0	278	1688	635117	53	0	348	0	0	135	200	2545	18781	0	185	161	1443	556	1987	18237	4738	48558	0	909	165	2936	48	43	157
418702	Azonexus hydrophilus	0	0	43	0	0	0	0	0	0	0	0	0	0	0	0	0	0	0	0	0	0	0	0	0	0	0	0	0	0	0	0	0	0	0	0	0	0	0	0	0	0	0	0	0	0	0	0	0	0	0	0	0	0	0	0	0	0	0	0	0	0	0	0	0
419475	Brucella pseudogrignonensis	0	0	0	0	0	0	0	56	0	0	0	40	0	0	0	0	0	0	0	0	0	0	0	0	50	0	0	0	0	0	0	0	0	0	0	0	0	0	0	0	0	0	0	0	0	0	0	0	0	0	0	0	0	0	0	0	0	0	0	0	0	0	0	0
419476	Nocardioides marinisabuli	0	0	0	0	0	0	0	0	0	0	0	0	0	0	0	0	0	0	0	0	0	0	0	0	0	0	0	0	0	0	0	0	0	0	0	0	515	0	0	0	0	0	0	0	0	0	348	0	0	0	0	0	0	0	0	0	0	0	0	0	0	0	0	0
419479	Jiangella alkaliphila	0	0	0	0	0	0	0	0	0	0	0	0	0	0	0	0	0	0	0	0	0	0	0	0	0	0	0	0	0	0	0	0	0	0	0	0	30	0	0	0	0	0	0	0	0	0	0	0	0	0	0	0	0	0	0	0	0	0	0	0	0	0	0	0
423477	Veillonella rogosae	688	2501	25123	436	77	612	33	2214	391	7330	10159	293	23203	22	406	87	2548	0	56	346	814	202	584	251	0	1347	28	7528	10086	67	643	71	2356	70	4603	56	4644	57	733	814	20	2198	0	28	853	3229	41	160	137	7936	1075	1806	199	683	512922	50	706	17	4886	30	633	378	6631	73
424188	Streptomyces deccanensis	0	0	0	0	0	0	0	0	0	0	0	0	0	522	296	0	0	0	0	0	0	0	0	0	0	0	0	0	0	0	0	0	0	0	0	0	0	0	0	0	0	0	0	0	0	0	0	0	0	0	0	0	0	0	0	0	0	0	0	0	0	0	0	0
424800	Sphingomonas insulae	0	81	73	43	0	0	0	0	0	20	0	0	0	0	0	25	0	0	0	0	0	0	0	0	0	0	0	0	0	0	0	0	0	0	18	0	68	0	0	0	0	0	11	0	0	0	0	0	0	15	0	0	0	0	0	0	0	0	0	0	0	0	22	0
428712	Jonquetella anthropi	0	0	0	0	0	0	0	0	0	0	0	0	0	0	0	0	0	0	0	0	0	0	0	0	0	0	0	0	0	0	0	0	0	0	0	0	0	0	0	0	0	0	0	0	0	0	0	0	0	0	0	0	17	0	0	0	0	0	0	0	0	0	0	0
431306	Acetobacter ghanensis	0	0	0	0	0	0	0	0	0	0	0	0	0	0	0	0	0	0	0	0	0	0	0	0	0	0	0	28	0	0	0	0	0	0	0	0	0	0	0	0	0	0	0	0	0	0	0	0	0	0	0	0	0	0	0	0	0	0	0	0	0	0	0	0
433286	Anaerocolumna cellulosilytica	0	0	0	0	0	0	0	0	0	0	0	0	0	0	0	0	0	0	0	0	0	0	0	0	0	0	0	0	0	0	0	0	0	0	0	0	0	0	86	0	0	0	0	0	0	0	0	0	0	0	0	0	0	0	0	0	0	0	0	0	0	0	0	0
433659	Nocardioides mesophilus	0	0	0	0	0	0	0	0	0	0	0	0	0	0	0	0	0	0	0	0	0	0	0	0	0	0	0	0	0	0	0	0	0	0	0	0	230	0	0	0	0	0	0	0	0	0	282	0	0	0	0	0	0	0	0	0	0	0	0	0	0	0	0	0
434010	Hydrogenophaga sp. PBL-H3	0	0	0	0	0	0	0	0	0	0	0	0	0	0	0	0	0	0	0	0	0	0	0	0	0	0	0	0	0	0	0	0	0	0	0	0	0	0	0	0	0	0	0	0	0	0	0	158	0	0	0	0	43	0	0	0	0	0	0	0	0	0	0	0
435897	Lysobacter capsici	0	0	0	0	0	0	0	0	0	0	0	0	0	0	0	0	0	0	0	0	0	0	0	0	0	0	197	0	0	0	0	0	0	0	0	0	0	65	0	0	63	58	0	0	0	0	0	0	0	0	0	0	0	0	0	0	0	0	0	0	0	0	0	0
436663	Sphingopyxis indica	0	0	0	0	0	74	0	58	0	0	0	0	0	0	0	0	0	0	0	0	0	0	0	0	0	0	0	0	0	0	0	0	0	0	0	0	0	0	0	0	0	0	0	0	0	0	0	0	0	0	0	0	0	0	0	0	0	0	0	0	0	0	0	0
437897	Megamonas funiformis	0	12	22	0	0	0	0	11	0	0	16	0	0	0	0	25	334	0	0	0	0	68	0	0	0	0	0	0	0	0	0	0	0	17	742	0	0	199	93311	0	0	0	0	0	11	0	0	0	0	0	0	0	0	14	878	129	1014	0	0	0	0	0	0	0
438033	Ruminococcus gauvreauii	0	23	0	0	0	0	0	0	0	29	0	0	0	0	0	0	44	0	0	0	0	0	0	0	0	0	0	0	0	0	0	0	0	0	0	0	0	0	334	0	0	0	0	0	0	0	0	0	0	0	0	0	0	0	0	0	27	0	0	0	0	0	0	0
439387	Bradyrhizobium sp. CIAT3101	0	0	0	45	0	0	0	0	0	60	0	0	91	82	70	0	0	0	0	0	0	0	0	0	0	0	0	0	0	0	0	0	0	0	0	0	0	0	0	0	0	0	0	0	0	0	0	0	0	0	0	0	0	0	0	0	0	0	0	0	0	0	0	0
441500	Corynebacterium timonense	0	108	28	0	0	38	0	72	0	0	0	0	13	0	16	0	30	0	0	0	12	15	0	0	0	11	0	30	0	0	40	0	12	0	0	11	301	0	73	0	0	111	0	0	38	0	0	0	0	0	0	18	17	47	27	0	94	0	67	0	0	0	34	0
441501	Corynebacterium massiliense	0	175	51	0	0	30	0	81	0	11	19	0	0	0	16	0	52	0	0	74	32	15	0	0	0	105	0	27	0	11	84	0	11	33	27	21	516	0	46	0	0	103	0	0	94	40	0	107	0	15	0	0	1039	54	25	32	158	18	38	0	0	0	16	0
442121	uncultured Pleomorphomonas sp.	61	0	0	0	0	79	0	892	71	111	17	93	0	20	21	183	0	0	0	0	0	0	0	23	0	0	0	0	0	0	0	0	0	0	0	0	0	0	0	152	0	0	0	21	84	0	0	0	0	0	0	0	0	0	0	0	0	0	0	0	44	2667	30	48
443156	Pedococcus dokdonensis	0	0	0	0	0	0	0	0	0	0	0	0	0	0	0	0	0	0	0	0	0	0	0	0	0	0	0	0	0	0	0	0	0	0	0	0	195	0	0	0	0	0	0	0	0	0	37	0	0	0	0	0	0	0	0	0	0	0	0	0	0	0	0	0
444444	Chelatococcus daeguensis	0	0	0	0	0	0	0	0	0	0	0	0	0	19	0	0	0	0	0	0	0	0	0	0	0	0	0	0	0	0	0	0	0	0	0	0	0	0	0	0	0	0	0	0	0	0	0	0	0	0	0	0	0	0	0	0	0	0	0	0	0	0	0	0
445576	Pseudonocardia sp. AL041005-10	0	77	0	0	0	0	0	0	0	0	0	0	0	0	0	0	0	0	0	0	0	0	0	0	0	0	0	0	0	0	0	0	0	0	0	0	113	0	0	0	0	0	0	0	53	0	45	73	0	0	0	0	0	0	0	0	0	0	0	0	0	0	0	0
445930	Trueperella abortisuis	0	30	0	0	0	0	0	0	0	0	0	0	0	0	0	0	0	0	0	0	0	0	0	0	0	0	0	0	0	0	0	0	0	0	0	0	13	0	0	0	0	0	0	0	0	0	0	0	0	0	0	0	0	0	0	0	10	0	0	0	0	0	13	0
446660	Adlercreutzia equolifaciens	0	659	53	0	0	178	0	312	0	1667	0	0	15	0	0	0	695	0	0	0	0	0	0	0	0	0	0	28	0	0	0	0	0	0	29	0	0	0	2876	0	0	0	0	0	0	0	0	378	0	0	0	20	0	37	111	0	838	0	0	0	0	0	0	0
446679	Nostoc sphaeroides	0	0	0	0	0	0	0	0	0	0	0	0	0	0	0	0	0	0	0	0	0	0	0	0	0	0	0	0	0	0	0	0	0	0	0	0	0	0	0	0	0	0	0	0	0	0	0	78	0	0	0	0	0	0	0	0	0	0	0	0	0	0	0	0
446860	Kocuria flava	0	0	0	0	0	0	0	0	13	0	0	0	0	0	0	0	0	0	0	0	0	0	23	0	0	38	0	0	0	0	0	0	23	0	0	0	118	0	0	0	0	0	0	0	0	0	0	0	0	0	0	0	0	35	0	0	0	0	0	0	0	0	0	0
449461	Nocardioides humi	0	0	0	0	0	0	0	0	0	0	0	0	0	0	0	0	0	0	0	0	0	0	0	0	0	0	0	0	0	0	0	0	0	0	0	0	418	0	0	0	0	0	0	0	0	0	392	0	0	0	0	0	0	0	0	0	0	0	0	0	0	0	0	0
450367	Peribacillus frigoritolerans	0	0	0	25	0	0	0	0	0	0	0	0	0	0	0	0	0	1777	1268	0	0	0	18	0	0	0	0	397	0	0	0	0	0	0	0	0	0	0	0	0	0	204	25	0	0	0	0	48	0	0	0	0	179	0	0	0	0	0	0	0	0	21	0	238
450378	Croceicoccus marinus	0	0	0	39	0	0	0	0	0	0	0	0	0	0	0	0	0	0	0	0	0	0	0	0	0	0	0	0	0	0	0	0	0	0	29	0	0	0	0	0	0	0	0	0	0	0	0	0	0	0	0	0	0	0	0	0	0	0	0	0	0	0	0	0
450734	Nocardioides dokdonensis	0	0	0	0	0	0	0	0	0	0	0	0	0	0	0	0	0	0	0	0	0	0	0	0	0	0	0	0	0	0	0	0	0	0	0	0	662	0	0	0	0	0	0	0	0	0	495	0	0	0	0	0	0	0	0	0	0	0	0	0	0	0	0	0
451876	Rhizobium rhizoryzae	0	0	0	0	0	0	0	0	0	0	0	0	0	0	0	0	0	0	0	0	0	0	0	0	0	0	0	0	0	0	0	0	21	0	0	0	0	0	0	0	0	0	0	0	0	0	43	0	0	0	0	0	0	0	0	0	0	0	0	0	0	0	0	0
452440	uncultured Roseateles sp.	0	0	0	0	0	0	0	0	0	0	0	0	0	0	0	0	0	109	115	0	0	0	0	0	0	0	0	0	0	0	0	0	0	0	0	0	0	0	0	0	0	31	0	39	0	0	0	0	0	0	0	0	0	0	0	0	0	0	0	0	0	0	0	0
453304	Agromyces aureus	0	0	0	0	0	0	0	0	0	0	0	0	0	0	0	0	0	0	0	0	0	0	0	0	0	19	0	0	0	0	0	0	0	0	0	0	178	0	0	0	0	0	0	0	0	0	0	0	0	0	0	0	0	0	0	0	0	0	0	0	0	0	136	0
453816	Pseudobdellovibrio exovorus	0	0	0	0	0	0	0	119	0	0	0	0	0	0	0	0	0	0	0	0	0	0	0	0	0	0	0	0	0	0	0	0	0	0	0	0	0	0	0	0	0	0	0	0	0	0	0	0	0	0	0	0	0	0	0	0	0	0	0	0	0	0	0	0
453842	Paracoccus aestuarii	0	27	0	0	0	0	0	0	46	0	0	0	0	0	0	0	0	0	0	0	0	0	0	0	0	0	0	64	0	0	0	0	0	0	0	0	0	0	0	0	0	0	0	0	0	0	0	19	0	0	0	0	0	0	0	0	0	0	0	0	0	0	0	0
454154	Paraprevotella clara	0	39	28	0	16	235	0	576	51	4720	0	0	0	0	0	0	461	0	0	0	0	19	0	0	0	0	0	13	0	0	0	0	0	0	0	0	0	0	80	0	0	13	0	0	0	0	61	1244	0	0	0	21	13	72	205	29	409	0	23	0	0	0	0	0
454155	Paraprevotella xylaniphila	0	0	0	0	0	33	0	135	28	1157	0	0	0	0	0	0	98	0	0	0	0	0	0	0	0	0	0	0	0	0	0	0	0	0	0	0	0	0	79	0	0	0	0	0	0	0	0	249	0	0	0	0	0	27	22	0	81	0	0	0	0	0	0	0
454662	Cellvibrio sp. KY-YJ-3	0	0	0	0	0	0	0	0	0	0	0	0	0	0	0	0	0	0	0	0	0	0	0	0	0	0	0	0	0	0	0	0	0	0	0	0	0	0	0	0	0	0	0	0	0	0	0	0	0	0	0	90	0	0	0	0	0	0	0	0	0	0	0	0
456163	Thermus parvatiensis	0	0	105	0	0	0	0	0	0	1160	0	0	113	0	0	0	0	0	0	0	0	0	0	0	0	0	0	0	0	0	0	0	187	0	462	0	0	0	0	0	0	0	0	0	0	0	0	0	0	0	0	0	0	0	0	0	0	0	0	0	0	0	0	0
456327	Xanthomonas euvesicatoria	0	0	0	0	0	0	0	0	0	0	0	0	0	0	0	0	0	0	0	0	0	0	0	0	0	69	0	0	0	0	0	0	46	0	172	0	94	0	129	0	0	0	0	0	0	0	0	0	0	0	0	0	0	0	0	0	0	0	0	0	0	0	0	0
456999	Rhizoctonia solani	0	0	0	0	345	281	0	12	0	0	0	0	28	0	0	0	0	301	313	0	0	0	0	0	0	0	0	38	0	0	0	0	45	0	15	0	0	0	0	0	0	40	19	0	0	0	0	0	0	0	0	0	0	0	0	0	0	0	0	0	0	0	0	0
457921	Massilia varians	0	22	94	0	0	0	0	18	0	0	0	0	0	0	0	0	0	0	0	0	0	82	0	0	0	19	0	0	138	0	0	145	144	0	0	0	34	0	34	0	0	27	0	0	45	0	0	46	106	24	0	45	0	31	0	0	0	0	59	0	0	0	0	0
459472	Planococcus glaciei	0	0	0	0	0	0	0	0	0	0	0	0	0	0	0	0	0	0	0	0	0	0	0	0	0	36	0	0	0	0	0	0	0	0	0	0	0	0	0	0	0	0	0	0	0	0	0	0	0	0	0	0	0	0	0	0	0	0	0	0	0	0	0	0
460519	Komagataella phaffii	0	0	0	0	0	0	0	0	0	0	0	0	0	0	0	0	0	86	96	0	0	0	0	0	0	0	0	0	0	0	0	0	0	0	0	0	0	0	0	0	0	12	0	0	0	0	0	0	0	0	0	0	0	0	0	0	0	0	0	0	0	0	0	0
461393	Actinomyces massiliensis	103	2665	4500	642	72	4165	11	6809	82	10851	1138	77	8620	25	1750	142	7741	0	156	64	2065	0	0	0	176	94381	11	6547	119	20	1532	0	2874	49	3099	1115	57075	87	283	56	21	3574	0	0	810	2521	26	1316	52	12852	55	5139	1150	9004	163	25	3642	155	23183	21	264	533	487	624
462710	Microbacterium binotii	0	0	0	0	0	0	0	0	0	0	0	0	0	0	0	0	0	0	0	0	0	0	0	0	0	15	0	0	0	0	0	0	0	0	0	0	0	0	0	0	0	0	0	0	0	0	0	0	0	0	0	0	0	0	0	0	0	0	0	0	0	0	0	0
465721	Steroidobacter denitrificans	0	0	0	0	0	0	0	0	0	0	0	0	0	0	0	0	0	0	0	0	0	0	0	0	0	0	0	0	0	0	0	0	0	0	0	0	0	0	0	0	0	0	0	0	0	0	0	13	0	0	0	0	0	0	0	0	0	0	0	0	0	0	0	0
465797	Acinetobacter septicus	0	0	0	0	0	0	0	0	0	0	0	0	0	0	0	0	0	0	0	0	0	0	0	0	0	0	0	0	0	0	0	0	0	0	0	0	0	0	0	0	0	0	0	0	0	0	0	0	0	0	0	0	78	0	0	0	0	0	0	0	0	0	0	0
467976	Iamia majanohamensis	0	0	0	0	0	0	0	0	0	0	0	0	0	0	0	0	0	0	0	0	0	0	0	0	0	0	0	0	0	0	0	0	0	0	0	0	18	0	0	0	0	0	0	0	0	0	0	0	0	0	0	0	0	0	0	0	0	0	0	0	0	0	0	0
470565	Prevotella histicola	35	107	1923	11	39	35	10	69	181	138	291	0	217	0	14	30	128	0	0	0	67	33	195	0	0	97	0	1135	118	0	77	0	259	0	282	0	284	0	107	62	0	269	0	36	75	137	11	17	18	277	359	206	91	143	14	19	57	26	73	0	55	13	747	44
470931	Pantoea anthophila	0	15	0	0	0	0	0	14	0	0	0	0	0	0	0	0	0	0	0	0	0	0	0	0	0	26	0	0	0	0	29	0	0	0	0	0	11	0	0	0	0	0	0	0	0	0	0	26	0	0	0	0	0	33	0	0	0	0	0	0	0	0	0	0
470932	Pantoea deleyi	0	0	0	0	0	0	0	0	0	0	0	0	0	0	0	0	0	0	0	0	0	0	0	0	0	0	0	0	0	0	0	0	0	0	0	0	0	0	0	0	0	0	0	0	0	0	0	18	0	0	0	0	0	0	0	0	0	0	0	0	0	0	0	0
470933	Pantoea eucalypti	0	0	0	0	0	0	0	0	0	0	0	0	0	0	0	0	0	0	0	0	0	0	0	0	0	0	0	0	0	0	0	0	0	0	0	0	0	0	0	0	0	0	0	0	0	0	0	0	0	46	0	0	0	0	0	0	0	0	0	0	0	0	0	0
470934	Pantoea vagans	0	0	29	0	0	0	0	0	0	0	0	0	0	0	0	0	0	0	0	0	0	0	0	0	0	0	0	0	0	0	0	0	0	0	0	0	0	0	0	0	0	0	0	0	0	0	0	56	0	0	0	0	0	0	0	0	0	0	105	0	0	0	0	0
471189	Gordonibacter pamelaeae	0	169	15	0	0	32	0	53	0	314	0	0	0	0	0	0	117	0	0	0	0	0	0	0	0	0	0	0	0	0	0	0	0	0	0	0	0	0	269	0	0	0	0	0	0	0	0	126	0	0	0	69	0	0	87	0	367	0	0	0	0	0	0	0
472693	Pantoea eucrina	0	0	10	0	0	0	0	11	0	0	0	0	0	0	0	0	0	0	0	0	0	11	0	0	0	0	0	0	0	0	0	0	0	0	0	0	21	0	0	0	0	0	0	30	0	0	0	0	0	720	0	0	0	0	0	0	0	0	15	0	0	0	0	0
475937	Rhodopseudomonas boonkerdii	0	0	0	100	0	0	0	0	0	0	0	0	0	161	137	0	0	0	0	0	0	0	0	0	62	0	0	0	0	0	0	0	0	0	0	0	0	0	0	0	0	0	0	0	0	0	0	0	0	0	0	62	0	0	0	0	0	0	0	0	0	0	0	0
477641	Modestobacter marinus	0	0	35	0	0	0	0	0	54	0	0	0	0	0	0	0	0	0	0	0	0	0	0	0	0	25	0	0	0	0	0	64	0	0	86	0	9074	0	0	0	0	0	234	0	0	93	0	12	0	0	0	0	0	47	0	0	0	0	0	0	0	0	0	0
477666	Bacteroides graminisolvens	0	0	0	0	0	0	0	0	0	0	0	0	0	0	0	0	0	0	0	0	0	15	0	0	0	11	0	0	0	0	0	0	0	0	0	0	0	0	29	0	0	0	0	0	0	0	0	0	0	0	13	0	0	0	0	0	0	0	0	0	0	0	0	0
477697	Streptomyces sp. T12	48	548	1207	428	0	501	0	246	103	478	114	42	351	0	461	0	215	0	0	0	43	80	0	0	0	416	0	176	108	0	74	0	752	0	390	0	761	0	0	0	0	206	369	107	0	0	0	0	61	4584	363	227	0	252	116	0	0	0	326	0	0	92	217	0
477976	Calditerrivibrio nitroreducens	0	0	0	0	0	0	0	0	0	0	0	0	0	0	0	0	0	0	0	0	0	0	0	0	0	0	0	0	0	0	0	0	0	0	16	0	0	0	0	0	0	0	0	0	0	0	0	0	0	0	0	0	0	0	0	0	0	0	0	0	0	0	0	0
479978	Micromonospora tulbaghiae	0	0	0	0	0	0	0	0	0	0	0	0	0	0	49	0	0	0	0	0	0	0	0	0	0	0	0	0	0	0	0	0	0	0	0	0	0	0	0	0	0	0	0	0	0	0	0	0	0	0	0	0	0	0	0	0	0	0	0	0	0	0	0	0
480035	Nocardia wallacei	0	0	0	0	0	0	0	0	0	0	0	0	0	0	0	0	0	0	0	0	0	0	0	0	0	0	0	0	0	0	0	0	0	0	0	0	19	0	0	0	0	0	0	0	0	0	0	0	0	0	0	0	0	0	0	0	0	0	0	0	0	0	0	0
481146	Acetobacter ascendens	0	0	0	0	0	0	0	0	0	0	0	0	0	0	0	0	0	0	0	0	0	0	0	0	0	0	0	0	90	0	0	0	0	0	0	0	0	0	0	0	0	0	0	0	0	0	0	0	0	0	0	0	0	0	0	0	0	0	0	0	0	0	0	0
482462	Mycobacterium dioxanotrophicus	0	0	0	145	0	0	0	0	0	0	0	0	0	0	0	0	0	0	0	0	0	0	0	0	0	0	0	0	0	0	0	0	0	0	0	0	0	0	0	0	0	0	190	0	0	0	0	0	0	0	0	0	0	0	0	0	0	0	0	0	0	0	0	0
482564	Oscillatoria nigro-viridis	0	0	0	0	0	0	0	0	0	0	20	0	0	0	0	0	0	0	0	0	0	0	0	0	0	41	0	0	0	0	0	0	0	0	0	0	0	0	0	0	0	61	0	0	0	0	0	0	0	0	0	0	0	0	0	0	0	0	0	0	0	0	0	37
482957	Burkholderia lata	0	0	0	36	0	0	0	0	0	0	0	0	0	0	0	0	0	0	0	0	0	0	0	0	0	0	0	0	0	0	0	0	0	0	0	0	0	0	0	0	0	0	0	0	0	0	0	0	0	0	0	0	0	0	0	0	0	0	0	0	0	0	0	0
484429	Sphingobium sp. YBL2	0	0	0	0	0	0	0	0	0	0	0	0	0	0	0	0	0	0	0	0	0	0	0	0	0	258	0	0	0	0	0	0	0	0	0	0	0	0	0	0	0	0	0	0	0	0	0	0	0	0	0	0	0	0	0	0	0	0	0	0	0	0	0	0
485870	Pseudomonas anuradhapurensis	0	0	0	0	0	0	0	0	0	0	0	0	28	0	0	0	0	0	0	0	0	0	0	0	0	0	0	0	0	0	0	0	0	0	0	0	0	0	0	0	0	0	0	0	0	0	0	0	0	0	0	0	0	0	0	0	0	0	0	0	0	0	0	0
485880	Pseudomonas kurunegalensis	0	0	55	0	0	0	0	0	0	0	0	0	0	0	0	0	0	0	0	0	0	0	0	0	0	0	0	0	0	0	0	0	0	0	0	0	0	199	0	0	0	0	0	0	0	0	0	73	0	0	97	0	0	0	0	0	0	0	0	0	0	0	0	0
487173	Dialister succinatiphilus	0	21	0	0	0	0	0	0	0	0	0	0	0	0	0	0	0	0	0	0	0	0	0	0	0	0	0	0	0	0	0	0	0	0	17	0	73	0	88	0	0	99	0	0	0	0	0	0	0	0	0	0	0	0	0	0	0	0	0	0	0	0	0	0
487316	Acinetobacter soli	0	0	118	0	0	0	0	0	0	0	0	0	0	0	0	0	0	0	0	0	0	0	0	0	0	0	0	12	0	0	0	0	0	0	0	0	0	0	0	0	0	0	0	0	0	0	0	0	0	0	0	0	12	0	0	0	0	0	0	0	0	11	0	0
487698	Stenotrophomonas pavanii	0	0	0	0	0	0	0	0	0	0	0	0	0	0	0	0	0	0	0	0	0	0	0	0	0	0	0	0	118	0	0	0	0	0	94	0	0	0	63	0	0	0	0	0	0	0	0	0	0	0	0	0	0	0	0	0	0	0	0	0	0	0	0	0
488447	Burkholderia contaminans	49	301	1686	25915	265	1285	0	2058	67	2049	84	40	601	125	1222	68	1742	0	127	43	5340	30	0	25	0	255	0	1792	36	0	1221	0	605	50	5232	37	1272	0	108	26	0	3689	4368	67	644	26	0	239	84	2594	0	102	120	419	93	0	71	0	558	0	40	20	110	0
489632	Pseudomonas chengduensis	0	0	0	0	0	0	0	0	0	0	0	88	0	0	0	0	0	0	0	0	0	0	0	0	0	43	0	0	0	0	0	0	0	0	0	0	0	0	0	0	0	0	0	0	0	0	0	0	0	0	476	94	0	0	0	0	0	0	0	0	0	0	0	0
489910	Nosocomiicoccus ampullae	0	46	14	0	0	0	0	0	24	0	0	0	0	0	0	0	0	0	0	0	0	29	0	0	0	0	0	0	0	0	0	0	0	0	230	0	51	0	10	0	0	0	0	22	16	17	0	18	0	17	36	0	0	40	11	0	0	0	25	10	0	0	12	0
492670	Bacillus velezensis	0	0	164	0	0	0	0	0	0	0	0	0	0	0	0	0	0	1764	376	0	0	0	0	0	0	0	0	0	1335	0	0	0	0	0	0	0	0	0	0	0	0	0	0	0	300	0	0	0	0	0	0	0	0	0	38	0	0	0	0	0	0	0	0	0
496014	Baekduia soli	0	0	0	0	0	0	0	0	0	0	0	0	0	0	0	0	0	0	0	0	0	0	0	0	0	72	0	0	0	0	0	0	0	0	0	0	0	0	0	0	0	0	0	0	0	0	0	0	0	0	0	0	0	0	0	0	0	0	0	0	0	0	0	0
497967	Hymenobacter tibetensis	0	0	0	0	0	0	0	0	0	0	0	0	0	0	0	196	0	0	0	0	0	0	0	0	0	0	0	0	0	0	0	0	0	0	0	0	0	0	0	0	0	0	0	0	0	0	0	0	0	0	0	0	0	0	0	0	0	0	0	0	0	0	0	0
498019	[Candida] auris	0	0	0	0	0	0	0	0	0	0	0	0	0	0	0	0	0	539	481	0	0	0	0	0	0	0	0	0	0	0	0	0	0	0	0	0	0	0	0	0	0	31	0	0	0	0	0	0	0	0	0	0	0	0	0	0	0	0	0	0	0	0	0	0
499555	Dietzia timorensis	0	0	43	0	0	0	0	17	0	0	0	0	0	0	0	0	0	0	0	0	0	0	0	0	0	0	0	0	0	0	0	0	0	0	0	0	0	0	0	0	0	0	0	0	0	0	0	0	0	0	0	0	0	0	0	0	0	0	0	0	0	0	0	0
501023	Glaciibacter superstes	0	0	0	0	0	0	0	0	0	0	0	0	0	0	0	0	0	0	0	0	0	0	0	0	0	12	0	0	0	0	0	0	0	0	0	0	38	0	0	0	0	0	0	0	0	0	0	0	0	0	0	0	0	0	0	0	0	0	0	0	0	0	0	0
501572	Sinorhizobium chiapasense	0	0	0	0	0	0	0	0	0	0	0	0	0	0	26	0	0	0	0	0	0	0	0	0	0	0	0	0	0	0	0	0	0	0	0	0	0	0	0	0	0	0	0	0	0	0	0	0	0	0	0	0	0	0	0	0	0	0	0	0	0	0	0	0
502394	Deinococcus gobiensis	0	0	0	0	0	0	0	0	0	0	0	0	0	0	0	0	0	0	0	0	0	0	0	0	0	0	0	0	0	0	0	0	0	0	0	0	0	0	0	0	0	0	0	0	0	0	0	0	0	0	0	0	19	0	0	0	0	0	0	0	0	0	0	0
502558	Eggerthella sp. YY7918	0	170	0	0	0	0	0	31	0	94	0	0	0	0	0	0	73	0	0	0	0	0	0	0	0	0	0	0	0	0	0	0	0	0	0	0	0	0	45	0	0	0	0	0	0	0	0	15	0	0	0	0	0	0	12	0	42	0	0	0	0	0	0	0
504468	Rhodovastum atsumiense	0	0	0	0	0	0	0	0	0	0	0	0	0	116	95	0	0	0	0	0	0	0	0	0	0	0	0	0	0	0	0	0	0	0	0	0	18	0	0	0	0	0	0	0	0	0	0	0	0	0	0	0	0	0	0	0	0	0	0	0	0	0	0	0
505341	Gallibacterium salpingitidis	0	0	0	0	0	0	0	0	0	0	0	0	0	0	0	0	0	0	0	0	0	0	0	0	0	0	0	0	0	0	0	0	0	0	0	0	0	0	20	0	0	0	0	0	0	0	0	0	0	0	0	0	0	0	21	0	0	0	0	0	0	0	0	0
506591	Leisingera caerulea	0	0	0	0	0	0	0	0	0	0	0	0	0	27	26	0	0	0	0	0	0	0	0	0	0	0	0	0	0	0	0	0	0	0	0	0	0	0	0	0	0	0	0	0	0	0	0	0	0	0	0	0	0	0	0	0	0	0	0	0	0	0	0	0
512349	Actinoplanes sichuanensis	0	0	0	0	0	0	0	0	0	0	0	0	0	0	0	0	0	0	0	0	0	0	0	0	0	0	0	0	0	0	0	0	0	0	0	0	31	0	0	0	0	0	0	0	0	0	491	0	0	0	0	0	0	0	0	0	0	0	0	0	0	0	0	0
515361	Neorhizobium petrolearium	0	0	0	0	0	0	0	0	0	0	0	0	0	0	0	0	0	0	0	0	0	0	0	0	0	0	0	0	0	0	0	0	0	0	0	0	0	0	0	0	0	0	0	0	0	0	206	0	0	0	0	0	0	0	0	0	0	0	0	0	0	0	0	0
515393	Pseudomonas yamanorum	0	0	0	0	0	19	0	41	0	30	0	0	12	0	0	0	0	0	0	0	0	0	0	0	0	0	0	0	0	21	0	0	0	20	13	0	0	18	0	0	0	0	0	0	0	0	0	0	0	86	0	0	18	0	0	0	0	0	0	0	30	0	0	0
515415	Microbacterium invictum	0	0	0	0	0	0	0	0	0	0	0	0	0	0	0	0	0	0	0	0	0	0	0	0	0	25	0	0	0	0	0	0	0	0	0	0	0	0	0	0	0	0	0	0	0	0	0	0	0	0	150	0	0	0	0	0	0	0	0	0	0	0	0	0
517398	Pseudomonas sp. D3	0	0	0	0	0	0	0	0	0	336	0	0	262	0	0	0	86	0	0	0	0	0	0	0	0	0	0	0	0	0	0	0	0	0	17	0	0	0	0	0	0	0	0	0	0	0	0	0	0	0	0	0	0	0	0	0	0	0	0	0	0	0	0	0
521392	Helcobacillus massiliensis	0	37	0	0	0	12	0	0	0	0	0	0	0	0	0	0	0	0	0	0	0	0	0	0	49	12	0	16	0	0	13	0	0	0	20	0	39	0	0	0	0	0	0	0	0	0	0	0	0	0	13	0	12	14	0	0	12	0	0	0	0	0	0	0
521520	Paenibacillus urinalis	0	0	70	0	0	0	0	0	0	0	0	0	0	0	0	0	0	0	0	0	0	0	0	0	0	0	0	0	0	0	0	0	0	0	0	0	0	0	0	0	0	0	0	0	0	0	0	0	0	0	0	0	0	0	0	0	0	0	0	0	0	0	0	0
521720	Denitrificimonas caeni	0	0	0	0	0	0	0	0	0	0	0	18	0	0	0	0	0	0	0	0	0	0	0	0	0	0	0	0	0	0	0	0	0	0	0	0	0	0	0	0	0	0	0	0	0	0	0	0	0	0	0	0	0	0	0	0	0	0	0	0	0	0	0	0
522262	Staphylococcus rostri	0	37	21	0	0	0	0	0	0	0	0	0	0	0	0	0	0	0	0	0	0	0	0	0	0	0	0	0	0	0	17	0	0	0	0	0	167	0	0	0	0	0	0	0	29	10	0	0	0	0	0	0	0	0	0	0	0	0	0	0	0	0	0	0
524884	Saccharopolyspora rosea	0	0	0	0	0	0	0	0	0	0	0	0	0	0	0	0	0	0	0	0	0	0	0	0	0	0	0	0	0	0	0	0	0	0	0	0	35	0	0	0	0	0	0	0	0	0	0	0	0	0	0	0	0	0	0	0	0	0	0	0	0	0	0	0
526944	Tetragenococcus osmophilus	0	0	0	0	0	0	0	0	0	0	0	0	0	0	0	0	0	0	0	0	0	0	0	0	0	0	0	0	0	0	0	0	0	0	0	0	0	0	0	0	0	0	0	0	0	0	0	0	0	51	0	23	0	20	0	0	0	0	0	0	0	0	0	0
536441	Chryseobacterium taklimakanense	0	0	36	0	0	0	0	24	0	71	0	0	0	0	0	0	0	0	0	0	0	0	0	0	0	30	0	0	0	0	0	0	0	0	0	0	0	0	0	0	0	0	0	33	30	12	0	20	0	35	0	0	11	28	0	0	0	0	13	0	0	25	0	0
538381	Stappia indica	0	0	0	0	0	0	0	0	0	0	0	0	0	30	27	0	0	0	0	0	0	0	0	0	0	0	0	0	0	0	0	0	0	0	0	0	0	0	0	0	0	0	0	0	0	0	0	0	0	0	0	0	0	0	0	0	0	0	0	0	0	0	0	0
538949	uncultured Alistipes sp.	0	69	0	0	0	0	0	10	0	87	0	0	0	0	0	0	35	0	0	0	0	0	0	0	0	0	0	0	0	0	0	0	0	0	0	0	0	0	34	0	0	0	0	0	0	0	0	0	0	0	0	0	0	0	10	0	0	0	0	0	0	0	0	0
539813	Enterobacter mori	0	57	64	0	0	0	0	14	0	50	0	0	108	0	0	0	0	0	0	0	0	0	0	0	0	0	0	0	0	0	0	0	19	0	0	0	0	0	0	0	0	0	0	70	19	0	0	0	0	0	0	0	0	125	0	0	30	0	79	0	77	0	20	0
540747	Roseovarius indicus	0	0	0	0	0	0	0	0	0	0	0	0	0	115	0	0	0	0	0	0	0	0	0	0	0	0	0	0	0	0	0	0	0	0	0	0	0	0	0	0	0	0	0	0	0	0	0	0	0	0	0	0	0	0	0	0	0	0	0	0	0	0	0	0
543877	Pelagerythrobacter marensis	0	0	0	0	0	0	0	0	0	0	0	0	0	0	0	0	0	0	0	0	0	0	0	0	0	0	0	0	0	0	0	0	0	0	0	0	0	0	0	0	0	0	0	0	0	0	97	0	0	0	0	0	0	0	0	0	0	0	0	0	0	0	0	0
544580	Actinomyces oris	696	3602	6891	17717	2434	12125	414	13273	659	10044	2668	270	18750	67	2482	323	16040	0	647	291	5718	325	32	65	87	15322	76	23777	517	99	2604	69	7658	338	9452	557	69818	246	935	159	67	42238	75	105	1773	1457	60	3468	130	10724	144	3968	1744	16755	8065	45	3118	660	16696	347	1475	1523	1242	3056
544645	Butyricimonas virosa	0	80	0	0	0	0	0	15	0	31	0	0	0	0	0	0	16	0	0	0	0	0	0	0	0	0	0	0	0	0	57	0	0	0	39	0	0	15	2250	0	0	14	0	0	0	0	0	0	0	0	0	0	0	0	0	0	22	0	0	0	0	0	0	0
545619	Paraoerskovia marina	0	0	0	0	0	0	0	0	0	0	0	0	0	0	0	0	0	0	0	0	0	0	0	0	0	0	0	0	0	0	0	0	0	0	0	0	32	0	0	0	0	0	0	0	0	0	0	0	0	0	0	0	0	0	0	0	0	0	0	0	0	0	0	0
546367	Hafnia paralvei	0	0	0	0	0	0	0	0	0	0	0	0	28	0	0	0	0	0	0	0	0	0	0	0	0	0	0	0	0	0	0	0	0	0	0	0	0	0	0	0	0	0	0	0	0	0	0	0	0	0	0	0	0	0	0	0	0	0	0	0	0	0	0	0
546871	Friedmanniella luteola	0	20	0	0	0	0	0	0	0	19	0	0	0	0	0	197	0	0	0	0	0	0	0	0	0	27	0	0	0	0	0	0	36	0	0	0	88	0	0	0	0	0	0	0	0	0	41	0	0	0	0	0	0	28	0	0	0	0	0	0	0	0	0	0
546874	Microlunatus sagamiharensis	0	377	33	0	0	0	0	0	11	0	0	0	0	0	0	0	0	0	0	0	0	0	0	0	0	18	0	0	0	0	0	0	0	0	56	0	212	0	0	0	0	0	0	0	0	0	0	0	0	0	0	0	0	13	0	0	0	0	0	0	0	0	38	0
553814	Acidovorax carolinensis	0	0	0	0	0	0	0	0	0	0	0	0	0	0	0	0	0	0	0	0	0	0	0	0	0	0	0	26	0	0	0	0	0	0	0	0	0	0	0	0	0	0	0	0	0	0	0	0	0	0	0	0	0	0	0	0	0	0	0	0	0	0	0	0
554344	Pseudomonas toyotomiensis	0	0	0	0	0	0	0	0	0	0	0	0	0	0	0	0	0	0	0	0	0	0	0	0	0	0	0	0	0	0	0	0	0	0	0	0	0	0	0	0	0	0	0	0	0	0	0	0	0	0	43	0	0	0	0	0	0	0	0	0	0	0	0	0
554406	Leptotrichia hongkongensis	0	359	349	121	25	1386	0	1530	135	2244	65	22	235	0	110	39	837	0	0	0	723	0	0	0	0	1337	0	746	40	0	213	94	315	0	395	19	5032	0	79	13	0	369	0	0	107	198	0	75	0	422	0	388	102	844	335	0	1728	0	1389	0	68	0	300	0
556259	Bacteroides sp. D2	0	0	0	0	0	0	0	23	0	0	0	0	0	0	0	0	25	0	0	0	0	0	0	0	0	0	0	0	0	0	0	0	0	0	0	0	0	0	250	0	0	0	0	0	0	0	0	0	0	0	0	0	0	0	0	0	0	0	0	0	0	0	0	0
556288	Brachybacterium saurashtrense	0	32	0	0	0	0	0	0	0	0	0	0	0	0	0	0	0	0	0	0	0	0	0	0	0	0	0	0	0	0	0	0	0	0	0	0	38	0	0	0	0	0	0	0	0	0	808	19	0	0	0	0	0	0	0	0	0	0	0	0	0	0	0	0
556325	Neomicrococcus aestuarii	0	0	0	0	0	0	0	0	0	0	0	0	0	0	0	0	18	0	0	0	0	0	0	0	0	0	0	0	0	0	0	0	0	0	0	0	0	0	0	0	0	0	0	0	0	0	0	0	0	0	0	0	0	0	0	0	0	0	0	0	0	0	0	0
556499	Propionibacterium acidifaciens	0	0	374	27	0	207	0	36	0	32	22	0	23	0	11	0	68	0	0	47	13	0	0	0	0	23	0	414	0	0	28	0	55	0	121	0	60	0	0	0	0	82	0	0	0	141	0	0	0	55	0	75	85	223	0	38	62	0	43	0	0	0	503	0
558537	Delftia lacustris	0	0	0	0	1409	0	415	446	207	63	0	0	0	0	0	311	0	0	0	0	0	0	341	0	0	335	249	284	502	0	183	0	426	822	244	217	157	235	314	0	0	187	0	0	0	0	0	0	0	0	279	215	191	0	0	114	0	0	179	0	0	0	0	0
561879	Bacillus safensis	0	0	0	0	0	0	0	0	0	0	0	0	0	0	0	0	0	0	0	0	0	0	0	0	0	0	0	0	53	0	0	0	0	0	0	0	0	0	0	0	0	0	0	0	0	0	0	0	0	0	0	0	0	0	0	0	0	0	0	0	0	0	0	0
563996	Sphingomonas hankookensis	0	162	256	194	0	0	0	259	34	179	0	0	24	0	51	553	0	0	0	0	0	0	0	0	0	216	0	19	33	0	0	0	32	0	35	0	601	0	27	0	0	41	132	0	24	18	346	442	0	196	0	268	91	50	0	0	54	0	67	0	0	0	35	0
564137	Roseicitreum antarcticum	0	0	0	0	0	0	0	0	0	0	0	0	0	31	14	0	0	0	0	0	0	0	0	0	0	0	0	0	0	0	0	0	0	0	0	0	0	0	0	0	0	0	0	0	0	0	0	0	0	0	0	0	0	0	0	0	0	0	0	0	0	0	0	0
564305	Kwoniella shivajii	0	0	0	0	4752	4041	0	61	0	0	0	32	0	0	0	0	0	80	88	0	0	0	0	0	0	0	0	120	0	0	0	0	125	0	64	0	0	0	0	0	0	0	0	0	0	0	0	0	0	0	0	0	0	0	0	0	0	0	0	0	0	0	0	0
566027	Micrococcus yunnanensis	0	606	360	0	0	499	0	344	0	0	0	0	0	0	214	121	248	0	0	0	0	0	181	0	0	0	0	585	0	0	114	0	0	0	325	0	0	0	0	0	0	0	0	0	140	360	0	239	0	0	0	79	218	578	0	0	0	0	478	0	0	0	237	0
568844	Microbispora hainanensis	0	0	0	0	0	0	0	0	0	0	0	0	0	0	0	0	0	0	0	0	0	0	0	0	0	0	0	0	0	0	0	0	0	0	0	0	22	0	0	0	0	0	0	0	0	0	0	0	0	0	0	0	0	0	0	0	0	0	0	0	0	0	0	0
569860	Methylovirgula ligni	0	0	0	0	0	0	0	0	0	0	0	0	0	0	12	0	0	0	0	0	0	0	0	0	0	0	0	0	0	0	0	0	0	0	0	0	0	0	0	0	0	0	0	0	0	0	0	0	0	0	0	0	0	0	0	0	0	0	0	0	0	0	0	0
570278	Allobacillus halotolerans	0	0	0	0	0	0	0	0	0	0	0	0	0	0	0	0	0	0	0	0	0	0	0	0	0	0	0	0	0	0	0	0	0	0	0	0	24	0	0	0	0	0	0	0	0	0	0	0	0	0	0	0	0	0	0	0	0	0	0	0	0	0	0	0
570505	Methylobacterium bullatum	0	0	12	0	0	0	0	98	0	0	0	0	0	43292	27352	25	0	0	0	0	0	0	0	0	0	0	0	0	0	0	0	0	0	0	0	11	16	0	196	0	0	0	0	0	0	0	0	14	0	0	0	0	13	0	0	0	0	0	19	0	0	0	0	0
571913	Luteipulveratus mongoliensis	0	0	0	0	0	0	0	0	0	0	0	0	0	0	0	0	0	0	0	0	0	0	0	0	0	0	0	0	0	0	0	0	0	0	0	0	14	0	0	0	0	0	0	0	0	0	0	0	0	0	0	0	0	0	0	0	0	0	0	0	0	0	0	0
574650	Micrococcus terreus	15	149	35	0	0	42	0	24	0	10	26	19	0	0	15	0	27	0	0	0	0	162	0	0	0	59	0	14	0	0	13	0	0	0	0	0	38	0	0	834	0	29	0	0	0	17	0	26	0	21	0	0	14	58	10	0	0	0	11	0	0	17	27	0
574987	Gluconobacter sphaericus	0	0	0	0	0	0	0	0	0	0	0	0	0	0	0	0	0	0	0	0	0	0	0	0	0	0	0	0	0	0	0	0	95	0	0	0	0	0	0	0	0	0	0	0	0	0	0	0	0	0	0	0	0	0	0	0	0	0	0	0	0	0	0	0
575200	Corynebacterium maris	0	27	0	0	0	0	0	17	0	0	0	0	0	0	0	0	0	0	0	0	0	0	0	0	0	0	0	0	0	0	0	0	0	0	0	0	24	0	18	0	0	20	0	0	17	0	0	0	0	0	0	0	0	16	0	0	14	0	0	0	0	0	0	0
580165	Bacillus cytotoxicus	0	0	10	0	0	0	0	0	0	0	0	0	0	0	0	0	0	0	0	0	0	0	0	0	0	0	0	0	0	0	0	0	0	0	0	0	0	0	0	0	0	0	0	0	0	0	0	0	0	0	0	0	0	0	0	0	0	0	0	0	0	0	0	0
582680	Microbacterium azadirachtae	0	0	0	0	0	0	0	0	0	0	0	0	0	0	0	0	0	0	0	0	0	0	0	0	0	64	0	0	0	0	0	0	0	0	0	0	154	0	0	0	0	0	12	0	0	0	0	0	0	0	0	0	0	0	0	0	0	0	0	0	0	0	0	0
586733	Staphylococcus devriesei	236	96335	21296	55	67	1119	76	4916	0	133	7068	0	14	0	251	18	260	0	25	0	40	53	14	0	0	228	0	1674	332	647	183822	0	2164	20	1263	18872	1748743	0	1329	948	247	156519	0	587	48079	57	60	1748	10	137	0	48	245	2332	546	14	163	12	588	14	547	133	16949	1499
587753	Pseudomonas chlororaphis	0	0	0	0	0	0	0	0	0	32	0	1528	4006	0	0	0	0	0	0	0	0	0	0	0	0	0	0	0	0	0	0	0	0	0	1184	0	0	0	0	0	0	0	0	0	0	0	0	0	0	98	0	0	0	0	0	0	0	0	0	0	0	0	0	0
588726	Kazachstania naganishii	0	0	0	0	0	0	0	0	0	0	0	0	0	0	0	0	0	60	104	0	0	0	0	0	0	0	0	0	0	0	0	0	0	0	0	0	0	0	0	0	0	0	0	0	0	0	0	0	0	0	0	0	0	0	0	0	0	0	0	0	0	0	0	0
588932	Brevundimonas naejangsanensis	0	0	36	0	0	0	0	0	0	0	0	0	0	0	0	0	0	0	0	0	0	0	0	0	0	0	0	0	0	0	0	0	0	0	0	0	0	0	0	0	0	0	0	0	0	0	0	0	0	0	51	171	19	0	0	0	0	0	0	0	0	0	0	0
589382	Agromyces flavus	0	0	0	0	0	0	0	0	0	0	0	0	0	0	0	0	0	0	0	0	0	0	0	0	0	18	0	0	0	0	0	0	0	0	0	0	539	0	0	0	0	0	0	0	0	0	0	0	0	0	0	0	0	0	0	0	0	0	0	0	0	0	0	0
589436	Prevotella fusca	25	11	50	0	0	15	0	16	0	0	0	0	27	0	0	0	20	0	0	0	18	0	0	0	0	0	0	36	11	0	17	0	14	0	25	0	79	0	21	0	0	32	0	0	0	25	0	0	0	18	0	11	0	0	17	0	0	0	33	0	0	0	0	0
589437	Prevotella scopos	0	27	268	0	0	49	0	55	12	431	170	0	112	0	0	0	35	0	0	0	21	0	12	0	0	18	0	91	228	0	23	0	62	0	82	0	371	0	40	0	0	47	0	0	28	233	0	0	0	96	0	33	0	27	32	0	35	0	26	0	0	0	156	0
592316	Pantoea sp. At-9b	0	0	0	0	0	0	0	0	0	0	0	0	0	0	0	0	0	53	31	0	0	0	0	0	0	0	0	0	0	0	0	0	0	0	0	0	0	0	0	0	0	0	0	0	0	0	0	0	0	0	0	0	0	0	0	0	0	0	0	0	0	0	0	0
595468	Gleimia hominis	0	54	0	0	0	0	0	0	0	0	0	0	0	0	0	0	0	0	0	0	0	0	0	0	0	0	0	24	0	0	0	0	0	0	0	0	0	0	13	0	0	0	0	0	0	0	0	0	0	0	0	0	0	0	0	0	31	0	0	0	0	0	0	0
598660	Corynebacterium pyruviciproducens	0	471	609	62	0	127	0	472	0	195	81	0	175	0	270	22	497	0	16	0	187	0	0	0	0	48	0	416	18	0	172	0	186	0	195	12	477	0	122	22	0	303	0	43	141	140	0	556	0	173	59	251	576	2174	162	31	995	26	2363	0	47	0	34	0
604330	Parafannyhessea umbonata	0	10	0	0	0	0	0	0	0	0	0	0	0	0	0	0	0	0	0	0	0	0	0	0	0	0	0	0	0	0	0	0	0	0	0	0	0	0	13	0	0	0	0	0	0	0	0	0	0	0	0	0	0	0	0	0	0	0	0	0	0	0	0	0
607711	Neisseria wadsworthii	0	0	0	0	0	0	0	0	0	180	0	0	0	0	0	0	0	0	0	0	23	0	0	0	0	0	0	0	0	0	0	0	0	0	0	0	0	0	0	0	0	0	0	0	0	0	0	0	0	0	0	0	0	16	11	0	0	0	0	0	0	0	0	0
607712	Neisseria shayeganii	0	0	0	0	0	0	0	0	0	0	0	0	0	0	0	0	0	0	0	0	17	0	0	0	0	0	0	0	0	0	0	0	0	0	0	0	0	0	0	0	0	0	0	0	0	0	0	0	0	0	0	0	0	0	20	0	0	0	0	0	0	0	0	0
617123	Lachnoanaerobaculum umeaense	0	54	228	17	0	249	0	146	27	1185	169	0	380	0	26	0	274	0	0	0	887	0	0	20	0	180	0	201	126	0	38	0	99	0	160	0	510	0	83	0	0	76	0	0	21	100	0	31	0	301	0	102	30	107	1641	0	81	0	264	0	51	0	126	0
624315	Phytohabitans suffuscus	0	0	0	0	0	0	0	0	0	0	0	0	0	0	0	0	0	0	0	0	0	0	0	0	0	0	0	0	0	0	0	0	0	0	0	0	34	0	0	0	0	0	0	0	0	0	340	0	0	0	0	0	0	0	0	0	0	0	0	0	0	0	0	0
626932	Alistipes indistinctus	0	13	0	0	0	0	0	0	0	0	0	0	0	0	0	0	43	0	0	0	0	0	0	0	0	0	0	0	0	0	0	0	0	0	0	0	0	0	427	0	0	0	0	0	0	0	0	0	0	0	0	0	0	0	23	0	28	0	0	0	0	0	0	0
626937	Christensenella minuta	0	246	0	0	0	62	0	47	0	348	0	0	0	0	0	0	363	0	0	0	0	0	0	0	0	0	0	0	0	0	0	0	0	0	12	0	18	0	1620	0	0	0	0	0	0	0	0	85	0	0	0	0	0	0	73	0	107	0	0	0	0	0	0	0
626940	Phascolarctobacterium succinatutens	0	50	0	0	26	774	0	68	0	54	0	0	0	0	0	0	97	0	0	0	0	0	0	0	0	0	0	0	0	0	50	0	0	0	0	0	0	0	129	0	0	0	0	0	0	49	0	21	0	0	0	0	13	32	130	0	104	0	0	0	47	0	0	0
627192	Sphingobium sp. SYK-6	0	0	0	0	0	0	0	0	0	0	0	0	0	0	0	0	0	0	0	0	0	0	0	0	0	0	0	0	0	0	0	0	0	0	0	0	0	0	0	0	0	0	0	0	0	0	197	0	0	0	0	0	0	0	0	0	0	0	0	0	0	0	0	0
627624	Nocardioides panacisoli	0	0	0	0	0	0	0	0	0	0	0	0	0	0	0	0	0	0	0	0	0	0	0	0	0	0	0	0	0	0	0	0	0	0	0	0	104	0	0	0	0	0	0	0	0	0	82	0	0	0	0	0	0	0	0	0	0	0	0	0	0	0	0	0
629680	Brevibacterium sandarakinum	0	13	25	0	0	0	0	0	0	0	0	0	0	0	0	0	0	0	0	0	0	0	0	0	0	0	0	0	31	0	0	0	0	0	0	0	0	0	0	0	0	0	0	0	0	0	0	0	0	0	0	0	0	0	0	0	0	0	0	0	0	0	0	0
630515	Microlunatus soli	0	0	0	0	0	0	0	0	0	0	0	0	0	0	0	0	0	0	0	0	0	0	0	0	0	0	0	0	0	0	0	0	0	0	0	0	26	0	0	0	0	0	0	0	0	0	0	0	0	0	0	0	0	0	0	0	0	0	0	0	0	0	0	0
632773	Salisediminibacterium beveridgei	0	0	0	0	0	0	0	0	0	0	0	0	0	0	0	0	0	0	10	0	0	0	0	0	0	0	0	0	0	0	0	0	0	0	0	0	0	0	0	0	0	0	0	0	0	0	0	0	0	0	0	0	0	0	0	0	0	0	0	0	0	0	0	0
638849	Pyramidobacter piscolens	0	0	0	0	0	0	14	0	0	0	0	0	0	0	0	0	0	0	0	0	0	0	0	0	0	0	0	0	0	0	0	0	0	0	0	0	0	0	0	0	0	0	0	0	0	0	0	0	0	0	0	0	0	0	0	0	0	0	0	0	0	0	0	0
639200	Sphaerotilus sulfidivorans	0	0	39	0	0	122	0	0	0	15	0	0	0	0	70	0	29	0	0	0	0	0	0	0	0	0	0	0	0	0	0	0	0	0	12	0	50	0	0	0	0	0	0	0	0	0	0	0	0	0	0	0	0	13	89	0	0	0	0	0	0	0	17	0
640030	Neisseria zalophi	0	0	0	0	0	0	0	0	0	0	0	0	0	0	0	0	0	0	0	0	26	0	0	0	0	0	0	0	0	0	0	0	0	0	0	0	0	0	0	0	0	0	0	0	0	0	0	0	0	0	0	0	0	0	19	0	0	0	0	0	0	0	0	0
640205	Pseudomonas seleniipraecipitans	0	0	0	0	0	0	0	0	0	0	0	0	0	0	0	0	0	0	0	0	0	0	0	0	0	0	0	0	0	0	0	0	0	0	0	0	0	0	0	0	0	0	0	0	0	0	0	0	0	0	0	0	0	0	0	0	0	0	0	0	0	24	0	0
641107	Clostridium sp. DL-VIII	0	0	0	0	0	0	0	0	0	0	0	0	0	0	0	0	0	0	0	0	0	0	0	0	0	0	0	0	0	0	0	0	0	0	0	0	0	0	36	0	0	0	0	0	0	0	0	0	0	0	0	0	0	0	0	0	0	0	0	0	0	0	0	0
641148	Neisseria sp. oral taxon 014	17	429	394	40	16	222	0	306	23	2742	554	0	441	0	42	20	324	0	0	20	6266	0	0	0	0	7676	0	824	67	0	383	0	235	0	989	0	446	0	45	59	0	578	0	0	213	30	0	73	0	609	0	411	116	576	513	0	130	2238	35937	0	31	20	74	130
642780	Nocardioides scoriae	0	0	0	0	0	0	0	0	51	0	0	0	0	0	0	0	0	0	0	0	0	0	0	0	0	0	0	0	0	0	0	0	0	0	0	0	386	0	0	0	0	0	0	0	0	0	5885	0	0	0	0	0	0	0	0	0	0	0	0	0	0	0	0	0
643214	Mammaliicoccus stepanovicii	0	11	0	0	0	0	0	0	0	0	0	0	0	0	0	0	0	0	0	0	0	0	0	0	0	0	0	0	0	0	0	0	0	0	0	0	18	0	0	0	0	0	0	0	0	0	0	0	0	0	0	0	0	0	0	0	0	0	0	0	0	0	0	0
648995	Agrobacterium pusense	0	559	271	836	284	646	86	1080	173	138	110	91	82	0	275	256	261	0	0	56	58	0	267	0	227	615	86	2106	0	154	547	157	1913	325	1259	131	1324	204	1827	45	104	2214	0	121	0	238	1785	319	0	185	96	745	480	271	0	92	131	0	392	0	0	365	55	59
649756	Anaerostipes hadrus	0	7135	524	29	315	13058	29	8386	461	21938	133	21	191	0	327	1193	31279	0	0	138	276	525	18	0	0	132	0	164	30	0	188	0	183	50	4702	0	150	1194	713431	26	0	143	0	0	48	144	809	6065	0	93	27	256	259	816	7323	1792	19837	0	470	45	923	0	54	94
649831	Actinoplanes sp. N902-109	0	162	0	0	0	0	0	0	0	0	0	0	0	0	0	0	0	0	0	0	0	0	0	0	0	89	0	0	0	0	0	0	0	0	0	0	44	0	0	0	0	0	0	0	0	0	1149	0	0	0	0	0	0	0	0	0	0	0	0	0	0	0	0	0
651740	Pseudomonas cedrina	0	0	0	0	0	0	0	0	0	15	0	0	17	0	0	0	0	0	0	0	0	0	0	0	0	0	0	0	0	0	0	0	0	0	0	0	0	0	0	0	0	0	0	0	0	0	0	0	0	0	0	0	0	0	0	0	0	0	0	0	0	0	0	0
651822	Fretibacterium fastidiosum	0	0	11	0	0	46	0	0	0	15	0	0	18	0	0	0	0	0	0	0	10	0	0	0	0	0	0	12	0	0	11	0	0	0	0	0	53	0	0	0	0	0	0	0	0	0	0	0	0	0	0	0	0	10	0	0	0	0	36	0	0	0	0	0
652716	Prevotella sp. oral taxon 299	82	165	2583	41	0	112	0	184	18	451	669	17	1050	0	24	17	506	0	0	107	624	26	148	19	0	897	0	677	206	0	108	0	429	0	600	0	203	0	70	72	0	233	0	0	69	696	11	41	56	651	359	175	44	143	7661	12	205	0	816	0	43	0	468	0
653931	Sphingomonas alpina	0	0	12	0	0	0	0	0	0	0	0	0	0	0	0	0	0	0	0	0	0	0	0	0	0	0	0	0	0	0	0	0	0	0	0	0	18	0	0	0	0	0	0	0	0	0	0	0	0	0	0	0	0	0	0	0	0	0	0	0	0	0	0	0
655015	Methylocystis bryophila	0	0	0	0	0	0	0	0	0	0	0	0	0	13	18	0	0	0	0	0	0	0	0	0	0	0	0	0	0	0	0	0	0	0	0	0	0	0	0	0	0	0	0	0	0	0	0	0	0	0	0	0	0	0	0	0	0	0	0	0	0	0	0	0
655307	Neisseria sp. KEM232	0	10	11	0	0	37	0	67	0	202	0	0	40	0	0	0	16	0	0	0	212	0	0	0	0	129	0	54	0	0	0	0	42	0	33	0	48	0	0	0	0	54	0	0	11	0	0	0	0	87	0	18	19	98	97	0	27	18	57	0	0	0	0	0
656366	Arthrobacter alpinus	0	0	0	0	0	0	0	0	0	0	0	0	0	0	0	0	0	0	0	0	0	0	0	0	0	50	0	0	0	0	0	0	0	0	0	0	132	0	0	0	0	0	0	0	0	0	0	0	0	0	0	0	0	0	0	0	0	0	0	0	0	0	0	0
657323	Ruminococcus sp. SR1/5	0	20253	528	0	138	2842	0	10559	271	22992	0	0	291	0	465	1001	21931	0	0	0	178	534	0	0	0	84	0	385	0	0	250	0	50	0	500	0	194	64	32427	0	0	167	0	0	0	120	774	5835	0	134	0	466	261	720	5198	2182	13915	0	427	0	165	0	0	0
657642	Brevundimonas olei	0	0	21	0	0	0	0	0	0	0	0	0	0	0	0	0	0	0	0	0	0	0	0	0	0	0	0	0	0	0	0	0	15	0	0	0	0	0	0	0	0	0	0	0	0	0	0	0	0	0	0	48	0	0	0	0	0	0	0	0	0	0	0	0
658446	Paracoccus fistulariae	0	37	0	0	0	0	0	0	0	0	0	0	0	0	0	0	0	0	0	0	0	0	0	0	0	0	0	0	0	0	0	0	0	0	0	0	0	0	0	0	0	0	0	0	0	0	0	111	0	0	0	0	83	0	0	0	0	0	0	0	0	0	0	0
658632	Pseudomonas sp. R11-23-07	0	0	0	0	0	0	0	0	0	0	0	125	127	0	0	0	0	0	0	0	0	0	0	0	0	0	0	0	0	0	0	0	0	0	152	0	0	0	0	0	0	0	0	0	0	0	0	0	0	0	0	0	0	0	0	0	0	0	0	0	0	0	0	0
659012	Agromyces soli	0	0	0	0	0	0	0	0	0	0	0	0	0	0	0	0	0	0	0	0	0	0	0	0	0	55	0	0	0	0	0	0	0	0	0	0	756	0	0	0	0	0	76	0	0	0	0	0	0	0	0	0	0	0	0	0	0	0	0	0	0	0	0	0
659350	Paracoccus stylophorae	0	55	0	0	0	0	0	202	0	0	0	0	0	0	0	0	0	0	0	0	0	0	0	0	0	0	0	98	0	0	0	0	0	0	0	0	0	0	0	0	0	0	0	0	0	0	0	289	0	0	0	0	97	0	0	0	0	0	0	0	0	0	0	0
659352	Streptomyces sp. SN-593	0	0	25	0	0	0	0	0	45	0	0	0	0	0	0	0	0	0	0	0	0	0	0	0	0	0	0	0	0	0	0	0	0	0	0	0	0	0	0	0	0	0	0	0	0	0	0	0	0	0	0	0	0	0	0	0	0	0	0	0	0	0	0	0
664643	Vibrio plantisponsor	0	0	0	0	0	0	0	0	0	0	0	0	0	0	0	0	0	0	0	0	0	0	0	0	0	0	0	0	0	0	0	0	0	0	0	0	0	0	0	0	24	0	0	27	0	0	0	0	0	0	0	0	0	0	0	0	0	0	0	0	0	0	0	0
665913	Mixta calida	0	0	0	0	0	0	0	0	17	0	0	0	0	0	0	0	0	0	0	0	0	0	0	0	0	0	0	0	0	168	0	0	0	0	0	0	0	12	0	0	0	0	0	0	0	0	0	0	0	0	0	0	0	0	0	0	0	0	0	0	0	0	0	0
671211	Fusobacterium sp. oral taxon 203	0	0	0	0	0	155	0	0	0	207	0	0	148	0	0	0	0	0	0	0	156	0	0	0	0	120	0	135	0	0	0	0	0	0	0	0	196	0	0	0	0	0	0	0	0	0	0	0	0	0	0	0	0	0	0	0	123	0	506	0	0	0	0	0
673862	Candidatus Babela massiliensis	0	0	21	0	0	0	0	27	0	0	0	0	0	0	0	0	0	0	0	0	0	0	0	0	0	0	0	0	0	0	0	0	0	0	0	0	0	0	0	0	0	0	0	0	0	0	0	0	0	0	0	0	0	16	0	0	0	0	0	0	0	0	0	0
674079	Marisediminicola antarctica	0	0	0	0	0	0	0	0	0	0	0	0	0	0	0	0	0	0	0	0	0	0	0	0	0	0	0	0	0	0	0	0	0	0	0	0	187	0	0	0	0	0	0	0	0	0	0	0	0	0	0	0	0	0	0	0	0	0	0	0	0	0	0	0
674529	Bacteroides faecis	0	110	15	0	0	46	20	3615	690	33600	0	0	38	0	42	91	2267	0	0	0	0	42	0	0	0	0	0	76	0	0	77	0	17	0	27	0	17	0	724	0	0	23	0	0	0	0	46	2393	0	0	0	70	32	179	244	18	226	0	32	0	0	0	0	0
674703	Rhodoplanes sp. Z2-YC6860	0	0	121	10	0	0	0	0	0	0	0	0	0	20	15	0	0	0	0	0	0	0	0	0	0	17	0	0	0	0	0	0	0	0	0	0	0	0	0	0	0	0	0	0	0	0	0	0	0	0	0	0	0	0	0	0	0	0	0	0	0	0	0	0
675090	Actinomyces weissii	0	0	0	0	0	0	0	0	0	0	0	0	0	0	0	0	0	0	0	0	0	0	0	0	0	0	0	0	0	0	0	0	0	0	0	0	44	0	0	0	0	0	0	0	0	0	0	0	0	0	0	11	0	18	0	0	14	0	13	0	0	0	0	0
675281	Aquibium microcysteis	0	0	0	0	0	0	0	0	0	0	0	0	0	59	26	0	0	0	0	0	0	0	0	0	0	0	0	0	0	0	0	0	0	0	0	0	0	0	0	0	0	0	0	0	0	0	0	0	0	0	0	0	0	0	0	0	0	0	0	0	0	0	0	0
675864	Auraticoccus monumenti	0	0	0	0	0	0	0	0	0	0	0	0	0	0	0	0	0	0	0	0	0	0	0	0	0	0	0	0	0	0	0	0	0	0	0	0	39	0	0	0	0	0	0	0	0	0	0	0	0	0	0	0	0	0	0	0	0	0	0	0	0	0	0	0
678932	Auritidibacter ignavus	0	396	13	0	0	0	0	0	0	0	0	0	0	0	19	0	43	0	0	0	0	115	0	0	0	0	0	0	0	0	0	0	0	0	91	0	0	0	51	0	0	0	0	0	0	0	0	0	0	0	0	0	23	0	42	0	0	0	0	0	0	0	0	0
679663	Corynebacterium canis	0	16	0	0	0	0	0	0	0	0	0	0	0	0	0	0	0	0	0	0	0	0	0	0	0	0	0	13	0	0	0	0	0	0	0	0	11	0	0	0	0	0	0	0	0	0	0	0	0	0	0	0	0	0	0	0	0	0	0	0	0	0	0	0
683047	Microbacterium suwonense	0	0	0	0	0	0	0	0	0	0	0	0	0	0	0	0	0	0	0	0	0	0	0	0	0	47	0	0	0	0	0	0	0	0	0	0	0	0	0	0	0	0	0	0	0	0	0	0	0	0	0	0	0	0	0	0	0	0	0	0	0	0	0	0
684066	Streptococcus lactarius	12	96	277	18	15	101	0	61	44	554	580	0	834	0	39	0	135	0	0	0	102	0	11	0	0	214	0	635	129	0	47	0	82	0	192	0	209	0	32	20	0	81	0	0	46	89	0	20	0	853	28	88	19	72	3109	0	43	18	1137	0	22	0	156	0
684552	Agrococcus carbonis	0	0	0	0	0	0	0	0	76	0	0	0	0	0	0	0	0	0	0	0	0	0	0	0	0	0	0	0	0	0	0	0	0	0	0	0	607	0	0	0	0	0	0	0	0	0	0	0	0	0	0	0	0	0	0	0	0	0	0	0	0	0	0	0
699041	Corynebacterium hindlerae	0	24	0	0	0	0	0	0	0	0	0	0	0	0	0	0	0	0	0	0	0	0	0	0	0	0	0	0	0	0	0	0	0	0	0	0	19	0	10	0	0	0	0	0	0	0	0	0	0	0	0	0	0	0	0	0	0	0	0	0	0	0	0	0
702115	Pseudomonas arsenicoxydans	0	0	0	0	0	0	0	0	0	0	0	0	35	0	0	0	0	18	38	0	0	0	0	0	0	0	0	0	0	0	0	0	0	0	33	0	0	0	0	0	0	0	0	0	0	0	0	0	0	0	0	0	0	0	0	0	0	0	0	0	0	0	0	0
702967	Corynebacterium sp. NML98-0116	0	222	89	0	0	52	0	41	127	0	0	0	0	0	0	0	60	0	0	0	313	57	0	0	0	70	0	1830	0	0	331	0	1009	0	1147	0	420	0	2563	172	0	573	0	0	45	0	0	0	0	0	0	0	0	0	187	0	154	0	0	0	0	0	0	0
704125	Clostridium gelidum	0	0	0	0	0	0	0	0	0	0	0	0	0	0	0	15	0	0	0	0	0	0	0	0	0	0	0	0	0	0	0	0	0	0	0	0	0	0	0	0	0	0	0	0	0	0	0	0	0	0	0	0	0	0	0	20	0	0	0	0	0	0	0	0
706438	Actinomyces sp. oral taxon 171	81	704	1828	906	29	1195	18	1974	96	2013	280	39	15997	0	788	44	3011	0	58	42	7236	20	21	13	23	29971	0	5682	360	0	1116	0	2405	13	3100	81	8833	18	292	15	0	6891	39	30	522	331	0	1422	50	4035	42	3604	512	3482	141	19	767	77	2643	21	205	147	532	173
708126	Jeotgalibaca dankookensis	0	0	0	0	0	0	0	0	0	0	0	0	0	0	0	0	0	0	0	0	0	0	0	0	0	0	0	0	0	0	0	0	0	0	0	0	26	0	0	0	0	0	0	0	0	0	0	0	0	0	0	0	0	0	0	0	0	0	0	0	0	0	0	0
709879	Micromonospora halotolerans	0	0	0	0	0	0	0	0	0	0	0	0	0	0	0	0	0	0	0	0	0	0	0	0	0	0	0	0	0	0	0	0	0	0	0	0	0	0	0	0	0	0	0	0	0	0	282	0	0	0	0	0	0	0	0	0	0	0	0	0	0	0	0	0
709883	Micromonospora zamorensis	0	0	0	0	0	0	0	0	0	0	0	0	0	0	0	0	0	0	0	0	0	0	0	0	0	0	0	0	0	0	0	0	0	0	0	0	143	0	0	0	0	0	0	0	0	0	203	0	0	0	0	0	0	0	0	0	0	0	0	0	0	0	0	0
710648	Acinetobacter sp. Tol 5	0	0	0	0	0	0	0	0	0	0	0	70	0	0	0	0	0	0	0	0	0	0	0	0	0	0	0	0	0	0	0	0	0	0	0	0	0	0	0	0	0	0	0	0	0	0	0	0	0	0	0	0	0	0	0	0	0	0	0	0	0	0	0	0
712116	Actinomyces sp. oral taxon 169	143	1252	3544	1099	153	1599	19	2118	570	3283	757	59	3114	0	577	64	6073	0	55	69	1531	59	0	0	0	5810	0	8126	320	0	1076	0	2706	85	3573	145	14913	41	494	97	0	6592	0	0	529	277	0	347	68	2455	0	815	305	3306	755	0	483	102	2138	376	270	597	537	258
712122	Actinomyces sp. oral taxon 414	17	1898	1153	320	93	3409	83	1834	118	5657	451	22	2807	0	424	67	5259	0	49	379	4131	21	0	0	0	1116	0	9935	145	0	883	0	2908	16	2561	122	20264	0	144	33	0	1605	0	34	427	305	0	817	15	3695	19	1574	374	3549	44	0	3222	172	17443	10	354	92	206	33
712150	Aggregatibacter sp. oral taxon 513	0	613	133	0	38	574	0	1056	61	4884	29	0	543	0	31	0	408	0	0	0	754	0	0	0	0	1347	0	566	0	33	188	0	306	0	333	0	237	0	35	0	0	311	0	0	63	0	0	53	0	132	0	141	52	465	495	0	90	0	1278	0	44	0	0	0
712270	Dietzia sp. oral taxon 368	0	0	42	0	0	0	0	28	22	0	0	0	0	0	0	23	0	0	0	0	0	124	0	0	0	182	0	0	0	0	0	0	19	0	0	0	0	0	0	0	0	0	0	0	0	0	0	0	0	0	0	0	0	0	0	0	0	0	0	0	0	0	0	0
712310	Haemophilus sp. oral taxon 036	54	545	2084	49	38	661	0	282	61	914	2221	26	1121	0	84	49	858	0	0	0	147	0	14	0	0	246	0	868	2281	19	406	0	816	20	1045	0	404	0	67	73	0	677	0	0	148	18	0	32	27	189	28	235	82	188	846	0	92	0	117	0	127	0	334	0
712357	Leptotrichia sp. oral taxon 212	17	1086	715	379	103	5675	0	1137	221	22790	969	49	1795	0	423	81	1751	0	21	48	25456	16	16	0	16	5809	0	1391	446	18	451	0	1109	15	986	19	7812	0	92	34	21	920	0	0	275	119	0	206	27	1176	68	683	246	2687	4132	33	1802	0	1449	0	3389	19	257	13
712361	Leptotrichia sp. oral taxon 218	0	80	60	0	0	228	0	103	25	246	46	0	44	0	0	0	42	0	0	0	124	0	0	0	0	49	0	112	49	0	0	0	90	0	73	21	2106	0	0	0	0	95	0	0	0	0	0	0	0	86	0	54	20	73	391	0	39	0	124	0	0	0	46	0
712362	Leptotrichia sp. oral taxon 221	0	58	146	0	0	136	0	65	35	221	80	0	102	0	58	0	227	0	0	0	83	0	0	0	0	102	0	791	242	0	73	0	567	21	252	17	1037	0	15	22	0	318	0	0	57	22	0	0	0	207	103	279	31	115	119	0	60	0	59	0	0	0	87	0
712368	Leptotrichia sp. oral taxon 498	0	20	69	0	26	2132	0	40	0	219	17	0	29	0	0	0	105	0	0	0	146	0	0	0	0	35	0	468	15	0	46	0	187	0	213	86	24591	0	22	0	0	127	0	0	19	0	0	0	0	51	0	25	0	62	18	0	34	0	112	0	0	0	0	0
712411	Olsenella sp. oral taxon 807	0	1378	225	79	12	2496	0	463	14	425	18	0	501	0	74	0	113	0	0	30	36	0	0	0	0	20	0	278	11	0	182	0	356	0	168	0	169	0	17	15	0	305	0	0	51	35	0	18	0	173	0	317	42	235	0	0	1017	0	215	0	12	0	39	0
712435	Porphyromonas sp. oral taxon 275	0	1438	253	24	0	99	0	124	12	1699	247	0	447	0	23	0	168	0	0	12	3381	0	0	0	0	530	0	160	28	0	35	0	82	0	87	0	197	0	23	14	0	127	0	0	19	20	0	26	19	81	10	100	14	104	10361	0	31	28	635	0	111	0	86	0
712471	Prevotella sp. oral taxon 475	0	48	58	0	0	158	0	147	12	341	19	0	57	0	23	11	407	0	0	0	59	0	0	0	0	130	0	157	0	0	60	0	124	0	94	0	114	0	33	0	0	126	0	0	36	0	0	0	0	38	0	14	11	52	0	0	21	0	185	0	10	0	12	0
712528	Selenomonas sp. oral taxon 126	0	69	279	0	0	785	0	35	0	353	41	0	108	0	17	0	51	0	0	0	46	0	0	0	0	73	0	73	27	0	15	0	62	0	19	0	856	0	31	0	0	66	0	0	35	0	0	23	0	45	0	37	20	377	0	0	633	0	1167	0	29	0	41	0
712538	Selenomonas sp. oral taxon 478	0	33	212	34	0	441	0	39	0	161	70	0	260	0	38	0	23	0	0	0	46	0	0	0	0	0	0	144	33	0	0	0	135	0	68	0	456	0	0	0	0	136	0	0	30	40	0	0	0	190	13	49	42	380	0	0	205	0	196	0	0	0	54	0
712623	Streptococcus sp. oral taxon 061	100	1623	6553	115	43	303	0	824	247	5269	4060	78	6049	0	150	48	1079	0	0	65	606	19	392	31	0	567	0	5511	4585	24	274	0	802	16	2223	37	714	0	246	272	0	916	0	26	465	362	0	78	295	11134	576	638	99	308	19251	35	398	0	6942	23	249	55	1985	31
712624	Streptococcus sp. oral taxon 064	0	2233	1441	410	0	465	0	152348	0	1918	939	107	19029	0	324	0	908	0	0	114	4591	0	0	0	0	1924	0	1601	642	0	517	0	1691	0	1286	3021	15464	0	88	0	0	996	0	0	381	97	0	265	160	7664	102	1422	314	1180	1353	0	881	115	3793	0	402	0	986	0
712633	Streptococcus sp. oral taxon 431	373	1191	4111	158	103	326	0	1686	120	2061	9029	41	3495	0	98	55	1365	0	0	16	564	28	132	0	0	582	0	3056	1499	18	275	0	799	19	1655	98	1095	0	177	235	0	800	19	52	391	242	0	97	247	8842	226	409	109	377	7153	98	212	59	2437	22	185	18	1383	0
712710	Tannerella serpentiformis	10	853	1805	62	93	11821	0	463	123	3450	349	0	310	0	172	27	762	0	0	20	1022	13	0	0	0	157	0	567	273	0	196	0	428	0	315	0	3303	22	38	26	0	509	0	51	127	25	0	256	0	550	60	1370	150	910	1129	13	159	481	2281	0	198	16	89	0
713030	Selenomonas sp. oral taxon 136	0	34	197	57	0	564	0	42	0	158	68	0	227	0	32	0	48	0	0	0	48	0	0	0	0	64	0	205	0	0	38	0	107	0	115	0	439	0	0	0	0	108	0	0	0	0	0	0	0	179	0	27	42	384	0	0	303	0	188	0	0	0	52	0
714067	Kroppenstedtia eburnea	0	0	0	0	0	0	0	0	0	0	0	0	0	0	0	0	0	0	0	0	0	0	0	0	0	0	0	0	0	0	0	0	0	0	0	0	0	0	0	0	0	0	0	0	0	0	0	0	0	0	0	0	54	0	0	0	0	0	0	0	0	0	0	0
715471	Amycolatopsis sp. 2-15	0	0	0	0	0	0	0	0	0	0	0	0	0	0	0	0	0	0	0	0	0	0	0	0	0	0	0	0	0	0	0	0	0	0	0	0	66	0	0	0	0	0	0	0	0	0	0	0	0	0	0	0	0	0	0	0	0	0	0	0	0	0	0	0
715473	Amycolatopsis acidiphila	0	0	0	0	0	0	0	0	0	0	0	0	0	0	0	0	0	0	0	0	0	0	0	0	0	0	0	0	0	0	0	0	0	0	0	0	34	0	0	0	0	0	0	0	0	0	0	0	0	0	0	0	0	0	0	0	0	0	0	0	0	0	0	0
717785	Hyphomicrobium sp. MC1	0	0	0	0	0	0	0	0	0	0	0	0	0	0	22	0	0	0	0	0	0	0	0	0	0	0	0	0	0	0	0	0	0	0	0	0	0	0	0	0	0	0	0	0	0	0	0	0	0	0	0	0	0	0	0	0	0	0	0	18	0	0	0	0
721785	[Acidovorax] ebreus	100	0	0	0	0	0	0	61	0	0	70	0	0	0	0	111	0	0	0	0	0	0	0	73	0	93	0	0	0	0	0	0	0	0	86	0	0	0	112	0	0	0	0	0	0	0	0	0	0	0	0	0	0	0	0	0	0	0	0	0	0	756	0	0
728066	Pseudarthrobacter equi	0	0	0	0	0	0	0	0	0	0	0	0	0	0	0	0	0	0	0	0	0	0	0	0	0	0	0	0	0	0	0	0	0	0	0	0	0	0	0	0	0	0	0	0	0	178	0	0	0	0	0	0	0	0	0	0	0	0	0	0	0	0	0	0
739141	Methylobacterium sp. XJLW	0	0	212	323	0	0	0	0	0	129	0	0	0	1094943	721656	0	0	0	0	0	0	0	0	0	0	1444	0	0	0	0	0	0	0	162	0	0	497	0	0	0	0	0	875	0	0	0	0	0	0	0	0	0	0	0	0	0	0	0	223	0	0	171	219	0
743009	Microbacterium oryzae	0	0	0	0	0	0	0	0	0	0	0	0	0	0	0	0	0	0	0	0	0	0	0	0	0	24	0	0	0	0	0	0	0	0	0	0	194	0	0	0	0	0	0	0	0	0	0	0	0	0	0	0	0	0	0	0	0	0	0	0	0	0	0	0
744515	Treponema ruminis	0	0	0	0	0	0	0	0	0	0	0	0	0	0	0	0	0	0	0	0	0	0	0	0	0	0	0	0	0	0	0	0	0	0	0	0	0	0	12	0	0	0	0	0	0	0	0	0	0	0	0	0	0	0	0	0	0	0	0	0	0	0	0	0
745310	Sphingomonas sp. MM-1	0	0	50	0	0	0	0	0	0	0	0	0	0	0	0	0	0	0	0	0	0	0	0	0	0	0	0	0	78	0	0	0	0	0	0	0	165	0	0	0	0	0	0	0	0	0	0	0	0	0	0	0	0	0	0	0	0	0	0	0	0	0	0	0
746128	Aspergillus fumigatus	0	62	12	8637	436	206	51	17	226	165	0	25	807	0	15	13	0	2828	3262	0	0	97	0	0	0	0	0	135	158	0	0	0	16	0	141	0	0	0	0	320	0	608	19435	0	30	0	0	0	0	0	0	0	0	0	0	0	0	0	0	0	0	27	0	0
748247	Azoarcus sp. KH32C	0	0	0	0	0	0	0	0	0	0	0	0	0	0	25	0	0	0	0	0	0	0	0	0	0	0	0	0	0	0	0	0	0	0	0	0	0	0	0	0	0	0	0	0	0	0	0	0	0	0	0	0	0	0	0	0	0	0	0	0	0	0	0	0
751585	Coprococcus sp. ART55/1	0	20115	516	0	214	3891	0	404	22	331	34	0	0	32	111	1020	19000	0	0	0	21	413	0	0	0	0	0	17	57	0	786	0	34	16	3325	0	145	664	505471	0	0	37	0	0	85	49	0	92	0	22	0	21	23	69	4061	95	785	0	67	0	0	0	13	253
756892	Acinetobacter indicus	0	0	26	0	0	0	0	23	0	12	0	22	0	0	0	12	0	0	0	19	0	0	0	0	0	20	0	0	0	0	24	0	13	14	12	0	83	0	42	0	0	58	0	17	0	0	0	36	0	0	14	14	0	32	0	0	0	0	0	0	0	117	0	0
758802	Mycolicibacterium litorale	0	0	0	129	0	0	0	0	0	0	0	0	0	0	0	0	0	0	0	0	0	0	0	0	0	18	0	0	0	0	0	0	0	0	0	0	29	0	0	0	0	0	102	0	0	0	0	0	0	0	0	0	0	0	0	0	0	0	0	0	0	0	0	0
766894	Shouchella hunanensis	0	0	0	0	0	0	0	0	0	0	0	0	0	0	0	0	0	0	0	0	0	0	0	0	0	0	0	0	0	0	0	0	0	0	0	0	0	0	0	0	0	0	0	0	0	0	0	0	0	0	0	0	0	0	57	0	0	0	0	0	0	0	0	0
796027	Sugiyamaella lignohabitans	0	0	0	135	0	68	0	0	0	0	0	0	0	0	0	0	0	2916	3251	0	0	0	0	0	0	0	0	0	0	0	0	0	0	0	0	0	0	0	0	0	0	453	403	0	0	0	0	0	0	0	0	0	0	0	0	0	0	0	0	0	0	0	0	0
797291	Sphingobacterium lactis	0	0	0	0	0	0	0	0	0	0	0	0	0	0	0	0	0	0	0	0	0	0	0	0	0	0	0	0	0	0	0	0	50	0	0	0	0	0	0	0	0	0	0	0	0	0	0	34	0	0	0	0	15	0	0	0	0	0	0	0	0	0	0	0
857417	Janibacter indicus	41	122	129	0	0	26	0	77	0	0	0	0	0	0	0	0	0	0	0	0	0	59	0	0	0	0	0	45	0	0	0	0	0	0	73	0	99	0	0	0	0	24	0	0	0	0	0	496	0	46	0	0	251	50	22	0	0	0	0	0	0	0	0	0
858423	Bradyrhizobium arachidis	0	0	0	0	0	0	0	0	0	246	0	0	0	903	487	0	0	0	0	0	0	0	0	0	0	0	0	0	0	0	0	0	0	0	0	0	0	0	0	0	0	0	0	0	0	0	0	0	0	0	0	0	0	0	0	0	0	0	0	0	0	0	0	0
859143	Cytobacillus kochii	0	0	0	0	0	0	0	0	0	0	352	0	0	0	0	0	0	0	0	0	0	0	0	0	0	0	0	0	0	0	0	0	0	0	0	0	0	0	0	76	0	0	0	0	0	0	0	0	0	0	0	0	0	0	0	0	0	0	0	0	0	0	0	0
859144	Cytobacillus gottheilii	0	0	0	0	0	0	0	19	0	0	0	0	0	0	0	0	0	0	0	0	0	0	0	0	0	0	0	0	0	0	0	0	0	0	0	0	0	0	0	0	0	0	0	0	0	0	0	0	0	0	0	0	0	0	0	0	0	0	0	0	0	0	0	0
860235	Kibdelosporangium phytohabitans	0	0	0	0	0	0	0	0	0	0	0	0	0	0	0	0	0	0	0	0	0	0	0	0	0	0	0	0	0	0	0	0	0	0	0	0	39	0	0	0	0	0	0	0	0	0	0	0	0	0	0	0	0	0	0	0	0	0	0	0	0	0	0	0
861299	Gemmatirosa kalamazoonensis	0	0	10	0	0	0	0	0	11	0	0	0	0	0	10	0	0	0	0	0	0	0	0	0	0	0	0	0	0	0	0	0	0	0	0	0	17	0	0	0	0	0	0	0	0	0	25	0	0	0	0	0	0	0	0	0	0	0	0	0	0	0	0	0
861445	Psychrobacter sanguinis	0	0	254	0	16	0	0	19	15	0	0	0	0	0	0	0	147	0	0	0	0	0	12	0	0	13	0	18	0	0	0	0	0	0	0	0	0	0	0	0	0	16	0	0	0	12	0	20	0	0	12	0	33	29	0	0	0	0	19	0	0	18	0	0
862751	Streptomyces sp. SirexAA-E	0	0	0	0	0	0	0	0	144	0	0	0	0	0	0	0	0	0	0	0	0	0	0	0	0	0	0	0	0	0	0	0	0	0	0	0	229	0	0	0	0	0	0	0	0	0	0	0	0	0	0	0	0	0	0	0	0	0	0	0	0	0	0	0
863372	Herbaspirillum huttiense	0	0	0	0	148	17	30	92	69	28	0	38	0	49	0	46	21	0	0	214	0	0	112	0	73	75	24	93	0	112	35	84	61	213	61	26	37	56	158	0	22	22	0	0	0	0	47	0	35	16	66	20	22	0	0	23	0	34	60	0	0	0	0	0
864069	Microvirga lotononidis	0	0	0	0	0	0	0	0	0	0	0	0	0	431	284	0	0	0	0	0	0	0	0	0	0	0	0	0	0	0	0	0	0	0	0	0	0	0	0	0	0	0	0	0	0	0	0	0	0	0	0	0	78	0	0	0	0	0	0	0	0	0	0	0
864828	Pseudoduganella umbonata	0	0	0	0	0	0	0	0	0	0	0	0	0	0	0	0	0	0	0	0	0	0	0	0	0	0	0	0	0	0	0	0	0	0	0	0	132	0	0	0	0	0	0	0	0	0	0	0	0	0	0	0	0	0	0	0	0	0	0	0	0	0	0	0
866786	Shouchella rhizosphaerae	0	0	0	0	0	0	0	0	0	0	0	0	0	0	0	0	0	0	0	0	0	0	0	0	0	0	0	0	0	0	0	0	0	0	0	0	0	0	0	151	0	0	0	0	0	0	0	0	0	0	0	0	0	0	0	0	0	0	0	0	0	0	0	0
867595	Porphyromonas pogonae	0	0	0	0	0	0	0	0	0	17	0	0	0	0	0	0	0	0	0	0	100	0	0	0	0	0	0	0	0	0	0	0	0	0	0	0	0	0	0	0	0	0	0	0	0	0	0	0	0	0	0	0	0	0	136	0	0	0	0	0	0	0	0	0
871742	Pseudoduganella flava	0	0	0	0	0	0	0	0	0	0	0	0	0	0	0	0	0	0	0	0	0	0	0	0	0	0	0	0	0	0	0	0	0	0	0	0	44	0	0	0	0	0	0	0	0	0	0	0	0	0	0	0	0	0	0	0	0	0	0	0	0	0	0	0
876364	Cupriavidus sp. USMAA2-4	0	0	0	0	0	0	0	0	0	0	0	0	0	0	0	0	0	0	0	0	0	0	0	0	0	0	0	0	0	0	0	0	0	0	0	0	0	0	0	0	0	146	0	0	0	0	0	0	0	0	0	0	0	0	0	0	0	0	0	0	0	0	0	0
879274	Shinella sp. HZN7	0	0	0	0	0	0	0	88	0	0	0	0	0	0	0	0	0	0	0	0	0	0	0	0	0	0	0	0	0	0	0	0	0	0	0	0	0	0	0	0	0	0	0	0	0	0	203	0	0	0	0	580	0	0	0	0	0	0	0	0	0	58	0	0
881260	Enterobacter bugandensis	0	0	0	0	0	0	0	0	0	0	0	0	45	0	0	0	0	0	0	0	0	0	0	0	0	0	0	0	0	0	0	0	0	0	0	0	0	0	0	0	0	0	0	0	0	0	0	0	0	0	0	0	0	0	0	0	0	0	0	0	0	0	0	0
884684	Mageeibacillus indolicus	0	46	13	0	0	20	0	115	0	31	0	0	0	0	0	26	23	0	0	0	0	21	0	0	0	0	0	28	0	0	14	0	12	0	0	0	23	0	133	0	0	14	0	0	0	0	0	14	0	0	0	0	0	0	0	0	54	0	0	0	0	0	0	0
885040	Enterobacter soli	0	0	0	0	0	0	0	0	0	0	0	0	0	0	0	0	0	0	0	0	0	0	0	0	0	0	0	0	0	0	0	0	0	0	0	0	0	0	0	0	0	61	0	0	0	0	0	0	0	0	0	0	0	0	0	0	0	0	0	0	0	0	0	0
904039	Arthrobacter sp. NEB 688	0	88	0	0	0	0	0	0	0	0	0	0	0	0	0	0	0	0	0	0	0	0	0	0	0	0	0	0	0	0	0	0	0	0	0	0	54	0	0	0	0	0	0	0	0	0	0	0	0	0	0	0	0	0	0	0	0	0	0	0	0	0	0	0
904291	Microbacterium sediminis	0	76	92	14	0	0	0	26	0	0	0	0	0	0	0	0	12	0	0	0	0	0	0	0	0	77	0	0	0	0	0	0	0	0	49	0	505	0	0	0	0	0	0	0	0	0	0	0	0	0	0	0	0	0	0	0	0	0	0	0	0	23	0	0
912630	Microbacterium sp. LKL04	95	111	0	0	0	0	0	0	0	0	0	0	0	0	0	0	94	0	0	0	0	0	0	0	0	50	0	0	0	0	0	0	0	0	0	0	91	0	0	0	0	0	0	104	39	0	55	27	0	0	0	0	0	0	0	0	0	0	0	0	0	0	0	0
915099	Pseudomonas canadensis	45	3337	740	0	0	0	0	198	0	455	221	24	413	0	21	0	170	0	0	0	0	18	0	0	0	161	0	628	18	20	1279	0	210	0	272	81	2324	0	66	28	0	1692	0	0	467	0	0	52	0	1138	31	534	43	117	22	0	0	0	121	0	156	0	37	27
925818	Methylobacterium sp. AMS5	0	0	14	0	0	0	0	31	0	0	0	0	0	7827	5206	0	0	0	0	0	0	32	30	277	0	22	0	0	0	0	27	0	0	47	32	0	37	0	41	0	0	0	0	0	0	0	0	0	0	0	0	0	0	0	0	0	0	0	0	0	0	0	0	0
927786	Brevibacillus aydinogluensis	0	0	0	0	0	0	0	330	0	0	0	0	0	0	0	0	0	0	0	0	0	0	0	0	0	0	0	0	0	0	0	0	0	0	0	0	0	0	0	0	0	0	0	0	0	0	0	0	0	0	0	0	0	0	0	0	0	0	0	0	0	0	0	0
929813	Gibbsiella quercinecans	0	0	0	0	0	0	0	0	0	0	0	0	0	0	0	0	0	24	11	0	0	0	0	0	0	0	0	0	0	0	0	0	0	0	0	0	0	0	0	0	0	0	0	0	0	0	0	0	0	0	0	0	0	0	0	0	0	0	0	0	0	0	0	0
930166	Pseudomonas brassicacearum	0	0	0	0	0	0	0	0	0	0	0	261	713	0	0	0	0	0	0	0	0	0	0	0	0	0	0	0	0	0	0	0	0	0	284	0	0	0	0	0	0	0	0	0	0	0	0	0	0	0	0	0	0	0	0	0	0	0	0	0	0	0	0	0
936337	Microbacterium amylolyticum	0	0	0	0	0	0	0	0	0	0	0	0	0	0	0	0	0	0	0	0	0	0	0	0	0	12	0	0	0	0	0	0	0	0	0	0	0	0	0	0	0	0	0	0	0	0	0	0	0	0	0	0	0	0	0	0	0	0	0	0	0	0	0	0
938155	Companilactobacillus futsaii	0	0	0	0	0	0	0	0	0	0	0	0	34	0	0	0	0	0	0	0	0	0	0	0	0	0	0	0	0	0	0	0	0	0	19	0	56	0	0	0	0	0	0	0	0	0	0	0	0	0	0	0	0	0	0	0	0	0	0	0	0	0	0	0
938288	Fenollaria massiliensis	0	2424	304	0	39	268	0	1338	0	71	39	0	68	0	194	0	273	0	0	0	45	61	0	0	0	128	0	2368	0	0	874	0	1299	30	1174	16	507	21	8083	19	21	1374	0	0	60	45	0	419	0	77	20	62	580	352	65	68	1733	0	64	33	134	0	0	0
945844	Massilia oculi	0	85	184	0	0	0	0	173	0	0	0	0	0	0	0	0	91	0	0	0	0	0	0	0	0	145	0	0	0	0	54	0	35	0	50	0	195	0	35	0	0	25	0	0	0	0	0	0	55	52	0	0	0	0	0	0	0	0	66	0	0	64	0	0
946333	Piscinibacter gummiphilus	0	0	11	0	0	0	0	0	0	0	0	0	0	0	0	0	0	0	0	0	0	0	0	0	0	0	0	14	0	0	0	0	0	0	0	0	0	0	0	0	0	0	0	0	0	0	0	0	0	0	0	0	0	0	0	0	0	0	0	0	0	0	0	0
946334	Actinoplanes sp. OR16	0	0	0	0	0	0	0	0	0	0	0	0	0	0	0	0	0	0	0	0	0	0	0	0	0	0	0	0	0	0	0	0	0	0	0	0	81	0	0	0	0	0	0	0	0	0	692	0	0	0	0	0	0	0	0	0	0	0	0	0	0	0	0	0
946435	Jeotgalicoccus sp. ATCC 8456	22	3895	764	0	0	66	0	957	0	37	257	0	0	0	30	19	36	0	0	0	0	15	0	0	0	0	0	73	0	12	1403	0	160	0	152	206	13384	11	4551	69	0	1015	0	37	2239	0	13	670	0	0	0	0	30	115	0	0	14	0	83	0	63	0	76	98
979982	Leuconostoc sp. C2	0	0	0	0	0	0	0	0	0	0	0	0	175	0	0	0	161	0	0	0	0	0	0	0	0	0	0	0	0	0	0	0	0	0	0	0	0	0	0	0	0	0	0	0	0	0	0	0	0	0	0	0	0	0	0	0	0	0	0	0	0	0	0	0
980427	Deinococcus wulumuqiensis	0	74	0	0	0	71	0	161	0	70	24	0	0	0	0	0	97	0	0	0	0	0	0	0	0	0	0	44	0	0	0	0	32	0	28	0	61	0	0	0	0	117	0	15	54	0	0	169	0	0	0	0	620	153	16	0	0	0	0	0	0	0	0	0
984307	Paraburkholderia kururiensis	0	0	0	264	0	0	0	29	0	20	0	0	0	0	0	0	27	0	0	0	0	0	0	0	0	0	0	0	0	0	0	0	0	0	0	0	0	0	0	0	0	0	69	0	0	0	0	0	0	0	0	0	0	0	0	0	0	0	0	0	0	0	0	0
985002	Staphylococcus argenteus	0	57	19	0	0	18	0	22	0	0	0	0	0	0	0	0	74	0	0	0	0	0	0	0	0	16	0	35	0	0	24	0	0	0	0	16	255	0	0	0	0	65	0	0	31	0	0	11	0	0	0	0	0	14	0	0	0	0	0	0	0	0	0	0
985762	Staphylococcus agnetis	0	70	18	0	0	0	0	138	0	0	0	0	0	0	0	0	11	0	0	0	0	10	0	0	0	0	0	14	0	0	53	0	0	0	0	0	629	0	0	0	0	74	0	0	24	0	0	0	0	0	0	0	0	0	0	0	12	0	0	0	0	0	0	0
990078	Bradyrhizobium huanghuaihaiense	0	0	0	0	0	0	0	0	0	0	0	0	0	67	0	0	0	0	0	0	0	0	0	0	0	0	0	0	0	0	0	0	0	0	0	0	0	0	0	0	0	0	0	0	0	0	0	0	0	0	0	0	0	0	0	0	0	0	0	0	0	0	0	0
991904	Polymorphum gilvum	0	53	0	0	0	0	0	0	0	0	0	0	0	130	105	0	0	0	0	0	0	0	0	0	0	0	0	0	0	0	0	0	0	0	0	0	0	0	0	0	0	0	0	0	0	0	0	28	0	0	0	0	0	0	0	0	0	0	0	0	0	27	0	0
993502	Bradyrhizobium daqingense	0	0	0	0	0	0	0	0	0	0	0	0	0	144	0	0	0	0	0	0	0	0	0	0	0	0	0	0	0	0	0	0	0	0	0	0	0	0	0	0	0	0	0	0	0	0	0	0	0	0	0	0	0	0	0	0	0	0	0	0	0	0	0	0
999183	Arcanobacterium canis	0	0	0	0	0	0	0	0	0	0	0	0	0	0	0	0	0	0	0	0	0	0	0	0	0	0	0	0	0	0	0	0	0	0	0	0	0	0	0	0	0	0	0	0	0	0	0	0	0	0	0	0	0	0	0	0	10	0	0	0	0	0	0	0
1002546	uncultured Cohaesibacter sp.	0	0	0	0	0	0	0	0	0	0	0	0	0	12	17	0	0	106	28	0	0	0	0	0	0	0	0	0	0	0	0	0	0	0	0	0	0	0	0	0	0	0	0	0	0	0	0	0	0	0	0	0	0	0	0	0	0	0	0	0	0	0	0	0
1004901	Gordonia iterans	0	0	0	28	0	0	0	0	0	0	0	0	0	0	0	0	0	0	0	0	0	0	0	0	0	189	0	0	0	0	0	0	0	0	14	0	0	0	0	0	0	0	37	0	0	0	0	0	0	0	0	0	0	0	0	0	0	0	0	0	0	0	0	0
1005962	Ogataea parapolymorpha	0	0	0	0	243	238	0	0	0	0	0	0	0	0	0	0	0	191	184	0	0	0	0	0	0	0	0	0	39	0	0	0	0	0	0	0	0	0	0	0	0	31	0	0	0	0	0	0	0	0	0	0	0	0	0	0	0	0	0	0	0	0	0	0
1007105	Pusillimonas sp. T7-7	0	0	0	0	0	0	0	0	0	0	0	0	0	0	0	0	0	0	0	0	0	0	0	0	0	23	0	0	0	0	0	0	0	0	0	0	0	0	0	0	0	0	0	0	0	0	0	0	0	0	0	0	0	0	0	0	0	0	0	0	0	0	0	0
1007676	Companilactobacillus ginsenosidimutans	0	32	697	0	0	0	0	0	0	0	0	0	0	0	0	0	0	0	0	0	0	0	0	0	0	0	0	24	211	0	47	0	13	0	0	0	20	0	0	0	0	0	0	0	0	0	0	0	0	0	0	0	0	0	0	0	0	0	0	0	0	0	0	0
1016987	Novosphingobium sp. THN1	0	0	0	0	0	0	0	0	0	0	0	0	0	0	0	0	0	0	0	0	0	0	0	0	0	0	0	0	0	0	0	0	0	0	0	0	0	0	17	0	0	0	0	0	0	0	0	0	0	0	0	0	0	0	0	0	0	0	0	0	0	0	0	0
1028989	Pseudomonas sp. StFLB209	0	20	14	0	0	0	0	34	0	13	0	12	33	0	0	0	0	0	0	0	0	0	0	0	0	0	0	0	0	0	0	0	26	0	31	0	12	0	0	0	0	0	0	0	0	0	0	0	0	26	0	18	0	10	0	0	0	0	0	0	0	0	0	0
1030157	Sphingomonas sp. KC8	0	0	22	0	0	0	0	0	0	0	0	0	0	0	0	0	0	0	0	0	0	0	0	0	0	0	0	0	0	0	0	0	0	0	0	0	0	0	0	0	0	0	0	0	0	0	0	0	0	0	0	0	0	0	0	0	0	0	0	0	0	0	0	0
1032242	Campylobacter sp. RM10537	0	0	0	0	0	0	0	0	0	0	0	0	0	0	0	0	0	0	0	0	0	0	0	0	0	0	0	0	0	0	0	0	0	0	0	0	15	0	0	0	0	0	0	0	0	0	0	0	0	0	0	0	0	0	0	0	0	0	0	0	0	0	0	0
1033922	Rhodococcus sp. WB1	0	0	0	0	0	0	0	0	0	0	0	0	0	0	0	0	0	0	0	0	0	0	0	0	0	0	0	0	0	0	0	0	0	0	0	0	0	0	0	0	0	0	0	0	0	0	0	0	0	0	0	0	0	0	0	0	0	0	0	0	0	907	0	0
1038856	Planococcus plakortidis	0	0	58	0	0	0	0	0	0	0	0	0	0	0	0	0	0	0	0	0	0	0	0	0	0	0	0	0	0	0	0	0	0	0	0	0	0	0	0	0	0	0	0	0	0	0	0	0	0	0	0	0	0	0	0	0	0	0	0	0	0	0	0	0
1042133	Fusarium musae	0	0	0	322	0	0	0	32	0	0	0	0	0	0	0	0	119	1558	1888	0	20	0	0	0	0	0	0	0	0	0	0	0	0	0	0	0	0	0	0	0	0	588	438	0	0	0	0	0	0	0	0	0	0	0	0	0	0	0	0	0	0	0	0	0
1042156	Clostridium sp. SY8519	0	83	0	0	0	22	0	12	0	85	0	0	0	0	0	0	60	0	0	0	0	0	0	0	0	0	0	0	0	0	0	0	0	0	0	0	0	0	468	0	0	0	0	0	0	0	0	10	0	0	0	0	0	0	31	0	70	0	0	0	0	0	0	0
1046043	Natronomonas gomsonensis	0	0	0	0	0	0	0	0	0	0	0	0	0	0	0	0	0	0	16	0	0	0	0	0	0	0	0	0	0	0	0	0	0	0	0	0	0	0	0	0	0	0	0	0	0	0	0	0	0	0	0	0	0	0	0	0	0	0	0	0	0	0	0	0
1047171	Zymoseptoria tritici	0	0	0	245	219	139	0	0	0	26	0	0	33	0	94	0	0	60335	70165	0	0	0	0	0	0	0	0	15	0	0	0	0	25	0	0	0	0	0	0	0	0	14834	465	0	0	0	0	0	0	0	0	0	0	0	0	0	0	0	0	0	0	0	0	0
1049583	Kocuria indica	0	31	70	20	263	3434	0	268	0	171	17	443	43	0	453	0	296	0	0	0	91	0	4592	0	0	44	0	2569	0	0	127	0	13	0	31	0	473	0	0	0	0	89	0	0	160	1344	0	93	39	65	0	181	197	1197	0	0	0	0	459	0	0	0	187	0
1056807	Morococcus cerebrosus	40	1403	372	151	222	2483	0	637	82	23097	172	36	1654	0	358	35	552	0	50	73	144999	0	0	0	0	2218	0	1583	56	0	329	0	780	0	752	0	959	0	0	0	0	1377	0	0	141	99	0	186	0	465	0	383	786	1165	4804	35	336	162	1197	0	73	0	45	0
1068590	Rickettsia asembonensis	0	0	79	0	0	0	0	0	0	0	0	0	0	0	0	0	0	0	0	0	0	0	0	0	0	0	0	0	0	0	0	0	0	0	0	0	0	0	0	0	0	0	0	0	0	0	0	0	0	0	0	0	0	0	0	0	0	0	0	0	0	0	0	0
1069201	Aspergillus luchuensis	325	38	41	61487	5305	2411	60	2962	15826491	7484729	51	1052	9402	32	416	0	61	32645	35057	18	225	0	0	0	0	396	0	15263	153	0	167	88	29905	31	992	0	437	0	0	0	0	4648	121197	0	27	69	123	940	1488	1485	1122	704	615	3424	0	0	175	71	5726	0	0	0	0	0
1071379	Tetrapisispora blattae	0	0	0	0	0	0	0	0	0	0	0	0	0	0	0	0	0	66	0	0	0	0	0	0	0	0	0	0	0	0	0	0	0	0	0	0	0	0	0	0	0	0	0	0	0	0	0	0	0	0	0	0	0	0	0	0	0	0	0	0	0	0	0	0
1072256	Corynebacterium uterequi	0	295	0	0	0	0	0	0	0	0	0	0	0	0	51	0	0	0	0	0	0	0	0	0	0	0	0	0	0	0	0	0	0	0	0	0	18	0	0	0	0	12	0	0	10	0	0	0	0	0	0	0	0	0	20	0	16	0	0	0	0	0	0	0
1072463	Microbacterium lemovicicum	0	0	0	160	0	0	0	0	0	0	0	0	0	0	0	0	0	0	0	0	0	0	0	0	0	247	0	0	0	0	0	0	0	0	10	0	251	0	0	0	0	0	442	0	0	0	0	0	0	0	0	0	0	0	0	0	0	0	0	0	0	0	21	0
1076124	Phytohabitans flavus	0	0	0	0	0	0	0	0	0	0	0	0	0	0	0	0	0	0	0	0	0	0	0	0	0	0	0	0	0	0	0	0	0	0	0	0	30	0	0	0	0	0	0	0	0	0	190	0	0	0	0	0	0	0	0	0	0	0	0	0	0	0	0	0
1076550	Pantoea rwandensis	0	0	0	62	0	0	0	0	0	0	0	0	0	0	0	0	0	0	0	0	0	0	0	0	0	0	0	0	0	0	0	0	0	0	0	0	0	0	0	0	0	0	0	0	0	0	0	0	0	0	0	0	0	0	0	0	0	0	1267	0	0	0	0	0
1077935	Paracoccus zhejiangensis	0	24	0	0	0	0	0	0	0	0	0	0	0	0	0	0	0	0	0	0	0	0	0	0	0	0	0	0	0	0	0	0	0	0	0	0	0	0	44	0	0	0	0	0	0	0	0	33	0	0	36	0	0	0	0	0	0	0	0	0	0	0	0	0
1078471	Serinicoccus profundi	0	0	0	0	0	0	0	0	23	0	0	0	0	0	0	79	0	0	0	34	0	0	0	0	0	22	0	0	0	0	0	0	22	0	0	0	0	0	0	0	0	0	0	0	0	0	0	0	16	0	0	0	18	0	0	0	0	14	0	0	0	0	0	0
1080349	Saccharomyces eubayanus	0	0	28	0	0	0	0	0	0	0	0	0	0	0	0	0	0	21	19	0	0	0	0	0	0	0	0	0	0	0	0	0	0	0	0	0	0	0	0	0	0	0	0	0	0	0	0	0	0	0	0	0	0	0	0	0	0	0	0	0	0	0	0	0
1089444	Dickeya solani	0	0	0	0	0	0	0	0	0	53	0	0	173	0	0	0	0	0	0	0	0	0	0	0	0	0	0	0	0	0	0	0	0	0	0	0	0	0	0	0	0	0	0	0	0	0	0	0	0	0	0	0	0	0	0	0	0	0	0	0	0	0	0	0
1090615	Nakamurella panacisegetis	0	0	0	0	0	0	0	0	0	0	0	0	0	0	0	0	0	0	0	0	0	0	0	0	0	0	0	0	0	0	0	0	0	0	0	0	15	0	0	0	0	0	0	0	0	0	0	0	0	0	0	0	0	0	0	0	0	0	0	0	0	0	0	0
1099853	Coprobacter fastidiosus	0	32	0	0	0	28	0	15	0	310	0	0	0	0	0	0	65	0	0	0	14	0	0	0	0	0	0	0	0	0	14	0	0	0	0	0	0	0	10	0	0	0	0	0	0	0	0	33	0	0	0	0	0	17	0	12	119	0	13	0	0	0	0	0
1115758	Romboutsia ilealis	0	1545	112	0	7721	3360	2858	5296	17855	5496	48	2029	261	156	117	4359	3170	0	0	517	416	2945	211	0	0	0	0	0	0	0	26	0	0	0	0	0	45	317	212	0	0	32	0	0	0	62	1122	2201	0	62	225	37	915	342	488	24006	6703	0	97	80	0	0	0	106
1117645	Elizabethkingia anophelis	0	0	0	19	0	0	0	5580	0	0	0	0	0	0	0	0	0	0	0	0	0	0	0	0	0	0	0	0	0	0	0	0	0	0	0	0	0	0	0	0	0	0	18	0	0	0	0	0	0	0	0	0	0	0	0	0	0	0	0	0	0	0	0	0
1118202	Cruoricaptor ignavus	0	0	12	0	182	222	0	1275	0	365	0	0	65	0	189	43	938	0	17	84	491	0	181	0	0	19	0	128	0	0	77	0	221	0	21	0	119	0	67	0	0	43	13	0	0	481	0	582	118	1710	0	143	356	903	0	166	2775	13	1409	0	0	0	0	0
1121358	Corynebacterium doosanense	0	186	35	0	0	13	0	68	0	11	0	0	0	0	22	0	61	0	0	0	11	0	0	0	0	39	0	24	0	0	17	0	0	0	0	0	99	0	31	0	0	402	0	0	49	0	0	19	0	0	0	0	0	64	68	0	106	0	39	0	0	0	63	0
1124835	Chryseobacterium carnipullorum	0	0	0	0	0	0	0	0	0	27	0	0	0	0	0	0	0	0	0	0	0	0	0	0	0	0	0	0	0	0	0	0	0	0	0	0	0	0	0	0	0	0	0	0	0	0	0	0	0	0	0	19	0	0	0	0	0	0	0	0	0	0	0	0
1125847	Pseudorhizobium banfieldiae	0	0	0	0	0	0	0	0	0	0	0	0	0	0	0	0	0	0	0	0	0	0	0	0	0	0	0	0	0	0	0	0	0	0	0	0	0	0	0	0	0	0	0	0	0	0	3260	0	0	0	0	0	0	0	0	0	0	0	0	0	0	0	0	0
1133546	Luteimicrobium xylanilyticum	0	0	0	0	0	0	0	0	0	0	0	0	0	0	0	0	0	0	0	0	0	0	0	0	0	0	0	0	0	0	0	0	0	0	0	0	51	0	0	0	0	0	0	0	0	0	14	0	0	0	0	0	0	0	0	0	0	0	0	0	0	0	0	0
1134435	Thauera humireducens	0	0	0	0	0	0	0	46	0	0	0	0	0	0	0	0	0	0	0	0	0	0	0	0	0	0	0	0	0	0	0	0	0	0	0	0	0	0	0	0	0	0	0	0	0	0	0	0	0	0	0	0	0	0	0	0	0	0	0	0	0	0	0	0
1134687	Klebsiella michiganensis	0	328	194	0	0	35	0	372	37	52	77	0	55	0	68	60	35	0	0	0	0	81	0	0	0	1047	0	647	0	0	66	129	21	0	29	127	141	0	0	41	0	138	0	38	312	0	0	5868	0	29	0	32	96	1083	86	0	50	0	156	0	395	73	31	0
1136497	Brevibacterium siliguriense	0	0	0	0	0	0	0	0	0	0	0	0	0	0	0	0	0	0	0	0	0	0	0	0	0	0	0	24	0	0	0	0	0	0	0	0	0	0	0	0	0	0	0	0	0	0	271	0	0	0	0	0	0	0	0	0	0	0	0	0	0	0	0	0
1136941	Gordonia phthalatica	0	0	20	0	0	0	0	0	0	0	0	0	0	0	0	0	0	0	0	0	0	0	0	0	0	55	0	0	0	0	0	0	0	0	0	0	215	0	0	0	0	0	0	0	0	0	0	0	0	0	0	0	0	0	0	0	0	0	0	0	0	0	0	0
1138587	Paraoerskovia sediminicola	0	0	0	0	0	0	0	0	0	0	0	0	0	0	0	0	0	0	0	0	0	0	0	0	0	0	0	0	0	0	0	0	0	0	0	0	74	0	0	0	0	0	0	0	0	0	0	0	0	0	0	0	0	0	0	0	0	0	0	0	0	0	0	0
1141883	Massilia putida	0	0	0	94	0	0	0	0	0	0	0	0	0	0	24	364	0	0	0	0	0	0	0	0	0	55	0	0	0	0	0	0	0	0	0	0	0	0	0	0	0	0	0	0	0	0	0	0	0	0	0	0	0	0	0	0	0	0	0	0	0	0	0	0
1148509	Pseudomonas prosekii	0	0	0	0	0	0	0	0	0	0	0	11	21	0	0	0	0	0	0	0	0	0	0	0	0	0	0	0	0	0	0	0	0	0	34	0	0	0	0	0	0	0	0	0	0	0	0	0	0	0	0	0	0	0	0	0	0	0	0	0	0	0	0	0
1151742	Lactococcus taiwanensis	0	0	28	0	0	0	0	0	0	34	0	0	28	0	0	0	0	0	0	0	0	0	0	0	0	0	0	0	44	0	0	0	19	0	112	0	0	0	0	0	0	0	0	0	0	0	0	0	0	0	0	0	0	0	0	0	0	0	0	0	0	0	0	0
1155388	Clostridium sp. C1	0	0	0	0	0	26	0	0	0	72	0	0	0	0	0	0	76	0	0	0	0	0	0	0	0	0	0	0	0	0	0	0	0	0	0	0	0	0	96	0	0	0	0	0	0	0	0	0	0	0	0	0	0	0	0	19	71	0	0	0	0	0	0	0
1156431	Streptococcus ilei	226	933	5143	488	77	562	0	1753	132	14195	7458	0	8378	0	202	0	1272	0	0	0	4753	26	75	0	0	457	0	6076	648	31	579	0	1221	134	4111	38	1377	0	372	111	0	1880	0	0	499	640	0	73	239	45746	181	661	86	295	56886	0	322	0	16626	0	450	133	2708	0
1159556	Ustilaginoidea virens	0	0	0	645	452	244	0	26	18	13	0	0	186	0	0	0	0	1376	1624	0	0	0	0	0	0	0	0	73	0	0	0	0	24	0	31	0	0	0	0	0	0	286	1241	0	0	0	0	0	0	0	0	0	0	0	0	0	0	0	0	0	0	0	0	0
1160721	Ruminococcus bicirculans (ex Wegman et al. 2014)	0	7713	54	0	215	2860	0	3600	29	869	51	14	56	0	155	443	7777	0	23	0	195	754	0	0	22	207	0	324	0	0	259	0	46	16	3348	0	113	834	404790	0	0	105	0	0	14	123	1126	1010	0	80	22	165	258	1506	1558	1673	6993	0	4948	0	2611	0	0	340
1160784	Candidatus Nasuia deltocephalinicola	0	0	0	0	0	0	0	0	0	0	0	0	0	0	0	0	0	126	86	0	0	0	0	0	0	0	0	0	0	0	0	0	0	0	0	0	0	0	0	0	0	12	0	0	0	0	0	0	0	0	0	0	0	0	0	0	0	0	0	0	0	0	0	0
1161942	Ruminococcus champanellensis	0	168	0	0	82	427	0	98	18	239	0	0	0	0	0	0	166	0	0	0	0	0	0	0	0	0	0	0	0	0	0	0	0	0	0	0	0	0	1886	0	0	0	0	0	0	0	12	74	0	0	0	0	0	0	92	26	69	0	18	0	0	0	0	0
1162966	Naasia aerilata	0	0	0	0	0	0	0	0	0	0	0	0	0	0	15	0	0	0	0	0	0	0	0	0	0	11	0	0	0	0	0	0	0	0	0	0	2043	0	0	0	0	0	0	0	0	0	0	0	0	0	0	0	0	0	0	0	0	0	0	0	0	0	0	0
1163398	Pseudomonas donghuensis	0	0	0	0	0	0	0	0	0	0	0	0	0	0	0	0	0	0	0	0	0	0	0	0	0	0	0	0	0	0	0	0	0	0	39	0	0	0	0	0	0	0	0	0	0	0	0	0	0	0	0	0	0	0	0	0	0	0	0	0	0	0	0	0
1169025	Streptomyces pratensis	0	0	0	0	0	0	0	0	0	0	0	0	0	342	141	0	0	0	0	0	0	0	0	0	0	0	0	0	0	0	0	0	0	0	0	0	0	0	0	0	0	0	0	0	0	0	0	0	0	0	0	0	0	0	0	0	0	0	0	0	0	0	0	0
1173026	Gloeocapsa sp. PCC 7428	0	0	0	0	0	0	0	0	0	0	0	0	0	0	0	0	0	0	0	0	0	0	0	0	0	0	0	0	0	0	0	0	0	0	0	0	40	0	0	0	0	0	0	0	0	0	0	35	0	0	0	0	0	0	0	0	0	0	0	0	0	0	0	62
1176198	Streptomyces harbinensis	0	0	0	0	0	0	0	0	0	0	15	0	0	0	0	0	0	0	0	0	0	0	0	0	0	0	0	0	0	0	0	0	0	0	0	0	0	0	0	0	0	0	0	0	0	0	0	0	0	0	0	0	0	0	0	0	0	0	0	0	0	0	0	0
1176533	Luteimonas granuli	0	0	0	0	0	0	0	0	0	0	0	0	0	0	0	0	0	0	0	0	0	0	0	0	0	0	0	0	0	0	0	0	0	0	0	0	12	0	0	0	0	0	0	0	0	0	0	87	0	0	0	0	0	0	0	0	0	0	0	0	0	0	0	0
1176536	Novosphingobium ginsenosidimutans	0	0	0	0	0	0	0	0	0	15	0	0	0	0	0	0	0	0	0	0	0	0	0	0	0	13	0	0	82	0	0	0	17	0	0	0	18	0	0	0	0	41	0	0	0	0	0	0	0	0	0	0	14	36	0	0	0	0	11	0	0	0	0	0
1176649	Agrobacterium fabrum	0	0	0	0	0	0	0	0	0	0	0	0	0	0	0	0	0	0	0	0	0	0	0	0	0	0	0	0	0	0	0	0	48	0	0	0	0	0	0	0	0	0	0	0	0	0	0	0	0	0	0	0	0	0	0	0	0	0	0	0	0	0	0	0
1177574	Prevotella jejuni	59	211	1333	36	42	242	0	406	72	340	813	29	639	20	240	28	614	0	15	28	1375	16	166	0	0	232	0	1108	294	33	314	0	556	0	587	31	3635	14	519	68	0	959	0	24	353	643	62	68	34	1149	430	220	175	537	125	31	179	15	214	0	78	28	1013	0
1179670	Micrococcus sp. KBS0714	0	192	0	0	0	487	0	344	0	0	0	0	0	0	144	217	106	0	0	0	0	301	113	0	0	0	0	291	0	0	129	0	0	0	159	0	0	0	0	0	0	0	0	0	0	283	0	348	0	0	0	0	239	437	0	0	0	0	231	0	0	0	0	0
1179673	Oerskovia sp. KBS0722	0	0	0	0	0	0	0	0	0	0	0	0	0	0	0	0	0	0	0	0	0	0	0	0	0	0	0	0	0	0	0	0	0	0	0	0	34	0	0	0	0	0	0	0	0	0	0	0	0	0	0	0	0	0	0	0	0	0	0	0	0	0	0	0
1182568	Deinococcus puniceus	0	0	0	0	0	0	0	0	0	0	0	43	0	0	0	0	0	0	0	0	0	0	0	0	0	0	0	0	0	0	0	0	0	0	0	0	0	0	0	0	0	0	0	0	0	0	0	0	0	0	0	0	0	0	0	0	0	0	0	0	0	0	0	0
1183413	Agrobacterium salinitolerans	0	0	0	122	0	0	0	0	0	0	0	0	0	0	0	0	0	0	0	0	0	0	0	0	0	0	0	0	0	0	0	0	0	0	0	0	0	0	0	0	0	0	0	0	0	0	0	0	0	0	0	0	0	0	0	0	0	0	0	0	0	0	0	0
1190415	Pseudomonas asturiensis	0	0	0	0	0	0	0	0	0	0	0	34	103	0	0	0	0	0	0	0	0	0	0	0	0	0	0	0	0	0	0	0	0	0	14	0	0	0	0	0	0	0	0	0	0	0	0	0	0	0	0	0	0	0	0	0	0	0	0	0	0	0	0	0
1190508	Corynebacterium aquatimens	0	590	184	0	0	217	0	680	0	77	0	0	51	0	95	0	334	0	34	0	0	40	108	0	0	85	0	126	0	192	170	0	76	0	61	47	1085	0	441	0	0	810	0	0	250	143	0	167	0	376	0	107	140	441	88	93	389	0	222	0	39	0	56	0
1193095	Paucilactobacillus hokkaidonensis	0	0	0	0	0	0	0	0	0	0	0	0	0	0	0	0	0	0	0	0	0	0	0	0	0	0	0	0	0	0	0	0	0	0	0	0	0	0	0	0	0	0	0	0	0	0	0	0	0	0	0	16	0	0	0	0	0	0	0	0	0	0	0	0
1196083	Snodgrassella alvi	0	0	33	0	0	0	0	0	0	0	0	0	0	0	0	0	0	0	0	0	0	0	0	0	0	0	0	0	0	0	0	0	0	0	0	0	0	0	0	0	0	0	0	0	0	0	0	0	0	0	0	0	0	0	0	0	0	0	0	0	0	0	0	0
1197717	Cloacibacillus porcorum	0	0	0	0	0	0	0	0	0	0	0	0	0	0	0	0	0	0	0	0	0	0	0	0	0	0	0	0	0	0	0	0	0	0	0	0	0	0	15	0	0	0	0	0	0	0	0	0	0	0	0	0	0	0	13	0	0	0	0	0	0	0	0	0
1198456	Pseudomonas guguanensis	0	0	0	0	0	0	0	0	0	0	0	0	0	0	0	0	0	0	0	0	0	0	0	0	0	0	0	0	0	0	0	0	0	0	0	0	0	0	0	0	0	0	0	0	0	0	0	23	0	0	0	0	0	0	0	0	0	0	0	0	0	0	0	0
1201031	Pectobacterium aroidearum	0	0	0	0	0	0	0	0	0	443	0	0	1023	0	0	0	167	0	0	0	0	0	0	0	0	0	0	0	0	0	0	0	0	0	0	0	0	0	0	0	0	0	0	0	0	0	0	0	0	0	0	0	0	0	0	0	0	0	0	0	0	0	0	0
1206777	Pseudomonas sp. Lz4W	0	0	18	0	0	0	0	0	0	0	0	0	0	0	0	0	0	0	0	0	0	0	0	0	0	10	0	0	0	0	0	0	11	0	0	0	0	0	0	13	0	0	0	0	0	0	0	0	0	0	0	0	0	0	0	0	0	0	0	0	0	0	0	0
1208324	Celeribacter indicus	0	0	0	0	0	0	0	0	0	0	0	0	0	190	200	0	0	0	0	0	0	0	0	0	0	0	0	0	0	0	0	0	0	0	0	0	0	0	0	0	0	0	0	0	0	0	0	347	0	0	0	0	0	0	0	0	0	0	0	0	0	0	0	0
1211322	Deinococcus metallilatus	0	17	0	0	0	0	0	0	0	0	0	0	0	0	0	0	0	0	0	0	0	0	0	0	0	0	0	0	0	0	0	0	12	0	0	0	0	0	0	0	0	0	0	0	0	0	0	0	0	0	0	0	20	0	0	0	0	0	0	0	0	0	0	0
1216932	Clostridium bornimense	0	0	0	0	0	0	0	0	0	0	0	0	0	0	0	17	0	0	0	0	0	0	0	0	0	0	0	0	0	0	0	0	0	0	0	0	0	0	0	0	0	0	0	0	0	0	0	0	0	0	0	0	0	0	0	82	24	0	0	0	0	0	0	0
1217282	Parabacteroides faecis	0	0	0	0	0	0	0	0	0	0	0	0	0	0	0	0	0	0	0	0	0	0	0	0	0	0	0	0	0	0	0	0	0	0	0	0	0	0	70	0	0	0	0	0	0	0	0	0	0	0	0	0	0	0	0	0	0	0	0	0	0	0	0	0
1219491	Actinomadura sp. WMMB 499	0	0	0	0	0	0	0	0	0	0	0	0	0	0	0	0	0	0	0	0	0	0	0	0	0	0	0	0	0	0	0	0	0	0	0	0	21	0	0	0	0	0	0	0	0	0	0	0	0	0	0	0	0	0	0	0	0	0	0	0	0	0	0	0
1220207	Aspergillus puulaauensis	0	205	95	21099	681	282	0	92	322	169	52	25	929	0	28	85	3025	2815	3308	0	0	24	0	49	0	103	0	597	7582	0	193	0	46	21	4272	0	567	0	24	110	0	1158	44045	0	268	0	0	66	0	48	17	35	0	69	224	243	476	0	0	0	0	0	34	0
1223514	Corynebacterium humireducens	0	42	0	0	0	0	0	22	0	0	0	0	0	0	10	0	0	0	0	0	0	0	0	0	0	0	0	11	0	0	0	0	0	0	0	0	57	0	15	0	0	45	0	0	24	0	0	0	0	0	0	0	0	31	0	0	0	0	11	0	0	0	0	0
1225128	Sediminicoccus rosea	0	0	0	0	0	0	0	0	0	0	0	0	0	0	0	0	0	0	0	0	0	0	0	0	0	0	0	0	0	0	0	0	0	0	0	0	53	0	0	0	0	0	0	0	0	0	0	0	0	0	0	0	0	0	0	0	0	0	0	0	0	0	0	0
1225785	Dickeya sp. DW 0440	0	0	0	0	0	0	0	0	0	0	0	0	42	0	0	0	0	0	0	0	0	0	0	0	0	0	0	0	0	0	0	0	0	0	0	0	0	0	0	0	0	0	0	0	0	0	0	0	0	0	0	0	0	0	0	0	0	0	0	0	0	0	0	0
1229621	Anaerostipes rhamnosivorans	0	12	0	0	0	0	0	0	0	15	0	0	0	0	0	0	20	0	0	0	0	0	0	0	0	0	0	0	0	0	0	0	0	0	0	0	0	0	60	0	0	0	0	0	0	0	0	0	0	0	0	0	0	0	0	0	0	0	0	0	0	0	0	0
1230998	Corynebacterium frankenforstense	0	38	10	0	0	0	0	79	0	0	0	0	0	0	0	0	0	0	0	0	0	0	0	0	0	0	0	80	0	0	26	0	21	0	27	0	74	0	444	0	0	41	0	0	21	0	0	0	0	0	0	0	0	13	10	0	11	0	20	0	0	0	0	0
1231000	Corynebacterium lactis	0	1017	15	0	0	0	0	19	0	0	0	0	0	0	181	0	16	0	0	0	0	26	0	0	0	11	0	0	0	0	0	0	0	0	0	0	17	0	14	0	0	0	0	0	12	0	0	0	0	0	0	0	0	16	34	0	52	0	11	0	0	0	0	0
1232427	Corynebacterium ihumii	79	33886	10817	859	170	3590	180	40936	47	2851	3403	0	1345	383	3500	129	7866	0	1656	82	505	2959	271	0	158	3747	0	5130	82	103	23700	0	3628	47	3036	3762	165021	72	23960	900	219	75574	55	257	33066	883	0	6275	50	1871	0	1196	4533	10002	9270	556	3287	55	5501	99	1237	38	4675	791
1232428	Megasphaera massiliensis	0	0	0	0	0	0	0	0	0	0	0	0	0	60	0	14	253	0	0	0	0	0	0	0	0	0	0	0	0	0	0	0	0	0	0	0	0	0	0	0	0	0	0	0	0	0	29	0	0	0	0	0	0	0	0	0	235	0	0	0	0	0	0	0
1232430	Nosocomiicoccus massiliensis	0	40	0	0	65	0	0	94	0	29	0	0	0	0	0	0	12	0	0	0	0	28	0	0	0	0	0	0	0	0	0	0	32	0	372	0	13	0	22	223	0	0	0	414	23	0	0	0	0	24	71	15	17	13	26	0	12	0	32	0	0	94	0	0
1234680	Streptococcus rubneri	113	284	1519	127	30	157	0	520	24	3545	1531	0	2272	0	107	0	292	0	0	0	3219	0	0	0	0	165	0	1194	211	0	60	0	199	51	874	0	308	0	177	56	0	380	0	0	99	160	0	29	86	13891	0	177	25	143	17577	0	104	0	3307	0	78	44	1072	0
1235591	Pseudorhodoplanes sinuspersici	0	0	11	0	0	0	0	0	0	0	0	0	0	0	0	0	0	0	0	0	0	0	0	0	0	0	0	0	0	0	0	0	0	0	0	0	0	0	0	0	0	0	0	0	0	0	0	0	0	0	0	0	0	0	0	0	0	0	0	0	0	0	0	0
1235990	Candidatus Pantoea carbekii	0	0	0	0	43	0	0	0	0	0	0	0	0	0	0	0	0	0	0	0	0	0	0	0	0	0	0	0	0	0	0	0	0	0	0	0	0	0	0	0	0	0	0	0	0	0	0	0	0	0	0	0	0	0	0	0	0	0	0	0	0	0	0	0
1240404	Dickeya oryzae	0	0	0	0	0	0	0	0	0	67	0	0	171	0	0	0	12	0	0	0	0	0	0	0	0	0	0	0	0	0	0	0	0	0	0	0	0	0	0	0	0	0	0	0	0	0	0	0	0	0	0	0	0	0	0	0	0	0	0	0	0	0	0	0
1243007	uncultured Macellibacteroides sp.	0	0	0	0	0	0	0	0	0	0	0	0	0	0	0	0	0	0	0	0	0	0	0	0	0	0	0	0	0	0	0	0	0	0	0	0	0	0	0	0	0	0	0	0	0	0	0	0	13	0	0	0	0	0	41	0	0	0	0	0	0	0	0	0
1249101	Mycolicibacterium celeriflavum	0	0	0	52	0	0	0	0	0	0	0	0	0	0	0	0	0	0	0	0	0	0	0	0	0	46	0	0	0	0	0	0	0	0	0	0	0	0	0	0	0	0	0	0	0	0	0	0	0	0	0	0	0	0	0	0	0	0	0	0	0	0	0	0
1259258	Cryobacterium breve	0	0	0	0	0	0	0	0	0	0	0	0	0	0	0	0	0	0	0	0	0	0	0	0	0	0	0	0	0	0	0	0	0	0	0	0	80	0	0	0	0	0	0	0	0	0	0	0	0	0	0	0	0	0	0	0	0	0	0	0	0	0	0	0
1259973	Klebsiella electrica	0	0	0	254	0	38	0	14	61	6993	0	93	3158	0	23	46	1566	0	0	0	0	0	0	0	0	0	0	14	0	0	0	0	165	0	0	0	0	0	0	0	0	0	0	0	0	0	0	0	0	0	0	0	0	0	0	0	0	0	0	0	0	0	0	0
1261031	Nostoc sp. 'Peltigera membranacea cyanobiont' N6	0	0	0	0	0	0	0	0	0	0	0	0	0	0	0	0	0	0	0	0	0	0	0	0	0	0	0	0	0	0	0	0	0	0	0	0	0	0	0	0	0	0	0	0	0	0	0	0	0	0	0	0	0	0	0	0	0	0	0	0	0	0	0	141
1261634	Roseburia sp. 499	0	57	0	0	0	25	0	57	0	182	0	0	0	0	0	0	110	0	0	0	0	0	0	0	0	0	0	0	0	0	0	0	0	0	12	0	0	0	1480	0	0	0	0	0	0	0	0	53	0	0	0	0	0	0	40	0	76	0	0	0	0	0	0	0
1261635	Roseburia sp. 831b	0	166	0	0	0	52	0	99	0	249	0	0	0	0	0	22	170	0	0	0	0	0	0	0	0	0	0	0	0	0	14	0	0	0	17	0	0	12	2393	0	0	0	0	0	0	0	0	65	0	0	0	0	0	0	56	16	89	0	0	0	0	0	0	0
1263728	Paracoccus sp. TOH	0	0	0	0	0	0	0	0	0	0	0	0	0	0	0	0	0	0	0	0	0	0	0	0	0	0	0	0	0	0	0	0	0	0	0	0	0	0	0	0	0	0	0	0	0	0	0	74	0	0	0	56	0	0	0	0	0	0	0	0	0	0	0	0
1265445	Chryseobacterium camelliae	0	0	0	0	0	0	0	0	0	0	0	0	0	0	0	0	0	0	0	0	0	0	0	0	0	0	0	0	0	0	0	0	0	0	0	0	0	0	0	0	0	0	0	0	0	0	0	0	0	0	0	0	0	0	0	0	25	0	13	0	0	0	0	0
1268041	Frondihabitans sucicola	0	0	0	0	0	0	0	0	89	0	0	0	0	64	0	39	0	0	0	0	0	0	0	0	0	15	0	0	0	0	0	0	0	0	0	0	430	0	0	0	0	0	0	20	0	0	0	0	0	0	0	0	0	0	0	0	0	0	0	0	0	0	0	0
1274359	Pseudomonas sihuiensis	0	0	0	0	0	0	0	0	0	0	0	51	0	0	0	0	0	0	0	0	0	0	0	0	0	0	0	0	0	0	0	0	0	0	0	0	0	0	0	0	0	0	0	0	0	0	0	0	0	0	80	0	0	0	0	0	0	0	0	0	0	0	0	0
1274631	Bradyrhizobium icense	0	0	0	0	0	0	0	0	0	0	0	0	0	19	27	0	0	0	0	0	0	0	0	0	0	0	0	0	0	0	0	0	0	0	0	0	0	0	0	0	0	0	0	0	0	0	0	0	0	0	0	0	0	0	0	0	0	0	0	0	0	0	0	0
1278212	Arcobacter suis	0	0	0	0	0	0	0	0	0	0	0	0	0	0	0	0	0	0	0	0	0	0	0	0	0	57	0	0	0	0	0	0	0	0	0	0	0	0	0	0	0	0	0	0	0	0	0	0	73	0	0	0	0	0	0	0	0	0	0	0	0	0	0	0
1278232	Keratinibaculum paraultunense	0	0	0	0	0	0	0	0	0	0	0	0	0	0	0	0	0	0	0	0	0	0	0	0	0	0	0	34	0	0	0	0	26	0	29	0	0	0	179	0	0	10	0	0	0	0	0	0	0	0	0	0	0	0	0	0	0	0	0	0	0	0	0	0
1281486	Lactococcus formosensis	0	0	23	0	0	0	0	0	0	141	0	0	77	0	0	0	27	0	0	0	0	0	0	0	0	0	0	0	83	0	0	0	56	0	391	0	0	0	18	0	0	0	0	0	0	0	0	0	0	0	0	18	0	0	0	0	0	0	0	0	0	0	0	0
1282737	Flaviflexus salsibiostraticola	0	0	17	0	0	14	0	0	0	0	0	0	0	0	0	0	0	0	0	0	0	0	0	0	0	0	0	0	0	0	0	0	0	0	0	0	11	0	0	0	0	0	0	0	0	0	0	0	0	0	0	0	0	0	0	0	0	0	0	0	0	0	0	0
1283291	Pseudomonas sp. URMO17WK12:I11	0	2546	1934	41	0	287	0	2065	0	926	703	0	87	0	210	0	209	0	0	0	71	0	0	0	0	33	0	650	106	0	1242	0	1654	0	422	130	1829	0	0	53	0	698	0	0	356	0	0	809	141	3888	0	1064	350	1107	119	0	92	0	652	0	84	0	85	0
1285192	Janibacter cremeus	0	0	0	0	0	0	51	0	0	0	0	0	0	0	0	0	0	0	0	0	0	0	0	0	0	0	0	0	0	0	0	0	0	0	0	0	27	0	0	0	0	0	0	0	0	0	0	0	0	0	0	0	13	0	0	0	0	0	0	0	0	0	0	0
1286180	Mycolicibacterium sediminis	0	0	35	25	70	0	0	0	0	0	0	0	0	0	0	0	0	0	0	0	0	0	0	0	0	25	0	0	0	0	13	0	0	0	0	0	0	0	0	0	0	0	31	0	0	0	0	0	0	0	0	0	0	0	0	0	0	0	0	0	0	0	0	0
1286181	Mycolicibacterium arabiense	0	0	14	17	0	0	0	0	0	0	0	0	0	0	0	0	0	0	0	0	0	0	0	0	0	0	0	0	0	0	0	0	0	0	0	0	0	0	0	35	0	0	19	0	0	0	0	0	0	0	0	0	0	0	0	0	0	0	0	0	0	0	0	0
1287640	Anaerococcus obesiensis	0	407	517	49	0	651	0	8310	0	119	66	0	284	0	175	61	1561	0	0	0	120	372	0	0	0	110	0	587	30	0	475	0	375	0	356	0	382	0	2107	0	0	493	0	0	79	71	27	9024	0	258	0	259	295	768	297	115	2458	0	345	159	62	0	0	0
1287736	Achromobacter aegrifaciens	0	0	119	0	0	0	0	0	0	0	0	0	0	0	0	0	0	0	0	0	0	0	0	0	0	0	0	0	0	0	0	0	0	0	0	0	0	0	0	0	0	0	0	0	0	0	0	0	0	0	0	0	0	0	0	0	0	0	0	0	0	0	0	0
1288121	Alistipes senegalensis	0	116	13	0	0	26	0	165	12	988	0	0	0	0	0	0	220	0	0	0	0	0	0	0	0	0	0	17	0	0	0	0	0	0	56	0	0	0	5434	0	0	12	0	0	0	11	0	109	0	0	0	0	0	14	34	0	51	0	13	0	0	0	0	0
1288636	Ornithinimicrobium flavum	0	0	0	0	21	0	0	0	0	0	0	0	22	0	0	0	0	0	0	0	0	0	0	0	0	0	0	0	0	0	19	0	31	0	0	0	0	0	0	0	0	0	0	0	0	0	0	19	0	0	12	0	0	0	0	0	0	0	0	0	0	0	0	0
1291556	Nonomuraea fuscirosea	0	0	0	0	0	0	0	0	0	0	0	0	0	0	0	0	0	0	0	0	0	0	0	0	0	0	0	0	0	0	0	0	0	0	0	0	23	0	0	0	0	0	0	0	0	0	0	0	0	0	0	0	0	0	0	0	0	0	0	0	0	0	0	0
1296669	Aquabacterium olei	0	0	0	0	336	24	53	105	63	19	0	55	12	0	0	47	18	0	0	25	0	0	35	0	111	50	19	76	0	136	53	71	38	169	67	28	37	36	102	0	52	33	0	0	0	0	50	0	31	12	38	18	40	13	0	25	0	0	11	0	0	0	0	0
1297617	Intestinimonas butyriciproducens	0	433	17	0	13	275	0	205	0	495	0	0	0	0	0	0	305	0	0	0	0	0	0	0	0	0	0	0	0	0	18	0	12	0	54	0	11	0	7084	0	0	19	0	0	11	30	14	96	0	0	0	0	0	30	151	16	186	0	18	0	0	0	0	0
1306274	Nostoc flagelliforme	0	0	0	0	0	0	0	0	0	0	0	0	0	0	0	0	0	0	0	0	0	0	0	0	0	0	0	0	0	0	0	0	0	0	0	0	0	0	0	0	0	0	0	0	0	0	0	240	0	0	0	0	0	0	0	0	0	0	0	0	0	0	0	102
1306519	Flavobacterium commune	0	0	0	0	0	0	0	0	0	0	0	0	0	0	0	0	0	0	0	0	0	0	0	0	0	0	0	0	0	0	0	0	0	0	0	0	0	0	17	0	0	0	0	0	0	0	0	0	0	0	0	0	0	0	0	0	0	0	0	0	0	0	0	0
1306787	Isoalcanivorax pacificus	0	0	0	0	0	17	0	0	0	0	0	0	0	0	0	0	0	0	0	0	0	0	0	0	0	0	0	0	0	0	0	0	0	0	0	0	0	0	0	0	0	0	0	0	0	0	0	0	0	0	0	0	0	0	0	0	0	0	0	0	0	0	0	0
1306993	Pseudomonas soli	0	0	0	0	0	0	0	0	0	0	0	0	0	0	0	0	0	0	0	0	0	0	0	0	0	216	0	0	0	0	0	0	0	0	0	0	0	0	0	0	0	0	0	0	0	0	0	0	0	0	0	0	0	0	0	0	0	0	0	0	0	0	0	0
1310165	Ralstonia pseudosolanacearum	0	0	147	0	0	0	0	0	0	0	0	0	0	0	0	0	0	0	0	0	0	0	0	0	0	0	0	0	0	0	0	0	0	0	0	0	0	0	0	0	0	0	0	0	0	0	0	0	0	0	0	0	0	0	0	0	0	0	0	0	0	0	0	0
1312364	Brevundimonas albigilva	0	0	0	199	0	0	0	39	0	0	0	0	0	0	0	0	266	0	0	23	38	0	0	0	34	26	0	49	0	0	0	0	0	0	0	0	0	22	33	0	0	219	109	0	0	85	968	453	0	0	22	27	1845	58	0	0	73	0	0	0	0	0	0	0
1315974	Sphingobium sp. TKS	0	0	139	0	0	0	0	51	0	30	0	0	0	0	0	0	0	0	0	0	0	0	0	0	0	0	0	0	0	0	0	0	0	0	0	0	739	0	0	0	0	0	0	0	0	0	0	0	0	0	0	0	0	0	0	0	0	0	0	0	0	0	0	0
1316593	Capnocytophaga sp. oral taxon 864	0	46	57	0	0	105	0	128	0	802	0	0	48	0	0	0	90	0	0	0	697	0	0	0	0	1382	0	100	0	0	0	0	74	0	73	0	563	0	0	0	0	43	0	0	0	0	0	0	0	38	0	0	0	137	0	0	107	0	282	0	53	0	0	0
1316596	Capnocytophaga sp. oral taxon 878	0	65	119	16	0	135	0	202	83	6154	35	0	64	0	27	0	250	0	0	0	4504	0	0	0	0	512	0	178	0	0	81	0	89	0	122	0	1218	0	0	0	0	103	0	0	22	0	0	43	0	62	0	58	19	226	110	0	65	17	213	0	174	0	0	0
1323731	Streptomonospora nanhaiensis	0	0	0	0	0	0	0	0	0	0	0	0	0	0	0	0	0	0	0	0	0	0	0	0	0	0	0	0	0	0	0	0	0	0	0	0	28	0	0	0	0	0	0	0	0	0	0	0	0	0	0	0	0	0	0	0	0	0	0	0	0	0	0	0
1324796	Lysobacter lycopersici	0	0	0	0	0	0	0	0	0	0	0	0	0	0	0	0	0	0	0	0	0	0	0	0	0	0	0	0	0	0	0	0	0	0	0	0	0	0	0	0	0	0	0	0	0	0	0	77	0	0	0	0	0	0	0	0	0	0	0	0	0	0	0	0
1325090	Bradyrhizobium guangdongense	0	0	0	0	0	0	0	0	0	0	0	0	0	76	69	0	0	0	0	0	0	0	0	0	0	0	0	0	0	0	0	0	0	0	0	0	0	0	0	0	0	0	0	0	0	0	0	0	0	0	0	0	0	0	0	0	0	0	0	0	0	0	0	0
1325095	Bradyrhizobium guangzhouense	0	37	0	44	0	0	0	0	0	138	0	0	496	0	0	0	0	0	0	0	0	0	0	0	0	0	0	0	0	0	0	0	0	0	0	0	0	0	0	0	0	0	0	0	0	0	0	0	0	0	0	0	0	0	0	0	0	0	0	0	0	0	0	0
1325100	Bradyrhizobium sp. CCBAU 51753	0	0	0	0	0	0	0	0	0	0	0	0	0	76	54	0	0	0	0	0	0	0	0	0	0	0	0	0	0	0	0	0	0	0	0	0	0	0	0	0	0	0	0	0	0	0	0	0	0	0	0	0	0	0	0	0	0	0	0	0	0	0	0	0
1325107	Bradyrhizobium zhanjiangense	0	0	0	0	0	0	0	0	0	0	0	0	0	161	130	0	0	0	0	0	0	0	0	0	0	0	0	0	0	0	0	0	0	0	0	0	0	0	0	0	0	0	0	0	0	0	0	0	0	0	0	0	0	0	0	0	0	0	0	0	0	0	0	0
1325112	Bradyrhizobium sp. CCBAU 53340	0	0	0	0	0	0	0	0	0	84	0	0	0	88	89	0	0	0	0	0	0	0	0	0	0	0	0	0	0	0	0	0	0	0	0	0	0	0	0	0	0	0	0	0	0	0	0	0	0	0	0	0	0	0	0	0	0	0	0	0	0	0	0	0
1325120	Bradyrhizobium sp. CCBAU 53421	77	46	71	48	0	0	0	0	0	135	104	0	0	0	88	0	0	0	0	0	0	0	0	0	0	0	0	0	0	0	0	0	44	0	0	0	0	0	0	0	0	239	0	0	210	0	0	0	245	68	0	0	0	0	0	0	0	0	0	0	0	0	0	0
1325724	Brevundimonas vancanneytii	0	0	90	0	0	0	0	0	0	0	0	0	0	0	0	0	0	0	0	0	0	0	0	0	0	0	0	0	145	0	0	0	62	0	0	0	0	0	0	0	0	0	0	0	0	0	0	0	0	0	0	231	0	0	0	0	0	0	0	0	0	0	0	0
1327635	Sphingomonas psychrotolerans	0	17	22	0	0	0	0	0	0	0	0	0	0	22	0	0	0	0	0	0	0	0	0	0	0	0	0	0	0	0	0	0	0	0	0	0	82	0	0	0	0	0	0	0	0	0	0	0	0	0	0	0	0	0	0	0	0	0	0	0	0	0	0	0
1328300	Fusarium keratoplasticum	0	0	0	161	0	73	0	0	0	0	0	0	0	0	0	0	0	3295	3848	0	0	0	0	0	0	0	0	0	0	0	0	0	0	0	0	0	0	0	0	0	0	674	315	0	0	0	0	0	0	0	0	0	0	0	0	0	0	0	0	0	0	0	0	0
1331682	Brachybacterium ginsengisoli	0	0	0	0	0	0	0	0	0	0	0	0	0	0	0	0	0	0	0	0	0	0	0	0	0	68	0	0	0	0	0	0	0	0	0	0	0	0	0	0	0	0	0	0	0	0	687	0	0	0	0	0	0	0	0	0	0	0	0	0	0	0	0	0
1332080	Sphingobium baderi	0	0	278	0	0	0	0	65	0	151	0	0	0	0	0	0	0	0	0	0	0	94	0	0	106	163	0	0	0	0	53	0	0	0	44	0	674	0	0	0	0	108	0	0	0	0	0	611	0	68	0	0	356	82	0	0	0	0	0	0	84	0	136	0
1332188	Candidatus Saccharimonas aalborgensis	0	0	14	0	0	11	0	0	0	36	0	0	10	0	0	0	13	0	0	0	0	0	0	0	0	0	0	0	0	0	0	0	0	0	0	0	10	0	0	0	0	0	0	0	0	0	0	0	0	0	0	0	0	0	0	0	0	0	21	0	0	0	0	0
1332264	Tessaracoccus aquimaris	0	12	0	0	0	0	0	0	0	0	0	0	0	0	0	0	0	0	0	0	0	0	0	0	0	0	0	0	0	0	0	0	0	0	0	0	0	0	0	0	0	0	0	0	0	0	0	0	0	0	0	0	0	0	0	0	0	0	0	0	0	0	0	0
1333996	Variibacter gotjawalensis	0	0	0	0	0	0	0	0	0	0	0	0	0	23	15	0	0	0	0	0	0	0	0	0	0	0	0	0	0	0	0	0	0	0	0	0	0	0	0	0	0	0	0	0	0	0	0	0	0	0	0	0	0	0	0	0	0	0	0	0	0	0	0	0
1335048	Frigidibacter mobilis	0	0	0	0	0	0	0	0	0	0	0	0	0	0	0	0	0	0	0	0	0	0	0	0	0	0	0	0	0	0	0	0	0	0	0	0	0	0	0	0	0	0	0	0	0	0	0	270	0	0	0	0	106	0	0	0	0	0	0	0	0	0	0	0
1335061	Pseudorhizobium flavum	0	0	0	0	0	0	0	0	0	0	0	0	0	0	0	0	0	0	0	0	0	0	0	0	0	0	0	0	0	0	0	0	0	0	0	0	0	0	0	0	0	0	0	0	0	0	3287	0	0	0	0	0	0	0	0	0	0	0	0	0	0	0	0	0
1335613	Gordonibacter urolithinfaciens	0	516	61	0	0	0	0	253	0	1009	0	0	0	0	0	0	247	0	0	0	0	0	0	0	0	0	0	0	0	0	0	0	0	0	0	0	0	0	47	0	0	0	0	0	0	0	0	423	0	0	0	39	0	0	100	0	193	0	0	0	0	0	0	0
1336740	Corynebacterium atrinae	0	0	19	0	0	0	0	0	0	0	0	0	0	0	0	0	0	0	0	0	0	0	0	0	0	0	0	0	0	0	0	0	0	0	0	0	26	0	0	0	0	0	0	0	0	0	0	32	0	0	0	0	26	0	0	0	0	0	0	0	0	0	0	0
1338689	Pseudomonas sp. JY-Q	0	448	605	0	0	0	0	400	0	0	0	0	0	0	0	0	0	0	0	0	0	0	0	0	0	0	0	0	0	0	0	0	677	0	0	0	0	0	0	0	0	0	0	0	0	0	0	0	0	809	0	0	0	0	0	0	0	0	0	0	0	0	0	0
1344094	Pseudomonas sp. HN11	0	0	17	0	0	0	0	0	0	17	0	0	18	0	0	0	0	0	0	0	0	0	0	0	0	0	0	0	0	0	0	0	0	0	14	0	0	0	0	0	0	0	0	0	0	0	0	0	0	56	0	21	0	0	0	0	0	0	0	0	0	0	0	0
1349819	Aureimonas sp. AU20	0	0	0	14	0	0	0	29	0	0	0	0	0	12	0	0	0	0	0	0	0	0	0	0	0	0	0	0	0	0	0	0	0	0	0	0	12	0	0	0	0	0	0	0	0	0	0	0	0	0	0	0	0	0	0	0	0	0	0	0	0	0	0	0
1353260	Candidatus Nitrosocosmicus oleophilus	0	0	0	0	0	0	0	0	0	0	0	0	0	0	0	0	0	0	0	0	0	0	0	0	0	0	0	0	0	16	0	0	0	0	0	0	0	0	0	0	0	0	0	0	0	0	0	0	0	0	0	0	0	0	0	0	0	0	0	0	0	0	0	0
1355477	Bradyrhizobium diazoefficiens	0	0	0	280	0	0	0	0	0	311	0	0	0	769	675	0	0	0	0	0	0	0	0	0	0	0	0	0	0	0	0	0	0	0	0	0	0	0	0	0	0	0	0	0	0	0	0	0	0	0	0	0	0	0	0	0	0	0	0	0	0	0	0	0
1357915	Arthrobacter sp. QXT-31	0	0	0	0	0	0	0	0	0	0	0	0	0	0	0	0	0	0	0	0	0	0	0	0	0	0	0	0	0	0	0	0	0	0	0	0	28	0	0	0	0	0	0	0	0	0	0	0	0	0	0	0	0	0	0	0	0	0	0	0	0	0	0	0
1368430	Rhizobium rosettiformans	0	0	0	0	0	0	0	0	0	0	0	0	0	0	0	0	0	0	0	0	0	0	0	0	0	0	0	0	0	0	0	0	0	0	0	0	0	0	0	0	0	0	0	0	0	0	91	40	0	0	0	0	36	0	0	0	0	0	0	0	0	0	0	0
1382237	Pseudomonas sp. OVF7	0	0	0	0	0	0	0	0	0	0	0	0	75	0	0	0	0	0	0	0	0	0	0	0	0	0	0	0	0	0	0	0	0	0	0	0	0	0	0	0	0	0	0	0	0	0	0	0	0	0	0	0	0	0	0	0	0	0	0	0	0	0	0	0
1387353	Paludisphaera borealis	0	0	0	0	21	20	0	0	0	0	0	0	0	0	0	0	0	0	0	0	0	0	0	0	0	0	0	0	0	0	0	0	0	0	0	0	0	0	0	0	0	0	0	0	0	0	0	0	0	0	0	0	0	0	0	0	0	0	0	0	0	0	0	0
1389020	Agromyces marinus	0	0	0	0	0	0	0	0	0	0	0	0	0	0	0	0	0	0	0	0	0	0	0	0	0	21	0	0	0	0	0	0	0	0	0	0	440	0	0	0	0	0	0	0	0	0	0	0	0	0	0	0	0	0	0	0	0	0	0	0	0	0	0	0
1389713	Mycobacterium paragordonae	0	0	0	0	95	37	0	77	75	0	0	51	0	0	0	66	0	0	0	27	0	0	52	0	23	64	0	61	0	38	60	24	38	98	63	20	104	29	54	0	0	43	0	0	0	0	0	27	0	0	79	0	36	0	0	0	0	0	0	0	0	0	0	0
1390395	Sphingomonas sp. LK11	0	0	9670	416	0	0	0	3237	0	6403	0	0	0	0	1558	0	0	0	0	0	447	0	0	0	0	588	0	357	0	0	516	0	938	0	515	0	3585	0	0	0	0	384	0	0	251	520	0	349	0	2511	0	1666	410	781	0	0	0	0	0	0	0	0	1271	0
1392877	Pseudomonas oryzae	0	0	0	0	0	0	0	0	0	0	0	0	0	0	0	12	11	0	0	0	0	0	0	0	0	0	0	0	0	0	0	0	0	0	0	0	0	0	0	0	0	0	0	0	0	0	0	0	0	0	0	0	0	0	0	0	0	0	0	0	0	0	0	0
1397703	Brasilonema sennae	0	0	0	0	0	0	0	0	0	0	0	0	0	0	0	0	0	0	0	0	0	0	0	0	0	0	0	0	0	0	0	0	0	0	0	0	0	0	0	0	0	0	0	0	0	0	0	60	0	0	0	0	0	0	0	0	0	0	0	0	0	0	0	153
1401995	Clavibacter californiensis	0	0	0	0	0	0	0	0	0	0	0	0	0	0	0	0	0	0	0	0	0	0	0	0	0	0	0	0	0	0	0	0	0	0	0	0	297	0	0	0	0	0	0	0	0	0	0	0	0	0	0	0	0	0	0	0	0	0	0	0	0	0	0	0
1402861	Priestia filamentosa	0	0	0	0	0	0	0	0	0	0	0	0	0	0	0	0	0	0	0	0	0	0	0	0	0	0	0	0	0	0	0	0	0	0	0	0	0	0	0	0	0	0	0	0	0	0	0	0	0	0	0	0	0	37	0	0	0	0	0	0	0	0	0	0
1404244	Corynebacterium glyciniphilum	0	22	0	0	0	0	0	10	0	0	0	0	0	0	0	0	0	0	0	0	0	0	0	0	0	0	0	0	0	0	0	0	0	0	0	0	15	0	0	0	0	11	0	0	16	0	0	0	0	0	0	0	0	0	0	0	0	0	0	0	0	0	0	0
1404367	Bradyrhizobium symbiodeficiens	0	0	0	0	0	0	0	0	0	0	0	0	0	356	183	0	0	0	0	0	0	0	0	0	0	0	0	0	0	0	0	0	0	0	0	0	0	0	0	0	0	0	0	0	0	0	0	0	0	0	0	0	0	0	0	0	0	0	0	0	0	0	0	0
1404443	Bradyrhizobium sp. 41S5	0	0	64	0	0	0	0	0	0	91	102	0	0	0	0	0	0	0	0	0	0	0	0	0	0	0	0	0	0	0	0	0	0	0	0	0	0	0	0	0	0	122	0	0	0	0	0	0	0	0	0	0	0	0	0	0	0	0	0	0	0	0	0	0
1404864	Bradyrhizobium cosmicum	0	0	12	0	0	0	0	0	0	0	0	0	0	0	0	0	0	0	0	0	0	0	0	0	0	0	0	0	0	0	0	0	0	0	0	0	0	0	0	0	0	0	0	0	0	0	0	0	0	0	0	0	0	0	0	0	0	0	0	0	0	0	0	0
1408191	Corynebacterium deserti	0	0	0	0	0	0	0	0	0	0	0	0	0	0	0	0	0	0	0	0	0	0	0	0	0	0	0	18	0	0	0	0	0	0	0	0	11	0	0	0	0	0	0	0	0	11	0	0	0	0	0	0	12	15	0	0	0	0	0	0	0	0	0	0
1411117	Thermomonospora amylolytica	0	0	0	0	0	0	0	0	0	0	0	0	0	0	0	0	0	0	0	0	0	0	0	0	0	0	0	0	0	0	0	0	0	0	0	0	35	0	0	0	0	0	0	0	0	0	0	0	0	0	0	0	0	0	0	0	0	0	0	0	0	0	0	0
1411621	Hymenobacter sedentarius	0	0	0	0	0	0	0	0	0	0	0	0	0	0	0	56	0	0	0	0	0	0	0	0	0	0	0	0	0	0	0	0	0	0	0	0	0	0	0	0	0	0	0	0	0	0	0	0	0	0	0	0	0	0	0	0	0	0	0	0	0	0	0	0
1413221	Streptomyces ferrugineus	0	0	0	0	0	0	0	0	0	0	0	0	0	0	0	0	0	0	0	0	0	0	0	0	0	0	0	0	0	0	0	0	0	0	0	0	175	0	0	0	0	0	0	0	0	0	0	0	0	0	0	0	0	0	0	0	0	0	0	0	0	0	0	0
1414719	Corynebacterium jeddahense	0	1494	1308	119	388	550	69	4619	14	256	233	0	576	162	534	1111	4226	0	65	0	125	720	57	0	110	342	0	639	38	29	785	0	227	0	286	157	4023	0	2058	75	0	1736	0	0	1229	298	0	436	0	589	0	237	432	1013	1108	113	977	0	608	83	159	0	921	63
1416779	Epilithonimonas zeae	0	0	0	0	0	0	0	18	11	31	0	97	0	0	0	0	0	0	0	0	0	0	0	0	0	0	0	0	0	0	0	0	0	0	0	0	0	0	0	0	0	0	0	0	13	0	0	0	0	0	11	0	0	0	0	0	0	0	0	0	0	30	0	0
1421430	Pseudomonas granadensis	0	0	0	0	0	0	0	0	0	27	0	2075900	4977766	0	0	0	0	0	0	0	0	0	0	0	105	31622	0	39	0	0	139	0	0	12410	893046	0	32	0	61	0	0	103	0	0	0	0	0	0	0	0	0	0	0	0	0	0	0	0	0	0	0	0	0	0
1428684	Exiguobacterium alkaliphilum	0	0	0	0	0	0	0	0	0	0	0	0	0	0	0	0	0	0	0	0	0	0	0	0	0	0	0	0	0	0	0	0	0	0	0	0	0	0	0	0	0	0	0	0	0	0	0	0	0	0	0	0	0	0	0	0	0	0	11	0	0	0	0	0
1433513	Streptococcus gwangjuense	1355	2447	6210	338	701	1372	20	1712	110	1443	9170	97	8125	0	415	111	2220	0	25	26	436	27	75	23	0	2794	0	4963	4398	40	895	0	4190	105	8825	59	2106	38	416	160	0	2208	0	44	863	181	44	324	139	3420	183	1987	206	848	311	18	772	24	1812	32	687	70	4580	31
1437009	Chenggangzhangella methanolivorans	0	17	0	0	0	0	0	0	0	0	0	0	0	192	113	0	0	0	0	0	0	0	0	0	0	0	0	0	0	0	0	0	0	0	0	0	0	0	0	0	0	0	0	0	0	0	0	0	0	0	0	0	0	0	0	0	0	0	0	0	0	0	0	0
1437360	Bradyrhizobium erythrophlei	0	0	27	0	0	0	0	0	0	0	0	0	0	59	56	0	0	0	127	0	0	0	0	0	0	119	0	0	0	0	0	0	0	0	0	0	0	0	0	0	0	0	0	0	0	0	0	0	0	0	0	0	0	0	0	0	0	0	0	0	0	0	0	0
1446794	Frondihabitans sp. 762G35	0	0	0	0	0	0	0	0	0	0	0	0	0	0	0	0	0	0	0	0	0	0	0	0	0	23	0	0	0	0	0	0	0	0	0	0	952	0	0	0	0	0	0	0	0	0	0	0	0	0	0	0	0	0	0	0	0	0	0	0	0	0	0	0
1448059	Amycolatopsis rhabdoformis	0	0	0	0	0	0	0	0	0	0	0	0	0	0	0	0	0	0	0	0	0	0	0	0	0	0	0	0	0	0	0	0	0	0	0	0	52	0	0	0	0	0	0	0	0	0	0	0	0	0	0	0	0	0	0	0	0	0	0	0	0	0	0	0
1448857	Campylobacter corcagiensis	0	0	0	0	0	0	0	0	0	0	0	0	0	0	0	0	0	0	0	0	0	0	0	0	0	0	0	0	0	0	0	0	0	0	0	0	0	0	21	0	0	0	0	0	0	0	0	0	0	0	0	0	0	0	0	0	0	0	0	0	0	0	0	0
1458425	Serpentinimonas raichei	0	0	0	0	0	0	0	0	0	0	0	0	0	0	0	0	0	0	0	0	0	0	0	0	0	0	0	0	0	0	0	0	0	0	0	0	0	0	0	0	0	0	0	0	0	0	0	24	0	0	0	0	0	0	0	0	0	0	12	0	0	0	0	0
1458426	Serpentinimonas maccroryi	0	46	0	0	0	0	0	0	0	0	0	0	0	0	0	0	0	0	0	0	0	0	0	0	0	0	0	0	0	0	0	0	0	0	0	0	0	0	0	0	0	0	0	0	0	0	0	0	0	0	0	0	0	0	0	0	0	0	0	0	0	0	0	0
1461582	Jeotgalicoccus saudimassiliensis	0	0	0	0	0	0	0	25	0	0	0	0	0	0	0	0	0	0	0	0	0	0	0	0	0	0	0	0	0	0	0	0	0	0	0	0	27	0	0	0	0	0	0	0	0	0	0	0	0	0	0	0	0	32	0	0	0	0	0	0	0	0	0	0
1463158	Thermomonas carbonis	0	0	0	0	0	0	0	0	0	0	0	0	0	0	0	0	0	0	0	0	0	39	0	0	0	14	0	0	0	0	0	0	0	0	0	0	0	0	0	0	0	0	0	0	0	0	0	0	0	0	0	0	0	0	0	0	0	0	0	0	0	0	0	0
1463165	Klebsiella quasipneumoniae	0	144	75	39	0	86	0	59	0	173	0	0	533	0	0	0	56	0	0	0	35	0	0	0	0	0	0	0	0	0	0	0	0	0	0	0	58	0	0	0	0	113	0	0	66	0	0	0	0	0	0	0	0	46	0	0	0	0	0	0	0	0	32	0
1470347	Alistipes ihumii	0	226	0	0	0	16	0	253	20	1209	0	0	0	0	0	0	210	0	0	0	0	0	0	0	0	0	0	0	0	0	0	0	0	0	17	0	0	0	2775	0	0	0	0	0	0	0	0	141	0	0	0	0	0	11	30	0	38	0	0	0	24	0	0	0
1472416	Butyricimonas faecihominis	0	97	0	0	0	0	0	153	0	248	0	0	0	0	0	0	90	0	0	0	0	0	0	0	0	0	0	0	0	0	0	0	0	0	31	0	0	0	2127	0	0	0	0	0	0	0	0	25	0	0	0	0	0	16	27	0	25	0	0	0	0	0	0	0
1472417	Butyricimonas paravirosa	0	106	0	0	0	0	0	403	33	1017	0	0	0	0	0	0	224	0	0	0	0	0	0	0	0	0	0	0	0	0	0	0	0	0	0	0	0	0	524	0	0	0	0	0	0	0	0	128	0	0	0	0	0	22	30	0	94	0	23	0	0	0	0	0
1476025	Heyndrickxia vini	0	0	0	0	0	18	0	0	0	0	0	0	0	0	0	0	0	0	0	0	0	0	0	0	0	0	0	0	0	0	0	0	0	0	0	0	17	0	0	0	0	0	0	0	0	0	0	0	0	0	0	0	0	0	0	0	0	0	0	0	0	0	0	0
1479019	Methylobacterium sp. C1	1801	0	8544	841	0	171	0	0	0	4282	0	165	0	451026	291880	0	0	0	0	59	0	0	0	0	0	4809	0	0	0	0	0	0	151	59	136	0	117	0	91	0	0	0	2249	129	0	0	0	0	462	884	0	0	183	0	0	0	0	0	0	0	0	1974	4426	0
1482074	Hartmannibacter diazotrophicus	0	0	0	0	0	0	0	0	0	0	0	0	0	12	0	0	0	0	0	0	0	0	0	0	0	0	0	0	0	0	0	0	0	0	0	0	0	0	0	0	0	0	0	0	0	0	0	0	0	0	0	0	0	0	0	0	0	0	0	0	0	0	0	0
1484109	Lichenicola cladoniae	0	0	0	0	0	0	0	0	0	0	0	0	0	0	0	0	0	0	0	0	0	0	0	0	0	0	0	0	0	0	0	0	0	0	0	0	0	0	0	0	0	0	0	0	0	0	0	0	0	0	0	0	0	0	0	0	28	0	0	0	0	0	0	0
1493872	Chryseobacterium shandongense	0	0	0	0	0	0	0	0	0	49	0	0	0	0	0	0	0	0	0	0	0	0	0	0	14	39	0	0	0	15	12	111	0	0	15	0	19	0	0	0	0	58	0	0	0	0	0	23	0	0	0	133	0	0	0	11	0	0	0	0	0	0	0	0
1495066	Pseudomonas capeferrum	0	0	0	0	0	0	0	0	0	0	0	0	0	0	0	0	0	0	0	0	0	0	0	0	0	0	0	0	0	0	0	0	0	175	0	0	0	0	0	0	0	0	0	0	0	0	0	0	0	0	0	0	0	0	0	0	0	0	0	0	0	0	0	0
1496080	Brevibacterium pigmentatum	0	0	0	0	0	0	0	41	0	0	0	0	0	0	0	0	0	0	0	0	0	0	0	0	0	0	0	0	0	0	0	0	0	0	0	0	0	0	0	0	0	0	0	0	0	0	1069	0	0	0	0	0	0	0	0	0	0	0	0	0	0	0	0	0
1499308	Paracoccus mutanolyticus	0	0	0	0	0	0	0	0	0	0	0	0	0	0	0	0	0	0	0	0	0	0	0	0	0	0	0	0	0	0	0	0	0	0	0	0	0	0	0	0	0	0	0	0	0	0	0	64	0	0	0	0	0	0	0	0	0	0	0	0	0	52	0	0
1501392	Coprobacter secundus	0	39	0	0	0	0	0	0	0	0	0	0	0	0	0	0	19	0	0	0	0	0	0	0	0	0	0	0	0	0	0	0	0	0	0	0	0	0	19	0	0	0	0	0	0	0	0	0	0	0	0	0	0	0	0	0	27	0	0	0	0	0	0	0
1501662	Streptococcus parasuis	18	32	1377	0	0	200	0	33	0	113	79	0	97	0	0	0	48	0	0	0	0	48	0	13	0	12	0	34	170	0	29	0	298	17	87	0	46	0	46	0	0	26	0	0	0	0	0	0	0	47	59	30	0	17	70	0	15	0	28	0	0	0	13	0
1507512	Romboutsia hominis	0	21	0	0	59	26	21	33	118	42	0	13	0	0	0	32	18	0	0	0	0	45	0	0	0	0	0	0	0	0	0	0	0	0	0	0	15	0	0	0	0	0	0	0	0	0	0	18	0	0	0	0	0	0	12	184	46	0	0	0	0	0	0	0
1507808	Pectobacterium actinidiae	0	0	0	36	0	0	0	0	12	289	0	0	598	0	0	0	79	0	0	0	0	0	0	0	0	0	0	0	0	0	0	0	0	0	0	0	0	0	0	0	0	0	0	0	0	0	0	0	0	0	0	0	0	0	0	0	0	0	0	0	0	0	0	0
1510570	Rahnella victoriana	0	0	0	68	0	0	0	0	0	175	0	18	2787	0	0	12	302	0	0	0	0	0	0	0	0	0	0	0	0	0	0	0	0	0	48	0	0	0	0	0	0	0	0	0	17	0	0	0	0	0	0	0	0	0	0	0	0	0	0	0	0	0	0	0
1511761	Leuconostoc suionicum	0	0	0	0	0	0	0	0	0	195	0	0	2505	0	0	0	192	0	0	0	0	0	0	0	0	0	0	0	0	0	0	0	0	0	0	0	0	0	0	0	0	0	0	0	0	0	0	0	0	0	0	0	0	0	0	0	0	0	0	0	0	0	0	0
1513468	Rouxiella chamberiensis	0	0	0	0	0	0	0	0	0	0	0	0	16	0	0	0	0	0	0	0	0	0	0	0	0	0	0	0	0	0	0	0	0	0	0	0	0	0	0	0	0	0	0	0	0	0	0	0	0	0	0	0	0	0	0	0	0	0	0	0	0	0	0	0
1515612	Sphingopyxis fribergensis	0	0	0	0	0	0	0	47	0	0	0	0	0	0	0	0	0	0	0	0	0	0	0	0	0	0	0	0	0	0	0	0	0	53	0	0	0	0	0	0	0	0	0	0	0	0	0	0	0	0	0	0	0	0	0	0	0	0	0	0	0	0	0	0
1517551	Sphingomonas sp. HMP6	0	0	16	0	0	0	0	0	0	0	0	0	0	0	0	0	0	0	0	0	0	0	0	0	0	0	0	0	0	0	0	0	0	0	0	0	19	0	0	0	0	0	0	0	0	0	0	0	0	0	0	0	0	0	0	0	0	0	0	0	0	0	0	0
1517554	Sphingomonas sp. HMP9	0	18	48	0	0	0	0	12	0	0	0	0	0	0	0	0	0	0	0	0	0	0	0	0	0	0	0	0	0	0	0	0	0	0	0	0	29	0	0	0	0	0	0	0	0	0	0	0	0	0	0	0	0	0	0	0	0	0	0	0	0	0	0	0
1520670	[Mycobacterium] stephanolepidis	0	0	0	0	0	0	0	0	0	0	0	0	0	0	0	0	0	54	0	0	0	0	0	0	0	0	0	0	0	0	0	0	0	0	0	0	0	0	0	0	0	0	0	0	0	0	0	0	0	0	0	0	0	0	0	0	0	0	0	0	0	0	0	0
1521117	Corallococcus sp. EGB	0	0	0	0	0	0	0	0	0	0	0	0	0	0	0	0	0	0	0	0	0	0	0	0	0	0	0	0	0	0	0	0	0	0	0	0	0	0	0	0	0	13	0	0	0	0	0	0	0	0	0	0	25	0	0	0	0	0	0	0	0	0	0	0
1521768	Bradyrhizobium sp. WD16	0	0	0	0	0	0	0	0	0	0	0	0	0	53	42	0	0	0	94	0	0	0	0	0	0	0	0	0	0	0	0	0	0	0	0	0	0	0	165	0	0	0	0	0	0	0	0	0	0	0	0	0	0	0	0	0	0	0	0	0	0	0	0	0
1522312	Kingella negevensis	0	0	0	0	0	0	0	42	0	0	0	0	0	0	0	0	0	0	0	0	0	0	0	0	0	32	0	0	0	0	0	0	0	0	0	0	42	0	0	0	0	0	0	0	0	0	0	0	0	0	0	0	0	0	201	0	0	0	0	0	0	0	0	0
1523415	Sphingomonas sp. AAP5	0	71	112	0	0	0	0	0	0	44	0	0	0	0	0	188	0	0	0	0	0	0	19	0	0	17	0	0	15	0	0	0	15	0	19	0	92	0	65	0	0	0	0	0	0	0	0	0	0	17	0	0	0	0	0	0	0	0	0	0	0	0	0	0
1526658	Bosea vaviloviae	0	0	0	0	0	0	0	0	0	0	0	0	0	228	146	0	0	0	0	0	0	0	0	0	0	0	0	0	0	0	0	0	0	0	0	0	0	0	0	0	0	0	0	0	0	0	0	123	0	0	0	0	0	0	0	0	0	0	0	0	0	0	0	0
1528099	Lawsonella clevelandensis	58	572	1150	2237	56	934	11	1228	50	2548	127	29	257	0	388	32	425	0	37	42	508	32	0	0	14	1603	17	9467	57	58	2369	21	2779	166	2571	82	2051	19	298	32	32	5054	39	12	339	143	92	551	11	392	27	418	419	1260	78	23	215	19	1193	0	112	22	188	16
1528104	Geodermatophilus sp. DSM 44513	0	0	0	0	0	0	0	0	0	0	0	0	0	0	0	0	0	0	0	0	0	0	0	0	0	0	0	0	0	0	0	0	0	0	0	0	2556	0	0	0	0	0	138	0	0	0	42	0	0	0	0	0	0	0	0	0	0	0	0	0	0	0	0	0
1529068	Paracoccus tegillarcae	0	16	0	0	0	0	0	0	0	0	0	0	0	0	0	0	0	0	0	0	0	0	0	0	0	0	0	0	0	0	0	0	0	0	0	0	0	0	0	0	0	0	0	0	0	0	0	0	0	0	0	0	0	0	0	0	0	0	0	0	0	0	0	0
1530123	Acinetobacter seifertii	0	82	0	0	0	31	0	21	0	0	0	0	0	0	0	0	0	0	0	0	0	0	0	0	0	0	0	0	0	0	0	0	0	0	18	0	0	0	0	0	0	0	0	0	0	0	0	0	0	0	0	0	0	0	0	0	0	0	0	0	0	0	0	14
1531429	Berryella intestinalis	0	0	0	0	0	0	0	0	0	0	0	0	0	0	0	0	0	0	0	0	0	0	0	0	0	0	0	0	0	0	0	0	0	0	0	0	0	0	20	0	0	0	0	0	0	0	0	0	0	0	0	0	0	0	0	0	0	0	0	0	0	0	0	0
1532023	Qipengyuania sediminis	0	0	0	0	0	0	0	0	0	0	0	0	0	0	0	0	0	0	0	0	0	0	0	0	0	0	0	0	0	0	0	0	0	0	0	0	0	0	0	0	0	0	0	72	0	0	0	0	0	0	0	0	0	0	0	0	0	0	0	0	0	0	0	0
1532555	Brevundimonas sp. DS20	0	0	0	0	0	0	0	0	0	0	0	0	0	0	0	0	0	0	0	0	0	0	0	0	0	0	0	0	0	0	0	0	0	71	0	0	0	0	0	0	0	0	0	0	0	0	0	0	0	0	0	69	0	0	0	0	0	0	0	0	0	0	0	0
1534110	Pseudomonas sp. DR 5-09	0	0	0	0	0	0	0	0	0	0	0	28	59	0	0	0	0	0	0	0	0	0	0	0	0	0	0	0	0	0	0	0	0	0	46	0	0	0	0	0	0	0	0	0	0	0	0	0	0	0	0	0	0	0	0	0	0	0	0	0	0	0	0	0
1534348	Mycolicibacterium sarraceniae	0	0	0	0	0	0	0	0	0	0	0	0	0	0	0	0	0	0	0	0	0	0	0	0	0	0	0	0	0	0	0	0	0	0	0	0	12	0	0	0	0	0	18	0	0	0	0	0	0	0	0	0	0	0	0	0	0	0	0	0	0	0	0	0
1534349	Mycolicibacterium helvum	0	0	0	31	0	0	0	0	0	0	0	0	0	0	0	0	0	0	0	0	0	0	0	0	0	0	0	0	0	0	0	0	0	0	0	0	0	0	0	0	0	0	24	0	0	0	0	0	0	0	0	0	0	0	0	0	0	0	0	0	0	0	0	0
1535208	Barrientosiimonas endolithica	0	0	0	0	0	0	0	0	0	0	0	0	0	0	0	0	0	0	0	0	0	0	0	0	0	27	0	0	25	0	0	0	0	0	0	0	383	0	0	0	0	14	0	21	0	0	32	0	30	0	0	0	0	28	0	0	0	0	0	0	0	0	0	0
1539298	Treponema sp. OMZ 838	0	0	0	0	0	0	0	0	0	0	0	0	0	0	0	0	0	0	0	0	0	0	0	0	0	0	0	0	0	0	0	0	0	0	0	0	74	0	0	0	0	0	0	0	0	0	0	0	0	0	0	0	0	0	0	0	0	0	0	0	0	0	0	0
1541170	Sphingomonas morindae	0	40	21	0	0	0	0	0	0	0	0	0	0	0	0	0	0	0	0	0	0	0	0	0	0	12	0	0	0	0	0	0	0	0	0	0	14	0	0	0	0	0	0	0	0	0	0	0	0	0	0	0	0	0	0	0	0	0	0	0	0	0	0	0
1542737	Nocardioides marmorisolisilvae	0	20	0	0	0	0	0	0	0	0	0	0	0	0	0	0	0	0	0	0	0	0	0	0	0	0	0	0	0	0	0	0	0	0	0	0	99	0	0	0	0	0	0	0	0	0	423	0	0	0	0	0	0	0	0	0	0	0	0	0	0	0	0	0
1544730	Kribbella qitaiheensis	0	0	0	0	0	0	0	0	0	0	0	0	0	0	0	0	0	0	0	0	0	0	0	0	0	0	0	0	0	0	0	0	0	0	0	0	19	0	0	0	0	0	0	0	0	0	0	0	0	0	0	0	0	0	0	0	0	0	0	0	0	0	0	0
1545044	Paracoccus sanguinis	0	153	61	0	37	0	0	56	14	27	18	0	38	0	22	70	0	0	0	0	0	0	35	0	266	32	59	870	0	77	18	0	34	571	497	0	92	323	117	15	66	156	0	0	79	62	142	1542	100	0	40	0	1929	133	0	61	170	131	32	0	0	0	39	0
1547283	Bacillus weihaiensis	0	0	0	0	0	0	0	0	0	0	0	0	0	0	0	0	0	0	0	0	0	0	0	0	0	0	0	0	0	0	0	0	0	0	0	0	25	0	0	0	0	0	0	0	0	0	0	0	0	0	0	0	0	0	0	0	0	0	0	0	0	0	0	0
1547448	Arachnia rubra	0	415	365	42	0	399	0	117	46	7928	151	10	405	0	121	17	1608	0	19	0	130	0	0	0	0	6470	0	868	30	0	546	0	1717	0	568	0	413	0	95	26	0	1134	0	0	86	102	0	115	0	231	0	230	76	1042	70	0	256	0	675	0	28	50	59	0
1549855	Haematospirillum jordaniae	0	0	0	0	0	0	0	0	0	0	0	0	0	16	14	0	0	0	0	0	0	0	0	0	0	0	0	0	0	0	0	0	0	0	0	0	0	0	0	0	0	0	0	0	0	0	0	0	0	0	0	0	0	0	0	0	0	0	0	0	0	0	0	0
1549858	Sphingomonas taxi	0	120	73	30	0	0	0	0	0	15	0	0	0	69	19	41	0	0	0	0	0	0	0	0	0	0	0	0	0	0	0	0	0	0	0	0	60	0	0	0	0	0	16	0	0	0	0	0	0	24	0	0	0	0	0	0	0	0	0	0	0	0	11	0
1549949	Bradyrhizobium vignae	0	0	0	0	0	0	0	0	0	0	0	0	0	77	62	0	0	0	0	0	0	0	0	0	0	0	0	0	0	0	0	0	0	0	0	0	0	0	0	0	0	0	0	0	0	0	0	0	0	0	0	0	0	0	0	0	0	0	0	0	0	0	0	0
1550024	Ruthenibacterium lactatiformans	0	820	30	0	0	422	0	1387	40	6570	0	0	149	0	21	83	5644	0	0	0	0	16	0	0	0	0	0	19	0	0	26	0	0	0	117	0	16	0	8961	0	0	27	0	0	0	0	67	1485	0	0	0	105	0	105	277	74	2248	0	25	0	28	0	0	0
1552759	Mycolicibacterium grossiae	0	0	0	70	0	0	0	0	0	0	0	0	0	0	0	0	0	0	0	0	0	0	0	0	0	0	0	0	0	0	0	0	0	0	0	0	0	0	0	0	0	11	30	0	0	0	0	0	0	0	0	0	0	0	0	0	0	0	0	0	0	0	0	0
1560339	Enterobacter sp. E20	0	0	0	0	0	0	0	0	0	0	0	0	3101	0	0	0	0	0	0	0	0	0	0	0	0	0	0	0	0	0	0	0	0	0	0	0	0	0	0	0	0	0	0	0	0	0	0	0	0	0	0	0	0	0	0	0	0	0	0	0	0	0	0	0
1560345	Sphingomonas panacis	0	25	32	0	0	0	0	0	0	21	0	0	0	44	23	0	0	0	0	0	0	0	0	0	0	12	0	0	0	0	0	0	0	0	0	0	32	0	0	0	0	0	0	0	0	0	0	0	0	0	0	0	0	0	0	0	0	0	0	0	0	0	0	0
1561005	Acididesulfobacillus acetoxydans	0	0	0	0	0	0	0	0	0	0	0	0	0	0	0	0	0	0	0	0	0	0	0	0	0	0	0	0	0	0	0	0	0	0	0	0	0	0	17	0	0	0	0	0	0	0	0	0	0	0	0	0	0	0	0	0	0	0	0	0	0	0	0	0
1561023	Curtobacterium sp. MR_MD2014	0	464	0	853	0	0	0	0	0	0	0	0	129	0	94	0	1588	0	0	0	0	0	0	0	0	0	0	0	0	0	0	0	0	0	28	0	724	0	0	0	0	0	185	0	0	0	0	0	0	773	0	0	0	0	0	0	34	0	0	0	0	0	0	0
1563222	Citrobacter pasteurii	0	0	0	0	0	0	0	0	0	0	0	0	29	0	0	0	0	0	0	0	0	0	0	0	0	0	0	0	0	0	0	0	0	0	0	0	0	0	0	0	0	0	0	0	0	0	0	0	0	0	0	0	0	0	0	0	0	0	0	0	0	0	0	0
1564114	Rhodococcus sp. B7740	0	0	0	0	35	0	0	0	0	0	0	0	0	0	0	202	0	0	0	0	0	0	18	0	0	19	0	37	0	35	26	0	0	35	13	0	0	0	48	0	0	20	0	0	0	0	0	0	0	0	18	0	0	0	0	0	0	0	0	0	0	0	0	0
1564165	Blastococcus brunescens	0	0	32	55	0	0	0	0	42	0	0	0	0	0	0	0	0	0	0	0	0	0	0	0	0	31	0	0	0	0	0	0	0	0	0	0	11087	0	0	0	0	0	434	0	0	0	0	0	0	0	0	0	0	55	0	0	0	0	0	0	0	58	0	0
1572644	Microbacterium proteolyticum	0	31	31	42	0	0	0	17	0	0	0	0	0	0	0	0	18	0	0	0	0	0	0	0	0	857	0	20	0	0	27	0	17	0	61	0	248	0	403	0	0	15	69	0	0	0	0	0	0	0	0	0	51	0	0	0	0	0	0	0	0	0	0	0
1573712	Pseudomonas sp. R84	0	0	0	0	0	0	0	0	0	0	0	60	189	0	0	0	0	0	0	0	0	0	0	0	0	0	0	0	0	0	0	0	0	0	80	0	0	0	0	0	0	0	0	0	0	0	0	0	0	0	0	0	0	0	0	0	0	0	0	0	0	0	0	0
1573718	Pseudomonas sp. S34	0	0	0	0	0	0	0	0	0	0	0	24	50	0	0	0	0	0	0	0	0	0	0	0	0	0	0	0	0	0	0	0	0	0	20	0	0	0	0	0	0	0	0	0	0	0	0	0	0	0	0	0	0	0	0	0	0	0	0	0	0	0	0	0
1573719	Pseudomonas sp. S35	0	0	0	0	0	0	0	0	0	0	0	32	99	0	0	0	0	0	0	0	0	0	0	0	0	0	0	0	0	0	0	0	0	0	48	0	0	0	0	0	0	0	0	0	0	0	0	0	0	18	0	0	0	0	0	0	0	0	0	0	0	0	0	0
1573720	Pseudomonas sp. S49	0	0	0	0	0	0	0	0	0	0	0	377	770	0	0	0	0	0	0	0	0	0	0	0	0	0	0	0	0	0	0	0	0	0	332	0	0	0	0	0	0	0	0	0	0	0	0	0	0	0	0	0	0	0	0	0	0	0	0	0	0	0	0	0
1578925	Pyricularia pennisetigena	0	0	0	60	53	88	0	17	0	0	0	0	0	0	0	0	0	521	601	0	0	0	0	0	0	0	0	0	0	0	0	0	0	0	0	0	0	0	0	0	0	131	112	0	0	0	0	0	0	0	0	0	0	0	0	0	0	0	0	0	0	0	0	0
1582259	Gudongella oleilytica	0	0	0	0	0	0	0	0	0	0	0	0	20	0	0	0	0	0	0	0	0	0	0	0	0	0	0	0	0	0	0	0	0	0	0	0	0	0	0	0	0	0	0	0	0	0	0	0	0	0	0	0	0	0	0	0	0	0	0	0	0	0	0	0
1583098	Fusobacterium hwasookii	0	95	188	132	38	1115	0	534	184	32885	105	43	2781	0	126	95	1230	0	27	0	7695	0	0	0	0	2731	0	317	114	0	544	0	262	0	426	0	788	0	36	0	0	288	0	0	45	83	0	64	0	261	28	631	125	1189	467	0	368	26	1631	0	143	0	58	48
1585976	Bergeyella cardium	0	0	0	0	0	17	0	111	0	325	0	0	30	0	0	0	33	0	0	0	236	0	0	0	0	146	0	17	0	0	0	0	0	0	0	0	55	0	0	0	0	0	0	0	0	0	0	0	0	0	0	0	0	37	258	0	0	0	14	0	18	0	0	0
1586287	Lentzea guizhouensis	0	0	0	0	0	0	0	0	0	0	0	0	0	0	0	0	0	0	0	0	0	0	0	0	0	0	0	0	0	0	0	0	0	0	0	0	33	0	0	0	0	0	0	0	0	0	0	0	0	0	0	0	0	0	0	0	0	0	0	0	0	0	0	0
1590041	Aquitalea sp. USM4	0	0	0	0	0	0	0	0	0	0	0	0	0	0	0	0	0	0	0	0	0	0	0	0	0	0	0	0	0	0	0	0	0	0	0	0	0	0	0	0	0	0	0	15	0	0	0	0	0	0	0	0	0	0	0	0	0	0	0	0	0	0	0	0
1593482	Massilia sp. YMA4	0	0	0	0	0	0	0	0	0	0	0	0	0	0	0	0	0	0	0	0	0	0	0	0	0	0	0	0	0	0	0	0	0	0	0	0	0	0	0	0	0	0	0	0	0	0	0	0	0	0	0	0	0	0	0	0	0	0	0	0	0	68	0	0
1603258	Williamsia herbipolensis	23	0	0	61	0	0	0	0	33	0	0	0	0	0	0	0	0	0	0	0	0	0	0	0	0	16	0	0	0	0	0	0	0	0	0	0	0	0	0	0	0	0	142	0	0	0	0	0	0	0	0	0	23	0	0	0	0	0	0	0	0	0	0	31
1604335	Yersinia rochesterensis	0	0	0	0	0	0	0	0	0	0	0	0	36	0	0	0	0	0	0	0	0	0	0	0	0	0	0	0	0	0	0	0	0	0	0	0	0	0	0	0	0	0	0	0	0	0	0	0	0	0	0	0	0	0	0	0	0	0	0	0	0	0	0	0
1605838	Pseudomonas coleopterorum	0	0	0	0	0	0	0	0	0	0	0	0	0	0	0	0	0	0	0	0	0	0	0	0	0	0	0	0	0	0	0	0	0	0	0	0	0	0	0	0	0	0	0	0	0	0	0	0	0	0	0	0	0	0	0	0	0	0	13	0	0	0	0	0
1608628	Candidatus Filomicrobium marinum	0	0	0	0	0	0	0	0	0	0	12	0	0	0	0	0	0	0	0	0	0	0	0	0	0	0	0	0	0	0	0	0	0	0	0	0	0	0	0	0	0	0	0	0	0	0	0	0	0	0	0	0	0	0	0	0	0	0	0	0	0	0	0	0
1608957	Euzebya pacifica	0	0	0	0	0	0	0	0	0	0	0	0	0	0	0	0	0	0	0	0	0	0	0	0	0	0	0	0	0	0	0	0	0	0	0	0	11	0	0	0	0	0	0	0	0	0	0	0	0	0	0	0	0	0	0	0	0	0	0	0	0	0	0	0
1609758	Novosphingobium sp. P6W	0	0	0	0	0	0	0	0	0	0	0	0	0	0	0	0	0	0	0	0	0	0	0	0	0	0	0	0	0	0	0	0	0	0	0	0	21	0	0	0	0	0	0	0	0	0	0	0	0	0	0	0	0	0	0	0	0	0	0	0	0	0	0	0
1609968	Methanobrevibacter sp. YE315	0	0	0	20	0	31	0	0	0	0	0	0	0	0	0	0	0	0	0	0	0	0	0	0	0	0	0	0	0	0	0	0	0	0	0	0	0	0	0	0	0	0	20	0	0	0	0	0	0	0	0	0	0	0	0	0	0	0	0	0	0	0	0	0
1609977	Sphingomonas hengshuiensis	0	18	19	0	0	0	0	0	0	0	0	0	0	0	0	0	0	0	0	0	0	0	0	0	0	0	0	0	0	0	0	0	0	0	0	0	191	0	0	0	0	0	0	0	0	0	0	0	0	0	0	0	0	0	0	0	0	0	0	0	0	0	0	0
1610493	Tessaracoccus flavus	0	0	0	0	0	0	0	0	0	0	0	0	0	0	0	0	0	0	0	0	0	0	0	0	0	0	0	0	0	0	0	0	0	0	0	0	35	0	0	0	0	0	0	0	0	0	0	0	0	0	0	0	0	0	0	0	0	0	0	0	0	0	0	0
1612173	Niveispirillum cyanobacteriorum	0	0	0	0	0	0	0	0	0	0	0	0	0	0	0	0	0	0	0	0	0	0	0	0	0	0	0	0	0	0	0	0	0	0	0	0	0	0	0	0	0	18	0	0	0	0	0	0	0	0	0	64	0	0	0	0	0	0	0	0	0	0	0	0
1615674	Pseudomonas lactis	26	0	0	0	0	0	92	0	0	0	0	0	0	0	0	0	0	0	0	0	0	0	0	0	0	0	0	0	0	0	0	0	0	0	0	0	0	0	0	0	0	0	0	0	0	0	0	0	0	0	0	0	0	0	0	0	0	0	0	0	0	0	0	0
1616788	Paenibacillus bovis	0	0	0	0	0	0	0	0	0	0	0	0	0	0	0	36	0	0	0	0	0	0	0	0	0	0	0	0	0	0	0	0	0	0	0	0	0	0	0	0	0	0	0	0	0	0	0	0	0	0	0	0	0	0	0	0	0	0	0	0	0	0	0	0
1618022	Nostoc sp. 'Lobaria pulmonaria (5183) cyanobiont'	0	0	0	0	0	0	0	0	0	0	0	0	0	0	0	0	0	0	0	0	0	0	0	0	0	0	0	0	0	0	0	0	0	0	0	0	0	0	0	0	0	0	0	0	0	0	0	96	0	0	0	0	0	0	0	0	0	0	0	0	0	0	0	0
1619308	Cnuibacter physcomitrellae	0	0	0	20035	0	21	0	27	0	208	0	0	146	0	114	0	401	0	0	0	0	0	0	0	0	1345	0	0	0	0	0	0	20	0	0	0	1665	0	0	0	0	0	33559	0	0	116	0	0	0	0	0	0	0	0	0	0	0	0	0	0	0	0	0	0
1619313	Duffyella gerundensis	0	0	0	0	0	0	0	0	0	0	0	0	0	0	0	0	0	0	0	0	0	0	0	0	0	0	0	66	0	0	0	0	0	0	0	0	0	0	0	0	0	0	0	0	0	0	0	0	0	0	0	0	0	0	0	0	0	0	0	0	0	0	0	0
1628086	Pseudomonas kribbensis	0	0	0	0	0	0	0	0	0	0	0	74	189	0	0	0	0	0	0	0	0	0	0	0	0	0	0	0	0	0	0	0	0	0	94	0	0	0	0	0	0	0	0	0	0	0	0	0	0	0	0	0	0	0	0	0	0	0	0	0	0	0	0	0
1630135	Dermabacter vaginalis	0	1333	1097	164	47	489	85	2892	0	250	47	0	136	1434	1092	202	14282	0	18	0	87	1564	0	0	61	1643	0	143	0	0	112	0	111	0	92	1012	4514	0	3218	0	28	106	46	0	1227	218	0	186	14	2150	0	72	108	429	6387	1362	34684	0	227	38	121	0	126	0
1630141	Candidatus Nitrosoglobus terrae	0	0	0	0	0	0	0	0	24	16	0	0	0	0	0	0	0	0	0	0	0	0	0	0	0	0	0	0	0	0	0	0	0	0	0	0	0	0	0	0	0	0	0	0	0	0	0	0	0	0	0	0	0	0	0	0	0	0	0	0	0	0	0	0
1631871	Weissella jogaejeotgali	0	0	0	0	0	0	0	0	0	0	0	0	19	0	0	0	0	0	0	0	0	0	0	0	0	0	0	0	16	0	0	0	0	0	0	0	0	0	0	0	0	0	0	0	0	0	0	0	0	0	0	0	0	0	0	0	0	0	0	0	0	0	0	0
1634516	Citromicrobium sp. JL477	0	0	0	0	0	0	0	0	0	0	0	0	0	0	0	0	0	0	0	0	0	0	0	0	0	0	0	0	0	0	0	0	0	0	0	0	0	0	0	0	0	0	0	0	0	0	598	0	0	0	0	0	0	0	0	0	0	0	0	0	0	0	0	0
1636152	Planctomyces sp. SH-PL62	0	72	0	0	0	0	0	0	0	0	0	0	0	0	0	0	0	0	0	0	0	0	0	0	0	0	0	0	0	0	0	0	0	0	0	0	0	0	0	0	0	0	0	0	0	0	0	0	0	0	0	0	0	0	0	0	0	0	0	0	0	0	0	0
1636603	Acinetobacter sp. ACNIH1	0	0	0	0	0	0	0	0	0	0	0	0	0	0	0	0	0	0	0	0	0	0	0	0	0	0	0	0	0	0	0	0	0	0	0	0	0	0	0	0	0	0	0	0	0	0	0	0	0	0	0	0	0	0	0	0	0	0	80	0	0	0	0	0
1636610	Pseudomonas sp. PONIH3	0	0	0	0	0	0	0	0	0	0	0	0	0	0	0	0	0	0	0	0	0	0	0	0	0	0	0	0	0	0	0	0	0	0	0	0	0	0	0	0	0	0	0	0	0	0	0	0	282	0	0	0	0	0	0	0	0	0	0	0	0	0	0	0
1639133	Citrobacter portucalensis	0	0	0	0	0	0	0	0	0	0	0	0	47	0	0	0	28	0	0	0	0	0	0	0	0	0	0	0	0	0	0	0	0	0	0	0	0	0	0	0	0	0	0	0	0	0	0	0	0	0	0	0	0	0	0	0	0	0	0	0	0	0	0	0
1643322	Nocardioides ungokensis	0	0	0	0	0	0	0	0	0	0	0	0	0	0	0	0	0	0	0	0	0	0	0	0	0	0	0	0	0	0	0	0	0	0	0	0	733	0	0	0	0	0	0	0	0	0	368	0	0	0	0	0	0	0	0	0	0	0	0	0	0	0	0	0
1643512	Treponema sp. OMZ 855	0	0	0	0	0	0	0	0	0	0	0	0	0	0	0	0	0	0	0	0	0	0	0	0	0	0	0	0	0	0	0	0	0	0	0	0	73	0	0	0	0	0	0	0	0	0	0	0	0	0	0	0	0	0	0	0	0	0	0	0	0	0	0	0
1643513	Treponema sp. OMZ 857	0	0	0	0	0	0	0	0	0	28	0	0	0	0	0	0	0	0	0	0	0	0	0	0	0	0	0	0	0	0	0	0	0	0	0	0	78	0	0	0	0	0	0	0	0	0	0	0	0	0	0	0	0	0	0	0	0	0	0	0	0	0	0	0
1646377	Rouxiella badensis	0	0	10	0	0	0	0	0	0	0	0	0	43	0	0	0	0	0	0	0	0	0	0	0	0	0	0	0	0	0	0	0	0	0	0	0	0	0	0	0	0	0	0	0	0	0	0	0	0	0	0	0	0	0	0	0	0	0	0	0	0	0	0	0
1648923	Bacillus paralicheniformis	0	0	32	0	0	0	0	0	0	12	0	0	0	0	0	0	0	0	0	0	0	74	0	67	0	0	0	0	6948	0	0	0	0	0	0	0	0	0	87	8115	0	0	0	0	0	0	0	0	0	0	0	0	0	0	0	0	0	0	0	0	0	0	0	0
1652028	Brachybacterium huguangmaarense	0	28	0	0	0	0	0	0	0	0	0	0	0	0	0	0	0	0	0	0	0	0	0	0	0	0	0	40	0	0	0	0	0	0	0	0	199	0	0	0	0	0	0	0	0	0	49	0	0	0	0	0	0	0	0	0	0	0	0	0	0	0	0	0
1653434	Sellimonas intestinalis	0	89	0	0	0	15	0	93	0	151	0	0	0	0	0	0	178	0	0	0	0	0	0	0	0	0	0	0	0	0	0	0	0	0	54	0	0	0	5938	0	0	0	0	0	0	0	175	47	0	0	0	58	0	23	37	27	131	0	0	0	0	0	0	0
1653478	Rhodococcus sp. PBTS 1	0	0	0	645	0	0	0	39	0	0	0	0	0	0	0	0	0	0	0	0	0	0	0	0	0	0	0	0	0	0	0	0	0	0	0	0	0	0	0	0	0	0	201	0	0	0	0	0	0	0	0	0	0	0	0	0	0	0	0	0	0	0	0	0
1653480	Alloactinosynnema sp. L-07	0	0	0	0	0	0	0	0	0	0	0	0	0	0	0	0	0	0	0	0	0	0	0	0	0	0	0	0	0	0	0	0	0	0	0	0	37	0	0	0	0	0	0	0	0	0	0	0	0	0	0	0	0	0	0	0	0	0	0	0	0	0	0	0
1653831	Blattabacterium cuenoti	0	0	0	0	0	0	0	0	0	14	0	0	0	0	0	0	0	0	0	0	0	0	0	0	0	0	0	0	0	0	0	0	0	0	0	0	0	0	0	0	0	0	0	0	0	0	0	0	0	0	0	0	0	0	0	0	0	0	0	0	0	0	0	0
1654388	Staphylococcus schweitzeri	0	33	13	0	0	0	0	0	0	0	0	0	0	0	0	0	37	0	0	0	0	0	0	0	0	0	0	20	0	0	15	0	0	0	0	0	265	0	0	0	0	37	0	0	28	0	0	0	0	0	0	0	0	0	0	0	0	0	0	0	0	0	0	0
1658665	Mitsuaria sp. 7	49	0	0	0	0	0	0	0	46	0	0	0	0	0	0	0	0	0	0	0	0	0	0	0	0	0	0	0	0	0	0	0	0	42	0	0	0	0	33	45	0	0	0	46	0	0	0	0	0	0	0	0	0	0	0	0	0	0	0	0	0	0	0	0
1658671	Arsenicicoccus sp. oral taxon 190	0	173	0	0	0	0	0	0	0	0	0	0	0	0	0	0	0	0	0	0	0	0	0	0	0	0	0	0	0	0	0	0	0	0	0	0	73	0	0	0	0	0	0	0	0	0	0	0	0	0	0	0	0	0	0	0	0	0	0	0	0	0	0	0
1658672	Ottowia sp. oral taxon 894	0	77	86	131	0	65	0	150	51	12676	13	0	95	0	35	0	166	0	0	0	749	0	0	0	0	13	0	85	0	0	41	0	1449	0	97	0	50	0	0	0	0	85	0	0	45	0	0	214	0	121	0	104	38	1725	47	0	174	0	233	0	283	0	0	0
1659192	Treponema sp. OMZ 305	0	0	0	0	0	0	0	0	0	0	0	0	0	0	0	0	0	0	0	0	0	0	0	0	0	0	0	0	0	0	0	0	0	0	0	0	87	0	0	0	0	0	0	0	0	0	0	0	0	0	0	0	0	0	0	0	0	0	0	0	0	0	0	0
1660063	Campylobacter sp. RM16187	0	0	0	0	0	0	0	0	0	29	0	0	0	0	0	0	0	0	0	0	0	0	0	0	0	0	0	0	0	0	0	0	0	0	0	0	0	0	0	0	0	0	0	0	0	0	0	0	0	0	0	0	0	0	0	0	0	0	0	0	0	0	0	0
1664069	Bacillus glycinifermentans	0	0	0	0	0	0	0	0	0	0	0	0	0	0	0	0	0	0	0	0	0	0	0	0	0	0	0	0	0	0	0	0	0	0	0	0	0	0	0	0	0	0	0	0	0	0	0	0	0	0	41	0	0	0	0	0	0	0	0	0	0	0	0	0
1664560	Pseudoxanthomonas sp. SE1	0	0	0	0	0	0	0	0	0	0	0	0	0	0	0	0	0	0	0	0	0	0	0	0	0	0	0	0	17	0	0	0	0	0	0	0	0	0	0	0	0	0	0	0	0	0	0	0	0	0	0	57	0	0	0	0	0	0	0	0	0	0	0	0
1667168	Dermabacter jinjuensis	0	1053	505	59	474	3390	0	829	0	71	36	0	211	386	327	100	8057	0	0	0	141	226	0	0	268	5833	0	223	0	0	179	0	314	0	235	201	2427	0	5935	0	0	187	0	0	73	586	0	604	25	383	0	35	84	243	585	166	5606	0	130	0	60	0	29	0
1677857	Acetivibrio saccincola	0	0	0	0	0	0	0	0	0	0	0	0	0	0	0	0	0	0	0	0	0	0	0	0	0	0	0	0	0	0	0	0	0	0	0	0	0	0	13	0	0	0	0	0	0	0	0	0	0	0	0	0	0	0	0	0	0	0	0	0	0	0	0	0
1678237	Microbacterium rhizosphaerae	0	0	0	10	0	0	0	0	0	0	0	0	0	0	0	0	0	0	0	0	0	0	0	0	0	55	0	0	0	0	0	0	0	0	0	0	125	0	0	0	0	0	0	0	0	0	0	0	0	0	0	0	19	0	0	0	0	0	0	0	0	0	0	0
1679497	Caulobacter flavus	0	0	0	0	0	0	0	0	0	0	0	0	0	18	24	0	0	0	0	169	38	0	591	0	273	365	0	139	0	155	241	83	244	235	172	169	71	22	137	0	156	484	0	0	0	57	165	22	234	29	113	4669	30	19	0	144	0	15	75	0	0	0	0	0
1679721	Herbinix luporum	0	0	0	0	0	0	0	0	0	0	0	0	0	0	0	0	0	0	0	0	0	0	0	0	0	0	0	0	0	0	0	0	0	0	0	0	0	0	27	0	0	0	0	0	0	0	0	0	0	0	0	0	0	0	0	0	0	0	0	0	0	0	0	0
1682113	Mycobacterium adipatum	0	0	18	233	0	0	0	0	0	0	0	0	0	0	0	0	0	0	0	0	0	0	0	0	0	0	0	0	0	0	0	0	0	0	0	0	0	0	0	0	0	0	378	0	0	0	0	0	0	0	0	0	0	0	0	0	0	0	0	0	0	0	0	0
1685010	Chryseobacterium glaciei	0	0	0	0	0	0	0	0	0	35	0	0	0	0	0	0	0	0	0	0	0	0	0	0	0	0	0	0	0	0	0	0	0	0	0	0	0	0	0	0	0	0	0	0	0	0	0	0	0	154	0	0	0	0	0	0	0	0	0	0	23	0	0	0
1690220	Phycicoccus endophyticus	0	0	0	0	0	0	0	0	0	0	0	0	0	0	0	0	0	0	0	0	0	0	0	0	0	0	0	0	0	0	0	0	0	0	0	0	80	0	0	0	0	0	0	0	0	0	0	0	0	0	0	0	0	0	0	0	0	0	0	0	0	0	0	0
1691904	Pseudomonas sediminis	18	0	0	0	0	0	0	31	0	0	0	298	0	0	0	0	0	0	0	0	0	13	0	0	0	41	0	0	0	0	0	0	0	0	0	0	0	0	0	12	0	0	0	34	0	0	0	0	0	0	110	107	0	0	0	0	0	0	0	0	0	0	0	15
1696072	Microbacterium sp. CGR1	0	0	0	19	0	0	0	0	0	0	0	0	0	0	0	0	0	0	0	0	0	0	0	0	0	133	0	0	0	0	0	0	0	0	0	0	0	0	0	0	0	0	0	0	0	0	0	0	0	0	0	0	0	0	0	0	0	0	0	0	0	0	0	0
1697053	Thiopseudomonas alkaliphila	0	0	0	0	0	0	0	10	0	0	0	13	0	0	0	0	0	0	0	0	0	0	0	0	0	0	0	0	0	0	0	0	0	0	0	0	0	0	0	0	0	0	0	0	0	0	0	0	0	0	0	0	0	0	0	0	0	0	0	0	0	0	0	0
1699621	Psychrobacter sp. P11F6	0	0	17	0	0	0	0	0	0	0	0	0	0	0	0	0	0	0	0	0	0	0	0	0	0	16	0	0	0	0	0	0	0	0	0	0	0	0	0	0	0	33	0	0	0	0	0	0	0	0	0	0	0	0	0	0	0	0	0	0	0	0	0	0
1699623	Psychrobacter sp. P11G3	0	112	0	0	0	0	0	0	0	0	0	0	0	0	0	0	0	0	0	0	0	0	0	0	0	0	0	0	0	0	0	0	0	0	0	0	0	0	0	0	0	0	0	0	0	0	0	0	0	0	0	0	0	0	0	0	0	0	0	0	0	0	0	0
1701090	Gordonia hongkongensis	0	0	106	0	0	0	0	0	44	0	0	0	0	0	0	0	0	0	0	0	0	0	0	0	0	161	0	105	0	0	0	0	0	0	0	0	0	0	0	0	0	0	0	0	0	0	0	0	0	0	0	0	0	0	0	0	0	0	0	0	0	0	288	0
1701758	Aureimonas populi	0	0	0	0	0	0	0	0	0	0	0	0	0	14	14	0	0	0	0	0	0	0	0	0	0	0	0	0	0	0	0	0	0	0	0	0	0	0	0	0	0	0	0	0	0	0	0	0	0	0	0	0	0	0	0	0	0	0	0	0	0	0	0	0
1702043	Kocuria sp. BT304	0	0	0	0	0	50	0	0	0	0	0	0	0	0	0	0	0	0	0	0	0	0	0	0	0	0	0	0	0	0	0	0	0	0	0	0	0	0	0	0	0	0	0	0	0	0	0	0	0	52	0	23	0	0	0	0	0	0	0	0	0	0	0	0
1702221	Faecalibaculum rodentium	0	11	0	0	0	0	0	0	0	12	0	0	0	0	0	0	0	0	0	0	0	0	0	0	0	0	0	0	0	0	0	0	0	0	0	0	0	0	26	0	0	0	0	0	0	0	0	0	0	0	0	0	0	0	0	0	0	0	0	0	0	0	0	0
1702325	Chelatococcus sp. CO-6	0	0	0	0	0	0	0	0	0	0	0	0	0	15	25	0	0	0	0	0	0	0	0	0	0	0	0	0	0	0	0	0	0	0	0	0	0	0	0	0	0	0	0	0	0	0	0	0	0	0	0	0	0	0	0	0	0	0	0	0	0	0	0	0
1705399	Hymenobacter monticola	0	0	0	0	0	0	0	0	0	0	0	0	0	0	0	58	0	0	0	0	0	0	0	0	0	59	0	0	0	0	0	0	0	0	0	0	0	0	0	0	0	0	0	0	0	0	0	0	0	0	0	0	0	0	0	0	0	0	0	0	0	0	0	0
1705617	Capnocytophaga sp. oral taxon 323	0	41	77	0	0	124	0	208	0	747	74	0	40	0	0	0	119	0	0	0	1108	0	0	0	0	768	0	119	0	0	0	0	97	0	80	0	597	0	0	0	0	42	0	0	0	0	0	0	0	54	0	57	48	236	0	0	142	0	261	0	81	0	0	81
1707785	Massilia sp. WG5	0	0	31	0	0	0	0	0	0	0	0	0	0	0	0	0	0	0	0	0	0	0	0	0	0	54	0	17	0	0	60	171	17	0	28	0	21	0	44	0	0	23	0	0	0	0	0	0	0	0	0	0	0	0	0	0	0	0	0	0	0	0	0	0
1712675	Turicibacter sp. H121	0	1587	0	0	0	0	0	0	0	0	0	0	0	0	0	0	0	0	0	0	0	1022	0	0	0	0	0	0	0	0	0	0	0	0	0	0	0	0	168	0	0	0	0	0	0	0	0	0	0	0	0	0	0	0	126	200	42	0	0	0	0	0	0	307
1714373	Microbacterium sp. No. 7	0	0	91	35	0	0	0	0	0	15	0	0	0	0	0	0	0	0	0	0	0	0	0	0	0	130	0	0	0	0	0	0	0	0	22	0	418	0	0	0	0	0	29	0	0	0	0	162	0	0	0	0	64	0	0	0	0	0	0	0	0	0	0	0
1715860	Staphylococcus sp. AntiMn-1	0	3714	886	0	190	2577	0	3849	0	448	252	0	512	0	1475	0	235	0	0	0	0	453	299	0	0	0	0	1713	0	0	2994	0	956	155	7281	0	5334	0	472	0	0	1488	0	0	2070	1614	0	682	0	212	0	0	755	4064	412	0	138	0	1267	0	141	0	284	0
1716143	Pseudodesulfovibrio indicus	0	0	0	0	0	0	0	0	0	0	0	0	0	13	0	0	0	0	0	0	0	0	0	0	0	0	0	0	0	0	0	0	0	0	0	0	0	0	0	0	0	0	0	0	0	0	0	0	0	0	0	0	0	0	0	0	0	0	0	0	0	0	0	0
1727145	Anaerocolumna chitinilytica	0	0	0	0	0	0	0	0	0	16	0	0	0	0	0	0	0	0	0	0	0	0	0	0	0	0	0	0	0	0	0	0	0	0	0	0	0	0	55	0	0	0	0	0	0	0	0	0	0	0	0	0	0	0	0	0	0	0	0	0	0	0	0	0
1729695	Gulosibacter sediminis	0	365	0	0	0	0	0	0	0	0	0	0	0	0	0	0	0	0	0	0	0	83	89	0	0	0	33	0	0	0	0	0	0	0	0	0	224	43	0	0	0	0	0	0	0	70	0	292	0	0	0	0	553	37	0	0	0	0	0	0	0	0	54	0
1734031	Clavibacter phaseoli	0	0	0	0	0	0	0	0	0	0	0	0	0	0	0	0	0	0	0	0	0	0	0	0	0	0	0	0	0	0	0	0	0	0	0	0	0	0	0	0	0	0	0	0	0	0	0	0	0	0	0	0	259	0	0	0	0	0	0	0	0	0	0	0
1735038	Oryzomicrobium terrae	0	0	0	0	0	0	0	0	0	0	0	24	0	0	0	0	0	0	0	0	0	0	0	0	0	0	0	0	0	0	0	0	0	0	0	0	0	0	0	0	0	0	0	0	0	0	0	0	0	0	0	0	0	0	0	0	0	0	0	0	0	0	0	0
1735111	Bergeyella porcorum	0	0	0	0	0	0	0	10	0	24	0	0	0	0	0	0	0	0	0	0	32	0	0	0	0	18	0	0	0	0	0	0	0	0	0	0	0	0	0	0	0	0	0	0	0	0	0	0	0	0	0	0	0	0	0	0	0	0	0	0	0	0	0	0
1736306	Aeromicrobium sp. Leaf245	0	0	0	0	0	0	0	0	0	0	0	0	0	0	0	0	0	0	0	0	0	0	0	0	0	0	0	0	0	0	0	0	0	0	0	0	27	0	0	0	0	0	0	0	0	0	426	0	0	0	0	0	0	0	0	0	0	0	0	0	0	0	0	0
1736691	Aeromicrobium choanae	0	0	0	0	0	0	0	23	0	0	0	0	0	0	0	0	0	0	0	0	0	38	0	0	0	35	0	0	0	0	0	0	0	0	0	0	46	0	0	0	0	0	0	0	0	0	276	0	0	0	0	0	0	0	0	0	0	0	0	0	0	0	0	0
1737424	Blautia massiliensis (ex Durand et al. 2017)	0	0	0	0	0	0	0	0	0	21798	0	0	0	0	0	0	0	0	0	0	0	0	0	0	0	0	0	0	0	0	0	0	0	0	0	0	0	0	12034	0	0	0	0	0	0	0	0	0	0	0	0	0	0	0	0	0	0	0	0	0	0	0	0	0
1737425	Corynebacterium provencense	0	0	0	0	0	0	0	0	0	0	0	0	0	0	0	0	0	0	0	0	0	0	0	0	0	0	0	0	0	0	0	0	0	0	10	0	11	0	0	0	0	0	0	0	0	0	0	0	0	0	0	0	0	0	0	0	0	0	0	0	0	0	0	0
1738647	uncultured Caproiciproducens sp.	0	16	0	0	0	0	0	0	0	28	0	0	0	0	0	0	23	0	0	0	0	0	0	0	0	0	0	0	0	0	0	0	0	0	0	0	0	0	73	0	0	0	0	0	0	0	0	0	0	0	0	0	0	0	0	0	0	0	0	0	0	0	0	0
1745854	Ancylobacter pratisalsi	0	0	0	0	0	0	0	0	0	0	0	0	0	152	105	0	0	0	0	0	0	0	0	0	0	0	0	0	0	0	0	0	0	0	0	0	0	0	0	0	0	0	0	0	0	0	0	0	0	0	0	0	0	0	0	0	0	0	0	0	0	0	0	0
1750527	Roseomonas fluvialis	0	0	0	0	0	0	0	0	0	0	0	0	0	0	0	0	0	0	0	0	0	0	0	0	0	0	0	0	0	0	0	0	0	0	0	0	16	0	0	0	0	0	0	0	0	0	0	0	0	0	0	0	0	0	0	0	0	0	0	0	0	0	0	0
1751150	Limnohabitans sp. MORI2	0	0	0	0	144	88	0	0	0	0	0	0	0	0	0	0	0	0	0	0	0	0	0	0	0	0	0	0	0	0	0	0	0	0	0	0	0	0	0	0	0	0	0	0	0	0	0	0	0	0	0	0	0	0	0	0	0	0	0	0	0	0	0	0
1751286	Nostoc sp. NIES-3756	0	0	0	0	0	0	0	0	0	0	0	0	0	0	0	0	0	0	0	0	0	0	0	0	0	0	0	0	0	0	0	0	0	0	0	0	0	0	0	0	0	0	0	0	0	0	0	85	0	0	0	0	0	0	0	0	0	0	0	0	0	0	0	0
1756988	Nitratireductor sp. OM-1	0	0	13	0	0	0	0	0	0	0	0	0	0	0	0	0	0	0	0	0	0	0	0	0	0	0	0	0	0	0	0	0	0	0	0	0	0	0	0	0	0	0	0	0	0	0	0	0	0	0	0	0	0	0	0	0	0	0	0	0	0	0	0	0
1756993	Phytobacter sp. SCO41	0	0	171	0	0	0	0	0	0	0	0	0	0	0	0	0	0	0	0	0	0	0	0	0	0	0	0	0	0	0	0	0	0	0	0	0	0	0	0	0	0	0	0	0	0	0	0	0	0	0	0	0	0	0	0	0	0	0	0	0	0	0	0	0
1758194	Achromobacter sp. AONIH1	0	0	0	0	0	0	0	0	0	0	0	0	0	0	0	0	0	0	0	0	0	0	0	0	0	0	0	0	0	0	0	0	50	0	0	0	0	0	0	0	0	0	0	0	0	0	0	0	0	0	0	0	0	0	0	0	0	0	0	0	0	0	0	0
1758466	Corynebacterium faecale	0	10	0	0	0	0	0	14	0	0	0	0	0	0	0	0	0	0	0	0	0	0	0	0	0	24	0	0	0	0	0	0	0	0	0	0	0	0	0	0	0	14	0	0	0	0	0	0	0	0	0	0	0	0	0	0	0	0	0	0	0	0	0	0
1758689	Serinicoccus hydrothermalis	0	0	0	0	0	0	0	0	0	0	0	0	0	0	0	0	0	0	0	0	0	0	0	0	0	0	0	0	0	0	0	0	0	0	0	0	29	0	0	0	0	0	0	0	0	0	0	0	0	0	0	0	0	0	0	0	0	0	0	0	0	0	0	0
1758730	Pseudomonas sp. BIOMIG1BAC	0	0	0	0	0	0	0	0	0	0	0	0	0	0	0	219	0	0	0	0	0	0	0	0	0	0	0	0	0	0	0	0	0	0	0	0	0	0	0	126	0	0	0	0	0	0	0	0	0	127	0	0	0	0	0	0	0	0	0	0	0	0	0	0
1759399	Streptococcus sp. A12	87	1146	4720	694	21	576	0	314	75	9598	3729	0	3873	0	187	17	570	0	0	18	27659	58	51	0	0	268	0	2848	829	16	299	0	568	108	1658	0	648	0	774	99	0	893	0	0	414	498	0	97	102	22347	61	532	76	549	81991	0	536	0	13844	0	193	241	3706	23
1760811	uncultured Acetobacteroides sp.	0	0	0	0	29	48	0	0	0	0	0	0	0	0	0	0	0	0	12	0	0	0	0	0	0	0	0	0	0	0	0	0	0	0	0	0	0	0	0	0	0	0	0	0	0	0	0	0	0	0	0	0	0	0	0	0	0	0	0	0	0	0	0	0
1765049	Azospira sp. I09	0	0	48	0	0	0	0	0	0	0	0	0	0	0	0	0	0	0	0	0	0	0	0	0	0	149	0	0	0	0	0	0	0	0	0	0	0	0	0	0	0	26	0	0	24	0	0	0	0	0	64	0	0	0	0	0	0	0	0	0	0	0	0	0
1774216	Nocardioides rotundus	0	63	52	0	0	49	0	80	0	38	0	0	0	0	81	0	59	0	0	0	0	0	0	0	0	246	0	60	0	0	0	0	0	0	0	0	819	0	0	0	0	0	0	0	0	0	522	39	0	0	0	0	0	78	0	0	0	0	22	0	0	0	0	0
1775880	Glutamicibacter mishrai	0	0	0	0	0	0	0	0	0	0	0	0	0	0	0	0	28	0	0	0	0	0	0	0	0	0	0	0	0	0	0	0	0	0	0	0	0	0	0	0	0	0	0	0	0	0	0	0	0	0	0	0	0	0	0	0	0	0	0	0	0	0	0	0
1775881	Sulfitobacter faviae	0	0	0	0	0	0	0	0	0	0	0	0	0	0	0	0	0	347	0	0	0	0	0	0	0	0	0	0	0	0	0	0	0	0	0	0	0	0	0	0	0	0	0	0	0	0	0	0	0	0	0	0	0	0	0	0	0	0	0	0	0	0	0	0
1775910	Methylobacterium indicum	0	0	81	0	0	0	0	0	0	126	0	0	0	4273	2930	0	0	0	0	0	0	0	0	0	0	0	0	0	0	0	12	0	0	0	0	0	0	0	0	0	0	20	0	0	0	0	0	0	0	0	0	0	0	0	0	0	0	0	0	0	0	0	0	0
1776384	Emergencia timonensis	0	0	25	0	0	0	0	52	0	39	0	0	0	0	0	0	13	0	0	0	0	0	0	0	0	0	0	0	0	0	0	0	0	0	0	0	0	0	605	0	0	0	0	0	0	0	0	0	0	0	0	0	0	0	36	0	13	0	0	0	0	0	0	0
1776741	Acinetobacter proteolyticus	0	0	0	0	0	0	0	12	0	0	0	0	13	0	0	0	0	0	0	0	0	0	0	0	0	0	0	0	0	0	0	0	0	0	0	0	0	0	0	0	0	0	0	0	0	0	0	0	0	0	31	19	0	0	0	0	0	0	0	0	0	0	0	0
1777866	Mesorhizobium erdmanii	0	0	0	0	0	0	0	0	0	0	0	0	0	38	25	0	0	0	0	0	0	0	0	0	0	0	0	0	0	0	0	0	0	0	0	0	0	0	0	0	0	0	0	0	0	0	0	0	0	0	0	0	0	0	0	0	0	0	0	0	0	0	0	0
1778540	Dickeya fangzhongdai	0	0	0	23	0	0	0	0	0	203	0	0	420	0	0	0	39	0	0	0	0	0	0	0	0	0	0	0	0	0	0	0	0	0	0	0	0	0	0	0	0	0	0	0	0	0	0	0	0	0	0	0	0	0	0	0	0	0	0	0	0	0	0	0
1783348	Corynebacterium guangdongense	0	26	0	0	0	0	0	14	0	0	0	0	0	0	0	0	0	0	0	0	0	0	0	0	0	0	0	0	0	0	0	0	0	0	0	0	33	0	0	0	0	19	0	0	10	0	0	0	0	0	0	0	0	0	0	0	19	0	13	0	0	0	0	0
1784719	Leucobacter triazinivorans	0	0	32	0	0	0	0	0	0	0	0	0	0	0	0	0	0	0	0	0	0	0	0	0	0	33	0	0	0	0	0	0	0	0	0	0	0	0	0	0	0	0	0	0	0	0	38	0	0	0	0	0	0	0	0	0	0	0	0	0	0	0	0	0
1785145	Pseudomonas glycinae	0	0	0	0	0	0	0	0	0	0	0	0	56	0	0	0	0	0	0	0	0	0	0	0	0	0	0	0	0	0	0	0	0	0	34	0	0	0	0	0	0	0	0	0	0	0	0	0	0	0	0	0	0	0	0	0	0	0	0	0	0	0	0	0
1785161	Pseudomonas wadenswilerensis	0	0	0	0	0	0	0	0	0	0	0	0	13	0	0	0	0	0	0	0	0	0	0	0	0	0	0	0	0	0	0	0	0	0	0	0	0	0	0	0	0	0	0	0	0	0	0	0	0	0	0	0	0	0	0	0	0	0	0	0	0	0	0	0
1785995	Gemella sp. oral taxon 928	0	0	0	0	0	0	0	0	0	79	0	0	0	0	0	0	0	0	0	0	0	0	0	0	0	0	0	0	0	0	0	0	0	0	0	0	0	0	0	0	0	0	0	0	0	0	0	0	0	0	0	0	0	0	0	0	0	0	0	0	0	0	0	0
1785996	Leptotrichia sp. oral taxon 847	0	22	33	0	0	323	0	21	0	149	31	0	15	0	0	0	37	0	0	0	43	0	0	0	0	18	0	107	42	0	23	0	30	0	42	12	2197	0	0	0	0	47	0	0	22	0	0	0	0	23	0	0	0	40	30	0	29	0	59	0	0	0	28	0
1788301	Pseudomonas versuta	0	0	0	0	0	0	0	0	14	0	0	0	0	0	0	0	0	0	0	0	0	0	0	0	0	0	0	0	0	0	0	0	0	0	0	0	0	0	0	0	0	0	0	0	0	0	0	0	0	0	0	0	0	0	0	0	0	0	0	0	0	0	0	0
1789672	Skermanella mucosa	111	0	0	414	0	0	0	0	0	0	0	0	0	0	0	0	0	0	0	0	0	0	0	0	0	0	0	0	0	0	0	0	0	0	0	0	0	0	0	0	0	0	5400	0	0	0	0	0	0	0	0	0	0	0	0	0	0	0	0	0	0	0	28	0
1792307	Bosea sp. PAMC 26642	0	0	0	0	0	0	0	14	0	0	0	0	0	16	11	0	0	0	0	0	0	0	0	0	0	0	0	0	0	0	0	0	0	0	0	0	0	0	0	0	0	0	0	0	0	0	0	40	0	0	0	0	43	0	0	0	0	0	0	0	0	0	0	0
1793722	Curtobacterium sp. 9128	0	430	0	0	0	0	0	0	0	0	0	0	0	0	0	0	0	0	0	0	0	0	0	0	0	34	0	0	0	0	0	0	0	0	449	0	170	0	0	0	0	0	0	0	0	0	0	0	0	0	0	0	0	0	0	0	0	0	0	0	0	0	0	0
1795053	Microbacterium sp. PAMC 28756	0	0	0	0	0	0	0	0	0	0	0	0	0	0	0	0	0	0	0	0	0	0	0	0	0	0	0	0	0	0	0	0	0	0	0	0	0	0	0	0	0	0	0	0	0	0	1229	0	0	0	0	0	0	0	0	0	0	0	0	0	0	0	0	0
1795630	Frondihabitans sp. PAMC 28766	0	29	0	0	0	0	0	0	0	0	0	0	0	0	0	0	0	0	0	0	0	0	0	0	0	13	0	0	0	0	0	0	0	0	0	0	512	0	0	0	0	0	0	0	0	0	0	0	0	0	0	0	0	0	0	0	0	0	0	0	0	0	0	0
1796613	Bacteroides caecimuris	0	0	0	0	0	0	0	14	0	81	0	0	0	0	0	0	23	0	0	0	0	0	0	0	0	0	0	0	0	0	0	0	0	0	0	0	0	0	257	0	0	0	0	0	0	0	36	17	0	0	0	0	0	0	0	0	0	0	0	0	0	0	0	0
1796616	Blautia pseudococcoides	0	74	0	0	0	15	0	48	0	142	0	0	0	0	0	0	89	0	0	0	0	0	0	0	0	0	0	0	0	0	0	0	0	0	0	0	0	0	981	0	0	0	0	0	0	31	0	26	0	0	20	0	0	0	25	0	48	0	0	0	0	0	0	0
1796620	Acutalibacter muris	0	135	0	0	0	55	0	16	0	47	0	0	0	0	0	0	41	0	0	0	0	0	0	0	0	0	0	0	0	0	0	0	0	0	0	0	0	0	248	0	0	0	0	0	0	0	0	22	0	0	0	0	0	0	33	0	32	0	0	0	0	0	0	0
1796635	Longicatena caecimuris	0	110	0	0	0	74	0	86	0	236	0	0	0	0	0	0	254	0	0	0	0	27	0	0	0	21	0	0	0	0	0	0	0	0	0	0	0	0	728	0	0	0	0	0	0	42	93	33	0	0	0	0	0	23	97	0	149	0	67	0	0	0	0	0
1796644	Rodentibacter caecimuris	0	0	0	0	0	0	0	10	0	17	0	0	0	0	0	0	0	0	0	0	50	0	0	0	0	0	0	0	0	0	0	0	0	0	0	0	0	0	0	0	0	0	0	0	0	0	0	0	0	0	0	0	0	0	13	0	0	0	0	0	0	0	0	0
1796646	Muribaculum intestinale	0	0	0	0	0	0	0	0	0	0	0	0	0	0	0	0	0	0	0	0	0	0	0	0	0	0	0	0	0	0	0	0	0	0	0	0	0	0	347	0	0	0	0	0	0	0	0	0	0	0	0	0	0	0	0	0	0	0	0	0	0	0	0	0
1796652	Turicimonas muris	0	34	0	0	0	0	0	46	0	136	0	0	0	0	0	0	20	0	0	0	0	0	0	0	0	0	0	12	0	0	13	0	0	0	0	0	0	0	1164	0	0	0	0	0	0	0	0	39	0	0	0	0	0	0	16	0	33	0	0	0	0	0	0	0
1798193	Erythrobacter sp. HL-111	0	0	0	0	0	0	0	0	0	0	0	0	0	0	0	0	0	0	0	0	0	0	0	0	0	0	0	26	0	0	0	0	0	0	0	0	0	0	0	0	0	0	0	0	0	0	0	58	0	0	0	0	0	0	0	0	0	0	0	0	0	0	0	0
1798223	Leifsonia sp. 21MFCrub1.1	0	0	0	2256	0	0	0	0	0	0	0	0	0	0	0	0	0	0	0	0	0	0	0	0	0	3305	0	0	0	0	0	0	0	0	0	0	321	0	0	0	0	0	4157	0	0	0	0	0	0	0	0	0	0	0	0	0	0	0	0	0	0	0	0	0
1798224	Jiangella sp. DSM 45060	0	0	0	0	0	0	0	0	0	0	0	0	0	0	10	0	0	0	0	0	0	0	0	0	0	0	0	0	0	0	0	0	0	0	0	0	21	0	0	0	0	0	0	0	0	0	0	0	0	0	0	0	0	0	0	0	0	0	0	0	0	0	0	0
1804624	Nocardioides baekrokdamisoli	0	0	0	0	0	0	0	0	0	0	0	0	0	0	0	0	0	0	0	0	0	0	0	0	0	0	0	0	0	0	0	0	0	0	0	0	20	0	0	0	0	0	0	0	0	0	0	0	0	0	0	0	0	0	0	0	0	0	0	0	0	0	0	0
1804990	Microcella flavibacter	0	0	0	0	0	0	0	0	0	0	0	0	0	0	0	0	0	0	0	0	0	0	0	0	0	0	0	0	0	0	0	0	0	0	0	0	456	0	0	0	0	0	0	55	0	0	0	0	0	0	0	0	0	0	0	0	0	0	0	0	0	0	0	0
1805431	Enterococcus saigonensis	0	0	0	0	0	0	0	0	0	0	0	0	0	0	0	0	0	0	0	0	0	0	0	0	0	0	0	0	0	0	0	0	0	0	0	0	0	0	13	0	0	0	0	0	0	0	0	0	0	0	0	0	0	0	0	0	0	0	0	0	0	0	0	0
1805478	Olsenella timonensis	0	0	0	0	0	0	0	0	0	0	0	0	0	0	0	0	0	0	0	0	0	0	0	0	0	0	0	0	0	0	0	0	0	0	0	0	0	0	15	0	0	0	0	0	0	0	0	0	0	0	0	0	0	0	0	0	0	0	0	0	0	0	0	0
1805840	Rhodococcus sovatensis	0	0	0	0	0	0	0	0	0	0	0	0	0	67	67	0	0	0	0	0	0	0	0	0	0	15	0	0	0	0	0	0	0	0	0	0	0	0	0	0	0	0	0	0	0	0	0	0	0	0	0	0	0	0	0	0	0	0	0	0	0	0	0	0
1805933	Rahnella sikkimica	0	0	0	40	0	13	0	0	0	229	0	18	1572	0	0	0	178	0	0	0	0	0	0	0	0	0	0	0	0	0	0	0	17	0	12	0	0	0	0	0	0	12	0	0	0	0	0	0	0	0	0	0	0	0	0	0	0	0	0	0	0	0	0	0
1811193	Streptococcus pantholopis	0	0	0	0	0	0	0	11	0	0	0	0	0	0	0	0	0	0	0	0	0	0	0	0	0	0	0	0	0	0	0	0	0	0	0	0	0	0	0	0	0	0	0	0	0	0	0	0	0	0	0	0	0	0	0	0	0	0	0	0	0	0	0	0
1812935	Enterobacter roggenkampii	0	30	445	0	53	0	0	49	91	49	0	0	919	0	0	92	51	0	0	0	0	124	0	0	0	64	0	0	0	31	0	0	37	0	0	0	0	133	0	185	0	0	0	0	33	0	0	0	0	0	0	0	0	0	0	0	0	0	0	0	0	0	0	0
1813468	Sphingomonas naphthae	0	281	217	53	0	0	0	19	0	191	0	0	0	0	43	0	0	0	0	0	0	0	0	0	0	0	0	0	59	0	0	0	0	0	30	0	687	0	0	0	0	0	40	0	0	0	0	0	0	76	0	37	0	0	0	0	0	0	0	0	0	0	37	0
1813879	Sphingomonas panacisoli	0	14	0	0	0	0	0	0	0	0	0	0	0	0	0	0	0	0	0	0	0	0	0	0	0	0	0	0	0	0	0	0	0	0	0	0	25	0	0	0	0	0	0	0	0	0	0	0	0	0	0	0	0	0	0	0	0	0	0	0	0	0	0	0
1813880	Nostocoides sp. HKS02	0	0	0	0	0	0	0	0	0	0	0	0	0	0	0	0	0	0	0	0	0	0	0	0	0	0	0	0	0	0	0	0	0	0	0	0	20	0	0	0	0	0	0	0	0	0	0	0	0	0	0	0	0	0	0	0	0	0	0	0	0	0	0	0
1815583	Neisseria musculi	0	0	0	0	0	13	0	0	0	0	0	0	0	0	0	0	0	0	0	0	70	0	0	0	0	0	0	0	0	0	0	0	0	0	0	0	0	0	0	0	0	0	0	0	0	0	0	0	0	17	0	0	0	0	11	0	0	0	0	0	0	0	0	0
1816425	Microbacterium plantarum	0	0	0	0	0	0	0	0	0	0	0	0	0	0	0	0	0	0	0	0	0	0	0	0	0	235	0	0	0	0	0	0	0	0	52	0	0	0	0	0	0	0	0	0	0	0	10638	0	0	0	0	0	0	0	0	0	0	0	0	0	0	0	0	0
1817405	Abyssicoccus albus	24	4788	1154	0	0	14	0	343	63	38	167	0	0	0	26	0	12	0	0	0	0	0	0	0	0	0	0	18	0	0	32	0	28	0	0	0	187	0	0	48	0	55	0	36	2596	0	0	138	0	0	0	0	86	387	11	0	11	0	74	15	120	0	79	112
1817965	Skermanella rosea	59	0	0	1080	0	0	0	0	0	0	0	0	0	0	0	0	0	0	0	0	0	0	0	0	0	0	0	0	0	0	0	0	0	0	0	0	0	0	0	0	0	0	13465	0	0	0	0	0	0	0	0	0	0	0	0	0	0	0	0	0	0	0	0	0
1821625	Streptomyces sp. VN1	0	0	0	0	0	0	0	0	0	0	0	0	0	0	0	0	0	0	0	0	0	0	0	0	0	0	0	0	0	0	0	0	0	0	0	0	0	0	0	0	0	0	0	0	0	0	370	0	0	0	0	0	0	0	0	0	0	0	0	0	0	0	0	0
1825069	Streptococcus marmotae	0	0	0	0	0	0	0	29	0	0	0	0	0	0	0	0	0	0	0	0	0	0	0	0	0	0	0	0	0	0	0	0	0	0	0	0	0	0	0	0	0	0	0	0	0	0	0	0	0	0	0	0	0	0	0	0	0	0	0	0	0	0	0	0
1827285	Acinetobacter sp. MYb10	0	0	0	0	0	0	0	0	0	0	0	0	0	0	0	0	0	0	0	0	0	0	0	0	0	0	0	0	0	0	0	0	0	59	51	0	0	0	0	0	0	0	0	0	0	0	0	0	0	0	0	0	0	0	0	0	0	0	0	0	0	0	0	0
1827300	Pseudomonas sp. MYb193	0	0	0	0	0	0	0	0	0	0	0	0	0	0	0	0	0	0	0	0	0	0	0	0	0	0	0	0	0	0	53	0	0	0	0	0	0	0	0	0	0	0	0	0	0	0	0	0	0	0	142	0	0	0	0	0	0	0	0	0	0	0	0	0
1827469	Brevundimonas sp. GW460-12-10-14-LB2	0	0	0	340	0	0	0	0	0	0	0	0	0	0	0	0	0	0	0	0	0	0	0	0	0	0	0	0	0	0	0	0	0	0	0	0	0	0	0	0	0	0	100	0	0	0	0	0	0	0	0	0	48	0	0	0	0	0	0	0	0	0	0	0
1839799	Streptococcus sp. FDAARGOS_192	0	377	1714	64	0	131	0	55	57	728	1821	0	2584	0	101	0	244	0	0	0	79	0	0	0	0	77	0	2561	1894	0	80	0	313	57	2080	0	428	0	442	67	0	455	0	0	205	748	0	0	67	6100	58	368	0	223	2097	0	167	0	412	0	61	0	456	89
1842533	Acidovorax sp. RAC01	0	0	0	0	0	0	0	0	0	0	0	0	0	0	0	0	0	0	0	0	0	0	0	0	0	0	0	0	0	0	0	0	0	0	0	0	0	0	0	0	0	0	0	47	0	0	0	0	0	0	0	0	0	0	0	0	0	0	0	0	0	0	0	0
1842534	Sinorhizobium sp. RAC02	0	0	0	159	0	0	0	0	0	0	0	0	0	0	0	0	0	0	0	0	0	0	0	0	0	0	0	0	0	0	0	0	0	0	0	0	0	0	0	0	0	0	0	0	0	0	0	0	0	0	0	0	0	0	0	0	0	0	0	0	0	0	0	0
1842536	Agrobacterium sp. RAC06	0	0	0	0	0	0	0	0	0	0	0	0	0	96	20	0	0	0	0	0	0	0	0	0	0	0	0	0	0	0	0	0	0	0	0	0	0	0	0	0	0	0	0	0	0	0	0	0	0	0	0	0	0	0	0	0	0	0	0	0	0	0	0	0
1842537	Hydrogenophaga sp. RAC07	0	0	0	0	0	0	0	0	0	0	0	0	14	0	0	0	0	0	0	0	0	0	0	0	0	0	0	0	0	0	0	0	0	0	0	0	0	0	0	0	0	0	0	0	0	0	0	0	0	0	0	0	0	0	0	0	0	0	0	0	0	0	0	0
1842539	Bosea sp. RAC05	0	0	0	0	0	0	0	348	0	0	0	0	0	396	272	0	0	0	0	0	0	0	0	0	0	0	0	0	0	0	0	0	0	0	0	0	0	0	0	0	0	0	0	0	0	0	0	214	0	0	0	0	0	0	0	0	0	0	0	0	0	0	0	0
1842540	Methyloversatilis sp. RAC08	0	0	13	0	0	0	0	0	0	0	0	0	0	0	0	0	0	0	0	0	0	0	0	0	0	14	0	0	0	0	0	0	0	15	0	0	0	0	0	0	0	12	0	0	0	0	0	0	0	0	0	0	11	10	0	0	0	0	0	0	0	0	0	0
1843368	Sphingobium sp. RAC03	0	0	15	0	160	66	70	112	159	36	0	78	23	0	0	107	48	0	0	55	0	0	66	0	74	125	59	141	0	116	196	94	140	317	166	76	407	86	132	0	45	55	20	0	0	0	488	39	50	0	127	26	99	26	0	57	0	0	53	0	0	0	0	0
1847728	Companilactobacillus allii	0	0	32	0	0	0	0	0	0	0	0	0	0	0	0	0	0	0	0	0	0	0	0	0	0	0	0	0	0	0	0	0	0	0	0	0	0	0	0	0	0	0	0	0	0	0	0	0	0	0	0	0	0	0	0	0	0	0	0	0	0	0	0	0
1850238	Rhizorhabdus dicambivorans	0	0	72	0	156	0	0	99	79	0	0	0	0	0	57	138	0	0	0	0	0	0	83	0	0	0	0	55	0	0	0	67	0	50	47	0	216	0	146	0	0	0	0	0	0	0	0	0	0	0	71	42	0	0	0	0	0	0	0	0	0	0	0	0
1850250	Rhodobacter xanthinilyticus	0	0	0	0	0	0	0	87	0	0	0	0	0	0	0	0	0	0	0	0	0	0	0	0	0	0	0	106	0	0	0	0	0	0	0	0	0	0	0	0	0	0	0	0	0	0	0	172	0	0	0	0	91	0	0	0	0	0	0	0	0	0	0	0
1850374	Ancylobacter sp. TS-1	0	0	0	0	0	0	0	0	0	0	0	0	0	173	99	0	0	0	0	0	0	0	0	0	0	0	0	0	0	0	0	0	0	0	0	0	0	0	0	0	0	0	0	0	0	0	0	0	0	0	0	0	0	0	0	0	0	0	0	0	0	0	0	0
1851395	Actinomyces sp. Chiba101	0	31	13	0	0	74	0	85	0	58	0	0	124	0	15	0	191	0	0	0	20	11	21	0	0	46	0	74	0	0	26	0	35	0	22	112	6986	0	0	0	0	39	0	0	0	33	0	12	0	89	0	53	23	95	25	0	36	0	348	0	0	0	0	0
1851544	Orrella dioscoreae	0	0	0	0	0	0	0	0	0	0	0	0	0	0	0	0	0	103	37	0	0	0	0	0	0	0	0	0	0	0	0	0	0	0	0	0	0	0	0	0	0	0	0	0	0	0	0	0	0	0	0	0	0	0	0	0	0	0	0	0	0	0	0	0
1852022	Roseitalea porphyridii	0	0	0	0	0	0	0	0	0	0	0	0	0	133	98	0	0	0	0	0	0	0	0	0	0	0	0	0	0	0	0	0	0	0	0	0	0	0	0	0	0	0	0	0	0	0	0	0	0	0	0	0	0	0	0	0	0	0	0	0	0	0	0	0
1852373	Murdochiella vaginalis	0	67	63	0	0	14	0	308	17	40	0	0	0	0	0	0	25	0	0	0	0	0	0	0	0	0	0	13	0	0	17	0	0	0	17	0	0	0	146	0	0	20	0	0	0	0	0	47	0	0	0	16	35	52	0	15	337	0	0	0	0	0	0	0
1852374	Ezakiella massiliensis	0	89	59	12	20	39	0	177	0	21	0	0	15	0	0	15	77	0	0	0	28	41	0	0	0	62	0	1596	0	0	410	12	1542	18	1193	0	290	0	1471	0	0	547	0	0	0	0	0	88	0	14	0	16	21	23	25	12	251	0	21	0	0	0	0	0
1852377	Actinomyces pacaensis	0	73	513	0	0	45	0	101	138	316	535	0	4137	0	28	0	70	0	0	21	33	0	22	0	0	22	0	785	12	0	20	0	68	0	173	0	133	0	94	0	0	92	0	0	32	357	0	0	0	467	88	45	19	68	4988	0	30	0	1774	0	25	0	139	0
1852381	Duodenibacillus massiliensis	0	0	0	0	0	0	0	0	0	0	0	0	0	0	0	0	0	0	0	0	0	0	0	0	0	0	0	0	0	0	10	0	0	0	0	0	0	0	0	0	0	0	0	0	0	0	0	0	0	0	0	0	0	0	0	0	0	0	0	0	0	0	0	0
1852390	Corynebacterium fournieri	0	2063	679	102	2018	9393	0	2486	0	229	156	0	188	52	472	21	960	0	115	17	146	924	99	0	0	191	0	365	32	12	972	0	230	0	250	125	5367	0	1060	58	15	3485	0	12	1129	317	0	784	0	614	0	399	462	1324	2004	237	1624	0	979	12	106	0	282	83
1853130	Pseudomonas silesiensis	0	0	0	0	0	0	0	0	0	0	0	0	24	0	0	0	0	0	0	0	0	0	0	0	0	0	0	0	0	0	0	0	0	0	0	0	0	0	0	0	0	0	0	0	0	0	0	0	0	0	0	0	0	0	0	0	0	0	0	0	0	0	0	0
1853276	Neisseria weixii	0	0	0	0	0	0	0	0	0	10	0	0	0	0	0	0	0	0	0	0	0	0	0	0	0	0	0	0	0	0	0	0	0	0	0	0	0	0	0	0	0	0	0	0	0	0	0	0	0	0	0	0	0	0	54	0	0	0	0	0	0	0	0	0
1853278	Neisseria chenwenguii	0	0	0	0	0	0	0	0	0	34	0	0	0	0	0	0	0	0	0	0	64	0	0	0	0	10	0	0	0	0	0	0	0	0	0	0	0	0	0	0	0	0	0	0	0	0	0	0	0	0	0	0	0	0	81	0	0	0	13	0	0	0	0	0
1854498	Chryseobacterium nepalense	0	47	0	0	0	53	0	339	0	132	0	0	0	0	52	0	93	0	0	0	0	0	0	0	0	0	0	111	0	0	158	0	148	0	310	0	123	0	49	0	0	319	0	0	0	0	0	0	0	0	0	0	0	0	0	0	0	0	0	0	88	0	0	0
1855380	Pseudomonas sp. Z003-0.4C(8344-21)	0	0	0	0	0	0	0	0	0	0	0	44792	104526	0	0	0	0	0	0	0	0	0	0	0	0	876	0	0	0	0	0	0	0	429	24918	0	0	0	0	0	0	49	0	0	0	0	0	0	0	0	0	0	0	0	0	0	0	0	0	0	0	0	0	0
1855823	Macrococcoides canis	0	26	0	0	0	0	0	12	0	0	0	0	0	0	0	0	38	0	0	0	0	0	0	0	0	0	0	18	0	0	14	0	0	0	28	0	58	0	13	0	0	10	0	0	0	0	0	0	0	0	0	0	0	0	0	0	0	0	0	0	0	0	0	0
1855912	Luteitalea pratensis	0	0	0	0	0	0	0	13	0	0	0	0	0	0	0	0	0	0	0	0	0	0	0	0	0	19	0	0	0	0	0	0	0	0	0	0	0	0	0	0	0	0	0	0	0	0	0	0	0	0	0	0	0	0	0	0	0	0	0	0	0	0	0	0
1858653	Agromyces mangrovi	0	0	0	0	0	0	0	0	0	0	0	0	0	0	0	0	0	0	0	0	0	0	0	0	0	30	0	0	0	0	0	0	0	0	0	0	848	0	0	0	0	0	0	0	0	0	0	0	0	0	0	0	0	0	0	0	0	0	0	0	0	0	0	0
1859096	Cryptococcus deuterogattii	0	0	0	0	0	0	0	0	0	0	0	0	0	0	0	0	0	173	216	0	0	0	0	0	0	0	0	0	0	0	0	0	0	0	0	0	0	0	0	0	0	0	0	0	0	0	0	0	0	0	0	0	0	0	0	0	0	0	0	0	0	0	0	0
1862358	Corynebacterium choanae	0	11	0	0	0	0	0	0	0	0	0	0	0	0	0	0	0	0	0	0	0	0	0	0	0	0	0	0	0	0	0	0	0	0	0	0	10	0	0	0	0	11	0	0	0	0	0	0	0	0	0	0	0	0	0	0	0	0	0	0	0	0	0	0
1867715	Bosea sp. Tri-49	0	0	0	0	0	0	0	557	0	0	0	0	0	19	27	0	0	0	0	0	0	0	57	0	0	68	0	0	0	66	0	0	0	0	0	0	0	0	0	0	0	0	0	0	0	0	0	58	0	0	0	0	73	0	0	0	0	0	0	0	0	0	0	0
1868135	Enterobacter sp. HK169	0	0	0	0	0	0	0	0	0	0	0	0	1162	0	0	0	0	0	0	0	0	0	0	0	0	0	0	0	0	0	0	0	0	0	0	0	0	0	0	0	0	0	0	0	0	0	0	0	0	0	0	0	0	0	0	0	0	0	0	0	0	0	0	0
1868589	Phreatobacter cathodiphilus	0	0	0	0	0	0	0	403	0	0	0	0	0	24	36	0	0	0	0	0	0	0	0	0	0	0	0	0	0	0	0	0	0	0	0	0	0	0	0	0	0	0	0	0	0	0	0	0	0	0	0	0	0	0	0	0	0	0	0	0	0	0	0	0
1868793	Jeotgalibaca porci	0	64	14	0	0	0	0	0	0	0	0	0	0	0	0	0	0	0	0	0	0	0	0	0	0	0	0	0	0	0	0	0	0	0	0	0	33	0	22	0	0	14	0	0	73	0	0	0	0	0	0	0	0	0	0	0	0	0	0	0	0	0	0	0
1868794	Jeotgalibaca arthritidis	0	0	0	0	0	0	0	0	0	0	0	0	0	0	0	0	0	0	0	0	0	0	0	0	0	0	0	0	0	0	0	0	0	0	0	0	0	0	20	0	0	0	0	0	33	0	0	0	17	21	0	0	0	0	0	30	0	0	0	0	0	0	0	0
1870984	Anaerococcus mediterraneensis	0	193	225	21	0	139	0	555	0	43	24	0	56	0	56	113	243	0	0	0	58	206	0	0	0	60	0	822	12	0	353	22	507	17	486	0	301	0	1707	0	0	419	0	0	26	13	0	343	0	71	23	38	74	94	135	23	449	0	50	0	0	0	0	0
1870985	Arabiibacter massiliensis	0	61	0	0	0	0	0	0	0	0	0	0	0	0	0	0	0	0	0	0	0	0	0	0	0	0	0	0	0	0	0	0	0	0	0	0	0	0	19	0	0	0	0	0	0	0	0	0	0	0	0	0	0	0	0	0	0	0	0	0	0	0	0	0
1870995	Actinotignum timonense	0	28	48	32	0	15	0	36	0	20	30	0	0	0	0	0	26	0	0	0	0	0	0	0	0	16	0	144	0	17	77	0	36	0	100	0	134	0	212	0	0	130	0	0	0	0	0	0	0	0	0	13	23	76	0	16	835	0	60	0	0	0	0	0
1871021	Lachnoclostridium phocaeense	0	245	0	0	0	32	0	65	0	167	0	0	0	0	0	0	127	0	0	0	0	0	0	0	0	0	0	0	0	0	0	0	0	0	0	0	0	0	589	0	0	0	0	0	0	0	0	20	0	0	0	0	0	0	66	0	59	0	0	0	0	0	0	0
1871022	Parolsenella massiliensis	0	89	0	0	0	0	0	18	0	18	0	0	0	0	0	0	36	0	0	0	0	0	0	0	0	0	0	0	0	0	0	0	0	0	0	0	0	0	101	0	0	0	0	0	0	0	0	13	0	0	0	0	0	0	22	0	34	0	0	0	0	0	0	0
1871025	Ndongobacter massiliensis	0	28	0	0	0	0	0	47	0	0	0	0	0	0	0	0	18	0	0	0	0	0	0	0	0	0	0	0	0	0	14	0	0	0	0	0	0	0	34	0	0	0	0	0	0	0	0	0	0	24	0	0	11	15	0	0	98	0	0	0	0	0	0	0
1871034	Vaginimicrobium propionicum	0	0	20	0	0	27	0	31	0	68	0	0	10	0	13	0	60	0	0	0	0	0	0	0	0	25	0	83	0	0	32	0	42	0	53	0	174	0	67	0	0	548	0	0	0	0	0	0	0	0	0	0	0	16	0	0	35	0	0	0	0	0	0	0
1871048	Devosia sp.	0	0	0	0	0	0	0	0	0	0	0	0	0	0	0	0	0	0	0	0	0	0	0	0	0	0	0	0	0	0	0	0	0	0	0	0	0	0	0	0	0	0	0	0	0	0	49	0	0	0	0	0	0	0	0	0	0	0	0	0	0	0	0	0
1871050	Bosea sp. (in: a-proteobacteria)	0	0	0	0	0	0	0	411	0	0	0	0	0	0	0	0	0	0	0	0	0	0	0	0	0	0	0	0	0	0	0	0	0	0	0	0	0	0	0	0	0	0	0	0	0	0	0	352	0	0	0	0	256	0	0	0	0	0	0	0	0	0	0	0
1871109	Neisseria sp. RH3002v2g	0	141	576	70	0	158	0	1079	0	1585	644	0	986	0	57	0	215	0	0	0	701	0	0	0	0	310	0	548	56	0	89	0	201	0	303	0	194	0	0	45	0	203	0	0	33	72	0	0	46	2418	0	118	34	116	39235	0	53	57	109	0	54	0	268	0
1874061	Sphingopyxis sp. EG6	0	0	0	0	0	0	0	377	0	0	0	0	0	0	0	0	0	0	0	0	0	0	0	0	0	0	0	0	0	0	0	0	0	0	0	0	0	0	0	0	0	0	0	0	0	0	0	0	0	0	0	0	0	0	0	0	0	0	0	0	0	0	0	0
1874630	Clavibacter capsici	0	0	0	0	0	0	0	0	0	0	0	0	0	0	0	0	0	0	0	0	0	0	0	0	0	0	0	0	0	0	0	0	0	0	0	0	586	0	0	0	0	0	0	0	0	0	0	0	0	0	0	0	0	0	0	0	0	0	0	0	0	0	0	0
1879050	Acinetobacter wuhouensis	0	0	0	0	0	0	0	11	0	0	0	0	0	0	0	0	0	0	0	0	0	0	0	0	0	0	0	0	0	0	0	0	0	0	0	0	0	0	0	0	0	0	0	0	0	0	0	0	0	0	0	21	0	0	0	0	0	0	0	0	0	0	0	0
1880678	Pseudomonas sivasensis	0	0	18	0	0	0	200	0	0	21	0	0	33	0	0	0	0	0	0	0	0	0	0	0	0	0	0	0	0	0	0	0	0	0	64	0	0	0	0	0	0	0	0	0	0	0	0	0	0	0	0	0	0	0	0	0	0	0	0	0	0	0	0	0
1882682	Microvirga ossetica	0	0	50	0	0	0	0	0	0	0	0	0	0	34	58	0	0	0	0	0	0	0	0	0	0	183	0	0	0	0	26	0	0	0	0	0	0	0	0	0	0	0	0	0	0	0	0	0	0	55	0	0	98	0	0	0	0	0	0	0	0	0	0	0
1882749	Opitutus sp. GAS368	0	0	0	0	0	0	0	0	0	0	0	0	0	13	0	0	0	0	0	0	0	0	0	0	0	0	0	0	0	0	0	0	0	0	0	0	0	0	0	0	0	0	0	0	0	0	0	0	0	0	0	0	0	0	0	0	0	0	0	0	0	0	0	0
1883416	Halomonas sp. 1513	0	0	0	0	0	0	0	0	0	0	0	0	0	0	0	0	0	0	0	0	0	0	0	0	0	0	0	449	0	0	0	0	0	0	0	0	0	0	0	0	0	0	0	0	0	0	0	0	0	0	0	0	0	0	0	0	0	0	0	0	0	0	0	0
1884263	Selenomonas sp. oral taxon 920	0	65	142	0	0	2056	0	79	0	492	51	0	423	0	31	0	88	0	0	0	101	0	0	0	0	108	0	202	0	0	31	0	112	0	76	0	989	0	0	0	0	90	0	0	21	0	0	51	0	138	0	52	63	1358	0	15	1046	0	567	0	32	0	0	0
1886807	Pseudomonas sp. TMW 2.1634	0	0	0	0	0	0	0	0	0	0	0	0	49	0	0	0	0	0	0	0	0	0	0	0	0	0	0	0	0	0	0	0	0	0	0	0	0	0	0	0	0	0	0	0	0	0	0	0	0	0	0	0	0	0	0	0	0	0	0	0	0	0	0	0
1888195	Streptococcus himalayensis	0	0	0	0	0	0	0	0	0	0	0	0	14	0	0	0	0	0	0	0	0	0	0	0	0	0	0	12	0	0	0	0	0	0	16	0	0	0	0	0	0	0	0	0	0	0	0	0	0	0	0	0	0	0	16	0	0	0	0	0	0	0	0	0
1890302	Bacillus wiedmannii	0	0	36	0	0	0	0	51	0	0	0	0	0	0	0	0	0	0	0	0	0	0	0	0	0	0	0	0	0	0	15	0	0	0	0	0	0	0	0	0	0	0	0	21	37	0	0	188	0	0	0	0	0	0	0	0	0	0	0	0	0	0	57	0
1891644	Epidermidibacterium keratini	0	0	0	26	0	0	0	0	0	0	0	0	0	0	0	0	0	0	21	0	0	0	0	0	0	892	0	0	0	0	0	0	0	0	0	0	23	0	0	0	0	0	23	0	0	0	0	0	0	0	0	0	0	0	0	0	0	0	0	0	0	0	0	0
1891675	Pantoea alhagi	0	0	0	0	0	0	0	39	0	0	0	0	0	0	0	0	0	0	0	0	0	0	0	0	0	0	0	0	0	0	0	0	0	0	0	0	0	0	0	0	0	0	0	0	0	0	0	0	0	0	0	0	0	0	0	0	0	0	0	0	0	0	0	0
1892855	Sphingosinicella sp. BN140058	0	0	0	0	0	0	0	0	0	0	0	0	0	51	26	0	0	0	0	0	0	0	0	0	0	0	0	0	0	0	0	0	0	0	0	0	13	0	0	0	0	0	0	0	0	0	0	0	0	0	0	0	0	0	0	0	0	0	0	0	0	0	0	0
1894969	Micromonospora globbae	0	0	0	0	0	0	0	0	0	0	0	0	0	0	0	0	0	0	0	0	0	0	0	0	0	0	0	0	0	0	0	0	0	0	0	0	0	0	0	0	0	0	0	0	0	0	151	0	0	0	0	0	0	0	0	0	0	0	0	0	0	0	0	0
1894999	Enhydrobacter sp.	0	0	0	0	0	0	0	0	0	0	0	0	0	11	16	0	0	0	0	0	0	0	0	0	0	26	0	0	0	0	0	0	0	0	0	0	0	0	0	0	0	0	0	0	0	0	0	0	0	0	0	0	0	0	0	0	0	0	0	0	0	0	0	0
1896196	Porphyrobacter sp. LM 6	0	0	0	0	0	0	0	82	0	0	0	0	0	0	0	0	0	0	0	0	0	0	0	0	0	0	0	0	0	0	0	0	0	0	0	0	0	0	0	0	0	0	0	0	0	0	0	0	0	0	0	0	0	0	0	0	0	0	0	0	0	0	0	0
1897060	Cryobacterium sp. SO2	0	0	0	0	0	0	0	0	0	0	0	0	0	0	0	0	0	0	0	0	0	0	0	0	0	38	0	0	0	0	0	0	0	0	0	0	107	0	0	0	0	0	0	0	0	0	0	0	0	0	0	0	0	0	0	0	0	0	0	0	0	0	0	0
1897061	Cryobacterium sp. SO1	0	0	0	0	0	0	0	0	0	0	0	0	0	0	0	0	0	0	0	0	0	0	0	0	0	23	0	0	0	0	0	0	0	0	0	0	85	0	0	0	0	0	0	0	0	0	0	0	0	0	0	0	0	0	0	0	0	0	0	0	0	0	0	0
1898684	Pseudomonas sp. LPH1	0	0	0	0	0	0	0	0	0	0	0	0	0	0	0	0	0	0	0	0	0	0	0	0	0	0	0	0	0	0	0	0	0	0	0	0	0	0	0	0	0	0	0	0	0	0	0	0	0	0	59	0	0	0	0	0	0	0	0	0	0	0	0	0
1902136	Streptococcus sp. NPS 308	123	689	1304	132	64	342	0	22328	35	1394	833	42	2300	0	112	28	676	0	0	60	26514	0	0	0	0	1700	0	895	481	0	248	28	767	0	680	288	1739	0	43	59	0	492	0	0	164	46	0	107	52	1919	28	774	86	464	1031	0	195	127	3109	0	134	20	558	0
1902580	Macrococcus epidermidis	0	0	0	0	0	0	0	15	0	0	0	0	0	0	0	0	0	0	0	0	0	0	0	0	0	0	0	0	0	0	0	0	0	0	0	0	17	0	0	0	0	0	0	0	0	0	0	0	0	0	0	0	0	0	0	0	0	0	0	0	0	0	0	0
1903056	Macrococcoides bohemicum	0	0	0	0	0	0	0	0	0	0	0	0	0	0	0	0	0	0	0	0	0	0	0	0	0	0	0	0	0	0	55	0	0	0	0	0	1362	0	0	0	0	72	0	0	0	0	0	0	0	0	0	0	0	0	0	0	0	0	0	0	0	0	0	0
1903186	Brachybacterium sp. P6-10-X1	0	37	0	0	0	0	0	0	0	0	0	0	0	0	0	0	0	0	0	0	0	0	0	0	0	0	0	0	0	0	0	0	0	0	0	0	0	0	0	0	0	0	0	0	0	0	154	0	0	0	0	0	0	0	0	0	0	0	0	0	0	148	0	0
1904944	Stenotrophomonas sp. LM091	0	0	0	0	0	0	0	0	0	110	0	125	107	0	0	0	228	0	0	0	0	0	0	0	0	30	0	0	0	0	0	0	0	0	28	0	0	0	0	0	0	0	0	0	0	0	0	0	0	0	165	0	0	0	0	0	0	0	0	0	0	0	0	0
1905730	Pectobacterium parmentieri	0	0	0	22	0	0	0	0	0	248	0	0	509	0	0	0	48	0	0	0	0	0	0	0	0	0	0	0	0	0	0	0	0	0	0	0	0	0	0	0	0	0	0	0	0	0	0	0	0	0	0	0	0	0	0	0	0	0	0	0	0	0	0	0
1905847	Curtobacterium sp. BH-2-1-1	0	61	39	411	0	0	0	0	0	0	0	0	0	0	0	0	17	0	0	0	0	0	0	0	0	0	0	0	0	0	0	0	0	0	0	0	286	0	56	0	0	0	513	0	0	0	0	0	0	0	0	0	0	0	0	0	0	0	0	0	0	0	0	0
1906274	Microbacterium sp. JZ31	0	30	0	0	0	0	0	0	0	0	0	0	0	0	0	0	0	0	0	0	0	0	0	0	0	30	0	0	0	0	0	0	0	0	0	0	347	0	0	0	0	0	0	0	0	0	0	0	0	0	0	0	0	0	0	0	0	0	0	0	0	0	0	0
1906742	Microbacterium sp. BH-3-3-3	0	45	0	51	0	0	0	0	0	0	0	0	0	0	0	0	35	0	0	0	0	0	0	0	0	1523	0	0	0	0	0	0	0	0	0	0	105	0	0	0	0	0	140	0	0	0	0	0	0	0	0	0	0	0	0	0	0	0	0	0	0	0	0	0
1907662	Raoultibacter timonensis	0	60	0	0	0	71	0	11	0	16	0	0	0	0	0	0	0	0	0	0	0	0	0	0	0	0	0	0	0	0	0	0	0	0	0	0	0	0	10	0	0	0	0	0	0	0	0	0	0	0	0	0	0	0	0	0	22	0	0	0	0	0	0	0
1911586	Marinilactibacillus sp. 15R	0	80	22	0	0	0	0	0	0	0	0	0	0	0	0	0	0	0	0	0	0	0	0	0	0	0	0	0	0	0	0	0	0	0	0	0	74	0	53	0	0	29	0	0	78	0	0	0	0	189	0	0	0	30	0	0	0	0	0	0	0	0	0	0
1912064	Staphylococcus sp. MI 10-1553	0	14	0	0	0	0	0	0	0	0	0	0	0	0	0	0	0	0	0	0	0	0	0	0	0	0	0	0	0	0	0	0	0	0	0	0	31	0	0	0	0	0	0	0	0	0	0	0	0	0	0	0	0	0	0	0	0	0	0	0	0	0	0	0
1912897	Blautia argi	0	138	0	0	0	23	0	116	0	319	0	0	0	0	0	0	252	0	0	0	0	0	0	0	0	0	0	0	0	0	0	0	0	0	53	0	0	0	2023	0	0	0	0	0	0	0	0	86	0	0	0	43	0	0	29	23	199	0	11	0	0	0	0	0
1913979	Microcella sp.	0	0	0	0	0	0	0	0	0	0	0	0	0	0	0	0	0	0	0	0	0	0	0	0	0	32	0	0	0	0	0	0	0	0	0	0	0	0	0	0	0	0	0	0	0	0	0	0	0	0	0	0	0	0	0	0	0	0	0	0	0	0	0	0
1914461	Micromonospora terminaliae	0	0	0	0	0	0	0	0	0	0	0	0	0	0	0	0	0	0	0	0	0	0	0	0	0	0	0	0	0	0	0	0	0	0	0	0	0	0	0	0	0	0	0	0	0	0	346	0	0	0	0	0	0	0	0	0	0	0	0	0	0	0	0	0
1914525	Sphingopyxis sp. FD7	0	0	0	0	0	0	0	93	0	0	0	0	0	0	0	0	0	0	0	0	0	0	0	0	0	0	0	0	0	0	0	0	0	0	0	0	0	0	0	0	0	0	0	0	0	0	0	0	0	0	0	0	0	0	0	0	0	0	0	0	0	0	0	0
1916917	Microbacterium sp. 1.5R	0	0	0	0	0	0	0	0	0	0	0	0	0	0	0	0	0	0	0	0	0	0	0	0	0	66	0	0	0	0	0	0	0	0	35	0	0	0	0	0	0	0	0	0	0	0	0	0	0	0	0	0	0	0	0	0	0	0	0	0	0	0	0	0
1917441	Streptococcus ruminantium	0	0	0	0	0	0	0	0	0	0	56	0	0	0	0	0	0	0	0	0	170	0	0	0	0	0	0	0	0	0	0	0	36	0	0	0	58	0	0	0	0	0	0	0	0	0	0	0	0	0	0	0	0	0	0	0	0	0	0	0	0	0	0	0
1920191	Delftia sp. HK171	0	0	0	0	0	0	0	77	0	0	0	0	0	0	0	0	0	0	0	0	0	0	0	0	0	0	0	0	0	0	0	0	0	0	0	0	0	0	0	0	0	0	0	0	0	0	0	0	0	0	0	0	0	0	0	0	0	0	0	0	0	0	0	0
1930058	Demequina sediminis	0	0	0	0	0	0	0	0	0	0	0	0	0	0	0	0	0	0	0	0	0	0	10	0	0	0	0	0	0	0	0	0	0	0	0	0	0	0	0	0	0	0	0	0	0	0	0	0	0	0	0	0	0	0	0	0	0	0	0	0	0	0	0	0
1931275	Neisseria dumasiana	0	0	0	0	0	0	0	0	0	165	0	0	0	0	0	0	0	0	0	0	542	0	0	0	0	0	0	0	0	0	0	0	0	0	0	0	0	0	0	0	0	0	0	0	0	0	0	0	0	0	0	0	0	0	0	0	0	0	0	0	0	0	0	0
1933220	Sphingobacterium sp. B29	0	0	0	0	0	0	0	0	0	0	0	0	0	0	0	0	0	0	0	0	0	0	0	0	0	0	0	0	0	0	0	0	0	0	0	0	0	0	0	0	0	0	0	0	0	0	0	0	0	0	0	72	0	0	0	0	0	0	0	0	0	0	0	0
1935379	Leucobacter muris	0	0	0	0	0	0	0	0	0	0	0	0	0	0	0	0	0	0	0	0	0	0	0	0	0	24	0	0	0	0	0	0	0	0	0	0	271	0	0	0	58	0	0	0	0	0	69	0	0	0	0	0	0	0	0	0	0	0	0	0	0	0	0	0
1936029	Mycobacterium sp. MS1601	0	0	0	0	0	0	0	0	0	0	0	0	0	0	0	0	0	0	0	0	0	0	0	0	0	0	0	0	0	0	0	0	0	0	0	0	0	0	0	0	0	0	24	0	0	0	0	0	0	0	0	0	0	0	0	0	0	0	0	0	0	0	0	0
1936171	uncultured Roseibium sp.	0	0	0	0	0	0	0	0	0	0	0	0	0	128	83	0	0	0	0	0	0	0	0	0	0	0	0	0	0	0	0	0	0	0	0	0	0	0	0	0	0	0	0	0	0	0	0	0	0	0	0	0	0	0	0	0	0	0	0	0	0	0	0	0
1938334	Microbacterium sp. TPU 3598	0	157	328	58	33	137	0	144	72	49	0	98	20	0	0	0	76	0	0	0	0	0	0	0	0	246	0	1345	0	83	1032	0	320	119	11540	112	2337	0	262	0	30	598	38	0	59	365	0	109	0	134	137	164	113	388	241	97	244	0	512	0	0	0	37	0
1938607	Sphingomonas sp. LM7	0	0	0	0	0	0	0	0	0	0	0	0	0	0	0	0	0	0	0	0	0	0	0	0	0	0	0	0	0	0	0	0	0	0	0	0	150	0	0	0	0	0	0	0	0	0	156	0	0	0	0	0	0	0	0	0	0	0	0	0	0	0	0	0
1940610	Phreatobacter stygius	0	0	0	0	0	0	0	70	0	0	0	0	0	33	34	0	0	0	0	0	0	0	0	0	0	0	0	0	0	0	0	0	0	0	17	0	0	0	0	0	0	0	0	0	0	0	0	0	0	0	0	0	0	0	0	0	0	0	0	0	0	0	0	0
1940789	Lactococcus petauri	0	174	718	0	0	250	0	0	258	9650	110	187	1108	0	0	0	316	0	0	0	0	151	0	146	0	0	0	443	1261	0	120	0	2093	0	8302	0	339	0	893	0	0	187	0	0	0	0	0	91	0	226	0	812	0	0	0	0	103	0	0	0	134	0	145	0
1943633	Ponticoccus alexandrii	0	0	0	0	0	0	0	0	0	0	0	0	0	0	0	0	0	0	0	0	0	0	0	0	0	0	0	0	0	0	0	0	0	0	0	0	0	0	0	0	0	0	0	0	0	0	0	61	0	0	0	0	0	0	0	0	0	0	0	0	0	0	0	0
1944646	Phoenicibacter congonensis	0	27	0	0	0	0	0	0	0	0	0	0	0	0	0	0	16	0	0	0	0	0	0	0	0	0	0	0	0	0	0	0	0	0	0	0	0	0	19	0	0	0	0	0	0	0	0	0	0	0	0	0	0	0	0	0	0	0	0	0	0	0	0	0
1945512	Cellvibrio sp. PSBB023	0	0	0	0	0	0	0	0	0	0	0	0	0	0	0	0	0	0	0	0	0	0	24	0	30	48	0	0	0	24	0	0	14	0	0	0	0	0	0	0	0	49	0	0	0	0	0	0	0	0	0	123	0	0	0	22	0	0	0	0	0	0	0	0
1945662	Paracoccus contaminans	0	29	0	0	0	0	0	32	0	0	0	0	0	0	0	0	0	0	0	0	0	0	0	0	0	0	0	202	0	0	0	0	24	0	0	0	34	0	0	0	0	0	0	0	0	0	0	252	0	0	0	0	57	0	0	0	0	0	0	0	0	0	0	0
1955013	Staphylococcus edaphicus	0	74	19	0	0	50	0	74	0	0	0	0	12	0	17	11	74	0	0	0	0	0	0	0	0	24	0	16	0	0	97	0	10	0	13	19	499	0	23	0	0	75	0	0	55	0	0	0	0	0	0	0	15	46	0	0	0	0	13	0	0	0	0	0
1955412	[Actinomadura] parvosata	0	0	0	0	0	0	0	0	0	0	0	0	0	0	0	0	0	0	0	0	0	0	0	0	0	0	0	0	0	0	0	0	0	0	0	0	57	0	0	0	0	0	0	0	0	0	0	0	0	0	0	0	0	0	0	0	0	0	0	0	0	0	0	0
1960083	Actinomyces gaoshouyii	0	16	0	0	0	12	0	29	0	0	0	0	32	0	0	0	66	0	0	0	0	0	0	0	0	16	0	19	0	0	0	0	0	0	0	35	1811	0	0	0	0	0	0	0	0	0	0	0	0	11	0	0	0	27	0	0	0	0	106	0	0	0	0	0
1961362	Sphingomonas sp. NIC1	0	222	418	692	0	0	0	246	92	277	0	0	0	0	40	0	0	0	0	0	0	0	0	0	0	35	0	52	59	0	56	0	133	64	529	0	275	0	0	0	0	0	139	0	0	35	0	37	0	168	0	115	0	0	0	0	0	0	175	0	0	0	58	0
1967501	Shinella sumterensis	0	0	0	0	0	0	0	97	0	39	0	0	0	0	0	0	0	0	0	0	0	0	0	0	0	0	0	0	0	0	0	0	0	0	0	0	0	0	0	0	0	0	0	0	0	0	0	0	0	0	0	0	0	0	0	0	0	0	0	0	0	44	0	0
1969821	Ciceribacter thiooxidans	0	0	0	0	0	0	0	0	0	0	0	0	0	0	0	0	0	0	0	0	0	0	0	0	0	0	0	0	0	0	0	0	0	0	0	0	0	0	0	0	0	0	0	0	0	0	56	0	0	0	0	0	0	0	0	0	0	0	0	0	0	16	0	0
1972431	Phytobacter ursingii	0	0	0	0	0	0	0	0	0	0	0	0	0	0	0	0	0	0	0	0	0	0	0	0	0	0	0	0	0	0	0	0	0	0	0	0	106	0	0	0	0	0	0	0	0	0	0	0	0	0	0	0	0	0	0	0	0	0	0	0	0	0	0	0
1978566	Cryobacterium sp. LW097	0	0	0	0	0	0	0	0	0	0	0	0	0	0	0	0	0	0	0	0	0	0	0	0	0	32	0	0	0	0	0	0	0	0	0	0	0	0	0	0	0	0	0	0	0	0	0	0	0	0	0	0	0	0	0	0	0	0	0	0	0	0	0	0
1979527	Corynebacterium kefirresidentii	64	4276	9412	2265	976	11818	315	12705	442	7315	2040	302	3104	1208	8685	916	50007	0	531	165	3474	1096	309	0	176	25661	208	27766	284	262	12740	262	11096	918	13482	6597	42382	370	28697	321	221	23696	163	95	5287	1442	1757	2966	54	2860	60	3186	5474	15343	4880	1788	77374	204	10263	22	1044	23	1904	49
1981510	Monoglobus pectinilyticus	0	9891	0	0	0	33	0	753	0	65	0	0	0	0	42	49	1652	0	0	0	0	36	0	0	0	0	0	0	0	0	0	0	0	0	0	0	0	0	285	0	0	0	0	0	0	0	59	33	0	0	0	29	15	126	1556	42	1627	0	10	0	90	0	33	110
1982626	Faecalibacillus intestinalis	0	5918	57	0	28	1354	0	2049	481	40860	26	12	470	0	74	1044	32719	0	0	0	37	74	0	0	0	31	0	101	0	0	76	0	46	12	1138	0	32	166	89844	0	0	21	0	0	0	46	0	44	0	14	0	179	0	95	1823	226	3679	0	179	0	170	0	0	17
1986146	Desulfobulbus oralis	0	0	89	0	0	47	0	0	0	0	0	0	0	0	0	0	0	0	0	0	0	0	0	0	0	0	0	0	0	0	0	0	0	0	0	0	0	0	0	0	0	0	0	0	0	0	0	0	0	0	0	0	0	0	0	0	0	0	0	0	0	0	0	0
2003121	Sphingobacterium sp. G1-14	0	0	0	0	0	0	0	0	0	0	0	146	0	0	0	0	0	0	0	0	0	0	0	0	0	0	0	0	0	0	0	0	0	0	0	0	0	0	0	0	0	0	0	0	0	0	0	0	0	0	0	166	0	0	0	0	0	0	0	0	0	0	0	0
2003188	Parolsenella catena	0	22	0	0	0	13	0	0	0	10	0	0	0	0	0	0	15	0	0	0	0	0	0	0	0	0	0	0	0	0	0	0	0	0	0	0	0	0	41	0	0	0	0	0	0	0	0	0	0	0	0	0	0	0	0	0	0	0	0	0	0	0	0	0
2003315	Porphyrobacter sp. CACIAM 03H1	0	0	0	0	0	0	0	56	0	0	0	0	0	0	0	0	0	0	0	0	0	0	0	0	0	0	0	0	0	0	0	0	0	0	0	0	0	0	0	0	0	0	0	0	0	0	0	0	0	0	0	0	0	0	0	0	0	0	0	0	0	0	0	0
2003551	Cellulomonas sp. PSBB021	0	0	0	0	0	0	0	0	0	0	0	0	0	0	0	0	0	0	0	0	0	0	0	0	0	0	0	0	0	0	0	0	0	0	0	0	135	0	0	0	0	0	0	0	0	0	52	0	0	0	0	0	0	0	0	0	0	0	0	0	0	0	0	0
2004644	Acinetobacter sp. WCHA45	0	0	0	0	0	0	0	55	0	0	0	0	0	0	0	0	0	0	0	0	0	0	59	0	0	15	0	50	0	0	44	0	0	44	30	0	51	41	24	0	0	0	0	0	0	79	0	29	0	0	67	27	46	0	0	0	0	0	31	0	0	0	0	0
2004646	Acinetobacter sp. WCHA55	0	0	0	0	0	0	0	0	0	0	0	0	0	0	0	0	0	0	0	0	0	0	0	0	0	0	0	0	0	0	0	0	0	0	0	0	0	0	0	0	0	17	0	0	0	0	0	0	0	0	0	0	0	0	0	0	0	0	0	0	0	0	0	0
2004710	Cloacibacterium caeni	0	48	1135	25	84	377	0	191	96	1105	215	61	133	0	41	92	661	0	0	0	0	0	0	52	26	558	0	593	115	38	271	0	257	60	572	21	351	25	299	35	0	170	0	258	165	25	0	50	0	79	59	269	32	50	649	21	66	29	76	0	0	217	0	80
2005046	Stenotrophomonas sp. WZN-1	0	0	0	0	0	0	0	0	0	0	0	0	0	0	0	0	0	0	0	0	0	0	0	0	0	0	0	0	0	0	0	0	0	0	31	0	0	0	21	0	0	0	0	0	0	0	0	0	0	0	0	0	0	0	0	0	0	0	0	0	0	0	0	0
2005388	Pseudomonas sp. RU47	0	0	0	0	0	0	0	0	0	0	0	0	76	0	0	0	0	0	0	0	0	0	0	0	0	0	0	0	0	0	0	0	0	0	74	0	0	0	0	0	0	0	0	0	0	0	0	0	0	0	0	0	0	0	0	0	0	0	0	0	0	0	0	0
2005884	Thauera sp. K11	0	0	0	0	0	0	0	0	0	0	0	0	0	0	0	0	0	0	0	0	0	0	0	0	0	0	0	0	0	0	0	0	0	0	0	0	0	0	0	0	0	0	0	0	0	0	0	0	0	0	0	0	0	0	0	0	0	0	0	0	0	17	0	0
2010972	Caulobacter rhizosphaerae	0	0	0	0	0	0	0	0	0	0	0	0	0	0	0	0	0	0	0	0	0	0	0	0	0	0	0	0	11	0	0	0	0	0	0	0	0	0	0	0	0	0	0	0	0	0	0	0	0	0	0	19	0	0	0	0	0	0	0	0	0	0	0	0
2014534	Microbacterium sp. PM5	0	0	175	2017	0	227	0	38	0	117	0	0	599	102	113	124	2508	0	0	0	0	0	0	0	0	41	0	15	0	0	0	0	0	0	39	0	88	0	73	0	0	16	1184	0	0	0	0	75	0	0	51	0	57	28	47	0	0	0	0	0	180	0	67	0
2014920	Streptomyces capitiformicae	0	0	0	0	0	0	0	0	0	0	0	0	0	0	0	0	0	53	0	0	0	0	0	0	0	0	0	0	0	0	0	0	0	0	0	0	0	0	0	0	0	0	0	0	0	0	0	0	0	0	0	0	0	0	0	0	0	0	0	0	0	0	0	0
2015316	Bosea sp. AS-1	0	0	115	0	25	0	0	41	0	0	0	0	0	28	37	0	0	0	0	0	0	0	0	0	0	0	0	0	0	0	0	0	0	0	102	0	0	0	0	0	0	0	0	0	19	0	0	121	0	0	0	0	64	0	0	0	0	0	0	0	0	0	0	0
2017482	Thalassococcus sp. S3	0	0	0	0	0	0	0	0	0	0	0	0	0	73	39	0	0	0	0	0	0	0	0	0	0	0	0	0	0	0	0	0	0	0	0	0	0	0	0	0	0	0	0	0	0	0	0	0	0	0	0	0	0	0	0	0	0	0	0	0	0	0	0	0
2017484	Brachybacterium vulturis	0	0	0	0	0	0	0	0	29	0	0	0	0	0	0	0	0	0	0	0	0	0	0	0	0	71	0	0	0	0	0	0	0	0	0	0	0	0	0	0	0	0	0	0	0	0	180	0	0	0	0	0	0	0	0	0	0	0	0	0	0	33	0	0
2017485	Brachybacterium avium	0	0	0	0	0	0	0	0	0	0	0	0	0	0	0	0	0	0	0	0	0	0	0	0	0	78	0	0	0	0	0	0	0	0	0	0	0	0	0	0	0	0	0	0	0	0	116	0	0	0	0	0	0	0	0	0	0	0	0	0	0	0	0	0
2017486	Nocardioides sp. S5	0	561	0	0	0	56	0	157	184	0	0	0	0	0	0	270	0	0	0	29	0	0	0	0	0	193	0	0	0	0	0	0	0	0	0	58	44861	0	0	0	0	0	0	0	0	286	651	476	69	114	502	0	0	221	0	0	71	63	59	0	0	0	86	0
2018065	Roseomonas sp. FDAARGOS_362	0	0	0	0	0	0	0	179	0	0	0	0	0	0	0	0	0	0	0	0	0	0	0	0	0	132	0	0	0	0	0	0	0	0	0	0	2447	0	0	0	0	0	0	0	0	0	0	0	0	836	0	0	0	0	0	0	0	0	0	0	0	0	0	0
2018067	Pseudomonas sp. FDAARGOS_380	121	0	83	0	0	0	0	41	0	84	0	0	0	0	0	0	0	0	0	0	0	0	0	0	0	0	0	0	0	0	0	0	0	0	0	0	0	0	0	78	0	0	0	97	108	0	0	0	0	0	306	0	0	0	0	0	0	0	0	57	0	0	85	0
2020312	Rhizobium sp. CIAT894	0	0	0	0	0	0	0	0	0	0	0	0	0	0	200	0	0	0	0	0	0	0	0	0	0	0	0	0	0	0	0	0	0	0	0	0	0	0	0	0	0	0	0	0	0	0	0	0	0	0	0	0	0	0	0	0	0	0	0	0	0	0	0	0
2020377	Sinomonas sp. R1AF57	0	0	0	0	0	0	0	0	0	0	0	0	0	0	0	0	0	0	0	0	0	0	0	0	0	0	0	0	0	0	0	0	0	0	0	0	57	0	0	0	0	0	0	0	0	0	0	0	0	0	0	0	0	0	0	0	0	0	0	0	0	0	0	0
2020412	Bosea sp. ANAM02	0	0	0	0	0	0	0	52	0	0	0	0	0	41	44	0	0	0	0	0	0	0	0	0	0	136	0	0	0	0	0	0	0	0	60	0	0	0	0	0	0	187	0	0	0	0	0	304	0	0	0	0	129	0	0	0	0	0	0	0	0	0	0	0
2020962	Malassezia vespertilionis	0	0	0	0	1313	639	0	23	0	0	0	21	0	0	23	0	0	68	107	0	0	0	0	0	0	11	0	61	0	0	13	0	56	0	30	0	67	0	0	0	0	35	0	0	0	0	0	0	0	0	0	0	0	21	0	0	0	0	19	0	0	0	0	0
2023229	Porphyrobacter sp. HT-58-2	0	0	0	0	0	0	0	74	0	0	0	0	0	0	0	0	0	0	0	0	0	0	0	0	0	0	0	0	0	0	0	0	0	0	0	0	0	0	0	0	0	0	0	0	0	0	0	0	0	0	0	0	0	0	0	0	0	0	0	0	0	0	0	0
2024580	Plantactinospora sp. KBS50	0	0	0	0	0	0	0	0	0	0	0	0	0	0	0	0	0	0	0	0	0	0	0	0	0	0	0	0	0	0	0	0	0	0	0	0	69	0	0	0	0	0	0	0	0	0	550	0	0	0	0	0	0	0	0	0	0	0	0	0	0	0	0	0
2025349	Novosphingobium sp. 9	0	0	0	0	0	0	0	0	0	0	0	0	0	0	17	0	0	0	0	0	0	0	0	0	0	0	0	0	0	0	0	0	0	0	0	0	0	0	0	0	0	0	0	0	0	0	0	0	0	0	0	0	0	0	0	0	0	0	0	0	0	0	0	0
2025492	Staphylococcus sp. M0911	0	605	118	134	0	368	0	4475	0	617	97	0	133	0	638	0	146	0	396	0	56	0	0	0	0	141	0	1262	0	154	15212	0	949	0	577	3726	243092	0	3861	0	128	14543	177	0	135	286	0	1676	0	250	0	1512	190	1545	0	130	2620	0	570	0	0	0	119	0
2025658	Pseudomonas sp. NS1(2017)	0	0	437	0	0	0	0	0	0	1220	0	0	365	0	0	0	215	0	0	0	0	0	0	0	0	0	0	26	45	0	0	0	39	0	313	0	23	0	0	0	0	0	0	0	0	0	0	0	0	3447	0	1426	0	0	0	0	0	0	202	0	414	0	0	0
2025876	Parabacteroides sp. CT06	0	0	0	0	0	0	0	0	0	3457	0	0	0	0	0	0	686	0	0	0	0	0	0	0	0	0	0	0	0	0	0	0	0	0	0	0	0	0	413	0	0	0	0	0	0	0	0	0	0	0	0	0	0	0	0	0	0	0	0	0	0	0	0	0
2026186	Bacillus paranthracis	0	0	0	0	0	0	0	61	0	0	0	0	0	0	0	0	0	0	0	0	0	0	0	0	0	0	0	0	0	0	0	0	0	0	0	0	0	0	0	0	0	0	0	0	0	0	0	91	0	0	0	0	0	0	0	0	0	0	0	0	0	0	0	0
2026187	Bacillus pacificus	0	0	0	0	0	0	0	37	0	181	0	0	0	0	0	0	0	0	0	0	0	0	0	0	0	0	0	0	0	0	0	0	0	0	0	0	0	0	0	0	0	0	0	0	0	0	0	0	0	0	0	0	0	0	0	0	0	0	0	0	0	0	0	0
2026188	Bacillus tropicus	0	0	0	0	0	0	0	0	0	0	0	0	0	0	0	0	0	0	0	0	0	0	0	0	0	0	0	0	0	0	0	0	0	0	0	0	0	0	0	0	0	0	0	0	0	0	0	93	0	0	0	0	0	0	0	0	0	0	0	0	0	0	0	0
2026191	Bacillus luti	0	0	0	0	0	0	0	0	0	0	0	0	0	0	0	0	0	0	0	0	0	0	76	0	0	0	0	0	0	0	0	0	0	0	0	0	0	0	0	0	0	0	0	0	0	0	0	261	0	0	0	0	0	0	0	0	0	0	0	0	0	0	0	0
2026199	Paraburkholderia aromaticivorans	0	0	0	311	0	0	0	31	0	0	0	0	0	0	0	0	0	0	0	0	0	0	0	0	0	0	0	0	0	0	0	0	0	0	0	0	0	0	0	0	0	0	53	0	0	0	0	0	0	0	0	0	0	0	0	0	0	0	0	0	0	0	0	0
2026255	Corynebacterium hadale	0	1058	1155	232	30	1070	59	3549	0	317	87	0	411	871	953	51	5499	0	88	48	422	679	153	0	36	1316	0	295	0	197	605	0	474	46	240	196	1915	0	1334	0	0	334	40	0	441	325	0	532	0	2037	0	581	787	1867	1553	885	41982	0	1084	0	47	0	82	0
2026624	Parasphingopyxis algicola	0	0	0	0	0	0	0	0	0	0	0	0	0	18	24	0	0	0	0	0	0	0	0	0	0	0	0	0	0	0	0	0	0	0	0	0	0	0	0	0	0	0	0	0	0	0	0	0	0	0	0	0	0	0	0	0	0	0	0	0	0	0	0	0
2027405	Azoarcus sp. DD4	0	0	0	0	0	0	0	0	0	0	0	0	0	0	0	0	0	0	0	0	0	0	0	0	0	21	0	0	0	0	0	0	0	0	0	0	0	0	0	0	0	0	0	0	0	0	0	0	0	0	0	0	0	0	0	0	0	0	0	0	0	0	0	0
2030797	Glaesserella sp. 15-184	0	0	0	0	0	0	0	0	0	94	0	0	0	0	0	0	0	0	0	0	0	0	0	0	0	0	0	0	0	0	0	0	0	0	0	0	0	0	17	0	0	0	0	0	0	0	0	0	0	0	0	0	0	0	0	0	0	0	0	0	0	0	0	0
2033869	Rhodobacter sp. CZR27	0	0	0	0	0	0	0	0	0	0	0	0	0	0	0	0	0	0	0	0	0	0	0	0	0	0	0	0	0	0	0	0	0	0	0	0	0	0	0	0	0	0	0	0	0	0	0	41	0	0	0	0	0	0	0	0	0	0	0	0	0	0	0	0
2034170	Trichoderma breve	0	0	0	168	0	83	0	0	28	0	0	0	41	0	0	0	0	6322	6539	0	0	0	0	0	0	0	0	0	0	0	0	0	0	0	0	0	0	0	0	0	0	1224	256	0	0	0	0	0	0	0	0	0	0	17	0	0	0	0	0	0	0	0	0	15
2036206	Suicoccus acidiformans	0	12	0	0	0	0	0	13	0	0	0	0	0	0	0	0	69	0	0	0	0	0	0	0	0	0	0	0	0	0	0	0	0	0	23	0	0	0	25	0	0	0	0	0	0	0	0	0	0	0	0	0	0	0	0	0	33	0	0	0	0	0	0	0
2038343	Jatrophihabitans telluris	0	0	0	0	0	0	0	0	0	0	0	0	0	0	0	0	0	0	0	0	0	0	0	0	0	0	0	0	0	0	0	0	0	0	0	0	23	0	0	0	0	0	0	0	0	0	0	0	0	0	0	0	0	0	0	0	0	0	0	0	0	0	0	0
2038776	Kaistella flava (ex Peng et al. 2021)	0	0	0	0	0	0	0	0	0	0	0	0	0	0	0	0	0	0	0	0	0	0	0	0	0	51	0	0	0	0	0	0	0	0	0	0	0	0	0	0	0	0	0	0	0	0	0	0	0	0	0	0	0	0	0	0	0	0	0	0	0	0	0	0
2040586	Stenotrophomonas sp. Pemsol	0	0	0	0	0	0	0	0	0	0	0	0	0	0	0	0	0	0	0	0	0	0	0	0	0	0	0	0	0	0	0	0	0	0	0	0	0	0	38	0	0	0	0	0	0	0	0	0	0	0	0	0	0	0	0	0	0	0	0	0	0	0	0	0
2041036	Corynebacterium gottingense	35	864	1955	278	26	1532	74	5851	0	454	68	0	550	1036	1245	102	9107	0	95	65	528	561	195	0	66	2034	0	343	21	0	983	0	779	0	236	345	2351	0	1867	0	0	842	85	0	163	380	0	604	58	3075	0	920	1168	2640	1883	1395	68087	41	1623	0	60	0	42	0
2041044	Eubacterium maltosivorans	0	39	0	0	0	0	0	165	0	69	0	0	0	0	0	0	31	0	0	0	0	0	0	0	0	0	0	0	0	0	0	0	0	0	0	0	0	0	357	0	0	0	0	0	0	0	0	16	0	0	0	0	0	0	0	0	47	0	0	0	0	0	0	0
2042057	Pectobacterium polaris	0	0	0	45	0	0	0	0	0	386	0	0	656	0	0	0	102	0	0	0	0	0	0	0	0	0	0	0	0	0	0	0	0	0	15	0	0	0	0	0	0	0	0	0	0	0	0	0	0	0	0	0	0	0	0	0	0	0	0	0	0	0	0	0
2044912	Staphylococcus debuckii	0	211	169	0	0	23	0	90	0	18	10	0	26	0	0	0	65	0	0	0	0	0	0	0	0	0	0	30	20	0	85	0	11	0	24	0	531	0	15	0	0	90	0	0	77	109	0	46	0	102	0	0	0	36	18	0	25	0	51	0	0	0	47	0
2045451	Stenotrophomonas indicatrix	0	0	0	0	0	0	0	0	0	0	0	0	0	0	0	0	85	22	0	0	0	0	0	0	0	0	0	0	0	0	0	0	0	0	0	0	0	0	0	0	0	0	0	0	0	0	0	0	0	0	0	0	0	0	0	0	0	0	0	0	0	0	0	0
2045452	Nocardioides houyundeii	0	0	0	0	0	0	0	0	0	0	0	0	0	0	0	0	0	0	0	0	0	0	0	0	0	0	0	0	0	0	0	0	0	0	0	0	319	0	0	0	0	0	0	0	0	0	81	0	0	0	0	0	0	0	0	0	0	0	0	0	0	0	0	0
2047744	Nonomuraea glycinis	0	0	0	0	0	0	0	0	0	0	0	0	0	0	0	0	0	0	0	0	0	0	0	0	0	0	0	0	0	0	0	0	0	0	0	0	25	0	0	0	0	0	0	0	0	0	0	0	0	0	0	0	0	0	0	0	0	0	0	0	0	0	0	0
2048898	Microbacterium sp. Y-01	0	113	0	24111	0	0	0	0	0	86	0	0	153	0	140	0	71	0	0	0	0	0	0	0	723	292258	0	47	0	0	155	49	1446	0	561	0	437	0	0	48	0	54	35602	0	0	0	0	0	0	0	0	0	0	0	0	0	0	0	0	0	0	0	0	0
2049589	Pseudomonas sp. HLS-6	0	16	0	0	0	0	0	0	0	0	0	0	0	0	0	0	0	0	0	0	0	0	0	0	0	0	0	0	0	0	0	0	0	0	0	0	14	0	0	0	0	0	0	0	0	0	0	0	0	15	0	0	0	0	0	0	0	0	0	0	0	0	0	0
2051553	Methylobacterium currus	0	0	258	52	38	53	0	66	19	421	0	18	20	40339	25717	26	0	0	0	22	0	0	30	0	0	82	0	40	0	28	0	114	33	106	32	0	38	18	26	0	0	33	52	0	0	0	0	0	19	19	50	0	28	0	0	0	0	0	19	0	0	0	40	0
2051906	Exiguobacterium sp. N4-1P	0	0	72	0	0	0	0	0	0	12	0	0	77	0	0	0	19	0	0	0	0	0	0	0	0	0	0	0	56	0	0	0	0	0	22	0	0	0	0	0	0	0	0	0	0	0	0	0	0	19	90	0	0	0	0	0	0	0	0	0	0	0	0	0
2052956	Pseudomonas sp. ACM7	0	0	0	0	0	0	0	0	0	0	0	13	33	0	0	0	0	0	0	0	0	0	0	0	0	0	0	0	0	0	0	0	0	0	12	0	0	0	0	0	0	0	0	0	0	0	0	0	0	0	0	0	0	0	0	0	0	0	0	0	0	0	0	0
2053287	Acinetobacter pseudolwoffii	0	0	0	0	0	0	0	0	0	0	0	0	0	0	0	0	0	0	0	0	0	0	0	0	0	70	0	40	0	0	277	0	267	0	29	0	0	0	0	0	0	45	0	0	0	0	0	27	0	0	0	24	0	0	0	0	0	0	0	0	0	0	0	0
2053930	Xanthomonas prunicola	0	0	0	0	0	0	0	0	0	12	0	0	0	0	0	0	0	0	0	0	0	0	0	0	0	0	0	0	0	0	0	0	17	0	0	0	0	0	0	0	0	0	0	0	0	0	0	0	0	0	0	0	0	0	0	0	0	0	29	0	0	0	0	0
2054227	Sphingopyxis lindanitolerans	0	0	0	0	0	0	0	27	0	0	0	0	0	0	0	0	0	0	0	0	0	0	0	0	0	0	0	0	0	0	0	0	0	0	0	0	0	0	0	0	0	0	0	0	0	0	0	0	0	0	0	0	0	0	0	0	0	0	0	0	0	0	0	0
2054915	Pseudomonas sp. 09C 129	0	0	0	0	0	0	0	0	0	0	0	0	37	0	0	0	0	0	0	0	0	0	0	0	0	0	0	0	0	0	0	0	0	0	47	0	0	0	0	0	0	0	0	0	0	0	0	0	0	0	0	0	0	0	0	0	0	0	0	0	0	0	0	0
2054919	Pseudomonas sp. S09G 359	0	0	0	0	0	0	0	0	0	0	0	0	0	0	0	0	0	0	0	0	0	0	0	0	0	0	0	0	0	0	0	0	0	0	0	0	0	0	0	0	0	0	0	0	0	0	0	0	0	14	0	0	0	0	0	0	0	0	0	0	0	0	0	0
2055889	Nocardia tengchongensis	0	0	0	0	0	0	0	0	0	0	0	0	0	0	0	0	0	0	0	0	0	0	0	0	0	0	0	0	0	0	0	0	0	0	0	0	16	0	0	0	0	0	0	0	0	0	0	0	0	0	0	0	0	0	0	0	0	0	0	0	0	0	0	0
2056231	Pseudomonas qingdaonensis	0	0	0	0	0	0	0	0	0	0	0	0	0	0	0	0	0	0	0	0	0	0	0	0	0	0	0	0	0	0	0	0	0	0	0	0	0	0	0	0	0	0	0	0	0	0	0	0	0	0	134	0	0	0	0	0	0	0	0	0	0	0	0	0
2057246	Acidipropionibacterium virtanenii	0	0	0	0	0	0	0	0	0	0	0	0	0	0	0	0	0	0	0	0	0	0	0	0	0	0	0	0	0	0	0	0	0	0	0	0	80	0	0	0	0	0	0	0	0	0	0	0	0	0	0	0	0	0	0	0	0	0	0	0	0	0	0	0
2057741	Bradyrhizobium sp. SK17	91	0	167	114	0	154	0	0	0	148	271	0	0	0	0	0	0	0	0	0	0	0	0	0	0	0	0	0	0	0	0	0	62	0	37	0	0	0	0	200	0	460	0	0	295	0	0	0	298	150	0	336	296	102	0	0	97	0	338	0	0	0	539	0
2057743	Actinomyces wuliandei	0	0	12	0	0	35	0	12	0	0	0	0	0	0	0	0	10	0	0	0	0	0	0	0	0	0	0	17	0	0	0	0	0	0	0	0	10	0	0	0	0	21	0	0	0	0	0	0	0	29	0	0	0	21	0	0	58	0	0	0	0	0	15	0
2057798	Actinomyces sp. 432	0	0	0	0	0	0	0	0	0	0	0	0	0	0	0	0	0	0	0	0	0	0	0	0	0	0	0	0	0	0	0	0	0	0	0	0	31	0	0	0	0	0	0	0	0	0	0	0	0	0	0	0	0	0	0	0	0	0	0	0	0	0	0	0
2057800	Actinomyces qiguomingii	0	0	0	0	0	0	0	0	0	0	0	0	0	0	0	0	0	0	0	0	0	0	0	0	0	0	0	0	0	0	0	0	0	0	0	0	14	0	0	0	0	0	0	0	0	0	0	0	0	0	0	0	0	14	0	0	0	0	0	0	0	0	0	0
2058136	Planococcus sp. MB-3u-03	0	0	179	0	0	0	0	0	0	0	0	0	0	0	0	0	0	0	0	0	0	0	0	0	0	0	0	0	0	0	0	0	0	0	0	0	0	0	0	0	0	0	0	0	0	0	0	0	0	0	0	0	0	0	0	0	0	0	0	0	0	0	0	0
2058152	Klebsiella grimontii	0	0	305	0	0	0	0	0	36	0	0	0	89	0	0	0	0	0	0	0	0	0	0	0	0	66	0	0	0	0	0	0	0	0	0	0	0	0	0	0	0	0	0	0	0	0	0	0	0	0	0	0	0	0	0	0	0	0	0	0	0	0	0	0
2058657	Zhihengliuella sp. ISTPL4	0	0	121	32	0	0	0	0	0	0	0	0	0	0	0	0	0	0	0	0	0	0	0	0	0	433	0	0	0	0	0	0	0	0	0	0	0	0	0	0	0	0	52	0	0	0	0	0	0	0	0	0	0	0	0	0	0	0	0	0	0	0	0	0
2060307	Enterococcus sp. FDAARGOS_375	0	0	0	0	0	0	0	0	0	0	0	0	0	0	0	0	0	0	0	0	0	0	0	0	0	0	0	0	0	0	0	0	70	0	57	0	0	0	0	0	0	0	0	0	0	0	0	0	0	0	0	0	0	0	0	0	0	0	0	0	0	0	0	0
2060312	Altererythrobacter sp. B11	0	0	0	0	0	0	0	0	0	0	0	0	0	0	0	0	0	0	0	0	0	0	0	0	0	0	0	0	0	0	0	0	0	0	0	0	0	0	0	0	0	0	0	0	0	0	1349	0	0	0	0	0	0	0	0	0	0	0	0	0	0	0	0	0
2060726	Neorhizobium sp. SOG26	0	0	0	0	0	0	0	0	0	0	0	0	0	0	0	0	0	0	0	0	0	0	0	0	0	0	0	0	0	0	0	0	0	0	0	0	0	0	0	0	0	0	0	0	0	0	7651	184	0	0	0	25	0	0	0	0	0	0	0	0	0	0	0	0
2060973	Purpureocillium takamizusanense	0	0	0	232	1560	611	0	0	0	0	0	0	0	0	0	0	0	6242	7549	0	0	0	0	0	0	0	0	40	0	0	0	0	56	0	0	0	0	0	0	0	0	1285	416	0	0	0	0	0	0	0	0	0	0	0	0	0	0	0	0	0	0	0	0	0
2065379	Paracoccus jeotgali	0	0	0	0	0	0	0	0	0	0	0	0	0	0	0	0	0	0	0	0	0	0	0	0	0	0	0	45	0	0	0	0	0	0	0	0	0	0	0	0	0	0	0	0	0	0	0	30	0	0	0	0	23	0	0	0	0	0	0	0	0	0	0	0
2067415	Altererythrobacter sp. TH136	0	0	0	0	0	0	0	0	0	0	0	0	0	0	0	0	0	0	0	0	0	0	0	0	0	0	0	0	0	0	0	0	0	0	0	0	0	0	0	0	0	0	0	0	0	0	0	0	0	0	0	0	0	0	0	0	0	124	0	0	0	0	0	0
2067572	Pseudomonas sp. NC02	0	0	0	0	0	0	0	0	0	95	0	0	0	0	0	0	0	0	0	0	0	0	0	0	0	0	0	0	0	0	0	0	0	0	0	0	0	0	0	0	0	0	0	0	0	0	0	0	0	206	0	0	0	0	0	0	0	0	0	0	130	0	0	0
2068655	Novisyntrophococcus fermenticellae	0	94	0	0	0	14	0	29	0	117	0	0	0	0	0	0	110	0	0	0	0	0	0	0	0	0	0	0	0	0	0	0	0	0	0	0	0	0	666	0	0	0	0	0	0	0	0	21	0	0	0	0	0	0	42	0	91	0	0	0	0	0	0	0
2069256	Pseudomonas sp. XWY-1	0	0	0	0	0	0	0	0	0	0	0	0	0	0	0	0	0	0	0	0	0	0	0	0	0	0	0	0	0	0	0	0	0	0	0	0	0	0	0	0	0	0	0	0	0	0	0	0	0	0	81	0	0	0	0	0	0	0	0	0	0	0	0	0
2069367	Achromobacter veterisilvae	0	0	0	0	0	0	0	0	0	0	0	0	0	0	0	0	0	0	0	0	0	0	0	0	0	0	0	0	0	0	0	0	0	0	0	0	0	0	0	0	0	0	0	0	0	0	0	0	0	0	0	0	0	0	0	0	0	0	0	0	0	117	0	0
2070337	Curtobacterium sp. SGAir0471	0	0	0	0	0	0	0	0	0	0	0	0	0	0	0	0	1032	0	0	0	0	0	0	0	0	0	0	0	0	0	0	0	0	0	0	0	421	0	0	0	0	0	0	0	0	0	0	0	0	0	0	0	0	0	0	0	0	0	0	0	0	0	0	0
2070347	Agrococcus sp. SGAir0287	0	102	0	0	0	18	0	0	0	0	0	0	0	0	0	0	0	0	0	0	0	0	0	0	0	36	0	0	0	0	0	0	0	0	0	0	393	0	0	0	0	0	0	0	0	0	0	0	0	0	0	0	0	0	0	0	0	0	0	0	0	0	0	0
2070348	Microbacterium sp. SGAir0570	0	0	0	0	0	0	0	0	0	0	0	0	0	0	0	0	0	0	0	0	0	0	0	0	0	0	0	0	0	0	0	0	0	0	0	0	0	0	0	0	0	0	0	0	0	0	2027	0	0	0	0	0	0	0	0	0	0	0	0	0	0	0	0	0
2070463	Lysinibacillus sp. SGAir0095	0	0	0	0	0	0	0	0	0	0	0	0	0	0	0	0	88	0	0	0	0	0	0	0	0	0	0	0	0	0	0	0	0	0	0	0	0	0	0	17	0	0	0	0	0	0	0	0	0	0	0	0	0	0	0	0	0	0	0	0	0	0	0	0
2070761	Paucibacter aquatile	0	0	0	0	0	0	0	0	0	0	0	0	0	0	0	0	0	0	0	0	0	0	0	0	0	0	0	0	0	0	0	0	0	0	0	0	0	0	0	35	0	0	0	0	0	0	0	0	0	0	0	0	0	0	0	0	0	0	0	0	0	0	0	0
2071710	Enterobacter sichuanensis	0	0	0	0	0	0	0	0	0	0	0	0	0	0	0	0	0	0	0	0	0	69	0	0	0	0	0	0	0	0	0	0	0	0	0	0	0	0	0	0	0	0	0	0	0	0	0	0	0	0	0	0	0	0	0	0	0	0	0	0	0	0	0	0
2072412	Stenotrophomonas sp. ZAC14A_NAIMI4_1	0	0	0	0	0	0	0	0	0	0	0	0	0	0	0	0	0	0	0	0	0	0	0	0	0	0	0	0	0	0	0	0	0	0	144	0	0	0	58	0	0	0	0	0	0	0	0	0	0	0	0	0	0	0	0	0	0	0	0	0	0	0	0	0
2072413	Stenotrophomonas sp. SAU14A_NAIMI4_5	0	0	0	0	0	0	0	0	0	0	0	0	0	0	0	0	0	0	0	0	0	0	0	0	0	0	0	0	0	0	0	0	0	0	25	0	0	0	0	0	0	0	0	0	0	0	0	0	0	0	0	0	0	0	0	0	0	0	0	0	0	0	0	0
2072503	Actinoalloteichus sp. AHMU CJ021	0	0	319	26	0	27	0	0	0	117	0	92	1812	0	0	0	0	0	0	0	0	0	0	0	0	21	0	37	56	0	0	0	136	0	270	0	32	0	0	0	0	13	0	0	0	0	0	0	0	155	0	82	0	0	0	0	0	0	0	0	0	0	37	0
2073078	Pseudomonas sp. DTU12.3	0	0	0	0	0	0	0	0	0	0	0	90	222	0	0	0	0	0	0	0	0	0	0	0	0	0	0	0	0	0	0	0	0	0	123	0	0	0	0	0	0	18	0	0	0	0	0	0	0	0	0	0	0	0	0	0	0	0	0	0	0	0	0	0
2079234	Corynebacterium gerontici	0	14	0	0	0	0	0	0	0	0	0	0	0	0	0	0	0	0	0	0	0	0	0	0	0	0	0	0	0	0	0	0	0	0	0	0	19	0	0	0	0	12	0	0	0	0	0	0	0	0	0	0	0	0	0	0	10	0	0	0	0	0	0	0
2079535	Corynebacterium liangguodongii	0	81	13	0	0	0	0	43	0	0	0	0	0	0	11	0	14	0	0	0	0	0	0	0	0	0	0	14	0	0	23	0	0	0	0	0	96	0	15	0	0	85	0	0	38	0	0	0	0	0	0	0	16	28	0	0	20	0	28	0	0	0	0	0
2079536	Actinomyces sp. Z16	0	14	11	0	0	0	0	0	0	0	0	0	0	0	0	0	0	0	0	0	0	40	0	0	0	0	0	16	0	0	0	0	0	0	0	0	27	0	0	0	0	0	0	0	0	0	0	0	0	0	0	0	0	0	12	0	0	0	12	0	11	0	0	0
2079791	Salinibacterium hongtaonis	0	0	0	0	0	0	0	0	0	0	0	0	0	0	0	0	0	0	0	0	0	0	0	0	0	12	0	0	0	0	0	0	0	0	0	0	86	0	0	0	0	0	0	0	0	0	0	0	0	0	0	0	0	0	0	0	0	0	0	0	0	0	0	0
2079793	Aeromicrobium chenweiae	0	0	0	0	0	0	0	0	0	0	0	0	0	0	0	100	0	0	0	0	0	0	0	0	0	0	0	0	0	0	0	0	0	0	0	0	20	0	0	0	0	0	0	0	0	0	324	0	0	0	0	0	0	0	0	0	0	0	0	0	0	0	0	0
2080419	Deinococcus sp. NW-56	46	0	13	0	0	0	0	0	0	0	0	0	0	0	0	0	0	0	0	0	0	0	0	0	0	0	0	0	0	0	0	0	534	0	0	0	0	0	0	0	0	0	0	0	0	0	0	0	0	0	0	0	0	0	0	0	0	0	0	0	0	0	0	0
2080740	Corynebacterium yudongzhengii	0	38	0	0	0	0	0	15	0	0	0	0	0	0	0	0	0	0	0	0	0	0	0	0	0	0	0	0	0	0	0	0	0	0	0	0	41	0	11	0	0	33	0	0	20	0	0	0	0	0	0	0	0	14	0	0	25	0	13	0	0	0	0	0
2080742	Agromyces badenianii	0	0	0	0	0	0	0	0	0	0	0	0	0	0	0	0	0	0	0	0	0	0	0	0	0	19	0	0	0	0	0	0	0	0	0	0	715	0	0	0	0	0	0	0	0	0	0	0	0	0	0	0	0	0	0	0	0	0	0	0	0	0	0	0
2080757	Corynebacterium pseudopelargi	0	0	0	0	0	0	0	0	0	0	0	0	0	0	0	0	0	0	0	0	0	0	0	0	0	0	0	0	0	0	0	0	0	0	0	0	0	0	0	0	0	0	0	0	14	0	0	0	0	0	0	0	0	0	0	0	0	0	0	0	0	0	0	0
2081702	Actinomyces sp. oral taxon 897	0	176	354	86	39	242	113	174	89	1557	97	0	67	0	115	0	286	0	0	0	94	0	0	0	0	72	0	233	83	0	135	0	199	0	707	0	335	0	0	0	0	716	0	0	103	0	0	59	0	1250	0	268	86	608	45	0	115	0	877	0	364	39	48	0
2082188	Sphingobium sp. YG1	0	0	57	0	164	79	88	131	204	44	0	50	0	0	31	107	40	0	0	46	0	0	51	0	87	107	0	163	0	182	130	77	157	238	176	54	417	42	127	0	64	115	0	0	0	0	629	48	58	0	133	24	64	46	0	72	0	0	0	0	0	0	0	0
2082387	Mesorhizobium sp. Pch-S	0	0	26	0	0	0	0	44	0	0	16	0	0	0	0	0	0	0	0	0	0	0	0	0	0	80	0	74	0	0	25	0	119	0	1423	0	45	0	0	0	0	52	0	0	23	0	0	0	0	0	0	0	0	0	0	0	0	0	0	0	0	0	0	0
2082949	Microvirga sp. 17 mud 1-3	0	0	0	0	0	0	0	0	0	0	0	0	0	81	71	0	0	0	0	0	0	0	0	0	0	0	0	0	0	0	0	0	0	0	0	0	0	0	0	0	0	0	0	0	0	0	0	0	0	0	0	0	0	0	0	0	0	0	0	0	0	0	0	0
2083052	Pseudomonas sp. SWI36	0	0	0	0	0	0	0	0	0	0	0	0	0	0	0	0	0	0	0	0	0	0	0	0	0	0	0	0	0	0	0	0	0	0	0	0	0	0	0	0	0	0	0	0	0	0	0	0	0	0	144	0	0	0	0	0	0	0	0	0	0	0	0	0
2083055	Pseudomonas sp. LH1G9	0	0	0	200	0	126	0	0	0	1599	0	0	1462	0	0	0	1494	0	0	0	0	0	0	0	0	0	0	0	0	0	0	0	255	0	0	0	0	0	0	0	0	0	0	0	0	0	0	0	0	0	0	0	0	0	0	0	0	0	0	0	0	0	0	0
2086584	Massilistercora timonensis	0	546	0	0	0	29	0	123	0	400	0	0	0	0	0	15	343	0	0	0	0	0	0	0	0	0	0	0	0	0	0	0	0	0	14	0	0	0	1437	0	0	0	0	0	0	0	0	72	0	0	0	0	0	22	181	15	215	0	0	0	0	0	0	0
2086585	Maliibacterium massiliense	0	141	0	0	0	24	0	23	0	170	0	0	0	0	0	11	99	0	0	0	0	0	0	0	0	0	0	0	0	0	0	0	0	0	0	0	0	0	429	0	0	0	0	0	0	0	0	21	0	0	0	0	0	0	64	0	17	0	0	0	0	0	0	0
2093777	Podospora bellae-mahoneyi	0	0	0	0	0	0	0	0	0	0	0	0	0	0	0	0	0	888	999	0	0	0	0	0	0	0	0	0	0	0	0	0	0	0	0	0	0	0	0	0	0	313	0	0	0	0	0	0	0	0	0	0	0	0	0	0	0	0	0	0	0	0	0	0
2093779	Podospora pseudocomata	0	0	0	0	0	0	0	0	56	54	0	0	0	0	0	0	0	901	1332	0	0	0	0	0	0	0	0	0	0	0	0	0	0	0	0	0	0	0	0	0	0	297	0	0	0	0	0	0	0	0	0	0	0	0	0	0	0	0	0	0	0	0	0	0
2093780	Podospora pseudopauciseta	0	0	0	0	992	817	0	0	0	0	0	0	0	0	0	0	0	638	406	0	0	0	0	0	0	0	0	108	0	0	0	0	94	0	67	0	0	0	0	0	0	0	0	0	0	0	0	0	0	0	0	0	0	0	0	0	0	0	0	0	0	0	0	0
2093824	Candidatus Nanosynbacter lyticus	0	177	296	35	46	479	0	168	54	6777	60	0	342	0	62	14	449	0	0	39	94	0	0	0	0	92	0	281	200	0	97	0	157	0	109	16	334	0	16	0	0	136	0	0	36	47	0	36	0	176	0	113	38	157	24	0	693	0	395	0	3822	11	145	0
2093856	Butyricimonas faecalis	0	0	0	0	0	80	0	36	0	21	0	0	0	0	0	0	52	0	0	0	0	0	0	0	0	0	0	0	0	0	17	0	0	0	0	0	0	0	954	0	0	25	0	0	0	0	0	15	0	0	0	0	0	0	0	0	47	0	0	0	0	0	0	0
2093857	Dysosmobacter welbionis	0	3662	110	0	68	1460	0	1288	92	6963	0	0	0	0	0	105	2705	0	0	0	0	0	0	0	0	0	0	72	0	0	81	0	0	0	408	0	0	0	26094	0	0	0	0	0	0	90	130	676	0	0	0	0	0	112	1162	102	1280	0	63	0	105	0	0	0
2094020	Trichococcus shcherbakoviae	0	0	0	0	0	0	0	0	0	0	0	0	0	0	0	0	0	0	0	0	0	0	0	0	0	18	0	0	0	0	0	0	0	0	0	0	0	0	0	0	0	0	0	0	0	0	0	0	36	0	0	0	0	0	0	0	0	0	0	0	0	0	0	0
2094151	Paramuribaculum intestinale	0	0	0	0	0	0	0	0	0	0	0	0	0	0	0	0	0	0	0	0	0	0	0	0	0	0	0	0	0	0	0	0	0	0	0	0	0	0	602	0	0	0	0	0	0	0	0	0	0	0	0	0	0	0	23	0	0	0	0	0	0	0	0	0
2099583	Streptomyces sp. ICC1	0	0	0	0	0	0	0	0	0	51	0	0	90	0	0	0	0	0	0	0	0	0	0	0	0	0	0	0	0	0	0	0	0	0	0	0	0	0	0	0	0	0	0	0	0	0	0	0	0	0	0	0	0	0	0	0	0	0	0	0	0	0	0	0
2099695	Mycobacterium sp. ITM-2016-00316	0	0	0	170	0	0	0	0	0	0	0	0	0	0	0	0	0	0	0	0	0	0	0	0	0	0	0	0	0	0	0	0	0	0	0	0	0	0	0	0	0	0	186	0	0	0	0	0	0	0	0	0	0	0	0	0	0	0	0	0	0	0	0	0
2099788	Lactobacillus sp. CBA3605	0	0	0	0	0	0	0	0	0	0	0	0	17	0	0	0	0	0	0	0	0	0	0	0	0	0	0	0	0	0	0	0	0	0	17	0	0	0	0	0	0	0	0	0	0	0	0	0	0	0	0	0	0	0	0	0	0	0	0	0	0	0	0	0
2103230	Microbacterium sp. str. 'China'	0	0	0	79	0	0	0	0	0	0	0	0	0	0	0	0	272	0	0	0	0	0	0	0	0	1214	0	0	0	0	0	0	0	0	0	0	0	0	0	0	0	0	167	0	0	0	98	0	0	0	0	0	0	0	0	0	0	0	0	0	0	0	0	0
2107713	Aeromicrobium sp. A1-2	0	0	0	0	0	0	0	0	0	0	0	0	0	0	0	27	0	0	0	0	0	0	0	0	0	0	0	0	0	0	0	0	0	0	0	0	19	0	0	0	0	0	0	0	0	0	55	0	0	0	0	0	0	0	0	0	0	0	0	0	0	0	0	0
2108399	Pectobacterium punjabense	0	0	0	0	0	0	0	0	0	50	0	0	94	0	0	0	0	0	0	0	0	0	0	0	0	0	0	0	0	0	0	0	0	0	0	0	0	0	0	0	0	0	0	0	0	0	0	0	0	0	0	0	0	0	0	0	0	0	0	0	0	0	0	0
2108523	Lawsonibacter asaccharolyticus	0	424	11	0	0	90	0	81	0	530	0	0	0	0	0	24	409	0	0	0	0	13	0	0	0	0	0	0	0	0	0	0	0	0	27	0	0	0	3412	0	0	0	0	0	0	0	0	72	0	0	0	0	0	17	153	0	116	0	13	0	0	0	0	0
2109687	Oscillibacter sp. PEA192	0	985	0	0	0	734	0	644	0	6535	0	0	0	0	0	0	1693	0	0	0	61	0	0	0	0	0	0	0	0	0	0	0	0	0	369	0	0	0	29288	0	0	0	0	0	0	0	0	597	0	0	0	0	0	69	438	0	702	0	124	0	0	0	0	0
2109914	Ottowia oryzae	0	0	0	0	0	0	0	14	0	0	0	0	0	0	0	0	0	0	0	0	0	0	0	0	0	0	0	0	0	0	0	0	0	0	0	0	0	0	0	0	0	19	0	0	0	0	0	20	0	0	0	0	42	0	0	0	0	0	0	0	0	0	0	0
2116510	Mycetocola sp. JXN-3	0	0	228	0	0	0	0	0	0	16	0	0	18	0	0	0	19	0	0	0	0	0	0	0	0	12	0	0	106	0	0	0	0	0	0	0	0	0	0	0	0	0	0	0	0	0	0	0	0	254	0	1193	0	0	0	0	0	0	0	0	52	0	0	0
2133944	Pseudoprevotella muciniphila	0	0	10	0	0	0	0	0	0	0	0	0	0	0	0	0	0	0	0	0	0	0	0	0	0	0	0	0	0	0	0	0	0	0	0	0	0	0	14	0	0	0	0	0	0	0	0	0	0	0	0	0	0	0	0	0	0	0	0	0	0	0	0	0
2144175	Megasphaera stantonii	0	0	0	0	0	0	0	0	0	0	0	0	0	0	0	0	0	0	0	0	0	0	0	0	0	0	0	0	0	0	0	0	0	0	0	0	0	0	16	0	0	0	0	0	0	0	0	0	0	0	0	0	0	0	0	0	15	0	0	0	0	0	0	0
2161816	Tessaracoccus timonensis	0	4910	16	0	0	24	0	191	0	15	0	0	0	48	300	0	101	0	0	0	0	562	0	40	0	76	0	34	0	0	0	0	23	0	25	0	48	0	21	0	0	35	0	0	0	42	0	19	0	24	0	0	31	60	396	0	40	0	45	0	36	0	0	0
2171623	Miniimonas sp. S16	0	0	0	0	0	0	0	0	0	0	0	0	0	0	0	0	0	0	0	0	0	0	0	0	0	0	0	0	0	0	0	0	0	25	0	0	120	0	0	0	0	0	0	0	0	0	28	0	0	0	0	0	0	0	0	0	0	0	0	0	0	0	0	0
2173034	Petrocella atlantisensis	0	0	0	0	0	0	0	0	0	0	0	0	0	0	0	0	0	0	0	0	0	0	0	0	0	0	0	0	0	0	0	0	0	0	0	0	0	0	21	0	0	0	0	0	0	0	0	0	0	0	0	0	0	0	0	0	0	0	0	0	0	0	0	0
2175619	Curtobacterium sp. MCJR17_020	0	0	0	0	0	0	0	0	0	0	0	0	0	0	0	0	0	0	0	0	0	0	0	0	0	0	0	0	0	0	0	0	0	0	0	0	129	0	0	0	0	0	0	0	0	0	0	0	0	0	0	0	0	0	0	0	0	0	0	0	0	0	0	0
2175620	Curtobacterium sp. MCLR17_036	0	0	0	0	0	0	0	0	0	0	0	0	0	0	0	0	0	0	0	0	0	0	0	0	0	0	0	0	0	0	0	0	0	0	0	0	242	0	0	0	0	0	0	0	0	0	0	0	0	173	0	0	0	0	0	0	0	0	0	0	0	0	0	0
2175641	Curtobacterium sp. MCSS17_005	0	0	0	0	0	0	0	0	0	0	0	0	0	0	0	0	0	0	0	0	0	0	0	0	0	0	0	0	0	0	0	0	0	0	0	0	379	0	0	0	0	0	0	0	0	0	0	0	0	0	0	0	0	0	0	0	0	0	0	0	0	0	0	0
2175645	Curtobacterium sp. MCPF17_002	0	0	37	0	0	0	0	0	0	0	0	0	0	0	0	0	0	0	0	0	0	0	0	0	0	0	0	0	0	0	0	0	0	0	0	0	370	0	0	0	0	0	0	0	0	0	0	0	0	0	0	0	0	0	0	0	0	0	0	0	0	0	0	0
2175646	Curtobacterium sp. MCSS17_007	0	0	0	0	0	0	0	0	0	0	0	0	0	0	62	0	498	0	0	0	0	0	0	0	0	0	0	0	0	0	0	0	0	0	0	0	0	0	0	0	0	0	0	0	0	0	0	0	0	0	0	0	0	0	0	0	0	0	0	0	0	0	0	0
2175648	Curtobacterium sp. MCLR17_007	0	51	92	0	0	0	0	0	0	0	0	0	0	0	0	0	0	0	0	0	0	0	0	0	0	35	0	0	0	0	0	0	0	0	0	0	117	0	0	0	0	0	0	0	0	0	0	0	0	0	0	0	0	0	0	0	0	0	0	0	0	0	0	0
2175650	Curtobacterium sp. MCLR17_032	0	0	0	0	0	0	0	0	0	0	0	0	0	0	0	0	0	0	18	0	0	0	0	0	0	39	0	0	0	0	0	0	0	0	0	0	177	0	0	0	0	0	0	0	83	0	0	0	0	0	0	0	0	0	0	0	0	0	0	0	0	0	0	0
2175655	Curtobacterium sp. MCPF17_052	0	0	0	0	0	0	0	0	0	0	0	0	0	0	36	0	0	0	0	0	0	0	0	0	0	0	0	0	0	0	0	0	0	0	0	0	127	0	0	0	0	0	0	0	0	0	0	0	0	0	0	0	0	0	0	0	0	0	0	0	0	0	0	0
2175660	Curtobacterium sp. MCJR17_043	0	0	0	0	0	0	0	0	0	0	0	0	0	0	0	0	0	0	0	0	0	0	0	0	0	0	0	0	0	0	0	0	0	0	0	0	243	0	0	0	0	0	0	0	0	0	0	0	0	0	0	0	0	0	0	0	0	0	0	0	0	0	0	0
2175664	Curtobacterium sp. MCPF17_050	0	0	0	0	0	0	0	0	0	0	0	0	0	0	0	0	0	0	0	0	0	0	0	0	0	0	0	0	0	0	0	0	0	0	0	0	1189	0	0	0	0	0	0	0	0	0	0	0	0	0	0	0	0	0	0	0	0	0	0	0	0	0	0	0
2175666	Curtobacterium sp. MCSS17_015	0	47	0	0	0	0	0	0	0	0	0	0	0	0	0	0	0	0	0	0	0	0	0	0	0	0	0	0	0	0	0	0	0	0	0	0	0	0	0	0	0	0	0	0	0	0	0	0	0	0	0	0	0	0	0	0	0	0	0	0	0	0	0	0
2175673	Curtobacterium sp. MCBD17_035	0	0	0	0	0	0	0	0	0	0	0	0	0	0	0	0	0	0	0	0	0	0	0	0	0	0	0	0	0	0	0	0	0	0	0	0	664	0	0	0	0	0	0	0	0	0	0	0	0	0	0	0	0	0	0	0	0	0	0	0	0	0	0	0
2175864	Streptomyces sp. NHF165	0	0	0	0	0	0	0	0	0	0	16	0	0	0	0	0	0	0	0	0	0	0	0	0	0	0	0	0	0	0	0	0	0	0	0	0	0	0	0	0	0	0	0	0	0	0	0	0	0	0	0	0	0	0	0	0	0	0	0	0	0	0	0	0
2183896	Flavobacterium crocinum	0	0	0	0	0	0	0	0	0	0	0	0	0	0	0	0	0	0	0	0	0	0	0	0	0	98	0	0	0	0	0	0	0	0	0	0	0	0	75	0	0	0	0	0	0	0	0	0	0	0	0	55	0	0	0	0	0	0	0	0	0	0	0	0
2184083	Pseudothauera hydrothermalis	0	0	0	0	0	0	0	0	0	0	0	0	23	0	0	0	0	0	0	0	0	0	0	0	0	0	0	0	0	0	0	0	0	0	0	0	0	0	0	0	0	0	0	0	0	0	0	0	0	0	0	17	0	0	0	0	0	0	0	0	0	0	0	0
2184519	Hydrogenophaga sp. NH-16	0	0	142	0	0	0	0	0	0	0	0	0	25	0	0	0	0	0	0	0	0	0	0	0	0	0	0	0	0	0	0	0	0	0	0	0	0	0	0	0	0	0	0	0	0	0	0	0	0	0	0	0	0	0	0	0	0	0	0	0	0	0	0	0
2201350	Phenylobacterium parvum	0	0	0	0	0	0	0	0	0	0	0	0	0	105	49	0	0	0	0	0	0	0	0	0	0	0	0	0	0	0	0	0	0	0	0	0	0	0	0	0	0	0	0	0	0	0	0	0	0	0	0	0	0	0	0	0	0	0	0	0	0	0	0	0
2201356	Pseudomonas sp. 31-12	0	0	0	0	0	0	0	0	0	0	0	0	22	0	0	0	0	0	0	0	0	0	0	0	0	0	0	0	0	0	0	0	0	0	30	0	0	0	0	0	0	0	0	0	0	0	0	0	0	0	0	0	0	0	0	0	0	0	0	0	0	0	0	0
2202148	Azospirillum thermophilum	0	0	0	0	0	0	0	0	0	0	0	0	0	0	54	0	0	0	0	0	0	0	0	0	0	0	0	0	0	0	0	0	0	0	0	0	0	0	0	0	0	0	0	0	0	0	0	0	0	0	0	0	0	0	0	0	0	0	0	0	0	0	0	0
2202249	Streptosporangium sp. 'caverna'	0	0	0	0	0	0	0	0	0	0	0	0	0	0	0	0	0	0	0	0	0	0	0	0	0	0	0	0	0	0	74	0	0	0	0	0	45	0	0	0	0	0	0	0	0	0	0	0	0	0	0	0	0	0	0	0	0	0	0	0	0	0	0	0
2202825	Methylobacterium durans	0	0	15	0	20	226	0	18	0	0	0	0	0	15733	10449	0	0	0	0	0	0	0	0	0	0	12	0	0	0	0	0	0	0	0	0	0	0	0	0	0	0	0	11	0	0	0	0	0	0	0	0	0	0	0	0	0	0	0	0	0	0	21	24	0
2202826	Methylobacterium sp. 17Sr1-1	0	0	13	0	0	0	0	0	0	13	0	0	0	2254	1480	0	0	0	0	0	0	0	0	0	0	0	0	0	0	0	0	0	0	0	0	0	0	0	0	0	0	0	0	0	0	0	0	0	0	0	0	0	0	0	0	0	0	0	0	0	0	0	0	0
2202827	Methylobacterium terrae	0	0	13	0	0	0	0	0	0	0	0	0	0	1198	856	0	0	0	0	0	0	0	0	0	0	0	0	0	0	0	0	0	0	0	0	0	0	0	0	0	0	0	0	0	0	0	0	0	0	0	0	0	0	20	0	0	0	0	0	0	0	0	0	0
2202828	Methylobacterium radiodurans	0	0	21	33	17	0	0	48	0	14	0	0	0	20266	12992	17	0	0	0	0	0	0	0	0	0	67	0	0	0	0	0	0	12	0	0	0	0	0	0	0	0	0	12	0	0	0	0	0	0	14	0	0	0	0	0	0	0	0	0	0	0	0	20	0
2204145	Pectobacterium aquaticum	0	0	0	47	0	0	0	0	31	537	0	36	1112	0	0	0	128	0	0	0	0	0	0	0	0	0	0	0	0	0	0	0	0	0	0	0	0	0	0	0	0	0	0	0	0	0	0	0	0	0	0	0	0	0	0	0	0	0	0	0	0	0	0	0
2211210	Arthrobacter dokdonellae	0	0	0	0	0	0	0	0	0	0	0	0	0	0	0	0	0	0	0	0	0	0	0	0	0	0	0	0	0	0	0	0	0	0	0	0	16	0	0	0	0	0	0	0	0	0	0	0	0	0	0	0	0	0	0	0	0	0	0	0	0	0	0	0
2217867	Pseudomonas sp. SGAir0191	0	143	138	0	0	0	0	105	0	41	45	0	0	0	0	0	0	0	0	0	0	0	0	0	0	0	0	37	0	0	67	0	124	0	26	0	80	0	0	0	0	47	0	0	24	0	0	25	0	168	0	24	0	67	0	0	0	0	0	0	0	0	0	0
2219057	Pseudomonas sp. LG1E9	0	17	0	0	0	0	0	0	0	66	0	0	239	0	0	0	107	0	0	0	0	0	0	0	0	0	0	0	0	0	0	0	0	0	15	0	0	0	0	0	0	15	0	0	0	0	0	0	0	0	0	0	0	0	0	0	0	0	0	0	0	0	0	0
2219225	Pseudomonas asiatica	0	793	739	0	0	0	0	798	0	223	391	0	0	0	0	0	0	0	0	0	0	0	0	0	0	0	0	319	0	0	329	0	320	0	0	0	817	0	0	0	0	197	0	0	179	0	0	284	0	990	0	370	185	317	0	0	0	0	378	0	0	0	0	0
2219696	Sphingomonas sp. FARSPH	0	174	2007	407	0	176	0	77	0	1329	0	0	0	187	197	0	0	0	0	0	115	0	0	0	0	91	0	18	101	0	0	0	61	0	43	0	1391	0	0	0	0	0	455	0	26	90	0	40	0	395	0	132	18	22	0	0	0	0	165	0	70	0	318	0
2220095	Cryobacterium soli	0	0	0	0	0	0	0	0	0	0	0	0	0	0	0	0	0	0	0	0	0	0	0	0	0	0	0	0	0	0	0	0	0	0	0	0	145	0	0	0	0	0	0	0	0	0	0	0	0	0	0	0	0	0	0	0	0	0	0	0	0	0	0	0
2220096	Indioceanicola profundi	0	0	0	0	0	0	0	0	0	0	0	0	0	146	60	0	0	0	0	0	0	0	0	0	0	0	0	0	0	0	0	0	0	0	0	0	0	0	0	0	0	0	0	0	0	0	0	0	0	0	0	0	0	0	0	0	0	0	0	0	0	0	0	0
2231603	Akanthomyces muscarius	0	0	0	221	256	223	0	13	18	14	0	0	42	0	0	0	0	4771	5455	0	0	0	0	0	0	0	0	26	0	0	0	0	0	0	22	0	0	0	0	0	0	1061	414	0	35	0	0	0	0	0	0	0	0	0	0	0	0	0	0	0	0	0	0	0
2233542	Planococcus halotolerans	0	0	42	0	0	0	0	0	0	0	0	0	0	0	0	0	0	0	0	0	0	0	0	0	0	0	0	0	0	0	0	0	0	0	0	0	0	0	0	0	0	0	0	0	0	0	0	0	0	0	0	0	0	0	0	0	0	0	0	0	0	0	0	0
2233999	Skermanella pratensis	34	0	0	170	0	0	0	0	0	0	0	0	0	0	0	0	0	0	0	0	0	0	0	0	0	0	0	0	0	0	0	0	0	0	0	0	0	0	0	0	0	0	2267	0	0	0	0	0	0	0	0	0	0	0	0	0	0	0	0	0	0	0	0	0
2259340	Paracoccus suum	0	0	0	0	0	0	0	0	0	0	0	0	0	0	0	0	0	0	0	0	0	0	0	0	0	0	0	58	0	0	0	0	0	0	0	0	0	0	0	0	0	0	0	0	0	0	0	73	0	0	0	0	27	0	0	0	0	0	0	0	0	0	0	0
2259620	Hydrocarboniclastica marina	0	0	0	0	0	0	0	0	0	0	0	0	0	0	0	0	0	0	0	0	0	0	0	0	0	0	0	15	0	0	0	0	0	0	19	0	0	0	0	0	0	0	0	0	0	0	0	0	0	0	0	0	0	0	0	0	0	0	0	0	0	0	0	0
2267833	Rhizobium oryzihabitans	105	98	140	0	225	0	67	455	103	0	0	283	0	0	0	0	0	0	0	0	0	71	0	0	0	0	0	0	0	0	0	0	0	0	0	0	0	0	0	58	0	0	0	249	0	0	0	0	0	0	97	0	0	0	154	0	0	0	0	0	0	192	0	0
2268449	Actinokineospora sp. UTMC 2448	0	0	0	0	0	0	0	0	0	0	0	0	0	0	0	0	0	0	0	0	0	0	0	0	0	0	0	0	0	0	0	0	0	0	0	0	30	0	0	0	0	0	0	0	0	0	0	0	0	0	0	0	0	0	0	0	0	0	0	0	0	0	0	0
2268461	Microbacterium sp. ABRD28	0	0	0	0	0	0	0	0	0	0	0	0	0	0	0	0	0	0	0	0	0	0	0	0	0	22	0	0	0	0	0	0	0	0	0	0	0	0	0	0	0	0	0	0	0	0	0	0	0	0	149	0	0	0	0	0	0	0	0	0	0	0	0	0
2282309	Leclercia sp. W17	0	0	0	0	0	0	0	0	0	0	0	0	58	0	0	0	0	0	0	0	0	0	0	0	0	0	0	0	0	0	0	0	0	0	0	0	0	0	0	0	0	0	0	0	0	0	0	0	0	0	0	0	0	0	0	0	0	0	0	0	0	0	0	0
2282397	Novosphingobium humi	0	0	0	0	0	0	0	0	0	0	0	0	0	0	0	0	0	0	0	0	0	0	0	0	0	0	0	41	0	0	29	0	0	0	0	0	39	0	0	0	0	54	0	0	0	0	0	0	0	0	0	0	0	0	0	0	0	0	0	0	0	0	0	0
2282419	Staphylococcus pseudoxylosus	0	46	26	0	0	78	0	12	0	0	49	0	27	0	0	0	17	0	0	0	0	0	0	0	0	0	0	11	0	0	0	0	83	0	0	0	126	0	22	0	0	13	0	0	18	0	0	0	0	0	0	45	0	40	0	0	0	0	20	0	0	0	0	0
2282475	Achromobacter sp. B7	0	0	0	130	0	0	0	0	0	0	0	0	0	0	0	0	196	0	0	0	0	0	0	0	0	0	0	0	0	0	0	0	0	105	0	0	0	0	0	0	0	27	0	0	0	0	0	0	0	0	0	0	0	0	0	0	0	0	0	0	0	0	0	0
2283160	Psychrobacillus glaciei	0	0	0	0	0	0	0	0	0	0	0	0	0	0	0	0	0	0	0	0	0	0	0	0	0	0	0	0	0	0	0	0	0	0	0	0	14	0	0	0	0	0	0	0	0	0	0	0	0	0	0	0	0	0	0	0	0	0	0	0	0	0	0	0
2283195	Ornithinimicrobium avium	0	0	0	0	0	0	0	0	33	0	0	0	0	0	0	0	0	0	0	0	0	0	0	0	0	0	0	0	0	0	0	0	0	0	0	0	66	0	0	0	0	0	0	0	0	0	0	0	0	28	0	0	0	0	0	0	0	0	0	0	0	0	0	0
2290922	Lysobacter sp. TY2-98	0	0	42	0	0	0	0	0	0	0	0	0	0	0	0	0	0	0	0	0	0	0	0	0	0	0	0	0	0	0	0	0	0	0	0	0	0	0	0	0	0	0	0	0	0	0	0	0	0	0	0	0	0	0	0	0	0	0	0	0	0	0	0	0
2293567	Methylovirgula sp. 4M-Z18	0	0	0	0	0	0	0	0	0	0	0	0	0	10	13	0	0	0	0	0	0	0	0	0	0	0	0	0	0	0	0	0	0	0	0	0	0	0	0	0	0	0	0	0	0	0	0	0	0	0	0	0	0	0	0	0	0	0	0	0	0	0	0	0
2294034	Micromonospora craniellae	0	0	0	0	0	0	0	0	0	0	0	0	0	0	0	0	0	0	0	0	0	0	0	0	0	0	0	0	0	0	0	0	0	0	0	0	150	0	0	0	0	0	0	0	0	0	0	0	0	0	0	0	0	0	0	0	0	0	0	0	0	0	0	0
2303332	Cellvibrio sp. KY-GH-1	0	0	0	0	0	0	0	0	0	0	0	0	0	0	0	0	0	0	0	0	0	0	0	0	0	0	0	0	0	0	0	0	0	0	0	0	0	0	0	0	0	0	0	0	0	0	0	0	0	0	34	157	0	0	0	0	0	0	0	0	0	0	0	0
2306583	Halomonas sp. JS92-SW72	0	0	0	0	0	0	0	0	0	0	0	0	0	0	0	0	0	0	0	0	0	0	0	0	0	0	0	0	0	0	0	0	0	0	0	0	0	0	0	0	0	0	22	0	0	0	0	0	0	0	0	0	0	0	0	0	0	0	0	0	0	0	0	0
2315862	Paraflavitalea soli	0	0	0	0	0	0	0	0	0	0	0	0	0	28	20	0	0	0	0	0	0	0	0	0	0	0	0	0	0	0	0	0	0	0	0	0	0	0	0	0	0	0	0	0	0	0	0	0	0	0	0	0	0	0	0	0	0	0	0	0	0	0	0	0
2316085	Pseudomonas bubulae	0	0	0	0	0	0	0	0	0	0	0	0	179	0	0	0	0	0	0	0	0	0	0	0	0	0	0	0	0	0	0	0	0	0	0	0	0	0	0	0	0	0	0	0	0	0	0	0	0	0	0	0	0	0	0	0	0	0	0	0	0	0	0	0
2319843	Hymenobacter oligotrophus	0	0	0	0	0	0	0	0	0	0	0	0	0	0	0	0	0	0	0	0	0	0	0	0	0	0	0	0	33	0	0	0	0	0	0	0	0	0	0	0	0	0	0	0	0	0	0	0	0	0	0	0	0	0	0	0	0	0	0	0	0	0	0	0
2320270	Pseudomonas sp. DG56-2	0	0	10	0	0	0	0	0	0	0	0	21	24	0	0	0	0	0	0	0	0	0	0	0	0	54	0	0	0	0	0	59	0	0	17	0	0	0	0	0	0	11	0	0	0	0	0	62	33	0	124	0	0	0	0	0	0	0	0	0	0	0	0	0
2320431	Corynebacterium silvaticum	0	10	0	0	0	0	0	0	0	0	0	0	0	0	0	0	0	0	0	0	0	0	0	0	0	0	0	0	0	0	0	0	0	0	0	0	0	0	0	0	0	0	0	0	0	0	0	0	0	0	0	0	0	0	0	0	0	0	0	0	0	0	0	0
2320868	Clostridium manihotivorum	0	0	0	0	0	0	0	0	0	0	0	0	0	0	0	0	0	0	0	0	0	0	0	0	0	0	0	0	0	0	0	0	0	0	0	0	0	0	0	0	0	0	0	0	0	0	0	0	0	0	0	0	0	0	0	19	0	0	0	0	0	0	0	0
2321394	Actinomyces lilanjuaniae	0	0	0	0	0	0	0	0	0	0	0	0	0	0	0	0	0	0	0	0	0	0	0	0	0	0	0	0	0	0	0	0	0	0	0	0	18	0	0	0	0	0	0	0	0	0	0	0	0	0	0	0	0	0	0	0	0	0	0	0	0	0	0	0
2338073	Serratia inhibens	0	0	0	0	0	0	0	0	0	0	0	0	16	0	0	0	0	0	0	0	0	0	0	0	0	0	0	0	0	0	0	0	0	0	0	0	0	0	0	0	0	0	0	0	0	0	0	0	0	0	0	0	0	0	0	0	0	0	0	0	0	0	0	0
2338327	Tsuneonella amylolytica	0	0	0	0	0	0	0	0	0	0	0	0	0	0	0	0	0	0	0	0	0	0	0	0	0	0	0	0	0	0	0	0	0	0	0	0	0	0	0	0	0	0	0	168	0	0	0	0	0	0	0	0	0	0	0	0	0	0	0	0	0	0	0	0
2341112	Georhizobium profundi	0	0	0	0	0	0	0	35	0	0	0	0	0	0	0	0	0	0	0	0	0	0	0	0	0	0	0	0	0	0	0	0	0	0	0	0	0	0	0	0	0	0	0	0	0	0	0	0	0	0	0	0	0	0	0	0	0	0	0	0	0	0	0	0
2364647	Pantoea piersonii	0	1874	539	125	44	351	15	6447	36	869	107	15	185	0	308	0	142	0	34	318	16078	17	0	0	0	92	0	172	22	0	162	0	1106	0	140	0	242	0	33	20	0	208	98	12	316	49	0	582	99	7483	19	366	252	1517	155	0	193	0	623	0	54	0	408	0
2364787	Alistipes megaguti	0	48	0	0	0	0	0	32	0	89	0	0	0	0	0	0	31	0	0	0	0	0	0	0	0	0	0	0	0	0	0	0	0	0	0	0	0	0	110	0	0	0	0	0	0	0	0	12	0	0	0	0	0	0	20	0	0	0	0	0	0	0	0	0
2382163	Streptococcus koreensis	0	557	2651	181	47	198	0	295	0	6152	2977	0	3574	0	86	0	516	0	0	0	2295	0	61	0	0	292	0	2625	405	0	153	0	389	71	1803	0	665	0	210	45	0	989	0	0	257	241	0	38	123	26363	43	346	0	201	26419	0	147	0	8249	0	175	51	1401	0
2382165	Nocardia yunnanensis	0	0	0	0	0	0	0	0	0	0	0	0	0	0	0	0	0	0	0	0	0	0	0	0	0	0	0	0	0	0	0	0	0	0	0	0	14	0	0	0	0	0	0	0	0	0	0	0	0	0	0	0	0	0	0	0	0	0	0	0	0	0	0	0
2419771	Gryllotalpicola protaetiae	0	0	0	0	0	0	0	0	0	0	0	0	0	0	0	0	0	0	0	0	0	0	0	0	0	17	0	0	0	0	0	0	0	0	0	0	1062	0	0	0	0	0	0	0	0	0	0	0	0	0	0	0	0	0	0	0	0	0	0	0	0	0	0	0
2419773	Lactococcus allomyrinae	0	0	0	0	0	0	0	0	0	25	0	0	0	0	0	0	0	0	0	0	0	0	0	0	0	0	0	0	0	0	0	0	0	0	13	0	0	0	0	0	0	0	0	0	0	0	0	0	0	0	0	0	0	0	0	0	0	0	0	0	0	0	0	0
2419774	Protaetiibacter intestinalis	0	0	0	0	0	0	0	0	0	0	0	0	0	0	0	0	0	0	0	0	0	0	0	0	0	19	0	0	0	0	0	0	0	0	0	0	754	0	0	0	0	0	0	0	0	0	0	0	0	0	0	0	0	0	0	0	0	0	0	0	0	0	0	0
2419841	Virgibacillus sp. Bac330	0	0	0	0	38	82	0	0	0	0	0	0	0	0	0	0	0	0	0	0	0	0	0	0	0	0	0	11	0	0	0	0	21	0	0	0	0	0	0	0	0	0	0	0	0	0	0	0	0	0	0	0	0	0	0	0	0	0	0	0	0	0	0	0
2419844	Xanthobacter sp. YC-JY1	0	0	0	0	0	0	0	87	0	0	0	0	0	282	211	0	0	0	0	0	0	0	0	0	0	0	0	0	0	0	0	0	0	0	0	0	0	0	0	0	0	0	0	0	0	0	0	0	0	0	0	0	0	0	0	0	0	0	0	0	0	225	0	0
2420310	Streptococcus sp. FDAARGOS_522	0	0	0	0	0	0	0	3444	0	1907	1406	0	0	0	0	0	0	0	0	0	0	0	0	0	0	0	0	1313	0	0	0	0	1028	0	0	0	2698	0	0	0	0	0	0	0	0	0	0	0	0	1856	0	0	0	0	1709	0	0	0	0	0	0	0	0	0
2420313	Enterococcus sp. FDAARGOS_553	0	0	0	0	0	0	0	0	0	0	0	0	0	0	0	0	0	0	0	0	0	0	0	0	0	0	0	0	0	0	0	0	260	0	78	0	0	0	0	0	0	0	0	0	0	0	0	0	0	0	0	0	0	0	0	0	0	0	0	0	0	0	0	0
2478954	Catenibacterium sp. co_0103	0	51	13	0	0	11	0	0	0	176	17	0	0	27	0	27	417	0	0	0	0	0	0	0	0	15	0	0	0	0	0	0	0	0	0	0	21	0	654	0	0	46	0	0	0	0	0	0	0	0	0	0	0	14	22	0	42	0	0	0	21	0	0	0
2479392	Pseudomonas sp. LTJR-52	0	28	0	0	0	0	0	285	30	16	0	0	0	0	0	33	0	0	0	0	0	0	0	0	0	0	0	0	0	0	19	0	0	0	0	0	0	0	0	0	0	151	0	0	0	42	0	0	61	0	0	0	0	0	0	0	0	0	0	0	0	0	0	0
2479767	Blautia sp. SC05B48	0	1431	68	0	73	1460	0	2290	87	7440	0	0	115	0	59	289	7597	0	0	0	80	46	0	0	0	62	0	160	0	0	139	0	31	0	208	0	35	28	13719	0	0	63	0	0	0	38	255	1694	0	57	0	143	46	277	685	454	3441	0	89	0	184	0	0	0
2480625	Plantibacter sp. PA-3-X8	0	0	0	921	0	0	0	0	0	0	0	0	0	0	0	0	0	0	0	0	0	0	0	0	0	755	0	0	0	0	0	0	0	0	0	0	0	0	0	0	0	0	1839	0	0	0	0	0	0	0	0	0	0	0	0	0	0	0	0	0	0	0	0	0
2480810	Pseudoxanthomonas winnipegensis	0	0	0	0	0	0	0	0	0	0	0	0	0	0	0	0	0	0	0	0	0	0	0	0	0	16	0	0	0	0	0	0	0	0	0	0	0	0	0	0	0	0	0	0	0	0	0	0	0	0	0	0	0	0	0	0	0	0	0	0	0	0	0	0
2482763	Sphingopyxis sp. YF1	0	0	0	0	0	0	0	44	0	0	0	0	0	0	0	0	0	0	0	0	0	0	0	0	0	0	0	0	0	0	0	0	0	0	0	0	0	0	0	0	0	0	0	0	0	0	0	0	0	0	0	0	0	0	0	0	0	0	0	0	0	0	0	0
2483401	Microbacterium sp. 10M-3C3	0	0	39	11	0	0	0	0	0	0	0	0	0	0	0	0	0	0	0	0	0	0	0	0	0	85	0	0	0	0	0	0	0	0	0	0	241	0	66	0	0	0	13	42	0	0	0	114	0	0	0	0	46	0	0	0	0	0	0	0	0	0	0	0
2483403	Mesorhizobium sp. NZP2298	0	0	83	0	0	0	0	0	0	0	0	0	0	0	0	0	0	0	0	0	0	0	0	0	0	0	0	0	0	0	0	0	0	0	0	0	0	0	0	0	0	0	0	0	0	0	0	0	0	0	0	0	0	0	0	0	0	0	0	0	0	0	0	0
2483798	Nocardioides pantholopis	0	0	0	0	0	0	0	0	0	0	0	0	0	0	0	0	0	0	0	0	0	0	0	0	0	0	0	0	0	0	0	0	0	0	0	0	416	0	0	0	0	0	0	0	0	0	493	0	0	0	0	0	0	0	0	0	0	0	0	0	0	0	0	0
2483799	Georgenia faecalis	0	0	0	0	0	0	0	0	0	0	0	0	0	0	0	0	0	0	0	0	0	0	0	0	0	0	0	0	0	0	0	0	0	0	0	0	38	0	0	0	0	0	0	0	0	0	0	0	0	0	0	0	0	0	0	0	0	0	0	0	0	0	0	0
2485124	Pectobacterium polonicum	0	0	0	31	0	0	0	0	0	243	0	0	455	0	0	0	55	0	0	0	0	0	0	0	0	0	0	0	0	0	0	0	0	0	0	0	0	0	0	0	0	0	0	0	0	0	0	0	0	0	0	0	0	0	0	0	0	0	0	0	0	0	0	0
2486272	Nocardioides sp. WS12	0	0	0	0	0	0	0	0	0	0	0	0	0	0	0	0	0	0	0	0	0	0	0	0	0	0	0	0	0	0	0	0	0	0	0	0	117	0	0	0	0	0	0	0	0	0	54	0	0	0	0	0	0	0	0	0	0	0	0	0	0	0	0	0
2487065	Chryseobacterium sp. G0201	0	0	0	0	0	0	0	0	0	38	0	0	0	0	0	0	0	0	0	0	0	0	0	0	0	0	0	0	0	0	0	0	0	0	0	0	0	0	0	0	0	0	0	0	0	0	0	0	0	78	0	0	0	0	0	0	0	0	0	0	0	0	0	0
2487072	Epilithonimonas vandammei	67	36	214	0	125	36	0	498	213	269	29	607	50	0	65	322	54	0	0	0	0	255	0	0	0	188	0	42	0	16	41	25	51	25	33	0	67	20	48	87	0	76	0	30	54	15	0	83	0	0	43	34	132	59	0	0	16	0	20	0	0	334	0	0
2487118	Intestinibaculum porci	0	33	0	0	0	0	0	29	0	45	0	0	0	0	0	0	41	0	0	0	0	0	0	0	0	0	0	0	0	0	0	0	0	0	0	0	0	0	118	0	0	0	0	0	0	0	0	0	0	0	0	0	0	0	0	0	31	0	0	0	0	0	0	0
2487892	Corynebacterium urogenitale	0	35	17	0	0	0	0	30	0	0	0	0	0	0	0	0	21	0	0	0	0	0	0	0	0	0	0	14	0	0	0	0	0	0	0	0	31	0	0	0	0	16	0	0	18	0	0	0	0	0	0	0	26	16	0	0	24	0	0	0	0	0	0	0
2488560	Pigmentiphaga sp. H8	0	0	0	0	0	0	0	0	0	0	0	0	0	0	0	0	0	0	0	0	0	0	0	0	0	0	0	0	0	0	0	0	14	0	0	0	0	0	0	0	0	0	0	0	0	0	0	0	0	0	0	0	0	0	0	0	0	0	0	0	0	0	0	0
2488639	Pectobacterium versatile	0	0	0	713	0	76	0	39	238	7571	0	225	15157	0	37	46	1666	0	0	0	0	0	0	0	0	0	0	23	0	0	0	0	120	0	172	0	0	0	0	0	0	46	0	0	0	0	0	0	0	0	0	0	0	0	0	0	0	0	0	0	0	0	0	0
2488810	Ruminiclostridium herbifermentans	0	0	0	0	0	0	0	0	0	0	16	0	0	0	0	0	0	0	0	0	0	0	0	0	0	0	0	0	0	0	0	0	0	0	0	0	0	0	0	0	0	0	0	0	0	0	0	0	0	0	0	0	0	0	0	0	0	0	0	0	0	0	0	0
2488819	Corynebacterium endometrii	0	115	12	0	0	10	0	122	0	0	14	0	0	0	10	0	28	0	18	0	0	12	0	0	0	15	0	0	0	0	15	0	10	0	0	0	177	0	14	0	0	62	0	0	30	0	0	14	0	0	0	0	13	44	21	0	45	0	20	0	0	0	0	0
2490633	Streptococcus periodonticum	0	201	123	0	0	82	0	0	0	203	424	0	317	0	0	0	74	0	0	0	0	0	0	0	0	57	0	94	0	0	0	0	89	0	72	0	61	0	33	0	0	42	0	0	0	0	0	0	0	243	0	0	0	57	1098	0	0	0	312	0	0	0	192	0
2490851	Pantoea sp. CCBC3-3-1	0	0	0	0	0	0	0	0	0	0	0	0	0	0	0	0	0	0	0	0	0	0	0	0	0	0	0	0	0	0	0	0	0	0	0	0	0	0	0	0	0	0	0	0	0	0	0	18	0	0	0	0	0	0	0	0	0	0	0	0	0	0	0	0
2490855	Lachnoanaerobaculum gingivalis	16	421	1087	68	32	894	0	819	84	5095	903	44	2204	0	185	46	1061	0	20	22	10879	0	10	84	0	769	0	1386	554	0	246	0	413	20	937	25	2059	0	877	29	0	606	0	12	118	438	0	71	34	781	28	313	120	370	10285	11	380	0	851	0	408	17	579	0
2493669	Mesorhizobium sp. M1D.F.Ca.ET.043.01.1.1	0	0	91	0	0	0	0	0	0	0	0	0	0	0	0	0	0	0	0	0	0	0	0	0	0	0	0	0	0	0	0	0	0	0	0	0	0	0	0	0	0	0	0	0	0	0	0	0	0	0	0	0	0	0	0	0	0	0	0	0	0	0	0	0
2493672	Mesorhizobium sp. M1E.F.Ca.ET.045.02.1.1	0	0	237	0	0	0	0	0	0	0	0	0	0	0	0	0	0	0	0	0	0	0	0	0	0	0	0	0	0	0	0	0	0	0	0	0	0	0	0	0	0	0	0	0	0	0	0	0	0	0	0	0	0	0	0	0	0	0	0	0	0	0	0	0
2493675	Mesorhizobium sp. M4B.F.Ca.ET.058.02.1.1	0	0	0	0	0	0	0	0	0	0	0	0	0	137	120	0	0	0	0	0	0	0	0	0	0	0	0	0	0	0	0	0	0	0	0	0	0	0	0	0	0	0	0	0	0	0	0	0	0	0	0	0	0	0	0	0	0	0	0	0	0	0	0	0
2493680	Mesorhizobium sp. M1A.F.Ca.IN.022.06.1.1	0	0	0	0	0	0	0	0	0	0	0	0	0	68	56	0	0	0	0	0	0	0	0	0	0	0	0	0	0	0	0	0	0	0	0	0	0	0	0	0	0	0	0	0	0	0	0	0	0	0	0	0	0	0	0	0	0	0	0	0	0	0	0	0
2494374	Tabrizicola piscis	0	0	0	0	0	0	0	28	0	0	0	0	0	0	0	0	0	0	0	0	0	0	0	0	0	0	0	0	0	0	0	0	0	0	0	0	0	0	0	0	0	0	0	0	0	0	0	29	0	0	0	0	0	0	0	0	0	0	0	0	0	0	0	0
2494702	Enterobacter huaxiensis	0	0	0	0	0	0	0	0	0	0	0	0	15	0	0	0	0	0	0	0	0	0	0	0	0	0	0	0	0	0	0	0	0	0	0	0	0	0	0	0	0	0	0	0	0	0	0	0	0	0	0	0	0	0	0	0	0	0	0	0	0	0	0	0
2495645	Actinobaculum sp. 313	0	0	0	0	0	0	0	0	0	0	0	0	0	0	0	0	0	0	0	0	0	0	0	0	0	0	0	0	0	0	0	0	0	0	0	0	0	0	0	0	0	0	0	0	0	0	0	0	0	0	0	0	0	10	0	0	0	0	0	0	0	0	0	0
2496028	Hymenobacter radiodurans	0	0	0	0	0	0	0	0	0	0	0	0	0	0	0	0	0	0	0	0	0	0	0	0	0	0	0	0	0	0	0	0	0	0	0	0	0	0	0	0	0	267	0	0	0	0	0	0	0	0	0	0	0	0	0	0	0	0	0	0	0	0	0	0
2496265	Jeotgalibaca ciconiae	0	0	0	0	0	0	0	0	0	0	0	0	0	0	0	0	0	0	0	0	0	0	0	0	0	0	0	0	0	0	0	448	0	0	0	0	0	0	0	0	0	0	0	0	0	0	0	0	0	0	0	0	0	0	0	0	0	0	0	0	0	0	0	0
2496847	Sulfuricystis thermophila	0	0	0	0	0	0	0	0	0	0	0	0	0	0	0	0	0	0	0	0	0	0	0	0	0	0	0	0	0	0	0	0	17	0	0	0	0	0	0	0	0	0	0	0	0	0	0	0	0	0	0	28	0	0	0	0	0	0	0	0	0	0	0	0
2497875	Enterobacter chuandaensis	0	0	0	0	0	0	0	0	0	0	0	0	30	0	0	0	0	0	0	0	0	0	0	0	0	0	0	0	0	0	0	0	0	0	0	0	0	0	0	0	0	0	0	0	0	0	0	0	0	0	0	0	0	0	0	0	0	0	0	0	0	0	0	0
2497989	Candidatus Ornithobacterium hominis	0	0	0	0	0	19	0	111	0	499	0	0	42	0	16	0	38	0	0	0	630	0	0	0	0	362	0	38	0	0	0	0	25	0	33	0	62	0	0	0	0	18	0	0	0	0	0	0	0	0	0	0	0	86	67	0	0	0	23	0	70	0	0	0
2498451	Rheinheimera mangrovi	0	0	13	0	0	0	0	0	20	0	0	28	0	0	0	0	0	0	0	0	0	0	0	0	0	76	0	0	0	0	0	0	14	0	0	11	0	15	0	0	0	0	0	0	0	0	0	0	26	0	0	0	0	0	0	0	0	0	0	0	0	122	0	0
2498704	Agromyces sp. LHK192	0	0	0	0	0	0	0	0	0	0	0	0	0	0	0	0	0	0	0	0	0	0	0	0	0	17	0	0	0	0	0	0	0	0	0	0	747	0	0	0	0	0	0	0	0	0	0	0	0	0	0	0	0	0	0	0	0	0	0	0	0	0	0	0
2498848	Pseudomonas sp. MPC6	0	0	0	0	0	0	0	0	0	25	0	0	19	0	0	0	0	0	0	0	0	0	0	0	0	0	0	0	0	0	0	0	0	0	16	0	0	0	0	0	0	0	0	0	0	0	0	0	0	0	0	0	0	0	0	0	0	0	0	0	0	0	0	0
2499145	Rhodococcus sp. X156	0	0	0	0	0	0	0	0	0	0	0	0	0	0	0	0	0	0	0	0	0	0	0	0	0	0	0	0	0	0	0	0	0	0	0	0	34	0	0	0	0	0	0	0	0	0	0	0	0	0	0	0	0	0	0	0	0	0	0	0	0	0	0	0
2499213	Bacillus sp. BD59S	0	0	0	0	0	0	0	26	0	0	0	0	0	0	0	0	0	0	0	0	0	0	0	0	0	0	0	0	0	0	0	0	0	0	0	0	0	0	0	0	0	0	0	0	0	0	0	0	0	0	0	0	0	0	0	0	0	0	0	0	0	0	0	0
2499688	Niallia taxi	0	0	0	0	0	0	0	0	0	0	0	0	0	0	0	0	0	0	0	0	0	0	0	0	0	0	0	0	0	0	0	0	0	0	0	0	0	0	0	0	0	0	0	0	0	0	0	0	0	0	0	0	0	0	0	0	0	0	0	88	0	0	0	0
2500532	Paracoccus sp. Arc7-R13	32	96	66	0	0	0	0	0	873	0	0	83	0	0	0	47	0	0	0	0	0	0	0	0	0	66	0	0	0	0	0	59	0	0	0	0	0	0	0	0	0	0	0	0	0	0	0	75	0	0	0	247	42	0	0	0	0	0	0	0	0	38	0	0
2500546	Nocardioides yefusunii	0	0	0	0	0	0	0	0	0	0	0	0	0	0	0	0	0	0	0	0	0	0	0	0	0	0	0	0	0	0	0	0	0	0	0	0	107	0	0	0	0	0	0	0	0	0	0	0	0	0	0	0	0	0	0	0	0	0	0	0	0	0	0	0
2505979	Pseudomonas viciae	0	0	0	0	0	0	0	0	0	0	0	0	0	0	0	0	0	0	0	0	0	0	0	0	0	0	0	0	0	0	0	0	0	0	17	0	0	0	0	0	0	0	0	0	0	0	0	0	0	0	0	0	0	0	0	0	0	0	0	0	0	0	0	0
2507160	Aminipila luticellarii	0	54	0	0	0	0	0	29	0	17	0	0	0	0	0	0	14	0	0	0	0	0	0	0	0	0	0	0	0	0	0	0	0	0	0	0	0	0	32	0	0	0	0	0	0	0	0	0	0	0	0	0	0	0	15	0	17	0	0	0	0	0	0	0
2507582	Rhodococcus sp. ABRD24	0	0	0	0	0	0	0	0	0	0	0	0	0	0	0	0	0	0	0	0	0	0	0	0	0	0	0	0	0	0	0	0	0	0	0	0	32	0	0	0	0	0	0	0	0	0	0	0	0	0	0	0	0	0	0	0	0	0	0	0	0	0	0	0
2508168	Luteimonas sp. YGD11-2	0	0	0	0	0	0	0	0	0	0	0	0	0	0	0	0	0	0	0	0	232	0	0	0	0	30	0	0	0	0	0	0	0	0	0	0	0	0	0	0	0	25	0	0	0	0	0	971	0	0	0	0	182	0	0	0	0	0	0	0	0	0	0	0
2508882	Ornithinimicrobium sp. HY006	0	0	0	0	0	0	0	0	0	0	0	0	0	0	0	0	0	0	0	0	0	0	0	0	0	0	0	0	0	0	0	0	106	0	0	0	0	0	0	0	0	0	0	0	0	0	0	0	0	0	0	0	0	0	0	0	0	0	0	0	0	0	0	0
2509455	Agromyces protaetiae	0	0	0	64	0	0	0	0	0	0	0	0	0	0	0	0	0	0	0	0	0	0	0	0	0	68	0	0	0	0	0	0	0	0	0	0	651	0	0	0	0	0	0	0	0	0	0	0	0	0	0	0	0	0	0	0	0	0	0	0	0	0	0	0
2509457	Xylanimonas protaetiae	0	0	0	0	0	0	0	0	0	0	0	0	0	0	0	0	0	0	0	0	0	0	0	0	0	0	0	0	0	0	0	0	0	0	0	0	38	0	0	0	0	0	0	0	0	0	0	0	0	0	0	0	0	0	0	0	0	0	0	0	0	0	0	0
2509458	Microbacterium protaetiae	0	0	0	0	0	0	0	0	0	0	0	0	0	0	0	0	0	0	0	0	0	0	0	0	0	56	0	0	0	0	0	0	0	0	0	0	164	0	0	0	0	0	0	0	0	0	24	0	0	0	0	0	20	0	0	0	0	0	0	0	0	0	0	0
2509459	Xylanimonas allomyrinae	0	0	0	0	0	0	0	0	0	0	0	0	0	0	0	0	0	0	0	0	0	0	0	0	0	0	0	0	0	0	0	0	0	0	0	0	31	0	0	0	0	0	0	0	0	0	18	0	0	0	0	0	0	0	0	0	0	0	0	0	0	0	0	0
2518343	Acidovorax sp. JMULE5	0	0	83	0	0	0	0	0	34	0	0	0	0	0	0	0	0	0	0	0	0	0	0	0	0	49	0	0	0	0	18	0	0	59	0	0	24	0	39	0	0	0	0	0	0	0	0	61	0	0	0	0	0	0	0	0	0	0	0	0	0	0	0	0
2518370	Nocardioides euryhalodurans	0	0	0	0	0	0	0	0	111	0	0	0	0	0	0	0	0	0	0	0	0	0	0	0	0	36	0	0	0	0	0	0	0	0	0	0	721	0	0	0	0	0	0	0	0	0	603	0	0	0	0	0	0	0	0	0	0	0	0	0	0	0	0	0
2518371	Nocardioides seonyuensis	0	33	0	0	0	0	0	0	94	0	0	0	0	0	0	0	0	0	0	0	0	0	0	0	0	0	0	0	0	0	0	0	0	0	0	0	2142	0	0	0	0	0	0	0	0	0	0	0	0	0	0	0	0	0	0	0	0	0	0	0	0	0	0	0
2518605	Segatella hominis	0	47	13	0	0	0	0	21	0	0	0	0	0	15	0	0	40	0	0	0	0	0	0	0	0	0	0	0	0	0	0	0	0	0	0	0	0	0	166	0	0	17	0	0	0	0	0	0	0	0	0	0	0	0	0	0	26	0	0	0	0	0	0	0
2518971	Duncaniella dubosii	0	0	0	0	0	0	0	0	0	0	0	0	0	0	0	0	0	0	0	0	0	0	0	0	0	0	0	0	0	0	0	0	0	0	0	0	0	0	1690	0	0	0	0	0	0	0	0	0	0	0	0	0	0	0	27	0	0	0	0	0	0	0	0	0
2518989	Aequoribacter fuscus	0	0	0	0	0	0	0	0	0	0	0	0	0	0	0	0	0	0	0	0	0	0	0	0	0	0	0	0	0	0	0	0	0	0	0	0	0	0	0	0	0	0	0	0	0	0	0	0	0	0	15	0	0	0	0	0	0	0	0	0	0	0	0	0
2528022	Botrimarina mediterranea	0	0	0	0	0	0	0	0	0	0	0	0	0	0	0	0	0	0	16	0	0	0	0	0	0	0	0	0	0	0	0	0	0	0	0	0	0	0	0	0	0	12	0	0	0	0	0	0	0	0	0	0	0	0	0	0	0	0	0	0	0	0	0	0
2528026	Maioricimonas rarisocia	0	0	0	0	0	0	0	0	0	0	0	0	0	0	0	0	0	30	30	0	0	0	0	0	0	0	0	0	0	0	0	0	0	0	0	0	0	0	0	0	0	12	0	0	0	0	0	0	0	0	0	0	0	0	0	0	0	0	0	0	0	0	0	0
2528037	Eikenella exigua	0	17	28	0	0	33	0	84	0	1098	15	0	39	0	0	0	64	0	0	0	199	0	0	0	0	22	0	37	0	0	20	0	79	0	31	0	59	0	0	0	0	19	0	0	0	0	0	17	0	210	0	33	13	170	253	0	67	0	141	0	12	0	0	0
2528203	Bacteroides sp. A1C1	0	204	0	0	0	0	0	257	0	1125	0	0	0	0	0	0	360	0	0	0	0	0	0	0	0	0	0	0	0	0	0	0	0	0	0	0	0	0	697	0	0	0	0	0	0	0	0	152	0	0	0	0	0	79	0	0	361	0	0	0	0	0	0	0
2528642	Lichenihabitans psoromatis	0	0	13	0	0	0	0	0	0	0	0	0	0	17	11	0	0	0	0	0	0	0	0	0	0	0	0	0	0	0	0	0	0	0	0	0	0	0	0	0	0	0	0	0	0	0	0	0	0	0	0	0	0	0	0	0	0	0	0	0	0	0	0	0
2528964	Xanthobacter dioxanivorans	31	0	0	0	0	0	0	290	0	0	0	0	0	142	101	0	0	0	0	0	0	20	0	0	0	0	0	0	0	0	0	0	0	0	0	0	0	0	0	0	0	0	0	0	0	0	0	0	0	0	0	0	0	0	0	0	0	0	0	0	0	521	41	0
2530390	Muribaculum gordoncarteri	0	0	0	0	0	0	0	0	0	0	0	0	0	0	0	0	0	0	0	0	0	0	0	0	0	0	0	0	0	0	0	0	0	0	0	0	0	0	1808	0	0	0	0	0	0	0	0	0	0	0	0	0	0	0	18	0	0	0	0	0	0	0	0	0
2541726	Microbacterium wangchenii	0	0	0	15	0	0	0	0	0	0	0	0	0	0	0	0	0	0	0	0	0	0	0	0	0	75	0	0	0	0	0	0	0	0	0	0	0	0	0	0	0	0	22	0	0	0	0	0	0	0	0	0	0	0	0	0	0	0	0	0	0	0	0	0
2545632	Rheinheimera sp. D18	0	0	0	0	0	0	0	0	0	0	0	31	0	0	0	0	0	0	0	0	0	0	0	0	0	29	0	0	0	0	0	0	0	0	0	0	0	0	0	0	0	0	0	0	0	0	0	0	0	0	0	0	0	0	0	0	0	0	0	0	0	24	0	0
2545709	Schizosaccharomyces osmophilus	0	0	0	0	0	0	0	0	0	0	0	0	0	0	0	0	0	720	598	0	0	0	0	0	0	0	0	0	0	0	0	0	0	0	0	0	0	0	0	0	0	0	0	0	0	0	0	0	0	0	0	0	0	0	0	0	0	0	0	0	0	0	0	0
2545799	Capnocytophaga sp. FDAARGOS_737	18	362	575	70	155	1442	0	560	246	20268	225	44	626	0	253	65	1826	0	25	23	6584	0	0	0	0	1215	0	1001	143	0	309	36	693	0	468	18	859	0	60	34	0	630	0	0	130	40	0	254	31	498	41	337	156	1526	116	42	349	0	1061	0	2731	0	44	0
2546351	Thermaerobacter sp. FW80	0	0	0	0	0	0	0	0	0	0	0	0	0	0	0	0	0	0	10	0	0	0	0	0	0	0	0	0	0	0	0	0	0	0	0	0	0	0	0	0	0	0	0	0	0	0	0	0	0	0	0	0	0	0	0	0	0	0	0	0	0	0	0	0
2547601	Porphyrobacter sp. YT40	0	0	180	0	0	0	0	166	0	63	0	0	0	295	99	0	0	0	0	0	0	0	0	0	0	0	0	0	0	0	0	0	0	68	0	0	265	0	0	0	0	0	0	0	0	0	0	0	0	53	0	0	0	0	0	0	0	0	0	0	0	0	0	0
2547962	Erwinia sp. QL-Z3	0	0	0	0	0	0	0	0	0	0	0	0	85	0	0	0	0	0	0	0	0	0	0	0	0	0	0	0	0	0	0	0	0	0	0	0	0	0	0	0	0	0	0	0	0	0	0	0	0	0	0	0	0	0	0	0	0	0	0	0	0	0	0	0
2558918	Nocardioides cynanchi	0	0	0	0	0	0	0	0	0	0	0	0	0	0	0	0	0	0	0	0	0	0	0	0	0	0	0	0	0	0	0	0	0	0	0	0	225	0	0	0	0	0	0	0	0	0	140	0	0	0	0	0	0	0	0	0	0	0	0	0	0	0	0	0
2559073	Cutibacterium modestum	7671	2873866	544191	2751	1587	11178	616	7680	1560	12001	53905	691	6313	417	7543	1139	10943	17	286	1865	6777	10857907	3210	52	854	7254	454	21285	6515	836	13762	677	13873	2782	14470	692	9867	694	3607	54893	502	14242	844	562	57916	7687	720	7593	90618	61583	2441	11838	4901	11903	2689105	281	10984	609	6125	43811	885726	12361	346855	269749
2560010	Actinomyces procaprae	0	0	0	0	0	0	0	0	0	0	0	0	0	0	0	0	0	0	0	0	0	0	0	0	0	0	0	15	0	0	0	0	0	0	0	0	49	0	0	0	0	13	0	0	0	0	0	0	0	0	0	0	0	15	0	0	0	0	11	0	0	0	0	0
2560053	Paracoccus liaowanqingii	0	22	0	0	0	0	0	0	25	0	0	0	0	0	0	0	0	0	0	0	0	0	0	0	0	91	0	0	0	0	0	0	0	0	0	0	0	0	0	0	0	0	0	0	0	0	0	0	0	0	0	0	0	0	0	0	0	0	0	0	0	0	0	0
2560058	Brevundimonas sp. Bb-A	0	0	0	0	0	0	0	0	0	0	0	0	0	0	0	0	0	0	0	0	0	0	0	0	0	0	0	0	0	0	0	0	0	0	0	0	0	0	0	0	0	0	0	0	0	0	0	0	0	0	0	0	41	0	0	0	0	0	0	0	0	0	0	0
2561924	Brevundimonas sp. MF30-B	0	42	32	0	0	0	0	0	0	0	0	0	0	0	0	0	0	0	0	0	0	0	0	0	0	0	0	0	0	0	0	0	0	0	28	0	0	0	0	0	0	0	0	0	0	0	0	0	0	0	0	0	0	0	0	0	0	0	0	0	0	0	0	84
2562284	Pseudolabrys sp. FHR47	0	0	60	0	0	0	0	0	0	0	0	0	0	12	0	0	0	0	0	0	0	0	0	0	0	0	0	0	0	0	0	0	0	0	0	0	0	0	0	0	0	0	0	0	0	0	27	0	0	0	0	0	0	0	0	0	0	0	0	0	0	0	0	0
2562582	Brevundimonas sp. 'scallop'	0	0	0	0	0	0	0	0	0	0	0	0	0	0	0	0	0	0	0	0	0	0	0	0	0	0	0	0	0	0	0	0	0	0	0	0	0	0	0	0	0	0	0	0	0	0	0	0	0	0	0	0	33	0	0	0	0	0	0	0	0	0	0	0
2563662	Treponema sp. OMZ 906	0	0	0	0	0	84	0	350	0	279	0	0	0	0	0	0	0	0	0	0	136	0	0	0	0	0	0	0	0	0	39	0	109	0	67	0	1017	0	0	0	0	0	0	0	0	0	0	0	0	0	0	0	0	0	0	0	76	0	0	0	0	0	0	0
2563664	Treponema sp. OMZ 788	0	0	0	0	0	0	0	0	0	0	0	0	0	0	0	0	0	0	0	0	0	0	0	0	0	0	0	0	0	0	0	0	0	0	0	0	0	0	17	0	0	0	0	0	0	0	0	0	0	0	0	0	0	0	0	0	0	0	0	0	0	0	0	0
2563897	Acinetobacter sp. 10FS3-1	0	0	0	0	0	0	0	0	0	0	0	0	0	0	0	0	0	0	0	0	0	0	0	0	0	18	0	0	0	0	0	0	0	0	0	0	0	0	0	0	0	0	0	0	0	0	0	0	0	0	0	0	0	0	0	0	0	0	0	0	0	0	0	0
2564099	Ruminococcus bovis	0	22	0	0	0	171	0	12	0	20	0	0	0	0	0	0	75	0	0	0	0	0	0	0	0	0	0	0	0	0	0	0	0	0	0	0	13	0	366	0	0	15	0	0	0	0	0	0	0	0	0	0	0	0	11	0	33	0	0	24	179	0	0	0
2565368	Pseudomonas atacamensis	0	54	32	0	0	0	293	0	0	0	0	622	1759	0	0	0	0	0	0	0	0	0	0	0	0	29	0	39	0	0	302	0	0	0	584	0	81	0	0	0	0	1635	0	0	33	0	0	0	0	0	0	95	0	0	0	0	0	0	0	0	0	0	0	0
2565554	Sphingobium sp. PAMC28499	0	0	0	0	0	0	0	27	0	0	0	0	0	70	0	0	0	0	0	0	0	0	0	0	0	0	0	0	0	0	0	0	0	0	0	0	0	0	0	0	0	0	0	0	0	0	0	0	0	0	0	0	0	0	0	0	0	0	0	0	116	0	0	0
2565555	Sphingomonas sp. PAMC26645	0	33	27	0	0	0	0	20	0	0	0	0	0	0	0	0	0	0	0	0	0	0	0	0	0	30	0	0	0	0	0	0	0	0	0	0	18	0	0	0	0	0	0	0	0	0	0	0	0	0	0	0	0	0	0	0	0	0	0	0	0	0	0	0
2565559	Stenotrophomonas sp. PAMC25021	0	0	0	0	0	0	0	0	0	0	0	0	0	0	0	0	0	0	0	0	0	0	0	0	0	0	0	0	2067	0	0	0	0	0	79	0	0	0	0	0	0	0	0	0	0	0	0	0	0	0	0	180	0	0	0	0	0	0	0	0	0	0	0	0
2565782	Luteimonas yindakuii	0	0	0	0	0	0	0	0	0	0	0	0	0	0	0	0	0	0	0	0	0	0	0	0	0	0	0	0	0	0	0	0	0	0	0	0	0	0	0	0	0	0	0	0	0	0	0	45	0	0	0	0	0	0	0	0	0	0	0	0	0	0	0	0
2565914	Enterobacter sp. 18A13	0	0	0	0	0	0	0	0	0	0	0	0	71	0	0	0	0	0	0	0	0	0	0	0	0	0	0	0	0	0	0	0	0	0	0	0	0	0	0	0	0	0	0	0	0	0	0	0	0	0	0	0	0	0	0	0	0	0	0	0	0	0	0	0
2566013	Cellulomonas shaoxiangyii	0	0	0	0	0	0	0	0	0	0	0	0	0	0	0	0	0	0	0	0	0	0	0	0	0	0	0	0	0	0	0	0	0	0	0	0	0	0	0	0	0	0	0	0	0	0	55	0	0	0	0	0	0	0	0	0	0	0	0	0	0	0	0	0
2567881	Citricoccus sp. SGAir0253	0	0	0	0	0	0	0	0	16	0	0	0	0	0	0	0	0	0	0	0	0	0	0	0	0	0	0	0	0	0	0	0	0	0	0	0	31	0	0	0	0	0	0	0	0	0	0	0	0	0	0	0	0	0	0	0	0	0	0	0	0	275	0	0
2567934	Microbacterium sp. 4R-513	0	0	0	0	0	0	0	0	0	0	0	0	0	0	0	0	0	0	0	0	0	0	0	0	0	52	0	0	0	0	0	0	0	0	0	0	219	0	0	0	0	0	0	0	0	0	0	0	0	0	0	0	0	0	0	0	0	0	0	0	0	0	0	0
2567941	Metabacillus sediminilitoris	0	0	16	0	0	0	0	0	0	0	0	0	0	0	0	0	0	0	0	0	0	0	0	0	0	0	0	0	0	0	0	0	0	0	0	0	0	0	0	0	0	0	0	0	0	0	0	0	0	0	0	0	0	0	0	0	0	0	0	0	0	0	0	0
2570229	Phreatobacter aquaticus	0	0	0	0	0	0	0	114	0	0	0	0	0	31	26	0	0	0	0	0	0	0	0	0	0	0	0	0	0	0	0	0	0	0	0	0	0	0	0	0	0	0	0	0	0	0	0	0	0	0	0	0	0	0	0	0	0	0	0	0	0	0	0	0
2571029	Brachybacterium sp. SGAir0954	0	0	0	0	0	0	0	0	0	0	0	0	0	0	0	0	0	0	0	0	0	0	0	0	0	0	0	0	0	0	0	0	0	0	0	0	0	0	0	0	0	0	0	0	0	0	2300	0	0	0	0	0	0	0	0	0	0	0	0	0	0	0	0	0
2571115	Pseudoxanthomonas sp. X-1	0	0	31	0	0	0	0	69	0	43	0	0	0	0	0	0	0	0	0	0	0	0	0	0	0	0	0	0	0	0	0	0	0	0	0	0	0	0	0	0	0	0	0	38	0	0	0	553	0	28	0	0	0	0	0	0	0	0	0	0	0	0	0	0
2571156	Leuconostoc sp. LN180020	0	0	0	0	0	0	0	0	0	0	0	0	154	0	0	0	0	0	0	0	0	474	0	0	0	0	0	0	0	0	0	0	0	0	0	0	0	0	0	0	0	0	0	0	0	0	0	0	0	0	0	0	0	0	0	0	0	0	0	0	0	0	0	0
2571748	Paraburkholderia acidisoli	0	0	0	0	0	0	0	0	0	0	0	0	0	0	18	0	0	0	0	0	0	0	0	0	0	0	0	0	0	0	0	0	0	0	0	0	0	0	0	0	0	0	0	0	0	0	0	0	0	0	0	0	0	0	0	0	0	0	0	0	0	0	0	0
2571749	Novosphingobium sp. EMRT-2	0	122	75	0	0	0	0	0	0	30	0	0	0	0	0	0	0	0	0	0	0	0	0	0	0	92	0	203	0	0	54	0	122	0	67	0	151	0	135	0	0	102	0	0	0	0	0	0	0	0	0	0	32	72	0	0	0	0	37	0	0	0	0	0
2572088	Candidatus Nanosynbacter featherlites	27	64	252	49	25	440	0	181	28	1185	61	0	376	0	82	0	459	0	0	0	71	0	10	0	0	854	0	680	48	0	127	0	268	0	437	167	2623	0	28	0	0	319	0	0	38	32	0	49	10	409	0	145	55	201	10	0	587	80	1728	0	237	39	121	0
2575375	Pantoea sp. SO10	0	0	0	0	0	0	0	0	0	0	0	0	0	0	0	0	0	0	0	0	11	0	0	0	0	0	0	0	0	0	0	0	0	0	0	0	0	0	0	0	0	0	0	0	0	0	0	0	0	0	0	0	0	0	0	0	0	0	0	0	0	0	0	0
2575440	Nocardioides jishulii	0	0	0	0	0	0	0	0	0	0	0	0	0	0	0	0	0	0	0	0	0	0	0	0	0	0	0	0	0	0	0	0	0	0	0	0	287	0	0	0	0	0	0	0	0	0	0	0	0	0	0	0	0	0	0	0	0	0	0	0	0	0	0	0
2575923	Brevibacterium sp. CS2	0	40	39	0	0	967	0	224	0	47	0	47	18	0	60	98	57	0	37	0	0	38	11	0	0	34	0	364	0	26	51	0	15	0	34	0	203	0	0	0	0	25	0	15	0	0	0	49	0	27	0	0	37	84	0	0	13	0	16	0	0	0	0	0
2576376	Streptococcus sp. 1643	0	1127	1972	138	129	296	0	33407	55	805	1698	0	2479	0	152	60	461	0	0	33	4376	0	83	0	0	650	0	789	814	0	227	0	773	0	828	275	2963	0	57	47	0	601	0	0	208	64	0	68	100	3912	198	392	147	406	8117	0	159	61	941	0	254	0	882	42
2576756	Caproicibacter fermentans	0	0	0	0	0	0	0	0	0	0	0	0	0	0	0	0	0	0	20	0	0	0	0	0	0	0	0	0	0	0	0	0	0	0	0	0	0	0	81	0	0	0	0	0	0	0	0	0	0	0	0	0	0	0	0	0	0	0	0	0	0	0	0	0
2576760	Pantoea sp. Nvir	0	0	0	0	0	0	0	0	0	0	0	0	0	0	0	0	0	0	0	0	34	0	0	0	0	0	0	0	0	0	0	0	0	0	0	0	0	0	0	0	0	0	0	0	0	0	0	0	0	0	0	0	0	0	0	0	0	0	0	0	0	0	0	0
2576902	Nostoc sp. C052	0	0	0	0	0	0	0	0	0	0	0	0	0	0	0	0	0	0	0	0	0	0	0	0	0	0	0	0	0	0	0	0	0	0	0	0	0	0	0	0	0	0	0	0	0	0	0	148	0	0	0	0	0	0	0	0	0	0	0	0	0	0	0	151
2578107	Arthrobacter sp. KBS0702	0	0	0	0	0	0	0	0	0	0	0	0	0	0	0	0	0	0	0	0	0	0	0	0	0	0	0	0	0	0	0	0	0	0	0	0	36	0	0	0	0	0	0	0	0	0	0	0	0	0	0	0	0	0	0	0	0	0	0	0	0	0	0	0
2579971	Paroceanicella profunda	0	0	0	0	0	0	0	115	0	0	0	0	0	339	191	0	0	0	0	0	0	0	0	0	0	0	0	0	0	0	0	0	0	0	0	0	0	0	0	0	0	0	0	0	0	0	0	38	0	0	0	0	0	0	0	0	0	0	0	0	0	0	0	0
2579977	Brevundimonas sp. SGAir0440	0	0	0	0	0	0	0	0	0	0	0	0	0	0	0	0	0	0	0	0	0	0	0	0	0	0	0	0	0	0	0	0	0	0	0	0	0	0	0	0	0	0	0	0	0	0	153	0	0	0	35	0	0	0	0	0	0	0	0	0	0	0	0	0
2582905	Nocardioides sp. S-1144	0	57	0	0	0	0	0	0	0	0	0	0	0	0	0	0	0	0	0	0	0	0	0	0	0	0	0	0	0	0	0	0	0	0	0	0	767	0	0	0	0	0	0	0	0	0	333	0	0	0	0	0	0	0	0	0	0	0	0	0	0	0	0	0
2583377	Saccharibacillus brassicae	0	0	0	0	0	0	0	0	0	0	0	0	0	0	0	0	0	25	0	0	0	0	0	0	0	0	0	0	0	0	0	0	0	0	0	0	0	0	0	0	0	0	0	0	0	0	0	0	0	0	0	0	0	0	0	0	0	0	0	0	0	0	0	0
2583452	Amedibacterium intestinale	0	61	0	0	0	0	0	36	0	130	0	0	0	0	0	0	97	0	0	0	0	0	0	0	0	0	0	0	0	0	0	0	0	0	12	0	0	0	1522	0	0	0	0	0	0	0	0	15	0	0	0	0	0	0	19	0	44	0	0	0	0	0	0	0
2583532	Martelella lutilitoris	0	0	0	0	0	0	0	0	0	0	0	0	0	0	0	0	0	0	0	0	0	0	0	0	0	0	0	0	0	0	0	0	0	0	0	0	0	0	0	0	0	0	16	0	0	0	74	0	0	0	0	0	0	0	0	0	0	0	0	0	0	0	0	0
2583584	Streptococcus sp. NCTC 11567	0	0	0	0	0	0	0	0	0	0	0	0	0	0	0	0	0	0	0	0	0	0	0	0	0	0	0	0	0	0	0	0	0	0	0	0	0	0	225	0	0	0	0	0	0	0	0	0	0	0	0	0	0	0	403	0	0	0	0	0	0	0	0	0
2583822	Plantibacter sp. M259	0	0	0	1179	0	0	0	0	0	0	0	0	0	0	0	0	0	0	0	0	0	0	0	0	0	862	0	0	0	0	0	0	0	0	0	0	289	0	0	0	0	0	2047	0	0	0	0	0	0	0	0	0	0	0	0	0	0	0	0	0	0	0	0	0
2583989	Staphylococcus sp. 17KM0847	0	34	25	0	0	0	0	0	0	0	0	0	0	0	0	0	0	0	0	0	0	0	0	0	0	0	0	0	0	0	0	0	0	0	0	0	198	0	15	0	0	17	0	0	16	0	0	0	0	0	0	0	0	0	0	0	12	0	0	0	0	0	0	0
2584466	Mesorhizobium sp. 8	0	0	0	0	0	0	0	0	0	0	0	0	0	0	19	0	0	0	0	0	0	0	0	0	0	0	0	0	0	0	0	0	0	0	0	0	0	0	0	0	0	0	0	0	0	0	0	0	0	0	0	0	0	0	0	0	0	0	0	0	0	0	0	0
2585118	Alistipes communis	0	390	65	0	0	89	0	687	0	1868	0	0	0	0	18	0	513	0	0	0	20	0	0	0	0	0	0	31	0	0	20	0	0	0	27	0	18	0	1478	0	0	20	0	0	0	0	21	274	0	0	0	30	15	54	205	18	231	0	51	0	34	0	0	0
2585119	Alistipes dispar	0	261	21	0	0	0	0	18	0	67	0	0	0	0	0	0	202	0	0	0	0	0	0	0	0	0	0	0	0	0	0	0	0	0	0	0	0	0	152	0	0	0	0	0	0	0	0	10	0	0	0	0	0	12	41	0	38	0	0	0	0	0	0	0
2585135	Georgenia wutianyii	0	0	0	0	0	0	0	0	0	0	0	0	0	0	0	0	0	0	15	0	0	0	0	0	0	0	0	0	0	0	0	0	55	0	0	0	32	0	0	0	0	0	0	0	0	0	0	0	0	0	0	0	0	0	0	0	0	0	0	0	0	0	0	0
2585717	Agromyces laixinhei	0	0	0	0	0	0	0	0	0	0	0	0	0	0	0	0	0	0	0	0	0	0	0	0	0	14	0	0	0	0	0	0	0	0	0	0	184	0	0	0	0	0	0	0	0	0	0	0	0	0	0	0	0	0	0	0	0	0	0	0	0	0	0	0
2587410	Thermothielavioides terrestris	0	0	0	251	199	173	0	0	0	0	0	0	0	0	0	0	0	1627	1915	0	0	0	0	0	0	0	0	37	0	0	0	0	26	0	0	0	0	0	0	0	0	326	429	0	0	0	0	0	0	0	0	0	0	0	0	0	0	0	0	0	0	0	0	0
2587529	Klebsiella pasteurii	0	0	0	0	0	0	0	0	0	0	0	0	33	0	0	0	0	0	0	0	0	0	0	0	0	0	0	0	0	0	0	0	0	0	0	0	0	0	0	0	0	0	0	0	0	0	0	0	0	0	0	0	0	0	0	0	0	0	0	0	0	0	0	0
2587597	Pseudomonas sp. SWI7	0	4340	3344	0	0	506	0	3623	0	1390	1107	0	90	0	186	0	545	0	0	0	226	0	0	0	0	0	0	1195	225	0	2638	0	3486	0	609	0	3226	0	0	0	0	1361	0	0	631	0	0	1519	271	8299	0	2335	568	1731	207	0	136	0	1731	0	218	0	0	0
2587808	Cellulosimicrobium protaetiae	0	0	0	0	0	0	0	0	0	0	0	0	0	0	0	0	0	0	0	0	0	0	0	0	0	0	0	0	0	0	0	0	0	0	0	0	35	0	0	0	0	0	0	0	0	0	0	0	0	0	0	0	0	0	0	0	0	0	0	0	0	0	0	0
2588711	Pelagovum pacificum	0	0	0	0	0	0	0	0	0	0	0	0	0	0	0	0	0	0	0	0	0	0	0	0	0	0	0	0	0	0	0	0	0	0	0	0	0	0	0	0	0	0	0	0	0	0	0	102	0	0	0	0	41	0	0	0	0	0	0	0	0	0	0	0
2589074	Nocardioides sambongensis	0	22	0	0	0	0	0	0	0	0	0	0	0	0	0	0	0	0	0	0	0	0	0	0	0	0	0	0	0	0	0	0	0	0	0	0	267	0	0	0	0	0	0	0	0	0	111	0	0	0	0	0	0	0	0	0	0	0	0	0	0	0	0	0
2589076	Paracoccus sp. AK26	0	593	243	0	0	0	0	27	0	0	0	0	0	0	0	0	52	0	0	0	0	0	0	0	0	0	0	193	0	0	13	0	72	0	0	0	46	0	0	0	0	0	0	0	22	22	0	0	0	0	214	80	0	31	0	0	0	0	0	0	0	0	31	0
2589797	Georgenia yuyongxinii	0	0	0	0	0	0	0	0	0	0	0	0	0	0	0	0	0	0	0	0	0	0	0	0	0	0	0	0	0	0	0	0	0	0	0	0	36	0	0	0	0	0	0	0	0	0	0	0	0	0	0	0	0	0	0	0	0	0	0	0	0	0	0	0
2589974	Mesorhizobium sp. B2-1-1	0	0	0	0	0	0	0	0	0	0	0	0	0	17	0	0	0	0	0	0	0	0	0	0	0	0	0	0	0	0	0	0	0	0	0	0	0	0	0	0	0	0	0	0	0	0	0	0	0	0	0	0	0	0	0	0	0	0	0	0	0	0	0	0
2589976	Mesorhizobium sp. B1-1-8	0	0	0	0	0	0	0	0	0	0	0	0	0	172	120	0	0	0	0	0	0	0	0	0	0	0	0	0	0	0	0	0	0	0	0	0	0	0	0	0	0	0	0	0	0	0	0	0	0	0	0	0	0	0	0	0	0	0	0	0	0	0	0	0
2590772	Bradyrhizobium sp. I71	0	0	0	0	388	255	0	100	254	0	0	0	0	499	0	0	0	0	0	0	0	0	0	0	0	0	0	0	0	387	146	0	166	626	107	0	0	0	227	0	0	0	0	0	0	0	252	0	0	0	0	0	0	0	0	0	0	0	0	0	0	0	0	0
2590776	Pseudomonas sp. NIBRBAC000502773	0	0	0	0	0	0	0	0	0	60	0	0	106	0	0	0	78	0	0	0	0	0	0	0	0	0	0	0	0	0	0	0	28	0	0	0	0	0	0	0	0	0	0	0	0	0	0	0	0	0	0	0	0	0	0	0	0	0	0	0	0	0	0	0
2591145	Cellulomonas sp. Y8	0	0	0	0	0	0	0	0	0	0	0	0	0	0	0	0	0	0	0	0	0	0	17	0	143	129	0	25	27	0	13	0	33	16	30	0	115	0	0	0	0	22	0	0	0	0	84724	279	19	0	0	214	0	0	0	0	0	0	244	0	0	0	0	0
2591463	Brevundimonas sp. M20	0	0	0	0	0	0	0	0	0	0	0	0	0	0	0	0	0	0	0	0	0	20	26	0	0	0	0	0	0	0	0	0	0	0	0	0	0	0	0	0	0	0	0	0	0	0	0	0	0	0	0	34	0	0	0	0	0	0	0	0	0	0	0	0
2592334	Nocardioides sp. JQ2195	0	0	0	0	0	0	0	0	0	0	0	0	0	0	0	0	0	0	0	0	0	0	0	0	0	0	0	0	0	0	0	0	0	0	0	0	230	0	0	0	0	0	0	0	0	0	69	0	0	0	0	0	0	0	0	0	0	0	0	0	0	0	0	0
2592345	Olivibacter sp. LS-1	0	0	0	0	0	0	0	0	0	0	0	0	0	0	0	0	0	0	0	0	0	0	0	0	55	143	0	11	0	0	0	0	0	0	0	0	0	0	0	0	0	0	0	0	0	0	0	0	0	0	0	10	0	0	0	0	0	0	0	0	0	0	0	0
2592652	Agromyces intestinalis	0	0	0	0	0	0	0	0	0	0	0	0	0	0	0	0	0	0	0	0	0	0	0	0	0	78	0	0	0	0	0	0	0	0	0	0	750	0	0	0	0	0	0	0	0	0	0	0	0	0	0	0	0	0	0	0	0	0	0	0	0	0	0	0
2592653	Lactococcus protaetiae	0	0	0	0	0	0	0	0	0	101	0	0	0	0	0	0	0	0	0	0	0	0	0	0	0	0	0	0	0	0	0	0	0	0	0	0	0	0	0	0	0	0	0	0	0	0	0	0	0	0	0	0	0	0	0	0	0	0	0	0	0	0	0	0
2592654	Protaetiibacter larvae	0	45	0	0	0	0	0	0	0	0	0	0	0	0	0	0	0	0	0	0	0	0	0	0	0	12	0	0	0	0	0	0	0	0	0	0	924	0	0	0	0	0	0	0	0	0	0	0	0	0	0	0	0	0	0	0	0	0	0	0	0	0	0	0
2593653	Kaustia mangrovi	0	0	0	0	0	0	0	0	0	0	0	0	0	10	12	0	0	0	0	0	0	0	0	0	0	0	0	0	0	0	0	0	0	0	0	0	0	0	0	0	0	0	0	0	0	0	0	0	0	0	0	0	0	0	0	0	0	0	0	0	0	0	0	0
2594003	Ferrovibrio terrae	0	0	0	0	0	0	0	0	0	0	0	0	0	22	0	0	0	0	0	0	0	0	0	0	0	0	0	0	0	0	0	0	17	0	0	0	0	0	0	0	0	0	0	0	0	0	0	0	0	0	0	0	0	0	0	0	0	0	0	0	0	0	0	0
2594265	Ornithinimicrobium ciconiae	0	0	0	0	0	0	0	0	0	0	0	0	0	0	0	0	0	0	0	0	0	0	0	0	0	233	0	0	0	0	0	0	0	0	0	0	27	0	0	0	0	0	0	0	0	0	0	0	0	0	0	0	0	0	0	0	0	0	0	0	0	0	0	0
2594913	Corynebacterium sanguinis	0	38	50	0	0	320	0	220	0	94	0	0	0	0	85	0	97	0	0	0	35	0	202	0	0	0	0	695	0	0	78	0	46	0	52	0	200	0	75	0	0	203	0	0	55	477	0	114	0	0	0	139	496	679	119	0	86	0	283	0	0	0	0	0
2596828	Microlunatus elymi	0	0	0	0	0	0	0	0	0	0	0	0	0	0	0	0	0	0	0	0	0	0	0	0	0	0	0	0	0	0	0	0	0	0	0	0	15	0	0	0	0	0	0	0	0	0	0	0	0	0	0	0	0	0	0	0	0	0	0	0	0	0	0	0
2596890	Candidatus Uabimicrobium amorphum	0	0	0	0	29	53	0	0	0	0	0	0	0	0	0	0	0	0	0	0	0	0	0	0	0	0	0	0	0	0	0	0	0	0	0	0	0	0	0	0	0	0	0	0	0	0	0	0	0	0	0	0	0	0	0	0	0	0	0	0	0	0	0	0
2596912	Glaciihabitans sp. INWT7	0	0	0	0	0	0	0	0	0	0	0	0	0	0	0	0	0	0	0	0	0	0	0	0	0	0	0	0	0	0	0	0	0	0	0	0	98	0	0	0	0	0	0	0	0	0	0	0	0	0	0	0	0	0	0	0	0	0	0	0	0	0	0	0
2596913	Sphingomonas sp. NBWT7	0	81	87	32	0	0	0	0	0	42	0	0	0	40	0	0	0	0	0	0	0	0	0	0	0	119	0	0	24	0	0	0	0	0	14	0	1294	0	0	0	0	0	26	0	0	0	0	0	0	18	0	0	0	0	0	0	0	0	0	0	0	0	0	0
2596916	Frigoribacterium sp. NBH87	0	66	0	0	0	0	0	0	0	0	0	0	0	0	0	0	0	0	0	0	0	0	0	0	0	19	0	0	0	0	0	0	0	0	0	0	1543	0	0	0	0	0	0	77	0	0	0	0	0	0	0	0	0	0	0	0	0	0	0	0	0	0	0	0
2597659	Gordonia zhaorongruii	0	0	0	0	0	0	0	0	0	0	0	0	0	0	0	0	0	0	0	0	0	0	0	0	0	0	0	0	0	0	0	0	0	0	0	0	0	0	0	0	0	0	0	0	0	0	0	0	0	21	0	0	0	0	0	0	0	0	0	0	0	0	0	0
2597770	Pseudomonas sp. BJP69	0	0	0	0	0	0	0	631	0	0	0	0	0	0	0	0	0	0	0	0	0	0	0	0	0	0	0	0	0	0	0	0	0	0	0	0	0	0	0	0	0	0	0	0	0	0	0	0	0	0	0	0	0	0	0	0	0	0	0	0	0	0	0	0
2598453	Streptococcus sp. 116-D4	419	1165	2850	179	386	733	0	1663	53	771	2478	47	2801	0	106	46	829	0	31	13	198	20	0	0	0	787	18	2226	1655	22	523	0	913	27	2337	30	760	29	230	64	0	905	22	0	369	96	34	304	50	1379	72	767	138	549	830	17	263	14	800	31	439	19	1445	0
2598457	Streptococcus sp. KS 6	0	0	378	0	0	107	0	28	0	0	379	0	64	0	0	0	0	0	0	0	0	0	0	0	0	53	0	307	31	0	0	0	0	0	66	0	44	0	0	74	0	43	0	0	0	0	0	0	0	107	0	0	0	0	0	0	187	0	48	0	0	0	0	0
2598861	Shouchella miscanthi	0	0	0	0	0	0	0	0	0	0	0	0	0	0	0	0	0	0	0	0	0	0	0	0	0	0	0	0	0	0	0	0	0	0	39	0	0	0	0	0	0	0	0	0	0	0	0	0	0	0	0	0	0	0	0	0	0	0	0	0	0	0	0	0
2599293	Humibacter ginsenosidimutans	0	0	0	11	0	0	0	0	0	0	0	0	0	0	0	0	0	0	0	0	0	0	0	0	0	31	0	0	0	0	0	0	0	0	0	0	1249	0	0	0	0	0	0	0	0	0	0	0	0	0	0	0	0	0	0	0	0	0	0	0	0	0	0	0
2599297	Sphingomonas suaedae	0	0	12	0	0	0	0	0	0	0	0	0	0	0	0	0	0	0	0	0	0	0	0	0	0	0	0	0	11	0	0	0	0	0	0	0	44	0	0	0	0	0	0	0	0	0	140	0	0	0	0	0	0	0	0	0	0	0	0	0	0	0	0	0
2599307	Stenotrophomonas sp. SBJS02	0	0	0	0	0	0	0	0	0	0	0	0	0	0	0	0	0	0	0	0	0	0	0	0	0	777	0	393	0	0	589	0	841	0	6418	0	1649	0	3865	0	0	257	0	0	0	0	0	0	0	0	0	0	0	0	0	0	0	0	0	0	0	0	0	0
2599600	Nitratireductor mangrovi	0	0	0	0	0	0	0	0	0	0	0	0	0	109	55	0	0	0	0	0	0	0	0	0	0	0	0	0	0	0	0	0	0	0	0	0	0	0	0	0	0	0	0	0	0	0	0	0	0	0	0	0	0	0	0	0	0	0	0	0	0	0	0	0
2599640	Bosea sp. F3-2	0	0	0	0	0	0	0	34	0	0	0	0	0	28	22	0	0	0	0	0	0	0	0	0	0	0	0	0	0	0	0	0	0	0	0	0	0	0	0	0	0	0	0	0	0	0	0	67	0	0	0	0	69	0	0	0	0	0	0	0	0	0	0	0
2602016	Hypericibacter adhaerens	0	0	0	0	0	0	0	13	0	0	0	0	0	0	0	0	0	0	0	0	0	0	0	0	0	0	0	0	0	0	0	0	0	0	0	0	0	0	0	0	0	0	0	0	0	0	0	0	0	0	0	0	0	0	0	0	0	0	0	0	0	0	0	0
2603206	Ruania zhangjianzhongii	0	0	0	0	0	0	0	0	0	0	0	0	0	0	0	0	0	0	0	0	0	0	0	0	0	0	0	0	0	0	0	0	0	0	0	0	34	0	0	0	0	0	0	0	0	0	0	0	0	0	0	0	0	0	0	0	0	0	0	0	0	0	0	0
2603276	Methylobacterium sp. WL1	14	17	43	0	0	0	0	14	0	11	0	20	0	107143	70577	57	0	0	0	0	0	0	0	0	0	36	0	0	0	0	0	0	0	14	0	15	40	0	0	0	0	0	0	0	0	0	0	0	0	0	0	0	0	0	0	0	0	0	0	0	0	0	0	0
2603277	Rhizobium sp. WL3	0	0	0	0	0	0	0	0	0	0	0	0	0	70	43	0	0	0	0	0	0	0	0	0	0	0	0	0	0	0	0	0	0	0	0	0	0	0	0	0	0	0	0	0	0	0	51	0	0	0	0	0	0	0	0	0	0	0	0	0	0	0	0	0
2603292	Salinibacterium sp. dk2585	0	0	0	0	0	0	0	0	0	0	0	0	0	0	0	0	0	0	0	0	0	0	0	0	0	15	0	0	0	0	0	0	0	0	0	0	146	0	0	0	0	0	0	0	0	0	0	0	0	0	0	0	0	0	0	0	0	0	0	0	0	0	0	0
2603598	Microbacterium sp. CBA3102	0	0	0	89	0	0	0	0	0	0	0	0	0	0	0	0	0	0	0	0	0	0	0	0	0	857	0	0	0	0	0	0	0	0	76	0	0	0	0	0	0	0	61	0	0	0	0	0	0	0	0	0	0	0	0	0	0	0	0	0	0	0	0	0
2604047	Paraburkholderia dioscoreae	0	0	0	0	0	0	0	0	0	0	0	0	0	0	0	0	0	0	0	0	0	0	0	0	0	0	0	0	0	0	0	0	0	0	0	0	0	0	0	0	0	0	0	0	0	0	0	0	0	0	0	0	0	0	0	0	0	0	16	0	0	0	0	0
2604158	Nitratidesulfovibrio liaohensis	0	0	0	0	0	0	0	0	0	0	0	0	0	0	0	0	0	0	0	0	0	0	0	0	0	0	0	0	0	0	0	0	0	0	0	0	0	0	0	0	0	0	0	0	0	0	0	0	0	0	0	0	0	0	0	0	0	0	0	0	0	42	0	0
2605424	Pseudomonas sp. J380	0	38	0	0	0	0	0	0	0	0	0	0	0	0	0	0	0	0	0	0	0	0	0	0	0	0	0	0	0	0	155	0	0	0	0	0	94	0	0	0	0	98	0	0	0	0	0	108	0	0	624	0	0	0	0	0	0	0	0	0	0	0	0	0
2605989	Gimesia chilikensis	0	0	12	0	0	0	0	0	0	0	0	0	0	0	0	0	0	0	0	0	0	0	0	0	0	0	0	0	0	0	0	0	0	0	0	0	0	0	0	0	0	0	0	0	0	0	0	0	0	0	0	0	0	0	0	0	0	0	0	0	0	0	0	0
2606451	Microbacterium sp. 1S1	0	0	0	22	0	0	0	0	0	0	0	0	0	0	0	0	0	0	0	0	0	0	0	0	0	424	0	0	0	0	0	0	0	0	0	0	0	0	0	0	0	0	28	0	0	0	0	0	0	0	0	0	0	0	0	0	0	0	0	0	0	0	0	0
2606626	Sodaliphilus pleomorphus	0	0	0	0	0	0	0	0	0	0	0	0	0	0	0	0	0	0	0	0	0	0	0	0	0	0	0	0	0	0	0	0	0	0	0	0	0	0	42	0	0	0	0	0	0	0	0	0	0	0	0	0	0	0	0	0	0	0	0	0	0	0	0	0
2607662	Methanofervidicoccus sp. A16	0	0	0	15	0	0	0	0	0	0	0	0	0	0	0	0	0	0	0	0	0	0	0	0	0	0	0	0	0	0	0	0	0	0	0	0	0	0	0	0	0	0	15	0	0	0	0	0	0	0	0	0	0	0	0	0	0	0	0	0	0	0	0	0
2607663	Yersinia canariae	0	0	0	0	0	0	0	0	0	0	0	0	16	0	0	0	0	0	0	0	0	0	0	0	0	0	0	0	0	0	0	0	0	0	0	0	0	0	0	0	0	0	0	0	0	0	0	0	0	0	0	0	0	0	0	0	0	0	0	0	0	0	0	0
2608402	Cellulomonas palmilytica	0	0	0	0	0	0	0	0	0	0	0	0	0	0	0	0	0	0	0	0	0	0	0	0	0	0	0	0	0	0	0	0	0	0	0	0	0	0	0	0	0	0	0	0	0	0	55	0	0	0	0	0	0	0	0	0	0	0	0	0	0	0	0	0
2608999	Cupriavidus cauae	0	0	0	0	0	0	73	0	49	0	0	54	0	433	55	46	0	0	0	129	20	0	104	0	0	0	0	0	0	0	0	0	23	125	20	0	0	67	0	0	0	0	0	0	0	0	90	0	45	0	97	0	0	0	0	0	0	40	0	0	0	0	0	0
2609252	Rathayibacter sp. VKM Ac-2759	0	0	0	0	0	0	0	0	0	0	0	0	0	0	0	26	0	0	0	0	0	0	0	0	0	0	0	0	0	0	0	0	0	0	0	0	0	0	0	0	0	0	0	0	0	0	0	0	0	0	0	0	0	0	0	0	0	0	0	0	0	0	0	0
2609253	Rathayibacter sp. VKM Ac-2760	0	0	0	0	0	0	0	0	0	0	0	0	0	0	0	66	0	0	0	0	0	0	0	0	0	70	0	0	0	0	0	0	0	0	0	0	313	0	0	0	0	0	0	0	0	0	0	0	0	0	0	0	0	0	0	0	0	0	0	0	0	0	0	0
2609255	Rathayibacter sp. VKM Ac-2801	0	0	0	0	0	0	0	0	0	0	0	0	0	0	0	0	0	0	0	0	0	0	0	0	0	67	0	0	0	0	0	0	0	0	0	0	264	0	0	0	0	0	0	0	0	0	0	0	0	0	0	0	0	0	0	0	0	0	0	0	0	0	0	0
2609257	Rathayibacter sp. VKM Ac-2804	0	0	0	0	0	0	0	0	0	0	0	0	0	0	0	54	0	0	0	0	0	0	0	0	0	64	0	0	0	0	0	0	0	0	0	0	539	0	0	0	0	0	0	0	0	0	0	0	0	0	0	0	0	0	0	0	0	0	0	0	0	0	0	0
2610895	Flintibacter sp. KGMB00164	0	218	0	0	0	21	0	37	0	159	0	0	0	0	0	0	73	0	0	0	0	0	0	0	0	0	0	0	0	0	0	0	0	0	0	0	0	0	1520	0	0	0	0	0	0	0	0	37	0	0	0	0	0	0	24	0	91	0	0	0	0	0	0	0
2610896	Streptococcus sp. LPB0220	34	467	1024	58	97	170	72	203	326	820	4583	0	1794	0	115	22	120	0	0	59	466	46	54	0	40	145	60	3458	446	39	108	40	206	39	704	0	726	0	111	75	0	350	0	0	108	310	0	42	31	2710	138	220	75	229	8972	0	98	0	2139	0	108	49	668	40
2613334	Anoxybacillus sediminis	0	0	0	0	0	0	64	179	0	0	0	0	0	0	0	0	0	0	0	0	0	0	0	0	0	0	0	0	0	0	0	0	0	0	0	0	0	0	0	0	0	0	0	0	0	0	0	0	0	0	0	0	0	0	0	0	0	0	0	0	0	0	0	0
2613770	Rhizobium sp. BG4	0	0	0	0	0	0	0	0	0	0	0	0	0	46	21	0	0	0	0	0	0	0	0	0	0	0	0	0	0	0	0	0	0	0	0	0	0	0	0	0	0	0	0	0	0	0	0	0	0	0	0	0	0	0	0	0	0	0	0	0	0	0	0	0
2614538	Pseudomonas piscis	0	0	0	0	0	0	0	0	0	0	0	17	48	0	0	0	0	0	0	0	0	0	0	0	0	0	0	0	0	0	0	0	0	0	21	0	0	0	0	0	0	0	0	0	0	0	0	0	0	0	0	0	0	0	0	0	0	0	0	0	0	0	0	0
2614638	Microbacterium caowuchunii	0	0	0	0	0	0	0	0	0	0	0	0	0	0	0	0	0	0	0	0	0	0	0	0	0	29	0	0	0	0	0	0	0	0	0	0	0	0	0	0	0	0	0	0	0	0	0	0	0	0	0	0	0	0	0	0	0	0	0	0	0	0	0	0
2614639	Microbacterium lushaniae	0	0	0	0	0	0	0	0	0	0	0	0	0	0	0	0	0	0	0	0	0	0	0	0	0	44	0	0	0	0	0	0	0	0	0	0	0	0	0	0	0	0	10	0	0	0	0	0	0	0	0	0	0	0	0	0	0	0	0	0	0	0	0	0
2650157	Bacteroides zhangwenhongii	0	0	0	0	0	0	0	52	0	32	0	0	0	0	0	0	55	0	0	0	0	0	0	0	0	0	0	16	0	0	0	0	0	0	0	0	0	0	236	0	0	0	0	0	0	0	0	16	0	0	0	0	0	17	0	0	59	0	0	0	0	0	0	0
2650158	Bacteroides luhongzhouii	0	0	0	0	0	0	0	0	0	35	0	0	0	0	0	0	11	0	0	0	0	0	0	0	0	0	0	0	0	0	0	0	0	0	0	0	0	0	186	0	0	0	0	0	0	0	0	0	0	0	0	0	0	0	0	0	0	0	0	0	0	0	0	0
2651334	Microvirga thermotolerans	0	0	0	0	0	0	0	0	0	0	0	0	0	225	180	0	0	0	0	0	0	0	0	0	0	0	0	0	0	0	0	0	0	0	0	0	0	0	0	0	0	0	0	0	0	0	0	0	0	0	0	0	0	0	0	0	0	0	0	0	0	0	0	0
2653189	Chroococcidiopsis sp. CCNUC1	0	0	0	0	0	0	0	0	0	0	0	0	0	0	0	0	0	0	0	0	0	0	0	0	0	0	0	0	0	0	0	0	0	0	0	0	284	0	0	0	0	0	0	0	0	0	0	103	0	0	0	0	0	67	79	0	0	0	0	0	0	0	0	0
2653203	Sphingomonas sp. CL5.1	0	213	21	145	0	0	0	0	21	0	0	0	0	0	0	30	0	0	0	0	0	0	0	0	0	21	0	43	17	0	0	0	18	80	52	0	193	0	0	0	0	0	40	0	0	0	180	0	0	0	0	0	0	0	0	0	0	0	0	0	0	0	0	0
2653851	Rubrobacter tropicus	0	0	16	0	0	0	0	0	0	0	0	0	0	0	0	0	0	0	0	0	0	0	0	0	0	0	0	0	0	0	17	0	14	0	0	0	19	0	0	0	0	0	0	0	0	0	0	0	0	0	0	0	0	21	0	0	0	0	0	0	0	15	0	0
2653852	Rubrobacter marinus	0	0	0	0	0	0	0	0	0	0	11	0	0	0	14	0	0	0	0	0	0	0	0	0	0	0	0	0	0	0	0	0	32	0	0	63	63	0	0	0	0	0	0	0	0	0	0	0	0	0	0	0	0	0	0	0	0	0	0	0	0	0	0	0
2653857	Amycolatopsis sp. YIM 10	0	0	0	0	0	0	0	0	0	0	0	0	0	0	0	0	0	0	0	0	0	0	0	0	0	0	0	0	0	0	0	0	0	0	0	0	44	0	0	0	0	0	0	0	0	0	0	0	0	0	0	0	0	0	0	0	0	0	0	0	0	0	0	0
2654190	Arthrobacter sp. JZ12	0	0	0	0	0	0	0	0	0	0	0	0	0	0	0	0	0	0	0	0	0	0	0	0	0	0	0	0	0	0	0	0	0	0	0	0	17	0	0	0	0	0	0	0	0	0	0	0	0	0	0	0	0	0	0	0	0	0	0	0	0	0	0	0
2654191	Cellulomonas sp. JZ18	0	0	0	0	0	0	0	0	0	0	0	0	0	0	0	0	0	0	0	0	0	0	0	0	0	18	0	0	0	0	0	0	0	0	0	0	49	0	0	0	0	0	0	0	0	0	70	0	0	0	0	0	0	0	0	0	0	0	0	0	0	0	0	0
2654193	Microbacterium sp. JZ37	0	0	0	0	0	0	0	0	0	0	0	0	0	0	0	0	0	0	0	0	0	0	0	0	0	46	0	0	0	0	0	0	0	0	0	0	194	0	0	0	0	0	0	0	0	0	0	0	0	0	0	0	0	0	0	0	0	0	0	0	0	0	0	0
2654218	Dechloromonas sp. TW-R-39-2	0	0	0	0	0	0	0	0	0	0	0	0	0	0	0	0	0	0	0	0	0	0	0	0	0	0	0	0	0	0	0	0	0	0	0	0	0	0	0	0	0	0	0	0	14	0	0	0	0	0	0	0	0	0	0	0	0	0	0	0	0	0	0	0
2654547	Pseudactinotalea sp. HY158	0	0	0	0	0	0	0	0	0	0	0	0	0	0	0	0	0	0	0	0	0	0	0	0	0	0	0	0	0	0	0	0	0	0	0	0	20	0	0	0	0	0	0	0	0	0	0	0	0	0	0	0	0	0	0	0	0	0	0	0	0	0	0	0
2657486	Devosia beringensis	0	0	0	0	0	0	0	0	0	0	0	0	0	0	0	0	0	0	0	0	0	0	0	0	0	0	0	0	0	0	0	0	0	0	0	0	0	0	0	0	0	0	0	0	0	0	43	0	0	0	0	0	0	0	0	0	0	0	0	0	0	0	0	0
2660641	Pseudoduganella aquatica	0	0	28	0	0	0	0	0	0	0	0	0	0	0	0	0	0	0	0	0	0	0	0	0	0	0	0	0	0	0	0	0	0	0	0	0	0	0	0	0	0	0	0	0	0	0	0	0	0	0	0	0	0	0	0	0	0	0	0	0	0	0	0	0
2662028	Aeromicrobium yanjiei	0	0	0	0	0	0	0	0	0	0	0	0	0	0	0	68	0	0	0	0	0	0	0	0	0	0	0	0	0	0	0	0	0	0	0	0	33	0	0	0	0	0	0	0	0	0	364	0	0	0	0	0	0	0	0	0	0	0	0	0	0	0	0	0
2662361	Nocardioides sp. dk884	0	0	0	0	0	0	0	0	0	0	0	0	0	0	0	0	0	0	0	0	0	0	0	0	0	0	0	0	0	0	0	0	0	0	0	0	838	0	0	0	0	0	0	0	0	0	411	0	0	0	0	0	0	0	0	0	0	0	0	0	0	0	0	0
2662363	Alistipes sp. dk3624	0	0	0	0	0	71	0	63	0	18	0	0	0	0	0	0	14	0	0	0	0	0	0	0	0	0	0	0	0	0	0	0	0	0	0	0	0	0	108	0	0	0	0	0	0	0	0	23	0	0	0	0	0	13	0	0	51	0	0	0	0	0	0	0
2662364	Sphingobacterium sp. dk4302	0	0	0	0	0	0	0	0	0	0	0	0	0	0	0	0	0	0	0	0	0	0	0	0	0	0	0	0	0	0	0	0	0	0	0	0	0	0	0	0	0	0	0	0	0	0	0	0	0	0	18	0	0	0	0	0	0	0	0	0	0	0	0	0
2663009	Fusobacterium pseudoperiodonticum	50	815	4910	259	78	1582	0	961	399	40526	3250	110	14010	27	293	118	4285	0	34	45	2211	44	131	0	0	1220	0	3106	1273	54	682	0	1309	138	3324	62	1509	131	1026	123	26	1664	0	0	199	2239	28	219	250	3641	300	2042	211	1290	122261	35	611	41	3312	0	200	0	2068	27
2663857	Nocardioides marmotae	0	0	0	0	0	0	0	0	0	0	0	0	0	0	0	0	0	0	0	0	0	0	0	0	0	0	0	0	0	0	0	0	0	0	0	0	507	0	0	0	0	0	0	0	0	0	471	0	0	0	0	0	0	0	0	0	0	0	0	0	0	0	0	0
2665156	Candidatus Mycosynbacter amalyticus	0	0	0	0	0	0	0	0	0	17	0	0	0	0	0	0	0	0	0	0	0	0	0	0	0	0	0	0	0	0	0	0	0	0	0	0	0	0	0	0	0	0	0	0	0	0	0	0	0	0	0	0	0	0	0	0	0	0	0	0	0	0	0	0
2666100	Neisseria brasiliensis	0	0	0	0	0	0	0	0	0	0	0	0	0	0	0	0	0	0	0	0	41	0	0	0	0	0	0	0	0	0	0	0	0	0	0	0	0	0	0	0	0	0	0	0	0	0	0	0	0	0	0	0	0	0	118	0	0	0	0	0	0	0	0	0
2666138	Caproicibacterium lactatifermentans	0	0	0	0	0	0	0	0	0	0	0	0	0	0	0	0	0	0	0	0	0	0	0	0	0	0	0	0	0	0	0	0	0	0	0	0	0	0	26	0	0	0	0	0	0	0	0	0	0	0	0	0	0	0	0	0	0	0	0	0	0	0	0	0
2666183	Pseudomonas juntendi	0	417	418	0	0	0	0	213	0	0	0	0	0	0	0	0	0	0	0	0	0	0	0	0	0	0	0	0	0	0	0	0	118	0	98	0	296	0	0	0	0	192	0	0	0	0	0	400	0	220	0	170	0	227	0	0	0	0	111	0	0	0	0	0
2672569	Microlunatus sp. Gsoil 973	0	0	0	0	0	0	0	0	0	0	0	0	0	0	0	0	0	0	0	0	0	0	0	0	0	0	0	0	0	0	0	0	0	0	0	0	25	0	0	0	0	0	0	0	0	0	0	0	0	0	0	0	0	0	0	0	0	0	0	0	0	0	0	0
2675216	Corynebacterium kalinowskii	0	18	0	0	0	0	0	0	0	0	0	0	0	0	0	0	0	0	0	0	0	0	0	0	0	0	0	0	0	0	0	0	0	0	0	0	13	0	0	0	0	11	0	0	0	0	0	0	0	0	0	0	0	0	0	0	0	0	0	0	0	0	0	0
2675218	Corynebacterium comes	0	23	0	0	0	0	0	0	0	0	0	0	0	0	0	0	0	0	0	0	0	0	0	0	0	0	0	0	0	0	0	0	0	0	0	0	32	0	12	0	0	20	0	0	13	0	0	0	0	0	0	0	0	0	0	0	0	0	0	0	0	0	0	0
2675219	Corynebacterium occultum	0	14	0	0	0	58	0	14	0	0	0	0	0	0	12	0	14	0	0	0	0	0	0	0	0	0	0	0	0	0	0	0	0	0	0	0	19	0	0	0	0	15	0	0	0	0	0	0	0	0	0	0	0	0	0	0	0	0	0	0	0	0	0	0
2675222	Micromonospora sp. WMMC415	0	0	276	0	0	0	0	0	0	0	0	0	0	0	0	0	0	0	0	0	0	0	0	0	0	0	0	0	0	0	0	0	0	0	0	0	69	0	0	0	0	0	0	0	0	0	209	0	0	0	0	0	0	0	0	0	0	0	0	0	0	0	0	0
2675523	Mycobacterium sp. DL440	0	0	0	149	0	0	0	0	0	0	0	0	0	0	0	0	0	0	0	0	0	0	0	0	0	0	0	0	0	0	0	0	0	0	0	0	0	0	0	0	0	0	132	0	0	0	0	0	0	0	0	0	0	0	0	0	0	0	0	0	0	0	0	0
2675754	Occultella kanbiaonis	0	0	0	0	0	0	0	0	0	0	0	0	0	0	0	0	0	0	0	0	0	0	0	0	0	0	0	0	0	0	0	0	0	0	0	0	24	0	0	0	0	0	0	0	0	0	14	0	0	0	0	0	0	0	0	0	0	0	0	0	0	0	0	0
2676077	Sphingobium sp. CAP-1	0	0	28	0	0	0	0	0	0	0	0	0	0	0	0	0	0	0	0	0	0	0	0	0	0	0	0	0	0	0	0	0	0	0	0	0	0	0	0	0	0	0	0	0	0	0	0	0	0	0	0	0	0	0	0	0	0	0	0	0	0	0	0	0
2678257	Pseudomonas sp. St316	0	0	0	0	0	0	0	0	0	0	0	19	57	0	0	0	0	0	0	0	0	0	0	0	0	0	0	0	0	0	0	0	0	0	24	0	0	0	0	0	0	0	0	0	0	0	0	0	0	0	0	0	0	0	0	0	0	0	0	0	0	0	0	0
2678259	Pseudomonas sp. Seg1	0	0	0	0	0	0	0	0	0	0	0	93	282	0	0	0	0	0	0	0	0	0	0	0	0	0	0	0	0	0	0	0	0	0	100	0	0	0	0	0	0	0	0	0	0	0	0	0	0	0	0	0	0	0	0	0	0	0	0	0	0	0	0	0
2678260	Pseudomonas sp. Ost2	0	0	0	0	0	0	0	0	0	11	0	10	43	0	0	0	0	0	0	0	0	0	0	0	0	0	0	0	0	0	0	0	0	0	0	0	0	0	0	0	0	0	0	0	0	0	0	0	0	118	0	62	0	0	0	0	0	0	0	0	0	0	0	0
2681549	Sphingomonas profundi	0	32	25	0	0	0	0	0	0	15	0	0	0	106	42	32	0	0	0	0	0	0	0	0	0	0	0	0	0	0	0	0	0	0	0	0	62	0	0	0	0	0	0	0	0	0	0	0	0	0	0	0	0	0	0	0	0	0	0	0	0	0	0	0
2681984	Erwinia sorbitola	0	0	0	0	0	0	0	0	0	0	0	0	27	0	0	0	24	0	0	0	0	0	0	0	0	0	0	0	0	0	0	0	0	0	0	0	0	0	0	0	0	0	0	0	0	0	0	0	0	0	0	0	0	0	0	0	0	0	0	0	0	0	0	0
2682455	Veillonella sp. S12025-13	78	246	2639	53	22	112	53	666	272	394	1042	48	3728	0	67	0	308	0	0	23	82	0	188	27	0	360	0	1958	1694	0	219	0	341	0	790	20	740	18	52	118	0	312	0	0	124	576	0	30	34	1449	396	155	88	215	25306	25	93	0	536	0	163	20	1592	0
2682456	Veillonella nakazawae	168	480	4944	100	63	244	65	880	453	866	2417	127	10135	0	172	39	577	0	0	23	97	37	487	79	0	498	26	3559	3879	0	359	0	659	0	1100	34	1334	0	139	266	0	783	0	0	254	1012	0	96	90	3053	1009	254	173	329	53903	85	140	24	798	0	137	60	4478	0
2682487	Stenotrophomonas sp. SXG-1	0	0	0	0	0	0	0	0	0	0	0	0	0	0	0	0	0	0	0	0	0	0	0	0	0	0	0	0	0	0	0	0	0	0	379	0	122	0	182	0	0	0	0	0	0	0	0	0	0	0	0	0	0	0	0	0	0	0	0	0	0	0	0	0
2682776	Xiamenia xianingshaonis	0	15	0	0	0	0	0	0	0	0	0	0	0	0	0	0	0	0	0	0	0	0	0	0	0	0	0	0	0	0	0	0	0	0	0	0	0	0	0	0	0	0	0	0	0	0	0	0	0	0	0	0	0	0	0	0	0	0	0	0	0	0	0	0
2683590	Diaminobutyricimonas sp. LJ205	0	0	0	0	0	0	0	0	0	0	0	0	0	0	0	0	0	0	0	0	0	0	0	0	0	11	0	0	0	0	0	0	0	0	0	0	120	0	0	0	0	0	0	0	0	0	0	0	0	0	0	0	0	0	0	0	0	0	0	0	0	0	0	0
2684212	Pseudomonas izuensis	0	0	0	0	0	0	0	0	0	0	0	0	12	0	0	0	0	0	0	0	0	0	0	0	0	0	0	0	0	0	0	0	0	0	12	0	0	0	0	0	0	0	0	0	0	0	0	0	0	0	0	0	0	0	0	0	0	0	0	0	0	0	0	0
2685834	Parabacteroides chongii	0	0	0	0	0	0	0	0	0	0	0	0	0	0	0	0	0	0	0	0	0	0	0	0	0	0	0	0	0	0	0	0	0	0	0	0	0	0	83	0	0	0	0	0	0	0	0	0	0	0	0	0	0	0	0	0	0	0	0	0	0	0	0	0
2685869	Nocardioides ochotonae	0	0	0	0	0	0	0	0	0	0	0	0	0	0	0	0	0	0	0	0	0	0	0	0	0	0	0	0	0	0	0	0	0	0	0	0	1042	0	0	0	0	0	0	0	0	0	476	0	0	0	0	0	0	0	0	0	0	0	0	0	0	0	0	0
2686210	Streptococcus ruminicola	0	0	0	0	0	0	0	0	0	41	0	0	0	0	0	0	0	0	0	0	0	0	0	0	0	0	0	0	0	0	0	0	0	0	0	0	0	0	0	0	0	0	0	0	0	0	0	0	0	0	0	0	0	0	0	0	0	0	0	0	0	0	0	0
2690837	Eggerthella guodeyinii	0	48	0	0	0	0	0	0	0	0	0	0	0	0	0	0	0	0	0	0	0	0	0	0	0	0	0	0	0	0	0	0	0	0	0	0	0	0	0	0	0	0	0	0	0	0	0	0	0	0	0	0	0	0	0	0	0	0	0	0	0	0	0	0
2691571	Stenotrophomonas sp. 364	0	0	0	92	0	0	0	0	0	214	0	0	387	0	85	31	514	0	0	0	0	0	0	0	0	0	0	0	0	0	0	0	18	0	0	0	0	0	0	0	0	0	0	0	0	0	0	0	0	0	0	0	0	0	0	0	0	0	28	0	0	0	0	0
2692330	Falsirhodobacter algicola	0	0	0	0	0	0	0	0	0	0	0	0	0	0	0	0	0	0	0	0	0	0	0	0	0	0	0	0	0	0	0	0	0	0	0	0	0	0	0	0	0	0	0	0	0	0	0	76	0	0	0	0	0	0	0	0	0	0	0	0	0	0	0	0
2694929	Pontibacter russatus	0	0	0	0	0	0	0	0	135	0	0	0	0	0	0	0	0	0	0	0	0	0	0	0	0	0	0	0	0	0	0	0	0	0	0	0	0	0	0	0	0	0	0	0	0	0	0	0	0	0	0	0	0	0	0	0	0	0	0	0	0	0	0	0
2696063	Anaerocolumna sedimenticola	0	0	0	0	0	0	0	0	0	0	0	0	0	0	0	0	0	0	0	0	0	0	0	0	0	0	0	0	0	0	0	0	0	0	0	0	0	0	64	0	0	0	0	0	0	0	0	0	0	0	0	0	0	0	0	0	0	0	0	0	0	0	0	0
2697023	Pseudomonas sp. AN-B15	0	0	0	0	0	0	0	0	0	0	0	0	0	0	0	0	0	0	0	0	0	182	0	0	0	0	0	0	0	0	0	0	0	0	0	0	0	0	0	0	0	0	0	0	0	0	0	0	0	0	0	0	0	0	0	0	0	0	0	0	0	0	0	0
2697030	Aminipila terrae	0	0	0	0	0	0	0	0	0	0	0	0	0	0	0	0	0	0	0	0	0	0	0	0	0	0	0	0	0	0	0	0	0	0	0	0	0	0	16	0	0	0	0	0	0	0	0	0	0	0	0	0	0	0	0	0	0	0	0	0	0	0	0	0
2697363	Acidocella sp. MX-AZ03	0	0	0	0	0	0	0	0	0	0	0	0	0	17	13	0	0	0	0	0	0	0	0	0	0	0	0	0	0	0	0	0	0	0	0	0	0	0	0	0	0	0	0	0	0	0	0	0	0	0	0	0	0	0	0	0	0	0	0	0	0	0	0	0
2697563	Brevibacterium atlanticum	0	0	0	0	0	0	0	0	0	0	0	0	0	0	0	0	0	0	0	0	0	0	0	0	0	0	0	0	0	0	0	0	0	0	0	0	0	0	0	0	0	0	0	0	0	0	47	0	0	0	0	0	0	0	0	0	0	0	0	0	0	0	0	0
2697565	Brevibacterium limosum	0	0	0	0	0	0	0	0	0	0	0	0	0	0	0	0	0	0	0	0	0	0	0	0	0	0	0	0	0	0	0	0	0	19	0	0	0	0	0	0	0	0	0	0	0	0	9145	14	0	0	0	0	0	0	0	0	0	0	0	0	0	0	0	0
2698673	Novosphingobium decolorationis	0	0	153	0	0	0	0	0	0	85	0	0	0	0	64	0	0	0	0	0	0	0	0	0	0	0	0	0	0	0	0	0	0	0	0	0	0	0	0	0	0	0	0	0	0	0	0	0	0	0	0	0	0	0	0	0	0	0	0	0	0	0	33	0
2698679	Sphingomonas changnyeongensis	0	0	18	0	0	0	0	0	0	0	0	0	0	0	0	0	0	0	0	0	0	0	0	0	0	0	0	0	0	0	0	0	0	0	0	0	0	0	0	0	0	0	0	0	0	0	0	0	0	0	0	0	0	0	0	0	0	0	0	0	0	0	0	0
2698682	Lysobacter oculi	0	0	0	0	0	0	0	0	0	0	0	0	0	0	0	0	0	0	0	0	0	0	0	0	0	0	0	0	0	0	0	0	0	42	0	0	0	0	0	0	0	14	492	0	0	0	0	1580	0	0	0	0	451	0	0	0	0	0	0	0	0	0	0	0
2698683	Leuconostoc sp. MTCC 10508	0	0	0	0	0	0	0	0	0	0	0	0	1112	0	0	0	0	0	0	0	0	0	0	0	0	0	0	0	0	0	0	0	0	0	0	0	0	0	0	0	0	0	0	0	0	0	0	0	0	0	0	0	0	0	0	0	0	0	0	0	0	0	0	0
2699395	Methylosinus sp. C49	0	0	0	0	0	0	0	0	0	0	0	0	0	17	13	0	0	0	0	0	0	0	0	0	0	0	0	0	0	0	0	0	0	0	0	0	0	0	0	0	0	0	0	0	0	0	0	0	0	0	0	0	0	0	0	0	0	0	0	0	0	0	0	0
2703789	Mucilaginibacter sp. 14171R-50	0	0	0	49	0	0	0	0	0	0	0	0	0	0	0	0	0	0	0	0	0	0	0	0	0	0	0	0	0	0	0	0	0	0	0	0	0	0	0	0	0	0	0	0	0	0	0	0	0	0	0	0	0	0	0	0	0	0	0	0	0	0	0	0
2703885	Rahnella aceris	0	0	97	2314	0	115	0	54	47	2683	0	414	25900	0	150	140	3475	0	65	0	0	0	0	0	0	0	0	49	0	0	0	0	239	0	79	0	33	0	32	0	0	109	40	0	0	0	0	0	0	0	0	40	0	0	0	0	0	0	0	0	0	0	0	0
2704140	Flavobacterium bizetiae	0	0	199	0	0	0	0	0	0	485	0	0	140	0	0	0	83	0	0	0	0	0	0	0	0	0	0	0	0	0	0	0	0	0	0	0	0	0	0	0	0	0	0	0	0	0	0	0	0	634	58	160	0	0	0	0	0	0	0	0	117	0	0	0
2704467	Cellulomonas sp. H30R-01	0	0	0	0	0	0	0	0	0	0	0	0	0	0	0	0	0	0	0	0	0	0	0	0	0	0	0	0	0	0	0	0	0	0	0	0	103	0	0	0	0	0	0	0	0	0	45	0	0	0	0	0	0	0	0	0	0	0	0	0	0	0	0	0
2704468	Streptacidiphilus sp. P02-A3a	0	0	0	0	0	0	0	0	0	0	0	0	0	0	0	0	0	0	0	0	0	0	0	0	0	0	0	0	0	0	0	0	0	0	0	0	58	0	0	0	0	0	0	0	0	0	0	0	0	0	0	0	0	0	0	0	0	0	0	0	0	0	0	0
2705472	Pseudomonas sp. MTM4	0	0	0	0	0	0	0	0	0	0	0	0	0	0	0	0	0	0	0	0	0	0	0	0	0	0	0	35	0	0	0	0	0	0	0	0	0	0	0	0	0	0	0	0	0	0	0	0	0	0	0	0	0	28	0	0	0	0	0	0	0	0	0	0
2706126	Pseudomonas sp. OIL-1	0	0	0	0	0	0	0	0	0	0	0	0	0	0	0	19	0	0	0	0	0	0	0	0	0	0	0	0	0	0	0	0	0	0	0	0	0	0	0	0	0	0	0	0	0	0	0	0	0	0	0	0	0	0	0	0	0	0	0	0	0	0	0	0
2707299	Adlercreutzia hattorii	0	4555	73	0	0	97	0	272	0	1357	0	0	21	0	32	18	1810	0	0	0	0	0	0	0	0	0	0	45	0	0	15	0	0	0	70	0	26	0	4406	0	0	0	0	0	0	0	0	318	0	0	0	25	0	60	610	30	1271	0	20	0	0	0	0	0
2708053	Romboutsia sp. 13368	0	321	15	0	977	481	356	609	2158	673	0	277	32	28	0	468	364	0	0	72	69	592	48	0	0	0	0	0	0	0	0	0	0	0	0	0	0	33	35	0	0	0	0	0	0	0	117	304	0	0	32	0	145	51	93	3303	979	0	17	14	0	0	0	0
2708082	Mumia sp. ZJ1417	0	0	0	0	0	0	0	0	0	0	0	0	0	0	0	0	0	0	0	0	0	0	0	0	0	0	0	0	0	0	0	0	0	0	0	0	42	0	0	0	0	0	0	0	0	0	77	0	0	0	0	0	0	0	0	0	0	0	0	0	0	0	0	0
2708084	Salinibacterium sp. ZJ70	0	0	0	0	0	0	0	0	0	0	0	0	0	0	0	0	0	0	0	0	0	0	0	0	0	13	0	0	0	0	0	0	0	0	0	0	811	0	0	0	0	0	0	0	0	0	0	0	0	0	0	0	0	0	0	0	0	0	0	0	0	0	0	0
2708117	Capnocytophaga endodontalis	0	145	284	52	21	293	0	698	112	4968	391	19	215	0	62	43	583	0	0	0	9266	0	0	0	0	1633	0	305	12	0	227	0	236	44	202	0	607	0	17	34	0	273	0	0	134	0	0	75	0	112	0	130	84	457	39	0	201	135	2074	0	940	0	0	0
2708338	Salinibacterium sp. ZJ450	0	0	0	0	0	0	0	0	0	0	0	0	0	0	0	0	0	0	0	0	0	0	0	0	0	16	0	0	0	0	0	0	0	0	0	0	80	0	0	0	0	0	0	0	0	0	0	0	0	0	0	0	0	0	0	0	0	0	0	0	0	0	0	0
2708346	Jeotgalicoccus sp. WY2	0	22	0	0	0	0	0	79	0	0	0	0	0	0	0	0	0	0	0	0	0	14	0	0	0	59	0	11	0	0	11	0	27	0	0	0	48	0	10	0	0	12	0	0	12	0	0	33	35	0	0	0	0	32	0	0	0	0	0	0	0	0	11	0
2708348	Acinetobacter sp. WY4	0	0	0	0	0	0	0	0	0	0	0	0	0	0	0	0	0	0	0	0	0	0	0	0	0	0	0	0	0	0	0	0	0	0	0	0	0	0	0	0	0	0	0	0	0	0	0	0	60	0	0	0	0	0	0	0	0	0	0	0	0	0	0	0
2708350	Psychrobacter sp. WY6	0	0	0	0	0	0	0	0	0	0	0	0	0	0	0	0	0	0	0	0	0	0	0	0	0	0	0	0	0	0	0	0	0	0	0	0	0	0	0	0	0	23	0	0	0	0	0	0	0	0	0	0	0	0	0	0	0	0	0	0	0	0	0	0
2708539	Caulobacter soli	0	0	0	0	0	0	0	0	0	0	0	0	0	0	0	0	0	0	0	0	0	0	0	0	0	0	0	0	0	0	0	0	0	0	0	0	0	0	0	0	0	0	0	0	0	0	0	0	0	0	0	15	0	0	0	0	0	0	0	0	0	0	0	0
2709304	Microbacterium sp. Se63.02b	0	0	0	0	0	0	0	0	0	0	0	0	0	0	0	0	0	0	0	0	0	0	0	0	0	616	0	0	0	0	0	0	0	0	0	0	0	0	0	0	0	0	0	0	0	0	0	0	0	0	0	0	0	0	0	0	0	0	0	0	0	0	0	0
2709380	Starkeya sp. ORNL1	0	0	0	0	0	0	0	0	0	0	0	0	0	33	23	0	0	0	0	0	0	0	0	0	0	0	0	0	0	0	0	0	0	0	0	0	18	0	0	0	0	0	0	0	0	0	0	0	0	0	0	0	0	0	0	0	0	0	0	0	0	0	0	0
2709392	Corynebacterium qintianiae	0	76	17	0	0	27	0	62	0	0	0	0	0	0	13	0	15	0	0	0	0	0	0	0	0	0	0	78	0	30	22	0	0	0	0	0	93	0	17	0	0	76	0	0	44	11	0	0	0	0	0	0	23	78	17	0	36	0	62	0	0	0	0	0
2709394	Corynebacterium lizhenjunii	0	22	0	0	0	0	0	15	0	0	0	0	0	0	0	0	0	0	0	0	0	0	0	0	0	0	0	0	0	0	0	0	0	0	0	0	20	0	0	0	0	11	0	0	16	0	0	0	0	0	0	0	0	14	0	0	46	0	0	0	0	0	0	0
2709396	Neisseria yangbaofengii	0	0	0	0	0	0	0	0	0	0	0	0	0	0	0	0	0	0	0	0	24	0	0	0	0	0	0	0	0	0	0	0	0	0	0	0	0	0	0	0	0	0	0	0	0	0	0	0	0	26	0	0	0	0	59	0	0	0	0	0	0	0	0	0
2709410	Chordicoccus furentiruminis	0	14	0	0	0	0	0	13	0	20	0	0	0	0	0	0	0	0	0	0	0	0	0	0	0	0	0	0	0	0	0	0	0	0	0	0	0	0	116	0	0	0	0	0	0	0	0	11	0	0	0	0	0	0	0	0	13	0	0	0	0	0	0	0
2711156	Rhizorhabdus phycosphaerae	0	0	0	0	0	0	0	0	0	0	0	0	0	0	12	0	0	0	0	0	0	0	0	0	0	0	0	0	0	0	0	0	34	41	0	0	14	0	17	0	54	37	0	0	0	0	0	0	0	0	0	565	24	0	0	67	0	0	0	0	0	0	0	0
2711215	Sphingosinithalassobacter tenebrarum	0	0	0	0	0	0	0	0	0	0	0	0	0	0	0	0	0	0	0	0	0	0	0	0	0	0	0	0	0	0	0	0	0	0	0	0	54	0	0	0	0	0	0	0	0	0	0	0	0	0	0	0	0	0	0	0	0	0	0	0	0	0	0	0
2711328	Kocuria sp. TGY1127_2	0	0	13	0	0	0	0	0	0	0	0	0	0	0	0	0	0	0	0	0	0	0	0	0	0	0	0	0	0	0	0	0	0	0	0	0	0	0	0	0	0	0	0	0	0	0	0	0	0	0	0	0	0	0	0	0	0	0	0	0	0	0	0	0
2712222	Nordella sp. HKS 07	0	0	13	0	0	0	0	0	0	0	0	0	0	32	36	0	0	0	0	0	0	0	0	0	0	0	0	0	0	0	0	0	0	0	0	0	0	0	0	0	0	0	0	0	0	0	0	0	0	0	0	0	0	0	0	0	0	0	0	0	0	0	0	0
2712223	Nocardioides anomalus	0	1062	0	0	0	0	0	0	0	0	0	0	0	0	0	0	0	0	0	0	0	0	0	0	0	0	0	0	0	0	0	0	0	0	98	0	528	0	0	0	0	0	0	0	0	0	267	0	0	0	0	0	0	43	0	0	0	0	0	0	0	0	0	0
2714036	Companilactobacillus pabuli	0	0	158	0	0	0	0	0	0	0	0	0	0	0	0	0	0	0	0	0	0	0	0	0	0	0	0	0	159	0	0	0	0	0	0	0	0	0	0	0	0	0	0	0	0	0	0	0	0	0	0	0	0	0	0	0	0	0	0	0	0	0	0	0
2714353	Vescimonas fastidiosa	0	3024	46	0	71	1024	0	280	0	623	0	0	0	0	23	66	1242	0	0	0	0	35	0	0	0	0	0	0	0	0	26	0	0	0	36	0	20	0	7979	0	0	36	0	0	0	16	38	185	0	0	0	0	0	36	1311	40	328	0	42	0	32	0	0	14
2714355	Vescimonas coprocola	0	1953	57	0	150	3783	0	1704	0	1778	0	0	39	0	33	57	1877	0	0	0	29	39	0	0	0	26	0	60	0	0	67	0	34	0	162	0	45	31	27616	0	0	52	0	0	0	43	290	476	0	0	0	26	43	127	720	59	1077	0	86	0	345	0	0	0
2714358	Pusillibacter faecalis	0	191	0	0	0	89	0	189	13	1636	0	0	0	0	0	0	516	0	0	0	0	0	0	0	0	0	0	0	0	0	11	0	0	0	19	0	0	0	9549	0	0	0	0	0	0	0	0	119	0	0	0	0	0	48	71	0	134	0	23	0	0	0	0	0
2714926	Dysgonomonas sp. HDW5A	0	0	0	0	0	0	0	0	0	0	0	0	0	0	0	0	0	0	10	0	0	0	0	0	0	0	0	0	0	0	0	0	0	0	0	0	0	0	0	0	0	0	0	0	0	0	0	0	0	0	0	0	0	0	0	0	0	0	0	0	0	0	0	0
2714931	Sanguibacter sp. HDW7	0	0	0	0	0	0	0	0	0	0	0	0	0	0	0	0	0	0	0	0	0	0	0	0	0	0	0	0	0	0	0	0	0	0	0	0	43	0	0	0	0	0	0	0	0	0	38	0	0	0	0	0	0	0	0	0	0	0	0	0	0	0	0	0
2714932	Hymenobacter sp. HDW8	0	0	0	0	0	0	0	0	0	0	0	0	0	0	0	0	0	0	0	0	0	0	0	0	0	0	0	0	0	0	0	0	0	0	0	0	0	0	0	0	0	224	0	0	0	0	0	0	0	0	0	0	0	0	0	0	0	0	0	0	0	0	0	0
2714935	Leucobacter viscericola	0	0	0	0	0	0	0	0	0	0	0	0	0	0	0	0	0	0	13	0	0	0	0	0	0	0	0	0	0	0	0	0	0	0	0	0	30	0	0	0	0	0	0	0	0	0	0	0	0	0	0	0	0	0	0	0	0	0	0	0	0	0	0	0
2714937	Propioniciclava coleopterorum	0	0	0	0	0	11	0	0	0	0	0	0	0	0	0	0	0	0	0	0	0	0	0	0	0	0	0	0	0	0	0	0	11	0	0	0	0	0	0	0	0	0	0	0	0	0	0	0	0	0	0	0	0	26	0	0	0	0	0	0	0	0	0	0
2714938	Nocardioides piscis	0	0	0	0	0	0	0	0	0	0	0	0	0	0	0	0	0	0	0	0	0	0	0	0	0	0	0	0	0	0	0	0	0	0	0	0	2270	0	0	0	0	0	0	0	0	0	463	0	0	0	0	0	0	0	0	0	0	0	0	0	0	0	0	0
2714939	Nocardioides sp. HDW12B	0	19	0	0	0	0	0	0	27	0	0	0	0	0	0	0	0	0	0	0	0	0	0	0	0	0	0	0	0	0	0	0	0	0	0	0	227	0	0	0	0	0	0	0	0	0	353	23	0	0	0	0	0	0	0	0	0	0	0	0	0	0	0	0
2714940	Pedobacter sp. HDW13	0	0	0	0	0	0	0	0	0	25	0	0	0	0	0	0	0	0	0	0	0	0	0	0	0	0	0	0	0	0	0	0	0	0	0	0	0	0	0	0	0	0	0	0	0	0	0	0	0	88	0	0	0	0	0	0	0	0	0	0	0	0	0	0
2714941	Phycicoccus sp. HDW14	0	82	0	0	0	0	0	0	0	0	0	0	0	0	0	0	0	0	0	0	0	0	0	0	0	0	0	0	0	0	0	0	0	0	0	0	100	0	0	0	0	0	0	0	0	0	0	0	0	0	0	0	0	0	0	0	0	0	0	0	0	0	0	0
2714945	Thermomonas sp. HDW16	0	0	0	0	0	0	0	0	0	0	0	0	0	0	0	0	0	0	0	0	0	0	0	0	0	0	0	0	0	0	0	0	0	0	0	0	0	0	0	0	0	0	0	0	0	0	0	47	0	0	0	0	0	0	0	0	0	0	0	0	0	0	0	0
2714952	Roseateles sp. DAIF2	41	0	0	0	0	0	0	0	0	0	0	0	0	0	0	0	0	0	0	0	0	0	0	0	0	0	0	0	0	0	0	0	0	0	0	0	0	0	0	0	0	0	0	0	0	0	0	0	0	0	0	0	0	0	0	0	0	0	0	0	0	0	0	0
2715212	Bacteroides faecium	0	0	0	0	0	0	0	20	0	59	0	0	0	0	0	0	13	0	0	0	0	0	0	0	0	0	0	0	0	0	0	0	0	0	26	0	0	11	2477	0	0	0	0	0	0	0	0	0	0	0	0	0	0	0	0	0	0	0	0	0	0	0	0	0
2715959	Shinella sp. PSBB067	0	134	0	0	0	0	0	0	0	0	0	0	0	0	0	0	0	0	0	0	0	0	0	0	0	0	0	0	0	0	0	0	0	0	0	0	0	0	0	0	0	0	0	0	0	0	0	66	0	0	0	59	0	0	0	0	0	0	0	0	0	0	0	0
2719119	Corynebacterium rouxii	0	13	0	0	0	0	0	34	0	0	0	0	0	0	0	0	42	0	0	0	0	0	0	0	0	11	0	0	0	0	11	0	0	0	0	0	18	0	30	0	0	0	0	0	0	0	0	0	0	0	0	0	0	19	0	0	49	0	0	0	0	0	0	0
2719588	Kocuria sp. KD4	0	15	60	0	188	2691	0	227	0	123	0	398	32	0	359	15	222	0	0	0	61	0	4196	0	0	49	0	2268	0	0	96	0	26	0	15	0	295	0	0	0	0	89	0	0	131	1149	0	117	24	89	0	123	223	1049	0	0	0	0	377	0	0	0	146	22
2720029	Enterobacter sp. DNB-S2	0	0	0	0	0	0	0	0	0	0	0	0	794	0	0	0	0	0	0	0	0	0	0	0	0	0	0	0	0	0	0	0	0	0	0	0	0	0	0	0	0	0	0	0	0	0	0	0	0	0	0	0	0	0	0	0	0	0	0	0	0	0	0	0
2722752	Iamia sp. SCSIO 61187	0	0	0	0	0	0	0	0	0	0	0	0	0	0	0	0	0	0	0	0	0	0	0	0	0	0	0	0	0	0	0	0	0	0	0	0	18	0	0	0	0	0	0	0	0	0	0	0	0	0	0	0	0	0	0	0	0	0	0	0	0	17	0	0
2722820	Actinomyces faecalis	0	0	0	0	0	12	0	0	0	0	0	0	0	0	0	0	0	0	0	0	0	0	0	0	0	0	0	0	0	0	0	0	0	0	0	0	27	0	0	0	0	0	0	0	0	0	0	0	0	0	0	0	0	15	0	0	0	0	0	0	0	0	0	0
2722825	Rhodococcus sp. DMU1	0	0	0	0	0	0	0	0	0	0	0	0	0	0	0	0	0	0	0	0	0	0	0	0	0	0	0	0	0	0	0	0	0	0	0	0	0	0	0	0	0	0	0	0	0	0	0	0	0	0	0	0	0	0	0	0	0	0	0	0	0	442	0	0
2724150	Romboutsia sp. CE17	0	63	0	0	142	209	101	208	744	234	0	79	0	0	0	197	151	0	0	0	15	208	0	0	0	0	0	23	0	0	0	0	13	0	0	0	0	0	0	0	0	0	0	0	0	0	23	60	0	0	0	0	22	0	26	602	190	0	0	0	0	0	0	0
2724468	Enterobacter sp. JUb54	0	0	0	0	0	0	0	11	0	0	0	139	0	0	0	0	0	0	0	0	0	269	0	0	0	0	0	0	0	0	0	0	0	0	0	0	0	0	0	32	0	0	0	0	0	0	0	0	0	0	0	0	0	0	0	0	0	0	0	0	0	0	0	0
2724470	Pseudomonas sp. BIGb0427	0	652	0	0	0	0	0	556	0	0	0	0	0	0	0	0	0	0	0	0	0	0	0	0	0	0	0	0	0	0	0	0	0	0	0	0	0	0	0	0	0	0	0	0	0	0	0	0	0	880	0	0	0	0	0	0	0	0	0	0	0	0	0	0
2724914	Leifsonia sp. PS1209	0	0	0	395	0	0	0	0	0	0	0	0	0	0	0	0	0	0	0	0	0	0	0	0	0	811	0	0	0	0	0	0	0	0	0	0	753	0	0	0	0	0	711	0	0	0	0	0	0	0	0	0	0	0	0	0	0	0	0	0	0	0	0	0
2725477	Pseudomonas tohonis	0	0	0	0	0	0	0	0	0	0	0	0	0	0	0	0	0	0	0	0	0	0	0	0	0	0	0	0	0	0	0	0	0	0	0	0	0	0	0	0	0	0	0	20	0	0	0	0	0	0	0	0	0	0	0	0	0	0	0	0	0	0	0	0
2725563	Brevibacterium sp. 'Marine'	0	0	0	0	0	0	0	0	0	0	0	0	0	0	0	0	0	0	0	0	0	0	0	0	0	0	0	0	0	0	0	0	0	0	0	0	0	0	0	0	0	0	0	0	0	0	619	0	0	0	0	0	0	0	0	0	0	0	0	0	0	0	0	0
2725666	Mesorhizobium terrae	320	229	80279	1889	0	0	0	90	0	154	2398	0	19	0	34	0	28	0	0	0	0	0	0	0	0	84	0	107	60	0	36	0	53	27	371	0	152	0	113	90	0	59	99	0	230	41	0	74	0	787	0	0	0	59	0	0	0	0	136	0	57	0	1095	0
2725684	Acinetobacter sp. NEB149	0	0	0	0	0	0	0	0	0	0	0	0	0	0	0	0	0	0	0	0	0	0	0	0	0	0	0	0	0	0	0	0	0	0	0	0	0	0	0	0	0	0	0	0	0	0	0	0	82	0	0	0	0	0	0	0	0	0	0	0	0	0	0	0
2726954	Sarcina sp. JB2	0	0	0	0	0	0	0	0	0	0	0	0	0	0	0	93	29	0	0	0	0	0	0	0	0	0	0	0	0	0	0	0	0	0	0	0	0	0	0	0	0	0	0	0	0	0	0	0	0	0	0	0	35	0	0	88	0	0	0	0	0	0	0	0
2726989	Pseudomonas sp. gcc21	0	0	0	0	0	0	0	0	0	0	0	0	0	0	0	0	0	0	0	0	0	0	0	0	0	0	0	0	0	0	0	0	0	0	0	0	0	0	0	0	0	0	0	0	0	0	0	0	0	0	0	0	0	0	0	0	0	0	0	21	0	0	0	0
2728020	Massilia forsythiae	0	0	0	0	0	0	0	0	0	0	0	0	0	0	0	83	0	0	0	0	0	0	0	0	0	0	0	0	0	0	0	83	0	0	0	0	0	0	0	0	0	0	0	0	0	0	0	0	0	0	0	0	0	0	0	0	0	0	0	0	0	0	0	0
2728022	Mucilaginibacter robiniae	0	0	0	41	0	0	0	0	0	0	0	0	0	0	0	0	0	0	0	0	0	0	0	0	0	0	0	0	0	0	0	0	0	0	0	0	0	0	0	0	0	0	0	0	0	0	0	0	0	0	0	0	0	0	0	0	0	0	0	0	0	0	0	0
2728023	Cohnella herbarum	0	0	0	0	0	0	0	0	0	0	0	0	0	0	0	0	0	0	0	0	0	0	0	0	0	0	0	0	0	0	0	0	0	0	0	0	0	0	0	0	0	12	0	0	0	0	0	0	0	0	0	0	0	0	0	0	0	0	0	0	0	0	0	0
2728827	Catellatospora sp. IY07-71	0	0	0	0	0	0	0	0	0	0	0	0	0	0	0	0	0	0	0	0	0	0	0	0	0	0	0	0	0	0	0	0	0	0	0	0	40	0	0	0	0	0	0	0	0	0	273	0	0	0	0	0	0	0	0	0	0	0	0	0	0	0	0	0
2729175	Cellulomonas taurus	0	0	0	0	0	0	0	0	0	0	0	0	0	0	0	0	0	0	0	0	0	0	0	0	0	0	0	0	0	0	0	0	0	0	0	0	0	0	0	0	0	0	0	0	0	0	8286	23	0	0	0	0	0	0	0	0	0	0	0	0	0	0	0	0
2730847	Pseudomonas sp. ADAK13	0	0	0	0	0	0	0	0	0	0	0	0	0	0	0	0	0	0	0	0	0	0	0	0	0	0	0	0	0	0	0	0	0	0	27	0	0	0	0	0	0	0	0	0	0	0	0	0	0	24	0	0	0	0	0	0	0	0	0	0	0	0	0	0
2731096	Rhizobium sp. NZLR1	0	0	0	0	0	0	0	0	0	0	0	0	0	226	0	0	0	0	0	0	0	0	0	0	0	0	0	0	0	0	0	0	0	0	0	0	0	0	0	0	0	0	0	0	0	0	0	0	0	0	0	0	0	0	0	0	0	0	0	0	0	0	0	0
2731377	Alkalicella caledoniensis	0	0	0	0	0	0	0	0	0	0	0	0	0	0	0	0	0	0	0	0	0	0	0	0	0	0	0	0	0	0	0	0	0	0	0	0	0	0	10	0	0	0	0	0	0	0	0	0	0	0	0	0	0	0	0	0	0	0	0	0	0	0	0	0
2731552	Pseudomonas solani	0	0	0	0	0	0	0	0	0	0	0	0	0	0	0	0	0	0	0	0	0	0	0	0	0	0	0	0	0	0	0	0	0	0	0	0	0	0	0	0	0	0	0	25	0	0	0	0	0	0	29	0	0	0	0	0	0	0	0	0	0	0	0	0
2731680	Cellulosimicrobium sp. 72-3	0	0	0	0	0	0	0	0	0	0	0	0	0	0	0	0	0	0	0	0	0	0	0	0	0	0	0	0	0	0	0	0	0	0	0	0	0	0	0	0	0	0	0	0	0	0	0	0	0	0	0	0	0	0	0	0	0	0	0	0	0	94	0	0
2732067	Usitatibacter rugosus	0	0	0	0	0	0	0	0	0	0	0	0	0	0	0	0	0	0	0	0	0	0	0	0	0	17	0	0	0	0	0	0	0	0	0	0	0	0	0	0	0	0	0	0	0	0	0	0	0	0	0	0	0	0	0	0	0	0	0	0	0	0	0	0
2732163	Limnobacter sp. SAORIC-580	0	0	17	0	0	0	0	0	0	0	0	0	0	0	0	0	0	0	0	0	0	0	0	0	0	0	0	0	0	0	0	0	0	0	0	0	0	0	0	0	0	0	0	0	15	0	0	0	0	0	0	0	0	0	0	0	0	0	0	0	0	0	0	0
2733571	Trueperella pecoris	0	25	0	0	0	0	0	13	0	0	0	0	0	0	0	0	0	0	0	0	0	0	0	0	0	0	0	0	0	0	0	0	0	0	0	0	0	0	0	0	0	0	0	0	0	0	0	0	0	0	0	0	0	0	0	0	14	0	0	0	0	0	0	0
2733867	Sphingobium sp. KCTC 72723	0	0	31	0	0	0	0	0	0	0	0	0	0	0	0	0	0	0	0	0	0	0	0	0	0	0	0	0	0	0	0	0	0	0	0	0	0	0	0	0	0	0	0	0	0	0	0	0	0	0	0	0	0	0	0	0	0	0	0	0	0	0	0	0
2734618	Microbacterium sp. NIBRBAC000506063	0	25	0	0	0	0	0	0	0	0	0	0	0	0	0	0	0	0	0	0	0	0	0	0	0	61	0	0	0	0	0	0	0	0	0	0	0	0	0	0	0	0	15	0	0	0	0	0	0	0	0	0	0	0	0	0	0	0	0	0	0	0	0	0
2735133	Herbiconiux sp. SALV-R1	0	0	0	0	0	0	0	0	0	0	0	0	0	0	0	0	0	0	0	0	0	0	0	0	0	56	0	0	0	0	0	0	0	0	0	0	722	0	0	0	0	0	21	0	0	0	0	0	0	0	0	0	0	0	0	0	0	0	0	0	0	0	0	0
2735134	Sphingomonas sp. AP4-R1	0	20	35	0	0	0	0	0	0	29	0	0	0	0	0	0	0	0	0	0	0	0	0	0	0	0	0	0	0	0	0	0	0	0	0	0	22	0	0	0	0	0	0	0	0	0	0	0	0	0	0	0	0	0	0	0	0	0	0	0	0	0	0	0
2735528	Agrobacterium vaccinii	0	0	0	100	0	0	0	0	0	0	0	0	0	0	0	0	0	0	0	0	0	0	0	0	0	18	0	0	0	0	0	0	0	0	0	0	0	0	0	0	0	0	28	0	0	0	0	0	0	0	0	0	0	0	0	0	0	0	0	0	0	0	0	0
2735554	Diaphorobacter sp. JS3050	0	0	0	0	0	0	0	233	152	106	0	0	0	0	0	0	0	0	0	0	0	0	0	0	0	0	0	213	0	0	0	0	0	0	178	0	0	0	0	0	0	250	0	0	0	0	772	0	0	0	0	0	0	0	0	0	0	0	0	0	0	951	0	0
2735723	Turicibacter bilis	297	6077	0	0	0	0	0	0	20	26	0	160	0	118	93	0	36	0	0	0	0	5017	0	0	0	0	0	0	0	0	0	0	0	0	0	0	0	0	130	0	0	0	0	0	0	0	0	0	0	0	0	0	46	0	638	287	124	0	0	195	0	0	284	1020
2735906	Pseudomonas sp. B11D7D	0	0	0	0	0	0	0	0	0	0	0	0	0	0	0	0	0	0	0	0	0	0	0	0	0	0	0	0	0	0	0	0	0	0	0	0	0	0	0	0	0	0	0	0	0	0	0	0	0	0	16	0	0	0	0	0	0	0	0	0	0	0	0	0
2736640	Pseudonocardia broussonetiae	0	0	0	0	0	0	0	0	29	0	0	0	0	0	0	0	0	0	0	0	0	0	0	0	0	0	0	0	0	0	0	0	0	0	0	0	26	0	0	0	0	0	0	0	0	0	34	0	0	0	0	0	0	0	0	0	0	0	0	0	0	0	0	0
2736757	Nocardioides campestrisoli	0	0	0	0	0	0	0	0	0	0	0	0	0	0	37	0	0	0	0	0	0	0	0	0	0	0	0	0	0	0	0	0	0	0	0	0	532	0	0	0	0	0	0	0	0	0	234	0	0	0	0	0	0	0	0	0	0	0	0	0	0	0	0	0
2737173	Actinomyces marmotae	0	15	0	0	0	13	0	20	0	15	0	0	33	0	0	0	45	0	0	0	0	0	0	0	0	22	0	17	0	0	0	0	11	0	0	28	1502	0	0	0	0	14	0	0	0	0	0	0	0	23	0	12	0	31	0	0	0	0	83	0	0	0	0	0
2738126	Pseudomonas sp. FP215	0	0	131	0	0	0	0	0	0	0	0	0	0	0	0	0	0	0	0	0	0	0	0	0	0	0	0	0	97	0	0	0	0	0	0	0	0	0	0	126	0	0	0	114	70	0	0	0	0	0	314	0	0	0	0	0	0	0	0	75	0	0	0	286
2738983	Pectobacterium sp. PL64	0	0	0	91	0	0	0	0	66	1115	0	51	2131	0	0	0	218	0	0	0	0	0	0	0	0	0	0	0	0	0	0	0	21	0	0	0	0	0	0	0	0	0	0	0	0	0	0	0	0	0	0	0	0	0	0	0	0	0	0	0	0	0	0	0
2740529	Microvirga terrae	0	0	0	0	0	0	0	0	0	0	0	0	0	349	251	0	0	0	0	0	0	0	0	0	0	0	0	0	0	0	0	0	0	0	0	0	0	0	0	0	0	0	0	0	0	0	0	0	0	0	0	0	0	0	0	0	0	0	0	0	0	0	0	0
2740807	Aquisalimonas sp. 2447	0	0	0	0	0	0	0	0	0	0	0	0	0	11	12	0	0	0	0	0	0	0	0	0	0	0	0	0	0	0	0	0	0	0	0	0	0	0	0	0	0	0	0	0	0	0	0	0	0	0	0	0	0	0	0	0	0	0	0	0	0	0	0	0
2742128	Actinomadura sp. NAK00032	0	0	0	0	0	0	0	0	44	0	0	0	0	0	0	0	0	0	0	0	0	0	0	0	0	0	0	0	0	0	0	0	0	0	0	0	66	0	0	0	0	0	0	0	0	0	0	0	0	0	0	0	0	0	0	0	0	0	0	0	0	0	0	0
2742129	Stenotrophomonas sp. NA06056	0	0	0	0	0	0	0	0	0	41	0	0	0	0	0	0	144	0	0	0	0	0	0	0	0	0	0	0	0	0	0	0	0	0	0	0	0	0	0	0	0	0	0	0	0	0	0	0	0	0	0	0	0	0	0	0	0	0	0	0	0	0	0	0
2742131	Amycolatopsis sp. Hca4	0	0	0	0	0	0	0	0	0	0	0	0	0	0	0	0	0	0	0	0	0	0	0	0	0	0	0	0	0	0	0	0	0	0	0	0	86	0	0	0	0	0	0	0	0	0	0	0	0	0	0	0	0	0	0	0	0	0	0	0	0	0	0	0
2742601	Limosilactobacillus portuensis	0	0	0	0	0	0	0	0	0	0	0	0	0	0	0	0	0	0	0	0	0	0	0	0	0	20	0	200	0	0	85	0	93	0	141	0	20	0	85	0	0	47	0	0	0	0	0	0	0	0	0	0	0	0	0	0	0	0	0	0	0	0	0	0
2742632	Citrobacter sp. RHBSTW-00053	0	0	0	0	0	0	0	0	0	403	0	0	1154	0	0	0	0	0	0	0	0	0	0	0	0	0	0	0	0	0	0	0	0	0	0	0	0	0	0	0	0	0	0	0	0	0	0	0	0	0	0	0	0	0	0	0	0	0	0	0	0	0	0	0
2742636	Citrobacter sp. RHBSTW-00127	0	0	0	0	0	0	0	0	0	0	0	0	0	0	0	0	0	0	0	0	0	0	0	0	0	0	0	0	0	0	0	0	0	0	0	0	0	0	0	0	0	0	0	0	0	0	0	0	0	0	0	0	0	0	0	0	0	0	0	0	0	0	0	255
2742677	Citrobacter sp. RHBSTW-01013	0	0	0	0	0	0	0	0	0	542	0	0	3647	0	0	0	453	0	0	0	0	0	0	0	0	0	0	0	0	0	0	0	0	0	0	0	0	0	0	0	0	0	0	0	0	0	0	0	0	0	0	0	0	0	0	0	0	0	0	0	0	0	0	0
2743470	Comamonas antarctica	0	0	0	0	0	0	0	0	0	0	0	0	0	0	0	0	0	0	0	0	0	0	93	0	56	0	0	0	0	0	0	0	0	306	0	0	0	0	0	25	0	0	0	0	0	0	0	0	0	0	22	161	0	0	0	0	0	0	0	0	0	0	0	0
2743575	Acinetobacter sp. NEB 394	0	0	0	0	0	0	0	57	73	0	0	96	0	0	0	0	0	0	0	0	0	0	0	0	0	82	0	0	0	0	0	0	0	73	0	0	0	0	0	0	0	0	0	0	0	0	0	0	0	0	106	70	0	0	0	0	0	0	0	0	0	43	0	0
2744517	Mesorhizobium sp. 113-3-9	0	0	96	0	0	0	0	0	0	0	0	0	0	0	0	0	0	0	0	0	0	0	0	0	0	0	0	0	0	0	0	0	0	0	0	0	0	0	0	0	0	0	0	0	0	0	0	0	0	0	0	0	0	0	0	0	0	0	0	0	0	0	0	0
2744518	Mesorhizobium sp. 131-2-1	0	0	0	0	0	0	0	0	0	0	87	0	0	0	0	0	0	0	0	0	0	0	0	0	0	0	0	0	0	0	0	0	0	0	0	0	0	0	0	0	0	0	0	0	0	0	0	0	0	0	0	0	0	0	0	0	0	0	0	0	0	0	0	0
2744574	Actinomyces respiraculi	0	0	12	0	0	27	0	22	0	33	0	0	32	0	15	0	117	0	0	0	24	0	0	0	0	11	0	33	0	0	16	0	10	0	0	0	105	0	0	0	0	15	0	0	0	0	0	0	0	26	0	15	27	73	0	0	12	0	36	0	0	0	0	0
2745196	Amycolatopsis sp. CA-230715	0	0	0	0	0	0	0	0	0	0	0	0	0	0	0	0	0	0	30	0	0	0	0	0	0	0	0	0	0	0	0	0	0	0	0	0	0	0	0	0	0	0	0	0	0	0	0	0	0	0	0	0	0	0	0	0	0	0	0	0	0	0	0	0
2745495	Pseudomonas vanderleydeniana	0	0	0	0	0	0	0	0	0	0	0	0	18	0	0	0	0	0	0	0	0	0	0	0	0	0	0	0	0	0	0	0	0	0	11	0	0	0	0	0	0	0	0	0	0	0	0	0	0	0	0	0	0	0	0	0	0	0	0	0	0	0	0	0
2745503	Pseudomonas iranensis	0	0	0	0	0	0	0	0	0	0	0	188	380	0	0	0	0	0	0	0	0	0	0	0	0	0	0	0	0	0	119	0	0	0	175	0	0	0	0	0	0	867	0	0	0	0	0	0	0	0	0	0	0	0	0	0	0	0	0	0	0	0	0	0
2745504	Pseudomonas hamedanensis	0	0	0	0	0	0	0	0	0	0	0	713	1743	0	0	0	0	0	0	0	0	0	0	0	0	14	0	0	0	0	39	0	0	20	572	0	0	0	0	0	0	68	0	0	0	0	0	0	0	0	0	0	0	0	0	0	0	0	0	0	0	0	0	0
2745509	Pseudomonas monsensis	0	98	60	0	0	0	0	31	0	0	0	0	33	0	0	0	0	0	0	0	0	0	0	0	0	0	0	0	0	0	0	0	0	0	36	0	0	0	0	0	0	0	0	0	0	0	0	0	0	134	0	0	0	0	0	0	0	0	0	0	0	0	0	0
2745510	Pseudomonas zeae	0	0	0	0	0	0	0	0	0	0	0	591	1225	0	0	0	0	0	0	0	0	0	0	0	0	0	0	0	0	0	0	0	0	0	397	0	0	0	0	0	0	0	0	0	0	0	0	0	0	0	0	0	0	0	0	0	0	0	0	0	0	0	0	0
2745511	Pseudomonas tensinigenes	0	0	0	0	0	0	0	0	0	0	0	0	42	0	0	0	0	0	0	0	0	0	0	0	0	0	0	0	0	0	0	0	0	0	53	0	0	0	0	0	0	0	0	0	0	0	0	0	0	0	0	0	0	0	0	0	0	0	0	0	0	0	0	0
2745514	Pseudomonas salmasensis	0	0	22	0	0	0	0	0	0	0	0	0	0	0	0	0	0	0	0	0	0	0	0	0	0	0	0	0	0	0	0	0	0	0	0	0	0	0	0	32	0	0	0	0	0	0	0	0	0	0	0	0	0	0	0	0	0	0	0	0	0	0	0	0
2745518	Pseudomonas tritici	0	0	0	16	0	0	0	0	0	38	0	0	47	0	0	0	49	0	0	0	0	0	0	0	0	0	0	0	0	0	0	0	0	0	0	0	0	0	0	0	0	0	0	0	0	0	0	0	0	0	0	0	0	0	0	0	0	0	0	0	0	0	0	0
2745519	Pseudomonas sp. OE 28.3	0	0	0	0	161	0	0	0	226	27	0	0	0	0	0	0	0	0	0	0	0	0	0	0	0	20	0	0	0	0	17	0	0	0	35	0	0	0	0	0	0	0	0	0	0	0	0	0	0	0	0	0	0	0	0	0	0	0	133	0	0	0	0	0
2747268	Dyadobacter sandarakinus	0	29	0	0	0	0	0	0	0	0	0	0	0	0	0	0	0	0	0	0	0	0	0	0	0	0	0	0	0	0	0	0	0	0	0	0	0	0	0	0	0	0	0	0	0	0	0	0	0	0	0	0	0	0	0	0	0	0	0	0	0	0	0	0
2748316	Capnocytophaga sp. oral taxon 902	0	0	72	0	0	178	0	157	0	870	0	0	0	0	0	0	103	0	0	0	675	0	0	0	0	767	0	150	0	0	0	0	69	0	0	0	824	0	0	0	0	72	0	0	0	0	0	0	0	69	0	0	0	267	0	0	177	0	196	0	0	0	0	0
2748629	Bradyrhizobium quebecense	0	0	28	0	0	0	0	0	0	103	164	0	0	0	0	0	0	0	0	0	0	0	0	0	0	0	0	0	0	0	0	0	77	0	0	0	0	0	0	0	0	116	0	0	189	0	0	0	0	0	0	0	0	0	0	0	0	0	0	0	0	0	0	0
2749432	Treponema sp. B152	0	0	0	0	0	0	0	0	0	0	0	0	0	0	0	0	0	0	0	0	0	0	0	0	0	0	0	0	0	0	0	0	0	0	0	0	115	0	0	0	0	0	0	0	0	0	0	0	0	0	0	0	0	0	0	0	0	0	0	0	0	0	0	0
2749807	Pseudomonas sp. Y39-6	0	0	0	0	0	0	0	0	0	202	0	0	201	0	0	0	264	0	0	0	0	0	0	0	0	0	0	0	0	0	0	0	0	0	0	0	0	0	0	0	0	0	0	0	0	0	0	0	0	0	0	0	0	0	0	0	0	0	0	0	0	0	0	0
2749808	Pseudomonas sp. Y5-11	0	0	0	0	0	0	0	0	0	0	0	0	38	0	0	0	0	0	0	0	0	0	0	0	0	0	0	0	0	0	0	0	0	0	69	0	0	0	0	0	0	0	0	0	0	0	0	0	0	0	0	0	0	0	0	0	0	0	0	0	0	0	0	0
2749844	Micromonospora ferruginea	0	0	0	0	0	0	0	0	0	0	0	0	0	0	0	0	0	0	0	0	0	0	0	0	0	0	0	0	0	0	0	0	0	0	0	0	0	0	0	0	0	0	0	0	0	0	419	0	0	0	0	0	0	0	0	0	0	0	0	0	0	0	0	0
2749961	Lactococcus carnosus	0	0	0	0	0	0	0	0	0	26	0	0	16	0	0	0	0	0	0	0	0	41	0	0	0	0	0	0	0	0	0	0	14	0	28	0	0	0	0	0	0	0	0	0	0	0	0	0	0	42	0	24	0	0	0	0	0	0	0	0	0	0	0	0
2749962	Lactococcus paracarnosus	0	0	38	0	0	0	0	0	0	44	0	0	28	0	0	0	0	0	0	0	0	54	0	0	0	0	0	0	22	0	0	0	15	0	14	0	0	0	0	0	0	0	0	0	0	0	0	0	0	0	0	0	0	0	0	0	0	0	0	0	0	10	0	0
2753607	Rhizobacter sp. AJA081-3	0	0	13	0	0	0	0	0	0	0	0	0	0	0	0	0	0	0	0	0	0	0	0	0	0	0	0	0	0	0	0	0	0	0	0	0	0	0	0	0	0	0	0	0	0	0	0	0	0	0	0	0	0	0	0	0	0	0	0	0	0	0	0	0
2754044	Selenomonas timonae	0	63	119	0	0	792	0	75	0	422	47	0	171	0	30	0	98	0	0	0	122	0	0	0	0	113	0	111	17	0	47	0	96	0	42	0	799	0	0	0	0	102	0	0	36	0	0	0	0	57	0	50	37	742	0	0	723	0	616	0	78	0	21	0
2754694	Chryseobacterium manosquense	0	0	29	0	0	0	0	20	0	0	0	69	0	0	0	0	0	0	0	65	634	0	27	0	157	210	44	232	0	52	17	0	54	114	205	38	35	488	65	0	63	119	0	0	0	339	30	2047	0	48	82	24	878	68	0	62	156	95	159	0	0	0	150	0
2754725	Corynebacterium incognita	0	224	146	15	0	49	0	218	0	61	31	0	0	0	21	0	61	0	24	0	16	0	0	0	0	24	0	158	0	0	204	0	60	0	80	24	1181	0	113	0	0	328	0	0	93	0	0	35	0	10	0	13	37	110	22	0	209	0	50	0	12	0	0	0
2755405	Bacteroides sp. CACC 737	0	78	0	0	0	0	0	103	0	713	0	0	0	0	0	0	155	0	0	0	0	0	0	0	0	0	0	0	0	0	0	0	0	0	0	0	0	0	128	0	0	0	0	0	0	0	0	58	0	0	0	0	0	64	0	0	134	0	0	0	0	0	0	0
2755559	Actinomyces capricornis	0	0	0	0	0	12	0	11	0	12	0	0	19	0	10	0	24	0	0	0	22	0	0	0	0	23	0	37	0	0	0	0	0	0	0	0	82	0	0	0	0	29	0	0	0	0	0	0	0	17	0	10	0	38	0	0	12	0	29	0	0	0	0	0
2758037	Marnyiella aurantia	0	0	0	0	0	0	0	0	0	0	0	0	24	0	0	0	0	0	0	0	0	0	0	0	0	0	0	0	0	0	0	0	0	0	0	0	0	0	0	0	0	0	0	0	0	0	0	0	0	0	0	0	0	0	0	0	0	0	0	0	0	0	0	0
2758041	Aureimonas mangrovi	0	0	0	0	0	0	0	0	0	0	0	0	0	43	36	0	0	0	0	0	0	0	0	0	0	0	0	0	0	0	0	0	0	0	0	0	0	0	0	0	0	0	0	0	0	0	0	0	0	0	0	0	0	0	0	0	0	0	0	0	0	0	0	0
2758440	Changpingibacter yushuensis	0	0	0	0	0	19	0	0	0	0	0	0	0	0	0	0	0	0	0	0	0	0	0	0	0	0	0	0	0	0	0	0	0	0	0	0	0	0	0	0	0	0	0	0	0	0	0	0	0	0	0	0	0	0	0	0	0	0	0	0	0	0	0	0
2758442	Actinotalea sp. JY-7876	0	0	0	0	0	0	0	0	0	0	0	0	0	0	0	0	0	0	0	0	0	0	0	0	0	0	0	0	0	0	0	0	0	0	0	0	88	0	0	0	0	0	0	0	0	0	20	0	0	0	0	0	0	0	0	0	0	0	0	0	0	0	0	0
2758573	Flaviflexus equikiangi	0	17	0	0	0	0	0	0	0	0	0	0	0	0	0	0	0	0	0	0	0	0	0	0	0	0	0	0	0	0	0	0	0	0	0	0	0	0	0	0	0	0	0	0	0	0	0	0	0	0	0	0	0	0	0	0	0	0	0	0	0	0	0	0
2759167	Brachybacterium sp. Z12	0	261	91	0	0	0	0	0	19	0	46	0	0	0	0	0	0	0	0	0	0	0	0	0	0	126	0	0	619	0	0	0	0	0	37	0	0	0	0	0	0	0	0	0	41	0	277	0	129	0	0	81	0	50	0	0	0	0	0	0	22	0	19	0
2759526	Sphingomonas aliaeris	0	0	556	33	0	0	0	18	14	275	0	12	0	0	44	458	0	0	0	0	23	0	0	0	0	109	0	0	0	0	15	0	18	0	60	0	183	0	0	0	0	0	29	0	15	32	0	0	0	99	0	38	0	0	0	0	0	0	0	0	0	0	74	0
2759692	Streptococcus sp. Marseille-Q3533	91	2062	9576	140	33	246	0	948	99	3323	3677	79	7209	0	225	39	768	0	20	17	425	16	199	22	0	304	0	2398	2593	27	198	0	747	17	1442	50	795	0	157	184	0	910	0	39	350	244	29	50	272	10787	422	542	48	462	58482	19	235	0	3621	0	239	44	4516	87
2759943	Protaetiibacter sp. SSC-01	0	0	0	0	0	0	0	0	0	0	0	0	0	0	0	0	0	0	0	0	0	0	0	0	0	26	0	0	0	0	0	0	0	0	0	0	761	0	0	0	0	0	0	0	0	0	0	0	0	0	0	0	0	0	0	0	0	0	0	0	0	0	0	0
2760089	Nocardioides dongkuii	0	46	0	0	0	0	0	0	0	0	0	0	0	0	0	0	0	0	0	0	0	0	0	0	0	0	0	0	0	0	0	0	0	0	0	0	565	0	0	0	0	0	0	0	0	0	375	0	0	0	0	0	0	0	0	0	0	0	0	0	0	0	0	0
2760307	Paracoccus sp. MC1862	0	111	27	0	0	0	0	0	0	0	0	0	0	0	16	0	0	0	0	0	0	0	0	0	0	22	0	183	0	0	0	0	418	0	0	110	332	0	0	0	0	0	0	0	57	0	0	116	0	31	0	0	65	71	71	0	0	0	0	0	0	0	11	0
2760308	Propioniciclava sp. MC1595	0	0	0	0	0	0	0	0	0	0	0	0	0	0	13	0	0	0	0	0	0	0	0	0	0	0	0	0	0	0	0	0	16	0	0	0	20	0	0	0	0	0	0	0	0	0	0	0	0	0	0	0	0	0	0	0	0	0	0	0	0	0	0	0
2760705	Nocardioides sp. InS609-2	0	0	0	0	0	0	0	0	0	0	0	0	0	0	0	0	0	0	0	0	0	0	0	0	0	0	0	0	0	0	0	0	0	0	0	0	402	0	0	0	0	0	0	0	0	0	139	0	0	0	0	0	0	0	0	0	0	0	0	0	0	0	0	0
2761047	Janibacter sp. YB324	0	50	72	0	0	0	0	0	0	0	0	0	0	0	0	0	0	0	0	0	0	0	0	0	0	0	0	0	0	0	0	0	0	0	0	0	0	0	0	0	0	48	0	0	0	0	0	305	0	0	0	0	94	0	0	0	0	0	0	0	0	0	0	0
2761107	Luteimonas sp. MC1825	0	0	0	0	0	0	0	0	0	0	0	0	0	0	0	0	0	0	0	0	0	0	0	0	0	0	0	0	0	0	0	0	0	0	0	0	0	0	0	0	0	0	0	0	0	0	0	61	0	0	0	0	0	0	0	0	0	0	0	0	0	0	0	0
2762323	Variovorax sp. PAMC28562	0	0	0	0	0	0	0	0	0	0	0	0	0	41	0	0	0	0	0	0	0	0	0	0	0	0	0	0	0	0	0	0	0	0	0	0	0	0	0	0	0	0	0	0	0	0	0	0	0	0	0	0	0	0	0	0	0	0	0	0	0	0	0	0
2762325	Nakamurella sp. PAMC28650	0	0	0	0	0	0	0	0	0	0	0	0	0	0	0	0	0	0	0	0	0	0	0	0	0	0	0	0	0	0	0	0	0	0	0	0	17	0	0	0	0	0	0	0	0	0	0	0	0	0	0	0	0	0	0	0	0	0	0	0	0	0	0	0
2762331	Dermacoccus sp. PAMC28757	0	26	0	0	0	24	0	45	0	0	0	0	0	0	16	0	17	0	0	0	0	0	14	0	0	30	0	1710	0	0	178	0	824	0	302	0	834	0	184	0	0	2233	0	0	0	0	0	0	0	0	0	0	0	10	0	0	0	0	16	0	0	0	0	0
2762577	Pseudomonas kielensis	0	0	0	0	0	0	0	0	0	0	0	0	29	0	0	0	0	0	0	0	0	0	0	0	0	0	0	0	0	0	0	0	0	0	21	0	0	0	0	0	0	0	0	0	0	0	0	0	0	0	0	0	0	0	0	0	0	0	0	0	0	0	0	0
2762748	Sphingosinithalassobacter sp. CS137	0	0	24	0	0	0	0	0	0	13	0	0	0	0	0	0	0	0	0	0	0	0	0	0	0	0	0	0	0	0	0	0	0	0	0	0	42	0	0	0	0	0	0	26	0	0	359	0	0	0	0	0	0	0	0	0	0	0	0	0	0	0	0	0
2762896	Pseudomonas sp. MPDS	0	0	0	0	0	0	0	0	0	0	0	31802	74519	0	0	0	0	0	0	0	0	0	0	0	0	658	0	0	0	0	0	0	0	393	15680	0	0	0	0	0	0	0	0	0	0	0	0	0	0	0	0	0	0	0	0	0	0	0	0	0	0	0	0	0
2763008	Nocardioides sp. zg-1228	0	370	0	0	0	0	0	67	0	0	0	0	0	0	0	0	0	0	0	0	0	0	0	0	0	0	0	0	0	0	0	0	0	0	0	68	24300	0	0	0	0	0	0	0	0	0	279	0	0	0	0	0	0	0	0	0	0	0	0	0	0	0	0	0
2763010	Corynebacterium lujinxingii	35	35808	3484	1191	160	3552	147	37485	28	3467	1450	14	773	349	4525	27	1933	52	1760	11	132	391	82	0	19	4615	17	15262	96	166	24285	21	11361	28	8197	1987	95745	228	68215	412	279	103336	178	206	22940	580	45	1446	0	327	0	229	955	3460	2698	35	856	20	1409	46	443	0	1523	429
2763022	Bacteroides sp. M10	0	21	0	0	0	0	0	46	0	35	0	0	0	0	0	0	40	0	0	0	0	0	0	0	0	0	0	0	0	0	26	0	0	0	23	0	0	0	199	0	0	0	0	0	0	0	0	32	0	0	0	0	0	0	0	0	0	0	0	0	0	0	0	0
2763056	Oscillibacter hominis	0	233	0	0	12	230	0	139	0	574	0	0	0	0	0	0	174	0	0	0	0	0	0	0	0	0	0	0	0	0	0	0	0	0	22	0	0	0	4126	0	0	12	0	0	0	0	0	93	0	0	0	0	0	0	63	0	162	0	14	0	0	0	0	0
2763062	Roseburia rectibacter	0	261	14	0	0	103	0	262	59	870	0	0	0	0	0	22	471	0	0	0	0	14	0	0	0	0	0	0	0	0	0	0	0	0	97	0	0	47	15120	0	0	0	0	0	0	0	19	182	0	0	0	0	0	20	107	48	238	0	23	0	0	0	0	0
2763068	Streptococcus sp. NSJ-72	0	113	249	0	0	204	0	170	0	402	763	0	279	0	0	0	73	0	0	0	101	0	0	0	0	172	0	84	143	0	0	0	69	0	155	0	260	0	61	0	0	85	0	0	0	0	0	0	0	96	0	0	0	116	0	0	61	0	212	0	0	0	299	0
2763257	Microbacterium sp. YJN-G	0	0	70	66	0	32	0	0	0	15	0	0	0	0	0	0	11	0	0	0	0	0	0	0	0	253	0	0	0	0	0	0	0	0	13	0	251	0	0	0	0	0	77	0	0	0	15	0	0	0	0	0	0	0	47	0	0	0	0	0	0	0	0	0
2763540	Actinomyces trachealis	0	0	0	0	0	0	0	0	0	0	0	0	20	0	0	0	0	0	0	0	0	0	0	0	0	0	0	13	0	0	0	0	0	0	0	0	22	0	0	0	0	18	0	0	0	0	0	0	0	0	0	0	0	13	0	0	0	0	12	0	0	0	0	0
2763667	Wansuia hejianensis	0	404	0	0	0	147	0	60	0	536	0	0	0	0	0	0	398	0	0	0	0	0	0	0	0	0	0	0	0	0	0	0	0	0	0	0	0	10	2273	0	0	0	0	0	0	0	0	116	0	0	0	10	0	11	116	15	310	0	0	0	0	0	0	0
2763669	Qiania dongpingensis	0	79	0	0	0	56	0	20	0	102	0	0	0	0	0	0	83	0	0	0	0	0	0	0	0	0	0	0	0	0	0	0	0	0	0	0	0	0	364	0	0	0	0	0	0	0	0	12	0	0	0	0	0	0	44	0	87	0	0	0	0	0	0	0
2763670	Wujia chipingensis	0	161	13	0	138	1589	0	186	0	214	33	0	0	0	15	18	369	0	0	0	12	0	0	0	0	0	0	25	0	0	0	0	0	0	12	0	33	0	2720	0	0	100	0	0	0	130	0	52	0	0	0	0	0	31	51	24	148	0	20	0	0	0	0	0
2763672	Simiaoa sunii	0	2198	57	0	17	205	51	3123	234	11308	0	0	21	0	36	68	1691	0	0	0	21	24	0	0	0	23	0	24	0	0	20	0	0	0	1418	0	24	175	122150	0	0	68	0	0	0	20	56	626	0	13	29	35	48	212	307	360	970	0	132	0	86	0	0	19
2764185	Lysobacter sp. CJ11	0	0	0	0	0	0	0	0	0	0	0	0	0	0	0	0	0	0	0	0	0	0	0	0	0	0	0	0	0	0	0	0	0	0	0	0	0	0	20	0	0	0	0	0	0	0	0	0	0	0	0	0	0	0	0	0	0	0	0	0	0	0	0	0
2766470	Leuconostoc falkenbergense	0	0	60	170	0	492	0	34	25	1648	0	207	22415	0	68	329	8258	0	37	0	0	12	0	0	0	0	0	63	84	0	59	0	291	0	381	0	217	0	0	0	0	96	0	0	0	0	0	0	0	14	0	0	0	61	0	0	0	0	0	0	0	0	0	0
2766537	Caproicibacterium amylolyticum	0	14	0	0	0	0	0	0	0	0	0	0	0	0	0	0	0	0	0	0	0	0	0	0	0	0	0	0	0	0	0	0	0	0	0	0	0	0	34	0	0	0	0	0	0	0	0	0	0	0	0	0	0	0	0	0	0	0	0	0	0	0	0	0
2766701	Treponema sp. Marseille-Q4132	0	57	0	0	0	28	0	21	0	52	0	0	0	0	0	0	35	0	0	0	67	0	0	0	0	0	0	16	0	0	12	0	38	0	16	0	135	0	0	0	0	0	0	0	0	0	0	0	0	0	0	0	0	166	0	0	32	0	65	0	0	0	0	0
2766784	Microbacterium sp. Nx66	0	0	0	579	0	0	0	0	0	0	0	0	0	0	0	0	0	0	0	0	0	0	0	0	0	6893	0	0	113	0	0	0	71	0	40	0	0	0	0	0	0	0	911	272	0	0	0	0	0	0	0	109	0	0	0	0	0	0	0	0	0	0	0	0
2768069	Streptomyces xanthii	0	0	0	0	0	0	0	0	0	0	0	0	0	0	0	0	0	0	0	0	0	0	0	0	0	0	0	0	0	0	0	0	0	0	0	0	191	0	0	0	0	0	0	0	0	0	0	0	0	0	0	0	0	0	0	0	0	0	0	0	0	0	0	0
2768071	Clavibacter zhangzhiyongii	0	0	0	0	0	0	0	0	0	0	0	0	0	0	0	0	0	0	0	0	0	0	0	0	0	0	0	0	0	0	0	0	0	0	0	0	585	0	0	0	0	0	0	0	0	0	0	0	0	0	0	0	0	0	0	0	0	0	0	0	0	0	0	0
2768161	Roseomonas marmotae	0	0	22	0	0	0	0	0	0	0	0	0	0	70	56	0	0	0	0	0	0	0	0	0	0	0	0	0	0	0	0	0	0	0	0	43	10184	0	0	0	0	0	0	0	0	0	0	0	0	0	0	0	0	0	0	0	0	0	0	0	0	0	0	0
2768162	Roseomonas haemaphysalidis	0	34	20	0	0	0	0	0	0	0	0	0	0	15	13	0	0	0	0	0	0	0	0	0	0	0	0	0	0	0	0	0	0	0	0	0	1836	0	0	0	0	0	0	0	0	0	0	0	0	25	0	0	0	0	0	0	0	0	0	0	0	0	0	0
2768834	Corynebacterium zhongnanshanii	0	15	10	0	0	0	0	12	0	0	0	0	0	0	0	0	14	0	0	0	0	0	0	0	0	0	0	19	0	0	0	0	10	0	0	0	11	0	0	0	0	27	0	0	0	0	0	15	0	0	0	0	0	15	0	0	15	0	0	0	0	0	0	0
2769067	Microbacterium chengjingii	0	0	0	0	0	0	0	0	0	0	0	0	0	0	0	0	0	0	0	0	0	0	0	0	0	0	0	0	0	0	0	0	0	0	0	0	35	0	0	0	0	0	0	0	0	0	0	0	0	0	0	0	0	0	0	0	0	0	0	0	0	0	0	0
2769491	Massilia litorea	0	0	22	0	0	0	0	0	0	0	0	0	0	0	0	0	0	0	0	0	0	0	0	0	0	0	0	0	0	0	0	0	0	0	0	0	0	0	0	0	0	0	0	0	0	0	0	0	0	0	0	0	548	0	0	0	0	0	0	0	0	23	0	0
2770322	Stenotrophomonas sp. 169	0	0	0	0	0	0	0	0	0	0	0	0	0	0	0	0	0	0	0	0	0	0	0	0	0	13	0	0	0	0	0	0	0	0	0	0	0	0	0	0	0	0	0	0	0	0	0	0	0	0	0	0	0	0	0	0	0	0	0	0	0	0	0	0
2771361	Roseococcus microcysteis	0	0	0	0	0	0	0	0	0	0	0	0	0	0	0	0	0	0	0	0	0	0	0	0	0	0	0	0	0	0	0	0	0	0	0	0	44	0	0	0	0	0	0	0	0	0	0	0	0	0	0	0	0	0	0	0	0	0	0	0	0	0	0	0
2771436	Thermomonas sp. XSG	0	0	0	0	0	0	0	0	0	0	0	0	0	0	0	0	0	0	0	0	0	0	0	0	0	39	0	20	0	0	0	0	0	99	22	0	0	0	0	0	0	24	0	0	0	0	0	1344	0	0	0	0	274	0	0	0	0	0	0	0	0	0	0	0
2772254	Psychrobacter sp. 28M-43	0	128	0	0	0	0	0	0	0	0	0	0	0	0	0	0	0	0	0	0	0	0	0	0	0	0	0	0	0	0	0	0	0	0	0	0	0	0	0	0	0	0	0	0	0	0	0	0	0	0	0	0	0	0	0	0	0	0	0	0	0	0	0	0
2773266	Agreia sp. COWG	0	0	0	0	0	0	0	0	0	0	0	0	0	0	0	0	0	0	0	0	0	0	0	0	0	0	0	0	0	0	0	0	0	0	0	0	228	0	0	0	0	0	0	0	0	0	0	0	0	0	0	0	0	0	0	0	0	0	0	0	0	0	0	0
2773308	Halomonas sp. YLGW01	0	0	0	0	0	0	0	0	0	0	0	0	0	0	0	0	0	0	0	0	0	0	0	0	0	0	0	501	0	0	0	0	0	0	0	0	0	0	0	0	0	0	0	0	0	0	0	0	0	0	0	0	0	0	0	0	0	0	0	0	0	0	0	0
2774015	Pectobacterium quasiaquaticum	0	0	0	37	0	0	0	0	0	314	0	0	617	0	0	0	76	0	0	0	0	0	0	0	0	0	0	0	0	0	0	0	0	0	0	0	0	0	0	0	0	0	0	0	0	0	0	0	0	0	0	0	0	0	0	0	0	0	0	0	0	0	0	0
2774137	Devosia rhizoryzae	0	142	85	0	0	0	0	45	0	0	0	0	0	0	0	0	0	0	0	0	0	0	0	0	0	0	0	0	0	0	0	0	0	0	0	0	0	0	0	0	0	0	0	0	134	0	193	70	0	0	0	74	0	0	0	0	0	0	38	0	0	0	0	0
2774189	Brevundimonas pondensis	0	0	0	0	0	0	0	23	0	0	0	0	0	0	0	0	0	0	0	0	0	0	146	0	37	56	0	0	0	23	20	83	67	85	0	49	0	29	0	0	0	34	0	0	0	0	0	0	0	0	69	389	0	0	0	35	0	0	0	0	0	99	0	0
2774459	Pseudomonas sp. IzPS59	0	0	0	0	0	0	0	0	0	0	0	22	37	0	0	0	0	0	0	0	0	0	0	0	0	0	0	0	0	0	0	0	0	0	20	0	0	0	0	0	0	0	0	0	0	0	0	0	0	0	0	0	0	0	0	0	0	0	0	0	0	0	0	0
2774460	Pseudomonas allokribbensis	0	0	0	0	0	0	0	0	0	0	0	537	1197	0	0	0	0	0	0	0	0	0	0	0	0	17	0	0	0	0	0	0	0	0	274	0	0	0	0	0	0	0	0	0	0	0	0	0	0	0	0	0	0	0	0	0	0	0	0	0	0	0	0	0
2774461	Pseudomonas gozinkensis	0	0	0	0	0	0	0	0	0	0	0	21	48	0	0	0	0	0	0	0	0	0	0	0	0	0	0	0	0	0	0	0	0	0	30	0	0	0	0	0	0	0	0	0	0	0	0	0	0	0	0	0	0	0	0	0	0	0	0	0	0	0	0	0
2775081	Propioniciclava soli	0	0	0	0	0	11	0	0	0	0	0	0	0	0	0	0	0	0	0	0	0	0	0	0	0	0	0	0	0	0	0	0	436	0	0	0	46	0	0	0	0	0	0	0	0	0	0	0	0	0	0	0	0	0	0	0	0	0	0	0	0	0	0	0
2775403	Rhizobium sp. TH2	0	0	0	0	0	0	0	0	0	0	0	0	0	0	12	0	0	0	0	0	0	0	0	0	0	0	0	0	0	0	0	0	0	0	0	0	0	0	0	0	0	0	0	0	0	0	19	0	0	0	0	0	0	0	0	0	0	0	0	0	0	0	0	0
2775420	Skermanella sp. TT6	76	0	0	1122	0	0	0	0	0	0	0	0	0	0	0	0	0	0	0	0	0	0	0	0	0	0	0	0	0	0	0	0	0	265	0	0	0	0	0	0	0	0	15153	0	0	0	118	47	0	0	0	0	314	0	0	0	0	0	0	0	0	0	32	0
2777475	Mesorhizobium sp. J8	0	0	40	0	0	0	0	0	0	0	0	0	0	0	0	0	0	0	0	0	0	0	0	0	0	0	0	0	0	0	0	0	0	0	0	0	0	0	0	0	0	0	0	0	0	0	0	0	0	0	0	0	0	0	0	0	0	0	0	0	0	0	0	0
2777556	Brevibacterium sp. SMBL_HHYL_HB1	0	0	0	0	0	0	0	0	0	0	0	0	0	0	0	0	42	0	0	0	0	0	15	0	0	12	0	0	0	0	0	0	0	0	0	0	0	0	0	0	0	0	0	0	0	20	36	0	0	0	0	0	0	0	0	0	0	0	0	0	0	0	0	0
2777983	Paenibacillus sp. JNUCC-31	0	0	0	0	0	0	0	0	0	0	0	0	0	0	0	0	139	0	0	0	0	0	0	0	0	0	0	0	0	0	0	0	0	0	0	0	0	0	0	0	0	0	0	0	0	0	0	0	0	0	0	0	0	0	0	0	0	0	0	0	0	0	0	0
2778070	Amycolatopsis sp. FDAARGOS 1241	0	0	0	0	0	0	0	0	0	0	0	0	0	0	0	0	0	0	0	0	0	0	0	0	0	0	0	0	0	0	0	0	0	0	0	0	28	0	0	0	0	0	0	0	0	0	0	0	0	0	0	0	0	0	0	0	0	0	0	0	0	0	0	0
2778078	Corynebacterium sp. FDAARGOS 1242	0	2702	355	50	42	498	0	1263	0	73	48	0	100	121	214	50	1496	0	0	0	54	205	120	0	0	88	0	109	0	0	149	0	128	115	55	3674	7385	0	300	0	0	203	0	0	74	129	0	148	0	92	0	83	265	336	463	74	1689	0	184	0	54	0	28	0
2778550	Pectobacterium parvum	0	0	0	63	0	0	0	0	21	685	0	33	1357	0	0	0	191	0	0	0	0	0	0	0	0	0	0	0	0	0	0	0	0	0	0	0	0	0	0	0	0	0	0	0	0	0	0	0	0	0	0	0	0	0	0	0	0	0	0	0	0	0	0	0
2778902	Mucilaginibacter sp. 21P	0	0	0	231	0	0	0	34	0	0	0	0	0	0	0	0	0	0	0	0	0	0	0	0	0	0	0	0	0	0	0	0	0	0	0	0	0	0	0	0	0	0	36	0	0	0	0	0	0	0	0	0	0	0	0	0	0	0	0	0	0	0	0	0
2778911	Rodentibacter haemolyticus	0	0	0	0	0	0	0	0	0	11	0	0	0	0	0	0	0	0	0	0	0	0	0	0	0	0	0	0	0	0	0	0	0	0	0	0	0	0	0	0	0	0	0	0	0	0	0	0	0	0	0	0	0	0	0	0	0	0	0	0	0	0	0	0
2779518	Blautia liquoris	0	89	0	0	0	11	0	18	0	80	0	0	0	0	0	0	95	0	0	0	0	0	0	0	0	0	0	0	0	0	0	0	0	0	0	0	0	0	486	0	0	0	0	0	0	0	0	15	0	0	0	0	0	0	49	0	40	0	0	0	0	0	0	0
2780074	Novosphingobium sp. ES2-1	0	0	0	0	0	0	0	0	0	0	0	0	0	0	0	0	0	0	0	0	0	0	0	0	0	0	0	0	0	0	0	0	0	31	0	0	0	0	0	0	0	0	0	0	0	0	0	0	0	0	0	0	0	0	0	0	0	0	0	0	0	0	0	0
2780922	Solibaculum mannosilyticum	0	64	0	0	0	39	0	38	0	178	0	0	0	0	0	0	70	0	0	0	0	0	0	0	0	0	0	0	0	0	0	0	0	0	0	0	0	0	462	0	0	0	0	0	0	0	0	23	0	0	0	0	0	0	24	0	34	0	0	0	0	0	0	0
2781735	Saccharothrix sp. 6-C	0	0	0	0	0	0	0	0	0	0	0	0	0	0	0	0	0	0	0	0	0	0	0	0	0	0	0	0	0	0	0	0	0	0	0	0	43	0	0	0	0	0	0	0	0	0	69	0	0	0	0	0	0	0	0	0	0	0	0	0	0	0	0	0
2781774	Staphylococcus lloydii	0	448	38	0	0	0	0	44	0	0	17	0	0	0	0	0	15	0	0	0	0	0	0	0	0	0	0	16	0	0	107	0	11	0	10	22	1041	0	0	0	0	97	0	0	82	0	0	12	0	0	0	0	0	18	0	0	0	0	12	0	0	0	16	10
2781901	uncultured Lichenicoccus sp.	0	0	0	0	0	0	0	0	0	0	0	0	0	0	0	0	0	0	0	0	0	0	0	0	0	0	0	0	0	0	0	0	0	0	0	0	0	0	0	0	0	0	0	0	0	0	0	0	0	0	0	0	0	0	0	0	15	0	0	0	0	0	0	0
2781952	Citrobacter sp. BDA59-3	0	0	38	0	0	0	0	0	0	0	0	0	0	0	0	0	0	0	0	0	0	0	0	0	0	0	0	0	0	0	0	0	0	0	0	0	0	0	0	0	0	0	0	0	0	0	0	0	0	0	0	0	0	0	0	0	0	0	0	0	0	0	0	0
2781962	Agromyces archimandritae	0	0	0	0	0	0	0	0	0	0	0	0	0	0	0	0	0	0	0	0	0	0	0	0	0	11	0	0	0	0	0	0	0	0	0	0	579	0	0	0	0	0	0	0	0	0	0	0	0	0	0	0	0	0	0	0	0	0	0	0	0	0	0	0
2781978	Leifsonia sp. ZF2019	0	0	0	462	0	0	0	0	0	0	0	0	0	0	0	0	0	0	0	0	0	0	0	0	0	1649	0	0	0	0	0	0	0	0	0	0	1047	0	0	0	0	0	882	0	0	0	0	0	0	0	0	0	0	0	0	0	0	0	0	0	0	0	0	0
2782166	Microbacterium abyssi	0	0	0	0	0	0	0	0	0	0	0	0	0	0	0	0	0	0	0	0	0	0	0	0	0	84	0	0	0	0	0	0	0	0	0	0	0	0	0	0	0	0	15	0	0	0	560	56	0	0	0	0	0	0	0	0	0	0	0	0	0	0	0	0
2782167	Microbacterium luteum	0	0	23	12	0	0	0	0	0	0	0	0	0	0	0	0	13	0	0	0	0	0	0	0	0	121	0	0	0	0	17	0	0	0	44	0	228	0	55	0	0	0	16	32	0	0	49	55	0	0	134	0	115	0	0	0	0	0	0	0	0	0	0	0
2782168	Microbacterium atlanticum	0	0	0	0	0	0	0	0	0	0	0	0	0	0	0	0	0	0	0	0	0	0	0	0	0	28	0	0	0	0	0	0	0	0	0	0	0	0	0	0	0	0	0	0	0	0	0	0	0	0	0	0	0	0	0	0	0	0	0	0	0	0	0	0
2782169	Microbacterium cremeum	0	0	13	0	0	0	0	0	0	0	0	0	0	0	0	0	0	0	0	0	0	0	0	0	0	45	0	0	0	0	0	0	0	0	0	0	0	0	0	0	0	0	0	0	0	0	0	0	0	0	0	0	0	0	0	0	0	0	0	0	0	0	0	0
2782641	Bradyrhizobium sp. 170	0	0	57	0	0	0	0	0	0	0	0	0	0	0	0	0	0	0	0	0	0	0	0	0	0	0	0	0	0	0	0	0	0	0	0	0	0	0	0	0	0	0	0	0	0	0	0	0	0	0	0	0	0	0	0	0	0	0	0	0	0	0	0	0
2785025	Anaeromicropila herbilytica	0	11	0	0	0	0	0	0	0	0	0	0	0	0	0	0	10	0	0	0	0	0	0	0	0	0	0	0	0	0	0	0	0	0	0	0	0	0	90	0	0	0	0	0	0	0	0	0	0	0	0	0	0	0	0	0	0	0	0	0	0	0	0	0
2785531	Bacteroides sp. HF-162	0	0	0	0	0	0	0	169	0	732	0	0	0	0	0	0	135	0	0	0	0	0	0	0	0	0	0	0	0	0	0	0	0	0	0	0	0	0	506	0	0	0	0	0	0	0	0	119	0	0	0	0	0	0	0	0	174	0	0	0	0	0	0	0
2787628	Treponema peruense	0	0	0	0	0	0	0	12	0	84	0	0	0	0	0	0	19	0	0	0	0	0	0	0	0	0	0	0	0	0	0	0	0	0	0	0	0	0	78	0	0	0	0	0	0	0	0	15	0	0	0	0	0	0	0	0	0	0	0	0	0	0	0	0
2787751	Taurinivorans muris	0	0	0	0	0	0	0	0	0	0	0	0	0	0	0	0	0	0	0	0	0	0	0	0	0	0	0	0	0	0	0	0	0	0	0	0	0	0	11	0	0	0	0	0	0	0	0	0	0	0	0	0	0	0	0	0	0	0	0	0	0	0	0	0
2789327	Sphingobium sp. Cam5-1	0	0	43	0	0	0	0	0	0	24	0	0	0	0	0	0	0	0	0	0	0	0	0	0	0	0	0	0	0	0	0	0	0	0	0	0	0	0	0	0	0	0	0	0	0	0	0	0	0	0	0	0	0	0	0	0	0	0	0	0	0	0	21	0
2789424	Actinomyces sp. HMT897	0	125	282	69	0	198	86	182	51	1778	112	0	84	0	125	0	278	0	0	0	0	49	0	0	0	150	0	415	37	0	112	0	272	0	737	0	542	0	0	0	0	506	0	0	130	0	0	65	0	1104	0	248	99	523	57	0	102	0	982	0	368	0	89	0
2789425	Actinomyces sp. HMT 175	189	988	1754	3372	45	870	0	1825	104	1692	446	0	1925	0	522	66	4367	0	0	0	1556	56	0	0	0	3997	0	5934	138	0	693	52	1519	0	1979	301	26596	56	223	36	0	5779	0	0	496	256	0	371	0	1741	0	843	641	3945	1472	0	679	258	5251	199	331	583	301	720
2792224	Diaphorobacter sp. JS3051	316	0	0	0	0	0	0	319	271	0	112	0	0	0	0	284	0	0	0	0	0	0	0	0	0	204	0	184	0	0	0	0	0	386	192	0	0	0	325	0	0	0	0	0	0	0	0	0	0	0	0	0	0	0	0	280	0	0	0	0	0	1432	167	0
2792479	Lysinibacillus sp. JNUCC-51	0	0	0	0	0	0	0	0	0	0	0	0	0	0	0	0	0	0	0	0	0	0	0	0	0	0	0	0	0	0	0	0	0	0	0	0	0	0	28	0	0	0	0	0	0	0	0	0	0	0	0	0	0	0	0	0	0	0	0	0	0	0	0	0
2792859	Bacteroides humanifaecis	0	216	0	0	0	0	0	550	171	5024	0	0	0	0	0	0	457	0	0	0	0	0	0	0	0	0	0	0	0	0	0	0	0	0	0	0	0	0	1354	0	0	0	0	0	0	0	0	544	0	0	0	0	0	0	0	0	367	0	0	0	0	0	0	0
2792977	Gardnerella piotii	17	0	43	0	36	0	0	132	68	0	23	0	0	0	0	108	240	0	0	0	0	74	0	0	0	0	0	74	0	0	0	24	0	16	170	0	0	91	63	40	0	30	0	0	45	0	106	0	0	0	41	0	18	0	0	0	52	0	19	0	0	0	0	0
2792978	Gardnerella leopoldii	59	239	738	0	120	0	0	341	443	0	58	47	0	0	0	689	192	0	0	0	0	616	0	52	129	0	38	112	63	24	37	78	0	16	59	26	79	447	151	481	0	54	0	163	129	0	339	44	0	0	131	0	42	17	209	56	37	37	72	19	0	96	154	26
2792979	Gardnerella swidsinskii	94	1516	5745	19	146	34	0	394	263	43	282	27	34	0	68	482	1255	0	0	0	19	478	0	0	0	52	67	47	269	0	78	0	40	0	43	0	39	59	42	428	0	54	0	136	487	0	27	42	0	44	0	21	22	65	1660	0	180	0	37	64	25	58	128	41
2794089	Schaalia sp. 19OD2882	0	0	0	0	0	0	0	0	0	0	0	0	0	0	0	0	0	0	0	0	0	0	0	0	0	0	0	0	0	0	0	0	0	0	0	0	0	0	0	0	0	0	0	0	0	0	0	0	0	0	0	0	0	0	47	0	0	0	0	0	0	0	0	0
2795215	Brachybacterium halotolerans	0	0	0	0	0	0	0	0	0	0	0	0	0	0	0	0	0	0	0	0	0	0	0	0	0	0	0	0	0	0	0	0	0	0	0	0	0	0	79	0	0	0	0	0	0	0	232	0	0	0	0	0	0	0	0	0	0	0	0	0	0	0	0	0
2795488	Curtobacterium sp. YC1	0	0	0	0	0	0	0	0	0	0	0	0	0	0	0	0	25	0	0	0	0	0	0	0	0	0	0	0	0	0	0	0	0	0	0	0	282	0	0	0	0	0	0	0	0	0	0	0	0	0	0	0	0	0	0	0	0	0	0	0	0	0	0	0
2795690	Kaistia sp. 32K	0	0	0	0	0	0	0	0	0	0	0	0	0	0	0	0	0	0	0	0	0	0	0	0	0	0	0	0	0	0	0	0	21	0	0	0	0	0	0	0	0	0	0	0	0	0	0	0	0	0	0	0	0	0	0	0	0	0	0	0	0	0	0	0
2795738	Sphingobacterium sp. UDSM-2020	0	0	20	0	0	0	0	0	0	48	0	0	0	0	0	0	0	0	0	0	0	0	0	0	0	0	0	0	0	0	0	0	0	0	0	0	79	0	0	0	0	0	0	0	0	0	0	0	0	115	68	14	0	0	0	0	0	0	0	0	0	0	0	0
2799325	Luteimonas sp. MC1572	0	0	0	0	0	0	0	0	0	0	0	0	0	0	0	0	0	0	0	0	0	0	0	0	0	25	0	0	0	0	0	0	0	0	0	0	0	0	0	0	0	0	0	0	0	0	0	0	0	0	0	0	0	0	0	0	0	0	0	0	0	0	0	0
2799326	Luteimonas sp. MC1750	0	0	0	0	0	0	0	0	0	0	0	0	0	0	0	0	0	0	0	0	0	0	0	0	0	23	0	48	0	0	0	0	0	0	0	0	0	0	0	0	0	0	0	0	0	0	0	0	0	0	0	0	0	0	0	0	0	0	0	0	0	0	0	0
2799680	Staphylococcus sp. 11-B-312	0	5057	1205	0	0	45	0	5477	0	0	104	0	0	0	84	0	40	0	0	0	0	0	0	0	0	112	0	76	0	0	5293	0	272	0	332	2250	108389	0	573	0	0	2521	0	50	733	0	0	86	0	0	0	0	0	108	0	0	44	0	70	0	22	0	758	101
2801335	Devosia oryziradicis	0	0	0	0	0	0	0	0	0	0	0	0	0	0	0	0	0	0	0	0	0	0	0	0	0	0	0	0	0	0	0	0	0	0	0	0	0	0	0	0	0	0	0	0	0	0	46	0	0	0	0	0	0	0	0	0	0	0	0	0	0	0	0	0
2801997	Prevotella herbatica	0	0	0	0	0	0	0	0	0	0	0	0	25	0	0	0	0	0	0	0	0	0	0	0	0	0	0	0	0	0	0	0	0	0	0	0	0	0	0	0	0	0	0	0	0	0	0	0	0	0	0	0	0	0	0	0	0	0	0	0	0	0	0	0
2802641	Kutzneria sp. CA-103260	0	0	0	0	0	0	0	0	0	0	0	0	0	0	0	0	0	0	0	0	0	0	0	0	0	0	0	0	0	0	0	0	0	0	0	0	31	0	0	0	0	0	0	0	0	0	0	0	0	0	0	0	0	0	0	0	0	0	0	0	0	0	0	0
2803858	Nocardioides faecalis	0	0	0	0	0	0	0	0	0	0	0	0	0	0	0	0	0	0	0	0	0	0	0	0	0	0	0	0	0	0	0	0	0	0	0	0	298	0	0	0	0	0	0	0	0	0	322	0	0	0	0	0	0	0	0	0	0	0	0	0	0	0	0	0
2804617	Sphingomonas sp. LHG3406-1	0	0	14	0	0	0	0	0	0	0	0	0	0	0	0	0	0	0	0	0	0	0	0	0	0	0	0	0	0	0	0	0	11	0	0	0	0	0	0	0	0	0	0	0	0	0	0	0	0	0	0	0	0	0	0	0	0	0	0	0	0	0	0	0
2804917	Corynebacterium pseudokroppenstedtii	75	835	2826	86	77	403	16	450	30	546	442	0	76	0	187	40	317	0	26	24	206	78	0	0	19	787	46	27592	86	243	2777	42	6914	136	13440	137	2813	53	1443	117	37	8574	0	43	2029	147	38	220	0	149	17	115	249	442	85	43	270	42	358	34	345	0	734	19
2806346	Rhizobium sp. SL42	0	0	0	0	0	0	0	0	0	0	0	0	0	0	0	0	0	0	0	0	0	0	0	0	0	0	0	0	0	0	0	0	0	0	0	0	0	0	0	0	0	0	0	0	0	0	22	0	0	0	0	0	0	0	0	0	0	0	0	0	0	0	0	0
2806443	Turicibacter sp. TJ11	0	46	0	0	0	0	0	0	0	0	0	0	0	0	0	0	0	0	0	0	0	28	0	0	0	0	0	0	0	0	0	0	0	0	0	0	0	0	0	0	0	0	0	0	0	0	0	0	0	0	0	0	0	0	0	0	0	0	0	0	0	0	0	11
2806552	Bulleidia sp. zg-1006	0	14	12	0	0	32	0	0	0	20	0	0	0	0	0	0	0	0	0	0	0	0	0	0	0	0	0	0	0	0	0	0	0	0	0	0	0	0	28	0	0	0	0	0	0	0	0	0	0	11	0	0	0	0	0	0	0	0	0	0	0	0	0	0
2807096	Neotabrizicola shimadae	0	0	0	0	0	0	0	38	0	0	0	0	0	0	0	0	0	0	0	0	0	0	0	0	0	0	0	0	0	0	0	0	0	0	0	0	0	0	0	0	0	0	0	0	0	0	0	32	0	0	0	0	0	0	0	0	0	0	0	0	0	0	0	0
2807101	Microvirga sp. VF16	0	0	0	0	0	0	0	0	0	0	0	0	0	50	46	0	0	0	0	0	0	0	0	0	0	20	0	0	0	0	0	0	0	0	0	0	0	0	0	0	0	0	0	0	0	0	0	0	0	0	0	0	61	0	0	0	0	0	0	0	0	0	0	0
2809708	Microbacterium sp. EF45047	0	0	0	0	0	0	0	0	0	0	0	0	0	0	0	0	0	0	0	0	0	0	0	0	0	162	0	0	0	0	0	0	0	0	0	0	0	0	0	0	0	0	0	0	0	0	0	0	0	0	0	0	0	0	0	0	0	0	0	0	0	0	0	0
2810070	Acinetobacter sp. Colony158	0	0	0	0	0	0	0	0	0	0	0	0	0	0	0	0	0	0	0	0	0	0	0	0	0	0	0	0	0	0	0	0	0	0	0	0	0	0	0	0	0	0	0	0	0	0	0	33	0	0	0	0	53	0	0	0	0	0	0	0	0	0	0	0
2810513	Agrococcus sp. Marseille-Q4369	0	0	0	0	0	0	0	0	73	0	0	0	0	0	0	0	0	0	0	0	0	139	0	0	0	19	0	0	0	0	0	0	21	0	0	0	288	0	0	0	0	0	0	0	0	0	0	145	0	0	0	0	69	0	0	0	0	0	0	0	0	0	0	0
2810516	Rothia sp. ZJ932	0	0	0	0	0	0	0	0	0	0	0	0	0	0	0	0	0	0	0	0	0	0	0	0	0	0	0	13	0	0	0	0	0	0	0	0	0	0	0	0	0	10	0	0	0	0	0	0	0	0	0	0	0	0	0	0	0	0	0	0	0	0	0	0
2811778	Fenollaria sporofastidiosus	0	794	169	0	0	80	0	316	0	0	0	0	20	0	58	0	73	0	0	0	0	16	0	0	0	21	0	172	0	0	98	0	100	0	88	0	51	0	621	0	0	112	0	0	14	26	0	102	0	0	0	12	59	39	29	29	519	0	16	30	31	0	0	0
2811781	Varibaculum prostatecancerukia	0	179	529	88	14	102	0	334	0	175	109	0	35	0	92	30	425	0	0	16	114	11	0	0	0	162	0	474	30	47	756	0	328	0	611	29	1259	13	1224	10	13	1497	0	0	49	32	0	172	0	96	0	111	207	1127	104	170	4087	0	520	0	26	0	31	0
2812560	Conexibacter sp. SYSU D00693	0	0	0	0	0	0	0	0	0	0	0	0	0	0	0	0	0	0	0	0	0	0	97	0	0	62	0	0	0	0	0	0	0	0	0	0	26	0	0	0	0	0	0	0	0	0	85	0	0	0	0	0	0	0	0	0	0	0	0	0	0	0	0	0
2812658	Paracoccus methylovorus	0	0	0	0	0	0	0	0	0	0	0	0	0	0	0	0	0	0	0	0	0	0	0	0	0	0	0	30	0	0	0	0	0	0	0	0	0	0	0	0	0	0	0	0	0	0	0	30	0	0	0	0	0	0	0	0	0	0	0	0	0	0	0	0
2812863	Rhodococcus sp. PSBB049	0	0	0	0	0	0	0	0	0	0	0	0	0	0	0	0	0	0	0	0	0	0	0	0	0	0	0	0	0	0	0	0	0	0	0	0	0	0	0	0	0	0	0	0	0	0	0	0	0	0	0	0	0	0	0	0	0	0	0	0	0	568	0	0
2813744	Leucobacter sp. CX169	0	0	0	0	0	0	0	0	0	0	0	0	0	0	0	0	0	0	0	0	0	0	0	0	0	0	0	0	0	0	0	0	0	0	0	0	767	0	0	0	0	0	0	0	0	0	0	0	0	0	0	0	0	0	0	0	0	0	0	0	0	0	0	0
2813777	Staphylococcus sp. SB1-57	0	5851	779	160	0	931	163	26263	0	1741	287	0	305	0	2319	0	770	0	1623	0	0	0	0	0	0	172	0	1083	0	269	38948	0	1306	0	627	7696	476000	0	2981	0	179	29189	253	0	2040	173	0	3978	0	127	0	89	141	1304	151	0	156	0	2086	0	84	0	663	157
2813842	Pseudomonas sp. SORT22	0	0	0	0	0	0	0	0	0	0	0	111	186	0	0	0	0	0	0	0	0	0	0	0	0	0	0	0	0	0	0	0	0	0	0	0	0	0	0	0	0	0	0	0	0	0	0	0	0	0	0	0	0	0	0	0	0	0	0	0	0	0	0	0
2815358	Leclercia pneumoniae	0	0	0	0	0	0	0	0	0	0	0	0	0	0	0	0	0	0	0	0	0	0	0	0	0	0	0	0	0	0	0	0	0	0	0	0	0	0	0	0	0	0	0	0	0	0	0	0	0	0	37	0	0	0	0	0	0	0	0	0	0	0	0	0
2815360	Rhizobium sp. X9	61	0	99	0	0	0	40	160	0	0	0	437	0	0	0	0	0	0	0	0	0	0	0	0	0	115	0	73	0	0	109	0	52	89	0	0	0	0	61	0	0	50	0	47	0	0	0	627	0	0	87	188	316	0	0	0	0	0	0	0	0	0	0	66
2815720	Pseudomonas germanica	0	0	0	0	0	0	0	0	0	0	0	504	1161	0	0	0	0	0	0	0	0	0	0	0	0	0	0	0	0	0	0	0	0	0	289	0	0	0	0	0	0	0	0	0	0	0	0	0	0	0	0	0	0	0	0	0	0	0	0	0	0	0	0	0
2815936	Pseudomonas sp. PP3	0	0	28	0	0	0	0	0	0	29	0	0	24	0	0	0	0	0	0	0	0	0	0	0	0	0	0	0	0	0	0	0	0	0	26	0	0	0	0	0	0	0	0	0	0	0	0	0	0	32	0	0	0	0	0	0	0	0	0	0	0	0	0	0
2816248	Rahnella bonaserana	0	0	0	55	0	0	0	0	0	76	0	0	791	0	0	0	83	0	0	0	0	0	0	0	0	0	0	0	0	0	0	0	0	0	0	0	0	0	0	0	0	0	0	0	0	0	0	0	0	0	0	0	0	0	0	0	0	0	0	0	0	0	0	0
2816454	Aureimonas sp. OT7	0	488	0	0	0	0	0	0	0	0	0	0	0	0	0	192	0	0	0	0	0	0	0	0	0	127	0	184	0	0	0	0	0	0	0	0	104	0	0	0	0	0	0	0	0	0	0	1399	0	0	361	35	296	94	0	0	0	0	0	0	0	0	0	0
2816910	Lactococcus sp. LG1267	0	0	0	0	0	0	0	0	0	1106	0	0	0	0	0	0	0	0	0	0	0	0	0	0	0	0	0	0	808	0	0	0	362	0	1132	0	0	0	0	0	0	0	0	0	0	0	0	0	0	0	0	210	0	0	0	0	0	0	0	0	0	0	0	0
2816912	Lactococcus sp. LG606	0	0	195	0	0	0	0	0	0	211	0	0	80	0	0	0	0	0	0	0	0	0	0	0	0	0	0	0	450	0	0	0	50	0	372	0	0	0	0	0	0	0	0	0	0	0	0	0	0	0	0	63	0	0	0	0	0	0	0	0	0	0	0	0
2816950	Ottowia testudinis	0	0	0	0	0	0	0	33	0	0	0	0	0	0	0	0	0	0	0	0	0	0	0	0	0	21	29	28	0	0	0	0	0	0	0	0	0	0	0	0	0	47	161	0	0	0	0	45	0	0	0	0	107	0	0	0	0	0	0	0	0	0	0	0
2816956	Cellulomonas wangleii	0	0	0	0	0	0	0	0	0	0	0	0	0	0	0	0	0	0	0	0	0	0	0	0	0	0	0	0	0	0	0	0	0	0	0	0	42	0	0	0	0	0	0	0	0	0	85	0	0	0	0	0	0	0	0	0	0	0	0	0	0	0	0	0
2817477	Bacillus paramobilis	0	0	13	0	0	0	0	94	0	0	0	0	0	0	0	0	0	0	0	0	0	0	0	0	0	0	0	0	13	0	0	0	0	0	0	0	0	0	0	0	0	0	0	0	0	0	0	378	0	0	0	0	0	0	0	0	0	0	0	0	0	0	43	0
2819238	Pengzhenrongella sicca	0	0	0	0	0	0	0	0	0	0	0	0	0	0	0	0	0	0	0	0	0	0	0	0	0	0	0	0	0	0	0	0	0	0	0	0	66	0	0	0	0	0	0	0	0	0	32	0	0	0	0	0	0	0	0	0	0	0	0	0	0	0	0	0
2819619	Streptococcus toyakuensis	2239	3564	9766	755	2659	2738	27	2997	137	1722	9317	104	8388	0	607	144	1779	0	41	35	507	66	69	53	0	1571	0	4832	7517	37	969	0	2607	106	6655	34	1940	35	320	212	0	2214	0	47	894	274	76	333	164	3574	126	1594	226	998	421	0	765	49	1315	116	2489	52	5598	67
2819978	Cellulomonas fengjieae	0	0	0	0	0	0	0	0	0	0	0	0	0	0	0	0	0	0	0	0	0	0	0	0	0	0	0	0	0	0	0	0	0	0	0	0	30	0	0	0	0	0	0	0	0	58	45	0	0	0	0	0	0	0	0	0	0	0	0	0	0	0	0	0
2819979	Cellulomonas dongxiuzhuiae	0	0	0	0	0	0	0	0	0	0	0	0	0	0	0	0	0	0	0	0	0	0	0	0	0	0	0	0	0	0	0	0	0	0	0	0	0	0	0	0	0	0	0	0	0	0	46	0	0	0	0	0	0	0	0	0	0	0	0	0	0	0	0	0
2820270	Candidatus Kaistella beijingensis	0	0	0	0	0	0	0	0	0	0	0	0	0	0	0	0	0	0	0	0	0	0	0	0	0	0	0	0	0	0	0	0	0	0	0	0	0	0	0	0	0	0	0	43	0	0	0	22	0	0	0	0	12	0	0	0	0	0	0	0	0	0	0	0
2820278	Aquabacter sp. L1I39	0	0	0	0	0	0	0	0	0	0	0	0	0	26	24	0	0	0	0	0	0	31	0	0	0	0	0	0	0	0	0	0	0	0	0	0	0	0	0	0	0	0	0	0	0	0	0	0	0	0	0	0	0	0	0	0	0	0	0	0	0	131	0	0
2820817	Aggregatibacter sp. 2125159857	0	404	169	62	77	1224	16	5704	197	16107	102	0	1015	0	273	52	1206	0	30	26	1586	0	0	0	29	9810	0	1619	48	206	502	0	731	0	926	0	1105	39	96	0	0	743	0	0	68	46	0	229	0	782	27	551	258	1342	348	61	574	0	4376	0	26	0	28	0
2822368	Lysobacter luteus	0	0	0	0	0	0	0	0	0	0	0	0	0	0	0	0	0	0	0	0	0	0	0	0	0	0	0	0	0	0	0	0	0	0	0	0	0	0	0	0	0	0	0	0	0	0	0	45	0	0	0	0	0	0	0	0	0	0	0	0	0	0	0	0
2823043	Roseovarius sp. SCSIO 43702	0	0	0	0	0	0	0	0	0	0	0	0	0	0	0	0	0	0	0	0	0	0	0	0	0	0	0	0	0	0	0	0	0	0	0	0	0	0	0	0	0	0	0	0	0	0	0	19	0	0	0	0	0	0	0	0	0	0	0	0	0	0	0	0
2823317	Phascolarctobacterium sp. Marseille-Q4147	0	34	0	0	20	761	0	83	0	16	0	0	0	0	0	0	89	0	0	0	0	0	0	0	0	0	0	0	0	0	28	0	0	0	0	0	0	0	167	0	0	0	0	0	0	47	0	20	0	0	0	0	0	35	141	0	54	0	0	0	0	0	0	0
2823518	Brevibacterium sp. W7.2	0	0	0	0	0	0	0	59	0	0	32	0	0	0	0	0	0	0	0	0	0	0	0	0	0	0	0	0	0	0	0	0	0	0	0	0	0	0	0	251	0	0	0	0	0	0	0	0	0	0	0	0	0	0	0	0	0	0	0	0	0	0	0	0
2823693	Caulobacter sp. S6	0	0	0	0	0	0	0	0	0	0	0	0	0	14	0	0	0	0	0	0	0	0	0	0	0	0	0	0	0	0	0	0	0	0	0	0	0	0	0	0	0	0	0	0	0	0	0	0	0	0	0	0	0	0	0	0	0	0	0	0	0	0	0	0
2825975	Pseudomonas sp. SCA2728.1_7	0	0	0	0	0	0	0	0	0	0	0	58	188	0	0	0	0	0	0	0	0	0	0	0	0	0	0	0	0	0	0	0	0	0	177	0	0	0	0	0	0	0	0	0	0	0	0	0	0	0	0	0	0	0	0	0	0	0	0	0	0	0	0	0
2826993	Aureimonas sp. SA4125	0	0	16	0	0	0	0	0	0	0	0	0	0	0	0	30	0	0	0	0	0	0	0	0	0	0	0	0	0	0	0	0	0	0	0	0	0	0	0	0	0	0	0	0	0	0	0	0	0	0	0	0	0	0	0	0	0	0	0	0	0	0	0	0
2829187	Psychrobacillus sp. INOP01	0	0	0	0	0	0	0	0	0	0	0	0	0	0	0	0	0	0	0	0	0	14	0	0	0	0	0	0	0	0	0	0	0	0	0	0	0	0	0	0	0	0	0	0	0	0	0	0	0	0	0	0	0	0	0	0	0	0	0	0	0	0	0	0
2829569	Bacterioplanoides sp. SCSIO 12839	0	0	0	0	11	35	0	0	0	0	0	0	0	0	0	0	0	0	0	0	0	0	0	0	0	0	0	0	0	0	0	0	0	0	0	0	0	0	0	0	0	0	0	0	0	0	0	0	0	0	0	0	0	0	0	0	0	0	0	0	0	0	0	0
2830667	Sphingopyxis sp. USTB-05	0	0	0	0	0	0	0	64	0	0	0	0	0	0	0	0	0	0	0	0	0	0	0	0	0	0	0	0	0	0	0	0	0	38	0	0	0	0	0	0	0	0	0	0	0	0	0	0	0	0	0	0	0	0	0	0	0	0	0	0	0	0	0	0
2830997	Arthrobacter sp. NicSoilB4	0	0	0	0	0	0	0	0	0	0	0	0	0	0	0	0	0	0	0	0	0	0	0	0	0	38	0	0	0	0	0	0	0	0	0	0	0	0	0	0	0	0	0	0	0	0	0	0	0	0	0	0	0	0	0	0	0	0	0	0	0	0	0	0
2831968	Nocardiopsis akebiae	0	0	0	0	0	0	0	0	0	0	0	0	0	0	0	0	0	0	0	0	0	0	0	0	0	0	0	0	0	0	0	0	0	0	0	0	0	0	0	0	0	0	0	0	0	0	0	0	0	0	0	0	0	0	0	0	0	0	0	0	0	0	34	0
2836373	Actinoplanes sp. L3-i22	0	0	0	0	0	0	0	83	0	0	0	0	0	32	0	0	0	0	0	0	0	0	0	0	0	0	0	0	0	0	0	0	0	0	0	0	33	0	0	0	0	0	0	0	0	0	628	0	0	0	0	0	0	0	0	0	0	0	0	0	0	0	0	0
2837969	Pseudomonas fitomaticsae	0	0	0	0	0	0	0	0	0	0	0	16	0	0	0	0	0	0	0	0	0	0	0	0	0	0	0	0	0	0	0	0	0	0	24	0	0	0	0	0	0	0	0	0	0	0	0	0	0	0	0	0	0	0	0	0	0	0	0	0	0	0	0	0
2838877	Chryseobacterium sp. ZHDP1	0	0	71	0	0	0	0	0	0	0	0	0	0	0	0	0	0	0	0	0	0	0	0	0	0	0	0	0	0	0	0	0	0	0	0	0	0	0	0	0	0	0	0	0	0	0	0	0	0	0	0	0	0	0	0	0	0	0	0	0	0	0	0	0
2839759	Enterococcus innesii	0	0	0	0	0	0	0	0	0	0	0	0	0	0	0	0	0	0	0	0	0	0	0	0	0	0	0	0	0	0	0	0	0	0	29	0	0	0	0	0	0	0	0	0	0	0	0	0	0	0	0	0	0	0	0	0	0	0	0	0	0	0	0	0
2839983	Cupriavidus sp. EM10	0	0	0	18	0	0	0	0	0	0	0	0	0	0	0	0	0	0	0	0	0	0	0	0	0	0	0	0	0	0	0	0	0	0	28	0	0	0	0	0	0	0	0	0	0	0	0	0	0	0	0	165	0	0	0	0	0	0	0	0	0	0	0	0
2840371	Gemella sp. zg-570	0	0	0	0	0	0	0	0	0	0	0	0	28	0	0	0	14	0	0	0	0	0	0	0	0	0	0	33	0	0	0	0	31	0	42	0	0	0	0	0	0	0	0	0	0	0	0	0	0	0	0	0	0	0	38	0	0	0	0	0	0	0	0	0
2840457	Nocardioides sp. LMS-CY	0	0	0	0	0	0	0	0	0	0	0	0	0	0	0	0	0	0	0	0	0	0	0	0	0	0	0	0	0	0	0	0	0	0	0	0	660	0	0	0	0	0	0	0	0	0	382	0	0	0	0	0	0	0	0	0	0	0	0	0	0	0	0	0
2840469	Bradyrhizobium sediminis	0	0	0	0	0	0	0	0	0	0	0	0	0	183	114	0	0	0	0	0	0	0	0	0	0	178	0	0	0	0	0	0	0	0	0	0	0	0	0	0	0	0	0	0	0	0	0	0	0	0	0	0	0	0	0	0	0	0	0	0	0	0	0	0
2840474	Gemmobacter fulvus	0	0	0	0	0	0	0	0	0	0	0	0	0	0	0	0	0	0	0	0	0	0	0	0	0	0	0	0	0	0	0	0	0	0	0	0	0	0	0	0	0	0	0	0	0	0	0	47	0	0	0	0	0	0	0	0	0	0	0	0	0	0	0	0
2841264	Candidatus Minimicrobia vallesae	0	0	68	0	0	24	0	0	0	36	0	0	61	0	0	0	68	0	0	0	0	0	0	0	0	36	0	84	28	0	0	0	35	0	40	0	39	0	29	0	0	0	0	0	0	33	0	0	0	32	16	0	0	47	0	0	32	0	44	0	63	0	65	0
2841528	Eubacterium sp. MSJ-33	0	78	0	0	18	114	0	88	0	80	0	0	0	0	0	0	119	0	0	0	0	0	0	0	0	0	0	0	0	0	0	0	0	0	14	0	0	0	1083	0	0	11	0	0	0	0	0	24	0	0	0	0	0	0	26	0	32	0	0	0	0	0	0	0
2841594	Curtobacterium sp. L6-1	0	0	0	0	0	0	0	0	0	0	0	0	0	0	0	0	0	0	0	0	0	0	0	0	0	0	0	0	0	0	0	0	0	0	0	0	373	0	0	0	0	0	0	0	0	0	0	0	0	0	0	0	0	0	0	0	0	0	0	0	0	0	0	0
2842346	Pseudomonas siliginis	0	0	0	0	0	0	0	0	0	0	0	1254	3084	0	0	0	0	0	0	0	0	0	0	0	0	31	0	0	0	0	356	0	146	0	1106	0	90	64	0	0	0	992	0	0	0	0	0	0	0	0	0	0	0	0	0	0	0	0	0	0	0	0	0	0
2842349	Pseudomonas asgharzadehiana	0	0	0	0	0	0	0	0	0	0	0	0	15	0	0	0	0	0	0	0	0	0	0	0	0	0	0	0	0	0	0	0	0	0	0	0	0	0	0	0	0	0	0	0	0	0	0	0	0	0	0	0	0	0	0	0	0	0	0	0	0	0	0	0
2842453	Amycolatopsis aidingensis	0	0	0	0	0	0	0	0	0	0	0	0	0	0	0	0	0	0	0	0	0	0	0	0	0	0	0	0	0	0	0	0	0	0	0	0	29	0	0	0	0	0	0	0	0	0	0	0	0	0	0	0	0	0	0	0	0	0	0	0	0	0	0	0
2842456	Ralstonia wenshanensis	92	152	280	0	0	58	0	0	0	16	12	0	0	0	0	0	0	0	0	0	0	90	0	109	0	0	0	12	134	0	13	0	15	0	17	0	0	0	0	223	0	119	0	185	175	0	0	0	0	28	0	0	0	0	14	0	0	0	0	40	0	124	77	137
2843215	Miltoncostaea marina	0	0	0	0	0	0	0	0	0	0	0	0	0	0	0	0	0	0	0	0	0	0	0	0	0	51	0	0	0	0	0	0	0	0	0	0	0	0	0	0	0	0	0	0	0	0	0	0	0	0	0	0	0	0	0	0	0	0	0	0	0	0	0	0
2843216	Miltoncostaea oceani	0	0	0	0	0	0	0	0	0	0	0	0	0	0	0	0	0	0	0	0	0	0	0	0	0	63	0	0	0	0	0	0	0	0	0	0	0	0	0	0	0	0	0	0	0	25	21	392	13	122	126	26	41	52	0	0	28	0	50	0	0	0	0	0
2847299	Bacteroides sp. DH3716P	0	157	0	0	0	0	0	167	0	161	0	0	0	0	0	0	118	0	0	0	0	0	0	0	0	0	0	0	0	0	0	0	0	0	0	0	0	0	2839	0	0	0	0	0	0	0	0	0	0	0	0	0	0	0	0	0	136	0	0	0	0	0	0	0
2849501	Nocardioides panacis	0	0	0	0	0	0	0	0	0	0	0	0	0	0	0	0	0	0	0	0	0	0	0	0	0	0	0	0	0	0	0	0	0	0	0	0	208	0	212	0	0	0	0	0	0	0	492	0	0	0	0	0	0	0	0	0	0	0	0	0	0	0	0	0
2849779	Aquihabitans sp. G128	0	0	0	0	0	0	0	0	0	0	0	0	0	0	0	0	0	0	0	0	0	0	0	0	0	32	0	0	0	0	0	0	0	0	0	0	20	0	0	0	0	0	0	0	0	0	23	0	0	0	0	0	0	0	0	0	0	0	0	0	0	0	0	0
2849865	Clostridium sp. CM027	0	0	0	17	0	0	0	0	0	0	0	0	0	0	0	0	0	0	0	0	0	0	0	0	0	0	0	0	0	0	0	0	0	0	0	0	0	0	0	0	0	0	0	0	0	0	0	0	0	0	0	0	0	0	0	0	0	0	0	0	0	0	0	0
2850441	Terribacillus sp. DMT04	0	19	0	0	0	0	0	0	0	0	0	0	0	0	0	0	0	0	0	0	0	0	0	0	0	0	0	24	0	0	0	0	0	0	0	0	0	0	0	0	0	0	0	0	0	0	0	0	0	0	0	0	0	0	0	0	0	0	0	0	0	0	0	0
2850559	Pseudomonas sp. HS6	0	0	0	0	0	0	0	0	0	0	0	256	652	0	0	0	0	0	0	0	0	0	0	0	0	0	0	0	0	0	0	0	0	0	196	0	0	0	0	0	0	0	0	0	0	0	0	0	0	0	0	0	0	0	0	0	0	0	0	0	0	0	0	0
2851567	Modestobacter sp. L9-4	0	37	0	0	0	0	0	0	34	0	0	0	0	0	0	0	0	0	0	0	0	0	0	0	0	0	0	0	0	0	0	0	0	0	21	0	2544	0	0	0	0	0	82	0	0	0	0	60	0	0	0	0	0	0	0	0	0	0	0	0	0	0	0	0
2851598	Pseudarthrobacter sp. L1SW	0	0	0	0	0	0	0	0	0	0	0	0	0	0	0	0	0	0	0	0	0	0	0	0	0	12	0	0	0	0	0	0	0	0	0	0	48	0	0	0	0	0	0	0	0	0	0	0	0	0	0	0	0	0	0	0	0	0	0	0	0	0	0	0
2851642	Microbacterium aurugineum	0	0	0	0	0	0	0	0	0	0	0	0	0	0	0	0	0	0	0	0	0	0	0	0	0	149	0	0	0	0	0	0	0	0	0	0	0	0	0	0	0	0	0	0	0	0	0	0	0	0	0	0	0	0	0	0	0	0	0	0	0	0	0	0
2851646	Microbacterium galbinum	0	289	0	69	0	0	0	29	0	0	0	0	0	0	0	0	0	0	0	0	0	0	0	0	0	626	0	0	0	0	0	0	0	0	0	0	0	0	0	0	0	0	75	0	0	0	23	43	0	21	0	0	0	80	0	0	0	0	52	0	0	0	67	0
2851649	Microbacterium sufflavum	0	0	0	35	0	0	0	0	0	0	0	0	0	0	0	0	13	0	0	0	0	0	0	0	0	286	0	0	0	0	0	0	0	0	0	0	93	0	0	0	0	0	27	0	0	0	0	0	0	0	0	0	0	0	0	0	0	0	0	0	0	0	0	0
2852098	Kaistella faecalis	0	0	0	0	0	0	0	0	0	0	0	0	29	0	0	0	0	0	0	0	0	0	0	0	0	0	0	0	0	0	0	0	0	0	0	0	0	0	0	0	0	0	0	0	0	0	0	0	0	0	0	0	0	0	0	0	0	0	0	0	0	0	0	0
2853158	Acinetobacter sp. F9	0	0	0	0	0	0	0	0	0	0	0	0	0	0	0	0	0	0	0	0	0	0	0	0	0	0	0	0	0	0	76	0	52	0	0	0	0	0	0	0	0	0	0	0	0	0	0	0	0	0	0	0	0	0	0	0	0	0	0	0	0	0	0	0
2853159	Pseudomonas pergaminensis	0	0	0	0	0	0	0	0	0	0	0	0	0	0	0	0	0	0	0	0	0	0	0	0	0	0	0	0	0	0	0	0	0	0	0	0	0	0	0	0	0	0	0	0	0	0	0	0	0	63	0	0	0	0	0	0	0	0	0	0	0	0	0	0
2853258	Paeniglutamicibacter sp. Y32M11	0	0	0	0	0	0	0	0	0	0	0	0	0	0	0	0	0	0	0	0	0	0	0	0	0	173	0	0	0	0	0	0	0	0	11	0	0	0	0	0	0	0	0	21	0	0	0	0	82	0	0	0	0	0	0	0	0	0	0	0	0	0	0	0
2854260	Porphyrobacter sp. ULC335	0	0	0	0	0	0	0	33	0	0	0	0	0	0	0	0	0	0	0	0	0	0	0	0	0	0	0	0	0	0	0	0	0	0	0	0	15	0	0	0	0	0	0	0	0	0	0	0	0	0	0	0	0	0	0	0	0	0	0	0	0	0	0	0
2854389	Bradyrhizobium prioritasuperba	0	0	0	0	0	0	0	0	0	0	0	0	0	28	29	0	0	0	0	0	0	0	0	0	0	0	0	0	0	0	0	0	0	0	0	0	0	0	21	0	0	0	0	0	0	0	0	0	0	0	0	0	0	0	0	0	0	0	0	0	0	0	0	0
2855434	Pseudomonas sp. AO-1	0	0	0	0	0	0	0	0	0	0	0	45	126	0	0	0	0	0	0	0	0	0	0	0	0	0	0	0	0	0	27	0	0	0	73	0	0	0	0	0	0	41	0	0	0	0	0	0	0	0	0	0	0	0	0	0	0	0	0	0	0	0	0	0
2856555	Micrococcus porci	0	49	36	0	0	114	0	41	0	16	0	0	0	0	25	0	43	0	0	0	0	17	51	0	0	21	0	138	0	0	0	0	13	0	60	0	131	0	0	0	0	17	0	29	0	114	0	64	0	0	0	47	76	263	0	0	0	0	120	0	0	0	0	0
2856608	Rickettsiella endosymbiont of Dermanyssus gallinae	0	0	0	0	0	0	0	0	0	0	0	0	0	0	0	0	0	33	27	0	0	0	0	0	0	0	0	0	0	0	0	0	0	0	0	0	0	0	0	0	0	0	0	0	0	0	0	0	0	0	0	0	0	0	0	0	0	0	0	0	0	0	0	0
2856851	Rhodococcus sp. LW-XY12	0	0	0	0	0	0	0	0	0	0	0	0	0	0	0	0	0	0	0	0	0	0	0	0	0	0	0	0	0	0	0	0	0	0	0	0	0	0	0	0	0	0	0	0	0	0	0	0	0	0	0	0	0	0	0	0	0	0	0	0	0	659	0	0
2857059	Mycobacterium sp. SMC-4	0	0	0	0	0	0	0	0	0	0	0	0	0	0	0	0	0	0	0	0	0	0	0	0	0	0	0	23	0	0	0	0	0	0	19	0	0	0	0	0	0	0	0	0	0	0	0	0	0	0	0	0	0	0	0	0	0	0	0	0	0	0	0	0
2857060	Mycobacterium sp. SMC-8	0	0	0	372	0	0	0	0	0	0	0	0	0	0	0	0	0	0	0	0	0	0	0	0	0	0	0	0	0	0	0	0	0	0	0	0	32	0	0	63	0	0	517	0	0	0	0	0	0	0	0	0	0	0	0	0	0	0	0	0	0	0	0	0
2857064	Pseudemcibacter aquimaris	0	0	0	0	0	0	0	0	0	0	0	0	0	0	0	0	0	266	135	0	0	0	0	0	0	0	0	0	0	0	0	0	0	0	0	0	0	0	0	0	0	0	0	0	0	0	0	0	0	0	0	0	0	0	0	0	0	0	0	0	0	0	0	0
2859516	Gloeocapsopsis dulcis	0	0	0	0	0	0	0	0	0	0	0	0	0	0	0	0	0	0	0	0	0	0	0	0	0	0	0	0	0	0	0	0	0	0	0	0	26	0	0	0	0	0	0	0	0	0	0	330	0	0	0	0	0	0	0	0	0	0	0	0	0	0	0	136
2860051	Blautia sp. KLE_1732_HM_1032	0	0	0	0	0	0	0	0	0	0	0	0	0	0	0	0	0	0	0	0	0	0	0	0	0	0	0	0	0	0	0	0	0	0	0	0	0	0	149527	0	0	0	0	0	0	0	0	0	0	0	0	0	0	0	0	0	0	0	0	0	0	0	0	0
2860286	Achromobacter sp. ES-001	0	0	0	124	0	0	0	0	0	0	0	0	30	0	0	0	208	0	0	0	0	0	0	0	0	0	0	0	0	0	0	0	0	89	0	0	0	0	0	0	0	63	0	0	0	0	0	0	0	0	0	0	0	0	0	0	0	0	0	0	0	0	0	0
2860336	Devosia salina	0	0	0	0	0	0	0	0	0	0	0	0	0	0	0	0	0	0	0	0	0	0	0	0	0	0	0	0	0	0	0	0	0	0	0	0	0	0	0	0	0	0	0	0	0	0	225	0	0	0	0	0	0	0	0	0	0	0	0	0	0	0	0	0
2861280	Microbacterium sp. PAMC21962	0	0	0	0	0	0	0	0	0	0	0	0	0	0	0	0	0	0	0	0	0	0	0	0	0	0	0	0	0	0	0	0	0	0	0	0	0	0	0	0	0	0	0	0	0	0	0	0	0	0	0	0	0	0	0	0	0	0	0	0	0	493	0	0
2861281	Microbacterium sp. PAMC22086	0	0	207	115	0	0	63	0	0	0	0	0	0	0	0	0	0	0	0	0	0	0	0	0	0	1154	0	0	0	0	0	0	0	0	176	0	0	0	0	0	0	0	151	0	0	0	0	2052	0	0	0	0	1458	0	0	0	0	0	0	0	0	0	0	0
2861282	Massilia sp. NP310	37	36	48	0	110	226	0	395	0	0	0	0	0	0	0	0	0	0	0	38	26	0	57	0	21	719	0	127	0	31	758	0	470	32	716	0	206	0	585	0	0	319	0	24	55	0	0	123	113	258	81	57	149	55	0	46	0	34	197	0	0	124	20	0
2861285	Brevundimonas sp. PAMC22021	0	47	28	0	0	0	0	91	0	0	0	0	0	0	0	0	0	0	0	0	0	0	0	0	0	0	0	59	0	0	0	0	0	0	0	0	0	0	23	0	0	0	0	0	0	39	0	440	0	0	0	0	81	0	0	0	27	0	0	0	0	0	0	21
2861288	Cryobacterium sp. PAMC25264	0	0	0	0	0	0	0	0	0	0	0	0	0	0	0	0	0	0	0	0	0	0	0	0	0	0	0	0	0	0	0	0	0	0	0	0	0	0	0	0	0	0	0	0	0	0	0	0	0	0	0	0	0	0	18	0	0	0	0	0	0	0	0	0
2861799	Pseudomonas sp. Colony2	0	0	0	0	0	0	0	0	0	0	0	0	0	0	0	0	0	0	0	0	0	0	0	0	0	0	0	0	0	0	0	0	0	0	0	0	0	0	0	0	0	0	0	0	0	0	0	0	0	210	0	0	0	0	0	0	0	0	0	0	0	0	0	0
2862331	Polymorphobacter sp. PAMC 29334	0	0	0	0	0	0	0	0	0	0	0	0	0	24	15	0	0	0	0	0	0	0	0	0	0	0	0	0	0	0	0	0	0	0	0	0	0	0	0	0	0	0	0	0	0	0	0	0	0	0	0	0	0	0	0	0	0	0	0	0	0	0	0	0
2862460	Dactylosporangium sp. AC04546	0	0	0	0	0	0	0	0	0	0	0	0	0	0	20	0	0	0	0	0	0	0	0	0	0	0	0	0	0	0	0	0	0	0	0	0	32	0	0	0	0	0	0	0	0	0	202	0	0	0	0	0	0	0	0	0	0	0	0	0	0	0	0	0
2862880	Curtobacterium sp. TC1	0	0	0	0	0	0	0	0	0	0	0	0	0	0	0	0	0	0	0	0	0	0	0	0	0	100	0	0	0	0	0	0	0	0	0	0	0	0	0	0	0	0	0	0	0	0	0	0	0	0	0	0	0	0	0	0	0	0	0	0	0	0	0	0
2862945	Pseudomonas sp. ArH3a	0	0	0	0	0	0	0	0	0	0	0	0	106	0	0	0	0	0	0	0	0	0	0	0	0	0	0	0	0	0	0	0	0	0	0	0	0	0	0	0	0	0	0	0	0	0	0	0	0	0	0	0	0	0	0	0	0	0	0	0	0	0	0	0
2864102	Pseudochrobactrum sp. Wa41.01b-1	0	0	0	0	0	0	0	0	0	0	0	0	0	0	0	0	0	0	0	0	0	0	0	0	0	0	0	0	0	0	0	0	0	0	0	0	0	0	0	0	0	0	0	0	0	0	0	0	0	0	35	0	0	0	0	0	0	0	0	0	0	0	0	0
2865832	Amycolatopsis sp. DSM 110486	0	0	0	0	0	0	0	0	0	0	0	0	0	0	0	0	0	0	0	0	0	0	0	0	0	0	0	0	0	0	0	0	0	0	0	0	0	0	0	0	0	0	0	0	0	0	141	0	0	0	0	0	0	0	0	0	0	0	0	0	0	0	0	0
2865833	Pseudonocardia sp. DSM 110487	0	0	0	0	0	0	0	0	0	0	0	0	0	0	0	0	0	0	0	0	0	0	0	0	0	0	0	0	0	0	0	0	0	0	0	0	61	0	0	0	0	0	0	0	0	0	25	0	26	0	0	0	0	0	0	0	0	0	0	0	0	0	0	0
2866278	Pseudomonas sp. S07E 245	0	0	0	0	0	0	0	0	0	0	0	0	0	0	0	0	0	0	0	0	0	0	0	0	0	0	0	0	0	0	0	0	0	71	0	0	0	0	0	0	0	0	0	0	0	0	0	0	0	0	0	0	0	0	0	0	0	0	0	0	0	0	0	0
2866570	Aggregatibacter sp. Marseille-P9115	0	539	223	40	0	456	0	741	62	7064	56	0	1343	0	60	0	538	0	21	0	1269	0	0	0	0	1342	0	406	95	23	83	0	213	0	173	0	193	0	48	0	0	243	0	0	88	0	0	143	0	245	0	341	119	626	31	0	134	0	4205	0	67	0	0	0
2866573	Cardiobacterium sp. Marseille-Q4385	0	69	133	34	13	2493	0	173	16	1605	40	0	575	0	61	0	463	0	13	0	212	0	0	0	0	74	0	356	21	0	81	0	558	0	128	0	448	0	23	0	0	257	0	0	43	70	0	53	0	539	0	78	20	255	35	0	886	12	685	0	17	0	19	1305
2866588	Pseudoclavibacter sp. Marseille-Q3772	0	785	358	0	0	287	0	218	0	13	0	0	0	92	74	0	53	0	0	0	0	577	0	0	0	15	0	12	0	0	50	0	0	0	0	0	163	0	29	0	0	30	0	0	0	38	0	94	0	28	0	0	145	331	161	0	131	0	69	0	0	0	0	0
2866592	Pseudomonas sp. Marseille-Q3773	0	0	0	0	0	0	0	0	0	0	0	0	0	0	0	0	0	0	0	0	0	0	0	0	0	0	0	0	0	0	0	0	0	0	0	0	0	0	56	0	0	0	0	0	0	0	0	0	0	0	0	0	0	0	0	0	0	0	0	0	0	0	0	0
2866628	Diaphorobacter sp. MNS-0	0	0	0	0	0	0	0	168	243	96	141	0	0	0	0	170	0	0	0	0	0	0	247	304	0	199	0	204	0	0	265	0	0	0	151	0	167	216	388	0	0	150	0	0	143	0	0	0	300	0	0	0	0	0	0	0	0	0	0	0	0	1536	0	300
2866807	Pseudomonas sp. MM213	0	0	0	0	0	0	0	0	0	0	0	25	70	0	0	0	0	0	0	0	0	0	0	0	0	0	0	0	0	0	0	0	0	0	23	0	0	0	0	0	0	0	0	0	0	0	0	0	0	0	0	0	0	0	0	0	0	0	0	0	0	0	0	0
2867010	Aliiroseovarius sp. M344	0	0	18	0	0	0	0	0	0	0	0	0	0	0	0	0	0	0	0	0	0	0	0	0	0	0	0	0	0	0	0	0	0	0	0	0	0	0	0	0	0	0	0	0	0	0	0	0	0	0	0	0	0	0	0	0	0	0	0	0	0	0	0	0
2867264	Pseudomonas phytophila	0	0	0	0	0	0	0	0	0	0	0	41	76	0	0	0	0	0	0	0	0	0	0	0	0	0	0	0	0	0	0	0	0	0	34	0	0	0	0	0	0	0	0	0	0	0	0	0	0	0	46	0	0	0	0	0	0	0	0	0	0	0	0	0
2867408	Pseudomonas sp. 3-2	0	0	0	0	0	0	0	0	0	0	0	0	25	0	0	0	0	0	0	0	0	0	0	0	0	0	0	0	0	0	0	0	0	0	0	0	0	0	0	0	0	0	0	0	0	0	0	0	0	0	0	0	0	0	0	0	0	0	0	0	0	0	0	0
2867409	Pseudomonas sp. NEEL19	0	888	911	0	0	110	0	819	0	411	276	0	42	0	99	0	89	0	0	0	0	0	0	0	0	0	0	263	0	0	638	0	694	0	186	139	982	0	0	0	0	321	0	0	155	0	0	322	0	1569	0	633	173	415	0	0	0	0	308	0	0	0	0	0
2867410	Streptomyces profundus	0	0	0	0	0	0	0	0	0	0	0	0	0	0	0	0	0	0	0	0	0	0	0	0	0	0	0	0	0	0	0	0	0	0	0	0	27	0	0	0	0	0	0	0	0	0	0	0	0	0	0	0	0	0	0	0	0	0	0	0	0	0	0	0
2870346	Enterobacter sp. C2	0	0	0	0	0	0	0	0	0	0	0	0	0	0	0	0	0	0	0	0	0	0	0	0	0	0	0	0	0	0	0	0	0	0	0	0	0	0	0	0	0	0	0	0	0	0	0	0	0	39	0	0	0	0	0	0	0	0	0	0	0	0	0	0
2870563	Methanobrevibacter sp. TLL-48-HuF1	0	0	0	0	0	574	0	11	0	0	0	0	0	0	0	0	36	0	0	0	29	0	0	0	0	0	0	0	0	0	0	0	0	0	0	0	0	0	51	0	0	0	0	0	0	0	0	62	0	0	0	0	0	24	0	925	17757	0	0	0	0	0	0	0
2870750	Pseudomonas sp. CYM-20-01	0	0	0	0	0	0	0	0	0	0	0	0	0	0	0	0	0	0	0	0	0	0	0	0	0	0	0	0	0	0	0	0	0	0	0	0	0	0	0	0	0	0	0	0	0	0	0	0	0	29	0	0	0	0	0	0	0	0	0	0	0	0	0	0
2870840	Pseudomonas sp. DR208	0	0	0	0	0	0	0	0	0	0	0	0	116	0	0	0	0	0	0	0	0	0	0	0	0	0	0	0	0	0	0	0	0	0	0	0	0	0	0	0	0	0	0	0	0	0	0	0	0	0	0	0	0	0	0	0	0	0	0	0	0	0	0	0
2871095	Pseudomonas sp. DR48	0	0	0	0	0	0	0	0	0	0	0	0	34	0	0	0	0	0	0	0	0	0	0	0	0	0	0	0	0	0	0	0	0	0	17	0	0	0	0	0	0	0	0	0	0	0	0	0	0	0	0	0	0	0	0	0	0	0	0	0	0	0	0	0
2871169	Stenotrophomonas sp. DFS-20110405	0	0	0	0	0	0	0	0	0	0	0	0	0	0	0	0	0	0	0	0	0	132	0	0	0	0	0	0	0	0	0	0	0	0	0	0	0	0	0	0	0	0	0	0	0	0	0	0	0	0	0	0	0	0	0	0	0	0	0	0	0	0	0	0
2871170	Cellulomonas sp. C5510	0	0	0	0	0	0	0	0	0	0	0	0	0	0	0	0	0	0	0	0	0	0	0	0	0	0	0	0	0	0	0	0	0	0	0	0	140	0	0	0	0	0	0	0	0	0	1228	0	0	0	0	0	0	0	0	0	0	0	0	0	0	0	0	0
2871493	Pseudomonas sp. SC3(2021)	0	200	55	0	0	0	0	45	0	59	0	0	45	0	0	0	0	0	0	0	0	0	0	0	0	0	0	0	0	0	0	0	0	0	58	0	0	0	0	0	0	0	0	0	0	0	0	0	0	196	0	0	0	0	0	0	0	0	0	0	0	0	0	0
2871694	Natrinema sp. SYSU A 869	0	0	0	0	0	0	0	0	0	0	21	0	0	0	0	0	0	0	0	0	0	0	0	0	0	0	0	0	0	0	0	0	0	0	0	0	0	0	0	0	0	0	0	0	0	0	0	0	0	0	0	0	0	0	0	0	0	0	0	0	0	0	0	0
2871820	Shinella oryzae	0	0	0	0	0	0	0	0	0	0	0	0	0	0	0	0	0	0	0	0	0	0	0	0	0	0	0	0	0	0	0	0	0	0	42	0	39	0	0	0	0	0	0	0	0	0	0	46	0	0	0	0	0	0	0	0	0	0	0	0	0	0	0	0
2872154	Nocardioides coralli	0	0	0	0	0	0	0	0	0	0	0	0	0	0	0	0	0	0	0	0	0	0	0	0	0	0	0	0	0	0	0	0	0	0	0	0	318	0	0	0	0	0	0	0	0	0	147	0	0	0	0	0	0	0	0	0	0	0	0	0	0	0	0	0
2872648	Mixta hanseatica	0	0	0	0	0	0	0	103	0	0	0	0	0	0	0	0	0	0	0	0	0	0	0	0	0	0	0	0	0	0	0	0	0	0	0	0	0	0	0	0	0	0	0	0	0	0	0	0	0	0	0	0	0	0	0	0	0	0	0	0	0	0	0	0
2872652	Sphingomonas nostoxanthinifaciens	0	15	0	0	0	0	0	0	0	0	0	0	0	0	0	0	0	0	0	0	0	0	0	0	0	0	0	0	0	0	0	0	0	0	0	0	20	0	0	0	0	0	0	0	0	0	0	0	0	0	0	0	0	0	0	0	0	0	0	0	0	0	0	0
2873270	Leucobacter tenebrionis	0	0	0	0	0	0	0	0	0	0	0	0	0	0	0	0	0	0	0	0	0	0	0	0	0	19	0	0	0	0	0	0	0	0	0	0	173	0	0	0	0	0	0	0	0	0	30	33	0	0	0	0	34	0	0	0	0	0	0	0	0	0	0	0
2874628	Pseudomonas sp. p1(2021b)	0	0	0	0	0	0	0	0	0	0	0	0	20	0	0	0	15	0	0	0	0	0	0	0	0	0	0	0	0	0	0	0	0	0	0	0	0	0	0	0	0	0	0	0	0	0	0	0	0	0	0	0	0	0	0	0	0	0	0	0	0	0	0	0
2875729	Leucobacter sp. Psy1	0	55	0	0	0	0	0	22	0	0	0	0	0	0	0	0	0	0	0	0	0	0	0	0	0	0	0	0	0	0	0	0	0	0	0	0	0	0	0	0	0	0	0	0	0	0	853	0	0	0	0	0	0	0	0	0	0	0	0	0	0	0	0	0
2875764	Macrococcus armenti	0	14	0	0	0	0	0	0	0	0	0	0	0	0	0	0	0	0	0	0	0	0	0	0	0	0	0	0	0	0	0	0	0	0	0	0	29	0	0	0	0	0	0	0	0	0	0	0	0	0	0	0	0	0	0	0	0	0	0	0	0	0	0	0
2875948	Microbacterium sp. cx-55	0	0	0	0	0	0	0	0	0	0	0	0	0	0	0	0	0	0	0	0	0	0	0	0	0	57	0	0	0	0	0	0	0	0	0	0	0	0	0	0	0	0	0	0	0	0	0	0	0	0	0	0	0	0	0	0	0	0	0	0	0	0	0	0
2876939	Curtobacterium sp. TXMA1	0	120	0	0	0	0	0	0	0	0	0	0	0	0	0	0	1132	0	0	0	0	0	0	0	0	0	0	0	0	0	0	0	0	0	0	0	0	0	0	0	0	0	0	0	0	0	0	0	0	0	0	0	0	0	0	0	0	0	0	0	0	0	0	0
2877527	Blautia parvula	0	45	0	0	0	0	0	51	0	617	0	0	0	0	0	0	229	0	0	0	0	0	0	0	0	0	0	0	0	0	0	0	0	0	0	0	0	0	4518	0	0	0	0	0	0	0	0	19	0	0	0	22	0	0	78	0	241	0	12	0	0	0	0	0
2877939	Vogesella sp. XCS3	0	0	0	0	0	0	0	0	0	0	0	0	0	0	0	0	0	0	0	0	0	0	0	0	0	0	0	0	0	0	0	0	0	0	0	0	20	0	0	0	0	0	0	0	0	0	0	0	0	0	0	0	0	0	0	0	0	0	0	0	0	0	0	0
2877941	Shinella sp. XGS7	0	0	0	0	0	0	0	0	0	0	0	0	0	0	0	0	0	0	0	0	0	0	0	0	0	0	0	0	0	0	0	0	0	0	0	0	0	0	0	15	0	0	0	0	0	0	0	0	0	0	0	0	0	0	0	0	0	0	0	0	0	0	0	0
2878098	Pectobacterium colocasium	0	0	0	0	0	0	0	0	0	160	0	0	244	0	0	0	34	0	0	0	0	0	0	0	0	0	0	0	0	0	0	0	0	0	0	0	0	0	0	0	0	0	0	0	0	0	0	0	0	0	0	0	0	0	0	0	0	0	0	0	0	0	0	0
2878388	Streptomyces marincola	0	0	0	0	0	0	0	0	0	0	0	0	0	0	23	0	0	0	0	0	0	0	0	0	0	0	0	0	0	0	0	0	0	0	0	0	0	0	0	0	0	0	0	0	0	0	0	0	0	0	0	0	0	0	0	0	0	0	0	0	0	0	0	0
2878535	Natrinema salinisoli	0	0	0	0	0	0	0	0	0	0	89	0	0	0	0	0	0	0	0	0	0	0	0	0	0	0	0	0	0	0	0	0	0	0	0	0	0	0	0	0	0	0	0	0	0	0	0	0	0	0	0	0	0	0	0	0	0	0	0	0	0	0	0	0
2878542	Sphingobium sp. CFD-2	0	0	0	138	0	0	0	308	0	0	0	0	0	0	0	0	0	0	0	0	0	0	0	0	0	0	0	171	0	0	0	169	0	184	0	0	542	0	274	0	0	0	0	0	0	0	0	0	0	0	149	0	0	0	0	0	0	0	0	0	0	0	0	0
2878545	Sphingobium sp. CFD-1	0	0	0	0	0	0	0	0	0	0	0	0	0	0	0	0	0	0	0	0	0	0	0	0	0	0	0	0	0	0	0	0	0	0	0	0	1393	0	0	0	0	0	0	0	0	0	0	0	0	0	0	134	0	0	0	0	0	0	0	0	0	0	0	0
2879116	Pseudochrobactrum sp. XF203	0	0	0	0	0	0	0	0	0	0	0	0	0	0	0	0	0	0	0	0	0	0	0	0	0	0	0	0	0	0	0	0	0	0	0	0	0	0	0	0	0	0	0	0	0	0	0	0	0	0	66	0	0	0	0	0	0	0	0	0	0	0	0	0
2879149	Lactococcus sp. NH2-7C	18	19	564	0	0	50	0	53	0	481	0	0	657	0	0	0	32	0	0	0	19	0	0	15	0	0	0	14	3260	0	0	0	166	21	1003	0	60	0	27	0	0	72	0	0	0	0	0	0	0	29	0	297	0	41	0	0	0	0	0	0	0	0	23	0
2879617	Arthrobacter sp. FW305-BF8	0	0	0	0	0	0	0	0	0	0	0	0	0	0	0	0	0	0	0	0	0	0	0	0	0	0	0	0	0	0	0	0	0	0	0	0	27	0	0	0	0	0	0	0	0	0	0	0	0	0	0	0	0	0	0	0	0	0	0	0	0	0	24	0
2879939	Chryseobacterium sp. MEBOG07	0	0	0	0	0	0	0	0	0	45	0	0	0	0	0	0	0	0	0	0	0	0	0	0	0	0	0	0	0	0	0	0	0	0	0	0	0	0	0	0	0	0	0	0	0	0	0	0	0	76	0	0	0	0	0	0	0	0	0	0	0	0	0	0
2880221	Mesobacillus sp. S13	0	0	0	0	0	0	0	0	0	0	0	0	0	0	0	0	0	0	0	0	0	0	0	0	0	0	0	0	0	0	0	0	0	0	0	0	33	0	0	0	0	0	0	0	0	0	0	0	0	0	0	0	0	0	0	0	0	0	0	0	0	0	0	0
2880260	Antiquaquibacter oligotrophicus	0	0	0	0	0	0	0	0	0	0	0	0	0	0	0	0	0	0	0	0	0	0	0	0	0	0	0	0	0	0	0	0	0	0	0	0	96	0	0	0	0	0	0	0	0	0	0	0	0	0	0	0	0	0	0	0	0	0	0	0	0	0	0	0
2880932	Lichenihabitans sp. PAMC28606	0	0	0	0	0	0	0	0	0	0	0	0	0	778	563	0	0	0	0	0	0	0	0	0	0	0	0	0	0	0	0	0	0	0	0	0	0	0	0	0	0	0	0	0	0	0	0	0	0	0	0	0	0	0	0	0	0	0	0	0	0	0	0	0
2881056	Demequina sp. TMPB413	0	0	0	0	0	0	0	0	0	0	0	0	0	0	0	0	0	28	14	0	0	0	0	0	0	0	0	0	0	0	0	0	0	0	0	0	0	0	0	0	0	0	0	0	0	0	0	0	0	0	0	0	0	0	0	0	0	0	0	0	0	0	0	0
2881234	Abyssibius alkaniclasticus	0	0	0	0	0	0	0	0	0	0	0	0	0	0	0	0	0	0	0	0	0	0	0	0	0	0	0	0	0	0	0	0	0	0	0	0	0	0	0	0	0	0	0	0	0	0	0	18	0	0	0	0	21	0	0	0	0	0	0	0	0	0	0	0
2883169	Corynebacterium uberis	0	20	0	0	0	0	0	0	0	0	0	0	0	0	0	0	0	0	0	0	0	0	0	0	0	0	0	0	0	0	0	0	0	0	0	0	15	0	0	0	0	14	0	0	11	0	0	0	0	0	0	0	0	41	0	0	28	0	0	0	0	0	0	0
2884022	Capillimicrobium parvum	0	0	0	0	0	0	0	0	0	0	0	0	0	0	0	0	0	0	0	0	0	0	81	0	0	42	0	0	0	0	0	0	0	0	0	0	0	0	0	0	0	0	0	0	0	0	99	0	0	0	0	0	0	0	0	0	0	0	0	0	0	0	0	0
2884264	Nocardioides sp. Kera G14	0	0	0	0	0	0	0	0	0	0	0	0	0	0	0	0	0	0	0	0	0	0	0	0	0	0	0	0	0	0	0	0	0	0	0	0	163	0	0	0	0	0	0	0	0	0	48	0	0	0	0	0	0	0	0	0	0	0	0	0	0	0	0	0
2884805	Pseudomonas sp. HN2	0	0	0	0	0	0	0	0	0	0	0	24504	56510	0	0	0	0	0	0	0	0	0	0	0	0	340	0	0	0	0	0	0	0	175	10358	0	0	0	0	0	0	104	0	0	0	0	0	0	0	0	0	0	0	0	0	0	0	0	0	0	0	0	0	0
2885078	Rhodococcus sp. RDE2	0	0	0	0	0	0	0	0	0	0	0	0	0	0	0	0	0	0	0	0	0	0	0	0	0	0	0	0	0	0	95	0	0	0	0	0	0	0	0	0	0	0	0	0	0	0	0	0	0	0	0	0	0	0	0	0	0	0	0	0	0	184	0	0
2885764	Globicatella sp. PHS-GS-PNBC-21-1553	0	0	0	0	0	39	0	0	0	0	0	0	0	0	0	0	13	0	0	0	0	0	0	0	0	0	0	15	0	0	0	0	15	0	0	0	0	0	24	0	0	0	0	0	0	0	0	0	0	60	0	0	0	11	0	0	31	0	0	0	0	0	0	0
2886045	Brevibacterium sp. JSBI002	0	0	66	0	0	0	0	0	0	0	0	0	0	0	0	0	0	0	0	0	0	0	0	0	0	0	0	0	0	0	0	0	0	0	0	0	0	0	15	0	0	0	0	0	0	0	3871	0	0	0	0	0	0	0	0	0	0	0	0	0	0	0	0	0
2886352	Allocoleopsis franciscana	0	0	0	0	0	0	0	0	0	0	0	0	0	0	0	0	0	0	0	0	0	0	0	0	0	0	0	0	0	0	0	0	0	0	0	0	0	0	0	0	0	0	0	0	0	0	0	79	0	0	0	0	0	0	0	0	0	0	0	0	0	0	0	35
2886359	Stenotrophomonas sp. SI-NJAU-1	0	0	0	0	0	0	0	0	0	0	0	0	0	0	0	0	0	0	0	0	0	0	0	0	0	0	0	0	0	0	0	0	0	0	139	0	0	0	0	0	0	0	0	0	0	0	0	0	0	0	0	0	0	0	0	0	0	0	0	0	0	0	0	0
2886361	Pseudomonas sp. HN8-3	0	0	0	0	0	0	0	0	0	0	0	0	67	0	0	0	0	0	0	0	0	0	0	0	0	0	0	0	0	0	0	0	0	0	0	0	0	0	0	0	0	0	0	0	0	0	0	0	0	0	0	0	0	0	0	0	0	0	0	0	0	0	0	0
2886821	Pantoea sp. Z09	0	0	0	0	0	0	0	0	0	0	0	0	0	0	0	0	0	0	0	0	14	0	0	0	0	0	0	0	0	0	0	0	0	0	0	0	0	0	0	0	0	0	0	0	0	0	0	18	0	0	0	0	0	0	0	0	0	0	0	0	0	0	0	0
2890321	Sphingomonas radiodurans	0	40	17	14	0	0	0	0	0	0	0	0	0	0	0	0	0	0	0	0	0	0	0	0	0	65	0	0	0	0	15	0	0	0	13	0	506	0	0	0	0	0	0	0	0	0	0	0	0	0	0	0	0	0	0	0	0	0	0	0	0	0	0	0
2892440	Staphylococcus ratti	0	42	0	0	0	0	0	0	0	0	0	0	0	0	0	0	14	0	0	0	0	0	0	0	0	0	0	15	0	0	38	0	0	0	12	0	347	0	0	0	0	54	0	0	37	0	0	0	0	0	0	0	0	0	0	0	0	0	0	0	0	0	0	0
2892442	Pseudomonas sp. CIP-10	0	0	298	0	0	0	0	0	0	0	0	0	0	0	0	0	0	0	0	0	0	0	0	0	0	0	0	0	0	0	0	0	0	0	0	0	263	0	0	0	0	0	0	0	0	0	0	0	0	0	0	0	0	0	0	0	0	0	0	0	0	0	0	0
2894079	Pseudomonas oryziphila	0	0	0	0	0	0	0	0	0	0	0	0	0	0	0	0	0	0	0	0	0	0	0	0	0	0	0	0	0	0	0	0	0	0	0	0	0	0	0	0	0	0	0	0	0	0	0	0	0	97	0	0	0	0	0	0	0	0	0	0	0	0	0	0
2894081	Nocardioides okcheonensis	0	563	0	0	0	0	0	39	68	0	0	0	0	0	0	0	0	0	0	0	0	0	0	0	0	79	0	0	0	0	0	0	0	0	0	35	37549	0	0	0	0	0	0	0	0	155	361	0	0	0	0	0	0	0	0	0	0	0	0	0	0	0	0	0
2894310	Methylobacterium sp. NMS14P	95	0	307	79	0	19	0	33	0	117	0	34	0	288646	183912	0	0	0	0	0	0	0	0	0	0	311	0	0	0	0	0	0	0	0	0	26	60	0	0	0	0	0	213	0	0	0	0	0	15	27	0	0	0	37	0	0	0	0	0	0	0	89	171	0
2895473	Pseudomonas sp. B21-015	0	0	0	0	0	0	0	0	0	0	0	799	1628	0	0	0	0	0	0	0	0	0	0	0	0	0	0	0	0	0	0	0	0	0	407	0	0	0	0	0	0	0	0	0	0	0	0	0	0	0	0	0	0	0	0	0	0	0	0	0	0	0	0	0
2895475	Pseudomonas sp. B21-019	0	0	0	0	0	0	0	0	0	0	0	0	0	0	0	0	0	0	0	0	0	0	0	0	0	0	0	0	0	0	0	0	0	0	32	0	0	0	0	0	0	0	0	0	0	0	0	0	0	0	0	0	0	0	0	0	0	0	0	0	0	0	0	0
2895476	Pseudomonas sp. B21-021	0	0	0	0	0	0	0	0	0	0	0	44	102	0	0	0	0	0	0	0	0	0	0	0	0	0	0	0	0	0	0	0	0	0	56	0	0	0	0	0	0	0	0	0	0	0	0	0	0	0	0	0	0	0	0	0	0	0	0	0	0	0	0	0
2895486	Pseudomonas sp. B21-040	0	0	0	0	0	0	0	0	0	0	0	10	41	0	0	0	0	0	0	0	0	0	0	0	0	0	0	0	0	0	0	0	0	0	27	0	0	0	0	0	0	0	0	0	0	0	0	0	0	0	0	0	0	0	0	0	0	0	0	0	0	0	0	0
2895487	Pseudomonas sp. B21-041	0	0	0	0	0	0	0	0	0	0	0	102	278	0	0	0	0	0	0	0	0	0	0	0	0	0	0	0	0	0	0	0	0	0	82	0	0	0	0	0	0	0	0	0	0	0	0	0	0	0	0	0	0	0	0	0	0	0	0	0	0	0	0	0
2895489	Pseudomonas sp. B21-047	0	0	0	0	0	0	0	0	0	0	0	274	740	0	0	0	0	0	0	0	0	0	0	0	0	0	0	0	0	0	0	0	0	0	291	0	0	0	0	0	0	0	0	0	0	0	0	0	0	0	0	0	0	0	0	0	0	0	0	0	0	0	0	0
2895490	Pseudomonas sp. B21-048	0	0	0	0	0	0	0	0	0	0	0	0	38	0	0	0	0	0	0	0	0	0	0	0	0	0	0	0	0	0	0	0	0	0	24	0	0	0	0	0	0	0	0	0	0	0	0	0	0	0	0	0	0	0	0	0	0	0	0	0	0	0	0	0
2895491	Pseudomonas sp. B21-051	0	0	0	0	0	0	0	0	0	0	0	66	133	0	0	0	0	0	0	0	0	0	0	0	0	0	0	0	0	0	0	0	0	0	83	0	0	0	0	0	0	0	0	0	0	0	0	0	0	0	0	0	0	0	0	0	0	0	0	0	0	0	0	0
2895559	Subtercola endophyticus	0	0	0	0	0	0	0	0	0	0	0	0	0	0	0	0	0	0	0	0	0	0	0	0	0	16	0	0	0	0	0	0	0	0	0	0	53	0	0	0	0	0	0	0	0	0	0	0	0	0	0	0	0	0	0	0	0	0	0	0	0	0	0	0
2895565	Nocardioides sp. B-3	0	24	0	0	0	0	0	0	0	0	0	0	0	0	0	0	0	0	0	0	0	0	0	0	0	0	0	0	0	0	0	0	0	0	0	0	1061	0	0	0	0	0	0	0	0	0	127	0	0	0	0	0	0	0	0	0	0	0	0	0	0	0	0	0
2895796	Paracoccus sp. MA	0	0	28	0	0	0	0	0	0	0	0	0	0	0	0	0	0	0	0	0	0	0	0	0	0	0	0	0	0	0	0	0	0	0	0	0	0	0	0	0	0	0	0	0	0	0	0	75	0	0	0	0	34	0	0	0	0	0	0	0	0	0	0	0
2895818	Arthrobacter antioxidans	0	0	0	0	0	0	51	0	0	0	0	54	0	0	0	0	0	0	0	0	0	0	0	0	0	10	0	0	0	0	0	0	0	0	0	0	15	0	0	0	0	0	0	0	0	0	0	0	0	0	0	0	0	36	0	0	0	0	0	0	0	0	0	0
2895980	Terrarubrum flagellatum	0	0	0	0	0	0	0	0	0	0	0	0	0	82	59	0	0	0	0	0	0	0	0	0	0	0	0	0	0	0	0	0	0	0	0	0	0	0	0	0	0	0	0	0	0	0	0	0	0	0	0	0	0	0	0	0	0	0	0	0	0	0	0	0
2897332	Roseomonas sp. OT10	0	19	36	0	0	0	0	0	0	0	0	0	0	90	50	0	0	0	0	0	0	0	0	0	0	27	0	0	0	0	0	0	24	0	0	0	337	0	0	0	0	0	143	0	0	0	0	22	0	167	0	0	42	0	0	0	0	0	43	0	0	0	0	0
2897333	Metabacillus sp. B2-18	0	0	0	0	0	0	0	0	0	0	0	0	0	0	0	0	0	0	0	0	0	0	0	0	0	0	0	0	0	0	0	0	0	0	0	0	20	0	0	0	0	0	0	0	0	0	0	0	0	0	0	0	0	0	0	0	0	0	0	0	0	0	0	0
2897334	Methylorubrum sp. B1-46	0	0	59	26	23	28	0	49	28	31	21	0	0	4641	2984	0	28	0	133	20	0	661	158	0	0	43	0	51	0	37	27	0	33	133	128	22	80	30	31	0	0	52	120	0	28	0	0	34	0	103	30	28	22	77	841	0	0	0	63	0	0	0	33	0
2897335	Staphylococcus sp. HL28	0	3864	2664	0	0	567	0	2421	0	0	211	0	497	0	0	0	870	0	0	0	0	525	0	0	0	414	0	802	0	0	21345	0	580	0	408	2950	279690	0	1221	0	0	15276	0	0	1371	0	0	1398	0	371	0	0	0	810	904	0	777	0	0	0	0	0	993	0
2898149	Bradyrhizobium ontarionense	0	0	0	0	0	0	0	0	0	0	0	0	0	0	24	0	0	0	0	0	0	0	0	0	0	0	0	0	0	0	0	0	0	0	0	0	0	0	0	0	0	0	0	0	0	0	0	0	0	0	0	0	0	0	0	0	0	0	0	0	0	0	0	0
2898151	Curtobacterium sp. C1	0	0	0	0	0	0	0	0	0	0	0	0	0	0	0	204	0	0	0	0	0	0	0	0	0	0	0	0	0	0	0	0	0	0	0	0	0	0	0	0	0	0	0	0	0	0	0	0	0	0	0	0	0	0	0	0	0	0	0	0	0	0	0	0
2898433	Sphingomonas sp. J315	0	0	25	0	0	0	0	0	0	0	0	0	0	0	0	0	0	0	0	0	0	0	0	0	0	0	0	0	206	0	0	0	0	0	0	0	51	0	0	0	0	0	0	0	0	0	697	0	0	0	0	0	0	0	0	0	0	0	0	0	0	0	0	0
2898441	Pseudomonas sp. J452	0	0	0	0	0	0	0	0	0	0	0	0	0	0	0	0	0	0	0	0	0	0	0	0	0	0	0	0	0	0	0	0	0	0	10	0	0	0	0	0	0	0	0	0	0	0	0	0	0	0	0	0	0	0	0	0	0	0	0	0	0	0	0	0
2898483	Pseudomonas sp. 7-41	0	0	0	0	0	0	0	0	0	450	0	0	247	0	0	0	438	0	0	0	0	0	0	0	0	0	0	0	0	0	0	0	0	0	0	0	0	0	0	0	0	0	0	0	0	0	0	0	0	0	0	0	0	0	0	0	0	0	0	0	0	0	0	0
2898795	Brevibacterium zhoupengii	0	0	0	0	0	0	0	0	0	0	0	0	0	0	0	0	0	0	0	0	0	0	0	0	0	0	0	0	18	0	0	0	0	0	0	0	0	0	0	0	0	0	0	0	0	0	0	0	0	0	0	0	0	0	0	0	0	0	0	0	0	0	0	0
2898796	Nocardioides sp. cx-173	0	25	0	0	0	0	0	0	0	0	0	0	0	0	0	0	0	0	0	0	0	0	0	0	0	0	0	0	0	0	0	0	0	0	0	0	524	0	0	0	0	0	0	0	0	0	215	0	0	0	0	0	0	0	0	0	0	0	0	0	0	0	0	0
2899121	Tannockella kyphosi	0	0	0	0	0	0	0	0	0	0	0	0	0	0	0	0	0	0	0	0	0	0	0	0	0	0	0	0	0	0	0	0	0	0	0	0	0	0	15	0	0	0	0	0	0	0	0	0	0	0	0	0	0	0	0	0	0	0	0	0	0	0	0	0
2899123	Sphingomonas cannabina	0	115	21	0	0	0	0	0	0	0	0	0	0	78	0	0	0	0	0	0	0	0	0	0	0	0	0	0	11	0	0	0	0	0	0	0	64	0	0	0	0	0	0	0	0	0	291	0	0	0	0	0	0	0	0	0	0	0	0	0	0	0	0	0
2899133	Candidatus Nanosynbacter sp. HMT-352	0	156	574	34	11	114	0	118	29	489	211	0	940	0	91	22	423	0	0	21	20	0	44	0	0	194	0	667	105	0	48	0	143	0	365	0	184	0	320	0	0	238	0	0	56	381	21	24	47	296	69	42	31	142	102	0	85	0	180	0	181	14	878	0
2899657	Pseudomonas sp. Nvir	0	0	159	0	0	0	0	156	0	0	0	0	0	0	0	0	0	0	0	0	0	0	0	0	0	0	0	0	0	0	0	0	0	0	0	0	0	0	0	0	0	0	0	0	0	0	0	0	0	0	0	0	0	0	0	0	0	0	0	0	0	0	0	0
2901380	Pseudomonas sp. NIBR-H-19	0	0	20	0	0	0	234	0	0	20	0	182	373	0	0	0	0	0	0	0	0	0	0	0	0	0	0	0	0	0	0	0	0	0	167	0	0	0	0	0	0	0	0	0	0	0	0	0	0	0	14	0	0	0	0	0	0	0	0	0	0	0	0	0
2901869	Luteimonas fraxinea	0	15	0	0	0	0	0	0	0	0	0	0	0	0	0	0	0	0	0	0	0	0	0	0	0	22	0	0	0	0	0	0	0	0	0	0	0	0	0	0	0	0	0	0	0	0	0	0	26	0	0	0	0	0	0	0	0	0	0	0	0	0	0	0
2903536	Mycobacterium sp. 20KCMC460	0	0	0	0	0	0	0	0	0	0	0	0	0	63	70	0	0	0	0	0	0	0	0	0	0	0	0	0	0	0	0	0	0	0	0	0	0	0	0	0	0	0	0	0	0	0	0	0	0	0	0	0	0	0	0	0	0	0	0	0	0	0	0	0
2903557	Actinoallomurus sp. NBC_01490	0	0	0	0	0	0	0	0	0	0	0	0	0	0	0	0	0	0	0	0	0	0	0	0	0	0	0	0	0	0	0	0	0	0	0	0	37	0	0	0	0	0	0	0	0	0	32	0	0	0	0	0	0	0	0	0	0	0	0	0	0	0	0	0
2903562	Amycolatopsis sp. NBC_01480	0	0	0	0	0	0	0	0	0	0	0	0	0	63	76	0	0	0	0	0	0	0	0	0	0	0	0	0	0	0	0	0	0	0	0	0	0	0	0	0	0	0	0	0	0	0	0	0	0	0	0	0	0	0	0	0	0	0	0	0	0	0	0	0
2903564	Kineococcus sp. NBC_00420	0	0	0	0	0	0	0	0	0	0	0	0	0	0	0	94	0	0	0	0	0	0	0	0	0	0	0	0	0	0	0	32	0	0	0	0	20	0	0	0	0	0	0	0	0	0	0	0	0	0	0	0	0	0	0	0	0	0	0	0	0	0	0	0
2903572	Kitasatospora sp. NBC_01266	0	0	0	0	0	0	0	0	0	0	0	0	0	0	0	0	0	61	42	0	0	0	0	0	0	0	0	0	0	0	0	0	0	0	0	0	0	0	0	0	0	0	0	0	0	0	0	0	0	0	0	0	0	0	0	0	0	0	0	0	0	0	0	0
2903578	Kribbella sp. NBC_01245	0	0	0	0	0	0	0	0	0	0	0	0	0	0	0	0	0	0	0	0	0	0	0	0	0	0	0	0	0	0	0	0	0	0	0	0	13	0	0	0	0	0	0	0	0	0	0	0	0	0	0	0	0	0	0	0	0	0	0	0	0	0	0	0
2903582	Lentzea sp. NBC_00516	0	0	40	0	0	0	0	0	0	0	0	0	0	0	0	0	0	0	0	0	0	0	0	0	0	0	0	0	0	0	0	0	0	0	0	0	0	0	0	0	0	0	0	0	0	0	0	0	0	0	0	94	0	0	0	0	0	0	0	0	0	0	0	0
2903583	Microbispora sp. NBC_01189	0	0	0	0	0	0	0	0	0	0	0	0	0	0	0	0	0	0	0	0	0	0	0	0	0	0	0	0	0	0	0	0	0	0	0	0	34	0	0	0	0	0	0	0	0	0	0	0	0	0	0	0	0	0	0	0	0	0	0	0	0	0	0	0
2903900	Paracoccus everestensis	0	58	25	0	0	0	0	0	0	0	0	0	0	0	0	0	24	0	0	0	0	0	0	0	0	0	0	130	0	0	0	0	0	0	0	0	40	0	0	0	0	0	0	0	0	315	0	0	0	0	144	0	0	23	0	0	0	0	0	0	0	0	0	0
2903901	Phenylobacterium sp. LH3H17	0	0	0	0	0	0	0	0	0	0	0	0	0	0	0	0	0	0	0	0	0	0	0	0	0	0	0	0	0	0	0	0	0	0	0	0	0	0	0	0	0	0	0	0	0	0	49	0	0	0	0	14	0	0	0	0	0	0	0	0	0	0	0	0
2903960	Sphingomonas sp. S2-65	0	21	0	0	0	0	0	0	0	0	0	0	0	0	0	0	0	0	0	0	0	0	0	0	0	0	0	0	0	0	0	0	0	0	0	60	4392	0	0	0	0	0	0	0	0	0	0	0	0	0	0	0	0	0	0	0	0	0	0	0	0	0	0	0
2904790	Cellulomonas sp. S1-8	0	0	0	0	0	0	0	0	0	0	0	0	0	0	0	0	0	0	15	0	0	0	0	0	0	0	0	0	0	0	0	0	0	0	0	0	0	0	0	0	0	0	0	0	0	0	27	0	0	0	0	0	0	0	0	0	0	0	0	0	0	0	0	0
2905871	Herbiconiux sp. L3-i23	0	0	0	0	0	0	0	0	0	0	0	0	0	0	0	0	0	0	0	0	0	0	0	0	0	24	0	0	0	0	0	0	0	0	16	0	1672	0	0	0	0	0	11	0	0	0	0	0	0	0	0	0	0	0	0	0	0	0	0	0	0	0	0	0
2906062	Pseudomonas wenzhouensis	0	0	25	0	0	0	0	0	0	0	0	17	0	0	0	0	0	0	0	0	0	0	0	0	0	20	0	0	0	0	0	0	0	0	0	0	0	0	0	0	0	0	0	0	0	0	0	0	0	0	0	0	0	0	0	0	0	0	0	0	0	16	0	0
2906072	Aurantimonas sp. HBX-1	0	0	0	0	0	0	0	0	0	0	0	0	0	39	22	0	0	0	0	0	0	56	0	0	0	0	0	0	0	0	0	0	0	0	0	0	0	0	0	0	0	0	0	0	0	0	0	0	0	0	0	0	0	0	0	0	0	0	0	0	0	0	0	0
2907624	Rhodococcus sp. DMF-1	224	0	0	0	0	0	0	0	351	0	0	0	0	0	0	0	0	0	0	0	0	0	0	0	0	0	0	0	0	0	0	0	0	0	0	0	0	0	0	0	0	0	0	0	0	0	0	0	0	0	0	0	0	0	0	0	0	0	0	0	0	7505	0	246
2908637	Acinetobacter sp. SCLZS86	0	0	0	0	0	0	0	32	0	0	0	0	0	0	0	0	0	0	0	0	0	0	0	0	0	0	0	0	0	0	0	0	0	0	0	0	0	0	90	0	0	135	0	298	268	0	0	0	0	0	0	0	0	0	0	0	0	0	0	0	0	0	0	0
2908651	Ornithinimicrobium sp. INDO-MA30-4	0	41	23	0	0	15	0	10	0	18	0	0	0	0	0	0	15	0	0	0	0	30	43	0	0	13	0	32	0	0	13	0	0	0	36	0	0	0	0	0	0	24	0	0	0	29	0	0	0	18	0	0	10	25	36	0	14	0	0	0	0	0	0	0
2908837	Mycolicibacterium sp. YH-1	0	0	0	42	0	0	0	0	0	0	0	0	0	0	0	0	0	0	0	0	0	0	0	0	0	0	0	0	0	0	0	0	0	0	0	0	19	0	0	0	0	0	28	0	0	0	0	0	0	0	0	0	0	0	0	0	0	0	0	0	0	0	0	0
2908840	Planococcus sp. 107-1	0	0	0	0	0	0	0	0	0	0	0	0	0	0	0	0	0	0	0	0	0	0	0	0	0	20	0	0	0	0	0	0	0	54	0	0	0	0	0	0	0	0	0	0	0	0	0	0	0	0	0	0	0	0	0	0	0	0	0	0	0	0	0	0
2909339	Dyadobacter chenhuakuii	0	0	0	0	0	0	0	0	0	0	0	0	0	0	0	0	0	0	11	0	0	0	0	0	0	0	0	0	0	0	0	0	0	0	0	0	0	0	0	0	0	0	0	0	0	0	0	0	0	0	0	0	0	0	0	0	0	0	0	0	0	0	0	0
2909587	Microbacterium elymi	0	0	0	0	0	0	0	0	0	0	0	0	0	0	0	0	0	0	0	0	0	0	0	0	0	17	0	0	0	0	0	0	0	0	0	0	109	0	0	0	0	0	0	0	0	0	0	0	0	0	0	0	0	0	0	0	0	0	0	0	0	0	0	0
2909588	Microbacterium sp. KUDC0406	0	0	0	0	0	0	0	0	0	0	0	0	0	0	0	0	0	0	0	0	0	0	0	0	0	85	0	0	0	0	0	0	0	0	0	0	254	0	0	0	0	0	0	0	0	0	0	0	0	0	0	0	0	0	0	0	0	0	0	0	0	0	0	0
2909672	Brevibacterium spongiae	0	0	0	0	0	0	0	0	0	0	0	0	0	0	0	0	0	0	0	0	0	0	0	0	0	0	0	0	0	0	0	0	0	0	0	0	0	0	0	0	0	0	0	0	0	0	198	0	0	0	0	0	0	0	0	0	0	0	0	0	0	0	0	0
2911538	Luteibacter aegosomaticola	0	0	0	0	0	0	0	0	0	0	0	0	0	17	0	0	0	0	0	0	0	0	0	0	0	0	0	0	0	0	0	0	0	0	0	0	0	0	0	0	0	0	0	0	0	0	0	0	0	0	0	0	0	0	0	0	0	0	0	0	0	0	0	0
2912188	Neisseria lisongii	0	0	0	0	0	0	0	0	0	56	0	0	0	0	0	0	0	0	0	0	14	0	0	0	0	0	0	0	0	0	0	0	0	0	0	0	0	0	0	0	0	0	0	0	0	0	0	0	0	0	0	0	0	0	46	0	0	0	0	0	0	0	0	0
2912228	Staphylococcus shinii	0	61	26	0	0	45	0	32	0	0	0	0	159	0	0	0	17	0	0	0	0	61	0	0	0	12	0	47	30	0	74	0	33	0	19	0	298	0	0	0	0	66	0	0	31	0	0	22	0	120	11	84	0	29	53	0	11	0	18	0	15	0	19	0
2912675	Neisseria sp. Dent CA1/247	0	0	0	0	0	0	0	18	0	19	0	0	0	0	0	0	0	0	0	0	31	0	0	0	0	0	0	0	0	0	0	0	0	0	0	0	0	0	0	0	0	0	0	0	0	0	0	0	0	0	0	0	0	0	34	0	0	0	0	0	0	0	0	0
2912824	Niallia sp. Man26	0	0	0	0	0	0	0	0	0	0	0	0	62	0	0	0	0	0	0	0	0	0	0	0	0	11	0	0	0	0	0	0	0	0	0	0	0	0	18	0	0	0	0	0	0	0	0	0	0	0	0	0	0	0	0	0	0	0	0	0	0	0	0	0
2913502	Corynebacterium hesseae	0	1927	5518	31	171	1332	0	2843	20	171	109	19	101	36	434	113	2227	0	23	20	420	342	15	19	0	102	0	246	0	0	533	0	156	138	186	152	963	0	867	30	37	370	0	0	270	1103	69	2091	0	212	20	897	847	2605	740	124	9025	0	1486	0	111	21	76	0
2914983	Pectobacterium sp. A5351	0	0	0	15	0	0	0	0	0	166	0	0	357	0	0	0	35	0	0	0	0	0	0	0	0	0	0	0	0	0	0	0	0	0	0	0	0	0	0	0	0	0	0	0	0	0	0	0	0	0	0	0	0	0	0	0	0	0	0	0	0	0	0	0
2917724	Nocardioides sp. TF02-7	0	33	0	0	0	0	0	0	0	0	0	0	0	0	0	0	0	0	0	0	0	0	0	0	0	0	0	0	0	0	0	0	0	0	0	0	445	0	0	0	0	0	0	0	0	0	281	0	0	0	0	0	0	0	0	0	0	0	0	0	0	0	0	0
2917725	Georgenia sp. TF02-10	0	0	0	0	0	0	0	0	0	0	0	0	0	0	0	0	0	0	0	0	0	0	0	0	0	0	0	0	0	0	0	0	0	0	0	0	46	0	0	0	0	0	0	0	0	0	0	0	0	0	0	0	0	0	0	0	0	0	0	0	0	0	0	0
2917790	Wielerella bovis	0	0	0	0	0	0	0	0	0	0	0	0	0	0	0	0	0	0	0	0	0	0	0	0	0	14	0	0	0	0	0	0	0	0	0	0	0	0	0	0	0	0	0	0	0	0	0	0	0	0	0	0	0	0	88	0	0	0	0	0	0	0	0	0
2917991	Devosia lacusdianchii	0	0	0	0	0	0	0	0	0	0	0	0	0	0	0	0	0	0	0	0	0	0	0	0	0	0	0	0	0	0	0	0	0	0	0	0	0	0	0	0	0	0	0	0	0	0	40	0	0	0	0	0	0	0	0	0	0	0	0	0	0	0	0	0
2918299	Comamonas sp. B21-038	0	0	0	0	0	0	0	0	0	0	0	0	0	0	0	0	0	0	0	0	0	0	0	0	0	0	0	0	0	0	0	0	0	0	0	0	0	0	0	0	0	0	0	0	0	0	0	0	0	0	15	0	0	0	0	0	0	0	0	0	0	0	0	0
2918755	Alcaligenes sp. NLF5-7	0	0	0	0	0	0	0	0	0	0	0	0	0	0	0	0	0	0	0	0	0	0	0	0	0	0	0	0	0	0	0	0	0	0	0	0	0	0	0	0	0	0	0	0	0	0	0	0	0	0	0	0	0	0	0	0	0	0	0	0	0	111	0	0
2918765	Sphingomonas qomolangmaensis	0	0	0	0	0	0	0	0	0	0	0	0	0	0	0	0	0	0	0	0	0	0	0	0	0	0	0	0	0	0	0	0	0	0	0	0	25	0	0	0	0	0	0	0	0	0	0	0	0	0	0	0	0	0	0	0	0	0	0	0	0	0	0	0
2918899	Thermus sp. NEB1569	0	0	0	0	0	0	0	0	0	26	0	0	0	0	0	0	0	0	0	0	0	0	0	0	0	0	0	0	0	0	0	0	0	0	24	0	0	0	0	0	0	0	0	0	0	0	0	0	0	0	0	0	0	0	0	0	0	0	0	0	0	0	0	0
2918914	Chakrabartyella piscis	0	0	0	0	0	0	0	0	0	0	0	0	0	0	0	0	0	0	0	0	0	0	0	0	0	0	0	0	0	0	0	0	0	0	0	0	0	0	34	0	0	0	0	0	0	0	0	0	0	0	0	0	0	0	0	0	0	0	0	0	0	0	0	0
2919917	Rhizobium sp. SSM4.3	0	0	0	0	0	0	0	0	0	0	0	0	0	0	0	0	0	0	0	0	0	0	0	0	0	0	0	0	0	0	0	0	0	0	0	0	0	0	0	0	0	0	0	0	0	0	32	0	0	0	0	0	0	0	0	0	0	0	0	0	0	0	0	0
2920939	Chryseobacterium sp. Y16C	0	0	0	0	0	0	0	0	0	0	0	0	0	0	0	0	0	0	0	0	0	0	0	0	0	0	0	0	0	0	0	0	0	0	0	0	0	0	0	0	0	0	0	0	0	0	0	0	0	0	0	0	0	0	0	16	0	0	0	0	0	0	0	0
2921375	Paenibacillus sp. FSL H8-0079	0	0	0	0	0	0	0	0	0	0	0	0	0	0	0	0	0	0	0	0	0	0	0	0	0	0	0	0	0	0	0	0	0	0	0	0	0	0	0	0	0	0	0	0	0	0	0	0	0	0	0	0	0	0	0	0	0	0	25	0	0	0	0	0
2921503	Oceanobacillus sp. FSL K6-3682	0	0	0	0	0	0	0	0	0	0	0	0	0	0	0	0	0	0	0	0	0	0	0	0	0	0	0	0	149	0	0	0	0	0	0	0	0	0	0	0	0	14	0	0	0	0	0	0	0	0	0	0	0	0	0	0	0	0	0	0	0	0	0	0
2921518	Pseudomonas sp. FSL L8-0168	0	0	0	0	0	0	0	0	0	0	0	0	183	0	0	0	0	0	0	0	0	0	0	0	0	0	0	0	0	0	0	0	0	0	0	0	0	0	0	0	0	0	0	0	0	0	0	0	0	0	0	0	0	0	0	0	0	0	0	0	0	0	0	0
2921523	Bacillus sp. FSL L8-0528	0	0	0	0	0	0	0	0	0	0	0	0	0	0	0	0	0	0	0	0	0	0	0	0	0	0	0	0	27	0	0	0	0	0	0	0	0	0	0	0	0	0	0	0	0	0	0	0	0	0	0	0	0	0	0	0	0	0	0	0	0	0	0	0
2921557	Sporosarcina sp. FSL K6-3508	0	0	0	0	0	0	0	0	0	0	0	0	0	0	0	0	0	0	0	0	0	0	0	0	0	0	0	0	0	0	0	0	0	0	0	0	0	0	0	0	0	0	0	0	0	0	0	27	0	0	0	0	0	0	0	0	0	0	0	0	0	0	0	0
2921616	Ornithinibacillus sp. FSL M8-0202	0	0	12	0	0	0	0	0	0	0	0	0	0	0	0	0	0	0	0	0	0	0	0	0	0	0	0	0	0	0	0	0	0	0	0	0	0	0	0	0	0	0	0	0	0	0	0	0	0	0	0	0	0	0	0	0	0	0	0	0	0	0	0	0
2921636	Paenibacillus sp. FSL R5-0341	0	0	0	0	0	0	0	0	0	0	0	0	0	0	0	0	0	0	0	0	0	0	0	0	0	0	0	0	0	0	0	0	0	0	0	0	0	0	0	0	0	139	0	0	0	0	0	0	0	0	0	0	0	0	0	0	0	0	0	0	0	0	0	0
2921679	Paenibacillus sp. FSL R7-0272	0	0	0	0	0	0	0	0	0	0	0	0	0	0	0	0	0	0	0	0	0	0	0	0	0	0	0	0	181	0	0	0	0	0	0	0	0	0	0	0	0	0	0	0	0	0	0	0	0	0	0	0	0	0	0	0	0	0	0	0	0	0	0	0
2921700	Cytobacillus sp. FSL W7-1323	0	0	0	0	0	0	0	0	0	0	277	0	0	0	0	0	0	0	0	0	0	0	0	0	0	0	0	0	0	0	0	0	0	0	69	0	0	0	0	56	0	0	0	0	0	0	0	0	0	0	0	0	0	0	0	0	0	0	0	0	0	0	0	0
2923272	Streptomyces tubbatahanensis	0	0	0	0	0	0	0	0	0	0	0	0	0	0	0	0	0	0	0	0	0	0	0	0	0	0	0	0	0	0	0	0	0	0	0	0	41	0	0	0	0	0	0	0	0	0	0	0	0	0	0	0	0	0	0	0	0	0	0	0	0	0	0	0
2923366	Raoultella sp. HC6	0	0	0	0	0	0	0	0	0	0	0	0	25	0	0	0	0	0	0	0	0	0	0	0	0	0	0	0	0	0	0	0	0	0	0	0	0	0	0	0	0	0	0	0	0	0	0	0	0	0	0	0	0	0	0	0	0	0	0	0	0	0	0	0
2925838	Vagococcus sp. CY52-2	0	0	0	0	0	0	0	0	0	0	0	0	0	0	0	0	0	95	43	0	0	0	0	0	0	0	0	0	0	0	0	0	0	0	0	0	0	0	0	0	0	0	0	0	0	0	0	0	0	0	0	0	0	0	0	0	0	0	0	0	0	0	0	0
2925841	Shinella sp. H4-D48	0	0	0	0	0	0	0	0	0	0	0	59	0	0	0	0	0	0	0	0	0	0	0	0	0	0	0	0	0	0	0	0	0	0	0	0	0	0	0	0	0	0	0	0	0	0	0	0	0	0	0	0	0	0	0	0	0	0	0	0	0	0	0	0
2925842	Luteimonas sp. S4-F44	0	0	0	0	0	0	0	0	0	0	0	0	0	0	0	0	0	0	0	0	0	0	0	0	0	0	0	0	0	0	0	0	0	0	0	0	0	0	0	0	0	0	0	0	0	0	0	25	0	0	0	0	0	0	0	0	0	0	0	0	0	0	0	0
2925844	Microbacterium sp. H1-D42	0	0	0	0	0	0	0	0	0	0	0	0	0	0	0	0	0	0	0	0	0	0	0	0	0	69	0	0	0	0	0	0	0	0	0	0	0	0	0	0	0	0	0	0	0	0	0	0	0	0	0	0	0	0	0	0	0	0	0	0	0	0	0	0
2926671	Pseudomonas sp. I3-I5	0	6196	4831	0	0	757	0	4699	0	2280	1885	0	150	0	546	0	516	0	0	0	256	0	0	0	0	110	0	1606	167	0	3174	0	4182	0	884	0	4828	0	206	112	0	1692	0	0	983	0	0	2038	535	10435	0	3044	938	2682	284	0	178	0	1757	0	164	0	167	0
2926709	Rhizobium sp. CC-CFT758	0	0	0	0	0	0	0	0	0	0	0	0	0	0	0	0	0	0	0	0	0	0	0	0	0	0	0	0	0	0	0	0	0	0	0	0	0	0	0	0	0	0	0	0	0	0	106	0	0	0	0	0	0	0	0	0	0	0	0	0	0	0	0	0
2927224	Akkermansia massiliensis	0	0	0	0	0	0	0	0	0	0	0	0	0	0	0	0	0	0	0	0	0	0	0	0	0	0	0	0	0	0	0	0	0	0	0	0	0	0	0	0	0	0	0	0	0	0	0	0	0	0	0	0	0	0	0	28	284	0	0	0	0	0	0	0
2928154	Bacillus sp. ZJS3	0	0	59	0	0	0	0	0	0	0	0	0	0	0	0	0	0	0	0	0	0	0	0	0	0	0	0	0	0	0	0	0	0	0	0	0	0	0	0	0	0	0	0	0	0	0	0	0	0	0	0	0	0	0	0	0	0	0	0	0	0	0	0	0
2928472	Acuticoccus sp. I52.16.1	0	0	0	0	0	0	0	0	0	0	0	0	0	28	34	0	0	0	0	0	0	0	0	0	0	0	0	0	0	0	0	0	0	0	0	0	0	0	0	0	0	0	0	0	0	0	0	0	0	0	0	0	0	0	0	0	0	0	0	0	0	0	0	0
2929481	Staphylococcus sp. IVB6181	0	189	34	13	0	72	0	343	0	29	0	0	27	0	46	0	37	0	0	0	0	0	0	0	18	35	0	321	0	0	306	0	97	0	10	84	2747	0	85	0	0	1287	0	0	58	20	0	15	0	0	0	0	0	42	16	0	0	0	10	0	0	0	0	0
2929488	Faecalibacterium sp. IP-1-18	0	57735	392	0	0	586	0	3121	0	4594	0	0	0	0	0	424	6358	0	0	0	153	278	0	0	0	103	0	0	0	0	111	0	0	0	160	0	0	0	22520	0	0	0	0	0	0	0	0	911	0	0	0	0	0	474	6705	349	6419	0	248	0	319	0	0	461
2929489	Faecalibacterium sp. IP-3-29	0	29654	89	0	0	610	0	3261	50	10492	0	0	41	0	105	129	4496	0	0	0	0	90	0	0	0	0	0	0	0	0	61	0	0	0	122	0	0	0	8860	0	0	48	0	0	0	0	56	1906	0	0	0	66	50	148	2817	99	2315	0	72	0	77	0	0	198
2929490	Faecalibacterium sp. I2-3-92	0	24707	122	0	91	881	0	1994	103	6770	0	0	0	0	0	99	2918	0	0	0	0	77	0	0	0	0	0	62	0	0	0	0	0	0	49	0	0	0	13814	0	0	0	0	0	0	52	216	1423	0	0	0	49	0	195	2127	102	2011	0	69	0	0	0	0	116
2929491	Faecalibacterium sp. HTF-F	0	5813	31	0	0	331	0	1027	15	4291	0	0	22	0	0	34	1477	0	0	29	71	23	0	0	0	0	0	41	0	0	38	0	0	0	77	0	36	0	10411	0	0	53	0	0	0	19	55	1332	0	0	0	44	34	147	677	158	4230	0	70	0	87	0	0	45
2929492	Faecalibacterium sp. I3-3-33	0	3391	0	0	0	212	0	1110	0	1161	0	0	0	0	0	150	1583	0	0	0	41	0	0	0	0	32	0	41	0	0	25	0	0	0	41	0	33	0	3304	0	0	24	0	0	0	39	39	294	0	0	0	0	33	186	365	76	2180	0	79	0	45	0	0	29
2929493	Faecalibacterium sp. I3-3-89	0	6455	44	0	17	245	0	824	0	1112	0	0	0	0	0	53	1252	0	0	0	22	28	0	0	0	38	0	23	0	0	40	0	0	0	52	0	21	30	6724	0	0	42	0	0	62	37	29	362	0	0	0	122	25	127	775	37	1309	0	84	0	38	0	0	54
2929494	Faecalibacterium sp. I4-1-79	0	5872	21	0	34	700	0	1529	0	1909	0	0	23	0	0	243	2326	0	0	0	53	48	0	0	0	35	0	57	0	0	38	0	0	0	61	0	38	0	5686	0	0	58	0	0	0	108	99	398	0	0	0	26	54	297	676	160	3356	0	104	0	83	0	0	44
2929495	Faecalibacterium sp. I4-3-84	0	8622	0	0	39	734	0	1849	27	7609	0	0	42	0	55	118	2527	0	0	0	60	56	0	0	0	0	0	0	0	0	69	0	0	0	101	0	44	0	10409	0	0	46	0	0	0	54	154	1644	0	0	0	50	0	138	1186	85	2611	0	85	0	69	0	0	163
2929509	Acinetobacter sp. NyZ410	0	0	0	0	0	0	0	0	0	0	0	0	0	0	0	0	0	0	0	0	0	0	0	0	0	0	0	0	0	0	0	0	0	0	0	0	0	0	59	0	0	0	0	0	0	0	0	0	0	0	0	0	0	0	0	0	0	0	0	0	0	0	0	0
2929512	Acinetobacter sp. YH16040_T	0	0	0	0	0	0	0	0	0	0	0	43	0	0	0	0	0	0	0	0	0	0	0	0	0	0	0	0	0	0	0	0	0	0	0	0	0	0	0	0	0	0	0	0	0	0	0	0	0	0	0	0	0	0	0	0	0	0	0	0	0	0	0	0
2929795	Tsukamurella sp. PLM1	0	0	0	0	0	0	0	0	0	0	0	0	0	0	0	0	0	0	0	0	0	0	0	0	0	0	0	0	0	0	0	0	0	0	0	0	13	0	0	0	0	0	0	0	0	0	0	0	0	0	0	0	0	0	0	0	0	0	0	0	0	0	0	0
2929800	Chryseobacterium suipulveris	0	0	0	0	0	0	0	24	0	0	0	0	0	0	0	0	0	0	0	0	0	0	0	0	0	0	0	0	0	0	0	0	0	0	0	0	0	0	0	0	0	0	0	0	0	0	0	0	0	0	0	0	0	0	0	0	0	0	0	0	0	0	0	0
2929802	Agromyces larvae	0	0	0	0	0	0	0	0	0	0	0	0	0	0	0	0	0	0	0	0	0	0	0	0	0	37	0	0	0	0	0	0	0	0	0	0	806	0	0	0	0	0	0	0	0	0	0	0	0	0	0	0	0	0	0	0	0	0	0	0	0	0	0	0
2930091	Sphingobium sp. AntQ-1	0	0	22	0	43	0	0	20	0	0	0	0	0	0	0	0	0	0	0	0	0	0	0	0	0	0	0	18	0	0	0	0	0	37	0	0	49	0	22	0	0	0	0	0	0	0	0	0	0	0	0	0	0	0	0	0	0	0	0	0	0	0	0	0
2930131	Staphylococcus sp. NRL 16/872	0	2706	635	121	0	1691	0	1470	0	285	208	0	138	0	341	0	2914	0	114	0	731	0	0	0	0	431	0	709	28	62	9466	0	488	0	333	1250	87495	0	1723	45	0	7408	188	0	1014	890	0	816	0	2118	0	156	521	2301	77	133	1505	0	728	0	100	0	369	0
2930219	Clostridium sp. BJN0001	0	0	0	0	0	0	0	0	0	0	0	0	0	0	0	0	0	0	0	0	0	0	0	0	0	0	0	0	0	0	0	0	0	0	0	0	0	0	0	0	0	0	0	0	0	0	0	0	0	0	0	0	0	0	0	37	0	0	0	0	0	0	0	0
2931390	Nocardioides sp. W7	0	0	0	0	0	0	0	0	0	0	0	0	0	0	0	0	0	0	0	0	0	0	0	0	0	0	0	0	0	0	0	0	0	0	0	0	433	0	0	0	0	0	0	0	0	0	293	0	0	0	0	0	0	0	0	0	0	0	0	0	0	0	0	0
2931922	Miniphocaeibacter halophilus	0	0	0	0	0	0	0	0	0	0	0	0	0	0	0	0	0	0	0	0	0	0	0	0	0	0	0	0	0	0	0	0	0	0	0	0	0	0	10	0	0	0	0	0	0	0	0	0	0	0	0	0	0	0	0	0	11	0	0	0	0	0	0	0
2932244	Agromyces sp. H17E-10	0	0	0	0	0	0	0	0	0	0	0	0	0	0	0	0	0	0	0	0	0	0	0	0	0	40	0	0	0	0	0	0	0	0	0	0	384	0	0	0	0	0	0	0	0	0	0	0	0	0	0	0	0	0	0	0	0	0	0	0	0	0	0	0
2932245	Leucobacter rhizosphaerae	0	0	0	0	0	0	0	0	0	0	0	0	0	0	0	0	0	0	0	0	0	0	0	0	0	14	0	0	0	0	0	0	0	0	0	0	127	0	0	0	0	0	0	0	0	0	41	0	0	0	0	0	0	0	0	0	0	0	0	0	0	0	0	0
2932247	Leucobacter allii	0	0	0	0	0	0	0	0	0	0	0	0	0	0	0	0	0	0	0	0	0	0	0	0	0	14	0	0	0	0	0	0	0	0	0	0	218	0	0	0	0	0	0	0	0	0	46	0	0	0	0	0	0	0	0	0	0	0	0	0	0	0	0	0
2932248	Hymenobacter cellulosilyticus	0	0	0	0	0	0	0	0	0	0	0	0	0	0	0	0	0	0	0	0	0	0	0	0	0	0	0	0	0	0	0	0	0	0	0	0	0	0	0	0	0	0	0	0	0	0	0	0	0	0	116	0	0	0	0	0	0	0	0	0	0	0	0	0
2932249	Hymenobacter cellulosivorans	0	0	0	0	0	0	0	0	0	0	0	0	0	0	0	0	0	0	0	0	0	0	0	0	0	0	0	0	0	0	0	0	0	0	0	0	0	0	0	0	0	0	0	0	0	0	0	0	0	0	129	0	0	0	0	0	0	0	0	0	0	0	0	0
2932250	Hymenobacter sp. 5317J-9	0	0	0	0	0	0	0	0	0	0	0	0	0	0	0	169	0	0	0	0	0	0	0	0	0	85	0	0	0	0	0	0	0	0	0	0	0	0	90	0	0	0	0	0	0	0	0	0	0	0	0	0	0	0	0	0	0	0	0	0	0	0	0	0
2932251	Hymenobacter aerilatus	0	0	0	0	0	0	0	57	0	0	0	0	0	0	0	0	0	0	0	0	0	0	0	0	0	0	0	0	0	0	0	0	0	0	0	0	0	0	0	0	0	0	0	0	0	0	0	0	0	0	0	0	0	0	0	0	0	0	0	0	0	0	0	0
2932253	Hymenobacter sp. 5516J-16	0	0	0	0	0	86	0	0	0	0	0	0	0	0	0	0	0	0	0	0	0	0	0	0	0	0	0	0	0	0	0	0	0	0	0	0	0	0	0	0	0	0	0	0	0	0	0	0	0	0	0	0	0	0	0	0	0	0	0	0	0	0	0	0
2932254	Hymenobacter volaticus	0	0	0	0	0	0	0	0	0	0	0	0	0	0	0	115	0	0	0	0	0	0	0	0	0	0	0	0	0	0	0	0	0	0	0	0	0	0	0	0	0	0	0	0	0	0	0	0	0	0	0	0	0	0	0	0	0	0	0	0	0	0	0	0
2933290	Agrococcus sp. SCSIO52902	0	0	0	0	0	0	0	0	0	0	0	0	0	0	0	0	0	0	0	0	0	0	0	0	0	0	0	0	0	0	0	0	0	0	0	0	385	0	0	0	0	84	0	0	0	0	0	0	0	0	0	0	0	0	0	0	0	0	0	0	0	0	0	0
2933562	Sphingopyxis sp. GC21	0	0	0	0	0	0	0	250	0	0	0	0	0	0	0	0	0	0	0	0	0	0	0	0	0	0	0	0	0	0	0	0	0	0	0	0	0	0	0	0	0	0	0	0	0	0	0	0	0	0	0	0	0	0	0	0	0	0	0	0	0	0	0	0
2933777	Hymenobacter sublimis	0	0	0	0	0	82	0	0	0	0	0	0	0	0	0	0	0	0	0	0	0	0	0	0	0	0	0	0	0	0	0	0	0	0	0	0	0	0	0	0	0	0	0	0	0	0	0	0	0	0	0	0	0	0	0	0	0	0	0	0	0	0	0	0
2933797	Blastococcus sp. PRF04-17	0	0	0	41	0	0	0	0	0	0	0	0	0	0	0	0	0	0	0	0	0	0	0	0	0	29	0	0	0	0	0	0	0	0	0	0	7131	0	0	0	0	0	305	0	0	0	0	0	0	0	0	0	0	0	0	0	0	0	0	0	0	0	0	0
2933872	Ectobacillus sp. JY-23	0	0	0	0	0	0	0	0	0	0	0	0	0	0	0	0	0	66	42	0	0	0	0	0	0	0	0	0	0	0	0	0	0	0	0	0	0	0	0	0	0	11	0	0	0	0	0	0	0	0	0	0	0	0	0	0	0	0	0	0	0	0	0	0
2934158	Ornithinimicrobium sp. HY1793	0	0	0	0	0	0	0	0	0	0	0	0	0	0	0	0	0	0	0	0	0	0	0	0	0	0	0	0	0	0	0	0	0	0	0	0	31	0	0	0	0	0	0	0	0	0	0	0	0	0	0	0	0	0	0	0	0	0	0	0	0	0	0	0
2934161	Ornithinimicrobium cryptoxanthini	0	0	0	0	0	0	0	0	0	0	0	0	0	0	0	0	0	0	0	0	0	0	0	0	0	0	0	0	0	0	0	0	0	0	0	0	32	0	0	0	0	0	0	0	0	0	0	0	0	0	0	0	0	0	0	0	0	0	0	0	0	85	17	0
2934315	Anaeropeptidivorans aminofermentans	0	0	0	0	0	0	0	0	0	0	0	0	0	0	0	0	0	0	0	0	0	0	0	0	0	0	0	0	0	0	0	0	0	0	0	0	0	0	16	0	0	0	0	0	0	0	0	0	0	0	0	0	0	0	0	0	0	0	0	0	0	0	0	0
2935858	Pectobacterium sp. 21LCBS03	0	0	0	0	0	0	0	0	0	0	0	0	234	0	0	0	0	0	0	0	0	0	0	0	0	0	0	0	0	0	0	0	0	0	0	0	0	0	0	0	0	0	0	0	0	0	0	0	0	0	0	0	0	0	0	0	0	0	0	0	0	0	0	0
2937442	Flavobacterium humidisoli	0	0	0	0	0	0	0	0	0	0	0	0	0	0	0	0	0	0	0	0	0	0	0	0	0	0	0	0	0	0	0	0	0	0	0	0	0	0	0	0	0	0	0	0	0	0	0	0	0	24	0	0	0	0	0	0	0	0	0	0	0	0	0	0
2937788	Sphingomonas sp. SUN019	0	31	33	0	0	0	0	0	0	0	0	0	0	23	0	0	0	0	0	0	0	0	0	0	0	0	0	0	13	0	0	0	0	0	0	0	69	0	0	0	0	0	0	0	0	0	0	0	0	0	0	0	0	0	0	0	0	0	0	0	0	0	0	0
2937985	Neisseria sp. Marseille-Q6792	0	33	244	0	0	52	0	43	0	322	58	0	104	0	0	0	88	0	0	0	379	0	0	0	0	75	0	78	22	0	27	0	44	0	59	0	78	0	0	0	0	42	0	0	42	0	0	0	0	102	0	59	0	39	2258	0	44	0	126	0	0	0	0	0
2938232	Methylorubrum sp. GM97	0	0	0	0	0	0	0	0	0	0	0	0	0	3491	2317	0	0	0	0	0	0	0	0	0	0	0	0	0	0	0	0	0	0	0	0	0	0	0	0	0	0	0	0	0	0	0	0	0	0	0	0	0	0	0	0	0	0	0	0	0	0	0	0	0
2938948	Sphingomonas glaciei	0	0	0	0	0	0	0	0	0	0	0	0	0	0	0	0	0	0	0	0	0	0	0	0	0	0	0	0	0	0	0	0	0	0	0	0	0	0	0	0	0	0	0	0	0	0	0	0	0	0	0	0	15	0	0	0	0	0	0	0	0	0	0	0
2939437	Deinococcus sp. QL22	0	0	0	0	0	0	0	0	0	0	0	47	0	0	0	0	0	0	0	0	0	0	0	0	0	0	0	0	0	0	0	0	0	0	0	0	0	0	0	0	0	0	0	0	0	0	0	0	0	0	0	0	0	0	0	0	0	0	0	0	0	0	0	0
2939494	Rummeliibacillus sp. G93	0	0	0	0	0	0	0	0	0	0	0	0	0	0	0	0	0	91	53	0	0	0	0	0	0	0	0	0	0	0	0	0	0	0	0	0	0	0	0	0	0	0	0	0	0	0	0	0	0	0	0	0	0	0	0	0	0	0	0	0	0	0	0	0
2940492	Acidovorax sp. GBBC 1281	0	0	0	0	0	0	0	0	0	50	0	0	0	0	0	0	0	0	0	0	0	0	0	0	0	0	0	0	0	0	0	0	0	0	0	0	0	0	0	0	0	0	0	0	0	0	0	0	0	0	0	0	0	0	0	0	0	0	138	0	0	0	0	0
2942204	Sporosarcina sp. Marseille-Q4943	0	0	0	0	0	0	0	0	0	0	0	0	0	0	0	0	23	0	0	0	0	0	0	0	0	0	0	0	0	0	0	0	0	0	65	0	0	0	0	0	0	0	0	0	0	0	0	0	0	0	0	0	0	0	0	0	0	0	0	0	0	0	0	0
2942275	Rhodococcus sp. GA1	0	0	0	0	0	0	0	0	0	0	0	0	0	0	0	0	0	0	0	0	0	0	0	0	0	0	0	0	0	0	0	0	0	0	0	0	0	0	0	0	0	0	0	0	0	0	0	0	0	0	0	0	0	0	0	0	0	0	0	0	0	839	0	0
2942909	Brachybacterium kimchii	0	0	0	0	0	0	0	0	0	0	0	0	0	127	85	0	0	0	0	0	0	0	0	0	0	0	0	0	0	0	0	0	0	0	0	0	0	0	34	0	0	0	0	0	0	0	72	0	0	0	0	0	0	0	0	0	0	0	0	0	0	0	0	0
2944128	Jatrophihabitans cynanchi	0	0	0	0	0	0	0	0	0	0	0	0	0	0	0	0	0	0	0	0	0	0	0	0	0	0	0	0	0	0	0	0	0	0	0	0	25	0	0	0	0	0	0	0	0	0	0	0	0	0	0	0	0	0	0	0	0	0	0	0	0	0	0	0
2944234	Pseudomonas sp. LRP2-20	0	0	0	0	0	0	0	0	0	0	0	0	0	0	0	0	0	0	0	0	0	0	0	0	0	0	0	0	0	0	0	0	0	0	0	0	0	0	0	0	0	0	0	0	0	0	0	0	0	0	0	151	0	0	0	0	0	0	0	0	0	0	0	0
2944810	Thauera sp. GDN1	0	0	0	0	0	0	0	48	0	0	0	0	0	0	0	0	0	0	0	0	0	0	0	0	0	0	0	0	0	0	0	0	0	0	0	0	0	0	0	0	0	0	0	0	0	0	0	0	0	0	0	0	0	0	0	0	0	0	0	0	0	0	0	0
2944914	Allocoprobacillus halotolerans	0	0	0	0	0	0	0	0	0	39	0	0	0	0	0	0	19	0	0	0	0	0	0	0	0	0	0	0	0	0	0	0	0	0	0	0	0	0	69	0	0	0	0	0	0	0	0	0	0	0	0	0	0	0	0	0	16	0	0	0	0	0	0	0
2946593	Oxalobacter aliiformigenes	0	0	0	0	0	17	0	0	0	0	0	0	0	0	0	0	0	0	0	0	0	0	0	0	0	0	0	0	0	0	0	0	0	0	0	0	0	0	0	0	0	0	0	0	0	24	0	0	0	0	0	0	0	0	0	0	39	0	0	0	0	0	0	0
2948573	Peptoniphilus sp. SAHP1	22	1406	2906	260	128	429	0	4006	47	222	259	16	355	0	269	113	1506	0	22	0	256	338	0	0	0	419	31	9172	99	63	4162	37	5351	122	6059	96	3713	50	29625	239	55	5000	0	30	172	37	53	5546	0	380	65	238	270	1076	472	459	8942	0	283	0	51	0	93	95
2949093	Sphingomonas donggukensis	0	0	14	0	0	0	0	0	0	0	0	0	0	0	0	0	0	0	0	0	0	0	0	0	0	0	0	0	0	0	0	0	0	0	0	0	29	0	0	0	0	0	0	0	0	0	0	0	0	0	0	0	0	0	0	0	0	0	0	0	0	0	0	0
2949614	Pectobacterium sp. F1-1	0	0	0	46	0	0	0	0	0	271	0	0	510	0	0	0	46	0	0	0	0	0	0	0	0	0	0	0	0	0	0	0	0	0	0	0	0	0	0	0	0	0	0	0	0	0	0	0	0	0	0	0	0	0	0	0	0	0	0	0	0	0	0	0
2949664	Paraconexibacter antarcticus	0	0	0	0	0	0	0	0	0	0	0	0	0	0	0	0	0	0	0	0	0	0	0	0	0	0	0	0	0	0	0	0	0	0	0	0	0	0	0	0	0	0	0	0	0	0	35	0	0	0	0	0	0	0	0	0	0	0	0	0	0	0	0	0
2950074	Acinetobacter sp. C32I	0	0	0	0	0	0	0	0	0	0	0	14	0	0	0	0	0	0	0	0	0	0	0	0	0	0	0	0	0	0	0	0	0	0	0	0	0	0	0	0	0	0	0	0	0	0	0	0	0	0	0	0	0	0	0	0	0	0	0	0	0	0	0	0
2950605	Sphingomonas sp. QA11	0	12	16	0	0	0	0	0	0	0	0	0	0	0	14	0	0	0	0	0	0	0	0	0	0	0	0	62	0	0	20	0	0	0	153	0	60	0	0	0	0	35	0	0	0	0	0	0	0	0	0	0	0	0	0	0	0	0	0	0	0	0	0	0
2951805	Parabacteroides sp. AD58	0	0	0	0	0	0	0	16	0	39	0	0	0	0	0	0	12	0	0	0	0	0	0	0	0	0	0	0	0	0	0	0	0	0	0	0	0	0	168	0	0	0	0	0	0	0	0	0	0	0	0	0	0	0	0	0	0	0	0	0	0	0	0	0
2951806	Lentzea sp. HUAS12	0	0	0	0	0	0	0	0	0	0	0	0	0	0	0	0	0	0	0	0	0	0	0	0	0	0	0	0	0	0	0	0	0	0	0	0	65	0	0	0	0	0	0	0	0	0	0	0	0	0	0	0	0	0	0	0	0	0	0	0	0	0	0	0
2952477	Rhizobium sp. SSA_523	0	0	0	0	0	0	0	0	0	0	0	0	0	32	19	0	0	0	0	0	0	0	0	0	0	0	0	0	0	0	0	0	0	0	0	0	0	0	0	0	0	0	0	0	0	0	10057	0	0	0	0	0	0	0	0	0	0	0	0	0	0	0	0	0
2953738	Acinetobacter sp. Z1	0	0	24	0	0	0	0	0	0	0	0	0	0	0	0	0	0	0	0	0	0	0	0	0	0	0	0	0	0	0	0	0	0	0	0	0	0	0	0	0	0	0	0	0	0	0	0	0	0	0	0	0	22	0	0	0	0	0	0	0	0	0	0	0
2953750	Halorussus salilacus	0	0	0	0	0	0	0	0	0	0	60	0	0	0	0	0	0	0	0	0	0	0	0	0	0	0	0	0	0	0	0	0	0	0	0	0	0	0	0	0	0	0	0	0	0	0	0	0	0	0	0	0	0	0	0	0	0	0	0	0	0	0	0	0
2954080	Pseudomonas sp. FP1762	0	0	0	0	0	0	0	0	0	0	0	0	0	0	0	0	0	0	0	0	0	0	0	0	0	0	0	0	0	0	0	0	0	0	0	0	0	0	0	0	0	129	0	0	0	0	0	0	0	0	0	0	0	0	0	0	0	0	0	0	0	0	0	0
2954082	Pseudomonas cucumis	0	0	0	0	0	0	0	0	0	0	0	193	421	0	0	0	0	0	0	0	0	0	0	0	0	0	0	0	0	0	0	0	0	0	141	0	0	0	0	0	0	0	0	0	0	0	0	0	0	0	0	0	0	0	0	0	0	0	24	0	0	0	0	0
2954086	Pseudomonas sp. FP2196	0	0	0	0	0	0	0	0	0	0	0	58	145	0	0	0	0	0	0	0	0	0	0	0	0	0	0	0	0	0	0	0	0	13	114	0	0	0	0	0	0	0	0	0	0	0	0	0	0	0	0	0	0	0	0	0	0	0	0	0	0	0	0	0
2954088	Pseudomonas sp. FP2262	0	0	0	0	0	0	0	0	0	0	0	0	88	0	0	0	0	0	0	0	0	0	0	0	0	0	0	0	0	0	0	0	0	0	0	0	0	0	0	0	0	0	0	0	0	0	0	0	0	0	0	0	0	0	0	0	0	0	0	0	0	0	0	0
2954089	Pseudomonas sp. FP2294	0	0	0	0	0	0	0	0	0	316	0	0	168	0	0	0	208	0	0	0	0	0	0	0	0	0	0	0	0	0	0	0	0	0	0	0	0	0	0	0	0	0	0	0	0	0	0	0	0	0	0	0	0	0	0	0	0	0	0	0	0	0	0	0
2954090	Pseudomonas sp. FP2300	0	0	0	0	0	0	0	0	0	0	0	117	117	0	0	0	0	0	0	0	0	0	0	0	0	0	0	0	0	0	0	0	0	0	66	0	0	0	0	0	0	0	0	0	0	0	0	0	0	0	0	0	0	0	0	0	0	0	0	0	0	0	0	0
2954091	Pseudomonas sp. FP2309	0	0	0	0	0	0	0	0	0	0	0	55	188	0	0	0	13	0	0	0	0	0	0	0	0	0	0	0	0	0	0	0	0	0	26	0	0	0	0	0	0	0	0	0	0	0	0	0	0	0	0	0	0	0	0	0	0	0	0	0	0	0	0	0
2954092	Pseudomonas sp. FP2335	0	0	0	0	0	0	161	0	0	0	0	0	0	0	0	0	0	0	0	0	0	0	0	0	0	0	0	0	0	0	0	0	0	0	0	0	0	0	0	0	0	0	0	0	0	0	0	0	0	16	54	0	0	0	0	0	0	0	0	0	0	0	0	0
2954093	Pseudomonas sp. FP2338	0	0	0	0	0	0	0	0	0	0	0	0	0	0	0	0	0	0	0	0	0	0	0	0	0	0	0	0	0	0	0	0	19	0	15	0	0	0	0	0	0	0	0	0	0	0	0	0	0	0	0	0	0	0	0	0	0	0	0	0	0	0	0	0
2954094	Pseudomonas sp. FP453	0	0	19	0	0	0	141	0	0	18	0	0	30	0	0	0	0	0	0	0	0	0	0	0	0	0	0	0	0	0	0	0	0	0	0	0	0	0	0	0	0	0	0	0	0	0	0	0	0	45	886	0	0	0	0	0	0	0	0	0	0	0	0	0
2954096	Pseudomonas sp. FP597	0	0	0	0	0	0	0	0	0	0	0	0	43	0	0	0	0	0	0	0	0	0	0	0	0	0	0	0	0	0	0	0	13	0	17	0	0	0	0	0	0	0	0	0	0	0	0	0	0	0	0	0	0	0	0	0	0	0	0	0	0	0	0	0
2954513	Streptococcus sp. FSL K6-1323	0	982	2832	0	0	332	0	155	0	1937	1871	0	4649	0	284	0	555	0	0	0	492	0	0	0	0	153	0	5115	1260	0	469	0	1430	0	2146	0	898	0	1779	0	0	1674	0	0	160	4687	0	0	176	11501	338	1528	0	509	2165	243	359	0	895	0	0	0	0	0
2954525	Paenibacillus sp. FSL M8-0142	0	0	0	0	0	0	0	0	0	0	0	0	0	0	0	0	0	0	0	0	0	0	0	0	0	0	0	0	0	0	0	0	0	0	0	0	0	0	0	0	0	0	0	0	0	0	0	0	170	0	0	0	0	0	0	0	0	0	0	0	0	0	0	0
2954545	Streptococcus sp. FSL W7-1342	0	385	977	0	0	159	0	0	0	455	2101	0	3296	0	0	0	171	0	0	0	0	0	0	0	0	0	0	987	1247	0	0	0	110	0	341	0	155	0	402	0	0	0	0	0	0	796	0	0	0	19189	0	288	0	255	1161	0	219	0	807	0	0	0	246	0
2954607	Ureibacillus sp. FSL K6-0786	0	0	0	0	0	0	0	0	0	0	0	0	0	0	0	0	0	0	0	0	0	0	0	0	0	0	0	0	0	0	0	0	0	0	0	0	0	0	0	0	0	0	0	0	0	0	0	0	0	0	0	0	0	48	0	0	0	0	0	0	0	0	0	0
2954655	Anoxybacillus sp. FSL W8-1294	0	0	58	0	0	0	0	0	0	176	0	27	27	0	0	0	0	0	0	0	17	32	0	0	0	0	0	0	0	0	0	0	76	0	72	0	0	0	0	21	0	0	0	0	0	0	0	0	0	22	0	0	0	0	0	0	0	0	0	0	0	0	0	0
2954679	Paenibacillus sp. FSL K6-2441	0	0	0	0	0	0	0	0	0	0	0	0	0	0	0	0	0	0	0	0	0	0	0	0	0	0	0	0	12	0	0	0	0	0	0	0	0	0	0	0	0	0	0	0	0	0	0	0	0	0	0	0	0	0	0	0	0	0	0	0	0	0	0	0
2954744	Geobacillus sp. FSL K6-0789	0	0	168	0	0	0	0	0	0	932	0	218	0	0	0	0	0	0	0	0	0	0	0	0	0	0	0	0	0	0	0	0	345	0	270	0	0	0	0	0	0	0	0	0	0	0	0	0	0	0	0	0	0	0	0	0	0	0	0	0	0	0	0	0
2954771	Bradyrhizobium sp. Ash2021	0	0	16	0	0	0	0	0	0	0	0	0	0	0	0	0	0	0	0	0	0	0	0	0	0	0	0	0	0	0	0	0	0	0	0	0	0	0	0	0	0	0	0	0	0	0	0	0	0	0	0	0	0	0	0	0	0	0	0	0	0	0	0	0
2961531	Pseudomonas sp. KHPS1	37	0	0	0	0	0	0	0	0	0	0	0	0	0	0	0	0	0	0	0	0	0	0	0	0	0	0	0	0	0	0	0	0	0	0	0	0	0	0	0	0	0	0	0	0	0	0	0	0	0	0	0	0	0	0	0	0	0	0	0	0	0	0	0
2961941	Sphingobacterium sp. LZ7M1	0	0	0	0	0	0	0	0	0	0	0	0	0	0	0	0	0	0	0	0	0	0	0	0	0	0	0	0	0	0	0	0	0	0	0	0	0	0	0	0	0	0	0	0	0	0	0	0	0	0	0	0	18	0	0	0	0	0	0	0	0	0	0	0
2961948	Alteromonas sp. LMIT006	0	0	0	0	17	75	0	0	0	0	0	0	0	0	0	0	0	0	0	0	0	0	0	0	0	0	0	0	0	0	0	0	0	0	0	0	0	0	0	0	0	0	0	0	0	0	0	0	0	0	0	0	0	0	0	0	0	0	0	0	0	0	0	0
2962047	Rhodococcus sp. Z13	0	0	0	0	0	0	0	0	0	0	0	0	0	0	0	0	0	0	0	0	0	0	0	0	0	0	0	0	0	0	0	0	0	0	0	0	0	0	0	0	0	30	0	0	0	0	0	0	0	0	0	0	0	0	0	0	0	0	0	0	0	0	0	0
2962064	Microbacterium sp. M28	0	0	0	14	0	0	0	0	0	0	0	0	0	0	0	0	0	0	0	0	0	0	0	0	0	137	0	0	0	0	0	0	0	0	0	0	0	0	0	0	0	0	0	0	0	0	0	28	0	0	0	0	0	0	0	0	0	0	0	0	0	0	0	0
2962632	Cellulomonas sp. NTE-D12	0	0	0	0	0	0	0	0	0	0	0	0	0	0	0	0	0	0	0	0	0	0	0	0	0	0	0	0	0	0	0	0	0	0	0	0	62	0	0	0	0	0	0	0	0	0	47	0	0	0	0	0	0	0	0	0	0	0	0	0	0	0	0	0
2962659	Mammaliicoccus sp. Marseille-Q6498	0	15	0	0	0	0	0	0	0	0	0	0	0	0	0	0	0	0	0	0	0	0	0	0	0	0	0	0	0	0	0	0	0	0	0	0	80	0	0	0	0	24	0	0	0	0	0	0	0	0	0	0	0	0	0	0	0	0	0	0	0	0	0	0
2962858	Niallia sp. RD1	0	40	0	0	0	0	0	0	0	0	0	0	0	0	0	0	0	0	0	0	0	0	0	0	0	0	0	0	0	0	0	0	0	0	14	0	0	0	0	0	0	0	0	0	0	0	0	0	0	0	0	0	0	0	0	0	0	0	0	0	0	0	0	0
2963406	Microcella humidisoli	0	0	0	0	0	0	0	0	0	0	0	0	0	0	0	0	0	0	0	0	0	0	0	0	0	0	0	0	0	0	0	0	0	0	0	0	244	0	0	0	0	0	0	0	0	0	0	0	0	0	0	0	0	0	0	0	0	0	0	0	0	0	0	0
2963431	Janibacter sp. CX7	0	0	41	0	0	0	0	0	0	0	0	0	0	0	0	0	0	0	0	0	0	0	0	0	53	33	0	14	0	0	0	0	39	0	23	0	179	134	46	0	0	42	0	0	0	144	34	2294	48	0	0	0	800	34	0	0	39	0	0	0	0	0	0	0
2964606	Cellvibrio sp. QJXJ	0	0	0	0	0	0	0	0	0	0	0	0	0	0	0	0	0	0	0	0	0	0	39	0	0	0	0	0	0	0	0	0	40	0	0	0	0	0	0	0	0	0	0	0	0	0	0	0	0	0	0	242	0	0	0	0	0	0	0	0	0	0	0	0
2964616	Arthrobacter zhaoxinii	0	0	0	0	0	0	0	0	0	0	0	0	0	0	0	0	0	0	0	0	0	0	0	0	0	0	0	0	0	0	0	0	0	0	0	0	21	0	0	0	0	0	0	0	0	0	0	0	0	0	0	0	0	0	0	0	0	0	0	0	0	0	0	0
2964670	Pseudomonas serboccidentalis	0	0	0	0	0	0	0	0	0	0	0	53	112	0	0	0	0	0	0	0	0	0	0	0	0	0	0	0	0	0	0	0	0	0	80	0	0	0	0	0	0	0	0	0	0	0	0	0	0	0	0	0	0	0	0	0	0	0	0	0	0	0	0	0
2966552	Thermocaproicibacter melissae	0	12	0	0	0	0	0	0	0	0	0	0	0	0	0	0	0	0	0	0	0	0	0	0	0	0	0	0	0	0	0	0	0	0	0	0	0	0	38	0	0	0	0	0	0	0	0	0	0	0	0	0	0	0	0	0	0	0	0	0	0	0	0	0
2968083	Cellulomonas xiejunii	0	0	0	0	0	0	0	0	0	0	0	0	0	0	0	0	0	0	0	0	0	0	0	0	0	0	0	0	0	0	0	0	0	0	0	0	0	0	0	0	0	0	0	0	0	0	35	0	0	0	0	0	0	0	0	0	0	0	0	0	0	0	0	0
2968084	Cellulomonas chengniuliangii	0	0	0	0	0	0	0	0	0	0	0	0	0	0	0	0	0	0	0	0	0	0	0	0	0	0	0	0	0	0	0	0	0	0	0	0	0	0	0	0	0	0	0	0	0	0	70	0	0	0	0	0	0	0	0	0	0	0	0	0	0	0	0	0
2968085	Cellulomonas wangsupingiae	0	0	0	0	0	0	0	0	0	0	0	0	0	0	0	0	0	0	0	0	0	0	0	0	0	0	0	0	0	0	0	0	0	0	0	0	81	0	0	0	0	0	0	0	0	0	29	0	0	0	0	0	0	0	0	0	0	0	0	0	0	0	0	0
2968086	Aeromicrobium duanguangcaii	0	0	0	0	0	0	0	0	0	0	0	0	0	0	0	0	0	0	0	0	0	0	0	0	0	0	0	0	0	0	0	0	0	0	0	0	65	0	0	0	0	0	0	0	0	0	0	0	0	0	0	0	0	0	0	0	0	0	0	0	0	0	0	0
2968500	Sphingopyxis sp. DBS4	0	0	0	0	0	0	0	56	0	0	0	0	0	0	0	0	0	0	0	0	0	0	0	0	0	0	0	0	0	0	0	0	0	0	0	0	0	0	0	0	0	0	0	0	0	0	0	0	0	0	0	0	0	0	0	0	0	0	0	0	0	0	0	0
2969247	Aeromicrobium wangtongii	0	0	0	0	0	0	0	0	0	0	0	0	0	0	0	156	0	0	0	0	0	0	0	0	0	0	0	0	0	0	0	0	0	0	0	0	15	0	0	0	0	0	0	0	0	0	302	0	0	0	0	0	0	0	0	0	0	0	0	0	0	0	0	0
2969621	Bosea sp. NBC_00550	0	0	0	0	0	0	0	0	0	0	0	0	0	50	39	0	0	0	0	0	0	0	0	0	0	0	0	0	0	0	0	0	0	0	0	0	0	0	0	0	0	0	0	0	0	0	0	63	0	0	0	0	45	0	0	0	0	0	0	0	0	0	0	0
2969821	Fundicoccus culcitae	0	42	16	0	0	0	0	0	0	0	0	0	0	0	0	0	0	0	0	0	0	0	0	0	0	0	0	0	0	0	0	0	0	0	0	0	29	0	33	0	0	0	0	0	24	0	0	0	0	0	0	0	0	0	0	0	0	0	0	0	0	0	0	0
2970464	Massilia sp. H6	0	0	28	0	0	0	0	0	0	0	0	0	0	0	0	0	0	0	0	0	0	0	0	0	0	0	0	0	0	0	0	0	0	0	0	0	0	0	0	0	0	0	0	0	0	0	0	0	0	0	0	0	0	0	0	0	0	0	0	0	0	0	0	0
2970906	Azospirillum argentinense	0	0	0	0	0	0	0	0	0	0	0	0	0	69	0	0	0	0	0	0	0	0	0	0	0	0	0	0	0	0	0	0	0	0	0	0	0	0	0	0	0	0	0	0	0	0	0	0	0	0	0	0	0	0	0	0	0	0	0	0	0	0	0	0
2970925	Sphingobium sp. JS3065	0	0	49	0	0	0	0	0	0	0	0	0	0	0	0	0	0	0	0	0	0	0	0	0	0	0	0	0	0	0	0	0	0	0	0	0	0	0	0	0	0	0	0	0	0	0	0	0	0	0	0	0	0	0	0	0	0	0	0	0	0	0	0	0
2971912	Pseudomonas sp. CBS	0	0	0	0	0	0	0	0	0	0	0	296	662	0	0	0	0	0	0	0	0	0	0	0	0	0	0	0	0	0	0	0	0	0	167	0	0	0	0	0	0	0	0	0	0	0	0	0	0	23	0	0	0	0	0	0	0	0	0	0	0	0	0	0
2972485	Sphingomonas endolithica	0	12	16	0	0	0	0	0	0	0	0	0	0	0	0	0	0	0	0	0	0	0	0	0	0	0	0	0	0	0	0	0	0	0	0	0	39	0	0	0	0	0	0	0	0	0	0	0	0	0	0	0	0	0	0	0	0	0	0	0	0	0	0	0
2972775	Neisseria sp. Marseille-Q5346	0	243	1169	28	0	100	0	91	0	928	1120	0	1411	0	55	0	231	0	0	0	553	0	63	0	0	244	0	796	91	0	88	0	336	0	628	0	370	0	45	115	0	300	0	0	181	141	0	34	742	1827	66	157	25	107	99499	0	65	0	143	0	47	0	606	0
2972784	Streptococcus sp. Marseille-Q6470	128	1639	6136	152	55	275	0	889	156	3560	3621	91	6004	0	156	45	921	0	19	31	476	24	386	33	0	460	0	3998	4374	34	245	0	745	23	1841	26	712	29	188	247	0	826	0	56	428	314	0	56	174	7778	603	499	69	318	20579	55	286	18	6298	0	242	63	2119	40
2973088	Pseudomonas sp. BW7P1	0	0	0	0	0	0	0	0	0	0	0	38	86	0	0	0	0	0	0	0	0	0	0	0	0	0	0	0	0	0	0	0	0	0	44	0	0	0	0	0	0	0	0	0	0	0	0	0	0	0	0	0	0	0	0	0	0	0	0	0	0	0	0	0
2973977	Cellulomonas sp. NS3	0	0	0	0	0	0	0	0	0	0	0	0	0	0	0	0	0	0	0	0	0	0	0	0	0	0	0	0	0	0	0	0	0	0	0	0	83	0	0	0	0	0	0	0	0	0	81	218	0	0	0	0	0	0	0	0	0	0	0	0	0	0	0	0
2974552	Pseudomonas sp. GCEP-101	0	270	39	0	0	0	0	49	0	23	0	0	0	0	0	172	0	0	0	0	0	44	0	0	0	0	0	17	0	0	19	0	0	0	0	0	19	0	0	0	0	55	0	0	23	0	0	0	0	0	0	32	0	32	0	0	0	0	17	0	0	0	0	0
2975049	Pseudomonas sp. N3-W	0	0	0	0	0	0	0	0	0	0	0	0	24	0	0	0	0	0	0	0	0	0	0	0	0	0	0	0	0	0	0	0	0	0	21	0	0	0	0	0	0	0	0	0	0	0	0	0	0	0	0	0	0	0	0	0	0	0	0	0	0	0	0	0
2975291	Paenibacillus sp. FSL K6-1318	0	0	0	0	0	0	0	0	0	0	0	0	0	0	0	0	0	0	0	0	0	0	0	0	0	0	0	0	0	0	0	0	0	0	0	0	0	0	0	0	0	28	0	0	0	0	0	0	0	0	0	0	0	0	0	0	0	0	0	0	0	0	0	0
2975324	Streptococcus sp. FSL R7-0248	0	422	1239	56	79	136	0	62	102	789	2004	0	1715	0	61	0	282	0	0	0	107	0	0	0	0	87	0	8318	732	0	101	0	340	0	967	78	592	0	379	0	0	470	0	0	109	319	0	0	0	3698	0	255	0	143	1478	0	146	0	1093	0	0	0	406	0
2975339	Paenibacillus sp. FSL W8-1187	0	0	0	0	0	0	0	0	0	0	0	0	0	0	0	35	0	0	0	0	0	0	0	0	0	0	0	0	0	0	0	0	0	0	0	0	0	0	0	0	0	0	0	0	0	0	0	0	0	0	0	0	0	0	0	0	0	0	0	0	0	0	0	0
2975349	Streptococcus sp. FSL W8-0197	160	2200	2338	1255	744	7170	383	137506	384	63774	1033	681	111544	191	3211	918	28484	0	239	72	6431	0	0	0	267	73660	0	6146	681	63	3106	0	37981	130	10757	2425	15009	0	739	77	81	5813	239	0	839	261	0	1605	704	13791	268	12328	2380	9388	575	214	3795	8289	202790	62	497	0	436	0
2975350	Geobacillus sp. FSL W8-0466	0	0	0	0	0	0	0	0	0	922	0	158	0	0	0	0	0	0	0	0	0	0	0	0	0	0	0	0	0	0	0	0	257	0	554	0	0	0	0	0	0	0	0	0	0	0	0	0	0	0	0	0	0	0	0	0	0	0	0	0	0	0	0	0
2975700	Streptomyces sp. NBC_00285	0	0	0	0	0	0	0	0	0	0	0	0	0	0	0	0	0	0	0	0	0	0	0	0	0	0	0	0	0	0	0	0	0	0	0	0	0	0	0	0	0	0	0	0	0	0	0	0	0	0	1116	0	0	0	0	0	0	0	0	0	0	0	0	0
2975720	Streptomyces sp. NBC_00344	0	0	0	0	0	0	0	0	0	0	0	0	0	0	0	0	0	0	0	0	0	0	0	0	0	0	0	28	0	0	0	0	0	0	0	0	0	0	0	0	0	0	0	0	0	0	0	0	0	0	0	0	0	0	0	0	0	0	0	0	0	0	0	0
2975921	Streptomyces sp. NBC_01723	0	0	0	0	0	0	0	0	0	0	0	0	0	0	0	0	0	0	0	0	0	0	0	0	0	0	0	0	0	0	0	0	0	0	0	0	493	0	0	0	0	0	0	0	0	0	565	0	0	0	0	0	0	0	0	0	0	0	0	0	0	0	0	0
2975946	Streptomyces sp. NBC_01803	0	0	0	0	0	0	0	0	0	0	0	0	0	0	0	0	0	0	0	0	0	0	0	0	0	0	0	0	0	0	0	0	0	0	0	0	41	0	0	0	0	0	0	0	0	0	0	0	0	0	0	0	0	0	0	0	0	0	0	0	0	0	0	0
2975952	Actinomycetospora sp. NBC_00405	30	171	60	0	0	0	0	0	389	0	0	0	0	0	0	0	0	0	0	0	0	0	0	0	0	40	0	0	0	0	0	0	0	0	0	0	51	0	0	0	0	0	0	0	0	101	391	45	0	0	0	0	0	0	0	0	0	0	0	0	0	0	0	0
2975953	Actinoplanes sp. NBC_00393	0	0	0	0	0	0	0	0	0	0	0	0	0	0	0	0	0	0	0	0	0	0	0	0	0	0	0	0	0	0	0	0	0	0	0	0	38	0	0	0	0	0	0	0	0	0	914	0	0	0	0	0	0	0	0	0	0	0	0	0	0	0	0	0
2975959	Dactylosporangium sp. NBC_01737	0	0	0	0	0	0	0	0	0	0	0	0	0	0	0	0	0	30	36	0	0	0	0	0	0	0	0	0	0	0	0	0	0	0	0	0	40	0	0	0	0	0	0	0	0	0	159	0	0	0	0	0	0	0	0	0	0	0	0	0	0	0	0	0
2975966	Kribbella sp. NBC_00359	0	0	0	0	0	0	0	0	0	0	0	0	0	0	0	0	0	0	0	0	0	0	0	0	0	0	0	0	0	0	0	0	0	0	0	0	74	0	0	0	0	0	0	0	0	0	0	0	0	0	0	0	0	0	0	0	0	0	0	0	0	0	0	0
2975968	Kribbella sp. NBC_00482	0	0	0	0	0	0	0	0	0	0	0	0	0	0	0	0	0	0	0	0	0	0	0	0	0	0	0	0	0	0	0	0	0	0	0	0	96	0	0	0	0	0	0	0	0	0	0	0	0	0	0	0	0	0	0	0	0	0	0	0	0	0	0	0
2975972	Kribbella sp. NBC_00709	0	0	0	0	0	0	0	0	0	0	0	0	0	0	0	0	0	0	0	0	0	0	0	0	0	0	0	0	0	0	0	0	0	0	0	0	0	0	0	0	0	0	0	0	0	0	61	0	0	0	0	0	0	0	0	0	0	0	0	0	0	0	0	0
2975984	Micromonospora sp. NBC_01699	0	0	110	0	0	0	0	0	0	0	0	0	0	0	0	0	0	0	0	0	0	0	0	0	0	0	0	0	0	0	0	0	0	0	0	0	41	0	0	0	0	0	0	0	0	0	97	0	0	0	0	0	0	0	0	0	0	0	0	0	0	0	0	0
2975986	Micromonospora sp. NBC_01740	0	0	0	0	0	0	0	0	0	0	0	0	0	0	0	0	0	0	0	0	0	0	0	0	0	0	0	0	0	0	0	0	0	0	0	0	187	0	0	0	0	0	0	0	0	0	3812	0	0	0	0	0	0	0	0	0	0	0	0	0	0	0	0	0
2975987	Micromonospora sp. NBC_01796	0	0	0	0	0	0	0	0	0	0	0	0	0	0	0	0	0	0	0	0	0	0	0	0	0	0	0	0	0	0	0	0	0	0	0	0	0	0	0	0	0	0	0	0	0	0	154	0	0	0	0	0	0	0	0	0	0	0	0	0	0	0	0	0
2975988	Micromonospora sp. NBC_01813	0	0	0	0	0	0	0	0	0	0	0	0	0	0	0	0	0	0	0	0	0	0	0	0	0	0	0	0	0	0	0	0	0	0	0	0	0	0	0	0	0	0	0	0	0	0	337	0	0	0	0	0	0	0	0	0	0	0	0	0	0	0	0	0
2976000	Nocardioides sp. NBC_00368	0	0	0	0	0	0	0	0	0	0	0	0	0	0	0	0	0	0	0	0	0	0	0	0	0	0	0	0	0	0	0	0	0	0	0	0	197	0	0	0	0	0	0	0	0	0	84	0	0	0	0	0	0	0	0	0	0	0	0	0	0	0	0	0
2976002	Nonomuraea sp. NBC_00507	0	0	0	0	0	0	0	0	0	0	0	0	0	0	0	0	0	0	0	0	0	0	0	0	0	0	0	0	0	0	0	0	0	0	0	0	23	0	0	0	0	0	0	0	0	0	0	0	0	0	0	0	0	0	0	0	0	0	0	0	0	0	0	0
2976004	Rhodococcus sp. NBC_00294	0	0	0	0	0	0	0	0	0	0	0	88	0	0	0	0	0	0	0	0	0	0	0	0	0	74	0	0	0	0	0	0	0	0	0	0	0	0	0	0	0	0	167	0	0	0	0	0	0	0	0	0	0	0	0	0	0	0	0	0	0	0	0	0
2976005	Rhodococcus sp. NBC_00297	0	0	0	0	0	0	0	0	0	0	0	0	0	0	0	0	0	0	0	0	0	0	0	0	0	34	0	0	0	0	0	0	0	0	0	0	0	0	0	0	0	0	124	0	0	0	0	0	0	0	0	0	0	0	0	0	0	0	0	0	0	0	0	0
2976006	Spirillospora sp. NBC_00431	0	0	0	0	0	0	0	0	0	0	0	0	0	0	0	0	0	14	15	0	0	0	0	0	0	0	0	0	0	0	0	0	0	0	0	0	0	0	0	0	0	0	0	0	0	0	0	0	0	0	0	0	0	0	0	0	0	0	0	0	0	0	0	0
2976007	Spirillospora sp. NBC_01491	0	0	0	0	0	0	0	0	0	0	0	0	0	0	0	0	0	0	0	0	0	0	0	0	0	0	0	0	0	0	0	0	0	0	0	0	28	0	0	0	0	0	0	0	0	0	0	0	0	0	0	0	0	0	0	0	0	0	0	0	0	0	0	0
2976459	Devosia sp. SD17-2	0	0	0	0	0	0	0	0	0	0	0	0	54	0	0	0	0	0	0	0	0	0	0	0	0	266	0	0	0	0	0	0	0	0	0	0	0	0	0	0	0	0	0	0	0	0	149	0	70	0	0	0	0	0	0	0	0	0	0	0	0	0	0	0
2976680	Devosia sp. FJ2-5-3	0	0	0	0	0	0	0	0	0	0	0	0	0	0	0	0	0	0	0	0	0	0	0	0	0	0	0	0	0	0	0	0	0	0	0	0	0	0	0	0	0	0	0	0	0	0	61	0	0	0	0	0	0	0	0	0	0	0	0	0	0	0	0	0
2976809	Aerococcus loyolae	0	0	19	0	0	0	0	31	0	0	0	0	0	0	0	0	23	0	0	0	0	11	0	0	0	0	0	165	0	0	52	0	135	0	92	0	54	0	498	0	0	84	0	0	0	0	0	0	0	0	0	0	0	0	0	0	112	0	0	0	0	0	0	0
2976810	Aerococcus mictus	0	0	0	0	0	0	0	29	0	0	0	0	0	0	0	0	30	0	0	0	0	0	0	0	0	0	0	170	0	0	71	0	48	0	98	0	69	0	526	0	0	80	0	0	0	0	0	38	0	0	0	0	0	0	0	0	36	0	0	0	0	0	36	0
2976812	Aerococcus sp. Group 1	0	0	0	0	0	0	0	0	0	0	0	0	0	0	0	0	0	0	0	0	0	0	0	0	0	0	0	83	0	0	40	0	59	0	72	0	26	0	456	0	0	39	0	0	0	0	0	0	0	0	0	0	0	0	0	0	15	0	0	0	0	0	22	0
2976818	Cloacibacterium sp. TD35	0	0	121	0	29	38	0	14	0	74	15	0	27	0	0	0	91	0	0	0	0	0	0	0	0	47	0	71	13	0	47	0	36	0	45	0	27	0	32	0	0	14	0	30	16	0	0	0	0	0	0	19	0	0	61	0	0	0	0	0	0	17	0	14
2976883	Pseudomonas sp. SD17-1	0	0	0	0	0	0	0	0	0	0	0	0	0	0	0	0	0	0	0	0	0	0	0	0	0	78	0	0	0	0	0	0	0	0	0	0	0	0	0	0	0	0	0	0	0	0	0	0	0	0	0	215	0	0	0	0	0	0	0	0	0	0	0	0
2976884	Pseudomonas sp. FJ2-5-13	0	0	0	0	0	0	0	0	0	0	0	0	0	0	0	0	0	0	0	0	0	0	0	0	0	0	0	0	0	0	0	0	0	0	0	0	0	0	0	0	0	0	0	0	0	0	0	0	0	0	135	0	0	0	0	0	0	0	0	0	0	0	0	0
2978473	Roseateles amylovorans	0	0	0	0	0	0	0	0	0	0	0	0	0	39	30	0	0	0	0	0	0	0	0	0	0	0	0	0	0	0	0	0	0	0	0	0	0	0	0	0	0	0	0	0	0	0	0	0	0	0	0	0	0	0	0	0	0	0	0	0	0	0	0	0
2978974	Neorhizobium sp. CSC1952	0	0	0	0	0	0	0	41	0	0	0	0	0	0	0	0	0	0	0	0	0	0	0	0	0	0	0	0	0	0	0	0	0	0	0	0	0	0	0	0	0	0	0	0	0	0	78	0	0	0	0	0	0	0	0	0	0	0	0	0	0	0	0	0
2979467	Sphingobium sp. WTD-1	0	0	0	0	0	0	0	87	0	0	0	78	0	0	0	0	0	0	0	0	0	98	27	0	0	0	0	0	301	0	0	88	0	0	0	0	0	81	0	113	0	0	0	0	61	0	0	0	0	0	0	67	0	0	0	0	0	0	0	0	54	0	0	0
2981138	Crossiella sp. CA-258035	0	0	0	0	0	0	0	0	0	0	0	0	0	0	0	0	0	0	0	0	0	0	0	0	0	0	0	0	0	0	0	0	0	0	0	0	42	0	0	0	0	0	0	0	0	0	40	0	0	0	0	0	0	0	0	0	0	0	0	0	0	0	0	0
2981139	Microbacterium sp. AB	0	0	0	0	0	0	0	0	0	0	0	0	0	0	0	0	0	0	0	0	0	0	0	0	0	27	0	0	0	0	0	0	0	0	0	0	269	0	0	0	0	0	0	0	0	0	0	0	0	0	0	0	0	0	0	0	0	0	0	0	0	0	0	0
2982533	Microbacterium sp. A(2022)	0	0	0	921	0	0	0	0	0	0	0	0	0	0	0	0	0	0	0	0	0	0	0	0	0	12381	0	0	0	0	0	0	0	0	0	0	0	0	0	0	0	0	1276	0	0	0	0	0	0	0	0	0	0	0	0	0	0	0	0	0	0	0	0	0
2982699	Gordonia sp. L191	0	0	0	0	0	0	0	0	0	0	0	0	0	0	0	0	0	0	0	0	0	0	0	0	0	0	0	0	0	0	0	0	0	0	0	0	0	0	0	0	0	0	43	0	0	0	0	0	0	0	0	0	0	0	0	0	0	0	0	0	0	27	0	0
2983267	Chryseobacterium sp. PET-29	0	34	0	0	0	66	0	293	0	272	0	0	0	0	22	0	0	0	0	0	0	0	0	0	0	188	0	160	0	0	110	0	103	0	366	0	108	0	0	0	0	299	0	0	0	0	0	0	0	0	0	0	0	0	0	0	0	0	0	0	0	0	0	0
2984843	Methylobacterium sp. FF17	0	0	18	0	0	0	0	551	0	20	0	14	0	33648	21120	375	0	0	0	0	0	216	0	0	0	39	0	0	0	0	0	0	13	0	25	0	65	0	0	0	0	0	0	0	0	0	0	24	22	0	14	40	18	60	0	0	0	0	0	0	0	0	0	0
2985506	Homoserinibacter sp. YIM 151385	0	95	0	0	0	0	0	0	0	0	0	0	0	0	0	0	0	0	0	0	0	0	0	0	0	15	0	0	0	0	0	0	0	0	0	0	2620	0	0	0	0	0	0	0	0	0	0	0	0	0	0	0	0	0	0	0	0	0	0	0	0	0	0	0
2986829	Flavobacterium sp. N2038	0	0	0	0	0	0	0	0	0	0	0	0	0	0	0	0	0	0	0	0	0	0	0	0	0	0	0	0	0	0	0	0	0	0	0	0	0	0	0	0	0	0	0	0	0	0	0	0	0	0	0	0	0	0	41	0	0	0	0	0	0	0	0	0
2986834	Flavobacterium sp. N2820	0	0	0	0	0	0	0	0	0	0	0	0	0	0	0	0	0	0	0	0	0	0	0	0	0	0	0	0	55	0	0	0	0	0	0	0	0	0	0	0	0	0	0	0	0	0	0	0	0	0	0	0	0	0	0	0	0	0	0	0	0	0	0	0
2986919	Paeniglutamicibacter sp. ZC-3	0	0	0	0	0	0	0	0	0	0	0	0	0	0	0	0	0	0	0	0	0	0	0	0	0	13	0	0	0	0	0	0	0	0	0	0	0	0	0	0	0	0	0	0	0	0	0	0	0	0	0	0	0	0	0	0	0	0	0	0	0	0	0	0
2986923	Pararhizobium sp. BT-229	0	0	14	0	0	0	0	0	0	0	0	0	0	22	0	0	0	0	0	0	0	0	0	0	0	0	0	0	0	0	0	0	0	0	0	0	0	0	0	0	0	0	0	0	0	0	0	0	0	0	0	0	0	0	0	0	0	0	0	0	0	0	0	0
2986924	Brucella sp. HL-2	0	0	0	0	0	0	0	24	0	0	0	68	0	0	0	0	0	0	0	0	0	0	0	0	0	0	0	0	0	0	0	0	0	0	0	0	0	0	0	0	0	0	0	0	0	0	0	0	0	0	0	0	0	0	0	0	0	0	0	0	0	0	0	0
2986927	Pseudomonas sp. BT-42-2	0	0	0	0	0	0	0	0	0	0	0	0	0	0	0	0	0	0	0	0	0	0	0	0	0	0	0	20	0	0	0	0	0	0	0	0	0	0	0	0	0	0	0	0	0	0	0	0	0	0	0	0	0	0	0	0	0	0	0	0	0	0	0	0
2986928	Brevundimonas sp. BT-123	0	0	0	0	0	0	0	0	0	0	0	0	0	0	0	0	0	0	0	0	0	0	0	0	0	0	0	0	0	0	0	0	0	0	0	0	0	0	0	0	0	0	0	0	0	0	0	0	0	0	47	0	0	0	0	0	0	0	0	0	0	0	0	0
2986947	Pseudomonas sp. WJP1	0	0	0	0	0	0	0	0	0	0	0	0	19	0	0	0	0	0	0	0	0	0	0	0	0	0	0	0	0	0	0	0	0	0	20	0	0	0	0	0	0	0	0	0	0	0	0	0	0	0	0	0	0	0	0	0	0	0	0	0	0	0	0	0
2986949	Jiella pelagia	0	0	0	0	0	0	0	0	0	0	0	0	0	0	11	0	0	0	0	0	0	0	0	0	0	0	0	0	0	0	0	0	0	0	0	0	0	0	0	0	0	0	0	0	0	0	0	0	0	0	0	0	0	0	0	0	0	0	0	0	0	0	0	0
2987533	Streptomyces sp. BPPL-273	0	0	0	0	0	0	0	0	0	0	0	0	0	0	0	0	0	0	0	0	0	0	0	0	0	0	0	0	0	0	0	0	0	0	0	0	0	0	0	0	0	0	0	0	0	0	1050	0	0	0	0	0	0	0	0	0	0	0	0	0	0	0	0	0
2987751	Rhodococcus antarcticus	0	0	0	0	0	0	0	0	0	0	0	0	0	0	0	0	0	0	0	0	0	0	0	0	0	0	0	0	0	0	0	0	0	0	0	0	21	0	0	0	0	0	0	0	0	0	0	0	0	0	0	0	0	0	0	0	0	0	0	0	0	0	0	0
2989766	Staphylococcus sp. IVB6214	0	52	0	0	0	0	0	129	0	0	0	0	0	0	0	0	236	0	0	0	0	0	0	0	0	0	0	0	0	0	0	0	0	0	0	0	0	0	0	0	0	0	0	0	0	0	0	0	0	0	0	0	0	0	0	0	0	0	0	0	0	0	32	0
2989767	Staphylococcus sp. IVB6218	0	0	0	0	0	0	0	0	0	0	0	0	0	0	0	0	0	0	0	0	0	0	0	0	0	0	0	0	0	0	0	0	0	0	0	0	417	0	0	0	0	0	0	0	0	0	0	0	0	0	0	0	0	0	0	0	586	0	0	0	0	0	0	0
2989768	Staphylococcus sp. IVB6227	0	68	0	0	0	0	0	0	0	0	0	0	0	0	0	0	0	0	0	0	0	0	0	0	0	0	0	0	0	0	0	0	0	0	0	0	0	0	0	0	0	0	0	0	0	0	0	0	0	0	0	0	0	0	0	0	0	0	0	0	0	0	0	0
2989769	Staphylococcus sp. IVB6233	0	0	0	0	0	0	0	0	0	0	0	0	0	0	0	0	0	0	0	0	0	0	0	0	0	0	0	0	0	0	929	0	0	0	0	225	10570	0	444	0	0	645	0	0	0	0	0	0	0	0	0	0	0	0	0	0	0	0	0	0	0	0	0	0
2989770	Staphylococcus sp. IVB6238	0	183	0	0	0	0	0	122	0	0	0	0	0	0	0	0	0	0	0	0	0	0	0	0	0	0	0	0	0	0	0	0	0	0	0	0	0	0	0	0	0	65	0	0	88	0	0	0	0	0	0	0	0	0	0	0	0	0	0	0	0	0	0	0
2989771	Staphylococcus sp. IVB6240	0	0	0	0	0	0	0	0	0	0	0	0	0	0	0	0	0	0	0	0	0	0	0	0	0	0	0	0	0	0	0	0	0	0	0	0	229	0	0	0	0	0	0	0	0	0	0	0	0	0	0	0	0	0	0	0	0	0	0	0	0	0	0	0
2989772	Staphylococcus sp. IVB6246	0	0	0	0	0	0	0	0	0	0	0	0	0	0	0	0	79	0	0	0	0	0	0	0	0	0	0	0	0	0	0	0	0	0	0	0	68	0	0	0	0	0	0	0	0	203	0	0	0	0	0	0	0	0	0	0	0	0	0	0	0	0	0	0
2991074	Sphingomonas sp. S1-29	0	0	14	0	0	0	0	0	0	0	0	0	0	0	0	0	0	0	0	0	0	0	0	0	0	0	0	0	0	0	0	0	0	0	0	0	30	0	0	0	0	0	0	0	0	0	0	0	0	0	0	0	0	0	0	0	0	0	0	0	0	0	0	0
2991972	Rhodopseudomonas sp. P2A-2r	0	0	13	0	0	0	0	33	0	0	0	0	0	71	39	0	0	0	0	0	0	0	0	0	0	0	0	0	0	0	0	0	0	0	0	0	0	0	0	0	0	0	0	0	0	0	0	0	0	0	0	0	0	18	0	0	0	0	0	0	0	0	0	0
2992140	Bradyrhizobium barranii	0	0	0	0	0	0	0	0	0	0	0	0	0	462	0	0	0	0	0	0	0	0	0	0	0	0	0	0	0	0	0	0	0	0	0	0	0	0	0	0	0	0	0	0	0	0	0	0	0	0	0	0	0	0	0	0	0	0	0	0	0	0	0	0
2992441	Microbacterium sp. J1-1	0	0	0	0	0	0	0	0	0	0	0	0	0	0	0	0	0	0	0	0	0	0	0	0	0	46	0	0	0	0	0	0	0	0	0	0	0	0	0	0	0	0	0	0	0	0	0	0	0	0	0	0	326	0	0	0	0	0	0	0	0	0	0	0
2993430	Streptococcus sp. SP4011	600	1471	3722	258	419	891	0	1145	51	976	3876	93	3557	0	246	79	713	0	31	20	226	0	56	0	0	534	0	2946	1872	0	549	0	1308	56	3763	30	959	0	213	131	0	1128	0	0	523	193	0	160	107	1310	118	702	105	424	291	0	320	37	535	43	595	27	2562	26
2993566	Pseudomonas benzopyrenica	0	113	54	27	0	67	0	3074	0	942	24	0	129	0	48	0	75	0	0	0	26	0	0	0	0	0	0	39	0	0	447	0	3481	0	21	0	120	0	0	0	0	130	0	0	47	0	0	392	257	15949	0	933	85	328	23	0	54	0	327	0	0	0	21	0
2994078	Caproicibacterium sp. BJN0003	0	0	0	0	0	0	0	25	0	13	0	0	13	0	0	0	0	0	0	0	0	0	0	0	0	0	0	0	0	0	0	0	0	0	0	0	0	0	38	0	0	0	0	0	0	0	0	0	0	12	0	0	0	0	29	0	0	0	0	0	0	0	12	0
2994664	Frigoribacterium sp. SL97	0	1121	0	0	0	0	0	0	0	0	0	0	0	0	0	0	0	0	0	0	0	0	0	0	0	33	0	0	0	0	0	0	0	0	0	0	736	0	0	0	0	0	0	0	0	0	0	0	0	0	0	0	0	0	0	0	0	0	0	0	0	0	0	0
2994971	Microcella daejeonensis	0	0	0	0	0	0	0	0	0	0	0	0	0	0	0	0	0	0	0	0	0	0	0	0	0	0	0	0	0	0	0	0	0	0	0	0	266	0	0	0	0	0	0	0	0	0	0	0	0	0	0	0	0	0	0	0	0	0	0	0	0	0	0	0
2995140	Microbacterium sp. SL75	0	0	0	22	0	0	0	0	0	0	0	0	17	0	0	0	19	0	0	0	0	0	0	0	0	1023	0	0	0	0	0	0	0	0	0	0	0	0	0	0	0	0	70	0	0	0	0	0	0	142	0	0	0	0	0	0	0	0	0	0	0	0	0	0
2995141	Agrococcus sp. SL85	0	0	0	0	0	0	0	0	0	0	0	0	0	0	0	0	0	0	0	0	0	0	0	0	0	24	0	0	0	0	0	0	0	0	0	0	525	0	0	0	0	0	0	0	0	0	0	0	0	0	0	0	0	0	0	0	0	0	0	0	0	0	0	0
2995143	Brevundimonas sp. SL130	0	0	0	14	0	0	0	0	0	0	0	0	0	0	0	0	0	0	0	0	0	0	0	0	0	0	0	0	0	0	0	0	0	0	0	0	0	0	0	0	0	0	0	0	0	0	0	0	0	0	0	0	0	0	0	0	0	0	0	0	0	0	0	0
2995154	Pseudoduganella sp. SL102	0	0	0	0	0	0	0	0	0	0	0	0	0	0	0	0	0	0	0	0	0	0	0	0	0	0	0	0	0	0	0	0	0	0	0	0	278	0	0	0	0	0	0	0	0	0	0	0	0	0	0	0	0	0	0	0	0	0	0	0	0	0	0	0
2995166	Ancylobacter sp. SL191	0	0	0	0	0	0	0	0	0	0	0	0	0	0	30	0	0	0	0	0	0	0	0	0	0	0	0	0	0	0	0	0	0	0	0	0	0	0	0	0	0	0	0	0	0	0	0	0	0	0	0	0	0	0	0	0	0	0	0	0	0	15	0	0
2995171	Micrococcus sp. SL257	0	0	0	0	0	213	0	0	0	0	0	0	0	0	0	0	0	0	0	0	0	0	0	0	0	0	0	173	0	0	0	0	0	0	0	0	0	0	0	0	0	0	0	0	0	0	0	0	0	0	0	0	0	0	0	0	0	0	149	0	0	0	0	0
2995223	Amycolatopsis cynarae	0	0	0	0	0	0	0	0	0	0	0	0	0	0	0	0	0	0	0	0	0	0	0	0	0	0	0	0	0	0	0	0	0	0	0	0	23	0	0	0	0	0	0	0	0	0	0	0	0	0	0	0	0	0	0	0	0	0	0	0	0	0	0	0
2995413	Neisseria sp. 3986	0	0	0	0	0	0	0	0	0	0	0	0	0	0	0	0	0	0	0	0	0	0	0	0	0	0	0	0	0	0	0	0	0	0	0	0	0	0	0	0	0	0	0	0	0	0	0	0	0	0	0	0	0	0	75	0	0	0	0	0	0	0	0	0
2995658	Pseudomonas lijiangensis	0	0	0	0	0	0	0	0	0	0	0	0	0	0	0	0	0	0	0	0	0	0	0	0	0	14	0	0	0	0	0	0	0	0	0	0	0	0	0	0	0	0	0	0	0	0	0	0	0	0	0	0	0	0	0	0	0	0	0	0	0	0	0	0
2996004	Brachybacterium sp. NBEC-018	0	0	0	0	0	0	0	0	0	0	0	0	0	0	0	0	0	0	0	0	0	0	0	0	0	0	0	0	0	0	0	0	0	0	0	0	0	0	0	0	0	0	0	0	0	0	867	0	0	0	0	0	0	0	0	0	0	0	0	0	0	0	0	0
2996112	Enterobacter pseudoroggenkampii	0	0	0	0	0	0	0	0	0	0	0	0	101	0	0	0	0	0	0	0	0	0	0	0	0	0	0	0	0	0	0	0	0	0	0	0	0	0	0	0	0	0	0	0	0	0	0	0	0	0	0	0	0	0	0	0	0	0	0	0	0	0	0	0
2996782	Corallococcus sp. NCRR	0	0	0	0	0	0	0	0	0	0	0	0	0	0	0	0	0	0	0	0	0	0	0	0	0	0	0	0	0	0	0	0	0	0	0	0	0	0	0	0	0	45	0	0	0	0	0	0	0	0	0	0	62	0	0	0	0	0	0	0	0	0	0	0
2996826	Nocardioides sp. Arc9.136	0	0	0	0	0	0	0	0	0	0	0	0	0	0	0	0	0	0	0	0	0	0	0	0	0	0	0	0	0	0	0	0	0	0	0	0	500	0	0	0	0	0	0	0	0	0	439	0	0	0	0	0	0	0	0	0	0	0	37	0	0	0	0	0
2996862	Acinetobacter sp. YWS30-1	0	0	0	0	0	0	0	0	0	0	0	0	0	0	0	46	0	0	0	0	0	0	0	0	0	0	0	0	0	0	0	0	0	0	0	0	0	0	0	0	0	0	0	0	0	0	0	0	0	0	0	0	0	0	0	0	0	0	0	0	0	0	0	0
2997333	Baekduia alba	0	0	0	0	0	0	0	0	0	0	0	0	0	0	0	0	0	0	0	0	0	0	0	0	0	0	0	0	0	0	0	0	0	0	0	0	0	0	0	0	0	0	0	0	0	0	73	0	0	0	0	0	0	0	0	0	0	0	0	0	0	0	0	0
2997354	Sphingomonas sp. So64.6b	0	0	17	0	0	0	0	0	0	0	0	0	0	0	0	0	0	0	0	0	0	0	0	0	0	0	0	0	0	0	0	0	0	0	0	0	13	0	0	0	0	0	0	0	0	0	0	0	0	0	0	0	0	0	0	0	0	0	0	0	0	0	0	0
2999062	Brevibacterium sp. BRM-1	0	30	0	0	0	0	0	0	0	0	0	0	0	0	0	0	18	0	0	0	0	0	0	0	0	0	0	0	0	0	0	0	0	0	0	0	204	0	0	0	0	0	0	0	0	0	0	0	0	11	0	0	0	0	0	0	0	0	0	0	0	0	0	0
2999067	Hymenobacter canadensis	0	0	0	0	0	0	0	0	0	0	0	0	0	0	0	233	0	0	0	0	0	0	0	0	0	0	0	0	0	0	0	0	0	0	0	0	0	0	0	0	0	0	0	0	0	0	0	0	0	0	0	0	0	0	0	0	0	0	0	0	0	0	0	0
2999116	Oceanirhabdus sp. W0125-5	0	0	0	0	0	0	0	0	0	0	0	0	0	0	0	0	0	0	0	0	0	0	0	0	0	0	0	0	0	0	0	0	0	0	0	0	0	0	13	0	0	0	0	0	0	0	0	0	0	0	0	0	0	0	0	0	0	0	0	0	0	0	0	0
3003265	Aurantiacibacter sp. MUD11	0	0	0	0	0	0	0	0	0	0	0	0	0	0	0	0	0	0	0	0	0	0	0	0	0	0	0	0	0	0	0	0	0	0	0	0	0	0	0	0	0	0	0	0	0	0	116	0	0	0	0	0	0	0	0	0	0	0	0	0	0	0	0	0
3003271	Stenotrophomonas oahuensis	0	0	0	0	0	0	0	0	0	0	0	0	0	0	0	0	0	0	0	0	0	0	20	0	0	0	0	0	0	0	0	0	0	0	0	0	0	0	0	0	0	0	0	0	0	0	0	0	15	0	0	153	46	0	0	0	0	0	0	0	0	0	0	0
3003272	Stenotrophomonas aracearum	0	0	0	0	0	0	0	0	0	0	0	0	0	0	0	0	15	0	0	26	0	44	0	0	0	0	0	0	0	0	0	0	0	0	0	0	0	0	0	0	0	0	0	40	0	0	0	0	0	0	0	74	0	0	0	0	0	0	0	0	0	0	0	0
3003351	Pseudomonas sp. GXZC	0	0	375	0	0	0	0	0	0	1031	0	0	244	0	0	0	110	0	0	0	0	0	0	0	0	0	0	0	33	0	0	0	48	0	297	0	0	0	0	0	0	0	0	0	0	0	0	0	0	2432	0	436	0	0	0	0	0	0	76	0	379	0	0	0
3003392	Acinetobacter sp. TR3	0	0	0	0	0	0	0	0	0	0	0	0	0	0	0	0	0	0	0	0	0	0	0	0	0	19	0	0	0	0	0	0	0	0	0	0	0	0	0	0	0	0	0	0	0	0	0	0	0	0	0	0	0	0	0	0	0	0	0	0	0	0	0	0
3003601	Peptostreptococcus equinus	0	0	0	0	0	35	0	28	0	12	15	0	14	0	0	0	20	0	0	0	0	0	0	0	0	0	0	12	0	0	0	0	0	0	0	0	10	0	0	0	0	0	0	0	0	17	0	10	0	0	0	0	0	0	35	0	19	0	0	0	0	0	0	0
3004095	Citricoccus sp. NR2	0	0	0	0	0	0	0	0	0	0	0	0	0	0	0	0	0	0	0	0	0	0	0	0	0	0	0	0	22	0	0	0	0	0	0	0	0	0	0	0	0	0	0	0	0	0	0	0	0	0	0	0	0	0	0	0	0	0	0	0	0	0	0	0
3009077	Aeromicrobium sp. HA	0	0	0	0	0	0	0	76	0	0	0	0	0	0	0	0	0	0	0	0	0	0	0	0	0	0	0	0	0	0	0	0	0	0	0	0	39	0	0	0	0	0	0	0	0	0	377	0	0	0	0	0	0	0	0	0	0	0	0	0	0	0	0	0
3012344	Sphingomonas abietis	0	0	30	0	0	0	0	0	0	0	0	0	0	112	49	0	0	0	0	0	0	0	0	0	0	0	0	0	0	0	0	95	0	0	0	0	15	0	0	0	0	0	0	0	0	0	0	0	0	0	0	0	0	0	0	0	0	0	0	0	0	0	0	0
3014784	Sphingomonas sp. NIBR02145	0	34	15	0	0	0	0	0	0	0	0	0	0	0	0	0	0	0	0	0	0	0	0	0	0	0	0	0	0	0	0	0	25	0	0	0	141	0	0	0	0	0	0	0	0	0	64	0	0	0	0	0	0	0	0	0	0	0	0	0	0	0	0	0
3015151	Micromonospora sp. WMMD882	0	0	0	0	0	0	0	0	0	0	0	0	0	0	0	0	0	0	0	0	0	0	0	0	0	0	0	0	0	0	0	0	0	0	0	0	0	0	0	0	0	0	0	0	0	0	201	0	0	0	0	0	0	0	0	0	0	0	0	0	0	0	0	0
3015152	Micromonospora sp. WMMD812	0	0	0	0	0	0	0	0	0	0	0	0	0	0	0	0	0	0	0	0	0	0	0	0	0	0	0	0	0	0	0	0	0	0	0	0	122	0	0	0	0	0	0	0	0	0	0	0	0	0	0	0	0	0	0	0	0	0	0	0	0	0	0	0
3015156	Verrucosispora sp. WMMC514	0	0	0	0	0	0	0	0	0	0	0	0	0	0	0	0	0	0	0	0	0	0	0	0	0	0	0	0	0	0	0	0	0	0	0	0	0	0	0	0	0	0	0	0	0	0	242	0	0	0	0	0	0	0	0	0	0	0	0	0	0	0	0	0
3015163	Micromonospora sp. WMMA1947	0	0	0	0	0	0	0	0	0	0	0	0	0	0	0	0	0	0	0	0	0	0	0	0	0	0	0	0	0	0	0	0	0	0	0	0	0	0	0	0	0	0	0	0	0	0	538	0	0	0	0	0	0	0	0	0	0	0	0	0	0	0	0	0
3015177	Phenylobacterium sp. NIBR 498073	0	0	0	0	0	0	0	0	0	0	0	0	0	63	35	0	0	0	0	22	0	0	14	0	26	93	0	0	0	27	24	49	37	0	45	0	0	0	0	0	39	39	0	0	0	0	90	0	0	0	25	245	23	0	0	0	0	0	0	0	0	0	0	0
3015996	Caulobacter sp. NIBR2454	0	0	0	0	0	0	0	0	0	0	0	0	0	0	0	0	0	0	0	0	0	0	0	0	0	0	0	0	0	0	14	0	0	0	0	0	0	0	0	0	0	0	0	0	0	0	0	0	0	0	0	0	0	0	0	0	0	0	0	0	0	0	0	0
3015997	Brevundimonas sp. NIBR10	0	0	0	0	0	0	0	0	0	0	0	0	0	0	15	0	0	0	0	0	0	0	0	0	0	0	0	0	0	0	0	0	0	0	0	0	0	0	0	0	0	0	0	0	0	0	0	0	0	0	0	0	0	0	0	0	0	0	0	0	0	0	0	0
3016000	Caulobacter sp. NIBR1757	0	0	0	0	0	0	0	0	0	0	0	0	0	0	11	0	0	0	0	0	0	0	0	0	0	0	0	0	0	0	0	0	0	0	0	0	0	0	0	0	0	0	0	0	0	0	0	0	0	0	0	0	0	0	0	0	0	0	0	0	0	0	0	0
3016093	Verrucosispora sp. WMMD1129	0	0	0	0	0	0	0	0	0	0	0	0	0	0	0	0	0	0	0	0	0	0	0	0	0	0	0	0	0	0	0	0	0	0	0	0	0	0	0	0	0	0	0	0	0	0	221	0	0	0	0	0	0	0	0	0	0	0	0	0	0	0	0	0
3016342	Cutibacterium equinum	0	72	126	37	0	138	0	70	0	207	13	0	44	12	50	0	161	0	0	12	52	145	33	0	0	109	0	221	0	0	80	0	178	0	114	0	96	0	25	0	0	170	0	0	61	28	0	47	0	39	19	97	59	139	138	0	108	0	61	0	47	0	79	0
3016343	Peptoniphilus equinus	0	33	30	13	0	33	0	224	0	16	0	0	29	0	0	0	49	0	0	0	10	14	0	0	0	32	0	127	0	0	71	0	47	0	68	0	44	0	186	0	0	68	0	0	0	0	0	152	0	67	0	22	18	31	10	10	145	0	0	0	0	0	0	0
3016636	Diaphorobacter sp. ED-3	211	0	316	0	0	0	0	365	300	110	149	0	0	0	0	330	0	0	0	481	0	0	0	242	0	0	0	225	0	0	247	0	0	0	217	0	324	0	235	240	0	181	0	0	0	0	0	0	0	0	0	0	0	0	0	178	0	0	0	0	0	1986	0	0
3017361	Corynebacterium sp. SCR221107	0	49	953	0	128	11	0	62	0	21	0	33	16	0	0	0	77	0	0	0	0	12	0	0	0	86	0	70	54	0	10	0	81	0	159	0	27	0	25	13	0	24	0	0	16	0	0	12	0	19	41	49	0	14	12	0	16	0	33	0	0	52	25	0
3017783	Paracoccus sediminicola	0	34	0	0	0	0	0	0	0	0	0	0	0	0	0	0	0	0	0	0	0	0	0	0	0	0	0	0	0	0	0	0	0	0	0	0	0	0	0	0	0	0	0	0	0	0	0	0	0	0	0	0	0	0	0	0	0	0	0	0	0	0	0	0
3017784	Paracoccus albus	0	28	0	0	0	0	0	0	0	0	0	0	0	0	0	0	0	0	0	0	0	0	0	0	0	0	0	0	0	0	0	0	0	0	0	0	0	0	0	0	0	0	0	0	0	0	0	0	0	0	0	0	0	0	0	0	0	0	0	0	0	0	0	0
3018036	Sphingomonas sp. CV7422	0	267	59	39	0	0	0	25	0	18	0	0	0	0	0	0	0	0	0	0	0	0	0	0	0	16	0	0	0	0	0	0	0	0	62	0	88	0	0	0	0	0	27	0	0	0	0	0	0	58	0	22	0	0	0	0	0	0	0	0	0	0	0	0
3018446	Sphingomonas sp. 7/4-4	0	0	10	0	0	0	0	0	0	0	0	0	0	42	18	0	0	0	0	0	0	0	0	0	0	0	0	0	0	0	0	0	0	0	0	0	69	0	0	0	0	0	0	0	0	0	0	0	0	0	0	0	0	0	0	0	0	0	0	0	0	0	0	0
3019098	Pseudomonas sp. TUM22785	0	0	0	0	0	0	0	0	0	0	0	0	0	0	0	0	0	0	0	0	0	0	0	0	0	0	0	0	0	0	0	0	0	0	0	0	0	0	0	0	0	0	0	0	0	0	0	0	0	0	34	0	0	0	0	0	0	0	0	0	0	0	0	0
3019544	Hyphomicrobium sp. DMF-1	0	0	0	0	0	0	0	0	0	0	0	0	0	0	0	0	0	0	0	0	0	0	0	0	0	0	0	0	0	0	0	0	0	0	0	0	0	0	0	0	0	0	0	0	0	0	0	19	0	0	0	0	0	0	0	0	0	0	0	0	0	0	0	0
3019553	Paucibacter sediminis	78	30	0	0	0	0	0	0	0	0	0	0	0	0	0	0	0	0	0	0	0	0	0	0	0	0	0	0	0	0	0	0	0	0	0	0	0	0	0	105	0	0	0	82	0	0	0	0	0	0	0	0	0	0	0	0	0	0	0	0	0	0	0	0
3019602	Rhizobium sp. 32-5/1	0	0	0	0	0	0	0	0	0	0	0	0	0	0	0	0	0	0	0	0	0	0	0	0	0	0	0	0	0	0	0	0	0	0	0	0	0	0	0	0	0	0	0	0	0	0	33	0	0	0	0	0	0	0	0	0	0	0	0	0	0	0	0	0
3019890	Microbacterium sp. nov. GSS16	0	0	0	61	0	0	0	0	0	0	0	0	0	0	0	0	0	0	0	0	0	0	0	0	0	580	0	0	0	0	0	0	0	0	0	0	168	0	0	0	0	0	77	0	0	0	0	0	0	0	0	0	0	0	0	0	0	0	0	0	0	0	0	0
3019968	Pseudomonas sp. MM227	0	0	0	0	0	0	0	0	0	0	0	0	0	0	0	0	0	0	0	0	0	0	0	0	0	0	0	0	0	0	0	0	0	0	0	0	0	0	0	0	0	0	0	0	0	0	0	0	0	0	0	0	0	0	0	0	0	0	21	0	0	0	0	0
3019969	Rheinheimera sp. MM224	0	0	14	0	0	0	0	24	15	0	0	77	0	0	0	0	0	0	0	0	0	0	0	0	0	143	0	20	0	0	0	14	0	0	0	0	0	29	13	0	31	0	0	0	0	0	0	19	27	0	22	0	14	14	0	0	0	0	0	0	0	84	0	0
3020056	Sporosarcina sp. B2O-1	0	0	0	0	0	0	0	0	0	0	0	0	0	0	0	0	0	0	0	0	0	0	0	0	0	0	0	0	0	0	0	0	0	0	0	0	0	0	0	0	0	0	0	0	0	0	0	59	0	0	0	0	0	0	0	0	0	0	0	0	0	0	0	0
3020906	Brevibacterium sp. BDJS002	0	92	0	0	0	0	0	0	0	0	0	0	0	0	0	0	0	0	0	0	0	0	0	0	0	0	0	0	52	0	0	0	0	0	0	0	0	0	0	0	0	0	0	0	0	0	0	0	0	0	0	0	0	0	0	0	0	0	0	0	0	0	0	0
3020907	Pseudomonas sp. JBR1	0	0	0	0	0	0	0	129	0	43	0	0	0	0	0	0	0	0	0	0	0	0	0	0	0	0	0	0	0	0	0	0	124	0	0	0	0	0	0	0	0	0	0	0	0	0	0	0	0	679	0	48	0	0	0	0	0	0	23	0	0	0	0	0
3020908	Staphylococcus sp. NRL 22/194	0	0	41	0	0	0	0	374	0	0	0	0	0	0	0	0	422	0	0	0	0	0	0	0	0	0	0	0	0	0	0	0	0	0	0	0	322	0	0	0	0	91	0	0	49	0	0	0	0	0	0	0	0	109	0	0	0	0	0	0	0	0	0	0
3022127	Lancefieldella sp. Marseille-Q7238	0	531	20	0	0	30	0	0	19	0	0	0	21	0	0	0	22	0	0	0	0	0	0	0	0	11	0	21	0	0	0	0	31	0	11	0	17	0	0	0	0	29	0	0	10	0	0	0	0	18	0	0	0	20	0	0	0	0	65	0	0	0	55	0
3023076	Glutamicibacter sp. M10	0	0	0	192	0	0	0	0	0	0	0	0	0	0	0	0	81	0	0	0	0	0	0	0	0	190	0	0	0	0	0	0	0	0	0	0	0	0	0	0	0	0	0	0	0	0	0	0	435	0	0	0	0	0	0	0	0	0	0	0	0	0	0	0
3023517	Brachybacterium sp. GPGPB12	0	142	54	0	0	0	0	0	0	0	0	0	0	0	0	0	0	0	0	0	0	0	0	0	0	0	0	0	0	0	0	0	0	0	33	0	56	0	0	0	0	0	0	0	0	0	12961	0	0	0	0	0	0	65	0	0	0	0	0	0	0	0	0	0
3024245	Sphingobium sp. YC-XJ3	0	0	425	0	0	0	0	0	0	194	0	0	0	0	0	0	0	0	0	0	0	0	0	0	0	0	0	0	0	0	0	0	0	0	0	0	0	0	0	0	0	0	0	0	0	0	0	0	0	0	0	0	0	0	0	0	0	0	0	0	0	0	0	0
3024246	Isoptericola sp. AK164	0	0	0	0	0	0	0	0	0	0	0	0	0	0	0	0	0	0	0	0	0	0	0	0	0	0	0	0	0	0	0	0	0	0	0	0	32	0	0	0	0	0	0	0	0	0	25	0	0	0	0	0	0	0	0	0	0	0	0	0	0	0	0	0
3024247	Pantoea sp. SS70	0	0	0	0	0	0	0	0	0	0	0	38	0	0	0	0	0	0	0	0	0	0	0	0	0	0	0	0	0	0	0	0	0	0	0	0	0	0	0	0	0	0	0	0	0	0	0	0	0	0	0	0	0	0	0	0	0	0	0	0	0	0	0	0
3025190	Nostoc sp. UHCC 0926	0	0	0	0	0	0	0	0	0	0	0	0	0	0	0	0	0	0	0	0	0	0	0	0	0	0	0	0	0	0	0	0	0	0	0	0	0	0	0	0	0	0	0	0	0	0	0	0	0	0	0	0	0	0	0	0	0	0	0	0	0	0	0	106
3025315	Erythrobacter sp. BLCC-B19	0	0	0	0	0	0	0	102	0	0	0	0	0	0	0	0	0	0	0	0	0	0	0	0	0	0	0	0	0	0	0	0	0	0	0	0	0	0	0	0	0	0	0	0	0	0	0	0	0	0	0	0	0	0	0	0	0	0	0	0	0	0	0	0
3025663	Microbacterium sp. Clip185	0	0	19	0	0	0	0	0	0	0	0	0	0	0	0	0	0	0	0	0	0	0	0	0	0	39	0	0	0	0	0	0	0	0	0	0	247	0	0	0	0	0	0	0	0	0	0	0	0	0	0	0	0	0	0	0	0	0	0	0	0	0	0	0
3025667	Flavobacterium sp. KACC 22758	0	0	0	0	0	0	0	0	0	0	0	0	0	0	0	0	0	0	0	0	0	0	0	0	0	0	0	0	0	0	0	0	0	48	0	0	0	0	0	0	0	0	0	0	0	0	0	0	0	0	0	503	0	0	0	0	0	0	0	0	0	0	0	0
3026425	Lysinibacillus sp. G01H	0	48	0	0	0	0	0	0	0	0	0	0	0	0	0	0	0	0	0	0	0	0	0	0	0	0	0	0	0	0	0	0	0	0	0	0	0	0	0	0	0	0	0	0	0	0	0	0	0	0	0	0	0	0	0	0	0	0	0	0	0	0	0	0
3027225	Stenotrophomonas sp. BIO128-Bstrain	99	0	0	0	0	0	0	75	0	132	0	171	143	0	0	0	381	0	0	0	0	0	0	0	0	163	0	69	0	0	64	0	119	0	323	0	78	0	203	0	0	94	0	46	0	0	0	0	0	0	299	0	0	0	0	0	0	0	0	0	0	0	0	0
3027470	Acinetobacter sp. TAC-1	0	0	0	0	50	0	0	55	0	0	0	0	0	0	0	55	0	0	0	0	0	0	0	0	0	0	0	0	0	0	0	0	44	0	0	0	0	0	0	0	0	0	0	0	127	0	0	0	0	0	0	0	0	0	0	0	0	0	0	0	0	0	0	0
3028070	Claveliimonas bilis	0	144	0	0	0	36	0	99	0	310	44	0	0	0	0	0	188	0	0	0	0	0	0	0	0	0	0	0	0	0	0	0	0	0	11	0	0	0	1141	0	0	0	0	0	0	0	0	64	0	0	0	0	0	0	50	30	92	0	0	0	0	0	0	0
3028316	Microbacterium sp. KACC 23027	0	0	0	0	0	0	0	0	0	0	0	0	0	0	0	0	0	0	0	0	0	0	0	0	0	19	0	0	0	0	0	0	0	0	0	0	175	0	0	0	0	0	0	0	0	0	0	0	0	0	0	0	0	0	0	0	0	0	0	0	0	0	0	0
3028735	Chelativorans sp. AA-79	0	0	0	0	0	0	0	0	0	0	0	0	0	0	14	0	0	0	0	0	0	0	0	0	0	0	0	0	0	0	0	0	0	0	0	0	0	0	0	0	0	0	0	0	0	0	0	0	0	0	0	0	0	0	0	0	0	0	0	0	0	0	0	0
3028804	Micromonospora cathayae	0	0	0	0	0	0	0	0	0	0	0	0	0	0	0	0	0	0	0	0	0	0	0	0	0	0	0	0	0	0	0	0	0	0	0	0	0	0	0	0	0	0	0	0	0	0	257	0	0	0	0	0	0	0	0	0	0	0	0	0	0	0	0	0
3028808	Janibacter sp. DB-40	0	0	0	0	0	0	0	0	0	0	0	0	0	0	0	0	0	0	0	0	0	0	0	0	0	0	0	0	0	0	0	0	0	0	0	0	0	0	0	0	0	0	0	0	0	0	0	0	0	20	0	0	0	0	0	0	0	0	0	0	0	0	0	0
3029272	Amygdalobacter indicium	0	0	23	0	24	0	0	168	74	21	0	0	0	0	0	187	0	0	0	0	0	83	0	0	0	10	26	0	0	0	0	0	0	0	46	0	0	0	21	18	0	13	0	32	62	0	0	0	0	0	0	0	0	0	0	0	13	0	17	0	0	0	0	0
3029274	Amygdalobacter nucleatus	0	11	0	0	0	22	0	12	0	0	0	0	18	0	0	0	0	0	0	0	0	0	0	0	0	18	0	16	0	0	0	0	0	0	0	0	0	0	57	0	0	0	0	0	0	0	0	0	0	0	0	0	18	0	0	0	13	0	12	0	0	0	0	0
3030011	Paracoccus sp. S3-43	0	780	334	0	0	0	0	0	0	0	0	0	0	94	0	0	0	0	0	0	0	0	0	0	0	0	0	198	0	0	0	0	0	0	0	0	0	0	72	0	0	0	0	0	0	0	0	444	0	0	205	120	136	0	0	0	0	0	0	0	0	0	0	0
3030016	Caproicibacterium argilliputei	0	123	0	0	0	19	0	14	0	47	0	0	0	0	0	0	82	0	0	0	0	0	0	0	0	0	0	0	0	0	0	0	0	0	0	0	0	0	247	0	0	0	0	0	0	0	0	0	0	0	0	0	0	0	31	0	27	0	0	0	0	0	0	0
3030017	Caproiciproducens sp. CPB-2	0	45	0	0	0	0	0	0	0	35	0	0	0	0	0	0	35	0	0	0	0	0	0	0	0	0	0	0	0	0	0	0	0	0	0	0	0	0	132	0	0	0	0	0	0	0	0	0	0	0	0	0	0	0	0	0	0	0	0	0	0	0	0	0
3030639	Faecalibacterium sp. CYL33	0	13418	78	0	0	217	0	2693	41	11961	0	0	56	0	0	70	2876	0	0	0	0	102	0	0	0	0	0	0	0	0	73	0	0	0	76	0	46	0	14328	0	0	54	0	0	0	0	131	3094	0	0	0	0	80	195	1369	104	2881	0	133	0	67	0	0	240
3030830	Sanguibacter sp. 4.1	0	0	0	0	0	0	40	0	0	0	0	0	0	0	0	0	0	0	0	0	0	0	0	0	0	17	0	0	0	0	0	0	0	0	0	0	0	0	0	0	0	0	0	0	0	0	0	0	23	10	0	0	0	0	0	0	0	0	1223	0	0	0	0	0
3034146	Flavobacterium panacagri	0	0	0	0	0	0	0	0	0	0	0	0	0	0	0	0	0	0	0	0	0	0	0	0	0	0	0	0	0	0	0	0	0	0	0	0	0	0	23	0	0	0	0	0	0	0	0	0	0	0	0	0	0	0	0	0	0	0	0	0	0	0	0	0
3034233	Mammaliicoccus sp. Dog046	0	0	0	0	0	0	0	0	0	0	0	0	0	0	0	0	0	0	0	0	0	0	0	0	0	0	0	0	0	0	0	0	0	0	0	0	32	0	0	0	0	0	0	0	0	0	0	0	0	0	0	0	0	0	0	0	0	0	0	0	0	0	0	0
3034358	Paraburkholderia sp. SUR17	0	0	0	685	0	45	0	82	0	42	0	0	0	0	26	0	59	0	0	0	0	0	0	0	0	0	0	0	0	0	0	0	0	0	0	0	0	0	0	0	0	0	195	0	0	0	0	0	0	0	0	0	0	0	0	0	0	0	0	0	0	0	0	0
3034675	Pseudomonas sp. A34-9	0	0	0	0	0	0	0	0	0	0	0	141	374	0	0	0	0	0	0	0	0	0	0	0	0	0	0	0	0	0	0	0	0	0	123	0	0	0	0	0	0	0	0	0	0	0	0	0	0	0	0	0	0	0	0	0	0	0	0	0	0	0	0	0
3034676	Rhodopseudomonas sp. BAL398	0	0	0	0	0	0	0	0	0	0	0	0	0	233	160	0	0	0	0	0	0	0	0	0	0	0	0	0	0	0	0	0	0	0	0	0	0	0	0	0	0	0	0	0	0	0	0	0	0	0	0	0	0	0	0	0	0	0	0	0	0	0	0	0
3035531	Microbacterium sp. BDGP8	0	887	135	0	0	0	0	0	0	0	0	0	0	0	0	0	0	0	0	0	0	0	0	0	0	0	0	0	0	0	0	0	0	0	0	0	0	0	0	0	0	0	0	0	0	0	11183	0	0	0	0	0	0	0	0	0	0	0	0	0	0	0	0	0
3035694	Tissierella sp. Yu-01	0	0	11	0	0	0	0	0	0	0	0	0	0	0	0	0	0	0	0	0	0	0	0	0	0	0	0	0	0	0	0	0	0	0	0	0	0	0	0	0	0	0	0	0	0	0	0	0	0	0	0	0	0	0	0	0	0	0	0	0	0	0	0	0
3036300	Anaerococcus sp. Marseille-Q7828	0	1169	1988	147	116	1317	78	2433	11	244	119	0	295	160	615	120	2950	0	0	16	282	5949	27	0	0	257	0	1265	73	0	555	0	488	22	692	87	973	28	839	39	0	1049	88	0	240	116	0	414	19	564	200	326	227	651	2379	97	2443	0	293	751	230	0	144	0
3036302	Mobiluncus sp. Marseille-Q7826	0	229	53	0	0	77	0	111	0	37	0	0	0	0	33	0	93	0	0	0	44	11	0	0	0	21	0	129	0	0	83	0	76	0	77	0	166	0	260	0	0	353	0	0	32	0	0	11	0	12	0	12	28	79	44	0	278	0	18	0	15	0	0	0
3036359	Aurantibacillus circumpalustris	0	0	0	0	0	0	0	0	0	0	0	0	0	0	0	0	0	10	10	0	0	0	0	0	0	0	0	0	0	0	0	0	0	0	0	0	0	0	0	0	0	0	0	0	0	0	0	0	0	0	0	0	0	0	0	0	0	0	0	0	0	0	0	0
3036374	Nocardioides sp. BP30	0	0	0	0	0	0	0	0	0	0	0	0	0	0	0	0	0	0	0	0	0	0	0	0	0	0	0	0	0	0	0	0	0	0	0	0	124	0	0	0	0	0	0	0	0	0	76	0	0	0	0	0	0	0	0	0	0	0	0	0	0	0	0	0
3036945	Proteiniclasticum sp. QWL-01	0	0	0	0	0	0	0	0	0	0	0	0	0	0	0	0	0	0	0	0	0	0	0	0	0	0	0	0	0	0	0	0	0	0	0	0	0	0	33	0	0	0	0	0	0	0	0	0	0	0	0	0	0	0	0	0	0	0	0	0	0	0	0	0
3037457	Lactococcus sp. bn62	0	0	0	0	0	0	0	0	0	392	0	0	425	0	0	0	0	0	0	0	0	0	0	0	0	0	0	0	474	0	0	0	0	0	0	0	0	0	0	0	0	0	0	0	0	0	0	0	0	0	0	0	0	0	0	0	0	0	0	0	0	0	0	0
3038077	Streptococcus sp. D7B5	61	1689	1326	543	80	627	63	395548	113	2207	641	90	6454	0	322	60	1130	0	0	59	5370	65	0	0	0	2243	0	1507	430	0	317	0	1631	0	1004	810	5629	0	116	78	0	774	0	0	355	110	0	197	146	7073	100	1244	353	1482	914	0	549	193	5166	0	225	0	243	0
3038924	Methylobacterium sp. 391_Methyba4	1438	122	5778	554	248	166	0	657	0	3008	0	0	74	311032	196344	0	0	0	0	141	0	0	107	0	159	1374	0	182	0	150	88	0	125	392	217	208	151	138	212	0	0	170	1632	0	0	0	0	0	160	704	216	0	157	0	0	0	0	0	66	0	0	200	1021	0
3038925	Pseudomonas sp. 905_Psudmo1	0	0	0	0	0	0	0	0	0	0	0	0	0	0	0	0	0	0	0	0	0	0	0	0	0	0	0	0	0	0	0	0	0	0	0	0	0	0	0	0	0	0	0	0	0	0	0	0	0	0	125	0	0	0	0	0	0	0	0	0	0	0	0	0
3038927	Sphingobium sp. V4	0	0	23	0	0	0	0	0	0	21	0	0	0	0	0	0	0	0	0	0	0	0	0	0	0	0	0	0	0	0	0	0	0	0	0	0	0	0	0	0	0	0	0	0	0	0	0	0	0	0	0	0	0	0	0	0	0	0	0	0	0	0	0	0
3039116	Anaerocolumna sp. AGMB13025	0	0	0	0	0	0	0	0	0	0	0	0	0	0	0	0	18	0	0	0	0	0	0	0	0	0	0	0	0	0	0	0	0	0	0	0	0	0	92	0	0	0	0	0	0	0	0	0	0	0	0	0	0	0	0	0	0	0	0	0	0	0	0	0
3039159	Bradyrhizobium sp. CB82	0	0	0	0	0	0	0	0	0	0	0	0	0	30	52	0	0	0	0	0	0	0	0	0	0	0	0	0	0	0	0	0	0	0	0	0	0	0	0	0	0	0	0	0	0	0	0	0	0	0	0	0	0	0	0	0	0	0	0	0	0	0	0	0
3039384	Cellulomonas sp. ES6	0	0	0	0	0	0	0	0	0	0	0	0	0	0	0	0	0	0	0	0	0	0	0	0	0	0	0	0	0	0	0	0	0	0	0	0	0	0	0	0	0	0	0	0	0	0	1655	0	0	0	0	0	0	0	0	0	0	0	0	0	0	198	0	0
3039386	Rugamonas sp. DEMB1	0	0	0	0	0	0	0	0	0	0	0	0	0	0	21	0	0	0	0	0	0	0	0	0	0	0	0	0	0	0	0	0	0	0	0	0	0	0	0	0	0	0	0	0	0	0	0	0	0	0	0	0	0	0	0	0	0	0	0	0	0	0	0	0
3039400	Gordonia sp. SMJS1	0	0	0	0	0	0	0	0	0	0	0	0	0	0	0	0	0	0	0	0	0	0	0	0	0	93	0	0	0	0	0	0	0	0	0	0	0	0	0	0	0	0	0	0	0	0	0	0	0	0	0	0	0	0	0	0	0	0	0	0	0	0	0	0
3040509	Actinoplanes oblitus	0	0	0	0	0	0	0	0	0	0	0	0	0	0	0	0	0	0	0	0	0	0	0	0	0	0	0	0	0	0	0	0	0	0	0	0	59	0	0	0	0	0	0	0	0	0	770	0	0	0	0	0	0	0	0	0	0	0	0	0	0	0	0	0
3040598	Pseudomonas paraveronii	0	0	0	0	0	0	0	0	0	319	0	0	219	0	0	0	111	0	0	0	0	0	0	0	0	0	0	0	0	0	0	0	0	0	17	0	0	0	0	0	0	0	0	0	0	0	0	0	0	0	0	0	0	0	0	0	0	0	0	0	0	0	0	0
3040935	Acidisoma sp. PAMC 29798	0	0	0	0	0	0	0	0	0	0	0	0	0	15	11	0	0	0	0	0	0	0	0	0	0	0	0	0	0	0	0	0	0	0	0	0	0	0	0	0	0	0	0	0	0	0	0	0	0	0	0	0	0	0	0	0	0	0	0	0	0	0	0	0
3041175	Brooklawnia propionicigenes	0	0	0	23	0	0	0	0	0	0	0	0	0	0	0	0	0	0	0	0	0	0	0	0	0	280	0	0	0	0	0	0	0	0	0	0	0	0	0	0	0	0	32	0	0	0	0	0	0	0	0	0	0	0	0	0	0	0	0	0	0	0	0	0
3041512	Microbacterium sp. F6_8S_P_2B	0	0	0	160249	0	0	0	0	0	264	0	0	366	0	450	0	5344	0	0	0	0	0	0	0	3050	1542358	0	0	0	0	0	0	2328	0	0	0	0	0	0	0	0	62	271976	214	0	0	0	0	0	0	0	0	0	0	0	0	0	0	0	0	0	0	0	0
3041766	Tessaracoccus sp. T21	0	0	0	0	0	0	0	0	0	0	0	0	0	0	0	0	0	0	0	0	0	0	0	0	0	0	0	0	0	0	0	0	0	0	0	0	0	0	0	0	0	0	0	0	0	0	0	0	0	0	0	0	0	0	0	0	0	0	0	0	0	61	0	0
3042299	Fuscovulum ytuae	0	0	0	0	0	0	0	19	0	0	0	0	0	0	0	0	0	0	0	0	0	0	0	0	0	0	0	0	0	0	0	0	0	0	0	0	0	0	0	0	0	0	0	0	0	0	0	0	0	0	0	0	0	0	0	0	0	0	0	0	0	0	0	0
3043330	Psychrobacter sp. WB2	13	0	34	0	0	0	0	0	0	0	0	0	0	0	0	0	0	0	0	0	0	0	0	0	0	694	0	0	0	0	0	0	0	0	0	0	19	0	0	0	0	13	0	0	0	0	0	0	284	0	0	0	0	0	0	0	0	0	0	0	0	0	0	0
3043441	Pseudomonas sp. P5_109	0	0	0	0	0	0	0	0	0	0	0	12	41	0	0	0	0	0	0	0	0	0	0	0	0	0	0	0	0	0	0	0	0	0	16	0	0	0	0	0	0	0	0	0	0	0	0	0	0	0	0	0	0	0	0	0	0	0	0	0	0	0	0	0
3043445	Pseudomonas sp. P8_241	0	0	0	0	0	0	0	0	0	0	0	0	12	0	0	0	0	0	0	0	0	0	0	0	0	0	0	0	0	0	0	0	0	0	10	0	0	0	0	0	0	0	0	0	0	0	0	0	0	0	0	0	0	0	0	0	0	0	0	0	0	0	0	0
3044187	Nocardioides sp. QY071	0	89	0	0	0	0	0	0	0	0	0	0	0	0	0	0	0	0	0	0	0	0	0	0	0	0	0	0	0	0	0	0	0	0	0	0	661	0	0	0	0	0	0	0	0	0	175	0	0	0	0	0	0	0	0	0	0	0	0	0	0	0	0	0
3045146	Petroclostridium sp. X23	0	0	0	0	0	0	0	0	0	0	0	0	0	0	0	0	0	0	0	0	0	0	0	0	0	0	0	0	0	0	0	0	0	0	0	0	0	0	26	0	0	0	0	0	0	0	0	0	0	0	0	0	0	0	0	0	0	0	0	0	0	0	0	0
3045147	Acinetobacter sp. KCTC 92772	0	0	28	0	0	0	0	163	18	26	0	0	0	0	25	17	0	0	0	31	0	33	0	0	153	0	0	33	0	56	26	29	0	0	0	0	24	108	40	0	0	40	0	0	0	0	0	49	0	23	0	105	239	30	0	0	26	0	13	0	0	71	27	0
3045175	Brucella sp. NM4	0	0	16	0	0	0	0	0	0	0	0	0	0	0	0	0	0	0	0	0	0	0	0	0	0	0	0	0	0	0	0	0	0	0	0	0	0	0	0	0	0	16	0	0	0	0	0	0	0	0	0	0	0	0	0	0	0	0	0	0	0	0	0	0
3046382	Aristaeella hokkaidonensis	0	0	0	0	0	0	0	0	0	0	0	0	0	0	0	0	0	0	0	0	0	0	0	0	0	0	0	0	0	0	0	0	0	0	0	0	0	0	79	0	0	0	0	0	0	0	0	0	0	0	0	0	0	0	0	0	28	0	0	0	0	0	0	0
3046383	Aristaeella lactis	0	52	0	0	0	0	0	0	0	0	0	0	0	0	0	0	0	0	0	0	0	0	0	0	0	0	0	0	0	0	0	0	0	0	0	0	0	0	77	0	0	0	0	0	0	0	0	0	0	0	0	0	0	0	0	0	0	0	0	0	0	0	0	0
3047468	Rhodococcus sp. AH-ZY2	0	0	0	0	0	0	0	0	0	230	0	0	0	0	0	0	0	0	0	0	0	0	0	0	0	0	0	0	0	0	0	0	0	0	0	0	0	0	0	0	0	0	0	0	0	0	0	0	0	0	0	0	0	0	0	0	0	0	0	0	0	11739	0	0
3047871	Neobacillus sp. DY30	0	0	0	0	0	0	0	48	0	0	0	0	0	0	0	0	0	0	0	0	0	0	0	0	0	0	0	0	0	0	0	0	0	0	0	0	0	0	0	0	0	0	0	0	0	0	0	0	0	0	0	0	0	0	0	0	0	0	0	0	0	0	0	0
3048582	Cryobacterium sp. 10S3	0	0	0	0	0	0	0	0	0	0	0	0	0	0	0	0	0	0	0	0	0	0	0	0	0	29	0	0	0	0	0	0	0	0	0	0	0	0	0	0	0	0	0	0	0	0	0	0	0	0	0	0	0	0	0	0	0	0	0	0	0	0	0	0
3048583	Pseudomonas sp. 10S4	0	0	0	0	0	0	0	0	0	0	0	0	16	0	0	0	0	0	0	0	0	0	0	0	0	0	0	0	0	0	0	0	0	0	13	0	0	0	0	0	0	0	0	0	0	0	0	0	0	0	0	0	0	0	0	0	0	0	0	0	0	0	0	0
3048607	Pseudomonas sp. CCC3.1	0	0	0	0	0	0	0	0	0	0	0	0	0	0	0	0	25	0	0	0	0	0	0	0	0	0	0	0	0	0	0	0	0	0	0	0	0	0	0	0	0	0	0	0	0	0	0	0	0	0	0	0	0	0	0	0	0	0	0	0	0	0	0	0
3048622	Pseudomonas sp. DC1.2	0	0	0	0	0	0	0	0	0	0	0	27	51	0	0	0	0	0	0	0	0	0	0	0	0	0	0	0	0	0	0	0	0	0	39	0	0	0	0	0	0	0	0	0	0	0	0	0	0	0	0	0	0	0	0	0	0	0	0	0	0	0	0	0
3048629	Pseudomonas sp. MH9.2	0	0	0	0	0	0	0	0	0	0	0	0	16	0	0	0	0	0	0	0	0	0	0	0	0	0	0	0	0	0	0	0	0	0	0	0	0	0	0	0	0	0	0	0	0	0	0	0	0	0	0	0	0	0	0	0	0	0	0	0	0	0	0	0
3049047	Curtobacterium sp. DN_7.5	0	0	0	0	0	0	0	0	0	0	0	0	0	0	0	0	0	0	0	0	0	0	0	0	0	0	0	0	0	0	0	0	0	0	0	0	321	0	0	0	0	0	0	0	0	0	0	0	0	0	0	0	0	0	0	0	0	0	0	0	0	0	0	0
3049069	Microbacterium sp. zg-B96	0	0	0	0	0	0	0	0	0	0	0	0	0	0	0	0	0	0	0	0	0	0	0	0	0	24	0	0	0	0	0	0	0	0	0	0	69	0	0	0	0	0	0	0	0	0	0	0	0	0	0	0	0	0	0	0	0	0	0	0	0	0	0	0
3049070	Microbacterium sp. zg-B185	0	0	0	0	0	0	0	0	0	0	0	0	0	0	0	0	0	0	0	0	0	0	0	0	0	38	0	0	0	0	0	0	0	0	0	0	73	0	0	0	0	0	0	0	0	0	0	0	0	0	0	0	0	0	0	0	0	0	0	0	0	0	0	0
3049071	Microbacterium sp. zg-Y625	0	0	0	0	0	0	0	0	0	0	0	0	0	0	0	0	0	0	0	0	0	0	0	0	0	28	0	0	0	0	0	0	0	0	0	0	146	0	0	0	0	0	0	0	0	0	0	0	0	0	0	0	0	0	0	0	0	0	0	0	0	0	0	0
3049072	Microbacterium sp. zg-Y818	0	0	0	0	0	0	0	0	0	0	0	0	0	0	0	0	0	0	0	0	0	0	0	0	0	28	0	0	0	0	0	0	0	0	0	0	0	0	0	0	0	0	0	0	0	0	0	0	0	0	0	0	51	0	0	0	0	0	0	0	0	0	0	0
3049073	Microbacterium sp. zg-Y1090	0	0	0	0	0	0	0	0	0	0	0	0	0	0	0	0	0	0	0	0	0	0	0	0	0	32	0	0	0	0	0	0	0	0	0	0	111	0	0	0	0	0	0	0	0	0	0	0	0	0	0	0	0	0	0	0	0	0	0	0	0	0	0	0
3049772	Bradyrhizobium sp. NP1	0	0	0	0	0	0	0	0	0	0	0	0	0	20	49	0	0	0	0	0	0	0	0	0	0	0	0	0	0	0	0	0	0	0	0	0	0	0	0	0	0	0	0	0	0	0	0	0	0	0	0	0	0	0	0	0	0	0	0	0	0	0	0	0
3049799	Corynebacterium breve	0	26	0	0	0	0	0	17	0	0	0	0	0	0	0	0	0	0	0	0	0	0	0	0	0	0	0	0	0	0	0	0	0	0	0	0	25	0	13	0	0	12	0	0	0	0	0	0	0	0	0	0	0	11	0	0	0	0	0	0	0	0	0	0
3049801	Corynebacterium suedekumii	0	36	0	0	0	0	0	17	0	0	0	0	0	0	0	0	0	0	0	0	0	0	0	0	0	0	0	0	0	0	0	0	0	0	41	0	68	0	21	0	0	34	0	0	16	0	0	0	0	0	0	0	0	18	0	0	11	0	0	0	0	0	0	0
3050069	Curtobacterium sp. 458	0	552	41	0	0	0	0	0	0	0	0	0	0	0	0	0	0	0	0	0	0	0	0	0	0	0	0	0	0	0	0	0	0	0	0	0	1450	0	0	0	0	0	0	0	0	0	0	254	0	0	0	0	0	0	0	0	0	0	0	0	0	0	0	0
3050072	Proteiniborus sp. MB09-C3	0	0	0	0	0	0	0	0	0	0	0	0	0	0	0	0	0	0	0	0	0	0	0	0	0	0	0	0	0	0	0	0	0	0	0	0	0	0	21	0	0	0	0	0	0	0	0	0	0	0	0	0	0	0	0	0	0	0	0	0	0	0	0	0
3050384	Microbacterium sp. ET2	0	0	0	0	0	0	0	0	0	0	0	0	0	0	0	0	0	0	0	0	0	0	0	0	0	24	0	0	0	0	0	0	0	0	0	0	0	0	0	0	0	0	13	0	0	0	0	0	0	0	83	0	0	0	0	0	0	0	0	0	0	0	0	0
3051119	Stenotrophomonas sp. 57	0	0	0	0	0	0	0	0	0	0	0	0	0	0	0	0	0	0	0	0	0	0	0	0	0	0	0	0	0	0	0	0	0	0	0	0	0	0	21	0	0	0	0	0	0	0	0	0	0	0	0	0	0	0	0	0	0	0	0	0	0	0	0	0
3051120	Stenotrophomonas sp. 59	0	0	0	0	0	0	0	0	0	0	0	0	0	0	0	0	0	0	0	0	0	0	0	0	0	30	0	0	0	0	0	0	0	0	0	0	0	0	0	0	0	0	0	0	0	0	0	0	0	0	0	0	0	0	0	0	0	0	0	0	0	0	0	0
3051832	Micromonospora sp. FIMYZ51	0	0	0	0	0	0	0	0	0	0	0	0	0	0	0	0	0	0	0	0	0	0	0	0	0	0	0	0	0	0	0	0	0	0	0	0	0	0	0	0	0	0	0	0	0	0	117	0	0	0	0	0	0	0	0	0	0	0	0	0	0	0	0	0
3053613	Maribacter sp. BPC-D8	0	0	0	0	0	0	0	0	17	18	0	0	0	0	0	0	0	0	0	0	0	0	0	0	0	0	0	0	0	0	0	0	0	0	0	0	0	0	0	0	0	0	0	0	0	0	0	0	0	0	0	0	0	0	0	0	0	0	0	0	0	0	0	0
3055080	Stenotrophomonas sp. 610A2	52	0	54	0	0	0	22	51	0	0	0	173	0	0	0	0	0	0	0	0	0	41	0	0	0	58	0	25	0	0	0	0	0	0	0	0	0	0	0	23	0	0	0	16	0	0	0	0	0	0	0	0	0	0	0	0	0	0	0	0	0	0	0	60
3056937	Mycolicibacterium sp. HK-90	0	0	0	0	0	0	0	0	0	0	0	0	0	0	0	0	0	0	0	0	0	0	0	0	0	0	0	0	0	0	0	0	0	0	0	0	0	0	0	0	0	0	36	0	0	0	0	0	0	0	0	0	0	0	0	0	0	0	0	0	0	0	0	0
3057057	Prodigiosinella aquatilis	0	0	0	0	0	0	0	0	0	0	0	0	46	0	0	0	0	0	0	0	0	0	0	0	0	0	0	0	0	0	0	0	0	0	0	0	0	0	0	0	0	0	0	0	0	0	0	0	0	0	0	0	0	0	0	0	0	0	0	0	0	0	0	0
3057122	Streptomyces sp. FZ201	0	0	0	0	0	0	0	0	0	0	0	0	0	0	0	0	0	0	0	0	0	0	0	0	0	0	0	0	0	0	0	0	0	0	0	0	264	0	0	0	0	0	0	0	0	0	0	0	0	0	0	0	0	0	0	0	0	0	0	0	0	0	0	0
3058373	Leptotrichia sp. HMT-225	0	767	306	86	36	1887	0	322	118	5310	82	26	459	0	90	51	1073	0	0	34	2312	0	0	0	0	1410	0	702	0	0	310	0	401	0	401	0	2193	0	42	0	0	365	0	0	41	65	0	89	17	591	0	451	85	1081	262	0	297	0	3715	0	371	0	60	43
3058393	Planococcus sp. N022	0	0	0	0	0	0	0	0	0	0	0	0	0	0	0	0	0	0	0	0	0	0	0	0	0	0	0	0	0	0	0	0	0	0	0	0	0	0	0	0	0	0	0	0	0	0	0	0	0	0	0	0	0	0	0	0	0	0	0	0	0	106	0	0
3058401	Rhodococcus sp. M8-35	0	0	0	0	0	0	0	0	0	0	0	0	0	0	0	0	0	0	0	0	0	0	0	0	0	0	0	0	0	0	0	0	0	0	0	0	0	0	0	0	0	0	0	0	0	0	0	0	0	0	0	0	0	0	0	0	0	0	0	0	0	949	0	0
3059028	Schaalia sp. HMT-172	17	693	1292	19	13	254	0	250	128	724	1046	20	2702	0	245	60	600	0	0	10	87	20	247	0	0	162	33	1305	250	25	179	0	600	0	822	0	596	18	427	18	0	649	0	0	252	458	0	38	45	1975	567	248	66	193	8877	26	114	23	269	0	91	28	584	0
3059030	Stomatobaculum sp. F0698	0	107	245	11	0	166	0	151	25	639	115	0	778	0	22	0	126	0	0	0	80	0	12	0	0	46	0	484	85	0	62	21	159	0	253	0	186	0	227	0	0	201	0	0	30	52	0	14	0	108	29	37	34	87	1157	0	32	0	846	0	0	0	48	0
3059080	Corynebacterium sp. P3-F1	0	286	43	40	0	77	0	398	0	70	14	0	138	0	113	0	252	0	0	61	25	19	31	0	0	45	0	85	0	104	80	0	40	0	50	0	137	0	85	45	0	120	0	0	66	111	0	99	0	163	0	51	140	360	21	54	196	0	263	0	0	0	23	0
3059081	Corynebacterium sp. P4-C1	0	713	0	0	0	0	0	261	0	333	0	0	0	0	229	0	0	0	0	0	0	0	0	0	0	0	0	727	0	0	1211	0	0	0	840	0	1280	0	0	0	0	987	0	0	162	0	0	0	0	0	0	0	154	420	207	0	447	0	272	0	0	0	0	0
3059082	Corynebacterium sp. P8-C1	0	1118	244	0	0	168	0	428	0	261	0	0	0	0	193	0	495	0	0	0	152	288	0	0	0	0	0	366	0	0	484	0	307	0	317	0	643	0	0	0	0	595	0	0	184	0	0	0	0	256	0	0	156	534	268	0	531	0	444	0	0	0	0	0
3060154	Diaphorobacter sp. C33	0	0	0	0	0	0	0	133	0	0	0	0	0	0	0	0	0	0	0	0	0	0	0	93	0	103	0	0	0	0	0	0	0	0	56	0	0	0	0	162	0	0	0	0	98	0	0	0	0	0	0	0	0	0	0	0	0	0	0	0	0	936	99	0
3061629	Nocardiopsis sp. HUAS JQ3	0	0	0	0	0	0	0	0	0	0	0	0	0	0	0	0	0	0	0	0	0	0	0	0	0	0	0	0	0	0	0	0	0	0	0	0	0	0	0	0	0	0	0	0	0	0	0	0	0	0	0	0	0	0	0	0	0	0	0	0	0	0	60	0
3062461	Corynebacterium sp. BD556	0	40	0	0	0	0	0	36	0	0	0	0	0	0	0	0	11	0	0	0	0	0	0	0	0	0	0	21	0	0	0	0	0	0	0	0	49	0	97	0	0	39	0	0	27	0	0	0	0	0	0	0	0	15	0	0	24	0	14	0	0	0	0	0
3062685	Streptomyces sp. VNUA74	0	0	0	0	0	0	0	0	0	0	0	0	0	0	0	0	0	0	0	0	0	0	0	0	0	0	0	0	0	0	0	0	0	0	0	0	0	0	0	0	0	0	0	0	0	0	1832	0	0	0	0	0	0	0	0	0	0	0	0	0	0	0	0	0
3064139	Croceibacterium sp. D39	0	0	0	0	0	0	0	0	0	0	0	0	0	0	0	0	0	0	0	0	0	0	0	0	0	0	0	0	0	0	0	0	0	0	0	0	0	0	0	0	0	0	0	0	0	0	595	0	0	0	0	0	0	0	0	0	0	0	0	0	0	0	0	0
3064284	Mycolicibacterium sp. MU0050	0	0	0	0	0	0	0	0	0	0	0	0	0	0	0	0	0	0	0	0	0	0	0	0	0	0	0	0	0	0	0	0	0	0	0	0	23	0	0	0	0	0	0	0	0	0	0	0	0	0	0	0	0	0	0	0	0	0	0	0	0	0	0	0
3064286	Mycolicibacterium sp. MU0053	0	0	0	0	0	0	0	0	0	0	0	0	0	0	0	0	0	0	0	0	0	0	0	0	0	0	0	0	0	0	0	0	0	0	0	0	19	0	0	0	0	0	0	0	0	0	0	0	0	0	0	0	0	0	0	0	0	0	0	0	0	0	0	0
3064531	Paracoccus sp. M09	0	283	149	0	0	0	0	0	0	0	0	0	0	0	0	0	67	0	0	0	0	0	0	0	0	0	0	231	0	0	0	0	0	0	0	0	50	0	0	0	0	0	0	0	0	534	0	0	0	0	167	41	0	29	0	0	0	0	0	0	0	0	0	0
3064892	Psychrobacter sp. van23A	245	0	218	0	0	0	211	53	84	0	0	0	0	0	0	0	0	0	0	0	0	0	0	0	0	55	0	0	0	0	14	0	24	0	42	0	27	0	0	0	0	60	0	23	0	0	0	0	0	0	0	0	0	0	0	0	0	0	0	0	0	0	0	0
3065910	Janthinobacterium sp. J1-1	0	0	0	0	0	0	0	0	0	114	0	38	88	0	0	0	55	0	0	0	0	0	0	0	0	0	0	0	0	0	0	0	0	0	0	0	0	0	0	0	0	0	0	0	0	0	0	0	0	0	0	0	0	0	0	0	0	0	0	0	0	0	0	0
3068314	Brevundimonas sp. C43	0	0	0	0	0	0	0	0	0	0	0	0	0	0	0	0	0	0	0	0	0	0	0	0	0	57	0	0	20	0	0	0	0	0	0	0	0	0	0	0	0	0	0	0	0	0	0	0	0	0	0	0	0	0	0	0	0	0	0	0	0	0	0	0
3068329	Candidatus Akkermansia timonensis	0	4977	0	0	0	0	0	0	0	0	0	0	0	0	0	0	0	0	0	0	0	0	0	0	0	0	0	0	0	0	0	0	0	0	0	0	0	0	0	0	0	0	0	0	0	0	0	0	0	0	0	0	0	0	1929	0	0	0	0	0	0	0	0	0
3068632	Bosea beijingensis	0	50	0	0	0	0	0	76	0	0	0	0	0	37	28	0	0	0	0	0	0	0	0	0	0	0	0	0	0	0	0	0	0	0	65	0	0	0	55	0	0	0	0	0	0	0	0	279	0	0	0	0	116	0	0	0	0	0	0	0	0	0	0	0
3068633	Telluria beijingensis	0	24	0	0	0	0	0	32	0	0	0	0	0	0	0	0	0	0	0	0	0	0	0	0	0	47	0	0	0	0	22	0	0	0	0	0	50	0	13	0	0	0	0	0	26	0	0	0	0	0	0	0	0	0	0	0	0	0	101	0	0	0	0	0
3068634	Agrococcus beijingensis	0	0	74	0	0	0	0	0	79	20	0	0	44	0	0	0	0	0	0	0	0	0	0	0	0	21	0	0	0	0	0	0	0	0	0	0	348	0	0	0	0	0	0	0	0	0	0	0	0	0	0	0	0	0	0	0	0	0	104	0	0	0	0	0
3069708	Brachybacterium sp. GU-2	0	347	62	0	0	131	0	0	153	0	0	0	0	0	0	26	49	0	0	0	0	0	0	0	0	0	0	101	0	0	0	0	0	0	71	0	589	0	35	122	0	0	0	0	0	0	34622	59	0	0	0	0	0	160	0	0	0	33	0	52	0	0	0	0
3070215	Kineothrix sp. MB12-C1	0	13	0	0	0	0	0	0	0	13	0	0	0	0	0	0	16	0	0	0	0	0	0	0	0	0	0	0	0	0	0	0	0	0	0	0	0	0	128	0	0	0	0	0	0	0	0	0	0	0	0	0	0	0	0	0	11	0	0	0	0	0	0	0
3070656	Paludicola sp. MB14-C6	0	0	0	0	0	0	0	0	0	0	0	0	0	0	0	0	0	0	0	0	0	0	0	0	0	0	0	0	0	0	0	0	0	0	0	0	0	0	32	0	0	0	0	0	0	0	0	0	0	0	0	0	0	0	0	0	0	0	0	0	0	0	0	0
3070679	Neobacillus sp. PS3-40	0	0	0	0	0	0	0	0	0	0	0	0	0	0	0	0	0	0	0	0	0	0	0	0	0	0	0	0	0	0	0	0	0	0	0	0	0	0	21	0	0	0	0	0	0	0	0	0	0	0	0	0	0	0	0	0	0	0	0	0	0	0	0	0
3070681	Clostridium sp. OS1-26	0	0	0	0	0	0	0	0	0	0	0	0	0	0	0	0	0	0	0	0	0	0	0	0	0	0	0	0	0	0	0	0	0	0	0	0	0	0	18	0	0	0	0	0	0	0	0	0	0	0	0	0	0	0	0	0	0	0	0	0	0	0	0	0
3070814	Anaerotignum sp. MB30-C6	0	0	0	0	0	0	0	0	0	0	0	0	0	0	0	0	0	0	0	0	0	0	0	0	0	0	0	0	0	0	0	0	0	0	0	0	0	0	94	0	0	0	0	0	0	0	0	0	0	0	0	0	0	0	0	0	0	0	0	0	0	0	0	0
3070997	Anaerocolumna sp. MB42-C2	0	0	0	0	0	0	0	0	0	0	0	0	0	0	0	0	0	0	0	0	0	0	0	0	0	0	0	0	0	0	0	0	0	0	0	0	0	0	100	0	0	0	0	0	0	0	0	0	0	0	0	0	0	0	0	0	0	0	0	0	0	0	0	0
3072793	Acuticoccus sp. MNP-M23	0	0	0	0	0	0	0	0	0	0	0	0	0	20	18	0	0	0	49	0	0	0	0	0	0	0	0	0	0	0	0	0	0	0	0	0	0	0	0	0	0	0	0	0	0	0	0	0	0	0	0	0	0	0	0	0	0	0	0	0	0	0	0	0
3073064	Cellulomonas sp. ATA003	0	0	0	0	0	0	0	0	0	0	0	0	0	0	0	0	0	0	0	0	0	0	0	0	0	16	0	0	0	0	0	0	0	0	0	0	92	0	0	0	0	0	0	0	0	0	33	0	0	0	0	0	0	0	0	0	0	0	0	0	0	0	0	0
3073268	Citricoccus sp. I39-566	0	0	0	0	0	0	0	0	0	0	0	0	0	0	0	0	0	0	0	0	0	0	0	0	0	19	0	0	0	0	12	0	0	0	0	0	19	0	0	0	0	0	0	0	0	0	0	0	0	0	0	0	0	0	0	0	0	0	0	0	0	0	0	0
3073862	Pectobacterium araliae	0	0	0	19	0	0	0	0	0	129	0	0	255	0	0	0	20	0	0	0	0	0	0	0	0	0	0	0	0	0	0	0	0	0	0	0	0	0	0	0	0	0	0	0	0	0	0	0	0	0	0	0	0	0	0	0	0	0	0	0	0	0	0	0
3074378	Corynebacterium sp. Z-1	0	122	0	0	0	135	0	452	0	46	45	0	0	0	79	0	164	0	0	0	0	0	0	0	0	0	0	368	0	0	94	0	97	0	0	0	721	0	171	0	0	449	0	0	152	205	0	113	0	108	0	81	264	330	0	111	198	0	124	0	0	0	0	0
3074822	Pantoea alfalfae	0	0	0	0	0	0	0	0	0	0	0	0	0	0	0	0	0	0	0	0	0	0	0	0	0	0	0	0	0	0	0	0	0	0	0	0	0	0	0	0	0	15	0	0	0	0	0	0	0	0	0	0	0	0	0	0	0	0	0	0	0	0	0	0
3075199	Streptomyces sp. ITFR-21	0	0	0	0	0	0	0	0	0	0	0	0	0	0	0	0	0	0	0	0	0	0	0	0	0	0	0	0	0	0	0	0	0	0	0	0	73	0	0	0	0	0	0	0	0	0	0	0	0	0	0	0	0	0	0	0	0	0	0	0	0	0	0	0
3075605	Stakelama sp. W311	0	0	11	0	0	0	0	0	0	0	0	0	0	0	0	0	0	0	0	0	0	0	0	0	0	0	0	0	0	0	0	0	0	0	0	0	11	0	0	0	0	0	0	0	0	0	47	0	0	0	0	0	0	0	0	0	0	0	0	0	0	0	0	0
3075837	Gordonia sp. w5E2	0	0	81	0	0	0	0	34	0	0	0	0	0	0	0	0	0	0	0	0	24	0	19	0	50	21	0	27	0	0	37	0	44	19	51	14	0	87	32	0	53	218	0	0	0	47	0	145	48	0	29	0	574	25	0	55	26	38	39	0	0	0	0	0
3075927	Umezawaea sp. Da 62-37	0	0	0	0	0	0	0	0	0	0	0	0	0	0	0	0	0	0	0	0	0	0	0	0	0	0	0	0	0	0	0	0	0	0	0	0	35	0	0	0	0	0	0	0	0	0	138	0	0	0	0	0	0	0	0	0	0	0	0	0	0	0	0	0
3076039	Tardiphaga sp. 709	0	0	0	0	0	0	0	0	0	0	0	0	0	44	32	0	0	0	0	0	0	0	0	0	0	0	0	0	0	0	0	0	0	0	0	0	0	0	0	0	0	0	0	0	0	0	0	0	0	0	0	0	0	0	0	0	0	0	0	0	0	0	0	0
3076087	Moraxella sp. DOX410	25	202	68	0	0	0	0	86	20	36	0	0	0	0	0	31	0	0	0	0	0	24	0	0	0	19	0	534	72	0	141	0	250	0	105	0	149	47	106	0	0	563	0	0	28	26	0	40	0	127	110	0	89	0	0	0	0	0	0	0	0	0	0	0
3077584	Streptococcus sp. DTU_2020_1001019_1_SI_AUS_MUR_006	598	926	3179	155	100	344	14	1709	139	1402	8495	37	2691	0	105	50	909	0	16	0	213	0	84	0	0	419	0	3202	1096	16	321	0	784	48	2154	75	707	0	210	173	0	751	22	20	385	192	0	131	129	7965	122	435	89	362	4937	65	182	15	1893	0	190	26	1370	18
3077590	Neisseria sp. DTU_2021_1001991_1_SI_NGA_ILE_055	0	125	483	49	0	112	0	102	0	954	643	0	759	0	96	0	130	0	0	0	4490	0	0	0	0	110	0	272	29	0	47	0	182	0	255	0	151	0	0	0	0	156	0	0	37	69	0	32	57	2377	0	153	0	91	27642	0	42	0	113	0	41	0	205	0
3077723	Streptococcus sp. DTU_2020_1000888_1_SI_GRL_NUU_041A	498	4967	2615	243	71	2299	0	1779	116	5319	466	82	4983	0	733	74	2084	0	88	0	7589	0	0	46	0	1846	0	1514	1035	0	304	0	2931	36	1086	154	2967	0	120	126	0	1116	0	0	443	120	0	355	0	1833	105	1466	364	5153	2486	0	699	85	5563	0	197	97	661	156
3078263	Paenibacillus sp. BIC5C1	0	0	0	0	0	0	0	0	0	0	0	0	0	0	0	0	0	0	0	0	0	0	0	0	0	0	0	0	0	0	0	0	0	0	0	0	165	0	0	0	0	0	0	0	0	0	0	0	0	0	0	0	0	38	0	0	0	0	0	0	0	0	0	0
3078265	Sphingomonas sp. Y38-1Y	0	38	34	0	0	0	0	0	0	0	0	0	0	0	0	0	0	0	0	0	0	0	0	0	0	0	0	0	0	0	0	0	0	0	0	0	47	0	0	0	0	0	0	0	0	0	221	0	0	0	0	0	0	0	0	0	0	0	0	0	0	0	0	0
3078812	Aerococcus tenax	0	0	0	0	0	0	0	23	0	0	0	0	0	0	0	0	20	0	0	0	0	55	0	0	0	0	0	107	0	0	31	0	56	0	54	0	36	0	526	0	0	60	0	0	0	0	0	0	0	22	0	0	0	0	0	0	61	0	15	0	0	0	57	0
3079302	Agathobaculum sp. NTUH-O15-33	0	165	0	0	0	17	0	15	0	36	0	0	0	0	0	0	25	0	0	0	0	0	0	0	0	0	0	0	0	0	0	0	0	0	0	0	0	0	2073	0	0	0	0	0	0	0	0	0	0	0	0	0	0	0	11	0	30	0	0	0	0	0	0	0
3079303	Intestinibacillus sp. NTUH-41-i26	0	60	0	0	0	49	0	74	0	261	0	0	0	0	0	0	136	0	0	0	0	0	0	0	0	0	0	0	0	0	0	0	0	0	11	0	0	0	1221	0	0	0	0	0	0	0	0	123	0	0	0	0	0	0	35	0	39	0	0	0	0	0	0	0
3079339	Amycolatopsis sp. FBCC-B4732	0	0	0	0	0	0	0	0	0	0	0	0	0	0	0	0	0	0	0	0	0	0	0	0	0	0	0	0	0	0	0	0	0	0	0	0	62	0	0	0	0	0	0	0	0	0	0	0	0	0	0	0	0	0	0	0	0	0	0	0	0	0	0	0
3079935	Microbacterium limosum	0	0	22	12	0	0	0	0	0	0	0	0	0	0	0	0	0	0	0	0	0	0	0	0	0	55	0	0	0	0	0	0	0	0	0	0	245	0	0	0	0	0	20	0	0	0	0	122	0	0	0	0	66	0	0	0	0	0	0	0	0	0	0	0
3080014	Bradyrhizobium sp. NDS-1	0	0	0	0	0	0	0	0	0	0	0	0	0	0	114	0	0	0	0	0	0	0	0	0	0	0	0	0	0	0	0	0	0	0	0	0	0	0	0	0	0	0	0	0	0	0	0	0	0	0	0	0	0	0	0	0	0	0	0	0	0	0	0	0
3080057	Bosea sp. 685	0	0	0	0	0	0	0	35	0	0	0	0	0	0	25	0	0	0	0	0	0	0	0	0	0	0	0	0	0	0	0	0	0	0	0	0	0	0	0	0	0	0	0	0	0	0	0	0	0	0	0	0	114	0	0	0	0	0	0	0	0	0	0	0
3081204	Raineyella sp. LH-20	0	0	0	0	0	0	0	0	0	0	0	0	0	0	0	0	0	0	0	0	0	0	0	0	0	0	0	0	0	0	0	0	0	0	0	0	16	0	0	0	0	0	0	0	0	0	0	0	0	0	0	0	0	0	0	0	0	0	0	0	0	0	0	0
3081222	Corynebacterium sp. UMB2355A	0	675	248	0	0	74	0	433	160	51	208	0	0	0	43	0	195	0	65	0	471	82	0	0	0	218	0	1798	0	0	489	0	912	0	1297	0	792	0	2924	186	0	1112	0	0	251	0	0	212	0	84	0	167	84	186	327	0	1478	0	71	0	109	0	156	0
3081231	Ottowia sp. SB7-C50	0	0	0	0	0	0	0	41	0	0	0	0	0	0	0	0	0	0	0	0	0	0	0	0	0	0	0	21	0	0	0	0	0	0	0	0	0	0	0	0	0	44	0	0	0	0	0	58	0	0	0	0	118	0	0	0	0	0	0	0	0	0	0	0
3081750	Anaerocolumna sp. AGMB13020	0	0	0	0	0	0	0	0	0	16	0	0	0	0	0	0	0	0	0	0	0	0	0	0	0	0	0	0	0	0	0	0	0	0	0	0	0	0	102	0	0	0	0	0	0	0	0	0	0	0	0	0	0	0	0	0	0	0	0	0	0	0	0	0
3093767	Pseudomonas hormoni	0	0	0	0	0	0	0	0	0	0	0	14	27	0	0	0	0	0	0	0	0	0	0	0	0	0	0	0	0	0	0	0	0	0	17	0	0	0	0	0	0	0	0	0	0	0	0	0	0	0	0	0	0	0	0	0	0	0	0	0	0	0	0	0
3093923	Chryseobacterium sp. JJR-5R	0	0	20	0	0	0	0	0	0	0	0	0	0	0	0	0	0	0	0	0	0	0	0	0	0	0	0	0	0	0	0	0	0	0	0	0	0	0	0	0	0	0	0	0	0	0	0	0	0	0	0	0	0	0	0	0	0	0	0	0	0	0	0	0
3095074	Pseudomonas sp. S1Bt23	0	0	0	0	0	0	0	0	0	0	0	0	78	0	0	0	0	0	0	0	0	0	0	0	0	0	0	0	0	0	0	0	0	0	0	0	0	0	0	0	0	0	0	0	0	0	0	0	0	0	0	0	0	0	0	0	0	0	0	0	0	0	0	0
3095075	Nocardioides sp. S-34	0	420	0	0	0	0	0	48	0	0	0	0	0	0	0	0	0	0	0	0	0	0	0	0	0	0	0	0	0	0	0	0	0	0	0	60	36174	0	0	0	0	0	0	0	0	95	287	0	0	0	0	0	0	0	0	0	0	0	0	0	0	0	0	0
3095076	Nocardioides sp. HM61	0	0	0	0	0	0	0	0	0	0	0	0	0	0	0	0	0	0	0	0	0	0	0	0	0	0	0	0	0	0	0	0	0	0	0	0	185	0	0	0	0	0	0	0	0	0	203	0	0	0	0	0	0	0	0	0	0	0	0	0	0	0	0	0
3095337	Selenomonas sp. TAMA-11512	0	0	0	0	0	13	0	0	0	36	0	0	11	0	0	0	0	0	0	0	0	0	0	0	0	0	0	0	0	0	0	0	0	0	0	0	13	0	0	0	0	0	0	0	0	0	0	0	0	0	0	0	0	17	0	0	0	0	0	0	0	0	0	0
3095341	Sphingomonas sp. LY29	0	0	10	0	0	0	0	0	0	0	0	0	0	0	0	0	0	0	0	0	0	0	0	0	0	0	0	0	0	0	0	0	0	0	0	0	0	0	0	0	0	0	0	0	0	0	0	0	0	0	0	0	0	0	0	0	0	0	0	0	0	0	0	0
3095343	Sphingomonas sp. LY54	0	0	12	0	0	0	0	0	0	0	0	0	0	0	0	0	0	0	107	0	0	0	0	0	0	0	0	0	0	0	0	0	0	0	0	0	0	0	0	0	0	0	0	0	0	0	0	0	0	0	0	0	0	0	0	0	0	0	0	0	0	0	0	0
3098075	Streptococcus sp. S1	0	610	1039	62	68	165	29	42	87	1171	1901	0	1075	0	144	122	207	0	0	27	397	0	114	0	0	49	0	1779	383	26	55	0	133	0	440	17	382	0	141	40	0	321	0	0	192	297	0	46	20	4915	232	172	88	146	7924	0	85	0	1364	0	75	34	681	37
3098076	Streptococcus sp. S5	0	251	1125	35	95	132	0	58	235	858	4118	0	2279	0	134	25	116	0	0	33	251	0	99	0	29	120	0	3859	364	0	92	53	193	0	634	0	652	0	120	87	0	382	0	0	190	327	0	41	0	2187	137	151	107	266	7425	30	90	0	2058	0	65	0	606	0
3101753	Micrococcus sp. HOU1	0	0	75	0	0	385	0	190	0	71	0	0	0	0	118	0	180	0	0	0	0	0	112	0	0	0	0	482	0	0	82	0	0	0	209	0	198	0	0	0	0	85	0	0	0	567	0	228	0	0	0	112	239	837	0	0	57	0	548	0	0	0	0	0
3103144	Faecalibacter sp. LW9	0	0	0	0	0	0	0	0	0	0	0	0	0	0	0	0	0	0	0	0	0	0	0	0	0	0	0	0	0	0	0	0	0	0	0	0	0	0	0	0	0	0	0	0	0	0	0	0	0	0	0	16	0	0	0	0	0	0	0	0	0	0	0	0
3104265	Pseudomonas sp. B33.4	0	0	0	0	0	0	0	0	0	0	0	228	538	0	0	0	0	0	0	0	0	0	0	0	0	0	0	0	0	0	0	0	0	0	229	0	0	0	0	0	0	0	0	0	0	0	0	0	0	0	0	0	0	0	0	0	0	0	0	0	0	0	0	0
3108389	Terrabacter sp. C0L_2	0	12	0	0	0	0	0	0	0	0	0	0	0	0	0	0	0	0	0	0	0	0	0	0	0	0	0	0	0	0	0	0	0	0	0	0	43	0	0	0	0	0	0	0	0	0	0	0	0	0	0	0	0	0	0	0	0	0	0	0	0	0	0	0
3108822	Lentzea sp. DG1S-22	0	0	0	0	0	0	0	0	0	0	0	0	0	0	0	0	0	0	0	0	0	0	0	0	0	0	0	0	0	0	0	0	0	0	0	0	45	0	0	0	0	0	0	0	0	0	0	0	0	0	0	0	0	0	0	0	0	0	0	0	0	0	0	0
3109595	Novosphingobium sp. RL4	0	0	0	0	0	0	0	0	0	0	0	0	0	35	23	0	0	0	0	0	0	0	0	0	0	0	0	0	0	0	0	0	0	0	0	0	0	0	0	0	0	0	0	0	0	0	0	0	0	0	0	0	0	0	0	0	0	0	0	0	0	0	0	0
3110231	Thiobacillus sp. SCUT-2	0	0	0	0	0	0	0	0	0	0	0	0	0	0	0	0	0	0	0	0	0	0	0	0	13	12	0	21	0	14	22	0	11	34	22	0	0	0	24	0	0	0	0	0	43	0	0	0	0	0	12	0	0	0	0	0	0	0	0	0	0	0	0	0
3111540	Sinanaerobacter sp. ZZT-01	0	0	0	0	0	0	0	0	0	0	0	0	0	0	0	0	0	0	0	0	0	0	0	0	0	0	0	0	0	0	0	0	0	0	0	0	0	0	13	0	0	0	0	0	0	0	0	0	0	0	0	0	0	0	0	0	0	0	0	0	0	0	0	0
3112419	Exiguobacterium sp. 9-2	0	0	0	0	0	0	0	0	0	13	0	0	0	0	0	0	0	0	0	0	0	0	0	0	0	0	0	20	0	0	0	0	0	0	0	0	0	0	0	0	0	0	0	0	31	0	0	0	0	0	0	0	0	0	0	0	0	0	0	0	0	0	0	0
3114296	Emergencia sp. JLR.KK010	0	32	0	0	0	15	0	0	0	56	0	0	0	0	0	0	39	0	0	0	0	0	0	0	0	0	0	0	0	0	0	0	0	0	0	0	0	0	303	0	0	0	0	0	0	0	0	0	0	0	0	0	0	0	0	0	22	0	0	0	0	0	0	0
3114300	Sphingomonas sp. M1-B02	0	0	0	0	0	0	0	0	0	0	0	0	0	0	0	0	0	0	0	0	0	0	0	0	0	0	0	0	0	0	0	0	0	0	0	0	103	0	0	0	0	0	0	0	0	0	0	0	0	0	0	0	0	0	0	0	0	0	0	0	0	0	0	0
3114367	Sphingopyxis sp. TUF1	0	0	0	0	0	0	0	23	0	0	0	0	0	0	0	0	0	0	0	0	0	0	0	0	0	0	0	0	0	0	0	0	0	0	0	0	0	0	0	0	0	0	0	0	0	0	0	0	0	0	0	0	0	0	0	0	0	0	0	0	0	0	0	0
3114537	Pararoseomonas sp. SCSIO 73927	0	13	55	0	0	0	0	15	0	0	0	0	0	40	41	0	0	0	0	0	0	0	0	0	0	0	0	0	0	0	0	0	88	0	0	0	277	0	0	0	0	0	0	0	0	0	0	0	0	0	0	0	0	47	0	0	0	0	0	0	0	20	0	0
3115151	Akkermansia sp. AE01SA01	0	137	0	0	0	0	0	0	0	0	0	0	0	0	0	0	0	0	0	0	0	0	0	0	0	0	0	0	0	0	0	0	0	0	0	0	0	0	0	0	0	0	0	0	0	0	0	0	0	0	0	0	0	0	98	0	0	0	0	0	0	0	0	0
3115152	Akkermansia sp. RCC_12PD	0	133	0	0	0	0	0	0	0	0	0	0	0	0	0	0	0	0	0	0	0	0	0	0	0	0	0	0	0	0	0	0	0	0	0	0	0	0	0	0	0	0	0	0	0	0	0	0	0	0	0	0	0	0	0	0	0	0	0	0	0	0	0	0
3115647	Pseudomonas sp. ZY71	0	0	0	0	0	0	0	0	0	0	0	1083	2831	0	0	0	0	0	0	0	0	0	0	0	0	0	0	0	0	0	0	0	0	0	519	0	0	0	0	0	0	0	0	0	0	0	0	0	0	0	0	0	0	0	0	0	0	0	0	0	0	0	0	0
3117459	Halalkalicoccus sp. FCH27	0	0	0	0	0	0	0	0	0	0	0	0	0	0	0	0	0	47	34	0	0	0	0	0	0	0	0	0	0	0	0	0	0	0	0	0	0	0	0	0	0	0	0	0	0	0	0	0	0	0	0	0	0	0	0	0	0	0	0	0	0	0	0	0
3117552	Bacteroides sp. MSB163	0	79	0	0	0	0	0	23	0	272	0	0	0	0	0	0	60	0	30	0	0	0	0	0	0	0	0	0	0	0	0	0	0	0	0	0	0	0	388	0	0	0	0	0	0	0	0	22	0	0	0	0	0	0	31	0	31	0	0	0	0	0	0	0
3118084	Saccharopolyspora sp. SCSIO 74807	0	0	28	0	0	0	0	0	26	0	0	0	0	0	0	0	0	0	0	0	0	0	0	0	0	0	0	0	0	0	27	0	0	13	0	0	45	0	0	0	0	30	0	0	0	0	0	0	0	0	0	0	0	0	0	0	0	0	0	0	0	0	0	0
3118470	Candidatus Minimicrobia sp. QA0096	0	25	85	0	0	21	0	0	0	35	38	0	40	0	0	0	47	0	0	0	0	0	0	0	0	0	0	182	23	0	0	0	22	0	45	0	43	0	30	0	0	48	0	0	0	43	0	0	0	45	0	0	0	0	0	0	0	0	17	0	14	0	44	0
3118768	Sphingomonas sp. gentR	0	2357	1177	1094	0	0	0	2093	0	2465	0	0	0	0	0	0	0	0	0	0	0	0	0	0	0	0	0	0	0	0	0	0	0	0	501	0	0	0	0	0	0	0	694	0	0	0	0	452	0	974	0	940	0	0	0	0	0	0	0	0	0	0	0	0
3120520	Georgenia sp. M64	0	0	14	0	0	0	0	0	0	0	0	0	0	0	0	12	0	0	0	0	0	0	0	0	0	0	0	0	0	0	0	0	0	0	0	0	58	0	0	0	0	0	0	0	0	0	0	0	0	0	0	0	0	0	0	0	0	0	0	0	0	0	0	0
3122075	Ralstonia sp. RRA.1	0	106	209	0	0	58	0	42	0	31	17	0	0	0	0	0	20	0	315	0	104	0	0	0	0	204	0	169	20	0	73	0	35	0	591	0	139	0	533	0	0	187	0	0	146	0	0	0	0	50	0	0	0	98	19	0	0	0	24	0	0	0	35	0
3122079	Pseudomonas sp. MAG733B	0	0	0	0	0	0	0	0	0	0	0	13	51	0	0	0	0	0	0	0	0	0	0	0	0	0	0	0	0	0	0	0	0	0	34	0	0	0	0	0	0	0	0	0	0	0	0	0	0	0	0	0	0	0	0	0	0	0	0	0	0	0	0	0
3122375	Pseudomonas sp. ML2-2023-3	0	0	0	0	0	0	0	31	0	0	0	0	38	0	0	0	0	0	0	0	0	0	0	0	0	0	0	0	0	0	0	0	0	0	0	0	0	0	0	0	0	0	0	0	0	0	0	0	0	0	0	0	0	0	0	0	0	0	0	0	0	0	0	0
3123041	Massilia sp. METH4	0	0	0	0	0	0	0	0	0	0	0	0	0	0	0	0	0	0	0	0	0	0	0	0	0	0	0	0	0	0	0	0	0	0	0	0	258	0	0	0	0	0	0	0	0	0	0	0	0	0	0	0	0	0	0	0	0	0	0	0	0	0	0	0
3127459	Pseudomonas sp. RSB 5.4	0	0	0	0	0	0	0	0	0	0	0	20	39	0	0	0	0	0	0	0	0	0	0	0	0	0	0	0	0	0	0	0	0	0	22	0	0	0	0	0	0	0	0	0	0	0	0	0	0	0	0	0	0	0	0	0	0	0	0	0	0	0	0	0
3128900	Spirosoma sp. SC4-14	0	0	0	42	0	0	0	0	0	0	0	0	0	0	0	0	91	0	0	0	0	0	0	0	0	0	0	0	0	0	0	0	0	0	0	0	0	0	0	0	0	0	56	0	0	0	0	0	0	0	0	0	0	0	0	0	0	0	0	0	0	0	0	0
3133721	Sediminicoccus sp. KRV36	0	0	0	0	0	0	0	0	19	0	0	0	0	0	0	0	0	0	0	0	0	0	0	0	0	0	0	0	0	0	0	0	0	0	0	0	25	0	0	0	0	0	0	0	0	0	0	0	0	0	0	0	0	0	0	0	0	0	0	0	0	0	0	0
3134896	Nostoc sp. UHCC 0302	0	0	0	0	0	0	0	0	0	0	0	0	0	0	0	0	0	0	0	0	0	0	0	0	0	0	0	0	0	0	0	0	0	0	0	0	0	0	0	0	0	0	0	0	0	0	0	77	0	0	0	0	0	0	0	0	0	0	0	0	0	0	0	0
3135254	Pseudomonas sp. LPB4.O	0	52	41	0	0	0	0	29	0	0	0	0	0	0	0	0	0	0	0	0	0	0	0	0	0	0	0	0	0	0	0	0	0	0	23	0	46	0	0	0	0	0	0	0	36	0	0	0	0	0	0	0	0	0	0	0	0	0	0	0	0	0	0	0
3135255	Microbacterium sp. LWH10-1.2	0	0	0	28	0	0	0	0	0	0	0	0	0	0	0	0	0	0	0	0	0	0	0	0	0	218	0	0	0	0	0	0	0	0	0	0	130	0	0	0	0	0	25	0	0	0	0	0	0	0	0	0	0	0	0	0	0	0	0	0	0	0	0	0
3135257	Microbacterium sp. LWH7-1.2	0	0	0	0	0	0	0	0	0	0	0	0	0	0	0	0	0	0	0	0	0	0	0	0	0	88	0	0	0	0	0	0	0	0	0	0	0	0	0	0	0	0	0	0	0	0	0	0	0	0	0	0	25	0	0	0	0	0	0	0	0	0	0	0
3135258	Microbacterium sp. LWH11-1.2	0	0	0	36	0	0	0	0	0	0	0	0	0	0	0	0	0	0	0	0	0	0	0	0	0	263	0	0	0	0	0	0	0	0	0	0	0	0	0	0	0	0	22	0	0	0	0	0	0	0	0	0	0	0	0	0	0	0	0	0	0	0	0	0
3135260	Microbacterium sp. LWH13-1.2	0	0	0	53	0	0	0	0	0	0	0	0	0	0	0	0	0	0	0	0	0	0	0	0	0	454	0	0	0	0	0	0	0	0	0	0	0	0	0	0	0	0	67	0	0	0	0	0	0	0	0	0	0	0	0	0	0	0	0	0	0	0	0	0
3135262	Microbacterium sp. LWO13-1.2	0	0	0	17	0	0	0	0	0	0	0	0	0	0	0	0	0	0	0	0	0	0	0	0	0	160	0	0	0	0	0	0	0	0	0	0	0	0	0	0	0	0	15	0	0	0	0	0	0	0	0	0	0	0	0	0	0	0	0	0	0	0	0	0
3135263	Microbacterium sp. LWO14-1.2	0	192	0	14673	0	0	0	0	0	0	0	0	0	0	0	0	0	0	0	0	0	0	0	0	115	70835	0	0	0	0	0	0	30	0	0	0	194	0	0	0	0	0	15506	0	0	0	108	0	0	0	0	0	0	0	0	0	0	0	0	0	0	0	0	0
3136731	Salinicoccus sp. Bachu38	0	31	0	0	0	0	0	0	0	0	0	0	0	0	0	0	0	0	0	0	0	0	0	0	0	0	0	0	0	0	0	0	17	0	0	0	16	0	0	0	0	0	0	13	79	0	0	0	0	0	0	0	0	15	0	0	0	0	0	0	0	13	0	0
3137368	Yoonia sp. G8-12	0	0	0	0	0	0	0	0	0	0	0	0	0	0	0	0	0	0	0	0	0	0	0	0	0	0	0	110	0	0	0	0	71	0	47	0	195	0	0	0	0	95	0	0	0	0	0	0	0	0	0	0	0	0	0	0	0	0	0	0	0	0	0	0
3137370	Yoonia sp. SS1-5	0	0	0	0	0	0	0	0	0	0	0	0	0	0	0	0	0	37	61	0	0	0	0	0	0	0	0	0	0	0	0	0	0	0	0	0	0	0	0	0	0	0	0	0	0	0	0	0	0	0	0	0	0	0	0	0	0	0	0	0	0	0	0	0
3139142	Pseudomonas sp. RC10	0	0	0	0	0	0	0	0	0	0	0	0	0	0	0	26	0	0	0	0	0	0	0	0	0	0	0	0	0	0	0	0	0	0	0	0	0	0	0	0	0	0	0	0	0	0	0	0	0	0	0	0	0	0	0	0	0	0	0	0	0	0	0	0
