taxonomy_id	name	SRR17140442	SRR17140443	SRR17140444	SRR17140445	SRR17140446	SRR17140447	SRR17140448	SRR17140449	SRR17140450	SRR17140451	SRR17140452	SRR17140453	SRR17140454	SRR17140455	SRR17140456	SRR17140457	SRR17140458	SRR17140459	SRR17140460	SRR17140461	SRR17140462	SRR17140463	SRR17140464	SRR17140465	SRR17140466	SRR17140467	SRR17140468	SRR17140469	SRR17140470	SRR17140471	SRR17140472	SRR17140473	SRR17140474	SRR17140475	SRR17140476	SRR17140477	SRR17140478	SRR17140479	SRR17140480	SRR17140481	SRR17140482	SRR17140483	SRR17140484	SRR17140485	SRR17140486	SRR17140487	SRR17140488	SRR17140489	SRR17140490	SRR17140491	SRR17140492	SRR17140493	SRR17140494	SRR17140495	SRR17140496	SRR17140497	SRR17140498	SRR17140499	SRR17140500	SRR17140501	SRR17140502	SRR17140503	SRR17140504	SRR17140505
6	Azorhizobium	0	0	0	0	0	0	0	20	0	0	0	0	0	134	83	0	0	0	0	0	0	0	0	0	0	0	0	0	0	0	0	0	64	0	0	0	0	0	0	0	0	0	0	0	0	0	0	0	0	0	0	0	0	0	0	0	0	0	0	0	0	13	0	0
10	Cellvibrio	0	0	0	0	0	0	0	0	0	0	0	0	0	0	0	0	0	0	0	0	0	0	64	0	30	48	0	0	0	24	0	0	54	0	0	0	0	0	0	0	0	49	0	0	0	0	0	0	0	0	34	635	0	0	0	22	0	0	0	0	0	0	0	0
20	Phenylobacterium	0	0	0	0	0	0	0	0	0	0	0	0	0	168	85	0	0	0	0	22	0	0	14	0	26	93	0	0	16	27	24	49	37	0	45	0	0	0	0	0	39	39	0	0	0	0	230	0	0	0	25	277	23	0	0	0	0	0	0	0	0	0	0	0
22	Shewanella	156	56	74	0	0	0	38	148	0	0	0	161	0	0	0	0	0	0	0	0	0	0	0	0	0	124	0	132	0	0	0	0	0	0	0	0	0	0	0	70	0	0	0	179	0	0	0	0	0	0	0	0	0	0	43	0	0	0	0	0	0	81	0	0
32	Myxococcus	0	0	0	0	0	0	0	0	0	0	0	0	0	0	0	0	0	11	0	0	0	0	0	0	0	0	0	0	0	0	0	0	0	0	0	0	35	0	0	0	0	0	0	0	0	0	0	0	0	0	0	0	0	0	0	0	0	0	0	0	0	0	0	0
47	Archangium	0	0	0	0	0	0	0	0	0	0	0	0	0	0	0	0	0	0	0	0	0	0	0	0	0	0	0	0	0	0	0	0	0	0	0	0	19	0	0	0	0	0	0	0	0	0	0	0	0	0	0	0	0	0	0	0	0	0	0	0	0	0	0	0
68	Lysobacter	0	0	42	0	0	0	0	0	0	0	0	0	0	0	0	0	0	0	0	0	0	0	0	0	0	0	197	0	0	0	0	0	0	42	0	0	0	65	20	0	63	72	492	0	0	0	0	1703	0	0	0	0	451	0	0	0	0	0	0	0	0	0	0	0
71	Simonsiella	0	0	16	22	0	0	0	18	0	35	0	0	21	0	0	0	38	0	0	0	23	0	0	0	0	447	0	33	0	0	82	0	15	0	14	0	347	0	0	0	0	0	0	0	0	0	0	0	0	0	0	23	0	0	92	0	0	0	17	0	0	0	0	0
75	Caulobacter	0	0	103	0	0	0	0	51	99	0	0	0	0	32	54	0	0	132	0	169	38	0	591	0	273	365	0	139	846	155	256	83	291	235	172	169	97	22	155	0	156	508	0	0	0	57	200	22	234	29	113	4868	30	19	0	144	0	15	75	0	0	0	0	0
81	Hyphomicrobium	0	0	0	0	0	0	0	0	0	0	0	0	0	0	22	0	0	0	0	0	0	0	0	0	0	0	0	11	0	0	0	0	0	0	0	0	0	0	0	0	0	0	0	0	0	0	0	19	0	0	0	0	0	0	0	0	0	0	0	18	0	0	0	0
93	Stella	0	0	0	0	0	0	0	0	0	0	0	0	0	152	105	0	0	0	0	0	0	0	0	0	0	0	0	0	0	0	0	0	0	0	0	0	0	0	0	0	0	0	0	0	0	0	0	0	0	0	0	0	0	0	0	0	0	0	0	0	0	0	0	0
99	Ancylobacter	0	0	129	0	0	0	0	0	0	0	19	0	0	386	258	0	0	0	0	0	0	0	0	0	0	0	0	0	0	0	0	0	0	0	0	0	0	0	0	0	0	0	0	0	0	0	0	0	0	0	0	0	0	0	0	0	0	0	0	0	0	50	0	0
107	Spirosoma	0	0	0	42	0	0	0	0	0	0	0	0	0	0	0	0	91	0	0	0	0	0	0	0	0	0	0	0	0	0	0	0	0	0	0	0	0	0	0	0	0	0	56	0	0	0	0	0	0	0	0	0	0	0	0	0	0	0	0	0	0	0	0	0
118	Planctomyces	0	72	0	0	0	0	0	0	0	0	0	0	0	0	0	0	0	0	0	0	0	0	0	0	0	0	0	0	0	0	0	0	0	0	0	0	0	0	0	0	0	0	0	0	0	0	0	0	0	0	0	0	0	0	0	0	0	0	0	0	0	0	0	0
133	Methylocystis	0	18	0	0	0	0	0	0	0	0	0	0	0	473	280	0	0	0	0	0	0	0	0	0	0	0	0	0	0	0	0	0	0	0	0	0	0	0	0	0	0	22	0	0	0	0	0	0	0	0	0	0	0	0	0	0	0	0	0	0	0	0	0	0
157	Treponema	0	1098	332	0	0	654	116	1655	40	1586	155	0	248	0	49	0	438	0	0	0	404	0	0	0	0	194	0	678	35	0	322	24	643	0	411	0	5143	68	445	0	0	417	0	0	39	0	0	59	0	145	0	107	40	487	99	0	323	0	438	0	0	0	80	0
191	Azospirillum	0	0	0	0	0	0	0	0	0	0	0	0	0	214	203	0	0	0	0	0	0	0	0	0	0	0	0	0	0	0	0	0	0	0	0	0	0	0	0	0	0	0	0	0	0	0	0	0	0	0	0	0	0	0	0	0	0	0	0	0	0	0	0	0
194	Campylobacter	56	1099	2164	160	83	3089	187	1382	293	10752	5413	22	2727	0	971	58	2430	0	39	100	3481	0	38	104	0	3819	0	4484	274	27	1565	14	3016	54	2674	68	25198	0	8370	85	17	2659	0	0	273	226	0	450	0	824	46	588	297	2559	1177	70	1631	0	4577	0	1046	53	259	33
222	Achromobacter	0	0	149	255	0	0	0	0	80	0	0	0	30	0	0	0	405	0	70	0	0	0	0	0	48	0	0	0	0	0	0	0	50	195	0	0	0	0	0	0	65	91	0	32	0	0	0	32	0	0	0	77	0	0	0	0	0	0	0	0	0	622	0	0
226	Alteromonas	0	0	0	0	17	75	0	0	0	0	0	0	0	0	0	0	0	0	0	0	0	0	0	0	0	0	0	0	0	0	0	0	0	0	0	0	0	0	0	0	0	0	0	0	0	0	0	0	0	0	0	0	0	0	0	0	0	0	0	0	0	0	0	0
234	Brucella	47	108	96	0	0	0	0	646	0	0	24	438	0	0	28	214	0	0	0	188	0	0	0	0	50	0	0	0	0	0	0	0	0	87	0	0	0	0	0	0	0	36	0	436	0	0	0	294	0	0	0	0	0	25	0	0	0	0	0	0	0	0	0	60
237	Flavobacterium	0	0	199	0	0	0	0	0	0	586	0	0	140	0	0	0	83	0	0	0	0	0	51	38	46	372	0	110	55	28	0	0	0	157	0	0	0	0	165	0	63	0	0	0	0	0	0	0	0	707	58	1319	0	0	41	48	0	0	0	0	117	0	0	0
265	Paracoccus	249	7435	2512	0	536	243	72	1297	5909	173	163	267	38	94	215	936	229	0	0	133	63	325	83	0	609	493	131	4891	0	77	230	208	999	774	643	110	1441	474	458	284	66	346	115	90	273	1377	416	11405	100	167	1349	971	5314	1100	308	200	283	131	196	73	0	671	397	126
270	Thermus	0	0	226	0	52	39	0	0	33	4103	0	0	343	0	0	0	0	0	0	0	0	0	0	0	0	0	0	24	51	0	0	0	508	0	1861	0	0	0	0	0	0	0	0	0	0	0	0	0	0	82	0	47	0	0	0	0	0	0	0	0	0	61	65	0
279	Xanthobacter	31	0	0	0	0	0	0	501	0	0	0	0	0	476	341	0	0	0	0	0	0	20	0	0	0	0	0	0	0	0	0	0	0	0	0	0	0	0	0	0	0	0	0	0	0	0	0	0	0	0	0	0	0	0	0	0	0	0	0	0	0	1106	41	0
283	Comamonas	123	105	160	0	2153	86	270	543	133	105	0	1866	36	0	0	268	24	0	0	39	0	157	175	0	175	568	126	467	0	218	141	195	72	564	189	49	85	172	221	120	155	130	0	289	91	179	141	36	163	23	328	189	52	68	0	40	0	86	82	78	0	77	31	55
286	Pseudomonas	1536	45673	35181	1974	3660	5466	4701	40070	2145	31243	9687	2197318	5275396	17655	16449	2833	15618	451	1179	1027	1967	2835	1270	0	945	36936	243	11935	1954	890	20264	957	32102	16518	967801	1467	31919	1324	2994	2189	709	19827	263	2163	10029	542	1986	17768	3677	94921	9550	22947	8379	19748	2100	886	2406	1068	14879	628	4338	707	2674	1558
338	Xanthomonas	74	1456	4739	123	116	872	923	829	119	946	634	0	271	0	204	50	207	0	13	59	329	62	0	0	0	306	0	1459	355	33	2839	98	33476	36	1288	74	2118	16	1523	178	41	6307	56	157	2403	169	0	980	55	384	117	966	759	1192	109	0	266	44	1004	0	59	0	383	112
352	Azotobacter	0	0	0	0	0	0	0	0	0	0	0	0	0	24	14	0	0	0	0	0	0	0	0	0	0	0	0	0	0	0	0	0	0	0	0	0	0	0	0	0	0	0	0	0	0	0	0	0	0	0	0	0	0	0	0	0	0	0	0	0	0	0	0	0
357	Agrobacterium	0	673	432	3123	322	646	86	1154	173	138	164	132	82	191	366	256	261	0	71	56	58	0	267	0	227	693	86	2123	0	174	576	157	1973	369	1277	131	1324	225	1858	45	104	2236	476	153	81	238	2279	389	50	185	191	790	509	381	0	92	131	0	422	0	0	400	55	59
374	Bradyrhizobium	169	331	3500	1828	448	459	254	1066	331	2293	1112	0	707	4788	3545	0	199	0	221	0	0	0	0	0	0	780	0	700	0	387	592	240	1619	731	678	0	583	0	1615	200	0	2385	626	0	1172	0	252	0	544	720	371	336	331	598	0	0	97	202	390	0	0	0	722	0
379	Rhizobium	166	115	291	0	225	0	107	849	103	0	111	720	0	376	297	0	0	178	55	0	0	71	0	45	0	115	0	73	0	0	109	0	74	89	0	0	0	0	61	58	0	50	0	296	0	0	11216	667	0	0	185	188	353	0	154	0	0	0	0	0	0	469	0	66
407	Methylobacterium	9611	762	43174	12106	688	1635	209	2390	605	24916	0	2297	389	17723055	11532638	2112	135	0	0	494	0	249	423	277	285	37712	142	774	0	498	716	290	1200	1633	1092	1767	5653	409	1014	28	202	565	31613	265	0	0	183	558	2377	4744	557	249	746	818	140	124	0	212	721	290	285	10361	21134	0
413	Methylococcus	0	0	0	0	0	10	0	19	0	10	0	0	19	0	0	0	11	0	0	0	0	0	0	0	0	0	0	0	0	0	0	0	0	0	36	0	0	0	0	0	0	0	0	0	0	0	0	0	0	19	0	79	0	0	0	0	0	0	0	0	0	0	0	0
425	Methylosinus	0	0	0	0	0	0	0	0	0	0	0	0	0	17	13	0	0	0	0	0	0	0	0	0	0	0	0	0	0	0	0	0	0	0	0	0	0	0	0	0	0	0	0	0	0	0	0	0	0	0	0	0	0	0	0	0	0	0	0	0	0	0	0	0
434	Acetobacter	0	0	0	0	0	70	0	0	0	0	30	0	0	0	0	0	0	0	0	0	0	0	0	0	0	0	0	28	90	0	0	0	0	0	70	0	0	0	0	0	0	0	0	0	0	100	0	0	0	0	0	32	0	0	0	0	0	0	0	0	0	0	0	0
441	Gluconobacter	0	0	0	0	0	0	0	0	0	0	0	0	0	0	0	0	0	0	0	0	0	0	0	0	0	0	0	0	0	0	0	0	95	0	0	0	0	0	0	0	0	0	0	0	0	0	0	0	0	0	0	0	0	0	0	0	0	0	0	0	0	0	0	0
445	Legionella	0	0	0	0	0	0	0	0	0	0	0	0	0	0	0	0	0	0	0	10	0	0	0	0	0	0	0	0	0	0	0	0	0	27	0	0	0	0	16	0	0	0	0	0	0	0	0	0	0	0	0	24	0	0	0	0	0	0	0	0	0	473	0	0
469	Acinetobacter	1403	10213	6145	676	3694	8919	1079	23663	3269	5704	1128	4543	2575	312	3297	4480	3512	116	564	478	536	2400	856	193	1124	4181	185	8805	327	931	13004	1038	6891	2188	10841	821	10953	1773	3235	1002	798	6446	209	2327	2975	597	353	7038	1800	3508	4812	12340	3694	6838	1192	312	692	354	3839	187	1029	1747	847	936
475	Moraxella	202	1716	1322	71	194	168	141	1969	410	305	132	343	62	0	136	752	420	0	0	120	400	195	91	17	245	1337	99	7116	427	248	1233	98	2352	151	1374	106	1403	1541	1352	107	170	5330	37	556	511	1504	348	2065	118	1315	2084	423	7009	381	78	265	972	102	808	55	91	155	941	61
482	Neisseria	524	9562	25510	2819	1041	15855	0	16761	1044	348208	22233	387	43982	102	4037	481	15967	0	505	524	1074287	196	676	32	195	41924	0	24644	1720	0	5037	121	15516	212	17769	250	14428	132	917	1161	92	15176	0	65	3124	3239	0	3649	3279	225046	1129	12623	6278	22055	1029916	263	9638	5192	58979	0	1989	290	6643	246
497	Psychrobacter	259	240	524	0	16	0	211	72	99	0	0	0	0	0	0	0	147	0	0	0	0	0	12	0	0	779	0	18	0	0	14	0	24	0	42	0	46	0	0	0	0	147	0	23	0	12	0	20	284	0	12	0	33	29	0	0	0	0	19	0	0	18	0	0
507	Alcaligenes	0	0	32	0	0	35	0	0	0	82	0	99	59	0	0	105	1920	0	0	0	0	259	0	0	0	28	0	278	0	0	0	0	20	0	67	0	50	0	55	0	0	0	0	187	0	0	0	0	0	0	494	70	0	0	69	0	17	0	57	0	0	111	0	0
517	Bordetella	24	20	69	0	0	0	0	0	0	0	0	0	0	0	0	0	0	0	0	0	0	0	0	0	0	0	0	0	0	0	0	0	0	0	0	0	0	0	0	38	0	0	0	566	0	0	82	0	0	0	30	0	0	0	0	0	0	0	54	0	0	0	22	25
538	Eikenella	0	145	139	57	0	236	0	558	45	12859	120	0	312	0	82	0	480	0	0	0	1899	0	0	0	0	292	0	356	22	0	119	0	720	0	257	0	470	0	0	0	0	266	0	0	50	17	0	196	0	614	0	213	81	1091	2079	0	906	0	1089	0	79	0	38	0
544	Citrobacter	0	0	38	31	0	0	0	65	0	1095	0	0	5802	0	0	0	553	0	0	0	0	0	0	0	0	218	0	942	0	0	1228	0	10994	68	6416	0	648	0	425	0	0	942	0	0	0	0	0	0	0	0	0	0	0	0	0	0	0	0	0	0	0	0	0	272
547	Enterobacter	0	628	808	426	208	0	20	657	364	1055	0	262	33021	0	0	753	612	188	0	0	0	645	0	0	211	518	0	215	0	239	136	0	449	200	301	0	271	133	183	218	0	287	0	70	269	0	0	519	0	334	189	0	0	125	0	0	30	0	114	0	77	112	250	0
551	Erwinia	0	0	18	73	20	38	0	54	28	403	0	19	1000	0	23	34	999	0	19	0	0	0	0	0	0	55	0	33	0	25	16	0	58	52	48	13	0	16	25	0	0	12	0	0	0	0	0	0	0	0	30	0	0	0	0	0	0	0	10	0	0	0	0	0
561	Escherichia	376	862	5251	236	1907	506	1115	1101	4435	1760	235	630	4801	0	237	0	521	0	0	0	265	1096	0	0	0	322	0	778	753	0	677	0	435	0	258	0	856	0	1289	323	0	2031	0	1376	1772	0	455	443	0	138	304	270	2688	3744	1481	522	37011	0	1648	298	0	762	1043	703
568	Hafnia	0	0	0	0	0	0	0	0	0	0	0	0	56	0	0	0	0	0	0	0	0	0	0	0	0	0	0	0	0	0	0	0	0	0	0	0	0	0	0	0	0	0	0	0	0	0	0	0	0	0	0	0	0	0	0	0	0	0	0	0	0	0	0	0
570	Klebsiella	813	5685	5271	467	489	557	271	2716	696	9350	738	344	5814	0	638	1765	2284	0	67	0	535	1563	103	467	0	1731	0	1324	118	144	398	129	1017	0	503	127	1081	0	0	236	0	936	0	409	1933	214	0	7948	0	416	303	299	522	2171	430	59	766	0	1174	937	1391	1195	744	108
579	Kluyvera	0	0	0	0	0	0	0	0	0	0	0	0	109	0	0	0	10	0	0	0	0	0	0	0	0	0	0	0	0	0	0	0	0	0	0	0	0	0	0	0	0	0	36	0	0	0	0	0	0	0	0	0	0	0	0	0	0	0	0	0	0	0	0	0
581	Morganella	0	0	0	0	0	0	0	0	0	0	0	0	21	0	0	0	0	0	0	0	0	0	0	0	0	0	0	0	0	0	0	0	0	0	0	0	0	0	0	0	0	0	0	0	0	0	0	38	0	0	0	0	0	0	17	0	0	0	0	0	0	0	0	0
583	Proteus	0	0	76	68	0	0	0	0	0	0	0	0	42	0	0	0	0	0	0	0	0	0	0	0	0	0	0	245	0	0	17	0	33	0	22	0	84	0	0	0	0	148	139	0	0	0	0	0	0	0	0	0	0	0	0	0	0	0	0	0	0	0	0	0
586	Providencia	0	0	0	0	0	0	0	0	0	0	0	0	0	0	0	0	351	0	0	0	0	0	0	0	0	0	0	0	0	0	0	0	0	0	0	0	0	0	0	0	0	0	0	0	0	0	0	0	0	0	0	0	0	0	0	0	0	0	0	0	0	0	0	0
590	Salmonella	0	297	275	34	0	909	746	383	0	334	99	112	875	0	0	0	86	0	133	0	0	69	0	0	0	0	0	624	0	0	120	0	143	252	145	0	522	0	0	989	0	228	26	192	97	85	0	347	0	0	216	0	0	86	257	0	40	0	288	0	0	0	204	34
613	Serratia	0	94	0	0	0	40	0	0	0	117	0	0	567	0	164	0	47	0	63	0	0	0	0	0	0	0	0	0	0	0	0	0	52	0	0	0	156	0	0	0	0	246	0	0	162	0	0	0	0	0	0	0	200	733	0	0	0	0	92	0	59	0	0	0
626	Xenorhabdus	0	0	0	0	0	0	0	0	0	0	0	0	0	0	0	0	0	28	0	0	0	0	0	0	0	0	0	0	0	0	0	0	0	0	0	0	0	0	0	0	0	0	0	0	0	0	0	0	0	0	0	0	0	0	0	0	0	0	0	0	0	0	0	0
629	Yersinia	0	0	0	0	0	0	0	0	0	48	0	0	762	0	0	0	33	0	0	0	0	0	0	0	0	0	0	0	0	0	0	0	0	0	0	0	0	0	0	0	0	0	0	0	0	0	0	0	0	0	0	0	0	0	0	0	0	0	0	0	0	0	0	0
642	Aeromonas	0	0	103	0	0	0	0	0	0	0	0	0	359	0	0	0	0	0	0	0	0	0	0	0	0	85	0	175	0	0	0	0	0	0	0	0	0	0	0	0	0	0	0	0	0	0	0	0	0	0	0	0	0	0	0	0	0	0	0	0	0	0	0	935
657	Photobacterium	0	0	0	0	0	0	0	0	0	0	0	0	0	0	0	0	0	0	0	0	0	0	0	0	0	0	0	0	0	0	0	0	0	0	0	0	0	0	0	0	0	0	0	0	0	0	0	0	0	0	0	0	0	0	11	0	0	0	0	0	0	0	0	0
662	Vibrio	13	46	1058	0	0	47	0	44	20	434	17	290	6467	0	0	0	18	65	41	0	0	0	0	0	0	41	0	49	173	0	32	0	370	24	754	0	60	0	0	0	24	60	0	27	26	0	0	0	31	679	17	384	0	25	0	0	0	0	42	0	0	0	78	0
713	Actinobacillus	0	0	35	0	0	0	0	21	0	87	0	0	24	0	0	0	0	0	0	0	0	0	0	0	0	37	0	39	0	0	0	0	0	0	0	0	0	0	38	0	0	0	0	0	0	0	0	0	0	0	0	0	0	0	84	0	0	0	0	0	0	0	0	0
724	Haemophilus	1245	13473	49817	3072	1318	14727	185	694466	1697	68867	31260	1190	90043	142	4344	1199	28760	34	471	410	111342	384	893	50	197	76325	88	34018	44731	378	7473	63	55927	442	30542	354	15712	87	8983	1791	161	17422	140	196	5436	3996	281	2967	802	44573	2236	15515	2489	14868	923932	371	12813	2755	84576	124	5380	168	7766	1310
745	Pasteurella	0	0	17	0	0	14	0	249	0	141	0	0	14	0	0	0	19	0	0	0	58	0	0	0	0	17	0	21	0	0	0	0	12	0	0	0	0	0	0	0	0	22	0	0	0	0	0	0	0	0	0	30	0	14	200	0	0	0	40	0	0	0	0	0
780	Rickettsia	0	0	79	0	0	0	0	0	0	0	0	0	0	0	0	0	0	0	0	0	0	0	0	0	0	0	0	0	0	0	0	0	0	0	0	0	0	0	0	0	0	0	0	0	0	0	0	0	0	0	0	0	0	0	0	0	0	0	0	0	0	0	0	0
816	Bacteroides	0	14884	3266	0	175	1747	70	35021	2573	125977	113	40	384	0	462	1075	23565	0	30	0	510	361	25	0	0	593	0	1058	0	0	926	0	436	0	3625	0	614	878	282164	144	0	941	0	0	281	207	8334	24180	0	195	280	972	1104	4464	3639	1515	17732	0	1874	60	2287	0	0	187
830	Butyrivibrio	0	506	0	0	0	199	0	270	0	519	0	0	0	0	0	30	450	0	0	0	0	13	0	0	0	0	0	38	0	0	25	0	23	0	86	0	101	13	7707	0	0	746	0	0	0	0	35	204	0	0	0	0	0	26	142	20	262	0	18	0	22	0	0	0
836	Porphyromonas	896	1676	1078	24	0	478	498	3168	139	3523	530	15	716	0	146	58	1251	0	0	169	4450	51	0	0	0	1147	0	1759	47	0	770	36	1562	0	1278	0	1036	0	1897	27	0	1371	0	0	118	191	0	819	37	399	63	362	306	756	17812	119	1743	28	1451	0	342	21	178	23
838	Prevotella	791	7673	25585	1221	588	6615	545	11599	1270	11001	7594	438	17243	61	1430	669	9530	0	125	523	3954	219	1908	158	81	6506	48	17141	6911	128	6193	474	10664	149	12295	255	56443	350	37006	803	62	9741	23	182	2029	17904	206	2529	385	14738	2977	2941	1861	5075	9902	798	4945	205	9835	34	1267	508	5045	141
841	Roseburia	0	7972	313	0	127	1791	21	5635	1737	25733	63	0	66	0	92	443	8002	0	0	0	91	225	0	0	0	82	0	193	0	0	170	0	45	39	3589	0	107	1501	440873	0	0	179	0	0	60	74	1014	4635	0	34	177	183	137	758	2873	735	4965	0	521	0	284	0	0	51
846	Oxalobacter	0	0	0	0	0	17	0	0	0	0	0	0	0	0	0	0	0	0	0	0	0	0	0	0	0	0	0	0	0	0	0	0	0	0	0	0	0	0	4089	0	0	0	0	0	0	24	0	0	0	0	0	0	0	0	0	0	39	0	0	0	0	0	0	0
848	Fusobacterium	177	4198	7996	1249	446	32515	49	8841	1995	117666	5243	366	30152	67	1755	661	16493	0	209	161	44521	86	131	0	40	17151	37	11906	2036	90	4586	107	7126	279	8959	210	70030	159	1862	306	76	6700	54	55	837	3169	28	1678	309	7563	495	5861	1497	10227	139325	225	9620	275	30917	31	5978	176	4456	684
872	Desulfovibrio	0	66	0	0	0	24	0	139	0	314	0	0	0	0	0	0	14	0	0	0	0	0	0	0	0	0	0	0	0	0	0	0	0	0	37	0	0	0	2386	0	0	0	0	0	0	16	0	43	0	0	0	0	0	0	65	0	31	0	0	0	0	0	0	0
893	Desulfobulbus	0	0	89	0	0	47	0	0	0	0	0	0	0	0	0	0	0	0	0	0	0	0	0	0	0	0	0	0	0	0	0	0	0	0	0	0	0	0	0	0	0	0	0	0	0	0	0	0	0	0	0	0	0	0	0	0	0	0	0	0	0	0	0	0
904	Acidaminococcus	0	0	0	0	0	14	0	2161	30	2986	0	0	38	24	0	20	561	0	0	0	0	0	0	0	0	0	0	0	0	0	0	0	0	0	0	0	0	0	16	0	0	0	0	0	0	0	0	1228	0	0	0	24	0	0	0	0	76	0	56	0	0	0	0	0
906	Megasphaera	0	0	0	0	0	0	0	0	0	0	0	0	0	60	0	14	253	0	0	0	0	0	0	0	0	0	0	0	0	0	0	0	0	0	0	0	0	0	37	0	0	0	0	0	0	0	29	0	0	0	0	0	0	0	0	0	250	0	0	0	0	0	0	0
911	Nitrobacter	0	0	0	0	0	0	0	0	0	0	0	0	0	34	43	0	0	0	0	0	0	0	0	0	0	0	0	0	0	0	0	0	0	0	0	0	0	0	0	0	0	0	0	0	0	0	0	0	0	0	0	0	0	0	0	0	0	0	0	0	0	0	0	0
919	Thiobacillus	0	0	0	20	816	181	285	465	548	148	0	292	31	70	28	256	77	0	0	265	58	0	376	0	440	438	154	640	0	556	773	345	436	1451	567	274	231	343	743	0	250	240	56	0	59	63	307	177	193	44	506	137	369	61	0	244	50	70	92	0	0	0	0	0
958	Bdellovibrio	0	0	0	0	0	0	0	0	0	0	0	0	0	0	0	0	0	0	0	0	0	0	0	0	0	0	0	0	0	0	0	0	0	0	0	0	0	0	0	0	0	0	0	14	0	0	0	0	0	0	0	0	0	0	0	0	0	0	0	0	0	0	0	0
963	Herbaspirillum	0	0	0	0	148	17	30	92	69	28	0	38	0	239	64	46	21	0	0	214	0	0	112	0	73	75	24	93	0	112	35	84	293	213	61	26	51	56	158	0	22	42	0	0	0	0	47	0	35	16	66	20	22	0	0	23	0	34	60	0	0	0	0	0
970	Selenomonas	0	1028	3061	144	0	5993	0	444	58	2163	464	22	4019	0	207	0	607	0	0	0	595	0	0	0	0	479	0	1281	142	0	288	0	973	0	618	0	5552	0	127	19	0	858	0	0	487	137	0	205	0	856	13	497	312	4552	0	61	9348	0	4723	0	200	0	269	0
1013	Weeksella	0	0	15	0	0	0	0	0	0	0	0	0	0	0	0	0	0	0	0	0	0	22	0	0	0	0	0	0	0	0	0	0	0	0	569	0	0	0	0	0	0	0	0	15	0	0	0	0	0	0	123	0	0	0	0	0	0	0	56	0	0	17	0	0
1016	Capnocytophaga	157	2335	3671	999	441	6402	0	9803	1237	91364	2075	189	3381	0	1124	392	9962	0	92	252	256702	97	30	0	65	38283	0	5643	648	26	2281	36	3830	73	3849	118	12885	0	411	245	0	3798	32	0	937	158	0	1493	178	2741	131	2230	1189	11245	1107	99	3407	989	12517	0	8831	368	322	718
1033	Afipia	0	0	0	0	0	0	0	0	0	0	0	0	0	134	126	0	0	0	0	0	0	0	0	0	0	0	0	0	0	0	0	0	0	0	0	0	0	0	0	0	0	0	0	0	0	0	0	0	0	0	0	0	0	0	0	0	0	0	0	0	0	0	0	0
1041	Erythrobacter	0	0	0	0	0	0	0	188	0	0	0	0	0	0	0	0	0	0	0	0	0	0	0	0	0	0	0	26	0	0	0	0	0	0	0	0	0	0	0	0	0	0	0	0	0	0	0	58	0	0	0	0	0	0	0	0	0	0	0	0	0	0	0	0
1060	Rhodobacter	0	30	0	0	0	0	0	87	0	0	0	0	0	0	15	0	0	0	0	0	0	0	0	0	0	0	0	129	0	0	0	0	0	14	0	0	0	0	0	0	0	0	0	0	0	0	0	453	0	0	0	0	204	0	0	0	0	0	0	0	0	0	0	0
1073	Rhodopseudomonas	0	0	35	697	0	0	0	56	0	0	0	0	0	786	608	0	0	0	0	0	0	0	0	0	62	0	0	0	0	0	0	0	0	0	0	0	0	0	0	0	0	0	612	0	0	0	0	0	0	0	0	157	0	18	0	25	0	0	0	0	0	42	0	0
1081	Rhodospirillum	0	0	0	0	0	0	0	0	0	0	0	0	0	14	0	0	0	0	0	0	0	0	0	0	0	0	0	0	0	0	0	0	0	0	0	0	0	0	0	0	0	0	0	0	0	0	0	0	0	0	0	0	0	0	0	0	0	0	0	0	0	0	0	0
1111	Porphyrobacter	0	0	180	0	0	0	0	414	0	63	0	0	0	295	99	0	0	0	0	0	0	0	0	0	0	0	0	0	0	0	0	0	0	68	0	0	281	0	0	0	0	0	0	0	0	0	0	0	0	53	0	0	0	0	0	0	0	0	0	0	0	0	0	0
1129	Synechococcus	0	0	0	0	0	0	0	0	0	0	0	0	0	0	0	0	0	60	62	0	0	0	0	0	0	0	0	0	0	0	0	0	0	0	0	0	0	0	0	0	0	0	0	0	0	0	0	0	0	0	0	0	0	0	0	0	0	0	0	0	0	0	0	0
1152	Pseudanabaena	0	0	0	0	0	0	0	0	31	104	0	0	0	0	0	0	0	0	0	0	0	0	0	0	0	0	0	0	0	0	0	0	0	0	0	0	0	0	0	0	0	0	0	0	0	0	0	0	0	0	0	0	0	0	0	0	0	0	0	0	0	0	0	0
1158	Oscillatoria	0	0	0	0	0	0	0	0	0	0	20	0	0	0	0	0	0	0	0	0	0	0	0	0	0	41	0	0	0	0	0	0	0	0	0	0	0	0	0	0	0	61	0	0	0	0	0	0	0	0	0	0	0	0	0	0	0	0	0	0	0	0	0	37
1177	Nostoc	0	0	0	0	0	0	0	0	0	0	0	0	0	0	0	0	0	0	0	0	0	0	0	0	0	0	0	0	0	0	0	0	0	0	0	0	0	0	0	0	0	0	0	0	0	0	0	835	0	0	0	0	0	0	0	0	0	0	0	0	0	0	0	656
1218	Prochlorococcus	0	0	0	0	0	0	0	0	0	0	0	0	141	0	0	0	0	0	0	0	0	0	0	0	0	0	0	0	0	0	0	0	0	0	0	0	12	0	0	0	0	0	0	0	0	0	0	0	0	0	0	0	0	0	0	0	0	0	0	0	0	0	0	0
1243	Leuconostoc	151	0	5072	547	26	1652	0	127	89	5595	52	517	100940	0	128	612	16529	0	52	0	0	38573	0	4401	79	0	0	349	4579	0	123	0	1116	0	1591	0	1064	0	68	1033	0	615	0	463	0	22	0	21	15	972	0	930	0	197	0	0	56	0	0	0	38	1333	66	155
1253	Pediococcus	0	150	240	0	0	58	0	68	0	300	0	1213	25798	0	42	0	29	0	0	23	163	0	33	0	0	123	0	538	693	0	669	0	2682	480	58455	22	5343	0	296	0	0	390	0	0	0	286	0	98	0	712	143	2767	61	326	40	0	21	0	66	0	0	0	0	0
1257	Peptostreptococcus	0	0	0	0	0	35	0	28	0	12	15	0	14	0	0	0	20	0	0	0	0	0	0	0	0	0	0	12	0	0	0	0	0	0	0	0	10	0	0	0	0	0	0	0	0	17	0	10	0	0	0	0	0	0	35	0	19	0	0	0	0	0	0	0
1263	Ruminococcus	0	28197	583	0	435	6338	0	14291	319	24169	51	14	347	0	621	1445	30024	0	23	0	374	1288	0	0	22	291	0	709	0	0	509	0	96	16	3849	0	321	899	440223	0	0	288	0	0	14	243	1913	6919	0	215	22	632	519	2227	6872	3882	21063	0	5405	24	2956	0	0	340
1266	Sarcina	0	0	0	0	0	0	0	0	0	0	0	0	0	0	0	93	29	0	0	0	0	0	0	0	0	0	0	0	0	0	0	0	0	0	0	0	0	0	0	0	0	0	0	0	0	0	0	0	0	0	0	0	35	0	0	88	0	0	0	0	0	0	0	0
1269	Micrococcus	775	4334	4074	311	688	15540	100	7296	897	2364	537	328	563	212	4154	1278	6264	0	170	186	373	1678	9283	305	205	948	124	16817	280	156	2708	174	992	323	6774	177	6854	1171	584	1389	181	1324	0	485	1470	15763	486	9609	247	1151	665	3823	10243	20909	205	182	935	366	14646	82	218	201	2583	210
1279	Staphylococcus	10950	1516208	757414	88689	128872	1126054	9294	1008789	12077	254143	198218	12405	420731	28254	296840	66619	1965852	2778	27051	9386	139102	721030	86367	975	6380	504766	4594	2046524	91007	23663	1593159	4375	748684	25147	831570	117717	6959638	3615	1226838	39117	10322	2168780	18509	14582	620600	569614	21131	455278	30638	849679	11148	240516	181006	852749	1202698	77908	2342787	5787	536302	18021	116366	35197	633281	38639
1298	Deinococcus	46	291	80	18	0	176	0	534	0	220	50	91	0	0	56	0	379	0	0	0	0	0	0	0	0	56	0	89	36	0	0	0	603	0	28	0	100	0	0	0	0	271	0	1272	665	0	0	228	0	0	0	41	877	169	57	0	0	0	0	0	0	60	128	96
1301	Streptococcus	29554	183732	276130	25161	27766	120065	11238	2020640	11057	361015	287799	6520	731809	912	27812	6229	142290	209	2197	3358	303368	3728	3759	1997	1046	222134	817	283424	256135	2257	49010	1709	277924	3922	254995	27128	299553	1637	55289	8108	956	114891	751	1263	32235	39675	857	19974	8505	612161	10280	114310	21936	133299	582085	2131	60946	29311	645467	2317	62819	4643	141617	3295
1350	Enterococcus	22	2585	1242	16	149	230	1543	4256	32	905	327	62	291	0	165	97	1310	0	0	14	217	331	0	40	0	195	0	283	1749	0	515	0	1715	199	2609	0	1219	22	11566	597	0	299	0	83	783	170	408	549	198	193	784	338	64	277	1304	411	10549	0	260	359	112	0	341	190
1357	Lactococcus	4627	6881	113133	248	390	7040	156	3877	4576	237084	11075	9449	86960	128	2955	539	8408	0	177	128	2079	57809	41	19331	88	2107	36	13179	325953	51	3393	308	89942	4466	683363	532	16627	210	25306	3751	168	12540	0	249	1859	641	0	4007	1826	42369	3459	71288	842	5098	624	66	756	131	2071	104	1941	5669	7587	1171
1372	Planococcus	0	0	404	0	0	0	0	0	0	0	0	0	0	0	0	0	0	0	0	0	0	0	0	0	0	57	0	0	0	0	0	0	0	54	0	0	0	0	0	0	0	0	0	0	71	0	0	0	0	0	0	0	0	0	0	0	0	0	0	0	0	106	0	0
1375	Aerococcus	91	10030	970	0	146	92	42	18580	57	55	113	1123	0	0	39	34	220	0	0	0	0	106	0	0	0	59	0	621	14	0	301	0	338	0	375	0	395	0	2174	137	0	628	0	213	130	0	63	4385	0	34	0	0	57	593	31	0	440	0	46	175	40	45	154	274
1378	Gemella	2182	4668	17004	4952	359	5221	15	6140	1008	31180	35447	460	35594	29	1878	469	8863	0	156	228	3754	171	205	133	48	14425	36	14346	16304	126	2966	78	12596	287	17013	322	18915	52	1544	1414	33	6520	64	55	1135	1522	60	1187	516	31808	484	9892	1101	6519	129773	392	7731	1443	29536	56	1831	265	14312	104
1386	Bacillus	193	910	5382	149	81	272	314	1353	129	1470	393	531	19913	72	389	0	242	1764	436	0	92	394	76	67	0	109	0	405	11253	0	281	0	2069	88	3377	65	1421	0	316	9711	0	442	124	2335	1412	0	188	3016	0	1134	265	810	300	323	170	0	110	0	166	192	0	70	1016	196
1485	Clostridium	248	2658	16334	767	466	3685	213	2144	1217	17730	512	14940	347635	0	283	2085	4356	0	27	26	180	306	0	10	0	875	0	1088	5932	0	554	55	13622	656	16443	26	1009	31	12459	52	23	1657	100	16	117	165	262	1997	426	12456	689	5368	447	519	725	6525	3148	0	804	76	100	0	6680	105
1569	Sporosarcina	0	0	0	0	0	0	0	0	0	0	0	0	0	0	0	0	23	0	0	0	0	0	0	0	0	0	0	0	0	0	0	0	0	0	65	0	0	0	0	0	0	16	0	0	0	0	0	86	0	0	0	0	0	0	0	0	0	0	0	0	0	0	0	0
1573	Clavibacter	0	0	0	0	0	0	0	0	0	0	0	0	0	0	0	0	0	0	0	0	0	0	0	0	0	80	0	0	0	0	0	0	0	0	0	0	3174	0	0	0	0	0	0	0	0	0	0	0	0	0	0	0	259	0	0	0	0	0	0	0	0	0	0	0
1578	Lactobacillus	326	7843	21967	40	143	1418	16	513	217	3497	1075	94	787	0	96	317	1052	0	0	0	13	4824	0	11	24	1984	108	21642	5970	148	7115	89	18547	345	16221	301	16369	377	115535	263	92	11516	0	72	702	0	125	179	82	3423	0	449	56	509	73093	652	6149	0	1774	0	1987	72	340	2322
1637	Listeria	0	0	0	0	0	0	356	0	0	0	0	0	35	0	0	0	0	0	0	0	0	0	0	0	0	0	0	0	0	0	0	0	0	0	35	0	546	0	0	0	0	0	0	0	0	0	0	0	0	0	1356	0	0	0	0	0	0	0	0	335	0	0	0	0
1647	Erysipelothrix	0	0	0	0	0	0	0	0	0	0	0	0	0	0	0	0	25	0	0	0	0	0	0	0	0	0	0	21	0	0	0	0	13	0	0	0	0	0	31	0	0	0	0	0	0	0	0	0	0	0	0	0	0	0	0	0	12	0	0	0	0	0	0	0
1649	Kurthia	169	0	0	0	0	0	0	0	0	0	0	0	0	0	0	0	0	0	0	0	0	0	0	0	0	0	0	0	0	0	0	0	0	0	0	0	0	0	0	0	0	0	0	0	0	0	0	0	0	0	0	0	0	0	0	0	0	0	0	0	0	0	0	0
1654	Actinomyces	1359	18017	25631	26173	2960	35958	760	37406	2114	59127	7773	535	67727	133	9739	848	55331	0	1167	1054	30483	655	216	214	350	215745	117	85461	2465	157	11135	138	29406	588	33094	2705	230171	498	3059	461	118	81290	133	272	6026	8320	142	9883	348	49004	448	25435	7151	59226	16387	150	25249	2038	101789	1020	4133	3696	4830	5291
1663	Arthrobacter	30	88	0	0	0	0	51	0	46	0	0	54	0	0	0	0	40	0	0	0	0	0	0	0	0	121	0	0	0	0	0	0	0	0	0	0	368	0	0	0	0	0	0	0	0	0	0	0	0	0	0	0	0	36	0	0	0	0	0	0	0	0	24	0
1678	Bifidobacterium	0	1036	690	21	40	8768	116	6168	99	4610	317	0	969	323	163	193	8003	29	28	0	69	110	15	0	0	146	0	158	56	0	153	0	99	0	97	0	179	0	5557	0	0	170	0	0	77	229	895	6739	0	60	18	512	350	521	506	75	6704	0	701	20	843	0	825	12
1696	Brevibacterium	0	824	930	0	0	1264	0	569	0	137	32	47	122	0	123	132	397	89	37	0	0	131	82	0	0	222	0	641	1169	26	134	0	130	19	223	0	966	0	142	425	0	143	0	111	116	42	16686	155	30	90	0	163	129	233	69	23	428	0	66	0	0	106	74	0
1707	Cellulomonas	0	79	1624	0	0	0	0	0	0	0	0	0	0	0	0	0	0	0	15	0	0	0	17	0	143	196	0	25	27	0	13	0	33	16	30	0	1257	0	0	0	0	22	0	0	0	58	97762	522	19	0	0	214	0	0	0	0	0	0	244	0	0	198	0	0
1716	Corynebacterium	1441	645731	150717	55172	9759	145624	2127	429657	5274	92274	40587	1339	60146	15739	98161	9014	446897	623	19903	7193	37169	77533	5496	501	1541	172700	514	248473	3461	42903	273256	697	118365	11646	126373	47824	1676493	1617	388743	8214	2269	596778	3881	4584	204458	32800	3514	96342	1048	74962	3056	43787	79957	255203	215443	24205	1272883	1532	112243	1827	24282	2083	44334	19212
1730	Eubacterium	0	1612	13	0	18	391	21	1810	57	3348	0	0	0	0	12	48	1984	0	0	0	0	217	0	0	0	0	0	17	0	0	22	0	0	0	96	0	0	14	11405	0	0	23	0	0	0	0	64	638	0	0	0	17	13	57	298	113	1244	0	50	0	34	0	0	0
1743	Propionibacterium	143	245	878	152	0	248	0	85	0	208	22	13	276	0	34	33	804	0	0	150	227	33	34	0	21	608	0	562	2511	0	128	0	94	0	315	0	192	0	78	0	0	263	104	13	12	192	0	140	0	80	0	173	107	268	22	38	91	0	64	0	183	64	557	20
1763	Mycobacterium	85	0	56	1421	95	66	18	77	92	0	0	51	0	63	70	66	0	0	0	27	0	0	534	0	23	118	0	116	0	54	97	24	78	127	100	20	169	46	79	63	0	43	1447	0	0	0	0	27	0	0	106	0	36	0	0	0	0	0	0	0	0	0	0	0
1813	Amycolatopsis	0	0	0	0	0	0	0	0	0	0	0	0	0	63	76	0	0	0	30	0	0	0	0	0	0	0	0	0	0	0	0	0	0	0	0	0	485	0	0	0	0	0	0	0	0	0	141	0	0	0	0	0	0	0	0	0	0	0	0	0	0	0	0	0
1817	Nocardia	0	0	35	0	0	0	0	0	0	45	0	0	0	15	29	0	0	0	0	0	0	0	0	0	0	26	0	0	0	0	0	38	0	0	0	0	240	0	0	0	0	0	0	0	0	0	0	0	0	0	0	0	29	0	0	0	0	0	0	0	0	16	0	0
1827	Rhodococcus	2084	220	1229	963	379	387	0	512	2782	463	0	88	0	116	103	202	186	0	0	0	0	278	62	288	0	498	0	169	0	35	145	0	46	84	96	0	414	0	94	0	0	239	865	212	491	0	0	128	0	0	146	0	80	197	0	0	0	0	59	0	135	77866	269	1451
1835	Saccharopolyspora	0	0	28	0	0	0	0	0	26	0	0	0	0	0	30	0	0	0	0	0	0	0	0	0	0	0	0	0	0	0	27	0	0	13	0	0	150	0	0	0	0	30	0	0	0	0	35	0	0	0	0	0	0	0	0	0	0	0	0	0	0	0	0	0
1839	Nocardioides	0	3492	233	0	0	180	0	432	537	112	0	0	0	0	119	270	59	0	0	29	0	54	0	0	0	782	0	60	0	0	0	0	0	0	98	223	170231	0	212	0	0	0	0	0	124	537	20076	539	69	114	502	0	83	342	0	0	71	63	119	0	0	0	86	0
1847	Pseudonocardia	0	77	33	0	0	0	0	0	29	0	0	0	0	0	0	0	0	0	0	0	0	0	0	0	16	52	0	0	0	0	13	0	0	31	17	0	412	0	39	0	0	0	0	0	53	0	136	73	26	0	47	0	0	0	0	0	0	0	0	0	0	0	0	0
1854	Frankia	0	0	0	0	0	0	0	0	0	0	0	0	0	0	0	0	0	0	0	0	0	0	0	0	0	0	0	0	0	0	0	0	0	0	0	0	22	0	0	0	0	0	0	0	0	0	0	0	0	0	0	0	0	0	0	0	0	0	0	0	0	0	0	0
1860	Geodermatophilus	0	0	69	41	0	0	0	0	0	0	0	0	0	0	0	0	0	0	0	0	0	0	0	0	0	0	0	0	0	0	0	0	0	0	0	0	7619	0	0	0	0	0	311	0	0	0	42	670	0	0	0	0	0	0	0	0	0	0	0	0	0	0	31	0
1865	Actinoplanes	0	234	0	0	0	0	0	83	0	0	0	0	0	32	0	0	0	0	0	0	0	0	0	0	0	89	0	0	0	0	0	0	0	0	0	0	511	0	0	0	0	0	0	0	0	0	8937	0	0	0	0	0	0	0	0	0	0	0	0	0	0	0	0	0
1873	Micromonospora	0	0	847	0	0	0	0	0	0	0	0	40	0	0	49	0	0	0	0	0	0	0	0	0	0	0	0	0	0	0	0	0	0	0	0	0	803	0	0	0	0	0	0	0	0	0	8499	0	0	0	0	0	0	0	0	0	0	0	0	92	0	0	0	0
1883	Streptomyces	48	548	1233	428	0	501	0	246	372	543	170	42	442	1230	1303	0	215	266	272	0	43	80	0	0	134	725	0	204	108	0	74	0	752	0	390	0	6085	0	0	0	0	206	369	107	0	0	6029	0	61	4584	1716	227	0	252	116	0	98	0	326	0	0	92	217	0
1988	Actinomadura	0	0	0	0	0	0	0	0	44	0	0	0	0	0	0	0	0	0	0	0	0	0	0	0	0	0	0	0	0	0	0	0	0	0	0	0	175	0	0	0	0	0	0	0	0	0	57	0	0	0	0	0	0	0	0	0	0	0	0	0	0	0	0	0
2000	Streptosporangium	0	0	0	0	0	0	0	0	0	0	0	0	0	0	0	0	0	0	0	0	0	0	0	0	0	0	0	0	0	0	74	0	0	0	0	0	45	0	0	0	0	0	0	0	0	0	0	0	0	0	0	0	0	0	0	0	0	0	0	0	0	0	0	0
2005	Microbispora	0	0	0	0	0	0	0	0	0	0	0	0	0	0	0	0	0	0	0	0	0	0	0	0	0	0	0	0	0	0	0	0	0	0	0	0	56	0	0	0	0	0	0	0	0	0	0	0	0	0	0	0	0	0	0	0	0	0	0	0	0	0	0	0
2013	Nocardiopsis	0	0	0	0	0	0	0	0	0	0	0	0	0	0	0	0	0	0	0	0	0	0	0	0	0	0	0	0	0	0	0	0	0	0	16	0	35	0	0	0	0	0	0	0	0	0	0	0	0	0	0	0	0	0	0	0	0	0	0	0	0	0	139	0
2019	Thermomonospora	0	0	0	0	0	0	0	0	0	0	0	0	0	0	0	0	0	0	0	0	0	0	0	0	0	0	0	0	0	0	0	0	0	0	0	0	35	0	0	0	0	0	0	0	0	0	0	0	0	0	0	0	0	0	0	0	0	0	0	0	0	0	0	0
2023	Thermoactinomyces	0	46	0	0	0	0	0	0	0	0	0	0	0	0	0	0	0	0	0	0	0	0	0	0	0	0	0	0	0	0	0	0	0	0	0	0	0	0	0	0	0	0	0	0	0	0	0	0	0	0	0	0	42	0	0	0	0	0	0	0	0	0	0	0
2029	Kibdelosporangium	0	0	0	0	0	0	0	0	0	0	0	0	0	0	0	0	0	0	0	0	0	0	0	0	0	0	0	0	0	0	0	0	0	0	0	0	39	0	0	0	0	0	0	0	0	0	0	0	0	0	0	0	0	0	0	0	0	0	0	0	0	0	0	0
2034	Curtobacterium	0	1728	372	1316	0	0	0	0	0	0	0	0	129	0	193	204	4471	0	18	0	0	0	0	0	0	355	0	0	0	0	0	0	0	0	477	0	10288	0	56	0	0	0	698	0	183	0	0	254	0	947	0	0	0	0	0	0	34	0	0	0	0	0	0	0
2038	Tropheryma	0	0	0	0	0	0	0	0	0	0	0	0	0	0	0	0	0	0	0	0	0	0	0	0	0	0	0	0	0	0	0	0	0	0	0	0	10	0	0	0	0	0	0	0	0	0	0	0	0	0	0	0	0	0	0	0	0	0	0	0	0	0	0	0
2040	Aeromicrobium	0	0	0	0	0	0	0	100	0	0	0	0	0	0	0	353	0	0	0	0	0	38	0	0	0	35	0	0	0	0	0	0	0	0	0	0	330	0	0	0	0	0	0	0	0	0	2521	0	0	0	0	0	0	0	0	0	0	0	0	0	0	0	0	0
2044	Pimelobacter	0	78	0	0	0	0	0	0	0	0	0	0	0	0	0	0	0	0	0	0	0	0	0	0	0	0	0	0	0	0	0	0	0	0	0	0	826	0	0	0	0	0	0	0	0	0	1175	0	0	0	0	0	0	0	0	0	0	0	0	0	0	0	0	0
2050	Mobiluncus	0	246	53	0	0	77	0	189	0	37	0	0	0	0	33	0	93	0	0	0	44	25	0	0	0	21	0	146	0	0	83	0	95	0	90	0	186	0	311	0	0	389	0	0	46	0	0	11	0	12	0	12	44	79	44	0	386	0	18	0	15	0	0	0
2053	Gordonia	239	83	309	2692	0	26	24	154	58	44	50	0	0	0	0	98	21	0	32	13	24	0	19	0	50	1241	0	155	49	29	37	0	44	19	107	14	294	87	49	34	53	265	5318	0	59	47	0	207	48	21	29	0	596	102	0	55	26	38	39	0	0	1060	307	80
2060	Tsukamurella	0	0	0	0	0	0	0	0	0	0	0	0	0	22	11	0	0	0	0	0	0	0	0	0	0	0	0	0	0	0	0	0	0	0	0	0	56	0	0	0	0	0	0	80	0	0	0	0	0	0	0	0	0	0	0	0	0	0	0	0	0	0	0	0
2063	Kitasatospora	0	0	0	0	0	0	0	0	0	0	0	0	0	0	0	0	0	61	58	0	0	0	0	0	0	0	0	0	0	0	0	0	0	0	0	0	623	0	0	0	0	0	0	0	0	0	0	0	0	0	0	0	0	0	0	0	0	0	0	0	0	0	0	0
2071	Saccharothrix	0	0	0	0	0	0	0	0	0	0	0	0	0	0	0	0	0	0	0	0	0	0	0	0	0	0	0	0	0	0	0	0	0	0	0	0	154	0	0	0	0	0	0	0	0	0	69	0	0	0	0	0	0	0	0	0	0	0	0	0	0	0	0	0
2129	Ureaplasma	0	0	0	0	0	0	0	0	0	0	0	0	0	0	0	0	0	0	0	0	0	0	0	0	0	0	0	24	0	0	0	0	12	0	0	0	0	0	182	0	0	34	0	0	0	0	0	0	0	0	0	33	0	0	0	0	0	0	0	0	0	0	0	0
2132	Spiroplasma	0	0	0	0	0	0	0	0	0	0	0	0	0	0	0	0	0	0	0	0	0	0	0	0	0	0	0	0	0	0	0	0	0	0	33	0	0	0	0	0	0	0	0	0	0	0	0	0	0	0	0	0	0	0	0	0	0	0	0	0	0	0	0	0
2172	Methanobrevibacter	0	0	0	20	565	21852	0	197	0	17	0	0	253	0	19	0	188	0	0	0	433	89	0	0	0	0	0	25	0	0	228	0	0	0	167	0	118	0	118	0	0	89	20	0	0	59	0	225	0	43	0	0	29	98	590	1234	22337	0	0	0	0	0	0	0
2289	Desulfobacter	0	0	0	0	0	0	0	0	0	0	0	0	0	0	0	0	0	0	0	0	0	0	0	0	0	0	0	0	0	0	0	0	0	0	0	0	0	0	54	0	0	0	0	0	0	0	0	0	0	0	0	0	0	0	0	0	0	0	0	0	0	0	0	0
2299	Desulfosarcina	0	0	0	0	0	0	0	0	0	0	0	0	0	0	0	0	0	20	38	0	0	0	0	0	0	0	0	0	0	0	0	0	0	0	0	0	0	0	0	0	0	0	0	0	0	0	0	0	0	0	0	0	0	0	0	0	0	0	0	0	0	0	0	0
2316	Methanosphaera	0	0	0	0	125	6744	0	107	0	0	0	0	0	0	0	0	11	0	0	10	42	0	0	0	0	0	0	0	0	0	0	0	0	0	0	0	0	0	0	0	0	0	0	0	0	72	0	50	0	0	0	29	0	20	0	33	249	0	0	0	0	0	0	0
2349	Haliscomenobacter	0	0	0	0	0	0	0	0	104	35	0	0	0	0	0	0	0	0	0	0	0	0	0	0	0	0	0	0	0	0	0	0	0	0	0	0	0	0	0	0	0	0	0	0	0	0	0	0	0	0	0	0	0	0	0	0	0	0	0	0	0	0	0	0
2701	Gardnerella	194	1866	6937	19	401	34	0	1275	1066	82	440	93	34	0	104	1818	2158	0	0	0	19	1514	0	73	129	89	144	467	372	36	151	205	86	66	677	26	170	805	421	1145	0	202	0	411	790	0	800	127	0	44	222	21	134	110	1970	68	308	64	178	104	25	192	329	67
2717	Cardiobacterium	0	481	463	90	39	3326	0	703	56	7136	113	20	2186	0	370	24	3209	0	39	0	956	0	0	0	0	617	0	1198	62	0	429	0	4166	0	778	0	1663	0	80	15	0	926	0	0	182	218	0	180	19	1434	0	455	160	1616	379	0	2383	12	1565	0	152	47	144	1343
2737	Vagococcus	0	46	0	0	0	0	0	0	0	0	0	0	49	0	0	0	0	95	43	0	0	0	0	0	0	0	0	11	0	0	0	0	0	0	30	0	43	0	43	0	0	0	0	0	24	0	0	0	0	0	0	0	25	15	0	0	0	0	0	0	0	0	0	0
2745	Halomonas	0	0	0	0	0	0	0	0	0	0	0	0	0	0	0	0	0	0	0	0	0	0	0	0	0	0	0	951	0	0	0	0	0	0	0	0	0	0	0	0	0	0	22	0	0	0	0	0	0	0	0	0	0	0	0	0	0	0	0	0	0	0	0	0
2747	Carnobacterium	0	0	36	0	0	0	0	0	98	12	0	0	51	0	0	0	0	0	0	0	0	0	0	0	0	125	0	0	40	0	0	0	0	0	75	0	13	0	0	0	0	0	0	0	0	0	0	0	20	43	0	13	0	0	20	0	0	0	0	0	0	0	104	0
2755	Brochothrix	0	0	28	10	0	0	0	14	11	27	0	0	21	0	0	0	52	0	0	0	0	0	0	0	0	30	0	0	0	0	38	0	0	12	14	0	0	0	0	0	0	45	0	0	11	0	0	0	0	0	0	0	12	62	0	0	13	0	0	0	0	0	162	0
4895	Schizosaccharomyces	0	0	0	0	2486	2305	0	0	655	404	0	0	0	0	0	0	0	829	780	0	0	0	0	0	0	0	0	0	0	0	0	0	0	0	0	0	0	0	0	0	0	0	0	0	0	0	0	0	0	0	0	0	0	0	0	0	0	0	0	0	0	0	0	0
4910	Kluyveromyces	0	0	0	0	0	0	0	0	0	0	0	0	0	0	0	0	0	928	708	0	0	0	0	0	0	0	0	0	0	0	0	0	0	0	0	0	29	0	0	0	0	0	0	0	0	0	0	0	0	0	0	0	0	0	0	0	0	0	0	0	0	0	0	0
4919	Pichia	0	0	0	0	0	0	0	0	0	0	0	0	0	0	0	0	0	8229	7273	0	0	0	0	0	0	0	0	0	0	0	0	0	0	0	21	0	18	0	0	0	0	399	0	0	0	0	0	0	0	0	0	0	0	0	0	0	0	0	10	0	0	0	0	0
4930	Saccharomyces	0	17	157	195	0	0	0	359	0	37	0	0	213	0	31	0	63	3942	3817	0	0	0	0	0	0	16	0	1152	118	0	39	0	263	0	226	0	765	0	0	0	0	538	0	0	21	0	0	64	0	55	366	15	12	0	0	0	41	0	0	0	0	0	0	0
4948	Torulaspora	0	0	0	0	0	0	0	0	0	0	0	0	0	0	0	0	0	348	360	0	0	0	0	0	0	0	0	0	0	0	0	0	0	0	0	0	0	0	0	0	0	0	0	0	0	0	0	0	0	0	0	0	0	0	0	0	0	0	0	0	0	0	0	0
4951	Yarrowia	535	431	904	54	47	53	0	0	0	12	92	33	21	0	0	0	0	314	351	0	0	442	0	98	0	0	0	0	156	0	0	0	0	0	0	0	0	0	0	367	0	83	112	1149	838	0	0	0	0	0	0	0	0	0	36	0	0	0	0	257	35	201	475	548
4953	Zygosaccharomyces	0	0	0	0	0	0	0	0	0	0	0	0	0	0	0	0	0	160	83	0	0	0	0	0	0	172	0	33	0	0	14	0	118	0	235	0	43	0	0	0	0	90	0	0	0	0	0	0	0	0	0	0	0	0	0	0	0	0	0	0	0	0	0	0
4958	Debaryomyces	0	37	34	35	25	125	0	250	121	2007	0	65	444	0	28	0	12	103	113	97	700	0	0	0	35	5296	0	712	149	0	252	0	610	11	1703	26	1681	0	182	0	25	2260	0	0	0	18	0	138	23	303	325	3885	58	323	0	13	115	0	102	0	0	0	0	0
5052	Aspergillus	343	305	410	174953	11054	5591	112	3689	15855092	7501117	103	1327	23737	32	487	99	3132	59943	66159	18	225	122	0	49	0	989	0	18790	8462	0	431	88	30352	53	6865	0	1036	0	24	431	0	10090	339163	0	326	69	123	1007	1488	1534	1345	980	630	3625	224	243	652	71	5726	0	0	27	34	0
5073	Penicillium	0	0	36	231838	27771	5716	0	582	239	577	0	459	17522	0	31	0	0	34448	36680	0	0	0	0	0	0	398	0	1801	0	0	93	0	54	0	1687	0	0	0	0	0	0	2358	491054	0	0	0	0	0	0	0	104	0	14	32	0	0	0	0	0	0	0	0	0	0
5094	Talaromyces	0	0	13	8074	428	264	0	60	82	78	17	0	802	0	0	0	0	9267	9822	0	0	0	0	0	0	48	0	126	13	0	0	0	0	0	105	0	16	0	0	0	0	1424	16353	0	15	0	0	0	0	0	0	0	0	16	0	0	0	0	0	0	0	0	0	0
5140	Neurospora	0	0	0	358	405	191	0	0	23	14	0	0	131	0	0	0	0	8668	10162	0	0	0	0	0	0	0	0	45	0	0	0	0	0	0	0	0	0	0	0	0	0	1976	654	0	0	0	0	0	0	0	0	0	0	0	0	0	0	0	0	0	0	0	0	0
5144	Podospora	0	0	0	0	992	817	0	0	56	54	0	0	0	0	0	0	0	2428	2739	0	0	0	0	0	0	0	0	108	0	0	0	0	94	0	67	0	0	0	0	0	0	610	0	0	0	0	0	0	0	0	0	0	0	0	0	0	0	0	0	0	0	0	0	0
5206	Cryptococcus	0	0	0	0	197	330	83	0	0	0	0	0	0	0	0	0	0	430	435	0	0	0	0	0	0	0	0	20	0	0	0	0	26	0	0	0	33	0	0	0	0	46	27	0	65	0	0	78	0	0	13	0	0	0	0	0	0	0	0	0	0	0	0	11
5269	Ustilago	0	0	0	15	596	389	0	20	0	0	0	10	10	0	0	0	0	153	157	0	0	16	0	0	0	0	0	27	0	0	0	0	44	0	21	0	0	0	0	0	0	27	22	0	0	0	0	0	0	0	0	0	0	0	0	0	0	0	0	0	0	0	0	0
5296	Puccinia	0	0	0	111	20149	13778	0	574	0	0	0	329	0	0	0	0	0	338	358	0	0	0	0	0	0	0	0	796	0	0	0	0	867	0	396	0	0	0	0	0	0	34	375	0	0	0	0	0	0	0	0	0	0	0	0	0	0	0	0	0	0	0	0	0
5453	Ascochyta	0	0	83	494	427	307	0	245	616	487	0	0	121	0	172	0	0	159463	190843	0	0	0	0	0	0	25	0	29	89	0	0	0	42	0	28	0	142	0	12	0	0	29267	988	0	106	0	59	0	0	0	0	0	0	41	0	0	11	0	52	0	85	0	0	0
5455	Colletotrichum	0	0	0	963	518	597	0	0	31	17	0	0	166	0	19	0	0	23340	28409	0	0	0	0	0	0	0	0	26	0	0	0	0	21	0	0	0	0	0	0	0	0	4963	1885	0	0	0	0	0	0	0	0	0	0	0	0	0	0	0	0	0	0	0	0	0
5475	Candida	0	26	0	0	0	0	0	18	0	0	0	0	0	0	0	0	0	86	39	0	0	0	0	0	0	25	0	11	0	0	0	0	0	0	19	0	24	0	45	0	0	16	0	0	0	0	48	1913	0	0	0	0	0	16	0	0	0	0	0	0	0	0	0	0
5506	Fusarium	0	363	1037	81154	839	3134	111	6246	114	895	55	192	2853	72	1240	348	19643	91978	96438	4037	3587	0	0	0	0	219	0	268	0	0	564	0	267	0	327	0	356	0	41	0	0	21231	111648	0	124	0	0	97	23	496	57	601	88	447	0	0	28	0	123	0	0	60	1682	0
5543	Trichoderma	0	0	0	168	0	83	0	0	28	0	0	0	41	0	0	0	0	6322	6539	0	0	0	0	0	0	0	0	0	0	0	0	0	0	0	0	0	0	0	0	0	0	1224	256	0	0	0	0	0	0	0	0	0	0	17	0	0	0	0	0	0	0	0	0	15
12916	Acidovorax	31	118	399	0	646	777	123	233	154	325	0	0	66	0	379	69	64	0	0	68	0	76	74	44	236	456	0	670	42	111	342	0	330	286	320	59	592	199	770	144	0	1034	0	260	99	0	0	147	42	57	80	135	355	264	0	35	0	0	244	0	0	61	20	28
12960	Azoarcus	0	0	0	0	0	0	0	0	0	0	0	0	0	0	25	0	0	0	0	0	0	0	0	0	0	21	0	0	0	0	0	0	0	0	0	0	0	0	0	0	0	0	0	0	0	0	0	0	0	0	0	0	0	0	0	0	0	0	0	0	0	0	0	0
13075	Globicatella	0	98	17	0	0	39	0	25	0	0	0	0	0	0	0	0	13	0	0	0	0	69	0	0	0	0	0	35	0	0	14	0	15	0	0	0	30	0	65	0	0	13	0	0	0	0	0	0	0	60	0	0	0	11	16	0	64	0	0	0	0	0	0	0
13366	Brettanomyces	0	0	0	77	0	0	0	0	0	0	0	0	0	0	0	0	0	278	425	0	0	0	0	0	0	0	0	0	0	0	0	0	0	0	0	0	0	0	0	0	0	32	89	0	0	0	0	0	0	0	0	0	0	0	0	0	0	0	0	0	0	0	0	0
13687	Sphingomonas	110	8361	47067	12449	549	1071	115	7649	550	29956	75	155	418	2634	5568	1855	371	0	107	157	2219	64	307	174	229	4007	99	1174	12904	165	1388	329	3159	545	4425	248	33500	105	506	0	98	1030	6175	2770	1311	2165	3998	2239	140	12617	216	7589	960	1492	159	78	231	100	1345	0	112	0	5866	93
28050	Lachnospira	0	6474	213	0	74	2672	0	3408	32	1106	27	21	23	0	50	271	6410	0	0	0	105	155	0	0	0	41	0	74	0	0	77	0	21	0	124	0	75	39	19209	0	0	91	0	0	24	30	568	1429	0	34	0	51	87	443	5991	562	11547	0	275	12	540	0	28	70
28105	Sinorhizobium	0	0	0	159	0	0	0	0	0	0	0	0	0	571	289	0	0	0	0	0	0	0	0	0	0	0	0	0	0	0	0	0	0	0	0	0	0	0	0	0	0	0	0	0	0	0	258	0	0	0	0	0	0	0	0	0	0	0	0	0	0	0	0	0
28196	Arcobacter	0	0	0	0	0	0	0	0	0	0	0	0	0	0	0	0	0	0	0	0	0	0	0	0	0	57	0	0	0	0	0	0	0	0	0	0	0	0	0	0	0	0	0	0	0	0	0	0	73	0	0	0	0	0	0	0	0	0	0	0	0	0	0	0
28209	Chelatococcus	0	0	0	0	0	0	0	0	0	0	0	0	0	35	25	0	0	0	0	0	0	0	0	0	0	0	0	0	0	0	0	0	0	0	0	0	0	0	0	0	0	0	0	0	0	0	0	0	0	0	0	0	0	0	0	0	0	0	0	0	0	0	0	0
28250	Ornithobacterium	0	0	0	0	0	19	0	111	0	499	0	0	42	0	16	0	38	0	0	0	630	0	0	0	0	362	0	38	0	0	0	0	25	0	33	0	62	0	0	0	0	18	0	0	0	0	0	0	0	0	0	0	0	86	67	0	0	0	23	0	70	0	0	0
28263	Arcanobacterium	0	0	0	0	0	0	0	33	0	14	0	0	13	0	0	0	0	0	0	0	0	0	0	0	0	31	0	0	0	0	18	0	0	0	0	0	44	0	14	0	0	19	0	0	0	0	0	0	0	0	0	0	0	0	0	0	26	0	0	0	0	0	0	14
28453	Sphingobacterium	42	0	63	0	0	0	0	0	0	86	21	402	0	0	0	147	0	136	106	0	16	0	40	0	114	0	0	160	0	0	0	0	50	53	201	0	79	0	0	0	48	73	0	0	0	13	0	78	32	115	161	445	516	0	0	0	0	0	0	0	0	0	0	0
28895	Thermoanaerobacterium	0	0	0	0	0	0	0	0	0	0	0	0	0	0	0	0	0	0	0	0	0	0	0	0	0	0	0	0	0	0	0	0	0	0	0	0	0	0	0	0	0	0	0	0	0	0	0	0	0	0	0	16	0	0	0	0	0	0	0	0	0	0	0	27
29002	Cercospora	0	0	0	241	47	58	0	45	24	61	0	33	56	0	86	0	0	50131	57125	0	0	0	0	0	0	0	0	23	0	0	0	0	24	0	17	0	52	0	0	0	0	5739	373	0	19	0	0	187	0	0	0	0	0	0	0	0	0	0	39	0	0	0	0	0
29330	Alicyclobacillus	0	0	0	0	0	0	0	0	0	20	0	0	0	0	0	0	28	15	0	0	0	0	0	0	0	0	0	0	16	0	0	0	0	0	0	0	0	0	0	0	0	0	0	0	0	0	0	0	19	16	0	24	0	0	0	0	0	0	0	0	0	0	0	0
29393	Dolosigranulum	0	175	293	139	116	10888	0	1823	19	408	47	44	4712	19	392	30	446	0	21	17	877	63	0	0	0	153	0	442	0	0	232	0	981	0	363	16	674	0	192	12	14	836	0	0	180	135	0	378	0	344	10	491	119	776	838	18	705	0	82	0	13	0	27	14
29404	Microlunatus	0	377	33	11	0	0	0	0	11	0	0	0	0	0	0	0	0	0	0	0	0	0	27	0	0	78	0	0	0	0	0	0	0	0	56	0	485	0	0	0	0	0	0	0	0	0	0	0	0	0	0	0	12	13	0	0	0	0	0	0	0	11	38	0
29407	Rhodoplanes	0	0	121	10	0	0	0	0	0	0	0	0	0	20	15	0	0	0	0	0	0	0	0	0	0	17	0	0	0	0	0	0	0	0	0	0	0	0	0	0	0	0	0	0	0	0	0	0	0	0	0	0	0	0	0	0	0	0	0	0	0	0	0	0
29465	Veillonella	1205	7227	46883	5779	787	7264	626	127489	3610	29351	22314	919	91594	115	2795	761	17690	0	308	701	9082	865	1699	428	133	90895	167	33269	21883	148	5184	177	12084	289	16597	7157	168873	293	2196	2014	119	14624	72	205	3335	7508	115	1945	466	25188	3594	8494	2422	11744	629956	423	9361	2271	101229	130	13511	728	16243	343
29521	Brachyspira	0	0	0	0	0	0	0	0	0	0	0	0	0	0	0	0	0	0	0	0	0	0	0	0	0	0	0	0	0	0	0	0	0	0	0	0	0	0	51	0	0	0	0	0	0	0	0	0	0	0	0	0	0	0	0	0	0	0	0	0	0	0	0	0
29548	Rhodothermus	0	0	0	0	0	0	0	0	0	0	0	0	0	0	0	0	0	11	0	0	0	0	0	0	0	0	0	0	0	0	0	0	0	0	0	0	0	0	0	0	0	0	0	0	0	0	0	0	0	0	0	0	0	0	0	0	0	0	0	0	0	0	0	0
29580	Janthinobacterium	0	0	0	0	0	0	0	0	0	114	0	38	221	0	0	0	55	0	0	0	0	0	0	0	0	0	0	0	0	0	0	0	0	0	0	0	0	0	0	0	0	0	0	0	0	0	0	0	0	0	0	0	0	0	0	0	0	0	0	0	0	0	0	0
31983	Helcococcus	0	137	154	0	0	20	0	129	0	10	0	0	12	0	11	0	53	0	0	0	13	57	0	0	0	19	0	94	0	0	38	0	52	0	49	0	39	0	187	0	0	49	0	0	0	0	0	137	0	32	0	12	14	23	16	0	117	0	36	0	10	0	0	0
31988	Aminobacter	0	0	30	0	0	0	0	0	0	0	0	0	0	0	0	0	0	0	0	0	0	0	0	0	0	0	0	0	0	0	0	0	0	0	0	0	0	0	0	0	0	0	0	0	0	0	0	0	0	0	0	0	0	0	0	0	0	0	0	0	0	0	0	0
32008	Burkholderia	49	342	1986	26048	265	1361	0	2147	67	2351	84	40	1404	1103	1521	109	1802	0	127	43	5371	30	0	25	0	330	0	1851	94	0	1290	0	784	50	5291	37	1604	0	200	47	0	3841	4368	67	684	26	0	256	84	2673	0	191	120	457	93	0	71	0	618	0	40	20	110	0
32067	Leptotrichia	52	4569	5198	901	768	70549	0	5170	1238	59916	2396	205	5070	0	1090	346	7368	0	50	220	34809	32	16	0	38	10822	21	8867	2685	44	2060	118	4973	85	4131	292	87483	17	414	203	21	4559	23	59	1215	802	0	859	208	6377	312	5774	1051	8139	5810	105	6329	0	23399	0	4200	41	1361	275
32199	Buchnera	0	0	0	0	0	0	0	0	0	11	0	0	0	0	0	0	0	17	12	0	0	0	0	0	0	0	0	0	0	0	0	0	0	0	0	0	0	0	0	0	0	10	0	0	0	0	0	0	0	0	0	0	0	0	0	0	0	0	0	0	0	0	0	0
32207	Rothia	1499	5148	41002	2714	386	6151	594	34033	3587	35467	30452	334	47527	218	2018	426	11664	27	294	514	5650	437	1803	89	141	20004	134	99717	7332	379	4909	384	11005	230	29032	1246	40414	51	2101	1527	79	15433	55	188	2321	4063	305	6998	1505	68481	3607	21222	6021	11741	362874	252	3227	1254	8771	311	1585	757	8174	342
32257	Kingella	28	369	541	115	22	422	38	6404	13	739	375	10	421	0	142	19	402	0	0	0	4535	0	0	0	34	20876	0	1291	57	0	217	0	724	0	876	38	9932	19	68	10	0	669	0	0	70	17	0	102	0	478	0	242	144	573	492	0	324	0	756	0	77	73	183	530
33024	Phascolarctobacterium	0	22053	611	0	46	1681	10	5465	133	11066	0	0	89	18	146	113	5591	0	0	0	48	48	0	0	0	23	0	88	0	0	104	0	35	0	395	0	30	36	13835	0	0	20	0	0	15	134	28	5408	0	52	0	365	56	564	4549	205	9882	0	301	0	47	0	0	115
33042	Coprococcus	0	66743	929	0	436	20431	42	13462	435	37193	34	0	462	32	290	1972	50183	0	0	0	310	693	0	0	0	86	0	219	57	0	1055	0	804	35	6719	0	417	1099	914181	0	0	370	0	0	124	365	390	12330	0	138	0	203	225	685	11297	673	8966	0	452	0	483	0	13	435
33057	Thauera	0	0	0	0	0	0	0	95	0	0	0	0	0	0	0	0	0	0	0	0	0	0	0	0	0	0	0	0	0	0	0	0	0	0	0	0	0	0	0	0	0	0	0	0	0	0	0	0	0	15	0	38	0	0	0	0	0	0	0	0	0	17	0	0
33170	Eremothecium	0	0	0	339	0	0	0	0	0	0	0	0	0	0	0	0	0	2049	1390	0	0	0	0	0	0	0	0	0	0	0	0	0	0	0	0	0	0	0	0	0	0	0	431	0	0	0	0	0	0	0	0	0	0	0	0	0	0	0	0	0	0	0	0	0
33196	Botrytis	0	0	10	233	161	58	0	0	17	0	0	0	28	0	23	0	0	33048	36647	0	0	0	0	0	0	0	0	0	0	0	0	0	0	0	22	0	0	0	0	0	0	3103	321	0	0	0	0	0	0	18	0	0	0	0	0	0	0	0	0	0	0	0	0	0
33877	Agromyces	0	0	0	64	0	0	0	0	0	0	0	0	0	0	0	0	0	0	0	0	0	0	0	0	0	433	0	0	0	0	0	0	0	0	0	0	7584	0	0	0	0	0	76	0	0	0	0	0	0	0	0	0	0	0	0	0	0	0	0	0	0	0	136	0
33882	Microbacterium	266	2331	4962	206668	184	909	63	800	452	903	0	98	1422	102	781	124	10914	0	191	151	0	284	193	0	3921	1969663	0	2035	352	196	1598	205	4481	413	14934	112	15375	174	1054	264	99	1210	332744	847	212	529	33201	6530	179	367	940	346	5301	613	872	97	299	85	667	0	180	772	443	0
33886	Rathayibacter	0	0	0	0	0	0	0	0	0	0	0	0	0	0	0	1551	0	0	0	0	0	110	0	0	0	284	0	0	0	0	0	0	0	0	0	0	2873	0	0	0	0	0	0	0	0	0	0	0	0	0	0	0	0	0	0	0	0	0	0	0	0	0	0	0
33981	Kineococcus	0	0	0	0	0	0	0	0	0	0	0	0	0	0	0	94	0	0	0	0	0	0	0	0	0	0	0	0	0	0	0	32	0	0	0	0	91	0	0	0	0	0	0	0	0	0	0	0	0	0	0	0	0	0	0	0	0	0	0	0	0	0	0	0
33986	Exiguobacterium	0	0	72	0	30	0	0	87	0	51	0	0	77	0	0	154	55	0	0	0	0	0	0	0	0	0	0	107	56	0	0	0	0	0	22	0	0	0	0	0	0	0	0	0	31	0	0	43	0	19	90	0	0	0	0	0	0	0	42	0	0	0	0	0
34019	Liberibacter	0	0	33	0	0	0	0	0	0	0	0	0	57	0	0	0	0	0	0	0	0	0	0	0	0	0	0	0	0	0	0	0	0	0	0	0	0	0	0	0	0	0	0	0	0	0	0	0	0	0	0	0	0	0	0	0	0	0	0	0	0	0	0	0
34037	Rahnella	0	0	120	3179	0	174	20	70	67	5245	0	612	46745	0	182	174	5003	0	88	0	0	0	0	0	0	0	0	63	0	0	0	0	377	0	241	0	51	0	32	0	0	485	40	0	17	0	0	0	0	0	0	54	0	0	0	0	0	0	0	0	0	0	0	0
34069	Telluria	0	24	0	376	0	0	0	32	0	0	0	0	0	0	27	0	0	0	0	0	0	0	0	0	0	77	0	0	0	0	22	0	0	0	0	0	72	0	13	0	0	0	0	0	26	0	0	0	0	0	0	0	0	0	0	0	0	0	101	0	0	0	0	0
34072	Variovorax	0	35	50	0	185	0	0	120	0	18	0	0	0	231	66	65	0	0	0	0	0	0	0	0	0	69	0	0	0	0	0	0	27	115	48	0	45	0	262	0	0	62	0	0	0	0	0	0	0	0	30	29	0	0	0	0	0	0	78	0	231	0	0	0
34084	Riemerella	0	0	0	0	0	0	0	33	0	55	0	0	0	0	0	0	0	0	0	0	79	0	0	0	0	31	0	0	0	0	0	0	0	0	0	0	0	0	0	0	0	0	0	0	0	0	0	0	0	0	0	0	0	0	155	0	0	0	0	0	0	0	0	0
34098	Blattabacterium	0	0	0	0	0	0	0	0	0	14	0	0	0	0	0	0	0	0	0	0	0	0	0	0	0	0	0	0	0	0	0	0	0	0	0	0	0	0	0	0	0	0	0	0	0	0	0	0	0	0	0	0	0	0	0	0	0	0	0	0	0	0	0	0
34102	Sphaerotilus	0	0	39	0	0	122	0	0	0	15	0	0	0	0	70	0	29	0	0	0	0	0	0	0	0	0	0	0	0	0	0	0	0	0	12	0	50	0	0	0	0	0	0	0	0	0	0	0	0	0	0	0	0	13	89	0	0	0	0	0	0	0	17	0
34104	Streptobacillus	0	0	10	0	0	0	0	0	0	0	0	0	0	0	0	0	0	0	0	0	0	0	0	0	0	0	0	0	0	0	0	0	0	0	0	0	0	0	0	0	0	0	0	0	0	0	0	0	0	0	0	0	0	0	0	0	0	0	0	0	0	0	0	0
34448	Marasmius	0	0	0	20	5790	3238	55	85	0	0	0	76	147	0	0	0	0	119	90	0	0	0	0	0	0	0	0	248	0	0	0	0	245	0	94	0	0	0	0	0	0	0	37	0	0	0	0	0	0	0	0	0	0	0	0	0	0	0	0	0	0	0	0	0
35753	Dactylosporangium	0	0	0	0	0	0	0	0	0	0	0	0	0	0	20	0	0	30	36	0	0	0	0	0	0	0	0	0	0	0	0	0	0	0	0	0	166	0	0	0	0	0	0	0	0	0	712	0	0	0	0	0	0	0	0	0	0	0	0	0	0	0	0	0
35812	Roseococcus	0	0	0	0	0	0	0	0	0	0	0	0	0	0	0	0	0	0	0	0	0	0	0	0	0	0	0	0	0	0	0	0	0	0	0	0	44	0	0	0	0	0	0	0	0	0	0	0	0	0	0	0	0	0	0	0	0	0	0	0	0	0	0	0
35829	Acetivibrio	0	0	0	0	0	0	0	0	0	0	0	0	0	0	0	0	0	0	0	0	0	0	0	0	0	0	0	0	0	0	0	0	0	0	0	0	0	0	13	0	0	0	0	0	0	0	0	0	0	0	0	0	0	0	0	0	0	0	0	0	0	0	0	0
36739	Dermabacter	0	2719	1907	268	719	5329	85	4044	0	360	107	0	434	1897	1537	333	26246	0	18	0	300	1843	0	0	411	10260	0	496	0	0	340	0	546	0	455	1303	7665	0	11892	0	28	390	46	0	1351	1063	0	1042	40	2720	0	107	228	783	7249	1583	42296	0	433	38	182	0	155	0
36862	Ideonella	0	0	16	0	0	0	0	0	0	0	0	32	0	0	0	0	0	0	0	0	0	0	0	0	0	0	0	0	0	0	0	0	0	0	15	0	0	0	0	0	0	0	0	0	0	0	0	0	0	0	0	23	0	0	0	0	0	0	0	0	0	0	0	0
36913	Lodderomyces	0	0	0	0	0	0	0	0	0	0	0	0	36	0	0	0	0	609	432	0	0	0	0	0	0	0	0	0	0	0	0	0	0	0	0	0	0	0	0	0	0	0	0	0	0	0	0	0	0	0	0	0	0	0	0	0	0	0	0	0	0	0	0	0
37914	Dietzia	31	40	108	0	0	0	0	75	39	0	0	0	0	0	0	51	0	0	0	0	0	222	0	0	0	388	0	245	0	0	0	0	97	0	27	0	0	0	0	78	0	19	0	0	37	0	0	69	0	0	0	0	66	34	0	0	0	0	0	0	0	0	0	47
38501	Blastococcus	0	0	71	142	0	0	0	0	42	0	0	0	0	0	0	0	0	0	0	0	0	0	0	0	0	111	0	0	0	0	0	0	0	0	0	0	28201	0	0	0	0	0	1473	0	0	0	0	0	0	0	0	0	0	55	0	0	0	0	0	0	0	58	0	0
39643	Sorangium	0	0	0	0	0	0	0	0	0	0	0	0	0	30	50	0	0	0	15	0	0	0	0	0	0	0	0	0	0	0	0	0	0	0	0	0	26	0	0	0	0	0	0	0	0	0	0	0	0	0	0	0	0	0	0	0	0	0	0	0	0	0	0	0
39845	Actinokineospora	0	0	0	0	0	0	0	0	0	0	0	0	0	0	0	0	0	0	0	0	0	0	0	0	0	0	0	0	0	0	0	0	0	0	0	0	30	0	0	0	0	0	0	0	0	0	0	0	0	0	0	0	0	0	0	0	0	0	0	0	0	0	0	0
39948	Dialister	0	142	39	0	0	131	0	125	0	0	0	0	155	0	0	0	48	0	0	0	0	0	0	0	0	0	0	58	0	0	16	0	38	0	35	0	131	0	88	0	0	111	0	0	0	0	0	84	0	24	12	0	0	24	0	0	84	0	59	0	0	0	0	0
40323	Stenotrophomonas	151	282	745	272	145	169	79	664	164	1344	108	829	2293	106	459	289	3498	1718	1092	204	47	918	464	65	371	5424	0	3824	3556	113	3931	336	6135	390	42069	124	10043	151	32821	80	115	2278	102	1234	111	0	0	3255	308	179	1619	2326	852	335	58	177	0	72	387	0	53	122	110	152
40544	Sutterella	0	0	0	0	0	0	0	20	0	0	0	0	0	0	0	0	40	0	0	0	0	0	0	0	0	0	0	0	0	0	0	0	0	0	0	0	0	0	0	0	0	0	0	0	0	0	0	44	0	0	0	0	0	0	0	0	105	0	21	0	47	0	0	0
40566	Actinosynnema	0	0	0	0	0	0	0	0	0	0	0	0	0	0	0	0	0	0	0	0	0	0	0	0	0	0	0	0	0	0	0	0	0	0	0	0	78	0	0	0	0	0	0	0	0	0	0	0	0	0	0	0	0	0	0	0	0	0	0	0	0	0	0	0
41201	Ewingella	0	0	35	0	0	0	0	0	0	63	0	0	413	0	0	0	27	0	0	0	0	0	0	0	0	0	0	0	0	0	0	0	0	0	11	0	0	0	0	0	0	0	0	0	0	0	0	0	0	119	0	0	0	0	0	0	0	0	0	0	20	0	0	0
41273	Tissierella	0	0	11	0	0	0	0	0	0	0	0	0	0	0	0	0	0	0	0	0	0	0	0	0	0	0	0	0	0	0	0	0	0	0	0	0	0	0	0	0	0	0	0	0	0	0	0	0	0	0	0	0	0	0	0	0	0	0	0	0	0	0	0	0
41275	Brevundimonas	0	249	334	4031	140	0	0	374	275	0	0	0	96	0	90	108	509	0	0	76	38	148	274	59	219	431	0	441	3378	156	300	267	825	470	125	112	0	180	221	106	83	481	2213	0	119	124	1634	1067	56	0	553	1892	2185	289	0	177	101	0	107	0	0	99	0	106
42255	Rubrobacter	0	55	122	0	0	111	0	68	0	40	22	0	0	0	52	0	55	0	0	0	0	10	0	0	0	0	0	38	0	0	17	0	61	0	0	63	93	0	0	0	0	0	0	0	57	433	0	19	0	17	0	31	14	129	130	0	219	0	81	0	0	15	235	0
43356	Kutzneria	0	0	0	0	0	0	0	0	0	0	0	0	0	0	0	0	0	0	0	0	0	0	0	0	0	0	0	0	0	0	0	0	0	0	0	0	31	0	0	0	0	0	0	0	0	0	0	0	0	0	0	0	0	0	0	0	0	0	0	0	0	0	0	0
43668	Brachybacterium	0	850	208	0	0	131	0	0	202	0	46	0	0	127	85	26	49	0	0	0	0	0	0	0	0	392	0	142	637	0	0	0	0	0	142	0	884	0	166	122	0	0	0	0	41	0	53585	78	129	0	0	81	0	276	0	0	0	33	0	52	22	181	19	0
43673	Jonesia	0	13	0	0	0	0	0	0	0	0	0	0	0	0	0	0	0	0	0	0	0	0	0	0	0	0	0	0	0	0	0	0	0	0	0	0	0	0	0	0	0	0	0	0	0	0	0	0	0	0	0	0	0	0	0	0	0	0	0	0	0	0	0	0
43947	Tolumonas	0	0	0	0	0	0	0	0	0	0	0	0	0	0	0	0	0	0	0	0	0	0	0	0	0	0	0	0	16	0	0	0	0	0	0	0	0	0	0	0	0	0	0	0	0	0	0	0	0	0	0	0	0	0	0	0	0	0	0	0	0	0	0	0
44000	Caldicellulosiruptor	0	0	0	0	0	0	0	0	0	0	0	0	0	0	0	0	0	0	0	0	0	0	0	0	0	0	0	0	0	0	0	0	0	0	0	0	0	0	0	0	0	0	0	0	0	0	0	0	0	0	0	0	0	0	0	0	0	0	0	0	0	0	0	40
44249	Paenibacillus	0	484	70	0	0	0	0	0	0	107	0	0	0	33	50	72	139	0	69	0	0	40	0	0	0	34	0	0	194	0	0	0	0	0	0	0	251	0	0	0	0	168	0	0	24	0	0	0	170	35	0	0	0	38	0	0	0	0	51	209	68	0	173	0
44259	Filifactor	0	31	18	0	0	40	0	71	16	85	28	0	41	0	0	0	46	0	0	0	0	0	0	0	0	84	0	13	12	0	85	95	24	0	0	0	38	43	31	0	0	27	0	0	12	23	0	0	0	26	0	0	16	16	61	0	67	0	56	0	0	0	0	0
45402	Aquabacter	0	0	0	0	0	0	0	0	0	0	0	0	0	26	24	0	0	0	0	0	0	31	0	0	0	0	0	0	0	0	0	0	0	0	0	0	0	0	0	0	0	0	0	0	0	0	0	0	0	0	0	0	0	0	0	0	0	0	0	0	0	131	0	0
45669	Salinicoccus	0	56	0	0	0	0	0	0	0	0	0	0	0	0	0	0	0	0	0	0	0	0	0	0	0	0	0	0	0	0	0	0	17	0	0	0	52	0	0	0	0	0	0	13	79	0	0	0	0	0	0	0	0	15	0	0	0	0	0	0	0	13	0	0
46123	Abiotrophia	0	95	327	698	274	3626	15	1828	145	6802	67	102	42416	109	1569	156	3424	0	130	0	5803	0	0	0	15	4744	0	4145	35	20	1393	0	2687	41	4077	497	7915	0	232	12	22	2930	0	0	52	59	0	147	0	675	33	2453	158	651	180	0	244	463	11435	0	16	22	77	0
46205	Pseudobutyrivibrio	0	22	0	0	0	0	0	0	0	13	0	0	0	0	0	0	19	0	0	0	0	0	0	0	0	0	0	0	0	0	0	0	0	0	0	0	0	0	326	0	0	0	0	0	0	0	0	0	0	0	0	0	0	0	13	0	15	0	0	0	0	0	0	0
46254	Oenococcus	0	0	0	0	0	0	0	0	0	0	0	0	0	0	0	0	0	0	0	0	0	0	0	0	0	0	0	0	99	0	0	0	0	0	0	0	0	0	0	0	0	0	0	0	0	0	0	0	0	0	0	0	0	0	0	0	0	0	0	0	0	0	0	0
46255	Weissella	0	0	126	0	0	19	0	0	0	27	0	0	920	0	0	0	95	0	0	0	0	47	0	0	0	0	0	16	178	0	10	0	163	0	187	0	40	0	0	0	0	13	0	0	0	0	0	0	0	21	0	129	0	17	0	94	0	0	0	0	0	0	0	0
46352	Agrococcus	0	429	74	0	0	18	0	0	229	20	0	0	44	0	0	0	0	0	0	0	0	139	0	0	0	138	0	0	0	0	0	0	21	0	0	0	2842	0	0	0	0	84	0	0	0	0	0	145	0	0	0	0	69	0	0	0	0	0	104	0	0	0	0	0
46913	Devosia	0	142	85	0	0	0	0	45	0	0	0	0	54	0	0	0	0	0	0	0	0	0	0	0	0	266	0	0	0	0	0	0	0	0	0	0	0	0	0	0	0	0	0	0	134	0	862	70	70	0	0	74	0	0	0	0	0	0	38	0	0	0	0	0
47420	Hydrogenophaga	0	0	142	0	0	0	0	0	0	0	0	0	40	0	0	0	0	0	0	0	0	16	0	0	0	0	0	0	0	0	0	0	0	0	0	0	0	0	0	0	0	0	0	0	0	0	0	158	0	0	0	0	43	0	0	0	0	0	0	0	0	0	0	0
47670	Lautropia	347	5934	3478	1807	1214	58918	0	6737	112	121704	1787	217	15430	110	3834	228	23045	0	553	44	69398	37	38	0	18	5660	0	5158	586	0	1748	85	49964	31	11019	56	4369	0	262	34	17	3891	61	16	1461	295	65	14836	142	10317	132	44150	4135	10510	2108	88	2892	16255	233690	0	22942	23	1683	105
48558	Pyricularia	0	0	18	209	180	200	0	210	0	0	0	0	0	0	0	0	0	2152	2408	0	0	0	0	0	0	0	0	0	0	0	0	0	0	0	0	0	0	0	0	0	0	522	314	0	0	0	0	0	0	0	0	0	0	0	0	0	0	0	0	0	0	0	0	0
48736	Ralstonia	7485	7900	19191	37	383	2942	0	131	82	1401	1428	0	105	0	110	0	119	0	315	0	791	9328	20	5745	0	339	0	558	8381	0	307	0	883	0	1029	0	334	0	585	14550	36	6254	0	11778	12162	128	0	29	52	1248	0	215	36	292	537	0	73	0	237	3022	332	7036	6207	10096
50709	Acidocella	0	0	0	0	0	0	0	0	0	0	0	0	0	17	13	0	0	0	0	0	0	0	0	0	0	0	0	0	0	0	0	0	0	0	0	0	0	0	0	0	0	0	0	0	0	0	0	0	0	0	0	0	0	0	0	0	0	0	0	0	0	0	0	0
51668	Tetragenococcus	0	194	297	140	5020	10996	193	1870	103	2579	26	427	10914	0	653	0	81	0	5687	33	312	0	531	0	0	336	14	3190	134	20	3787	75	10018	55	4957	440	18862	0	1469	0	0	996	0	0	17	6956	232	4072	267	81766	2086	29123	2796	22683	0	76	553	70	8429	0	0	0	215	0
53335	Pantoea	0	2788	812	278	88	351	96	6629	61	986	128	118	500	0	331	0	184	53	65	318	16259	47	0	0	0	155	0	196	22	0	208	0	4093	0	194	0	338	0	33	20	0	382	98	61	689	49	27	4687	99	8350	40	378	287	1685	155	0	193	0	2049	0	54	0	2081	0
53355	Terrabacter	0	12	0	0	0	0	0	0	0	0	0	0	0	0	0	0	0	0	0	0	0	0	0	0	0	0	0	0	0	0	0	0	0	0	0	0	43	0	0	0	0	0	0	0	0	0	0	0	0	0	0	0	0	0	0	0	0	0	0	0	0	0	0	0
53357	Intrasporangium	0	0	0	0	0	0	0	0	0	0	0	0	0	0	0	0	0	0	0	0	0	0	0	0	0	0	0	0	0	0	0	0	0	0	0	0	52	0	0	0	0	0	0	0	0	0	0	0	0	0	0	0	0	0	0	0	0	0	0	0	0	0	0	0
53365	Catellatospora	0	0	0	0	0	0	0	0	0	0	0	0	0	0	0	0	0	0	0	0	0	0	0	0	0	0	0	0	0	0	0	0	0	0	0	0	40	0	0	0	0	0	0	0	0	0	273	0	0	0	0	0	0	0	0	0	0	0	0	0	0	0	0	0
53387	Friedmanniella	0	20	0	0	0	0	0	0	0	19	0	0	0	0	0	197	0	0	0	0	0	0	0	0	0	27	0	0	0	0	0	0	36	0	0	0	88	0	0	0	0	0	0	0	0	0	41	0	0	0	0	0	0	28	0	0	0	0	0	0	0	0	0	0
53457	Janibacter	41	186	321	0	0	43	51	89	48	0	0	0	0	0	0	20	0	0	0	0	0	59	31	0	53	126	0	114	0	0	0	0	39	0	115	0	560	134	46	0	0	185	0	0	0	144	639	3198	48	66	0	45	1252	134	22	0	39	0	0	0	0	75	0	41
53460	Nakamurella	0	0	0	0	0	0	0	0	0	0	0	0	0	0	0	0	0	0	0	0	0	0	0	0	0	0	0	0	0	0	0	0	0	0	0	0	68	0	0	0	0	0	0	0	0	0	0	0	0	0	0	0	0	0	0	0	0	0	0	0	0	0	0	0
54298	Chroococcidiopsis	0	0	192	0	0	0	0	56	0	0	0	0	0	0	0	0	0	0	0	0	0	0	0	0	0	0	0	0	0	0	0	0	0	0	0	0	691	0	0	0	0	0	0	0	0	0	0	829	0	0	0	0	63	143	79	0	0	0	0	0	0	0	0	1316
55080	Brevibacillus	0	0	0	0	0	0	0	330	0	0	0	0	0	0	0	0	0	23	0	0	0	0	0	0	0	0	0	0	0	0	0	0	0	0	0	0	0	0	0	0	0	0	0	0	0	0	0	0	0	0	0	0	97	86	0	0	70	0	0	0	0	0	0	0
55193	Malassezia	1543	21501	42584	12271	203533	161294	2859	34991	1723	44293	15773	4299	13832	1160	38583	1076	13419	1408	14890	943	7743	2329	393	576	409	24386	408	182124	4126	683	46892	444	59234	2021	76817	2631	108929	436	9360	1797	882	144489	1628	5560	19939	4491	1090	9700	655	7673	1001	12176	15841	78374	2520	684	4699	530	35660	240	2830	1291	10067	1364
55968	Leucobacter	0	55	32	0	0	0	0	22	0	0	0	0	0	0	0	0	0	0	13	0	0	0	0	0	0	105	0	0	0	0	0	0	0	0	0	0	1589	0	0	44	58	0	0	0	0	0	1080	33	0	0	0	0	34	0	0	0	0	0	0	0	0	0	0	0
56106	Cylindrospermum	0	0	150	0	0	0	0	0	0	0	0	0	0	0	0	0	0	0	0	0	0	0	0	0	0	0	0	0	0	0	0	0	0	0	0	0	0	0	0	0	0	0	0	0	0	0	0	300	0	0	0	0	0	0	0	0	0	0	0	0	0	0	0	86
56433	Couchioplanes	0	93	0	0	0	0	0	0	0	0	0	0	0	0	0	0	0	0	0	0	0	0	0	0	0	0	0	0	0	0	0	0	0	0	0	0	141	0	0	0	0	0	0	0	0	0	3299	0	0	0	0	0	0	0	0	0	0	0	0	0	0	0	0	0
57493	Kocuria	259	1426	1043	123	912	18207	47	9802	1772	2243	137	1117	634	42	2626	392	2381	0	63	32	266	280	29499	29	63	4932	35	13599	657	0	1214	117	3900	35	499	19	6538	344	194	358	50	798	0	421	960	16521	191	4762	431	16356	638	6836	3439	12178	150	25	280	42	6722	188	563	54	1153	229
57495	Dermacoccus	0	1953	218	0	21	84	0	120	0	45	22	0	0	0	16	0	36	0	0	0	0	0	83	0	31	69	0	1749	14	0	195	0	839	0	314	0	927	106	244	0	17	2310	0	0	87	45	42	133	0	0	14	10	53	91	18	0	0	0	113	0	16	25	0	0
57499	Kytococcus	112	1017	703	0	0	46	0	48	0	16	0	0	0	0	16	0	0	0	0	0	0	26	11	0	0	50	0	37	43	0	34	0	148	0	13	0	735	0	0	12	0	77	0	56	16	10	0	59	0	0	20	0	17	85	0	0	0	0	27	0	0	0	0	0
57739	Vogesella	0	0	0	0	0	0	0	0	0	0	0	0	0	0	0	0	0	0	0	0	0	0	0	0	0	0	0	0	0	0	0	0	0	0	0	0	20	0	0	0	0	0	0	0	0	0	0	0	0	0	0	0	0	0	0	0	0	0	0	0	0	0	0	0
58122	Spirillospora	0	0	0	0	0	0	0	0	0	0	0	0	0	0	0	0	0	14	15	0	0	0	0	0	0	0	0	0	0	0	0	0	0	0	0	0	28	0	0	0	0	0	0	0	0	0	0	0	0	0	0	0	0	0	0	0	0	0	0	0	0	0	0	0
59195	Rickettsiella	0	0	0	0	0	0	0	0	0	0	0	0	0	0	0	0	0	33	27	0	0	0	0	0	0	0	0	0	0	0	0	0	0	0	0	0	0	0	0	0	0	0	0	0	0	0	0	0	0	0	0	0	0	0	0	0	0	0	0	0	0	0	0	0
59282	Blastochloris	0	0	0	0	0	0	0	0	0	0	0	0	0	24	21	0	0	0	0	0	0	0	0	0	0	0	0	0	0	0	0	0	0	0	0	0	0	0	0	0	0	0	0	0	0	0	0	0	0	0	0	0	0	0	0	0	0	0	0	0	0	0	0	0
59613	Skermania	0	0	0	0	0	12	0	0	0	0	0	0	0	0	12	0	0	0	0	0	0	0	0	0	0	0	0	23	0	0	0	0	0	0	0	0	0	0	0	0	0	0	0	0	0	28	0	0	0	0	0	0	0	31	0	0	0	0	29	0	0	0	0	0
59732	Chryseobacterium	0	82	157	0	0	119	0	716	46	722	0	161	0	0	74	199	93	0	0	65	634	0	27	0	171	501	44	504	0	68	298	111	306	133	909	38	299	499	127	0	63	820	0	33	30	351	30	2195	0	393	82	177	889	97	503	101	181	95	185	0	111	64	150	0
59734	Empedobacter	0	0	0	0	157	26	0	50	32	29	0	246	115	0	0	11	0	0	0	0	0	164	0	0	0	57	0	0	0	0	0	0	17	0	13	0	30	0	17	22	0	30	0	13	0	0	0	14	0	0	0	0	0	0	0	0	0	0	0	0	0	0	0	19
59735	Bergeyella	0	0	0	0	0	17	0	121	0	350	0	0	30	0	0	0	33	0	0	0	269	0	0	0	0	165	0	17	0	0	0	0	0	0	0	0	55	0	0	0	0	0	0	0	0	0	0	0	0	0	0	0	0	37	258	0	0	0	14	0	18	0	0	0
60136	Sulfitobacter	0	0	0	0	0	0	0	0	0	0	0	0	0	0	0	0	0	347	0	0	0	0	0	0	0	0	0	0	0	0	0	0	0	0	0	0	0	0	0	0	0	0	0	0	0	0	0	0	0	0	0	0	0	0	0	0	0	0	0	0	0	0	0	0
60919	Sanguibacter	0	0	0	0	0	0	40	0	0	0	0	0	0	0	0	0	0	0	0	0	0	0	0	0	0	30	0	0	0	0	0	0	0	0	0	0	92	0	0	0	0	0	0	0	0	0	38	0	23	10	0	0	0	0	0	0	0	0	1236	0	0	0	0	0
63265	Sporisorium	0	0	20	30	12923	7260	76	188	0	13	0	110	23	0	24	0	0	2352	2312	0	0	290	0	0	0	0	0	204	0	0	12	0	224	0	91	0	49	0	0	0	0	97	153	0	0	0	0	0	0	0	0	0	0	37	0	0	0	0	154	0	0	0	0	0
63743	Natronomonas	0	0	0	0	0	0	0	0	0	0	0	0	0	0	0	0	0	0	16	0	0	0	0	0	0	0	0	0	0	0	0	0	0	0	0	0	0	0	0	0	0	0	0	0	0	0	0	0	0	0	0	0	0	0	0	0	0	0	0	0	0	0	0	0
65496	Actinoalloteichus	0	0	319	26	0	27	0	0	0	117	0	92	1812	0	0	0	0	0	0	0	0	0	0	0	0	21	0	37	56	0	0	0	136	0	270	0	32	0	0	0	0	13	0	0	0	0	0	0	0	155	0	82	0	0	0	0	0	0	0	0	0	0	37	0
65551	Meiothermus	0	0	0	0	0	0	0	0	0	0	0	14	0	0	0	0	0	0	0	0	0	0	0	0	0	0	0	0	0	0	0	0	0	0	0	0	0	0	0	0	0	0	0	0	0	0	0	0	0	0	0	0	0	0	0	0	0	0	0	0	0	0	0	0
66831	Facklamia	13	399	936	0	105	43	0	175	18	32	210	15	28	0	110	39	117	0	0	0	23	165	0	0	0	174	20	4072	19	24	1413	0	2146	37	2616	33	1136	0	7012	18	19	1721	0	0	52	0	0	91	0	52	0	23	87	129	386	0	330	0	26	0	22	0	0	0
67575	Rheinheimera	0	0	28	0	0	0	0	24	36	0	0	136	0	0	0	0	0	0	0	0	0	0	0	0	0	248	0	20	0	0	0	14	14	0	0	11	0	44	13	0	31	0	0	0	0	0	0	19	54	0	22	0	14	14	0	0	0	0	0	0	0	231	0	0
68287	Mesorhizobium	320	229	80855	1889	0	0	0	134	0	154	2503	0	19	708	612	0	28	0	0	0	0	0	0	0	0	165	0	182	60	0	61	0	172	27	1795	0	197	0	113	90	0	112	99	0	253	41	0	74	0	787	0	0	0	59	0	0	0	0	136	0	57	0	1095	0
69578	Cryobacterium	0	0	0	0	0	0	0	0	0	0	0	0	0	0	0	0	0	0	0	0	0	0	0	0	0	124	0	0	0	0	0	0	0	0	0	0	419	0	0	0	0	0	0	0	0	0	0	0	0	0	0	0	0	0	18	0	0	0	0	0	0	0	0	0
69965	Macrococcus	0	14	0	0	0	0	0	15	0	0	0	0	0	0	0	0	0	0	0	0	0	0	0	0	0	0	0	0	0	0	0	0	0	0	0	0	47	0	0	0	0	0	0	0	0	0	0	0	0	0	0	0	0	0	0	0	0	0	0	0	0	0	0	0
70411	Frateuria	0	0	0	0	0	0	0	0	0	0	0	0	0	0	0	0	0	0	0	0	0	0	0	0	0	0	0	0	0	0	0	0	0	0	0	0	0	0	0	0	0	0	0	0	0	0	0	0	0	0	28	0	0	0	0	0	0	0	0	0	0	0	0	0
70774	Hydrogenophilus	106	0	17	0	26	139	0	41	39	105	0	36	239	0	0	38	117	0	0	0	0	27	0	0	0	14	0	52	0	0	10	0	38	0	185	0	0	0	0	22	0	14	0	285	25	96	20	28	10	167	13	120	0	0	0	0	23	0	82	0	0	0	10	101
71245	Kazachstania	0	0	0	0	0	0	0	0	0	0	0	0	0	0	0	0	0	60	104	0	0	0	0	0	0	0	0	0	0	0	0	0	0	0	0	0	0	0	0	0	0	0	0	0	0	0	0	0	0	0	0	0	0	0	0	0	0	0	0	0	0	0	0	0
71950	Psilocybe	0	0	16	0	394	295	0	16	0	0	0	0	152	0	0	0	0	372	345	0	0	0	0	0	0	0	0	0	0	0	0	0	32	0	0	0	0	0	0	0	0	47	0	0	0	0	0	0	0	0	0	0	0	0	0	0	0	0	0	0	0	0	0	0
72173	Citromicrobium	0	0	0	0	0	0	0	0	0	0	0	0	0	0	0	0	0	0	0	0	0	0	0	0	0	0	0	0	0	0	0	0	0	0	0	0	0	0	0	0	0	0	0	0	0	0	598	0	0	0	0	0	0	0	0	0	0	0	0	0	0	0	0	0
72763	Tessaracoccus	0	4957	32	0	0	24	0	191	0	15	0	0	0	48	300	0	101	0	0	0	0	562	0	40	0	76	0	34	0	0	0	0	23	0	25	0	107	0	21	0	0	35	0	0	0	42	0	44	0	24	0	0	55	60	396	0	40	0	45	0	36	61	0	0
73029	Dechloromonas	0	0	35	0	0	0	0	0	0	0	0	0	0	0	0	0	0	0	0	0	0	0	0	0	0	0	0	0	0	0	0	0	0	0	0	0	0	0	0	0	0	0	0	0	14	0	0	0	0	0	0	0	0	0	0	0	0	0	0	0	0	0	0	0
73918	Thermaerobacter	0	0	0	0	0	0	0	0	0	0	0	0	0	0	0	0	0	0	10	0	0	0	0	0	0	0	0	0	0	0	0	0	0	0	0	0	0	0	0	0	0	0	0	0	0	0	0	0	0	0	0	0	0	0	0	0	0	0	0	0	0	0	0	0
74030	Roseovarius	0	0	0	0	0	0	0	0	0	0	0	0	0	115	0	0	0	0	0	0	0	0	0	0	0	0	0	0	0	0	0	0	0	0	0	0	0	0	0	0	0	0	0	0	0	0	0	245	0	0	0	0	0	0	0	0	0	0	0	0	0	0	0	0
75654	Duganella	0	0	0	0	0	0	39	0	0	0	0	32	1654	0	0	0	0	0	0	0	0	0	0	0	0	0	0	0	101	0	0	0	0	0	15	0	108	0	0	0	0	0	0	0	0	0	0	0	0	0	0	40	0	0	0	0	0	0	0	0	0	0	0	0
75984	Mannheimia	0	0	0	0	0	0	0	0	0	30	0	0	0	0	0	0	0	0	0	0	0	0	0	0	0	17	0	0	0	0	0	0	0	0	0	0	0	0	0	0	0	0	0	0	0	0	0	0	0	0	0	0	0	0	39	0	0	0	0	0	0	0	0	0
76632	Thermobacillus	0	0	148	0	0	0	0	0	0	0	0	0	0	0	0	0	0	0	0	0	0	0	0	0	0	0	0	0	0	0	0	0	14	0	0	0	0	0	0	0	0	0	0	0	0	0	0	0	0	0	0	0	0	0	0	0	0	0	0	0	0	0	0	0
76634	Mycetocola	0	0	228	0	0	0	0	0	0	16	0	0	18	0	0	0	19	0	0	0	0	0	0	0	0	12	0	0	106	0	0	0	0	0	0	0	0	0	0	0	0	0	0	0	0	0	0	0	0	254	0	1193	0	0	0	0	0	0	0	0	52	0	0	0
76833	Actinobaculum	0	0	0	0	0	0	0	0	0	0	0	0	0	0	0	0	0	0	0	0	0	0	0	0	0	0	0	0	0	0	0	0	0	0	0	0	0	0	0	0	0	0	0	0	0	0	0	0	0	0	0	0	0	10	0	0	0	0	0	0	0	0	0	0
78526	Allorhizobium	0	0	0	0	0	0	0	0	0	0	0	0	0	0	0	0	0	0	0	0	0	0	0	0	0	0	0	0	0	0	0	0	0	0	0	0	0	0	0	0	0	0	0	0	0	0	118	0	0	0	0	0	0	0	0	0	0	0	0	0	0	31	0	0
79603	Denitrobacterium	0	0	0	0	29	80	0	0	0	0	0	0	0	0	0	0	0	0	0	0	0	0	0	0	0	0	0	0	0	0	0	0	0	0	0	0	0	0	0	0	0	0	0	0	0	0	0	0	0	0	0	0	0	0	0	0	0	0	0	0	0	0	0	0
80865	Delftia	0	0	0	0	1765	0	415	1684	207	63	0	0	0	0	0	420	0	0	0	0	0	132	448	0	0	666	249	718	1166	0	337	0	475	881	570	217	212	276	563	0	0	242	0	0	0	0	0	299	0	0	1286	599	230	234	0	194	0	0	179	0	0	29	0	0
82800	Desemzia	0	159	41	0	0	0	0	0	73	0	0	0	0	0	0	0	0	0	0	0	0	0	0	0	0	39	0	0	0	0	0	0	0	0	0	0	0	0	0	0	0	0	0	0	0	0	0	0	0	0	0	0	0	0	0	0	0	0	0	0	0	0	0	0
82802	Trichococcus	0	0	0	0	0	0	0	0	0	0	0	0	0	0	0	0	0	0	0	0	0	0	0	0	0	51	0	0	0	0	0	0	0	0	0	0	0	0	0	0	0	0	0	0	0	0	0	0	256	0	0	0	0	0	0	0	0	0	0	0	0	0	0	0
82982	Obesumbacterium	0	0	0	0	0	0	0	0	0	0	0	0	64	0	0	0	0	0	0	0	0	0	0	0	0	0	0	0	0	0	0	0	0	0	0	0	0	0	0	0	0	0	0	0	0	0	0	0	0	0	0	0	0	0	0	0	0	0	0	0	0	0	0	0
82984	Pragia	0	0	0	0	0	0	0	0	0	0	0	0	0	0	15	0	0	0	0	0	0	0	0	0	0	0	0	0	0	0	0	0	0	0	0	0	0	0	0	0	0	0	0	0	0	0	0	0	0	0	0	0	0	0	0	0	0	0	0	0	0	0	0	0
82986	Tatumella	0	0	209	0	0	0	0	0	0	0	0	0	0	0	0	0	0	0	0	0	0	0	0	0	0	0	0	0	0	0	0	0	19	0	0	0	0	0	0	0	0	0	0	0	0	0	0	0	0	0	25	0	0	0	0	0	0	0	0	0	0	0	0	0
83461	Corallococcus	0	0	0	0	0	0	0	0	0	0	0	0	0	0	0	0	0	0	0	0	0	0	0	0	0	0	0	0	0	0	0	0	0	0	0	0	0	0	0	0	0	94	0	0	0	19	0	45	0	0	0	0	177	0	0	0	0	0	0	0	0	0	0	0
83551	Parachlamydia	0	0	0	0	0	0	0	0	0	0	0	0	0	0	0	0	0	0	0	0	0	0	0	0	0	0	0	0	0	0	0	0	0	0	0	0	11	0	31	0	0	0	0	0	0	0	0	0	0	0	0	0	0	0	0	14	0	0	0	0	0	0	0	0
83614	Luteimonas	0	15	0	0	0	0	0	0	0	0	0	0	0	0	0	0	0	0	0	0	232	0	0	0	0	102	0	48	0	0	0	0	0	0	0	0	12	0	0	0	0	25	0	0	0	0	0	1190	26	0	0	0	182	0	0	0	0	0	0	0	0	0	0	0
83618	Pseudoxanthomonas	0	27	195	0	0	0	0	769	0	43	0	182	16	0	0	0	0	0	0	27	0	0	63	27	0	254	0	406	1262	62	197	56	0	0	84	0	22	0	105	0	127	89	68	38	0	0	101	623	0	51	115	329	80	28	0	0	0	91	24	0	0	446	13	0
83654	Leclercia	0	0	0	0	0	0	0	23	0	0	0	0	58	0	0	0	0	0	0	0	0	0	0	0	0	0	0	166	0	0	0	0	0	87	0	0	0	0	0	0	0	0	0	0	0	0	0	0	0	0	37	0	0	0	0	0	0	0	0	0	0	0	0	0
83677	Thermobifida	0	0	0	0	0	0	0	0	0	0	0	0	0	0	0	0	0	0	0	0	0	0	0	0	0	0	0	0	0	0	0	0	0	0	0	0	0	0	0	0	0	0	0	0	0	0	0	16	0	0	0	0	15	0	0	0	0	0	0	0	0	0	0	0
83681	Nonomuraea	0	0	0	0	0	0	0	0	0	0	0	0	0	0	0	0	0	0	0	0	0	0	0	0	0	0	0	0	0	0	0	0	0	0	0	0	194	0	0	0	0	0	0	0	0	0	0	0	0	0	0	0	0	0	0	0	0	0	0	0	0	0	0	0
84108	Slackia	0	0	0	0	0	0	0	0	0	0	0	0	0	0	0	0	0	0	0	0	0	0	0	0	0	0	0	0	0	0	0	0	0	0	0	0	0	0	11	0	0	0	0	0	0	0	0	0	0	0	0	0	0	0	0	0	0	0	0	0	0	0	0	0
84111	Eggerthella	0	2248	73	0	0	225	0	303	0	708	0	0	12	15	20	0	648	0	0	0	0	0	0	0	0	0	0	14	0	0	0	0	0	0	0	0	0	0	491	0	0	0	0	0	0	36	166	451	0	0	0	111	0	39	186	23	1509	0	0	0	22	0	0	0
84162	Cryptobacterium	0	0	10	14	11	10	0	0	0	0	0	0	0	0	0	0	0	0	0	0	0	0	0	0	0	0	0	0	0	0	0	0	35	0	0	0	52	0	0	0	0	0	0	0	0	0	0	0	0	0	10	0	0	0	0	0	0	0	0	0	0	0	16	0
84406	Virgibacillus	0	25	0	0	38	82	0	0	0	0	0	0	0	0	0	0	0	0	0	0	0	0	0	0	0	0	0	11	0	0	0	0	21	0	0	0	0	0	0	0	0	0	0	0	0	0	0	0	0	0	0	0	0	0	0	0	0	0	0	0	0	0	0	0
84567	Pedobacter	0	0	0	0	0	0	0	0	0	25	0	0	0	0	0	164	0	0	0	0	0	0	0	0	0	0	0	0	0	0	0	0	0	0	0	0	0	0	0	0	0	0	0	0	0	0	0	0	0	88	0	0	0	0	0	0	0	0	0	0	0	0	0	0
84756	Beutenbergia	0	0	0	0	0	0	0	0	0	0	0	0	0	0	0	0	0	0	0	0	0	0	0	0	0	0	0	0	0	0	0	0	0	0	0	0	33	0	0	0	0	0	0	0	0	0	0	0	0	0	0	0	0	0	0	0	0	0	0	0	0	0	0	0
85043	Williamsia	23	0	0	61	0	0	0	0	33	0	0	0	0	0	0	0	0	0	0	0	0	0	0	0	0	16	0	0	0	0	0	0	0	0	0	0	0	0	0	0	0	0	142	0	0	0	0	0	0	0	0	0	23	0	0	0	0	0	0	0	0	0	0	31
85413	Bosea	0	50	115	0	25	0	0	1972	0	0	0	0	0	1044	748	0	0	0	0	0	0	0	57	0	0	204	0	0	0	66	0	0	41	0	269	0	0	0	55	0	0	187	0	0	19	0	0	1742	0	0	0	0	978	0	0	0	0	0	0	0	0	0	0	0
86331	Mogibacterium	0	438	669	15	98	694	0	541	41	293	224	13	328	0	81	0	422	0	0	0	90	10	16	0	0	97	0	627	173	0	175	0	248	0	326	0	1049	63	687	0	0	345	0	0	46	741	0	57	0	544	18	100	94	237	1230	59	480	11	363	0	38	38	545	0
88138	Modestobacter	0	37	35	0	0	0	0	0	89	0	0	0	0	0	0	0	0	0	0	0	0	0	0	0	0	25	0	0	0	0	0	64	0	0	108	0	11619	0	0	0	0	0	317	0	0	93	0	73	0	0	0	0	0	47	0	0	0	0	0	0	0	0	0	0
88723	Natrinema	0	0	0	0	0	0	0	0	0	0	615	0	0	0	0	0	0	0	0	0	0	0	0	0	0	0	0	0	0	0	0	0	0	0	0	0	0	0	0	0	0	0	0	0	0	0	0	0	0	0	0	0	0	0	0	0	0	0	0	0	0	0	0	0
88875	Ferribacterium	0	0	108	0	0	0	0	0	0	0	0	0	0	0	0	0	0	0	0	0	0	0	0	0	0	0	0	0	0	0	0	0	0	0	0	0	0	0	0	0	0	25	0	0	0	0	0	0	0	0	0	0	0	27	0	0	0	0	0	0	0	0	0	0
89092	Ignavigranum	0	0	0	0	0	41	0	29	0	21	0	0	0	0	0	0	0	0	0	0	0	14	0	0	0	0	0	0	0	0	0	0	0	0	0	0	0	0	10	0	0	27	0	0	0	0	0	0	0	0	0	0	0	13	0	0	13	0	21	0	0	0	0	0
89966	Hymenobacter	0	0	0	0	0	169	0	57	0	0	0	0	0	0	0	831	0	0	0	0	0	0	0	0	0	145	0	0	33	0	0	0	0	0	0	0	0	0	90	0	0	492	0	0	0	0	0	0	0	0	245	0	0	0	0	0	0	0	0	0	0	0	0	0
90243	Oligella	0	15	16	0	0	0	0	0	18	0	0	0	0	0	0	15	0	0	0	0	0	43	0	24	0	0	0	20	0	0	0	0	0	0	329	0	0	0	0	0	0	0	0	23	24	0	0	0	0	0	26	0	0	0	0	11	0	0	0	0	0	0	0	12
92793	Aquabacterium	0	0	0	0	336	24	53	105	63	19	0	55	12	0	0	47	18	0	0	25	0	0	35	0	111	50	19	76	0	136	53	71	38	169	67	28	37	36	102	0	52	33	0	0	0	0	50	0	31	12	38	18	40	13	0	25	0	0	11	0	0	0	0	0
93217	Pandoraea	0	0	0	0	0	0	0	0	0	0	0	0	0	0	0	0	0	0	0	0	0	0	0	0	0	0	0	0	0	0	0	0	0	0	0	0	0	0	0	0	0	0	0	13	0	0	0	0	0	0	0	0	0	0	0	0	0	0	13	0	0	0	0	0
93681	Roseateles	169	30	0	0	0	0	0	0	46	0	0	0	0	39	30	0	0	109	115	0	0	0	0	0	0	0	0	0	0	0	0	0	0	42	0	0	0	0	33	186	0	31	0	169	0	0	0	0	0	0	0	0	0	0	0	0	0	0	0	0	0	0	0	0
96492	Frigoribacterium	0	1187	0	0	0	0	0	0	0	0	0	0	0	0	0	0	0	0	0	0	0	0	0	0	0	52	0	0	0	0	0	0	0	0	0	0	2279	0	0	0	0	0	0	77	0	0	0	0	0	0	0	0	0	0	0	0	0	0	0	0	0	0	0	0
98402	Drechmeria	0	0	0	97	804	461	0	20	14	0	0	19	19	0	0	0	0	3570	4059	0	0	0	0	0	0	0	0	48	0	0	0	0	39	0	23	0	0	0	0	0	0	817	127	0	0	0	0	0	0	0	0	0	0	0	0	0	0	0	0	0	0	0	0	0
99479	Nostocoides	0	0	0	0	0	0	0	0	0	0	0	0	0	0	0	0	0	0	0	0	0	0	0	0	0	0	0	0	0	0	0	0	0	0	0	0	20	0	0	0	0	0	0	0	0	0	0	0	0	0	0	0	0	0	0	0	0	0	0	0	0	0	0	0
102106	Collinsella	0	29903	361	30	44	6820	29	29566	205	42561	63	13	1233	171	512	525	52587	0	21	0	276	137	0	0	0	141	0	390	55	0	361	0	179	0	933	0	271	105	108497	26	0	264	0	0	88	230	154	20863	0	175	26	1906	321	1676	7920	557	35895	0	783	13	492	65	13	26
102231	Gloeocapsa	0	0	0	0	0	0	0	0	0	0	0	0	0	0	0	0	0	0	0	0	0	0	0	0	0	0	0	0	0	0	0	0	0	0	0	0	40	0	0	0	0	0	0	0	0	0	0	35	0	0	0	0	0	0	0	0	0	0	0	0	0	0	0	62
102234	Cyanobacterium	0	0	0	16	0	0	0	0	0	0	0	0	0	0	0	0	0	0	0	0	0	0	0	0	0	0	0	0	0	0	0	0	0	0	0	0	0	0	0	0	0	0	0	0	0	0	0	0	0	0	0	0	0	0	0	0	0	0	0	0	0	0	0	0
104204	Streptomonospora	0	0	0	0	0	0	0	0	0	0	0	0	0	0	0	0	0	0	0	0	0	0	0	0	0	0	0	0	0	0	0	0	0	0	0	0	28	0	0	0	0	0	0	0	0	0	0	0	0	0	0	0	0	0	0	0	0	0	0	0	0	0	0	0
106589	Cupriavidus	0	1365	953	17582	101	270	153	293	85	123	89	97	0	433	550	137	36	191	571	230	52	0	149	133	0	361	0	996	8230	0	513	0	645	228	1737	0	919	67	604	38	113	1185	4691	0	585	0	90	81	240	478	174	1030	224	575	83	0	37	40	207	0	527	0	123	0
106591	Ensifer	0	0	0	0	0	0	0	25	0	0	0	0	0	78	76	0	0	0	0	0	0	0	0	0	0	0	0	0	0	0	0	0	0	0	0	0	0	0	0	0	0	0	0	0	0	0	67	0	0	0	44	0	0	0	0	0	0	0	0	0	0	0	0	0
106633	Thioalkalivibrio	0	0	0	0	0	0	0	0	0	0	0	0	0	0	0	0	0	16	11	0	0	0	0	0	0	0	0	0	0	0	0	0	0	0	0	0	0	0	0	0	0	0	0	0	0	0	0	0	0	0	0	0	0	0	0	0	0	0	0	0	0	0	0	0
110932	Leifsonia	0	0	0	6330	68	0	0	68	166	0	0	97	0	0	0	0	64	0	0	0	0	0	38	0	11	9062	0	13	0	0	0	0	43	69	99	0	3656	0	65	0	0	17	10668	0	0	30	0	0	0	18	39	0	0	0	0	113	0	28	281	0	0	0	100	0
110934	Agreia	0	0	0	0	0	0	0	0	0	0	0	0	0	0	0	0	0	0	0	0	0	0	0	0	0	0	0	0	0	0	0	0	0	0	0	0	228	0	0	0	0	0	0	0	0	0	0	0	0	0	0	0	0	0	0	0	0	0	0	0	0	0	0	0
113604	Tetrapisispora	0	0	0	0	0	0	0	0	0	0	0	0	0	0	0	0	0	66	0	0	0	0	0	0	0	0	0	0	0	0	0	0	0	0	0	0	0	0	0	0	0	0	0	0	0	0	0	0	0	0	0	0	0	0	0	0	0	0	0	0	0	0	0	0
114248	Tepidimonas	0	14	19	0	0	70	42	24	0	43	0	179	1511	124	55	0	43	0	0	0	0	0	0	0	0	14	0	84	0	0	17	0	26	0	215	0	0	0	142	0	0	16	0	0	15	22	0	0	0	111	16	588	0	28	0	0	19	0	44	0	0	0	0	0
116071	Micropruina	0	0	0	0	0	0	0	0	0	0	0	0	0	0	0	0	0	0	0	0	0	0	0	0	0	11	0	0	0	0	0	0	0	0	14	0	79	0	0	0	0	0	0	0	0	0	0	0	0	0	0	0	0	0	0	0	0	0	0	0	0	0	0	0
117156	Actinopolymorpha	0	0	0	0	0	0	0	0	0	0	0	0	0	0	0	0	0	0	0	0	0	0	0	0	0	0	0	0	0	0	0	0	0	0	0	0	12	0	0	0	0	0	0	0	0	0	0	0	0	0	0	0	0	0	0	0	0	0	0	0	0	0	0	0
117563	Granulicatella	382	4572	11350	1560	428	6956	29	69296	409	10244	7360	186	43455	107	1448	307	6652	0	145	195	19083	117	118	0	73	19171	24	10616	4672	57	1715	45	6200	104	7516	477	38450	82	1270	327	20	4023	52	65	872	1319	96	1247	369	15642	393	5809	909	4100	38031	147	3605	914	32159	46	2117	290	3992	64
118747	Bulleidia	0	14	12	0	0	32	0	0	0	20	0	0	0	0	0	0	0	0	0	0	0	0	0	0	0	0	0	0	0	0	0	0	0	0	0	0	0	0	28	0	0	0	0	0	0	0	0	0	0	11	0	0	0	0	0	0	0	0	0	0	0	0	0	0
119044	Filomicrobium	0	0	0	0	0	0	0	0	0	0	12	0	0	0	0	0	0	0	0	0	0	0	0	0	0	0	0	0	0	0	0	0	0	0	0	0	0	0	0	0	0	0	0	0	0	0	0	0	0	0	0	0	0	0	0	0	0	0	0	0	0	0	0	0
119977	Acidithiobacillus	0	0	0	0	0	0	0	0	0	0	0	0	0	0	0	0	0	0	0	0	0	0	0	0	0	0	0	0	0	0	0	0	0	0	0	0	0	0	0	0	0	0	0	0	0	0	0	0	0	0	0	12	0	0	0	0	0	0	0	0	0	0	0	0
120212	Subtercola	0	0	0	0	0	0	0	0	0	0	0	0	0	0	0	0	0	0	0	0	0	0	0	0	0	16	0	0	0	0	0	0	0	0	0	0	53	0	0	0	0	0	0	0	0	0	0	0	0	0	0	0	0	0	0	0	0	0	0	0	0	0	0	0
120831	Dyadobacter	0	29	0	0	0	0	0	0	0	0	0	0	0	0	0	0	0	0	11	0	0	0	0	0	0	0	0	0	0	0	0	0	0	0	0	0	0	0	0	0	0	0	0	0	30	0	0	0	0	0	0	0	0	0	0	0	0	0	0	0	0	0	0	0
122277	Pectobacterium	0	0	0	14909	87	1615	0	552	4256	161004	0	3524	319893	0	569	1022	35200	0	532	0	0	0	0	0	0	92	0	458	0	0	59	0	3035	23	2866	0	212	0	123	0	0	767	250	0	0	0	0	0	0	0	0	0	0	0	0	0	0	68	0	0	0	0	0	0
123375	Solobacterium	0	353	430	29	38	1265	0	237	48	766	545	0	963	0	78	27	470	0	0	0	70	0	12	0	0	263	0	572	139	0	297	0	373	0	251	18	1561	0	395	18	0	372	0	0	55	260	0	250	0	370	0	109	105	217	3089	20	512	0	600	0	91	0	243	0
124426	Ustilaginoidea	0	0	0	645	452	244	0	26	18	13	0	0	186	0	0	0	0	1376	1624	0	0	0	0	0	0	0	0	73	0	0	0	0	24	0	31	0	0	0	0	0	0	286	1241	0	0	0	0	0	0	0	0	0	0	0	0	0	0	0	0	0	0	0	0	0
125216	Roseomonas	0	194	243	0	0	219	0	179	0	0	0	49	251	249	263	0	0	0	0	0	46	0	0	0	0	523	0	0	0	0	78	0	67	0	0	43	19589	0	61	103	0	0	184	0	0	0	0	1331	0	16118	0	518	436	51	0	0	82	0	43	0	39	0	0	0
125287	Ornithinimicrobium	0	41	23	0	21	15	0	10	33	18	0	0	22	0	0	0	15	0	0	0	0	30	43	0	0	246	0	32	0	0	33	0	137	0	36	0	158	0	0	0	0	24	0	0	0	29	0	19	0	46	12	0	10	25	36	0	14	0	0	0	0	85	17	0
129337	Geobacillus	0	0	168	0	0	0	0	0	0	2415	0	446	0	0	0	0	0	0	0	0	0	0	0	0	0	0	0	0	0	0	0	0	878	0	912	0	245	0	0	0	0	0	0	0	0	0	0	0	0	0	0	0	0	0	0	0	0	0	0	0	0	0	0	0
130795	Crossiella	0	0	0	0	0	0	0	0	0	0	0	0	0	0	0	0	0	0	0	0	0	0	0	0	0	0	0	0	0	0	0	0	0	0	0	0	42	0	0	0	0	0	0	0	0	0	40	0	0	0	0	0	0	0	0	0	0	0	0	0	0	0	0	0
131079	Limnobacter	0	0	17	0	0	0	0	0	0	0	0	0	0	0	0	0	0	0	0	0	0	0	0	0	0	0	0	0	0	0	0	0	0	0	0	0	0	0	0	0	0	0	0	0	15	0	0	0	0	0	0	0	0	0	0	0	0	0	0	0	0	0	0	0
133925	Olsenella	0	1619	251	79	12	2518	0	473	14	435	18	0	1394	0	84	0	200	0	0	30	36	0	0	0	0	35	0	311	11	0	182	0	367	0	168	0	179	0	33	15	0	328	0	0	68	35	0	18	0	310	0	317	42	274	13	0	1042	0	262	0	12	0	39	0
135575	Idiomarina	0	0	0	0	0	0	0	0	0	0	0	0	0	0	0	0	0	0	0	0	0	0	0	0	0	0	0	0	0	0	0	0	0	0	0	0	0	0	0	0	0	12	0	0	0	0	0	0	0	0	0	0	0	0	0	0	0	0	0	0	0	0	0	0
135858	Catenibacterium	0	101	13	0	0	27	0	40	0	238	17	0	0	27	0	27	708	0	0	0	0	0	0	0	0	15	0	0	0	0	0	0	0	0	0	0	21	0	1010	0	0	86	0	0	0	0	0	19	0	0	0	0	0	26	39	0	100	0	0	0	21	0	0	0
141450	Oleiphilus	0	0	0	0	0	0	0	0	0	0	0	0	0	0	0	0	0	13	0	0	0	0	0	0	0	0	0	0	0	0	0	0	0	0	0	0	0	0	0	0	0	0	0	0	0	0	0	0	0	0	0	0	0	0	0	0	0	0	0	0	0	0	0	0
141948	Thermomonas	0	0	0	0	0	0	0	0	0	0	0	0	0	0	0	0	0	0	0	0	0	39	0	0	0	53	0	20	0	0	0	0	0	124	22	0	0	0	0	0	0	24	0	0	0	0	0	1686	0	0	0	0	338	0	0	0	0	0	0	0	0	0	0	0
146784	Bacteriovorax	0	0	0	0	0	0	0	0	0	0	0	0	0	0	0	0	0	0	0	0	0	0	0	0	0	0	0	0	0	0	0	0	0	0	0	0	0	0	0	0	0	0	0	0	0	0	0	0	0	0	0	0	0	0	0	0	0	0	0	0	0	23	0	0
146918	Salinibacter	0	0	0	0	0	0	0	0	0	0	0	0	0	0	0	0	0	0	0	0	0	0	0	0	0	0	0	0	0	0	0	0	0	0	0	0	0	0	0	0	0	0	0	0	33	0	0	0	0	0	0	0	0	0	10	0	0	0	0	0	0	0	0	0
146936	Azonexus	0	0	43	0	0	0	0	0	0	0	0	0	0	0	0	0	0	0	0	0	0	0	0	0	0	0	0	0	0	0	0	0	0	0	0	0	0	0	0	0	0	0	0	0	0	0	0	0	0	0	0	0	0	0	0	0	0	0	0	0	0	0	0	0
146937	Azospira	0	0	48	0	0	0	0	0	0	0	0	0	0	0	0	0	0	0	0	0	0	0	0	0	0	269	0	0	0	0	0	0	0	0	0	0	0	0	26	0	0	54	0	0	24	0	0	0	0	0	98	0	0	33	0	0	0	0	0	0	0	0	0	0
149698	Massilia	37	144	410	94	110	226	0	587	0	0	0	0	0	0	24	448	91	0	0	38	26	82	57	0	21	993	0	144	138	31	874	401	667	32	796	0	716	0	700	0	0	396	0	24	101	0	0	170	275	335	81	103	698	87	0	46	0	34	323	0	0	281	20	0
150022	Finegoldia	380	4813	6278	357	473	4608	88	25698	616	2606	984	132	1955	196	2006	552	8432	0	117	140	1679	3318	204	11	63	1729	113	22975	171	151	9952	111	12267	371	13557	308	8774	153	49640	283	136	12649	37	67	699	614	132	9607	74	4509	571	1880	2504	6696	1769	1540	30774	63	2554	1943	557	43	369	184
150247	Anoxybacillus	25	0	441	0	40	74	64	179	45	1133	44	144	136	0	0	0	0	0	0	0	91	77	0	0	0	41	0	0	40	0	0	0	481	0	472	0	0	0	111	214	0	0	0	0	0	0	0	0	0	94	0	40	0	0	94	0	0	0	0	0	0	0	122	0
150366	Akanthomyces	0	0	0	221	256	223	0	13	18	14	0	0	42	0	0	0	0	4771	5455	0	0	0	0	0	0	0	0	26	0	0	0	0	0	0	22	0	0	0	0	0	0	1061	414	0	35	0	0	0	0	0	0	0	0	0	0	0	0	0	0	0	0	0	0	0
150830	Roseibium	0	0	0	0	0	0	0	0	0	0	0	0	0	128	83	0	0	0	195	0	0	0	0	0	0	0	0	0	0	0	0	0	0	0	0	0	0	0	0	0	0	0	0	0	0	0	0	0	0	0	0	0	0	0	0	0	0	0	0	0	0	0	0	0
152053	Starkeya	0	0	0	0	0	0	0	0	0	0	0	0	0	33	23	0	0	0	0	0	0	0	0	0	0	0	0	0	0	0	0	0	0	0	0	0	18	0	0	0	0	0	0	0	0	0	0	0	0	0	0	0	0	0	0	0	0	0	0	0	0	0	0	0
152161	Stappia	0	0	0	0	0	0	0	0	0	0	0	0	0	30	27	0	0	0	0	0	0	0	0	0	0	0	0	0	0	0	0	0	0	0	0	0	0	0	0	0	0	0	0	0	0	0	0	0	0	0	0	0	0	0	0	0	0	0	0	0	0	0	0	0
152267	Pigmentiphaga	0	0	0	0	0	0	0	0	0	0	0	0	0	0	0	0	0	0	0	0	0	0	0	0	0	0	0	0	0	0	0	0	14	0	0	0	0	0	0	0	0	0	0	0	0	0	0	0	0	0	0	0	0	0	0	0	0	0	0	0	0	0	0	0
154116	Georgenia	0	0	14	0	0	0	0	0	0	0	0	0	0	0	0	12	0	0	15	0	0	0	0	0	0	0	0	0	0	0	0	0	55	0	0	0	213	0	0	0	0	0	0	0	0	0	0	0	0	0	0	0	0	0	0	0	0	0	0	0	0	0	0	0
155493	Gallibacterium	0	0	12	0	0	0	0	0	0	0	0	0	0	0	0	0	0	0	0	0	0	0	0	0	0	17	0	0	22	0	0	0	0	0	0	0	0	0	20	0	0	0	0	0	0	0	0	0	0	0	0	0	0	0	21	0	0	0	0	0	0	0	0	0
156973	Dysgonomonas	0	0	0	0	0	0	0	0	0	0	15	22	0	0	0	0	0	0	10	0	0	0	0	0	0	0	0	0	0	0	0	0	0	0	0	0	0	0	0	0	0	0	0	0	0	0	0	0	0	0	0	0	0	0	0	0	0	0	0	0	0	0	0	0
157920	Cellulosimicrobium	0	0	0	0	0	0	0	0	0	25	0	0	0	0	0	0	0	0	0	0	0	0	0	0	0	0	0	0	0	0	68	0	0	0	0	0	156	0	0	0	0	0	0	0	0	0	90	0	0	0	0	0	0	0	0	0	0	0	0	0	0	94	0	0
158483	Cedecea	0	0	0	0	0	0	0	0	0	0	0	0	18	0	0	0	0	0	0	0	0	0	0	0	0	0	0	0	0	0	0	0	0	0	0	0	0	0	0	0	0	0	0	0	0	0	0	0	0	0	0	0	0	0	0	0	0	0	0	0	24	0	0	0
158846	Megamonas	0	12	22	0	0	0	0	11	0	0	16	0	0	0	0	25	334	0	0	0	0	68	0	0	0	0	0	0	0	0	0	0	0	17	742	0	0	199	93390	0	0	0	0	0	11	0	0	0	0	0	0	0	0	14	878	129	1026	0	0	0	0	0	0	0
160674	Raoultella	0	0	0	0	0	0	24	35	0	285	0	0	1171	0	0	0	107	0	0	0	0	33	0	0	0	0	0	44	0	0	0	43	0	0	0	0	0	0	30	0	93	0	0	35	0	0	0	0	0	0	0	0	0	0	0	0	0	0	0	0	0	0	0	77
160795	Ureibacillus	0	0	0	0	0	0	0	0	0	0	0	0	0	0	0	0	0	0	0	0	0	0	0	0	0	0	0	0	0	0	0	0	0	0	0	0	0	0	0	0	0	0	0	0	0	0	0	0	0	0	0	0	0	48	0	0	0	0	0	0	0	0	0	0
161492	Anaeromyxobacter	0	0	0	0	0	0	0	0	0	0	0	0	0	65	56	0	0	0	0	0	0	0	0	0	0	0	0	0	0	0	0	0	0	0	0	0	0	0	0	0	0	0	0	0	0	0	0	0	0	0	0	0	0	0	0	0	0	0	0	0	0	0	0	0
162027	Haliangium	0	0	0	0	0	0	0	0	0	0	0	0	0	12	0	0	0	0	0	0	0	0	0	0	0	0	0	0	0	0	0	0	0	0	0	0	0	0	0	0	0	0	0	0	0	0	0	0	0	0	0	0	0	0	0	0	0	0	0	0	0	0	0	0
162289	Peptoniphilus	56	2839	4193	344	216	883	19	5568	167	1920	360	31	801	195	875	226	4520	0	84	48	2446	539	0	0	0	728	31	11997	131	84	5221	37	6861	185	7456	120	4865	50	34238	301	73	6551	0	30	471	100	79	6636	0	1751	133	398	585	1790	676	536	10855	0	703	34	104	0	206	113
162491	Oerskovia	0	0	0	0	0	0	0	0	0	0	0	0	0	0	0	0	0	0	0	0	0	0	0	0	0	0	0	0	0	0	0	0	0	0	0	0	34	0	0	0	0	0	0	0	0	0	0	0	0	0	0	0	0	0	0	0	0	0	0	0	0	0	0	0
165301	Lentzea	0	0	40	0	0	0	0	0	0	0	0	0	0	0	0	0	0	0	0	0	0	0	0	0	0	0	0	0	0	0	0	0	0	0	0	0	145	0	0	0	0	0	0	0	0	0	0	0	0	0	0	94	0	0	0	0	0	0	0	0	0	0	0	0
165695	Sphingobium	190	1239	6227	459	566	300	250	1317	641	3020	0	557	175	70	676	1116	164	0	0	246	260	427	428	0	359	1628	225	948	454	462	742	965	990	1250	814	266	12449	428	798	190	343	1014	317	0	402	356	2929	914	333	1022	748	2801	697	506	0	363	0	239	356	0	2555	105	918	228
165696	Novosphingobium	0	122	295	0	0	0	0	68	0	274	0	66	0	132	323	0	0	0	0	83	0	113	0	0	0	234	0	244	104	0	83	0	217	93	94	0	349	0	153	18	0	197	0	29	0	0	0	0	0	0	34	104	46	108	0	0	0	0	49	0	0	0	33	0
165697	Sphingopyxis	0	0	173	0	0	74	0	1907	0	96	0	0	0	0	0	0	0	0	0	0	0	0	0	0	86	125	0	142	157	0	145	0	83	268	122	57	147	0	0	0	0	0	0	77	0	0	996	50	0	0	0	85	73	0	0	0	0	0	0	0	0	0	0	0
165779	Anaerococcus	18	2479	3731	317	190	3604	96	20221	191	1170	410	21	1512	223	1402	429	7651	0	46	56	750	7767	27	0	0	620	0	4149	191	22	2253	22	2176	57	2556	113	2638	28	8109	128	21	3268	88	18	539	502	57	18705	41	2072	284	1191	3216	4204	3575	424	9855	0	2427	1099	408	24	275	0
166953	Kaistia	0	0	0	0	0	0	0	0	0	0	0	0	0	0	0	0	0	0	0	0	0	0	0	0	0	0	0	0	0	0	0	0	21	0	0	0	0	0	0	0	0	0	0	0	0	0	0	0	0	0	0	0	0	0	0	0	0	0	0	0	0	0	0	0
168808	Sneathia	0	0	10	0	24	0	0	67	58	0	0	0	0	0	0	251	0	0	0	0	0	23	0	0	0	16	0	32	0	0	0	0	0	0	18	0	0	0	49	0	0	0	0	11	0	0	0	0	0	0	0	0	0	0	0	0	0	0	0	0	0	0	0	0
169055	Nordella	0	0	13	0	0	0	0	0	0	0	0	0	0	32	36	0	0	0	0	0	0	0	0	0	0	0	0	0	0	0	0	0	0	0	0	0	0	0	0	0	0	0	0	0	0	0	0	0	0	0	0	0	0	0	0	0	0	0	0	0	0	0	0	0
169133	Citricoccus	0	30	0	0	0	0	0	0	16	0	0	0	0	0	0	0	0	0	0	0	0	18	0	0	0	19	0	0	56	0	39	0	0	0	0	0	315	0	91	0	0	0	0	0	0	0	0	0	0	0	0	0	0	0	0	0	0	0	0	0	0	275	0	0
171436	Tistrella	0	0	0	0	0	0	0	0	0	20	0	0	0	0	0	72	0	0	0	0	0	0	0	0	0	0	0	0	0	0	0	0	0	0	0	0	0	0	0	0	0	0	0	0	0	0	0	0	0	0	0	0	0	0	0	0	0	0	0	0	0	627	0	0
174951	Ramlibacter	0	0	34	0	0	0	0	0	0	0	0	0	0	0	0	0	0	0	0	0	0	0	0	0	0	0	0	0	0	0	0	0	0	0	0	0	0	0	0	0	0	0	0	0	0	0	0	0	0	0	0	0	0	0	0	0	0	0	0	0	0	0	0	0
178440	Opitutus	0	0	0	0	0	0	0	0	0	0	0	0	0	13	0	0	0	0	0	0	0	0	0	0	0	0	0	0	0	0	0	0	0	0	0	0	0	0	0	0	0	0	0	0	0	0	0	0	0	0	0	0	0	0	0	0	0	0	0	0	0	0	0	0
182269	Aurantimonas	0	0	0	0	0	0	0	0	0	0	0	0	0	39	22	0	0	0	0	0	0	56	0	0	0	0	0	0	0	0	0	0	0	0	0	0	0	0	0	0	0	0	0	0	0	0	0	0	0	0	0	0	0	0	0	0	0	0	0	0	0	0	0	0
182639	Kribbella	0	0	0	0	0	0	0	0	0	0	0	0	0	0	0	0	0	0	0	0	0	0	0	0	0	0	0	0	0	0	0	0	0	0	0	0	238	0	0	0	0	0	0	0	0	0	61	0	0	0	0	0	0	0	0	0	0	0	0	0	0	0	0	0
182709	Oceanobacillus	0	0	0	0	0	0	0	0	0	0	0	0	0	0	0	0	0	0	0	0	0	0	0	0	0	0	0	0	149	0	0	0	0	0	0	0	0	0	0	0	0	14	0	0	0	0	0	0	0	0	0	0	0	0	0	0	0	0	0	0	0	0	0	0
184869	Varibaculum	0	179	529	88	14	102	0	334	0	175	109	0	35	0	92	30	425	0	0	16	114	11	0	0	0	162	0	474	30	47	756	0	328	0	611	29	1259	13	1224	10	13	1497	0	0	49	32	0	172	0	96	0	111	207	1127	104	170	4087	0	520	0	26	0	31	0
186188	Xylanimonas	0	0	0	0	0	0	0	0	0	0	0	0	0	0	0	0	0	0	0	0	0	0	0	0	0	0	0	0	0	0	0	0	0	0	0	0	70	0	0	0	0	0	0	0	0	0	18	0	0	0	0	0	0	0	0	0	0	0	0	0	0	0	0	0
186650	Microvirga	0	0	50	0	0	0	0	0	0	0	0	0	0	1173	892	0	0	0	0	0	0	0	0	0	0	204	0	0	0	0	26	0	0	0	0	0	0	0	0	0	0	0	0	0	0	0	0	0	0	55	0	0	239	0	0	0	0	0	0	0	0	0	0	0
189330	Dorea	0	36569	434	23	407	12741	34	9650	470	33021	86	0	212	0	334	956	20857	0	0	0	363	518	0	27	0	164	0	209	0	0	423	0	69	19	2482	0	244	263	205276	35	0	237	0	0	63	196	258	12203	0	101	24	914	264	1377	10385	1252	15463	0	1402	0	692	0	60	309
190323	Plantibacter	0	0	0	3405	0	0	0	0	0	0	0	0	0	0	0	0	0	0	0	0	0	0	0	0	0	2589	0	62	0	0	0	0	0	0	0	0	289	0	0	0	0	0	6119	0	0	0	0	0	0	0	0	0	0	0	0	0	0	0	0	0	0	0	0	0
191028	Leisingera	0	0	0	0	0	0	0	0	0	0	0	0	0	27	26	0	0	0	0	0	0	0	0	0	0	0	0	0	0	0	0	0	0	0	0	0	0	0	0	0	0	0	0	0	0	0	0	0	0	0	0	0	0	0	0	0	0	0	0	0	0	0	0	0
191303	Turicibacter	297	7795	0	0	0	0	0	0	137	26	0	160	0	118	93	0	36	0	0	0	0	8259	0	0	0	0	0	12	0	0	0	0	0	0	14	0	58	18	454	0	0	0	0	0	0	0	0	338	0	0	0	0	465	62	792	1044	284	0	0	195	0	0	284	1338
191494	Conexibacter	0	0	73	0	0	0	0	0	0	0	0	0	0	0	0	0	0	0	0	0	0	0	97	0	0	62	0	0	0	0	0	0	0	0	0	0	26	0	0	0	0	0	0	0	0	0	148	0	0	0	0	0	0	0	0	0	0	0	0	0	0	0	0	0
191769	Marinilactibacillus	0	80	22	0	0	0	0	0	0	0	0	0	0	0	0	0	0	0	0	0	0	0	0	0	0	0	0	0	0	0	0	0	0	0	0	0	74	0	53	0	0	29	0	0	78	0	0	0	0	189	0	0	0	30	0	0	0	0	0	0	0	0	0	0
195950	Tannerella	64	930	1944	86	93	11985	0	583	232	3780	388	0	515	0	202	27	866	22	0	20	1130	13	0	0	0	490	0	710	331	0	264	0	539	0	410	0	3360	22	59	26	0	584	0	51	147	25	0	281	0	652	60	1425	189	1033	1144	13	192	481	2824	0	217	16	100	0
196013	Caldimonas	48	21	288	0	54	283	0	187	52	325	0	204	839	0	27	0	296	0	0	0	11	0	33	32	0	153	0	127	0	0	132	0	151	80	897	0	54	0	90	26	40	88	0	297	0	149	64	79	29	818	228	2177	69	111	13	0	138	0	303	0	0	0	29	36
196082	Parascardovia	0	0	0	0	0	0	0	0	0	0	0	0	0	0	0	15	0	0	0	0	0	0	0	0	0	0	0	0	0	0	0	0	0	0	0	0	0	0	0	0	0	0	0	0	0	0	0	0	0	0	0	0	0	0	0	0	0	0	0	0	0	0	166	0
201096	Alicycliphilus	0	0	0	0	0	0	0	34	0	26	0	0	0	0	0	0	0	0	0	0	0	0	0	0	0	50	0	46	0	0	0	0	0	129	52	0	24	0	0	0	0	0	0	0	193	0	0	266	0	0	0	0	253	0	0	0	0	0	0	0	0	98	0	0
202907	Collimonas	0	0	0	0	0	0	0	0	0	0	0	0	0	32	0	0	0	0	0	0	0	0	0	0	0	0	0	0	0	0	0	0	0	0	0	0	0	0	0	0	0	0	0	0	0	0	0	0	0	0	0	0	0	0	0	0	0	0	0	0	0	0	0	0
204037	Dickeya	0	0	0	23	0	0	0	0	0	324	0	0	806	0	0	0	52	0	0	0	0	0	0	0	0	0	0	0	0	0	0	0	0	0	0	0	0	0	0	0	0	0	0	0	0	0	0	0	0	0	0	0	0	0	0	0	0	0	0	0	0	0	0	0
204447	Skermanella	283	0	0	2787	0	0	0	0	0	0	0	0	0	0	0	0	0	0	0	0	0	0	0	0	0	0	0	0	0	0	0	0	0	265	0	0	0	0	0	0	0	0	36287	0	0	0	118	47	0	0	0	0	314	0	0	0	0	0	0	0	0	0	60	0
204456	Gemmobacter	0	0	0	0	0	0	0	0	0	0	0	0	0	0	0	0	0	0	0	0	0	0	0	0	0	0	0	0	0	0	0	0	0	0	0	0	0	0	0	0	0	0	0	0	0	0	0	47	0	0	0	0	0	0	0	0	0	0	0	0	0	0	0	0
207244	Anaerostipes	0	7164	524	29	315	13058	29	8403	461	22046	133	21	191	0	327	1193	31509	0	0	138	276	525	18	0	0	132	0	164	30	0	188	0	183	50	4702	0	150	1194	714473	26	0	143	0	0	48	144	864	6088	0	93	27	256	259	816	7323	1792	19887	0	470	45	923	0	54	94
212742	Morococcus	40	1403	372	151	222	2483	0	637	82	23097	172	36	1654	0	358	35	552	0	50	73	144999	0	0	0	0	2218	0	1583	56	0	329	0	780	0	752	0	959	0	0	0	0	1377	0	0	141	99	0	186	0	465	0	383	786	1165	4804	35	336	162	1197	0	73	0	45	0
212743	Rhizobacter	0	0	13	0	0	0	0	0	0	0	0	0	0	0	0	0	0	0	0	0	0	0	0	0	0	0	0	0	0	0	0	0	0	0	0	0	0	0	0	0	0	0	0	0	0	0	0	0	0	0	0	0	0	0	0	0	0	0	0	0	0	0	0	0
212744	Rugamonas	0	0	0	0	0	0	0	0	0	0	0	0	0	0	21	0	0	0	0	0	0	0	0	0	0	0	0	0	0	0	0	0	0	0	0	0	0	0	0	0	0	0	0	0	0	0	0	0	0	0	0	0	0	0	0	0	0	0	0	0	0	0	0	0
212791	Enhydrobacter	0	0	0	0	0	0	0	0	0	0	0	0	0	11	16	0	0	0	0	0	0	0	0	0	0	26	0	0	0	0	0	0	0	0	0	0	0	0	0	0	0	0	0	0	0	0	0	0	0	0	0	0	0	0	0	0	0	0	0	0	0	0	0	0
213485	Micavibrio	0	0	0	0	0	0	0	0	0	0	0	0	0	0	0	0	0	0	0	0	0	0	0	0	0	0	0	0	0	0	0	0	0	0	0	0	0	0	0	0	0	0	0	0	35	0	0	0	0	0	0	0	0	0	0	0	0	0	0	0	0	0	0	0
214906	Histophilus	0	0	0	0	0	0	0	0	0	0	0	0	0	0	0	0	0	0	0	0	0	0	0	0	0	19	0	0	0	0	0	0	0	0	0	0	0	0	0	0	0	0	0	0	0	0	0	0	0	0	0	0	0	0	0	0	0	0	0	0	0	0	0	0
216851	Faecalibacterium	0	297758	1382	0	471	9107	81	42007	548	108367	186	69	507	51	583	2273	49697	0	31	107	762	1387	40	0	0	393	0	724	28	0	933	0	173	0	1755	100	602	200	185153	0	0	1117	0	0	365	708	2972	26600	0	139	121	804	799	3914	31896	2026	53342	31	1832	0	1680	0	80	2293
219181	Ottowia	0	77	86	131	0	65	0	240	51	12676	13	0	95	0	35	0	166	0	0	0	749	0	0	0	0	35	29	135	0	0	41	0	1449	0	97	0	50	0	0	0	0	196	161	0	45	0	0	338	0	121	0	104	307	1725	47	0	174	0	233	0	283	0	0	0
227873	Pannonibacter	0	49	201	0	0	0	0	223	0	128	99	0	48	33	51	0	98	0	0	0	0	0	0	0	0	0	0	0	0	0	0	0	0	0	0	0	0	0	0	0	0	0	0	0	385	0	0	458	0	0	0	0	160	0	0	0	0	0	0	0	0	349	0	122
227979	Jeotgalicoccus	22	3918	764	0	0	66	0	1062	0	37	257	0	0	0	30	19	36	0	0	0	0	29	0	0	0	59	0	84	0	12	1415	0	187	0	152	206	13460	11	4561	69	0	1027	0	37	2252	0	13	704	35	0	0	0	30	180	0	0	14	0	83	0	63	0	87	98
228398	Streptacidiphilus	0	0	0	0	0	0	0	0	0	0	0	0	0	0	0	0	0	0	0	0	0	0	0	0	0	0	0	0	0	0	0	0	0	0	0	0	58	0	0	0	0	0	0	0	0	0	0	0	0	0	0	0	0	0	0	0	0	0	0	0	0	0	0	0
235888	Salinibacterium	0	0	0	0	0	0	0	0	0	0	0	0	0	0	0	0	0	0	0	0	0	0	0	0	0	57	0	0	0	0	0	0	0	0	0	0	1125	0	0	0	0	0	0	0	0	0	0	0	0	0	0	0	0	0	0	0	0	0	0	0	0	0	0	0
236752	Fastidiosipila	0	0	0	0	0	0	0	52	0	0	0	0	0	0	0	0	28	0	0	0	0	13	0	0	0	0	0	101	0	0	58	0	75	0	96	0	52	0	348	0	0	63	0	0	0	0	0	16	0	0	56	0	21	0	0	0	42	0	0	0	0	0	0	0
238749	Diaphorobacter	628	0	316	0	0	0	0	1407	1032	313	561	0	0	0	0	897	0	0	0	481	0	0	247	823	0	600	0	923	0	0	513	0	0	386	934	0	492	216	1062	402	0	582	0	0	309	0	772	0	300	0	0	0	0	0	0	459	0	0	0	0	0	8182	266	300
239759	Alistipes	0	3111	292	0	0	521	0	4807	244	23509	0	0	84	0	94	104	5250	0	0	0	232	15	0	0	0	117	0	298	0	0	134	0	36	0	619	0	141	77	49180	0	0	202	0	0	34	44	45	3876	0	0	0	113	134	566	1037	147	2336	0	378	0	585	0	0	18
239934	Akkermansia	0	5294	83	0	29	576	0	2973	153	7837	0	63	524	0	63	77	764	0	0	0	19	161	0	0	0	0	0	26	0	0	101	0	14	0	41	0	55	151	5491	0	0	56	0	0	37	88	28	1807	0	24	37	494	49	307	2072	1235	4968	0	42	0	0	0	0	0
241421	Crinalium	0	0	0	0	0	0	0	0	0	0	0	0	0	0	0	0	0	0	0	0	0	0	0	0	0	0	0	0	0	0	0	0	0	0	0	0	0	0	0	0	0	0	0	0	0	0	0	39	0	0	0	0	0	0	0	0	0	0	0	0	0	0	0	34
242605	Luteibacter	0	0	0	0	0	0	0	0	0	0	0	0	0	17	0	0	0	0	0	0	0	0	0	0	0	0	0	0	0	0	0	0	0	0	0	0	0	0	0	0	0	0	0	0	0	0	0	0	0	0	0	0	0	0	0	0	0	0	0	0	0	0	0	0
243023	Pochonia	0	0	0	223	0	0	0	0	14	0	0	0	27	0	0	0	0	1156	1243	0	0	0	0	0	0	0	0	18	0	0	0	0	0	0	0	0	0	0	0	0	0	308	355	0	0	0	0	0	0	0	0	0	0	0	0	0	0	0	0	0	0	0	0	0
244127	Anaerotruncus	0	388	24	0	18	124	0	334	16	1423	0	0	0	0	0	21	530	0	0	0	0	0	0	0	0	0	0	0	0	0	0	0	0	0	39	0	0	0	5588	0	0	0	0	0	0	16	121	237	0	0	0	0	0	23	198	51	645	0	47	0	20	0	0	0
245876	Nitratireductor	0	0	13	0	0	0	0	0	0	0	0	0	0	109	55	0	0	0	0	0	0	0	0	0	0	0	0	0	0	0	0	0	0	0	0	0	0	0	0	0	0	0	0	0	0	0	0	0	0	0	0	0	0	0	0	0	0	0	0	0	0	0	0	0
248744	Marvinbryantia	0	153	0	0	0	59	0	74	0	210	0	0	0	0	0	0	196	0	0	0	0	0	0	0	0	0	0	0	0	0	0	0	0	0	22	0	0	0	2000	0	0	0	0	0	0	0	0	35	0	0	0	0	0	0	60	21	115	0	0	0	0	0	0	0
252356	Maribacter	0	0	0	0	0	0	0	0	17	18	0	0	0	0	0	0	0	0	0	0	0	0	0	0	0	0	0	0	0	0	0	0	0	0	0	0	0	0	0	0	0	0	0	0	0	0	0	0	0	0	0	0	0	0	0	0	0	0	0	0	0	0	0	0
253238	Ethanoligenens	0	14	0	0	0	0	0	0	0	0	0	0	0	0	0	0	0	0	0	0	0	0	0	0	0	0	0	0	0	0	0	0	0	0	0	0	0	0	42	0	0	0	0	0	0	0	0	0	0	0	0	0	0	0	0	0	0	0	0	0	0	0	0	0
254250	Isoptericola	0	0	0	0	0	0	0	0	0	0	0	0	0	0	0	0	0	0	0	0	0	0	0	0	0	0	0	0	0	0	0	0	0	0	0	0	216	0	0	0	0	0	0	0	0	0	62	0	0	0	0	0	0	0	0	0	0	0	29	0	0	0	0	0
255204	Pseudoclavibacter	0	785	358	0	0	287	0	218	0	13	0	0	0	92	74	0	53	0	0	0	0	577	0	0	0	15	0	12	0	0	50	0	0	0	0	0	163	0	29	0	0	30	0	0	0	38	0	94	0	28	0	0	145	331	161	0	131	0	69	0	0	0	0	0
256616	Parvibaculum	0	0	0	0	0	0	0	0	0	0	0	0	0	0	0	0	0	0	0	0	0	0	0	0	0	0	0	0	0	0	0	0	0	0	0	0	0	0	0	0	0	0	212	0	0	0	0	40	0	0	0	0	0	0	0	0	0	0	0	0	0	0	0	0
256818	Gulosibacter	0	786	0	0	0	0	0	0	0	0	0	0	0	0	0	0	0	0	0	0	0	214	89	0	0	0	33	0	0	0	0	0	0	0	30	0	1031	43	0	0	0	0	0	0	0	70	0	292	0	0	0	0	613	37	0	0	0	0	0	0	0	0	54	0
261933	Pleomorphomonas	61	0	0	0	0	79	0	892	71	111	17	93	0	20	21	183	0	0	0	0	0	0	0	23	0	0	0	0	0	0	0	0	0	0	0	0	0	0	0	152	0	0	0	21	84	0	0	0	0	0	0	0	0	0	0	0	0	0	0	0	44	2667	30	48
263370	Peredibacter	0	0	0	0	0	0	0	0	0	0	0	0	0	0	0	0	0	0	0	0	0	0	0	0	25	0	0	0	0	0	0	0	0	0	0	0	0	0	0	0	0	16	0	10	0	0	0	104	0	0	0	0	144	0	0	0	0	0	0	0	0	0	0	0
265976	Serinicoccus	0	0	0	0	0	0	0	0	23	0	0	0	0	0	0	144	0	0	0	34	0	0	0	0	0	22	0	0	0	0	0	0	22	0	0	0	89	0	0	0	0	0	0	0	0	0	0	0	16	0	0	0	18	0	0	0	0	14	0	0	0	0	0	0
267408	Arsenicicoccus	0	173	0	0	0	0	0	0	0	0	0	0	0	0	0	0	0	0	0	0	0	0	0	0	0	0	0	0	0	0	0	0	0	0	0	0	73	0	0	0	0	0	0	0	0	0	0	0	0	0	0	0	0	0	0	0	0	0	0	0	0	0	0	0
278028	Naumovozyma	0	0	0	64	0	0	0	0	0	0	0	0	0	0	0	0	0	0	88	0	0	0	0	0	0	0	0	0	0	0	0	0	0	0	0	0	0	0	0	0	0	0	130	0	0	0	0	0	0	0	0	0	0	0	0	0	0	0	0	0	0	0	0	0
281472	Jiangella	0	0	0	0	0	0	0	0	0	0	0	0	0	0	10	0	0	0	0	0	0	0	0	0	0	0	0	0	0	0	0	0	0	0	0	0	51	0	0	0	0	0	0	0	0	0	0	0	0	0	0	0	0	0	0	0	0	0	0	0	0	0	0	0
283168	Odoribacter	0	78	15	0	0	22	0	556	70	3048	0	0	0	0	0	24	506	0	0	0	0	0	0	0	0	33	0	65	0	0	52	0	18	0	58	0	20	23	6144	0	0	48	0	0	23	0	0	477	0	0	0	22	13	76	48	31	226	0	40	0	49	0	0	0
292486	Avibacterium	0	0	0	0	0	0	0	0	0	152	0	0	17	0	0	0	0	0	0	0	0	0	0	0	0	0	0	0	0	0	0	0	0	0	0	0	0	0	0	0	0	0	0	0	0	0	0	0	0	0	0	0	0	0	0	0	0	0	0	0	0	0	0	0
292632	Subdoligranulum	0	2342	10	0	0	1015	0	631	0	1444	0	0	18	0	15	38	1264	0	0	0	14	0	0	0	0	0	0	0	0	0	21	0	0	0	20	0	0	0	3406	0	0	0	0	0	0	30	41	400	0	0	0	22	0	31	639	24	1357	0	29	0	18	0	0	0
293088	Martelella	0	0	0	0	0	0	0	0	0	0	0	0	0	0	0	0	0	0	0	0	0	0	0	0	0	0	0	0	0	0	0	0	0	0	0	0	0	0	0	0	0	0	16	0	0	0	74	0	0	0	0	0	0	0	0	0	0	0	0	0	0	0	0	0
293431	Haloquadratum	0	50	0	0	0	0	0	0	0	0	22	0	0	0	0	0	0	0	0	0	0	0	0	0	0	0	0	0	0	0	0	0	0	0	0	0	0	0	0	0	0	0	0	0	53	0	0	0	0	0	0	0	0	0	29	0	0	0	0	0	0	0	48	0
299568	Uruburuella	0	0	0	0	0	0	0	0	0	0	0	0	0	0	0	0	0	0	0	0	24	0	0	0	0	0	0	0	0	0	0	0	0	0	0	0	0	0	0	0	0	0	0	0	0	0	0	0	0	0	0	0	0	0	0	0	0	0	0	0	0	0	0	0
300275	Lachancea	0	0	0	0	175	65	0	0	0	0	0	0	0	0	0	0	0	228	260	0	0	0	0	0	0	0	0	0	0	0	0	0	0	0	0	0	0	0	0	0	0	0	0	0	0	0	0	0	0	0	0	0	0	0	0	0	0	0	0	0	0	0	0	0
305976	Pusillimonas	0	0	0	0	0	0	0	0	0	0	0	0	0	0	0	0	0	0	0	0	0	0	0	0	0	23	0	0	0	0	0	0	0	0	0	0	0	0	0	0	0	0	0	0	0	0	0	0	0	0	0	0	0	0	0	0	0	0	0	0	0	0	0	0
308865	Elizabethkingia	0	0	0	19	0	0	0	5580	0	0	0	0	0	0	0	0	0	0	0	0	0	0	0	0	0	0	0	0	0	0	0	0	0	0	0	0	0	0	0	0	0	0	18	0	0	0	0	0	0	0	0	0	0	0	0	0	0	0	0	0	0	0	0	0
323413	Dokdonella	0	0	0	0	0	0	0	0	0	0	0	0	0	0	0	0	0	0	0	0	0	0	0	0	0	0	0	19	0	0	0	0	0	0	0	0	0	0	0	0	0	0	0	0	0	0	0	0	0	0	0	0	0	0	0	0	0	0	0	0	0	0	0	0
323449	Pontibacter	0	0	0	0	0	0	0	0	135	0	0	0	0	0	0	0	0	0	0	0	0	0	0	0	0	0	0	0	0	0	0	0	0	0	0	0	0	0	0	0	0	0	0	0	0	0	0	0	0	0	0	0	0	0	0	0	0	0	0	0	0	0	0	0
323620	Shinella	0	134	83	0	0	0	0	409	0	39	0	59	0	0	147	0	0	0	0	0	0	0	0	0	0	46	0	0	0	0	0	0	47	0	42	0	39	0	0	15	0	0	0	0	0	0	464	251	0	0	0	755	68	0	0	0	0	0	0	0	0	102	0	0
329857	Cohnella	0	0	0	0	0	0	0	0	0	0	0	0	0	0	0	0	0	0	0	0	0	0	0	0	0	0	0	0	0	0	0	0	0	0	0	0	0	0	0	0	0	12	0	0	0	0	0	0	0	0	0	0	0	0	0	0	0	0	0	0	0	0	0	0
332246	Halalkalicoccus	0	0	0	0	0	0	0	0	0	0	0	0	0	0	0	0	0	47	34	0	0	0	0	0	0	0	0	0	0	0	0	0	0	0	0	0	0	0	0	0	0	0	0	0	0	0	0	0	0	0	0	0	0	0	0	0	0	0	0	0	0	0	0	0
334107	Conchiformibius	0	0	0	0	0	0	0	0	0	0	0	0	0	0	0	0	0	0	0	0	0	0	0	0	0	0	0	0	0	0	0	0	0	0	0	0	0	0	0	0	0	0	0	0	0	0	0	0	0	0	0	0	0	0	24	0	0	0	0	0	0	0	0	0
335405	Sphingosinicella	0	0	19	0	0	0	0	0	0	0	0	0	0	51	26	0	0	0	0	0	0	0	0	0	0	0	0	0	0	0	0	0	0	0	0	0	13	0	0	0	0	0	0	0	0	0	0	0	0	0	0	0	0	0	0	0	0	0	0	0	0	0	0	0
337004	Microcella	0	0	0	0	0	0	0	0	0	0	0	0	0	0	0	0	0	0	0	0	0	0	0	0	0	32	0	0	0	0	0	0	0	0	0	0	1074	0	0	0	0	0	0	55	0	0	0	0	0	0	0	0	0	0	0	0	0	0	0	0	0	0	0	0
338321	Turneriella	0	0	0	0	0	0	0	0	0	0	0	0	0	0	0	0	0	0	0	0	0	0	0	0	0	0	0	0	0	0	0	0	0	15	0	0	0	0	0	0	0	0	0	0	0	0	0	0	0	0	0	0	0	0	0	0	0	0	0	0	0	0	0	0
338583	Polymorphospora	0	0	0	0	0	0	0	0	0	0	0	0	0	0	0	0	0	0	0	0	0	0	0	0	0	0	0	0	0	0	0	0	0	0	0	0	0	0	0	0	0	0	0	0	0	0	343	0	0	0	0	0	0	0	0	0	0	0	0	0	0	0	0	0
354349	Pseudochrobactrum	0	0	0	0	0	0	0	0	0	0	0	0	0	0	0	0	0	0	0	0	0	0	0	0	0	0	0	0	0	0	0	0	0	0	0	0	0	0	0	0	0	0	0	0	0	0	0	0	0	0	101	0	0	0	0	0	0	0	0	0	0	0	0	0
361177	Altererythrobacter	0	0	0	0	0	0	0	0	0	0	0	0	0	0	0	0	0	0	0	0	0	0	0	0	0	0	0	0	0	0	0	0	0	0	0	0	0	0	0	0	0	0	0	0	0	0	1349	0	0	0	0	0	0	0	0	0	0	124	0	0	0	0	0	0
364316	Verminephrobacter	0	0	0	0	0	0	0	0	0	19	0	0	0	0	0	0	0	0	0	0	0	0	0	0	0	0	0	0	0	0	0	0	0	0	0	0	0	0	0	0	0	0	0	0	0	0	0	0	0	0	0	0	0	0	0	0	0	0	25	0	0	0	0	0
364409	Granulibacter	0	0	0	0	0	0	0	0	0	0	0	0	0	0	0	0	0	0	0	0	0	0	0	0	0	0	0	0	0	0	0	0	0	0	0	0	47	0	0	0	0	0	0	0	0	0	0	0	0	22	0	19	0	0	0	0	0	0	0	0	0	0	0	0
365348	Pelosinus	0	0	0	0	0	0	0	0	0	0	0	0	0	0	0	0	0	0	0	0	0	0	0	154	0	71	0	0	167	0	0	0	0	0	0	0	0	0	0	0	0	0	0	0	0	0	0	18	0	0	0	0	0	0	0	0	0	0	0	489	67	0	0	0
366614	Haematobacter	0	0	0	0	114	0	0	0	25	0	0	133	0	0	0	58	0	0	0	0	0	0	0	0	0	49	0	95	0	0	0	0	46	351	21	0	0	138	0	43	0	185	0	0	0	151	0	10084	0	0	0	0	2025	37	0	0	80	50	0	0	0	0	0	0
367298	Phycicoccus	0	82	0	0	0	0	0	0	0	0	0	0	0	0	0	0	0	0	0	0	0	0	0	0	0	0	0	0	0	0	0	0	0	0	0	0	180	0	0	0	0	0	0	0	0	0	0	0	0	0	0	0	0	0	0	0	0	0	0	0	0	0	0	0
369926	Brooklawnia	0	0	0	23	0	0	0	0	0	0	0	0	0	0	0	0	0	0	0	0	0	0	0	0	0	280	0	0	0	0	0	0	0	0	0	0	0	0	0	0	0	0	32	0	0	0	0	0	0	0	0	0	0	0	0	0	0	0	0	0	0	0	0	0
370735	Zhihengliuella	0	0	121	32	0	0	0	0	0	0	0	0	0	0	0	0	0	0	0	0	0	0	0	0	0	433	0	0	0	0	0	0	0	0	0	0	0	0	0	0	0	0	52	0	0	0	0	0	0	0	0	0	0	0	0	0	0	0	0	0	0	0	0	0
374468	Nakaseomyces	0	0	0	0	0	0	0	0	0	0	0	0	0	0	0	0	0	35	61	0	0	0	0	0	0	0	0	0	0	0	0	0	0	0	13	0	0	0	0	0	0	0	0	0	0	0	0	0	0	0	0	0	0	0	0	0	0	0	0	0	0	0	0	0
375288	Parabacteroides	0	1663	212	0	0	184	0	3480	538	10275	0	0	119	0	67	161	3699	0	0	0	296	86	0	0	0	43	0	95	0	0	107	0	59	0	915	0	67	234	70292	0	0	149	0	0	37	23	606	1834	0	0	0	146	109	496	1135	123	2004	0	179	30	187	0	0	0
376469	Olivibacter	0	0	0	0	0	0	0	0	0	0	0	0	0	0	0	0	0	0	0	0	0	0	0	0	55	143	0	11	0	0	0	0	0	0	0	0	0	0	0	0	0	0	0	0	0	0	0	0	0	0	0	10	0	0	0	0	0	0	0	0	0	0	0	0
378210	Methyloversatilis	0	0	13	0	0	0	0	0	0	0	0	0	0	0	0	0	0	0	0	0	0	0	0	0	0	14	0	0	0	0	0	0	0	15	0	0	0	0	0	0	0	12	0	0	0	0	0	0	0	0	0	0	11	10	0	0	0	0	0	0	0	0	0	0
383614	Brasilonema	0	0	0	0	0	0	0	0	0	0	0	0	0	0	0	0	0	0	0	0	0	0	0	0	0	0	0	0	0	0	0	0	0	0	0	0	0	0	0	0	0	0	0	0	0	0	0	60	0	0	0	0	0	0	0	0	0	0	0	0	0	0	0	153
390988	Actinocatenispora	0	0	0	0	0	0	0	0	0	0	0	0	0	0	0	0	0	0	0	0	0	0	0	0	0	0	0	0	0	0	0	0	0	0	0	0	0	0	0	0	0	0	0	0	0	0	36	0	0	0	0	0	0	0	0	0	0	0	0	0	0	0	0	0
391952	Aquincola	95	0	16	0	123	0	0	86	44	0	0	32	0	0	21	32	0	0	0	35	0	0	0	0	0	18	0	28	43	65	31	0	0	72	0	0	0	0	56	98	0	0	0	65	116	0	0	0	0	0	18	18	29	18	0	0	0	0	0	0	0	0	25	0
392733	Terriglobus	0	0	0	22	0	0	0	0	0	0	0	0	0	0	0	0	0	0	0	0	0	0	0	0	0	0	0	0	0	0	0	0	0	0	0	0	0	0	0	0	0	0	0	0	0	0	0	0	0	0	0	0	0	0	0	0	0	0	0	0	0	0	0	0
397864	Barnesiella	0	40	0	0	0	0	0	37	0	129	0	0	0	0	0	0	39	0	0	0	0	0	0	0	0	0	0	0	0	0	0	0	0	0	0	0	0	0	269	0	0	0	0	0	0	0	0	45	0	0	0	0	0	0	0	0	14	0	0	0	0	0	0	0
400634	Lysinibacillus	0	48	34	0	0	0	0	0	0	0	0	0	0	0	0	0	88	0	0	0	0	0	0	0	0	0	0	0	250	0	0	0	0	0	0	0	0	0	28	17	0	0	0	0	0	0	0	0	0	0	0	0	0	74	0	0	0	0	0	0	0	0	0	0
402649	Actinomycetospora	30	171	60	0	0	0	0	0	389	0	0	0	0	0	0	0	0	0	0	0	0	0	0	0	0	40	0	0	0	0	0	0	0	0	0	0	51	0	0	0	0	0	0	0	0	101	391	45	0	0	0	0	0	0	0	0	0	0	0	0	0	0	0	0
406099	Aquisalimonas	0	0	0	0	0	0	0	0	0	0	0	0	0	11	12	0	0	0	0	0	0	0	0	0	0	0	0	0	0	0	0	0	0	0	0	0	0	0	0	0	0	0	0	0	0	0	0	0	0	0	0	0	0	0	0	0	0	0	0	0	0	0	0	0
407217	Aquitalea	0	0	0	0	0	0	0	0	0	0	0	0	0	0	0	0	0	0	0	0	0	0	0	0	0	0	0	0	0	0	0	0	0	0	0	0	0	0	0	0	0	0	0	15	0	0	0	0	0	0	0	0	0	0	0	0	0	0	0	0	0	0	0	0
410829	Sugiyamaella	0	0	0	135	0	68	0	0	0	0	0	0	0	0	0	0	0	2916	3251	0	0	0	0	0	0	0	0	0	0	0	0	0	0	0	0	0	0	0	0	0	0	453	403	0	0	0	0	0	0	0	0	0	0	0	0	0	0	0	0	0	0	0	0	0
413496	Cronobacter	0	0	0	0	0	0	0	47	0	0	36	0	0	0	0	28	0	0	0	0	48	622	0	0	0	0	0	0	0	0	0	0	15	0	21	0	0	0	0	0	0	96	0	0	0	0	0	0	0	0	0	0	0	0	0	0	0	0	0	0	0	0	0	0
414371	Aureimonas	0	777	50	14	0	0	0	29	0	0	0	0	0	69	66	222	0	0	0	0	0	0	0	0	0	127	0	184	0	0	10	0	0	0	0	0	135	0	0	0	0	0	0	0	0	0	0	1439	0	0	361	66	296	94	0	0	0	0	0	0	0	0	0	0
415014	Proteiniborus	0	0	0	0	0	0	0	0	0	0	0	0	0	0	0	0	0	0	0	0	0	0	0	0	0	0	0	0	0	0	0	0	0	0	0	0	0	0	21	0	0	0	0	0	0	0	0	0	0	0	0	0	0	0	0	0	0	0	0	0	0	0	0	0
416916	Aggregatibacter	21	2911	1572	288	506	8067	30	15928	1128	210120	499	120	17635	30	1233	226	13914	0	158	109	45374	0	18	0	44	22902	0	6454	534	297	1858	0	3215	36	4233	58	3614	39	357	26	24	4499	0	0	410	101	0	2264	38	2589	124	5112	1033	13818	4636	117	1933	50	22334	0	590	0	135	0
423349	Mucilaginibacter	0	0	0	374	0	0	0	34	0	0	0	0	0	0	0	0	0	0	0	0	0	0	0	0	0	0	0	0	0	0	0	0	0	0	0	0	0	0	0	0	0	0	36	0	0	0	0	0	0	0	0	0	0	0	0	0	0	0	0	0	0	0	0	0
427753	Humibacter	0	0	0	11	0	0	0	0	0	0	0	0	0	0	0	0	0	0	0	0	0	0	0	0	0	31	0	0	0	0	0	0	0	0	0	0	1249	0	0	0	0	0	0	0	0	0	0	0	0	0	0	0	0	0	0	0	0	0	0	0	0	0	0	0
428711	Jonquetella	0	0	0	0	0	0	0	0	0	0	0	0	0	0	0	0	0	0	0	0	0	0	0	0	0	0	0	0	0	0	0	0	0	0	0	0	0	0	0	0	0	0	0	0	0	0	0	0	0	0	0	0	17	0	0	0	0	0	0	0	0	0	0	0
436357	Thalassococcus	0	0	0	0	0	0	0	0	0	0	0	0	0	73	39	0	0	0	0	0	0	0	0	0	0	0	0	0	0	0	0	0	0	0	0	0	0	0	0	0	0	0	0	0	0	0	0	0	0	0	0	0	0	0	0	0	0	0	0	0	0	0	0	0
447020	Adlercreutzia	0	5214	126	0	0	275	0	584	0	3024	0	0	36	0	32	18	2505	0	0	0	0	0	0	0	0	0	0	74	0	0	15	0	0	0	100	0	26	0	7283	0	0	0	0	0	0	0	0	697	0	0	0	46	0	98	722	30	2110	0	20	0	0	0	0	0
447237	Frondihabitans	0	29	0	0	0	0	0	0	89	0	0	0	0	64	0	39	0	0	0	0	0	0	0	0	0	52	0	0	0	0	0	0	0	0	0	0	1895	0	0	0	0	0	0	20	0	0	0	0	0	0	0	0	0	0	0	0	0	0	0	0	0	0	0	0
447792	Phytobacter	0	0	171	0	0	0	0	0	0	0	0	0	0	0	0	0	0	0	0	0	0	0	0	0	0	0	0	0	0	0	0	0	0	0	0	0	106	0	0	0	0	0	0	0	0	0	0	0	0	0	0	0	0	0	0	0	0	0	0	0	0	0	0	0
449972	Chelativorans	0	0	0	0	0	0	0	0	0	0	0	0	0	0	14	0	0	0	0	0	0	0	0	0	0	0	0	0	0	0	0	0	0	0	0	0	0	0	0	0	0	0	0	0	0	0	0	0	0	0	0	0	0	0	0	0	0	0	0	0	0	0	0	0
456492	Saccharibacillus	0	0	0	0	0	0	0	0	0	0	0	0	0	0	0	0	0	25	0	0	0	0	0	0	0	0	0	0	0	0	0	0	0	0	0	0	0	0	0	0	0	0	0	0	0	0	0	0	0	0	0	0	0	0	0	0	0	0	0	0	0	0	0	0
458839	Actinotalea	0	0	0	0	0	0	0	0	0	0	0	0	0	0	0	0	0	0	0	0	0	0	0	0	0	0	0	0	0	0	0	0	0	0	0	0	88	0	0	0	0	0	0	0	0	0	20	0	0	0	0	0	0	0	0	0	0	0	0	0	0	0	0	0
459532	Terribacillus	0	19	0	0	0	0	0	0	0	0	0	0	0	0	0	0	0	0	0	0	0	0	0	0	0	0	0	562	0	0	0	0	0	0	0	0	0	0	0	0	0	0	0	0	0	0	0	0	0	0	0	0	0	0	0	0	0	0	0	0	0	0	0	0
459786	Oscillibacter	0	1218	0	0	12	964	0	784	0	7110	0	0	0	0	0	0	1867	0	0	0	61	0	0	0	0	0	0	0	0	0	0	0	0	0	391	0	0	0	33414	0	0	12	0	0	0	0	0	691	0	0	0	0	0	69	501	0	864	0	138	0	0	0	0	0
460517	Komagataella	0	0	0	0	0	0	0	0	0	0	0	0	0	0	0	0	0	86	96	0	0	0	0	0	0	0	0	0	0	0	0	0	0	0	0	0	0	0	0	0	0	12	0	0	0	0	0	0	0	0	0	0	0	0	0	0	0	0	0	0	0	0	0	0
461281	Ogataea	0	0	0	0	243	238	0	0	0	0	0	0	0	0	0	0	0	191	184	0	0	0	0	0	0	0	0	0	39	0	0	0	0	0	0	0	0	0	0	0	0	31	0	0	0	0	0	0	0	0	0	0	0	0	0	0	0	0	0	0	0	0	0	0
467975	Iamia	0	0	0	0	0	0	0	0	0	0	0	0	0	0	0	0	0	0	0	0	0	0	0	0	0	0	0	0	0	0	0	0	0	0	0	0	37	0	0	0	0	0	0	0	0	0	0	0	0	0	0	0	0	0	0	0	0	0	0	0	0	17	0	0
469322	Steroidobacter	0	0	0	0	0	0	0	0	0	0	0	0	0	0	0	0	0	0	0	0	0	0	0	0	0	0	0	0	0	0	0	0	0	0	0	0	0	0	0	0	0	0	0	0	0	0	0	13	0	0	0	0	0	0	0	0	0	0	0	0	0	0	0	0
476528	Bibersteinia	0	0	0	0	0	0	0	14	0	0	0	0	0	0	0	0	0	0	0	0	0	0	0	0	0	0	0	0	0	0	0	0	0	0	0	0	0	0	0	0	0	0	0	0	0	0	0	0	0	0	0	0	0	0	0	0	0	0	0	0	0	0	0	0
484508	Ornithinibacillus	0	0	12	0	0	0	0	0	0	0	0	0	0	0	0	0	0	0	0	0	0	0	0	0	0	0	0	0	0	0	0	0	0	0	0	0	0	0	0	0	0	0	0	0	0	0	0	0	0	0	0	0	0	0	0	0	0	0	0	0	0	0	0	0
489909	Nosocomiicoccus	0	87	14	0	65	0	0	94	24	29	0	0	0	0	0	0	12	0	0	0	0	58	0	0	0	0	0	0	0	0	0	0	32	0	603	0	65	0	32	223	0	0	0	437	39	17	0	18	0	41	108	15	17	53	37	0	12	0	57	10	0	94	12	0
490731	Kwoniella	0	0	0	0	4752	4041	0	61	0	0	0	32	0	0	0	0	0	80	88	0	0	0	0	0	0	0	0	120	0	0	0	0	125	0	64	0	0	0	0	0	0	0	0	0	0	0	0	0	0	0	0	0	0	0	0	0	0	0	0	0	0	0	0	0
501022	Glaciibacter	0	0	0	0	0	0	0	0	0	0	0	0	0	0	0	0	0	0	0	0	0	0	0	0	0	12	0	0	0	0	0	0	0	0	0	0	38	0	0	0	0	0	0	0	0	0	0	0	0	0	0	0	0	0	0	0	0	0	0	0	0	0	0	0
501783	Cloacibacterium	0	48	1692	25	147	586	0	296	147	1511	307	61	190	0	41	145	1040	0	0	0	0	0	0	75	26	763	0	819	186	54	396	0	389	82	824	21	490	25	462	85	0	232	0	382	238	25	0	50	0	103	59	334	32	50	834	21	66	29	76	0	0	287	0	120
504465	Rhodovastum	0	0	0	0	0	0	0	0	0	0	0	0	0	116	95	0	0	0	0	0	0	0	0	0	0	0	0	0	0	0	0	0	0	0	0	0	18	0	0	0	0	0	0	0	0	0	0	0	0	0	0	0	0	0	0	0	0	0	0	0	0	0	0	0
508459	Cloacibacillus	0	0	0	0	0	0	0	0	0	0	0	0	0	0	0	0	0	0	0	0	0	0	0	0	0	0	0	0	0	0	0	0	0	0	0	0	0	0	15	0	0	0	0	0	0	0	0	0	0	0	0	0	0	0	13	0	0	0	0	0	0	0	0	0
512381	Acidisoma	0	0	0	0	0	0	0	0	0	0	0	0	0	15	11	0	0	0	0	0	0	0	0	0	0	0	0	0	0	0	0	0	0	0	0	0	0	0	0	0	0	0	0	0	0	0	0	0	0	0	0	0	0	0	0	0	0	0	0	0	0	0	0	0
518733	Microterricola	0	0	0	0	0	0	0	0	0	0	0	0	0	0	0	0	0	0	0	0	0	0	0	0	0	33	0	0	0	0	0	0	0	0	0	0	597	0	0	0	0	0	0	0	0	0	0	0	0	0	0	0	0	0	0	0	0	0	0	0	0	0	0	0
543311	Parvimonas	0	234	312	82	61	712	0	821	116	1485	187	50	1386	35	398	68	1049	0	41	25	276	0	0	0	0	1809	0	1345	94	0	541	97	771	14	848	85	1866	11	349	19	16	869	0	0	155	269	0	246	23	610	23	300	230	1100	469	25	659	278	5683	0	37	56	71	0
545865	Calditerrivibrio	0	0	0	0	0	0	0	0	0	0	0	0	0	0	0	0	0	0	0	0	0	0	0	0	0	0	0	0	0	0	0	0	0	0	16	0	0	0	0	0	0	0	0	0	0	0	0	0	0	0	0	0	0	0	0	0	0	0	0	0	0	0	0	0
556257	Pseudolabrys	0	0	123	292	0	0	0	0	0	0	0	0	0	23	0	0	0	0	0	0	0	0	0	0	0	0	0	0	0	0	0	0	0	0	0	0	0	0	0	0	0	0	46	0	0	0	27	0	14	0	0	0	0	0	0	0	0	0	0	0	0	0	0	0
572511	Blautia	36	81777	2981	70	744	10393	169	64935	1526	165726	453	72	1271	35	484	5448	153371	0	62	18	940	2469	0	0	0	440	0	761	63	0	1410	0	419	107	17044	0	576	2095	1030896	53	0	619	0	0	248	479	3890	39946	0	404	325	3442	807	3262	40953	6884	73211	0	1440	180	3644	48	69	417
574697	Butyricimonas	0	284	0	0	0	80	0	608	33	1319	0	0	0	0	0	0	383	0	0	0	0	0	0	0	0	0	0	0	0	0	75	0	0	0	71	0	0	15	5856	0	0	40	0	0	0	0	0	169	0	0	0	0	0	38	58	0	190	0	23	0	0	0	0	0
577309	Paraprevotella	0	39	28	0	16	269	0	712	79	5878	0	0	0	0	0	0	559	0	0	0	0	19	0	0	0	0	0	13	0	0	0	0	0	0	0	0	0	0	159	0	0	13	0	0	0	0	61	1493	0	0	0	21	13	100	227	29	491	0	23	0	0	0	0	0
577469	Demequina	0	0	0	0	0	0	0	0	0	0	0	0	0	0	0	0	0	28	14	0	0	0	10	0	0	0	0	0	0	0	0	0	0	0	0	0	0	0	0	0	0	0	0	0	0	0	0	0	0	0	0	0	0	0	0	0	0	0	0	0	0	0	0	0
583360	Umezawaea	0	0	0	0	0	0	0	0	0	0	0	0	0	0	0	0	0	0	0	0	0	0	0	0	0	0	0	0	0	0	0	0	0	0	0	0	35	0	0	0	0	0	0	0	0	0	138	0	0	0	0	0	0	0	0	0	0	0	0	0	0	0	0	0
596707	Sinomonas	0	0	0	0	0	0	0	0	0	0	0	0	0	0	0	0	0	0	0	0	0	0	0	0	0	0	0	0	0	0	0	0	0	0	0	0	57	0	0	0	0	0	0	0	0	0	0	0	0	0	0	0	0	0	0	0	0	0	0	0	0	0	0	0
626119	Ruania	0	0	0	0	0	0	0	0	0	0	0	0	0	0	0	0	0	0	0	0	0	0	0	0	0	0	0	0	0	0	0	0	0	0	0	0	34	0	0	0	0	0	0	0	0	0	0	0	0	0	0	0	0	0	0	0	0	0	0	0	0	0	0	0
638847	Pyramidobacter	0	0	0	0	0	0	14	0	0	0	0	0	0	0	0	0	0	0	0	0	0	0	0	0	0	0	0	0	0	0	0	0	0	0	0	0	0	0	0	0	0	0	0	0	0	0	0	0	0	0	0	0	0	0	0	0	0	0	0	0	0	0	0	0
644652	Gordonibacter	0	685	76	0	0	32	0	307	0	1324	0	0	0	0	0	0	364	0	0	0	0	0	0	0	0	0	0	0	0	0	0	0	0	0	0	0	0	0	317	0	0	0	0	0	0	0	0	550	0	0	0	109	0	0	187	0	560	0	0	0	0	0	0	0
648802	Rummeliibacillus	0	0	0	0	0	0	0	0	0	0	0	0	0	0	0	0	0	91	53	0	0	0	0	0	0	0	0	0	0	0	0	0	0	0	0	0	0	0	0	0	0	0	0	0	0	0	0	0	0	0	0	0	0	0	0	0	0	0	0	0	0	0	0	0
655352	Cohaesibacter	0	0	0	0	0	0	0	0	0	0	0	0	0	12	17	0	0	106	28	0	0	0	0	0	0	0	0	0	0	0	0	0	0	0	0	0	0	0	0	0	0	0	0	0	0	0	0	0	0	0	0	0	0	0	0	0	0	0	0	0	0	0	0	0
665568	Paraoerskovia	0	0	0	0	0	0	0	0	0	0	0	0	0	0	0	0	0	0	0	0	0	0	0	0	0	0	0	0	0	0	0	0	0	0	0	0	106	0	0	0	0	0	0	0	0	0	0	0	0	0	0	0	0	0	0	0	0	0	0	0	0	0	0	0
665874	Limnohabitans	0	0	0	0	144	88	0	0	0	0	0	0	0	0	0	0	0	0	0	0	0	0	0	0	0	0	0	0	0	0	0	0	0	0	0	0	0	0	0	0	0	0	0	0	0	0	0	0	0	0	0	0	0	0	0	0	0	0	0	0	0	0	0	0
667113	Actinoallomurus	0	0	0	0	0	0	0	0	0	0	0	0	0	0	0	0	0	0	0	0	0	0	0	0	0	0	0	0	0	0	0	0	0	0	0	0	37	0	0	0	0	0	0	0	0	0	32	0	0	0	0	0	0	0	0	0	0	0	0	0	0	0	0	0
670516	Mycobacteroides	320	691	781	143	56	30	20	158	0	0	93	0	0	0	0	0	0	54	13	60	0	248	0	0	115	35198	0	5039	19	292	46934	50	21235	379	55637	16	7105	52	34939	0	41	10360	0	0	463	0	0	50	0	0	0	0	33	79	0	0	0	0	58	0	18	0	471	18
673534	Plantactinospora	0	0	0	0	0	0	0	0	0	0	0	0	0	0	0	0	0	0	0	0	0	0	0	0	0	0	0	0	0	0	0	0	0	0	0	0	69	0	0	0	0	0	0	0	0	0	550	0	0	0	0	0	0	0	0	0	0	0	0	0	0	0	0	0
674734	Alloactinosynnema	0	0	0	0	0	0	0	0	0	0	0	0	0	0	0	0	0	0	0	0	0	0	0	0	0	0	0	0	0	0	0	0	0	0	0	0	37	0	0	0	0	0	0	0	0	0	0	0	0	0	0	0	0	0	0	0	0	0	0	0	0	0	0	0
693222	Gloeocapsopsis	0	0	0	0	0	0	0	0	0	0	0	0	0	0	0	0	0	0	0	0	0	0	0	0	0	0	0	0	0	0	0	0	0	0	0	0	26	0	0	0	0	0	0	0	0	0	0	330	0	0	0	0	0	0	0	0	0	0	0	0	0	0	0	136
745364	Luteipulveratus	0	0	0	0	0	0	0	0	0	0	0	0	0	0	0	0	0	0	0	0	0	0	0	0	0	0	0	0	0	0	0	0	0	0	0	0	14	0	0	0	0	0	0	0	0	0	0	0	0	0	0	0	0	0	0	0	0	0	0	0	0	0	0	0
754249	Luteimicrobium	0	0	0	0	0	0	0	0	0	0	0	0	0	0	0	0	0	0	0	0	0	0	0	0	0	0	0	0	0	0	0	0	0	0	0	0	51	0	0	0	0	0	0	0	0	0	14	0	0	0	0	0	0	0	0	0	0	0	0	0	0	0	0	0
766733	Scheffersomyces	0	0	0	0	0	0	0	0	0	18	0	0	0	0	0	0	0	181	169	0	0	0	0	0	0	38	0	0	0	0	0	0	0	0	14	0	13	0	0	0	0	50	0	0	0	0	0	0	0	0	0	22	0	0	0	0	0	0	0	0	0	0	0	0
875170	Celeribacter	0	0	0	0	0	0	0	0	0	0	0	0	0	190	200	0	0	0	0	0	0	0	0	0	0	0	0	0	0	0	0	0	0	0	0	0	0	0	0	0	0	0	0	0	0	0	0	347	0	0	0	0	0	0	0	0	0	0	0	0	0	0	0	0
881616	Herbiconiux	0	0	0	0	0	0	0	0	0	0	0	0	0	0	0	0	0	0	0	0	0	0	0	0	0	80	0	0	0	0	0	0	0	0	16	0	2394	0	0	0	0	0	32	0	0	0	0	0	0	0	0	0	0	0	0	0	0	0	0	0	0	0	0	0
907364	Phytohabitans	0	0	0	0	0	0	0	0	0	0	0	0	0	0	0	0	0	0	0	0	0	0	0	0	0	0	0	0	0	0	0	0	0	0	0	0	64	0	0	0	0	0	0	0	0	0	530	0	0	0	0	0	0	0	0	0	0	0	0	0	0	0	0	0
908623	Euzebya	0	0	0	0	0	0	0	0	0	0	0	0	0	0	0	0	0	0	0	0	0	0	0	0	0	0	0	0	0	0	0	0	0	0	0	0	11	0	0	0	0	0	0	0	0	0	0	0	0	0	0	0	0	0	0	0	0	0	0	0	0	0	0	0
909656	Phocaeicola	23	22991	1076	60	134	1091	62	20102	3465	168553	73	25	280	0	344	907	18588	0	33	0	568	632	97	0	0	459	0	635	30	0	795	0	280	26	3754	0	454	802	224473	28	0	605	0	22	184	563	2690	23537	22	190	58	1009	796	3785	5546	1176	11784	0	1192	0	1765	0	57	322
929812	Gibbsiella	0	0	0	0	0	0	0	0	0	0	0	0	0	0	0	0	0	24	11	0	0	0	0	0	0	0	0	0	0	0	0	0	0	0	0	0	0	0	0	0	0	0	0	0	0	0	0	0	0	0	0	0	0	0	0	0	0	0	0	0	0	0	0	0
946234	Flavonifractor	0	688	121	0	17	271	0	758	38	4605	0	0	16	0	0	35	1089	0	0	0	10	13	0	0	0	0	0	26	0	0	23	0	0	0	112	0	15	25	16327	0	0	11	0	0	0	131	30	828	0	13	0	60	22	81	274	59	512	0	539	0	26	0	0	0
947525	Miniimonas	0	0	0	0	0	0	0	0	0	0	0	0	0	0	0	0	0	0	0	0	0	0	0	0	0	0	0	0	0	0	0	0	0	25	0	0	120	0	0	0	0	0	0	0	0	0	28	0	0	0	0	0	0	0	0	0	0	0	0	0	0	0	0	0
983507	Ponticoccus	0	0	0	0	0	0	0	0	0	0	0	0	0	0	0	0	0	0	0	0	0	0	0	0	0	0	0	0	0	0	0	0	0	0	0	0	0	0	0	0	0	0	0	0	0	0	0	61	0	0	0	0	0	0	0	0	0	0	0	0	0	0	0	0
986106	Acidiferrobacter	0	0	0	0	0	0	0	0	0	0	0	0	0	21	17	0	0	0	0	0	0	0	0	0	0	0	0	0	0	0	0	0	0	0	0	0	0	0	0	0	0	0	0	0	0	0	0	0	0	0	0	0	0	0	0	0	0	0	0	0	0	0	0	0
990721	Christensenella	0	246	0	0	0	62	0	47	0	348	0	0	0	0	0	0	363	0	0	0	0	0	0	0	0	0	0	0	0	0	0	0	0	0	12	0	18	0	1620	0	0	0	0	0	0	0	0	85	0	0	0	0	0	0	73	0	107	0	0	0	0	0	0	0
991903	Polymorphum	0	53	0	0	0	0	0	0	0	0	0	0	0	130	105	0	0	0	0	0	0	0	0	0	0	0	0	0	0	0	0	0	0	0	0	0	0	0	0	0	0	0	0	0	0	0	0	28	0	0	0	0	0	0	0	0	0	0	0	0	0	27	0	0
1047167	Zymoseptoria	0	0	0	245	219	139	0	0	0	26	0	0	33	0	94	0	0	60335	70165	0	0	0	0	0	0	0	0	15	0	0	0	0	25	0	0	0	0	0	0	0	0	14834	465	0	0	0	0	0	0	0	0	0	0	0	0	0	0	0	0	0	0	0	0	0
1052105	Purpureocillium	0	0	0	232	1560	611	0	0	0	0	0	0	0	0	0	0	0	6242	7549	0	0	0	0	0	0	0	0	40	0	0	0	0	56	0	0	0	0	0	0	0	0	1285	416	0	0	0	0	0	0	0	0	0	0	0	0	0	0	0	0	0	0	0	0	0
1055323	Aeribacillus	0	0	0	0	0	0	0	0	0	0	0	0	0	0	0	0	0	0	0	0	0	0	0	0	0	0	0	0	0	0	0	0	0	0	0	0	0	0	0	0	0	0	0	63	0	0	0	0	0	0	0	0	0	0	0	0	0	0	0	0	0	0	0	0
1069494	Trueperella	0	9309	0	0	0	0	0	33	0	19	0	0	0	62	128	0	26	0	0	0	0	292	0	0	0	0	0	30	0	0	0	0	21	0	37	0	177	0	72	0	0	98	0	0	17	0	0	0	0	0	0	0	0	0	155	0	60	0	17	0	0	0	13	0
1070314	Halorussus	0	0	0	0	0	0	0	0	0	0	60	0	0	0	0	0	0	0	0	0	0	0	0	0	0	0	0	0	0	0	0	0	0	0	0	0	0	0	0	0	0	0	0	0	0	0	0	0	0	0	0	0	0	0	0	0	0	0	0	0	0	0	0	0
1085622	Propioniciclava	0	0	0	0	0	23	0	0	0	0	0	0	0	0	13	0	0	0	0	0	0	0	0	0	0	0	0	0	0	0	0	0	464	0	0	0	67	0	0	0	0	0	0	0	0	0	0	0	0	0	0	0	0	26	0	0	0	0	0	0	0	0	0	0
1114981	Piscinibacter	0	0	11	0	0	0	0	0	0	0	0	0	0	0	0	0	0	0	0	0	0	0	0	0	0	0	0	14	0	0	0	0	0	0	0	0	0	0	0	0	0	0	0	0	0	0	0	0	0	0	0	0	0	0	0	0	0	0	0	0	0	0	0	0
1124625	Stakelama	0	0	11	0	0	0	0	0	0	0	0	0	0	0	0	0	0	0	0	0	0	0	0	0	0	0	0	0	0	0	0	0	0	0	0	0	11	0	0	0	0	0	0	0	0	0	47	0	0	0	0	0	0	0	0	0	0	0	0	0	0	0	0	0
1155385	Proteiniclasticum	0	0	0	0	0	0	0	0	0	0	0	0	0	0	0	0	0	0	0	0	0	0	0	0	0	0	0	0	0	0	0	0	0	0	0	0	0	0	33	0	0	0	0	0	0	0	0	0	0	0	0	0	0	0	0	0	0	0	0	0	0	0	0	0
1156568	Methylovirgula	0	0	0	0	0	0	0	0	0	0	0	0	0	10	26	0	0	0	0	0	0	0	0	0	0	0	0	0	0	0	0	0	0	0	0	0	0	0	0	0	0	0	0	0	0	0	0	0	0	0	0	0	0	0	0	0	0	0	0	0	0	0	0	0
1159323	Macellibacteroides	0	0	0	0	0	0	0	0	0	0	0	0	0	0	0	0	0	0	0	0	0	0	0	0	0	0	0	0	0	0	0	0	0	0	0	0	0	0	0	0	0	0	0	0	0	0	0	0	13	0	0	0	0	0	41	0	0	0	0	0	0	0	0	0
1160973	Auritidibacter	0	396	13	0	0	0	0	0	0	0	0	0	0	0	19	0	43	0	0	0	0	115	0	0	0	0	0	0	0	0	0	0	0	0	91	0	0	0	51	0	0	0	0	0	0	0	0	0	0	0	0	0	23	0	42	0	0	0	0	0	0	0	0	0
1161125	Helcobacillus	0	37	0	0	0	12	0	0	0	0	0	0	0	0	0	0	0	0	0	0	0	0	0	0	49	12	0	16	0	0	13	0	0	0	20	0	39	0	0	0	0	0	0	0	0	0	0	0	0	0	13	0	12	14	0	0	12	0	0	0	0	0	0	0
1161127	Murdochiella	0	67	63	0	0	14	0	308	17	40	0	0	0	0	0	0	25	0	0	0	0	0	0	0	0	0	0	13	0	0	17	0	0	0	17	0	0	0	146	0	0	20	0	0	0	0	0	47	0	0	0	16	35	52	0	15	337	0	0	0	0	0	0	0
1164882	Lachnoanaerobaculum	16	475	1315	85	32	1143	0	965	112	6281	1073	44	2585	0	211	46	1335	0	20	22	11767	0	10	104	0	949	0	1587	680	0	285	0	513	20	1097	25	2570	0	960	29	0	682	0	12	140	539	0	102	34	1082	28	416	151	477	11927	11	461	0	1115	0	459	17	706	0
1193515	Snodgrassella	0	0	33	0	0	0	0	0	0	0	0	0	0	0	0	0	0	0	0	0	0	0	0	0	0	0	0	0	0	0	0	0	0	0	0	0	0	0	0	0	0	0	0	0	0	0	0	0	0	0	0	0	0	0	0	0	0	0	0	0	0	0	0	0
1195526	Gryllotalpicola	0	0	0	0	0	0	0	0	0	0	0	0	0	0	0	0	0	0	0	0	0	0	0	0	0	17	0	0	0	0	0	0	0	0	0	0	1062	0	0	0	0	0	0	0	0	0	0	0	0	0	0	0	0	0	0	0	0	0	0	0	0	0	0	0
1196389	Zygotorulaspora	0	0	0	0	0	0	0	0	0	0	0	0	0	0	0	0	0	142	110	0	0	0	0	0	0	0	0	0	0	0	0	0	0	0	0	0	0	0	0	0	0	0	0	0	0	0	0	0	0	0	10	0	0	0	0	0	0	0	0	0	0	0	0	0
1209946	Roseicitreum	0	0	0	0	0	0	0	0	0	0	0	0	0	31	14	0	0	0	0	0	0	0	0	0	0	0	0	0	0	0	0	0	0	0	0	0	0	0	0	0	0	0	0	0	0	0	0	0	0	0	0	0	0	0	0	0	0	0	0	0	0	0	0	0
1213720	Stomatobaculum	0	107	245	11	0	166	0	151	25	639	115	0	778	0	22	0	126	0	0	0	80	0	12	0	0	46	0	484	85	0	62	21	159	0	253	0	186	0	227	0	0	201	0	0	30	52	0	14	0	108	29	37	34	87	1157	0	32	0	846	0	0	0	48	0
1221880	Psychrobacillus	0	0	0	0	0	0	0	0	0	0	0	0	0	0	0	0	0	0	0	0	0	14	0	0	0	0	0	0	0	0	0	0	0	0	0	0	14	0	0	0	0	0	0	0	0	0	0	0	0	0	0	0	0	0	0	0	0	0	0	0	0	0	0	0
1230698	Marisediminicola	0	0	0	0	0	0	0	0	0	0	0	0	0	0	0	0	0	0	0	0	0	0	0	0	0	0	0	0	0	0	0	0	0	0	0	0	187	0	0	0	0	0	0	0	0	0	0	0	0	0	0	0	0	0	0	0	0	0	0	0	0	0	0	0
1231242	Ferrovibrio	0	0	0	0	0	0	0	0	0	0	0	0	0	22	0	0	0	0	0	0	0	0	0	0	0	0	0	0	0	0	0	0	17	0	0	0	0	0	0	0	0	0	0	0	0	0	0	0	0	0	0	0	0	0	0	0	0	0	0	0	0	0	0	0
1234545	Parasphingopyxis	0	0	0	0	0	0	0	0	0	0	0	0	0	18	24	0	0	0	0	0	0	0	0	0	0	0	0	0	0	0	0	0	0	0	0	0	0	0	0	0	0	0	0	0	0	0	0	0	0	0	0	0	0	0	0	0	0	0	0	0	0	0	0	0
1274351	Kroppenstedtia	0	0	0	0	0	0	0	0	0	0	0	0	0	0	0	0	0	0	0	0	0	0	0	0	0	0	0	0	0	0	0	0	0	0	0	0	0	0	0	0	0	0	0	0	0	0	0	0	0	0	0	0	54	0	0	0	0	0	0	0	0	0	0	0
1276290	Caldibacillus	0	0	12	0	0	0	0	757	0	17	0	41	0	0	0	0	0	0	0	0	0	0	0	0	0	406	0	16	0	0	0	0	12	0	168	0	19	0	73	0	0	22	0	122	0	0	0	0	0	27	13	0	0	0	0	0	0	0	0	0	0	0	0	15
1278221	Auraticoccus	0	0	0	0	0	0	0	0	0	0	0	0	0	0	0	0	0	0	0	0	0	0	0	0	0	0	0	0	0	0	0	0	0	0	0	0	39	0	0	0	0	0	0	0	0	0	0	0	0	0	0	0	0	0	0	0	0	0	0	0	0	0	0	0
1295327	Croceicoccus	0	0	0	39	0	0	0	0	0	0	0	0	0	0	0	0	0	0	0	0	0	0	0	0	0	0	0	0	0	0	0	0	0	0	29	0	0	0	0	0	0	0	0	0	0	0	0	0	0	0	0	0	0	0	0	0	0	0	0	0	0	0	0	0
1301080	Candidatus Nasuia	0	0	0	0	0	0	0	0	0	0	0	0	0	0	0	0	0	126	86	0	0	0	0	0	0	0	0	0	0	0	0	0	0	0	0	0	0	0	0	0	0	12	0	0	0	0	0	0	0	0	0	0	0	0	0	0	0	0	0	0	0	0	0	0
1322061	Rhizoctonia	0	0	0	0	345	281	0	12	0	0	0	0	28	0	0	0	0	301	313	0	0	0	0	0	0	0	0	38	0	0	0	0	45	0	15	0	0	0	0	0	0	40	19	0	0	0	0	0	0	0	0	0	0	0	0	0	0	0	0	0	0	0	0	0
1330545	Lelliottia	0	0	0	18	0	0	0	0	0	105	0	0	825	0	0	14	186	0	0	0	0	0	0	0	0	12	0	15	0	0	0	0	0	0	0	0	0	0	0	0	0	0	0	0	0	0	0	0	0	0	0	0	0	0	0	0	0	0	0	0	0	0	0	0
1330546	Pluralibacter	0	22	29	0	46	0	0	32	141	0	0	14	0	0	0	53	0	0	0	0	0	32	0	0	0	0	0	0	0	0	0	0	0	0	0	0	0	0	0	33	0	26	0	16	61	0	0	0	0	0	0	0	0	0	0	0	0	0	0	0	0	17	0	0
1330547	Kosakonia	0	0	0	0	0	0	0	0	0	0	0	0	21	0	0	0	0	0	0	0	0	0	0	0	0	0	0	0	0	0	0	0	0	0	0	0	0	0	0	0	0	0	0	0	15	0	25	0	0	0	0	0	18	17	0	0	0	0	0	0	0	0	0	0
1331051	Candidatus Saccharimonas	0	0	14	0	0	11	0	0	0	36	0	0	10	0	0	0	13	0	0	0	0	0	0	0	0	0	0	0	0	0	0	0	0	0	0	0	10	0	0	0	0	0	0	0	0	0	0	0	0	0	0	0	0	0	0	0	0	0	21	0	0	0	0	0
1348911	Coprobacter	0	71	0	0	0	28	0	15	0	310	0	0	0	0	0	0	85	0	0	0	14	0	0	0	0	0	0	0	0	0	14	0	0	0	0	0	0	0	29	0	0	0	0	0	0	0	0	33	0	0	0	0	0	17	0	12	146	0	13	0	0	0	0	0
1354809	Keratinibaculum	0	0	0	0	0	0	0	0	0	0	0	0	0	0	0	0	0	0	0	0	0	0	0	0	0	0	0	34	0	0	0	0	26	0	29	0	0	0	179	0	0	10	0	0	0	0	0	0	0	0	0	0	0	0	0	0	0	0	0	0	0	0	0	0
1392389	Intestinimonas	0	433	17	0	13	275	0	205	0	495	0	0	0	0	0	0	305	0	0	0	0	0	0	0	0	0	0	0	0	0	18	0	12	0	54	0	11	0	7084	0	0	19	0	0	11	30	14	96	0	0	0	0	0	30	151	16	186	0	18	0	0	0	0	0
1395974	Tardiphaga	0	0	0	47	0	0	0	0	0	0	0	0	0	44	32	0	0	0	0	0	0	0	0	0	27	0	0	0	0	0	0	0	0	0	0	0	0	0	0	0	0	0	40	0	0	0	125	0	0	0	0	46	0	0	0	0	0	0	0	0	0	0	0	0
1400133	Allobacillus	0	0	0	0	0	0	0	0	0	0	0	0	0	0	0	0	0	0	0	0	0	0	0	0	0	0	0	0	0	0	0	0	0	0	0	0	24	0	0	0	0	0	0	0	0	0	0	0	0	0	0	0	0	0	0	0	0	0	0	0	0	0	0	0
1433995	Cruoricaptor	0	0	12	0	182	222	0	1275	0	365	0	0	65	0	189	43	938	0	17	84	491	0	181	0	0	19	0	128	0	0	77	0	221	0	21	0	119	0	67	0	0	43	13	0	0	481	0	582	118	1710	0	143	356	903	0	166	2775	13	1409	0	0	0	0	0
1433996	Desulfobaculum	0	0	0	0	0	0	0	0	0	0	0	0	0	0	0	0	0	12	0	0	0	0	0	0	0	0	0	0	0	0	0	0	0	0	0	0	0	0	0	0	0	0	0	0	0	0	0	0	0	0	0	0	0	0	0	0	0	0	0	0	0	0	0	0
1433997	Diaminobutyricimonas	0	0	0	0	0	0	0	0	0	0	0	0	0	0	0	0	0	0	0	0	0	0	0	0	0	11	0	0	0	0	0	0	0	0	0	0	120	0	0	0	0	0	0	0	0	0	0	0	0	0	0	0	0	0	0	0	0	0	0	0	0	0	0	0
1434002	Falsirhodobacter	0	0	0	0	0	0	0	0	0	0	0	0	0	0	0	0	0	0	0	0	0	0	0	0	0	0	0	0	0	0	0	0	0	0	0	0	0	0	0	0	0	0	0	0	0	0	0	76	0	0	0	0	0	0	0	0	0	0	0	0	0	0	0	0
1434006	Fretibacterium	0	0	11	0	0	46	0	0	0	15	0	0	18	0	0	0	0	0	0	0	10	0	0	0	0	0	0	12	0	0	11	0	0	0	0	0	53	0	0	0	0	0	0	0	0	0	0	0	0	0	0	0	0	10	0	0	0	0	36	0	0	0	0	0
1434010	Jatrophihabitans	0	0	0	0	0	0	0	0	0	0	0	0	0	0	0	0	0	0	0	0	0	0	0	0	0	0	0	0	0	0	0	0	0	0	0	0	49	0	0	0	0	0	0	0	0	0	0	0	0	0	0	0	0	0	0	0	0	0	0	0	0	0	0	0
1434011	Komagataeibacter	0	135	0	0	0	0	0	0	0	80	0	0	0	0	0	0	44	0	0	0	0	0	0	0	0	0	0	0	0	0	0	0	0	0	36	0	0	0	588	0	0	0	0	0	0	0	0	0	0	0	0	0	0	0	38	0	115	0	0	0	0	0	0	0
1434022	Naasia	0	0	0	0	0	0	0	0	0	0	0	0	0	0	15	0	0	0	0	0	0	0	0	0	0	11	0	0	0	0	0	0	0	0	0	0	2043	0	0	0	0	0	0	0	0	0	0	0	0	0	0	0	0	0	0	0	0	0	0	0	0	0	0	0
1434026	Oceanirhabdus	0	0	0	0	0	0	0	0	0	0	0	0	0	0	0	0	0	0	0	0	0	0	0	0	0	0	0	0	0	0	0	0	0	0	0	0	0	0	13	0	0	0	0	0	0	0	0	0	0	0	0	0	0	0	0	0	0	0	0	0	0	0	0	0
1434042	Salisediminibacterium	0	0	0	0	0	0	0	0	0	0	0	0	0	0	0	0	0	0	10	0	0	0	0	0	0	0	0	0	0	0	0	0	0	0	0	0	0	0	0	0	0	0	0	0	0	0	0	0	0	0	0	0	0	0	0	0	0	0	0	0	0	0	0	0
1443919	Tabrizicola	0	0	0	0	0	0	0	28	0	0	0	0	0	0	0	0	0	0	0	0	0	0	0	0	0	0	0	0	0	0	0	0	0	0	0	0	0	0	0	0	0	0	0	0	0	0	0	29	0	0	0	0	0	0	0	0	0	0	0	0	0	0	0	0
1470540	Jeotgalibaca	0	64	14	0	0	0	0	0	0	0	0	0	0	0	0	0	0	0	0	0	0	0	0	0	0	0	0	0	0	0	0	448	0	0	0	0	60	0	43	0	0	14	0	0	106	0	0	0	17	21	0	0	0	0	0	30	0	0	0	0	0	0	0	0
1501226	Romboutsia	0	1951	127	0	8901	4078	3338	6148	20877	6447	48	2400	293	185	117	5057	3703	0	0	589	501	3792	259	0	0	0	0	23	0	0	26	0	13	0	0	0	60	351	248	0	0	32	0	0	0	62	1264	2585	0	62	257	37	1084	393	621	28097	7919	0	115	94	0	0	0	106
1505657	Intestinibacter	20	1336	15	0	942	311	19	330	4208	4506	0	419	16	107	62	2081	1146	68	34	161	136	3422	0	0	0	0	0	0	0	0	506	0	0	0	0	0	0	0	406	0	0	0	0	0	0	0	15	628	0	0	12	26	565	217	553	3347	924	0	47	110	0	0	0	160
1506553	Lachnoclostridium	0	1592	40	0	0	264	0	775	24	2674	0	0	29	0	14	50	1875	0	0	0	0	23	0	0	0	0	0	0	0	0	15	0	0	0	215	0	17	25	20977	0	0	15	0	0	0	20	151	466	0	0	0	278	0	51	564	134	1315	0	23	0	32	0	0	0
1506577	Tyzzerella	0	0	0	0	0	0	0	0	0	0	0	0	0	0	0	0	0	0	0	0	0	0	0	0	0	0	0	0	0	0	0	0	0	0	0	0	0	0	15	0	0	0	0	0	0	0	0	0	0	0	0	0	0	0	0	0	0	0	0	0	0	0	0	0
1508451	Polymorphobacter	0	0	0	0	0	0	0	0	0	0	0	0	0	24	15	0	0	0	0	0	0	0	0	0	0	0	0	0	0	0	0	0	0	0	0	0	0	0	0	0	0	0	0	0	0	0	0	0	0	0	0	0	0	0	0	0	0	0	0	0	0	0	0	0
1508657	Ruminiclostridium	0	0	0	0	0	0	0	0	0	0	16	0	0	0	0	0	0	0	0	0	0	0	0	0	0	0	0	0	0	0	0	0	0	0	0	0	0	0	15	0	0	0	0	0	0	0	0	0	0	0	0	0	0	0	0	0	0	0	0	0	0	0	0	0
1522056	Flaviflexus	0	17	17	0	0	14	0	0	0	0	0	0	0	0	0	0	0	0	0	0	0	0	0	0	0	0	0	0	0	0	0	0	0	0	0	0	11	0	0	0	0	0	0	0	0	0	0	0	0	0	0	0	0	0	0	0	0	0	0	0	0	0	0	0
1522432	Pseudoduganella	0	0	28	0	0	0	0	0	0	0	0	0	0	0	0	0	0	0	0	0	0	0	0	0	0	0	0	0	0	0	0	0	0	0	0	0	588	0	0	0	0	0	0	0	0	0	0	0	0	0	0	0	0	0	0	0	0	0	0	0	0	0	0	0
1525371	Neorhizobium	0	0	0	0	0	0	0	41	0	0	0	0	0	174	77	0	0	0	0	0	0	0	0	0	0	0	0	0	0	0	0	0	0	0	0	0	0	0	0	0	0	0	0	0	0	0	8066	184	0	0	0	25	0	0	0	0	0	0	28	0	0	0	0	0
1535207	Barrientosiimonas	0	0	0	0	0	0	0	0	0	0	0	0	0	0	0	0	0	0	0	0	0	0	0	0	0	27	0	0	25	0	0	0	0	0	0	0	383	0	0	0	0	14	0	21	0	0	32	0	30	0	0	0	0	28	0	0	0	0	0	0	0	0	0	0
1543704	Niveispirillum	0	0	0	0	0	0	0	0	0	0	0	0	0	0	0	0	0	0	0	0	0	0	0	0	0	0	0	0	0	0	0	0	0	0	0	0	0	0	0	0	0	18	0	0	0	0	0	0	0	0	0	64	0	0	0	0	0	0	0	0	0	0	0	0
1546255	Mumia	0	0	0	0	0	0	0	0	0	0	0	0	0	0	0	0	0	0	0	0	0	0	0	0	0	0	0	0	0	0	0	0	0	0	0	0	42	0	0	0	0	0	0	0	0	0	77	0	0	0	0	0	0	0	0	0	0	0	0	0	0	0	0	0
1551504	Candidatus Babela	0	0	21	0	0	0	0	27	0	0	0	0	0	0	0	0	0	0	0	0	0	0	0	0	0	0	0	0	0	0	0	0	0	0	0	0	0	0	0	0	0	0	0	0	0	0	0	0	0	0	0	0	0	16	0	0	0	0	0	0	0	0	0	0
1565532	Rouxiella	0	0	10	0	0	0	0	0	0	0	0	0	59	0	0	0	0	0	0	0	0	0	0	0	0	0	0	0	0	0	0	0	0	0	0	0	0	0	0	0	0	0	0	0	0	0	0	0	0	0	0	0	0	0	0	0	0	0	0	0	0	0	0	0
1572860	Hartmannibacter	0	0	0	0	0	0	0	0	0	0	0	0	0	12	0	0	0	0	0	0	0	0	0	0	0	0	0	0	0	0	0	0	0	0	0	0	0	0	0	0	0	0	0	0	0	0	0	0	0	0	0	0	0	0	0	0	0	0	0	0	0	0	0	0
1582879	Ezakiella	0	460	873	248	87	511	0	6827	28	510	41	0	261	71	296	151	1417	0	0	0	91	136	0	0	15	1128	0	3819	14	30	3314	28	3583	49	3277	109	3697	0	5046	24	38	4203	0	0	56	21	0	1646	0	190	29	181	284	702	93	2312	37390	0	315	0	49	0	47	0
1612611	Pararhizobium	0	0	14	0	0	0	0	0	0	0	0	0	0	22	0	0	0	0	0	0	0	0	0	0	0	0	0	0	0	0	0	0	0	0	0	0	0	0	0	0	0	0	0	0	0	0	0	0	0	0	0	0	0	0	0	0	0	0	0	0	0	0	0	0
1632780	Phreatobacter	0	0	0	0	0	0	0	588	0	0	0	0	0	89	97	0	0	0	0	0	0	0	0	0	0	0	0	0	0	0	0	0	0	0	17	0	0	0	0	0	0	0	0	0	0	0	0	0	0	0	0	0	0	0	0	0	0	0	0	0	0	0	0	0
1637257	Mageeibacillus	0	46	13	0	0	20	0	115	0	31	0	0	0	0	0	26	23	0	0	0	0	21	0	0	0	0	0	28	0	0	14	0	12	0	0	0	23	0	133	0	0	14	0	0	0	0	0	14	0	0	0	0	0	0	0	0	54	0	0	0	0	0	0	0
1647173	Acetobacteroides	0	0	0	0	29	48	0	0	0	0	0	0	0	0	0	0	0	0	12	0	0	0	0	0	0	0	0	0	0	0	0	0	0	0	0	0	0	0	0	0	0	0	0	0	0	0	0	0	0	0	0	0	0	0	0	0	0	0	0	0	0	0	0	0
1648491	Aquihabitans	0	0	0	0	0	0	0	0	0	0	0	0	0	0	0	0	0	0	0	0	0	0	0	0	0	32	0	0	0	0	0	0	0	0	0	0	20	0	0	0	0	0	0	0	0	0	23	0	0	0	0	0	0	0	0	0	0	0	0	0	0	0	0	0
1648508	Ciceribacter	0	0	0	0	0	0	0	0	0	0	0	0	0	0	0	0	0	0	0	0	0	0	0	0	0	0	0	0	0	0	0	0	0	0	0	0	0	0	0	0	0	0	0	0	0	0	56	0	0	0	0	0	0	0	0	0	0	0	0	0	0	16	0	0
1649453	Gimesia	0	0	12	0	0	0	0	0	0	0	0	0	0	0	0	0	0	0	0	0	0	0	0	0	0	0	0	0	0	0	0	0	0	0	0	0	0	0	0	0	0	0	0	0	0	0	0	0	0	0	0	0	0	0	0	0	0	0	0	0	0	0	0	0
1649454	Glaciihabitans	0	0	0	0	0	0	0	0	0	0	0	0	0	0	0	0	0	0	0	0	0	0	0	0	0	0	0	0	0	0	0	0	0	0	0	0	98	0	0	0	0	0	0	0	0	0	0	0	0	0	0	0	0	0	0	0	0	0	0	0	0	0	0	0
1649457	Homoserinibacter	0	95	0	0	0	0	0	0	0	0	0	0	0	0	0	0	0	0	0	0	0	0	0	0	0	15	0	0	0	0	0	0	0	0	0	0	2620	0	0	0	0	0	0	0	0	0	0	0	0	0	0	0	0	0	0	0	0	0	0	0	0	0	0	0
1649459	Hungatella	0	869	0	0	0	78	0	494	0	901	0	0	0	0	27	13	290	0	0	0	0	0	0	0	0	0	0	0	0	0	0	0	0	0	56	0	0	18	9020	0	0	0	0	0	0	0	12	101	0	0	0	0	0	60	181	20	230	0	0	0	0	0	0	0
1649486	Rhizorhabdus	0	0	96	0	156	0	0	153	79	0	0	0	0	0	69	138	0	0	0	0	0	0	83	0	0	0	0	55	0	0	0	67	34	136	47	0	526	0	214	0	54	37	0	0	0	0	0	0	0	0	71	670	24	0	0	67	0	0	0	0	0	0	0	0
1649510	Variibacter	0	0	0	0	0	0	0	0	0	0	0	0	0	23	15	0	0	0	0	0	0	0	0	0	0	0	0	0	0	0	0	0	0	0	0	0	0	0	0	0	0	0	0	0	0	0	0	0	0	0	0	0	0	0	0	0	0	0	0	0	0	0	0	0
1653174	Actinotignum	0	28	59	32	0	15	0	36	0	20	30	0	0	0	0	0	26	0	0	0	0	0	0	0	0	16	0	173	0	17	77	0	55	0	118	0	164	0	484	0	0	175	0	0	0	0	0	0	0	0	0	13	23	76	0	16	888	0	60	0	0	0	0	0
1653176	Cereibacter	0	0	0	0	0	0	0	0	0	0	0	0	0	20	0	0	0	0	0	0	0	0	0	0	0	0	0	0	0	0	0	0	0	0	0	0	0	0	0	0	0	0	0	0	0	0	0	168	0	0	0	0	103	0	0	0	0	0	0	0	0	0	0	0
1654787	Thiopseudomonas	0	0	0	0	0	0	0	10	0	0	0	13	0	0	0	0	0	0	0	0	0	0	0	0	0	0	0	0	0	0	0	0	0	0	0	0	0	0	0	0	0	0	0	0	0	0	0	0	0	0	0	0	0	0	0	0	0	0	0	0	0	0	0	0
1658781	Aliiroseovarius	0	0	18	0	0	0	0	0	0	0	0	0	0	0	0	0	0	0	0	0	0	0	0	0	0	0	0	0	0	0	0	0	0	0	0	0	0	0	0	0	0	0	0	0	0	0	0	0	0	0	0	0	0	0	0	0	0	0	0	0	0	0	0	0
1663717	Herbinix	0	0	0	0	0	0	0	0	0	0	0	0	0	0	0	0	0	0	0	0	0	0	0	0	0	0	0	0	0	0	0	0	0	0	0	0	0	0	27	0	0	0	0	0	0	0	0	0	0	0	0	0	0	0	0	0	0	0	0	0	0	0	0	0
1686313	Fenollaria	0	3219	473	0	39	348	0	1655	0	71	39	0	88	0	252	0	346	0	0	0	45	78	0	0	0	149	0	2540	0	0	972	0	1399	30	1263	16	558	21	8704	19	21	1487	0	0	74	72	0	522	0	77	20	75	639	392	94	97	2252	0	80	63	166	0	0	0
1706033	Sediminicoccus	0	0	0	0	0	0	0	0	19	0	0	0	0	0	0	0	0	0	0	0	0	0	0	0	0	0	0	0	0	0	0	0	0	0	0	0	78	0	0	0	0	0	0	0	0	0	0	0	0	0	0	0	0	0	0	0	0	0	0	0	0	0	0	0
1706036	Gemmatirosa	0	0	10	0	0	0	0	0	11	0	0	0	0	0	10	0	0	0	0	0	0	0	0	0	0	0	0	0	0	0	0	0	0	0	0	0	17	0	0	0	0	0	0	0	0	0	25	0	0	0	0	0	0	0	0	0	0	0	0	0	0	0	0	0
1729679	Faecalibaculum	0	11	0	0	0	0	0	0	0	12	0	0	0	0	0	0	0	0	0	0	0	0	0	0	0	0	0	0	0	0	0	0	0	0	0	0	0	0	26	0	0	0	0	0	0	0	0	0	0	0	0	0	0	0	0	0	0	0	0	0	0	0	0	0
1734920	Pseudorhodoplanes	0	0	11	0	0	0	0	0	0	0	0	0	0	0	0	0	0	0	0	0	0	0	0	0	0	0	0	0	0	0	0	0	0	0	0	0	0	0	0	0	0	0	0	0	0	0	0	0	0	0	0	0	0	0	0	0	0	0	0	0	0	0	0	0
1738645	Caproiciproducens	0	62	0	0	0	0	0	0	0	63	0	0	0	0	0	0	59	0	0	0	0	0	0	0	0	0	0	0	0	0	0	0	0	0	0	0	0	0	205	0	0	0	0	0	0	0	0	0	0	0	0	0	0	0	0	0	0	0	0	0	0	0	0	0
1742989	Glutamicibacter	0	23	0	192	0	0	0	0	12	0	0	0	0	0	0	0	109	0	0	0	0	0	0	0	0	226	0	0	15	23	0	0	0	1100	0	0	0	0	0	0	0	0	0	0	0	0	54	192	450	0	0	0	0	0	0	13	0	0	0	0	0	0	0	0
1742990	Paeniglutamicibacter	0	0	0	0	0	0	0	0	0	0	0	0	0	0	0	0	0	0	0	0	0	0	0	0	0	187	0	0	0	0	0	0	0	0	11	0	0	0	0	0	0	0	0	21	0	0	0	0	82	0	0	0	0	0	0	0	0	0	0	0	0	0	0	0
1742991	Pseudoglutamicibacter	0	928	33	0	60	0	0	26	22	0	0	0	0	0	21	0	31	0	0	0	0	221	0	0	0	68	0	0	0	0	0	0	0	0	840	0	72	0	0	0	0	15	0	42	12	0	0	52	0	17	236	0	0	69	61	0	79	0	37	0	0	0	0	27
1742993	Pseudarthrobacter	0	0	0	0	0	0	0	0	0	0	0	0	0	0	0	0	0	0	0	0	0	0	0	0	0	248	0	0	0	0	0	0	0	0	12	0	82	0	0	0	0	0	0	0	0	234	0	0	0	0	0	0	0	0	0	0	0	0	0	0	0	0	0	0
1759331	Cnuibacter	0	0	0	20035	0	21	0	27	0	208	0	0	146	0	114	0	401	0	0	0	0	0	0	0	0	1345	0	0	0	0	0	0	20	0	0	0	1665	0	0	0	0	0	33559	0	0	116	0	0	0	0	0	0	0	0	0	0	0	0	0	0	0	0	0	0
1763521	Paludisphaera	0	0	0	0	21	20	0	0	0	0	0	0	0	0	0	0	0	0	0	0	0	0	0	0	0	0	0	0	0	0	0	0	0	0	0	0	0	0	0	0	0	0	0	0	0	0	0	0	0	0	0	0	0	0	0	0	0	0	0	0	0	0	0	0
1766253	Agathobacter	0	8846	267	20	775	25621	27	10344	284	26643	135	26	160	70	263	1040	24446	0	0	30	426	302	84	19	0	161	0	219	22	0	804	0	116	25	796	0	349	247	157032	16	0	235	0	64	82	1026	4425	8654	26	133	144	348	587	2127	4262	1142	11688	0	1255	103	3990	0	0	104
1769710	Sellimonas	0	89	0	0	0	15	0	93	0	151	0	0	0	0	0	0	178	0	0	0	0	0	0	0	0	0	0	0	0	0	0	0	0	0	54	0	0	0	5938	0	0	0	0	0	0	0	175	47	0	0	0	58	0	23	37	27	131	0	0	0	0	0	0	0
1775688	Jiella	0	0	0	0	0	0	0	0	0	0	0	0	0	0	11	0	0	0	0	0	0	0	0	0	0	0	0	0	0	0	0	0	0	0	0	0	0	0	0	0	0	0	0	0	0	0	0	0	0	0	0	0	0	0	0	0	0	0	0	0	0	0	0	0
1775705	Frigidibacter	0	0	0	0	0	0	0	0	0	0	0	0	0	0	0	0	0	0	0	0	0	0	0	0	0	0	0	0	0	0	0	0	0	0	0	0	0	0	0	0	0	0	0	0	0	0	0	270	0	0	0	0	106	0	0	0	0	0	0	0	0	0	0	0
1804663	Haematospirillum	0	0	0	0	0	0	0	0	0	0	0	0	0	16	14	0	0	0	0	0	0	0	0	0	0	0	0	0	0	0	0	0	0	0	0	0	0	0	0	0	0	0	0	0	0	0	0	0	0	0	0	0	0	0	0	0	0	0	0	0	0	0	0	0
1822464	Paraburkholderia	23	0	67	1277	0	45	0	143	0	171	0	0	0	83	126	0	86	0	0	0	0	19	0	0	23	1048	0	0	0	0	0	0	0	0	19	0	0	0	0	15	0	0	318	0	62	0	0	0	0	0	0	0	0	0	0	0	0	0	16	0	0	0	12	0
1826864	Candidatus Nitrosocosmicus	0	0	0	0	0	0	0	0	0	0	0	0	0	0	0	0	0	0	0	0	0	0	0	0	0	0	0	0	0	16	0	0	0	0	0	0	0	0	0	0	0	0	0	0	0	0	0	0	0	0	0	0	0	0	0	0	0	0	0	0	0	0	0	0
1838142	Cutaneotrichosporon	0	0	0	23	15090	4163	88	122	19	0	0	104	0	0	0	0	0	1072	1077	0	0	0	0	0	0	0	0	181	0	0	0	0	201	0	73	0	0	0	0	0	0	43	106	0	0	0	0	0	0	0	0	0	0	0	0	0	0	0	0	0	0	0	0	0
1843210	Anaerocolumna	0	0	0	0	0	0	0	0	0	33	0	0	0	0	0	0	18	0	0	0	0	0	0	0	0	0	0	0	0	0	0	0	0	0	0	0	0	0	501	0	0	0	0	0	0	0	0	0	0	0	0	0	0	0	0	0	0	0	0	0	0	0	0	0
1847725	Lawsonella	58	572	1150	2237	56	934	11	1228	50	2548	127	29	257	0	388	32	425	0	37	42	508	32	0	0	14	1603	17	9467	57	58	2369	21	2779	166	2571	82	2051	19	298	32	32	5054	39	12	339	143	92	551	11	392	27	418	419	1260	78	23	215	19	1193	0	112	22	188	16
1849822	Paraclostridium	0	20	0	0	50	33	66	69	138	72	0	12	0	0	0	36	24	0	0	0	11	76	0	0	0	0	0	0	0	0	0	0	0	0	13	0	0	0	0	0	0	0	20	0	0	0	26	34	0	0	0	32	15	0	0	287	102	0	0	0	0	0	0	0
1851468	Vanrija	0	0	0	210	14440	4561	112	191	0	0	0	135	40	0	0	0	0	1683	1555	0	0	0	0	0	0	0	0	172	0	0	0	0	255	0	81	0	14	0	0	0	0	86	582	0	0	0	0	0	0	0	0	0	0	0	0	0	0	0	0	0	0	0	0	0
1855416	Qipengyuania	0	1079	0	0	0	0	0	0	0	0	0	0	0	0	0	0	0	0	0	0	0	0	0	0	0	0	0	0	0	0	0	0	0	0	0	0	162	0	0	0	0	0	0	72	0	0	0	0	0	0	0	0	0	0	0	0	0	0	0	0	0	0	0	0
1866885	Mycolicibacterium	425	336	581	14412	70	32	0	265	61	0	0	0	46	0	0	96	0	0	508	18	0	43	193	0	0	235	0	189	0	28	151	0	88	57	232	0	609	17	0	35	0	254	19246	225	77	0	0	0	0	0	91	206	0	0	0	0	0	0	37	0	0	0	563	0
1868332	Neomicrococcus	0	0	0	0	0	0	0	0	0	0	0	0	0	0	0	0	18	0	0	0	0	0	0	0	0	0	0	0	0	0	0	0	0	0	0	0	0	0	0	0	0	0	0	0	0	0	0	0	0	0	0	0	0	0	0	0	0	0	0	0	0	0	0	0
1870884	Clostridioides	0	1725	54	0	71	356	23	667	79	1795	0	13	40	0	14	112	1373	0	0	0	21	67	0	0	0	57	0	68	0	0	39	0	58	0	127	0	52	16	12329	0	0	76	0	0	0	13	22	396	0	21	0	25	27	48	666	163	607	0	35	0	25	0	0	13
1903434	Atlantibacter	0	28	16	0	0	0	0	0	0	0	0	0	0	0	0	0	0	0	0	0	0	0	0	0	0	0	0	13	0	0	30	0	0	0	0	0	87	0	0	0	0	43	0	0	12	0	0	0	0	0	0	0	0	0	0	0	0	0	0	0	0	0	0	0
1903858	Pseudorhizobium	0	0	0	0	0	0	0	0	0	0	0	0	0	0	0	0	0	0	0	0	0	0	0	0	0	0	0	0	0	0	0	0	0	0	0	0	0	0	0	0	0	0	0	0	0	0	6547	0	0	0	0	0	0	0	0	0	0	0	0	0	0	0	0	0
1904377	Acuticoccus	0	0	0	0	0	0	0	0	0	0	0	0	0	48	52	0	0	0	49	0	0	0	0	0	0	0	0	0	0	0	0	0	0	0	0	0	0	0	0	0	0	0	0	0	0	0	0	0	0	0	0	0	0	0	0	0	0	0	0	0	0	0	0	0
1905344	Ruthenibacterium	0	820	30	0	0	422	0	1387	40	6570	0	0	149	0	21	83	5644	0	0	0	0	16	0	0	0	0	0	19	0	0	26	0	0	0	117	0	16	0	8961	0	0	27	0	0	0	0	67	1485	0	0	0	105	0	105	277	74	2248	0	25	0	28	0	0	0
1906945	Parageobacillus	0	0	0	0	0	0	0	0	0	37	0	0	0	0	0	0	0	0	0	0	0	0	0	0	0	0	0	0	0	0	0	0	52	0	105	0	0	0	0	0	0	0	0	0	0	0	0	0	0	0	0	0	0	16	0	0	0	0	0	71	0	0	0	0
1911549	Raineyella	0	0	0	0	0	0	0	0	0	0	0	0	0	0	0	0	0	0	0	0	0	0	0	0	0	0	0	0	0	0	0	0	0	0	0	0	16	0	0	0	0	0	0	0	0	0	0	0	0	0	0	0	0	0	0	0	0	0	0	0	0	0	0	0
1911577	Oryzomicrobium	0	0	0	0	0	0	0	0	0	0	0	24	0	0	0	0	0	0	0	0	0	0	0	0	0	0	0	0	0	0	0	0	0	0	0	0	0	0	0	0	0	0	0	0	0	0	0	0	0	0	0	0	0	0	0	0	0	0	0	0	0	0	0	0
1912215	Acidipropionibacterium	0	34	69	0	0	30	0	0	0	15	0	0	34	0	16	0	73	0	0	0	0	32	35	0	0	34	0	64	0	0	34	0	28	0	61	27	22698	0	15	0	0	47	0	0	0	27	0	0	0	18	0	32	16	48	20	0	31	0	0	0	0	0	32	0
1912216	Cutibacterium	29526	3797760	2376989	298727	48856	977130	7318	410281	27226	1103502	246080	55590	752418	25500	229121	42453	1249631	609	18844	202641	746532	10929956	197155	4177	29215	819948	9457	3171072	78428	28006	1190441	9756	1312345	40787	1486567	135921	1242654	11510	453497	188923	12922	2020323	65191	19172	578412	504860	48322	538629	109348	416887	74525	386287	230171	580115	2885342	10760	225079	12005	553579	61807	1297689	277858	5215411	293077
1915401	Roseitalea	0	0	0	0	0	0	0	0	0	0	0	0	0	133	98	0	0	0	0	0	0	0	0	0	0	0	0	0	0	0	0	0	0	0	0	0	0	0	0	0	0	0	0	0	0	0	0	0	0	0	0	0	0	0	0	0	0	0	0	0	0	0	0	0
1918385	Acutalibacter	0	135	0	0	0	55	0	16	0	47	0	0	0	0	0	0	41	0	0	0	0	0	0	0	0	0	0	0	0	0	0	0	0	0	0	0	0	0	248	0	0	0	0	0	0	0	0	22	0	0	0	0	0	0	33	0	32	0	0	0	0	0	0	0
1918454	Flintibacter	0	218	0	0	0	21	0	37	0	159	0	0	0	0	0	0	73	0	0	0	0	0	0	0	0	0	0	0	0	0	0	0	0	0	0	0	0	0	1520	0	0	0	0	0	0	0	0	37	0	0	0	0	0	0	24	0	91	0	0	0	0	0	0	0
1918536	Longicatena	0	110	0	0	0	74	0	86	0	236	0	0	0	0	0	0	254	0	0	0	0	27	0	0	0	21	0	0	0	0	0	0	0	0	0	0	0	0	728	0	0	0	0	0	0	42	93	33	0	0	0	0	0	23	97	0	149	0	67	0	0	0	0	0
1918540	Muribaculum	0	0	0	0	0	0	0	0	0	0	0	0	0	0	0	0	0	0	0	0	0	0	0	0	0	0	0	0	0	0	0	0	0	0	0	0	0	0	2156	0	0	0	0	0	0	0	0	0	0	0	0	0	0	0	18	0	0	0	0	0	0	0	0	0
1918598	Turicimonas	0	34	0	0	0	0	0	46	0	136	0	0	0	0	0	0	20	0	0	0	0	0	0	0	0	0	0	12	0	0	13	0	0	0	0	0	0	0	1164	0	0	0	0	0	0	0	0	39	0	0	0	0	0	0	16	0	33	0	0	0	0	0	0	0
1920207	Thermothelomyces	0	0	0	830	408	293	0	0	14	14	0	23	151	0	0	0	0	1606	1921	0	0	0	0	0	0	0	0	34	0	0	0	0	21	0	35	0	0	0	0	0	0	375	1459	0	0	0	0	0	0	0	0	0	0	0	0	0	0	0	0	0	0	0	0	0
1921582	Orrella	0	0	0	0	0	0	0	0	0	0	0	0	0	0	0	0	0	103	37	0	0	0	0	0	0	0	0	0	0	0	0	0	0	0	0	0	0	0	0	0	0	0	0	0	0	0	0	0	0	0	0	0	0	0	0	0	0	0	0	0	0	0	0	0
1926259	Pseudactinotalea	0	0	0	0	0	0	0	0	0	0	0	0	0	0	0	0	0	0	0	0	0	0	0	0	0	0	0	0	0	0	0	0	0	0	0	0	20	0	0	0	0	0	0	0	0	0	0	0	0	0	0	0	0	0	0	0	0	0	0	0	0	0	0	0
1926556	Emergencia	0	32	25	0	0	15	0	52	0	96	0	0	0	0	0	0	52	0	0	0	0	0	0	0	0	0	0	0	0	0	0	0	0	0	0	0	0	0	909	0	0	0	0	0	0	0	0	0	0	0	0	0	0	0	36	0	35	0	0	0	0	0	0	0
1926677	Raoultibacter	0	60	0	0	0	71	0	11	0	16	0	0	0	0	0	0	0	0	0	0	0	0	0	0	0	0	0	0	0	0	0	0	0	0	0	0	0	0	10	0	0	0	0	0	0	0	0	0	0	0	0	0	0	0	0	0	22	0	0	0	0	0	0	0
1928820	Intestinibacillus	0	60	0	0	0	49	0	74	0	261	0	0	0	0	0	0	136	0	0	0	0	0	0	0	0	0	0	0	0	0	0	0	0	0	11	0	0	0	1221	0	0	0	0	0	0	0	0	123	0	0	0	0	0	0	35	0	39	0	0	0	0	0	0	0
1930845	Ndongobacter	0	28	0	0	0	0	0	47	0	0	0	0	0	0	0	0	18	0	0	0	0	0	0	0	0	0	0	0	0	0	14	0	0	0	0	0	0	0	34	0	0	0	0	0	0	0	0	0	0	24	0	0	11	15	0	0	98	0	0	0	0	0	0	0
1955413	Abyssicoccus	24	4788	1154	0	0	14	0	343	63	38	167	0	0	0	26	0	12	0	0	0	0	0	0	0	0	0	0	18	0	0	32	0	28	0	0	0	187	0	0	48	0	55	0	36	2596	0	0	138	0	0	0	0	86	387	11	0	11	0	74	15	120	0	79	112
1960084	Rodentibacter	0	0	0	0	0	0	0	10	0	29	0	0	0	0	0	0	0	0	0	0	50	0	0	0	0	0	0	0	0	0	0	0	0	0	0	0	0	0	0	0	0	0	0	0	0	0	0	0	0	0	0	0	0	0	13	0	0	0	0	0	0	0	0	0
1980513	Candidatus Nitrosoglobus	0	0	0	0	0	0	0	0	24	16	0	0	0	0	0	0	0	0	0	0	0	0	0	0	0	0	0	0	0	0	0	0	0	0	0	0	0	0	0	0	0	0	0	0	0	0	0	0	0	0	0	0	0	0	0	0	0	0	0	0	0	0	0	0
1980697	Duodenibacillus	0	0	0	0	0	0	0	0	0	0	0	0	0	0	0	0	0	0	0	0	0	0	0	0	0	0	0	0	0	0	10	0	0	0	0	0	0	0	0	0	0	0	0	0	0	0	0	0	0	0	0	0	0	0	0	0	0	0	0	0	0	0	0	0
1981050	Phoenicibacter	0	27	0	0	0	0	0	0	0	0	0	0	0	0	0	0	16	0	0	0	0	0	0	0	0	0	0	0	0	0	0	0	0	0	0	0	0	0	19	0	0	0	0	0	0	0	0	0	0	0	0	0	0	0	0	0	0	0	0	0	0	0	0	0
2004797	Luteitalea	0	0	0	0	0	0	0	13	0	0	0	0	0	0	0	0	0	0	0	0	0	0	0	0	0	19	0	0	0	0	0	0	0	0	0	0	0	0	0	0	0	0	0	0	0	0	0	0	0	0	0	0	0	0	0	0	0	0	0	0	0	0	0	0
2005386	Arabiibacter	0	61	0	0	0	0	0	0	0	0	0	0	0	0	0	0	0	0	0	0	0	0	0	0	0	0	0	0	0	0	0	0	0	0	0	0	0	0	19	0	0	0	0	0	0	0	0	0	0	0	0	0	0	0	0	0	0	0	0	0	0	0	0	0
2035712	Guyparkeria	0	0	0	0	14	10	0	0	0	0	0	0	0	0	0	0	0	0	0	0	0	0	0	0	0	0	0	0	0	0	0	0	0	0	0	0	0	0	0	0	0	0	0	0	0	0	0	0	0	0	0	0	0	0	0	0	0	0	0	0	0	0	0	0
2035811	Pseudodesulfovibrio	0	0	0	0	0	0	0	0	0	0	0	0	0	13	0	0	0	0	0	0	0	0	0	0	0	0	0	0	0	0	0	0	0	0	0	0	0	0	0	0	0	0	0	0	0	0	0	0	0	0	0	0	0	0	0	0	0	0	0	0	0	0	0	0
2038676	Paludihabitans	0	0	0	0	0	0	0	0	0	0	0	0	0	0	0	0	0	0	0	0	0	0	0	0	0	0	0	0	0	0	0	0	0	0	0	0	0	0	32	0	0	0	0	0	0	0	0	0	0	0	0	0	0	0	0	0	0	0	0	0	0	0	0	0
2039240	Anaerotignum	0	0	0	0	0	0	0	0	0	31	0	0	0	0	0	0	0	0	0	0	0	0	0	0	0	0	0	0	0	0	0	0	0	0	0	0	0	0	182	0	0	0	0	0	0	0	0	0	0	0	0	0	0	0	0	0	0	0	0	0	0	0	0	0
2039302	Monoglobus	0	9891	0	0	0	33	0	753	0	65	0	0	0	0	42	49	1652	0	0	0	0	36	0	0	0	0	0	0	0	0	0	0	0	0	0	0	0	0	285	0	0	0	0	0	0	0	59	33	0	0	0	29	15	126	1556	42	1627	0	10	0	90	0	33	110
2041902	Chenggangzhangella	0	17	0	0	0	0	0	0	0	0	0	0	0	192	113	0	0	0	0	0	0	0	0	0	0	0	0	0	0	0	0	0	0	0	0	0	0	0	0	0	0	0	0	0	0	0	0	0	0	0	0	0	0	0	0	0	0	0	0	0	0	0	0	0
2048137	Agathobaculum	0	165	0	0	0	17	0	15	0	36	0	0	0	0	0	0	25	0	0	0	0	0	0	0	0	0	0	0	0	0	0	0	0	0	0	0	0	0	2073	0	0	0	0	0	0	0	0	0	0	0	0	0	0	0	11	0	30	0	0	0	0	0	0	0
2055880	Pseudescherichia	0	0	0	0	0	0	0	0	0	0	0	0	0	0	0	0	0	0	0	0	0	0	0	0	0	0	0	27	0	0	0	0	0	0	0	0	0	0	0	0	0	0	0	0	0	0	0	0	0	0	0	0	0	0	0	0	0	0	0	0	0	0	0	0
2060094	Aminipila	0	54	0	0	0	0	0	29	0	17	0	0	0	0	0	0	14	0	0	0	0	0	0	0	0	0	0	0	0	0	0	0	0	0	0	0	0	0	48	0	0	0	0	0	0	0	0	0	0	0	0	0	0	0	15	0	17	0	0	0	0	0	0	0
2066071	Bacterioplanoides	0	0	0	0	11	35	0	0	0	0	0	0	0	0	0	0	0	0	0	0	0	0	0	0	0	0	0	0	0	0	0	0	0	0	0	0	0	0	0	0	0	0	0	0	0	0	0	0	0	0	0	0	0	0	0	0	0	0	0	0	0	0	0	0
2078948	Epidermidibacterium	0	0	0	26	0	0	0	0	0	0	0	0	0	0	0	0	0	0	21	0	0	0	0	0	0	892	0	0	0	0	0	0	0	0	0	0	23	0	0	0	0	0	23	0	0	0	0	0	0	0	0	0	0	0	0	0	0	0	0	0	0	0	0	0
2082587	Parolsenella	0	112	0	0	0	13	0	18	0	29	0	0	0	0	0	0	51	0	0	0	0	0	0	0	0	0	0	0	0	0	0	0	0	0	0	0	0	0	142	0	0	0	0	0	0	0	0	13	0	0	0	0	0	0	22	0	34	0	0	0	0	0	0	0
2093823	Candidatus Nanosynbacter	27	397	1123	118	83	1034	0	469	112	8452	333	0	1658	0	237	37	1332	0	0	61	186	0	55	0	0	1141	0	1629	353	0	273	0	569	0	912	183	3142	0	365	0	0	694	0	0	131	461	21	110	58	882	69	302	125	501	138	0	1366	80	2304	0	4241	65	1145	0
2094023	Glaesserella	0	0	0	0	0	0	0	0	0	94	0	0	0	0	0	0	0	0	0	0	0	0	0	0	0	0	0	0	0	0	0	0	0	0	0	0	0	0	17	0	0	0	0	0	0	0	0	0	0	0	0	0	0	0	0	0	0	0	0	0	0	0	0	0
2100764	Mixta	0	0	0	0	0	0	0	103	17	0	0	0	0	0	0	0	0	0	0	0	0	0	0	0	0	0	0	0	0	168	0	0	0	0	0	0	0	12	0	0	0	0	0	0	0	0	0	0	0	0	0	0	0	0	0	0	0	0	0	0	0	0	0	0
2126548	Miniphocaeibacter	0	0	0	0	0	0	0	0	0	0	0	0	0	0	0	0	0	0	0	0	0	0	0	0	0	0	0	0	0	0	0	0	0	0	0	0	0	0	10	0	0	0	0	0	0	0	0	0	0	0	0	0	0	0	0	0	11	0	0	0	0	0	0	0
2163168	Kineothrix	0	13	0	0	0	0	0	0	0	13	0	0	0	0	0	0	16	0	0	0	0	0	0	0	0	0	0	0	0	0	0	0	0	0	0	0	0	0	128	0	0	0	0	0	0	0	0	0	0	0	0	0	0	0	0	0	11	0	0	0	0	0	0	0
2172004	Lawsonibacter	0	424	11	0	0	90	0	81	0	530	0	0	0	0	0	24	409	0	0	0	0	13	0	0	0	0	0	0	0	0	0	0	0	0	27	0	0	0	3412	0	0	0	0	0	0	0	0	72	0	0	0	0	0	17	153	0	116	0	13	0	0	0	0	0
2211641	Yoonia	0	0	0	0	0	0	0	0	0	0	0	0	0	0	0	0	0	37	61	0	0	0	0	0	0	0	0	110	0	0	0	0	71	0	47	0	195	0	0	0	0	95	0	0	0	0	0	0	0	0	0	0	0	0	0	0	0	0	0	0	0	0	0	0
2282523	Methylorubrum	116	59	555	750	964	652	445	1577	933	442	68	410	84	268754	170705	736	284	0	1013	492	108	854	1270	27	745	1478	362	880	56	791	1213	522	955	2403	2734	391	1175	731	1430	0	332	532	993	0	179	216	544	646	384	678	751	641	1407	511	953	304	67	515	829	0	0	45	574	58
2304687	Petroclostridium	0	0	0	0	0	0	0	0	0	0	0	0	0	0	0	0	0	0	0	0	0	0	0	0	0	0	0	0	0	0	0	0	0	0	0	0	0	0	26	0	0	0	0	0	0	0	0	0	0	0	0	0	0	0	0	0	0	0	0	0	0	0	0	0
2316020	Mediterraneibacter	0	27179	646	0	232	11223	0	8153	589	37298	64	0	162	0	315	1066	23716	0	0	0	408	796	0	0	0	131	0	183	44	0	365	0	74	0	868	0	208	210	110379	95	0	283	0	0	47	534	1113	4861	0	184	103	1400	446	1952	11087	2093	43692	0	818	29	1118	0	34	199
2321111	Aliarcobacter	0	0	15	0	0	0	0	0	0	0	0	0	0	0	0	0	0	0	0	0	0	0	0	0	0	113	0	0	0	0	0	0	0	0	0	0	0	0	0	0	0	0	0	0	0	0	0	0	21	0	0	0	0	0	0	0	0	0	0	0	0	0	0	0
2478349	Indioceanicola	0	0	0	0	0	0	0	0	0	0	0	0	0	146	60	0	0	0	0	0	0	0	0	0	0	0	0	0	0	0	0	0	0	0	0	0	0	0	0	0	0	0	0	0	0	0	0	0	0	0	0	0	0	0	0	0	0	0	0	0	0	0	0	0
2490452	Serpentinimonas	0	46	0	0	0	0	0	0	0	0	0	0	0	0	0	0	0	0	0	0	0	0	0	0	0	0	0	0	0	0	0	0	0	0	0	0	0	0	0	0	0	0	0	0	0	0	0	24	0	0	0	0	0	0	0	0	0	0	12	0	0	0	0	0
2518495	Duncaniella	0	0	0	0	0	0	0	0	0	0	0	0	0	0	0	0	0	0	0	0	0	0	0	0	0	0	0	0	0	0	0	0	0	0	0	0	0	0	1690	0	0	0	0	0	0	0	0	0	0	0	0	0	0	0	27	0	0	0	0	0	0	0	0	0
2518497	Paramuribaculum	0	0	0	0	0	0	0	0	0	0	0	0	0	0	0	0	0	0	0	0	0	0	0	0	0	0	0	0	0	0	0	0	0	0	0	0	0	0	602	0	0	0	0	0	0	0	0	0	0	0	0	0	0	0	23	0	0	0	0	0	0	0	0	0
2529408	Schaalia	58	16632	11096	2855	124	2035	78	26066	1164	12617	12343	120	35268	36	1260	197	5637	0	56	924	2873	191	1162	0	0	6043	57	11499	1481	110	1759	28	3516	23	5173	33	10280	112	2282	185	11	4441	0	38	1757	2881	97	584	288	13940	2285	2692	1627	4166	150064	282	14355	594	28811	13	7660	1575	4383	45
2569097	Anaerobutyricum	0	14432	206	0	275	8990	28	7498	482	20587	35	70	172	0	240	861	25940	0	0	16	284	507	44	0	0	116	0	125	0	0	198	0	105	19	2670	0	135	204	145325	0	0	127	0	0	48	351	808	5661	0	53	18	204	278	548	7870	3721	22871	0	237	0	914	0	15	111
2576755	Caproicibacter	0	0	0	0	0	0	0	0	0	0	0	0	0	0	0	0	0	0	20	0	0	0	0	0	0	0	0	0	0	0	0	0	0	0	0	0	0	0	81	0	0	0	0	0	0	0	0	0	0	0	0	0	0	0	0	0	0	0	0	0	0	0	0	0
2591381	Dysosmobacter	0	3662	110	0	68	1460	0	1288	92	6963	0	0	0	0	0	105	2705	0	0	0	0	0	0	0	0	0	0	72	0	0	81	0	0	0	408	0	0	0	26094	0	0	0	0	0	0	90	130	676	0	0	0	0	0	112	1162	102	1280	0	63	0	105	0	0	0
2596745	Limnospira	0	0	129	0	0	0	0	0	0	0	0	0	0	0	0	0	0	0	0	0	0	0	0	0	0	0	0	0	0	0	0	0	0	0	0	0	0	0	0	0	0	0	0	0	0	0	0	0	0	0	0	0	0	0	0	0	0	0	0	0	0	0	0	0
2600304	Baekduia	0	0	0	0	0	0	0	0	0	0	0	0	0	0	0	0	0	0	0	0	0	0	0	0	0	72	0	0	0	0	0	0	0	0	0	0	0	0	0	0	0	0	0	0	0	0	73	0	0	0	0	0	0	0	0	0	0	0	0	0	0	0	0	0
2603323	Petrocella	0	0	0	0	0	0	0	0	0	0	0	0	0	0	0	0	0	0	0	0	0	0	0	0	0	0	0	0	0	0	0	0	0	0	0	0	0	0	21	0	0	0	0	0	0	0	0	0	0	0	0	0	0	0	0	0	0	0	0	0	0	0	0	0
2607661	Methanofervidicoccus	0	0	0	15	0	0	0	0	0	0	0	0	0	0	0	0	0	0	0	0	0	0	0	0	0	0	0	0	0	0	0	0	0	0	0	0	0	0	0	0	0	0	15	0	0	0	0	0	0	0	0	0	0	0	0	0	0	0	0	0	0	0	0	0
2609811	Thermothielavioides	0	0	0	251	199	173	0	0	0	0	0	0	0	0	0	0	0	1627	1915	0	0	0	0	0	0	0	0	37	0	0	0	0	26	0	0	0	0	0	0	0	0	326	429	0	0	0	0	0	0	0	0	0	0	0	0	0	0	0	0	0	0	0	0	0
2650549	Hydrocarboniclastica	0	0	0	0	0	0	0	0	0	0	0	0	0	0	0	0	0	0	0	0	0	0	0	0	0	0	0	15	0	0	0	0	0	0	19	0	0	0	0	0	0	0	0	0	0	0	0	0	0	0	0	0	0	0	0	0	0	0	0	0	0	0	0	0
2661800	Georhizobium	0	0	0	0	0	0	0	35	0	0	0	0	0	0	0	0	0	0	0	0	0	0	0	0	0	0	0	0	0	0	0	0	0	0	0	0	0	0	0	0	0	0	0	0	0	0	0	0	0	0	0	0	0	0	0	0	0	0	0	0	0	0	0	0
2675229	Peribacillus	0	0	0	25	0	0	0	0	0	0	0	0	0	0	0	0	0	1777	1268	0	0	0	18	0	0	0	0	397	0	0	0	0	0	0	0	0	15	0	0	0	0	204	25	0	0	0	0	48	0	0	0	0	179	0	0	0	0	0	0	0	0	21	0	238
2675230	Cytobacillus	0	0	0	0	0	0	0	19	0	0	630	0	0	0	0	0	0	0	0	0	0	0	0	0	0	0	0	0	0	0	0	0	0	0	69	0	0	0	0	133	0	0	0	0	0	0	0	0	0	0	0	0	0	0	0	0	0	0	0	0	0	0	0	0
2675231	Mesobacillus	0	0	0	0	0	0	0	0	0	0	13	0	0	0	0	0	0	0	0	0	0	0	0	0	0	0	0	0	0	0	0	0	0	0	0	0	33	0	0	0	0	0	0	0	0	0	0	0	0	0	0	0	0	0	0	0	0	0	0	0	0	0	0	0
2675232	Neobacillus	0	0	0	0	0	0	0	48	0	0	0	0	0	0	0	0	0	0	0	0	0	0	0	0	0	0	0	0	0	0	0	0	0	0	0	0	0	0	21	0	0	0	0	0	0	0	0	0	0	0	0	0	0	0	0	0	0	0	0	0	0	0	0	0
2675233	Metabacillus	0	0	16	0	0	0	0	12	0	0	0	0	0	0	0	0	0	0	0	0	0	0	0	0	0	0	0	0	0	0	0	0	0	0	0	0	20	0	0	0	0	0	0	0	0	0	0	0	0	0	0	0	0	0	0	0	0	0	0	0	0	0	0	0
2676233	Sphingosinithalassobacter	0	0	24	0	0	0	0	0	0	13	0	0	0	0	0	0	0	0	0	0	0	0	0	0	0	0	0	0	0	0	0	0	0	0	0	0	96	0	0	0	0	0	0	26	0	0	359	0	0	0	0	0	0	0	0	0	0	0	0	0	0	0	0	0
2676755	Croceibacterium	0	0	0	0	0	0	0	0	0	0	0	0	0	0	0	0	0	0	0	0	0	0	0	0	0	0	0	0	0	0	0	0	0	0	0	0	0	0	0	0	0	0	0	0	0	0	595	0	0	0	0	0	0	0	0	0	0	0	0	0	0	0	0	0
2678885	Faecalibacillus	0	5918	57	0	28	1354	0	2049	481	40860	26	12	470	0	74	1044	32719	0	0	0	37	74	0	0	0	31	0	101	0	0	76	0	46	12	1138	0	32	166	89844	0	0	21	0	0	0	46	0	44	0	14	0	179	0	95	1823	226	3679	0	179	0	170	0	0	17
2679910	Intestinibaculum	0	33	0	0	0	0	0	29	0	45	0	0	0	0	0	0	41	0	0	0	0	0	0	0	0	0	0	0	0	0	0	0	0	0	0	0	0	0	118	0	0	0	0	0	0	0	0	0	0	0	0	0	0	0	0	0	31	0	0	0	0	0	0	0
2680004	Protaetiibacter	0	45	0	0	0	0	0	0	0	0	0	0	0	0	0	0	0	0	0	0	0	0	0	0	0	59	0	0	0	0	0	0	0	0	0	0	2441	0	0	0	0	0	0	0	0	0	0	0	0	0	0	0	0	0	0	0	0	0	0	0	0	0	0	0
2683599	Paroceanicella	0	0	0	0	0	0	0	115	0	0	0	0	0	339	191	0	0	0	0	0	0	0	0	0	0	0	0	0	0	0	0	0	0	0	0	0	0	0	0	0	0	0	0	0	0	0	0	38	0	0	0	0	0	0	0	0	0	0	0	0	0	0	0	0
2689587	Suicoccus	0	12	0	0	0	0	0	13	0	0	0	0	0	0	0	0	69	0	0	0	0	0	0	0	0	0	0	0	0	0	0	0	0	0	23	0	0	0	25	0	0	0	0	0	0	0	0	0	0	0	0	0	0	0	0	0	33	0	0	0	0	0	0	0
2692113	Gleimia	0	223	82	0	0	0	0	13	0	0	0	0	0	0	0	0	0	0	0	0	0	0	0	0	0	0	0	102	0	0	44	0	128	0	150	0	27	0	138	0	0	35	0	0	0	0	0	0	0	0	0	0	0	0	37	0	73	0	0	17	0	0	0	0
2692118	Winkia	0	1585	1076	111	65	362	0	814	0	245	80	0	244	45	276	135	2841	0	31	12	206	115	0	0	0	238	0	1315	68	0	484	0	605	26	714	32	1283	0	6166	29	0	823	0	31	234	177	0	255	0	233	0	252	399	1334	657	612	23396	0	941	200	1343	0	152	16
2692382	Gudongella	0	0	0	0	0	0	0	0	0	0	0	0	20	0	0	0	0	0	0	0	0	0	0	0	0	0	0	0	0	0	0	0	0	0	0	0	0	0	0	0	0	0	0	0	0	0	0	0	0	0	0	0	0	0	0	0	0	0	0	0	0	0	0	0
2698688	Paraflavitalea	0	0	0	0	0	0	0	0	0	0	0	0	0	28	20	0	0	0	0	0	0	0	0	0	0	0	0	0	0	0	0	0	0	0	0	0	0	0	0	0	0	0	0	0	0	0	0	0	0	0	0	0	0	0	0	0	0	0	0	0	0	0	0	0
2705399	Hypericibacter	0	0	0	0	0	0	0	13	0	0	0	0	0	0	0	0	0	0	0	0	0	0	0	0	0	0	0	0	0	0	0	0	0	0	0	0	0	0	0	0	0	0	0	0	0	0	0	0	0	0	0	0	0	0	0	0	0	0	0	0	0	0	0	0
2717089	Massilistercora	0	546	0	0	0	29	0	123	0	400	0	0	0	0	0	15	343	0	0	0	0	0	0	0	0	0	0	0	0	0	0	0	0	0	14	0	0	0	1437	0	0	0	0	0	0	0	0	72	0	0	0	0	0	22	181	15	215	0	0	0	0	0	0	0
2719231	Lacrimispora	0	274	0	0	0	0	0	22	0	87	0	0	0	0	0	0	85	0	0	0	0	0	0	0	0	0	0	0	0	0	0	0	0	0	0	0	0	0	741	0	0	0	0	0	0	0	0	0	0	0	0	0	0	0	45	0	39	0	0	0	0	0	0	0
2719313	Enterocloster	0	1164	15	0	22	552	0	693	74	10633	0	0	23	0	0	42	1164	0	0	0	28	23	0	0	0	0	0	36	0	0	10	0	0	0	172	0	14	34	30411	0	0	11	0	0	0	30	494	511	0	0	0	15	0	76	415	57	898	0	56	0	55	0	0	0
2723776	Lichenihabitans	0	0	13	0	0	0	0	0	0	0	0	0	0	795	574	0	0	0	0	0	0	0	0	0	0	0	0	0	0	0	0	0	0	0	0	0	0	0	0	0	0	0	0	0	0	0	0	0	0	0	0	0	0	0	0	0	0	0	0	0	0	0	0	0
2740557	Pauljensenia	0	78	153	53	0	883	0	167	22	1053	75	0	850	0	136	14	776	0	0	48	87	0	0	0	0	815	0	862	30	0	190	0	843	43	452	12	4145	0	36	0	0	313	0	0	114	40	0	41	0	1146	0	555	86	490	63	14	1037	0	2728	0	51	215	21	45
2742598	Limosilactobacillus	27	83	152	0	0	114	681	237	17	151	61	0	402	0	0	0	67	0	0	10	0	66	0	11	0	20	0	216	328	0	121	0	171	0	758	0	378	0	160	137	0	72	0	114	144	51	135	215	0	70	241	115	0	0	65	0	0	48	0	103	19	0	17	45
2743582	Peptacetobacter	0	18	0	0	0	0	0	19	18	20	0	0	0	0	0	0	17	0	0	0	0	10	0	0	0	0	0	0	0	0	0	0	0	0	38	0	0	0	42	0	0	0	0	0	0	0	0	0	0	0	0	0	0	0	0	14	10	0	0	0	0	0	0	0
2749267	Amedibacterium	0	61	0	0	0	0	0	36	0	130	0	0	0	0	0	0	97	0	0	0	0	0	0	0	0	0	0	0	0	0	0	0	0	0	12	0	0	0	1522	0	0	0	0	0	0	0	0	15	0	0	0	0	0	0	19	0	44	0	0	0	0	0	0	0
2755140	Pseudoleptotrichia	0	0	11	0	0	152	0	23	0	226	23	0	208	0	22	0	136	0	0	0	254	0	0	0	0	79	0	84	0	0	39	0	40	0	79	0	341	0	0	0	0	42	0	0	0	15	0	0	0	33	0	21	14	114	33	0	28	0	65	0	0	0	0	0
2758920	Paraconexibacter	0	0	0	0	0	0	0	0	0	0	0	0	0	0	0	0	0	0	0	0	0	0	0	0	0	0	0	0	0	0	0	0	0	0	0	0	0	0	0	0	0	0	0	0	0	0	35	0	0	0	0	0	0	0	0	0	0	0	0	0	0	0	0	0
2759736	Lacticaseibacillus	113	264	6789	22	0	180	0	148	89	3917	0	28	1413	0	0	13	179	0	0	0	0	0	0	0	0	31	0	174	7499	151	53	0	1486	11	1552	0	310	19	0	0	0	257	0	0	0	164	28	994	37	3948	17	1202	0	252	0	0	732	0	465	0	109	0	159	0
2761542	Fundicoccus	0	42	16	0	0	0	0	0	0	0	0	0	0	0	0	0	0	0	0	0	0	0	0	0	0	0	0	0	0	0	0	0	0	0	0	0	29	0	33	0	0	0	0	0	24	0	0	0	0	0	0	0	0	0	0	0	0	0	0	0	0	0	0	0
2766734	Faecalibacter	0	0	0	0	0	0	0	0	0	0	0	0	0	0	0	0	0	0	0	0	0	0	0	0	0	0	0	0	0	0	0	0	0	0	0	0	0	0	0	0	0	0	0	0	0	0	0	0	0	0	0	16	0	0	0	0	0	0	0	0	0	0	0	0
2767327	Fannyhessea	0	71	127	0	54	0	0	175	133	52	0	0	0	0	0	183	15	0	0	0	0	114	0	0	0	0	12	0	0	0	0	0	0	0	13	0	0	0	179	38	0	21	0	67	29	0	13	20	0	0	0	0	0	0	0	0	12	0	13	0	0	13	45	0
2767353	Lancefieldella	0	831	365	173	13	203	0	139	36	278	132	0	499	0	67	0	306	0	0	14	88	0	29	0	0	1429	0	1545	108	0	269	0	685	0	1152	0	1488	0	197	20	0	497	0	0	27	367	18	56	0	974	72	399	50	325	569	0	157	34	6500	0	17	0	227	0
2767358	Mycoplasmopsis	0	0	0	0	0	0	0	0	0	0	0	0	0	0	0	0	0	0	0	0	0	0	0	0	0	0	0	0	0	0	0	0	0	0	0	0	0	0	0	0	0	0	0	0	0	0	0	0	0	0	0	0	0	0	29	0	0	0	0	0	0	0	0	0
2767842	Lactiplantibacillus	17	2223	797	486	0	196	0	78	16	503	90	63	1292	0	0	0	218	0	0	24	116	0	0	0	0	30	0	131	2387	0	50	18	1062	17	1662	0	827	0	375	0	0	170	85	0	0	0	0	35	26	1590	151	3671	19	100	65	0	63	0	194	0	60	0	111	0
2767879	Companilactobacillus	0	32	1129	0	0	0	0	0	0	11	0	0	50	0	0	0	0	0	0	0	0	0	0	0	0	0	0	24	370	0	47	0	13	0	19	0	77	0	20	0	0	0	0	0	0	0	0	0	0	0	0	0	0	0	0	0	0	0	0	0	0	0	0	0
2767882	Furfurilactobacillus	0	0	0	0	0	0	0	0	0	22	0	0	0	0	0	0	0	0	0	0	0	0	0	0	0	0	0	0	0	0	0	0	0	0	0	0	0	0	0	0	0	0	0	0	0	0	0	0	0	0	0	0	0	0	0	0	0	0	0	0	0	0	0	0
2767885	Latilactobacillus	0	162	1142	20	40	387	0	151	27	780	0	589	128805	0	135	118	4077	0	0	0	0	15	0	25	0	482	0	662	5246	0	1358	0	754	65	6294	107	26560	0	109	0	20	846	0	0	37	0	0	74	339	8253	2402	93771	57	365	46	0	58	0	56	0	0	0	86	0
2767886	Levilactobacillus	0	0	0	0	0	293	0	0	0	34	0	0	149	0	0	0	0	0	0	0	0	0	0	0	0	52	0	0	35	0	0	0	25	0	31	0	28	0	57	0	0	0	0	0	0	75	0	0	0	0	19	195	0	13	0	0	57	0	30	0	0	0	0	0
2767887	Ligilactobacillus	0	78	477	0	0	528	0	44	0	2707	0	14	7329	0	0	0	91	0	19	0	26	13	0	0	0	0	0	206	120	0	83	0	269	0	1498	15	4127	0	565	0	0	184	0	24	12	0	0	59	0	0	0	62	13	14	93	0	53	0	0	0	0	0	31	0
2767888	Liquorilactobacillus	0	0	0	0	0	0	0	0	0	0	0	0	22	0	0	0	0	0	0	0	0	0	0	0	0	0	0	12	0	0	0	0	14	0	33	12	99	0	0	0	0	14	0	0	0	0	0	0	0	0	0	0	0	0	0	0	0	0	0	0	0	0	0	0
2767889	Loigolactobacillus	0	0	0	0	0	0	0	0	0	0	0	0	117	0	0	0	14	0	0	0	0	0	0	0	0	0	0	0	0	0	0	0	0	0	0	0	125	0	141	0	0	0	0	0	0	0	0	0	0	0	0	78	0	0	0	0	0	0	0	0	0	0	0	0
2767890	Paucilactobacillus	0	0	0	0	0	0	0	0	0	0	0	0	0	0	0	0	0	0	0	0	0	0	0	0	0	0	0	0	0	0	0	0	0	0	0	0	0	0	0	0	0	0	0	0	0	0	0	0	0	0	0	16	0	0	0	0	0	0	0	0	0	0	0	0
2767892	Secundilactobacillus	0	0	0	0	0	0	0	0	0	52	0	0	0	0	0	0	0	0	0	0	0	0	0	0	0	0	0	0	0	0	0	0	0	0	0	0	12	0	14	0	0	0	0	0	0	0	0	0	0	0	0	0	0	0	0	0	0	0	0	0	0	0	0	0
2767893	Lentilactobacillus	0	63	0	0	0	0	0	37	0	0	0	0	39	0	0	0	0	0	0	0	0	0	0	0	0	0	0	0	45	0	0	0	0	0	0	0	0	0	0	0	0	0	0	0	0	0	0	0	0	0	0	0	0	0	0	0	0	0	0	0	0	0	0	0
2781897	Lichenicoccus	0	0	0	0	0	0	0	0	0	0	0	0	0	0	0	0	0	0	0	0	0	0	0	0	0	0	0	0	0	0	0	0	0	0	0	0	0	0	0	0	0	0	0	0	0	0	0	0	0	0	0	0	0	0	0	0	15	0	0	0	0	0	0	0
2782229	Epilithonimonas	67	36	214	0	125	36	0	516	225	301	29	704	50	0	65	322	54	0	0	0	0	255	0	0	0	188	0	42	0	16	41	25	51	25	33	0	67	20	48	87	0	76	0	30	67	15	0	83	0	0	54	34	132	59	0	0	16	0	20	0	0	364	0	0
2782231	Kaistella	0	0	0	0	0	0	0	0	0	0	0	0	29	0	0	0	0	0	0	0	0	0	0	0	0	51	0	0	0	0	0	0	0	0	0	0	0	0	0	0	0	0	0	43	0	0	0	22	0	0	0	0	12	0	0	0	0	0	0	0	0	0	0	0
2795377	Pelagovum	0	0	0	0	0	0	0	0	0	0	0	0	0	0	0	0	0	0	0	0	0	0	0	0	0	0	0	0	0	0	0	0	0	0	0	0	0	0	0	0	0	0	0	0	0	0	0	102	0	0	0	0	41	0	0	0	0	0	0	0	0	0	0	0
2795777	Maioricimonas	0	0	0	0	0	0	0	0	0	0	0	0	0	0	0	0	0	30	30	0	0	0	0	0	0	0	0	0	0	0	0	0	0	0	0	0	0	0	0	0	0	12	0	0	0	0	0	0	0	0	0	0	0	0	0	0	0	0	0	0	0	0	0	0
2795782	Botrimarina	0	0	0	0	0	0	0	0	0	0	0	0	0	0	0	0	0	0	16	0	0	0	0	0	0	0	0	0	0	0	0	0	0	0	0	0	0	0	0	0	0	12	0	0	0	0	0	0	0	0	0	0	0	0	0	0	0	0	0	0	0	0	0	0
2800373	Priestia	0	0	478	0	0	70	0	0	0	0	0	0	0	29	0	0	0	0	0	0	0	0	0	0	0	0	0	0	76	0	74	0	0	0	528	0	187	0	55	195	0	40	0	28	0	0	0	0	0	14	0	0	54	132	0	0	0	0	0	0	0	0	0	0
2800681	Aurantiacibacter	0	0	0	0	0	0	0	0	0	0	0	0	0	0	0	0	0	0	0	0	0	0	0	0	0	0	0	0	0	0	0	0	0	0	0	0	0	0	0	0	0	0	0	0	0	0	116	0	0	0	0	0	0	0	0	0	0	0	0	0	0	0	0	0
2800685	Pelagerythrobacter	0	0	0	0	0	0	0	0	0	0	0	0	0	0	0	0	0	0	0	0	0	0	0	0	0	0	0	0	0	0	0	0	0	0	0	0	0	0	0	0	0	0	0	0	0	0	97	0	0	0	0	0	0	0	0	0	0	0	0	0	0	0	0	0
2800686	Tsuneonella	0	0	0	0	0	0	0	0	0	0	0	0	0	0	0	0	0	0	0	0	0	0	0	0	0	0	0	0	0	0	0	0	0	0	0	0	0	0	0	0	0	0	0	168	0	0	0	0	0	0	0	0	0	0	0	0	0	0	0	0	0	0	0	0
2801844	Arachnia	0	1207	1406	164	113	17926	0	790	88	13256	437	26	1365	0	503	39	3555	0	52	79	1519	0	0	0	13	7913	0	3341	120	15	1076	0	2920	25	1342	19	1281	0	190	60	0	2299	0	0	317	231	0	246	15	1701	25	861	365	3855	186	0	5072	0	5534	0	395	381	308	14
2802295	Nitratidesulfovibrio	0	0	0	0	0	0	0	0	0	0	0	0	0	0	0	0	0	0	0	0	0	0	0	0	0	0	0	0	0	0	0	0	0	0	0	0	0	0	0	0	0	0	0	0	0	0	0	0	0	0	0	0	0	0	0	0	0	0	0	0	0	42	0	0
2803845	Usitatibacter	0	0	0	0	0	0	0	0	0	0	0	0	0	0	0	0	0	0	0	0	0	0	0	0	0	17	0	0	0	0	0	0	0	0	0	0	0	0	0	0	0	0	0	0	0	0	0	0	0	0	0	0	0	0	0	0	0	0	0	0	0	0	0	0
2803850	Mammaliicoccus	0	422	170	0	0	188	0	558	25	38	86	0	53	0	31	0	155	0	0	0	0	24	10	0	0	59	0	281	19	0	258	0	127	10	154	41	2582	0	166	0	0	557	0	0	183	64	0	76	0	0	0	98	19	122	40	0	224	21	44	0	10	0	34	17
2804231	Lederbergia	0	0	0	0	0	0	0	0	0	0	0	0	0	0	0	0	0	0	0	0	0	0	0	0	0	0	0	0	0	0	0	0	0	0	0	0	0	0	0	0	0	0	0	0	0	0	0	0	0	0	0	0	0	0	0	167	102	0	0	0	0	0	0	0
2804525	Lichenicola	0	0	0	0	0	0	0	0	0	0	0	0	0	0	0	0	0	0	0	0	0	0	0	0	0	0	0	0	0	0	0	0	0	0	0	0	0	0	0	0	0	0	0	0	0	0	0	0	0	0	0	0	0	0	0	0	28	0	0	0	0	0	0	0
2805645	Pedococcus	0	0	0	0	0	0	0	0	0	0	0	0	0	0	0	0	0	0	0	0	0	0	0	0	0	0	0	0	0	0	0	0	0	0	0	0	195	0	0	0	0	0	0	0	0	0	37	0	0	0	0	0	0	0	0	0	0	0	0	0	0	0	0	0
2815775	Berryella	0	0	0	0	0	0	0	0	0	0	0	0	0	0	0	0	0	0	0	0	0	0	0	0	0	0	0	0	0	0	0	0	0	0	0	0	0	0	20	0	0	0	0	0	0	0	0	0	0	0	0	0	0	0	0	0	0	0	0	0	0	0	0	0
2815786	Sodaliphilus	0	0	0	0	0	0	0	0	0	0	0	0	0	0	0	0	0	0	0	0	0	0	0	0	0	0	0	0	0	0	0	0	0	0	0	0	0	0	42	0	0	0	0	0	0	0	0	0	0	0	0	0	0	0	0	0	0	0	0	0	0	0	0	0
2818469	Fuscovulum	0	0	0	0	0	0	0	19	0	0	0	0	0	0	0	0	0	0	0	0	0	0	0	0	0	0	0	0	0	0	0	0	0	0	0	0	0	0	0	0	0	0	0	0	0	0	0	30	0	0	0	0	27	0	0	0	0	0	0	0	0	0	0	0
2828348	Occultella	0	0	0	0	0	0	0	0	0	0	0	0	0	0	0	0	0	0	0	0	0	0	0	0	0	0	0	0	0	0	0	0	0	0	0	0	24	0	0	0	0	0	0	0	0	0	14	0	0	0	0	0	0	0	0	0	0	0	0	0	0	0	0	0
2831665	Candidatus Mycosynbacter	0	0	0	0	0	0	0	0	0	17	0	0	0	0	0	0	0	0	0	0	0	0	0	0	0	0	0	0	0	0	0	0	0	0	0	0	0	0	0	0	0	0	0	0	0	0	0	0	0	0	0	0	0	0	0	0	0	0	0	0	0	0	0	0
2834348	Caproicibacterium	0	138	0	0	0	19	0	40	0	61	0	0	13	0	0	0	82	0	0	0	0	0	0	0	0	0	0	0	0	0	0	0	0	0	0	0	0	0	346	0	0	0	0	0	0	0	0	0	0	12	0	0	0	0	60	0	27	0	0	0	0	0	12	0
2837502	Ectobacillus	0	0	0	0	0	0	0	0	0	0	0	0	0	0	0	0	0	66	42	0	0	0	0	0	0	0	0	0	0	0	0	0	0	0	0	0	0	0	0	0	0	11	0	0	0	0	0	0	0	0	0	0	0	0	0	0	0	0	0	0	0	0	0	0
2837504	Heyndrickxia	0	92	373	0	0	18	0	118	0	0	0	0	0	0	0	0	0	0	0	0	43	0	0	0	0	0	0	0	0	0	0	0	0	0	158	0	81	0	0	0	0	0	0	0	0	0	0	0	0	0	0	0	0	0	26	0	0	0	0	0	0	0	0	0
2837506	Niallia	0	40	0	0	0	0	0	33	0	0	15	0	62	15	15	0	27	0	0	0	0	0	0	0	0	11	0	30	0	0	0	0	14	0	14	0	36	0	47	0	0	18	0	0	0	0	0	0	0	0	0	0	0	0	0	0	0	0	0	111	0	0	0	0
2837508	Rossellomorea	0	0	0	0	0	0	0	0	0	0	0	0	0	0	0	0	0	0	0	0	0	0	0	0	0	0	0	0	0	0	0	0	0	0	0	0	0	0	0	0	0	0	0	0	0	0	0	0	0	0	0	0	24	0	0	0	0	0	0	0	0	0	0	0
2838170	Alkalicella	0	0	0	0	0	0	0	0	0	0	0	0	0	0	0	0	0	0	0	0	0	0	0	0	0	0	0	0	0	0	0	0	0	0	0	0	0	0	10	0	0	0	0	0	0	0	0	0	0	0	0	0	0	0	0	0	0	0	0	0	0	0	0	0
2838250	Kaustia	0	0	0	0	0	0	0	0	0	0	0	0	0	10	12	0	0	0	0	0	0	0	0	0	0	0	0	0	0	0	0	0	0	0	0	0	0	0	0	0	0	0	0	0	0	0	0	0	0	0	0	0	0	0	0	0	0	0	0	0	0	0	0	0
2842531	Solibaculum	0	64	0	0	0	39	0	38	0	178	0	0	0	0	0	0	70	0	0	0	0	0	0	0	0	0	0	0	0	0	0	0	0	0	0	0	0	0	462	0	0	0	0	0	0	0	0	23	0	0	0	0	0	0	24	0	34	0	0	0	0	0	0	0
2843200	Miltoncostaea	0	0	0	0	0	0	0	0	0	0	0	0	0	0	0	0	0	0	0	0	0	0	0	0	0	114	0	0	0	0	0	0	0	0	0	0	0	0	0	0	0	0	0	0	0	25	21	392	13	122	126	26	41	52	0	0	28	0	50	0	0	0	0	0
2847312	Parafannyhessea	0	10	0	0	0	0	0	0	0	0	0	0	0	0	0	0	0	0	0	0	0	0	0	0	0	0	0	0	0	0	0	0	0	0	0	0	0	0	13	0	0	0	0	0	0	0	0	0	0	0	0	0	0	0	0	0	0	0	0	0	0	0	0	0
2847769	Aequoribacter	0	0	0	0	0	0	0	0	0	0	0	0	0	0	0	0	0	0	0	0	0	0	0	0	0	0	0	0	0	0	0	0	0	0	0	0	0	0	0	0	0	0	0	0	0	0	0	0	0	0	15	0	0	0	0	0	0	0	0	0	0	0	0	0
2862144	Ruoffia	0	42	11	0	0	0	0	126	0	0	0	0	0	0	0	0	0	0	0	0	0	34	0	0	0	0	0	13	12	0	10	0	12	0	29	0	83	0	26	0	0	20	0	0	0	0	0	0	0	0	0	0	0	0	0	0	12	0	0	0	0	0	0	0
2862745	Pseudobdellovibrio	0	0	0	0	0	0	0	119	0	0	0	0	0	0	0	0	0	0	0	0	0	0	0	0	0	0	0	0	0	0	0	0	0	0	0	0	0	0	0	0	0	0	0	0	0	0	0	0	0	0	0	0	0	0	0	0	0	0	0	0	0	0	0	0
2870712	Pararoseomonas	0	13	55	0	0	0	0	15	0	0	0	0	0	40	41	0	0	0	0	0	0	0	0	0	0	0	0	0	0	0	0	0	88	0	0	0	277	0	0	0	0	0	0	0	0	0	0	0	0	0	0	0	0	47	0	0	0	0	0	0	0	20	0	0
2870717	Pseudoroseomonas	0	0	40	0	0	0	0	0	0	0	0	0	0	34	17	0	0	0	0	0	0	0	0	0	0	0	0	0	0	0	0	0	0	0	0	0	853	0	0	0	0	0	0	0	0	0	0	0	0	0	0	0	0	0	0	0	0	0	89	0	0	0	0	0
2884814	Pseudoprevotella	0	0	10	0	0	0	0	0	0	0	0	0	0	0	0	0	0	0	0	0	0	0	0	0	0	0	0	0	0	0	0	0	0	0	0	0	0	0	14	0	0	0	0	0	0	0	0	0	0	0	0	0	0	0	0	0	0	0	0	0	0	0	0	0
2886347	Allocoleopsis	0	0	0	0	0	0	0	0	0	0	0	0	0	0	0	0	0	0	0	0	0	0	0	0	0	0	0	0	0	0	0	0	0	0	0	0	0	0	0	0	0	0	0	0	0	0	0	79	0	0	0	0	0	0	0	0	0	0	0	0	0	0	0	35
2886866	Sinanaerobacter	0	0	0	0	0	0	0	0	0	0	0	0	0	0	0	0	0	0	0	0	0	0	0	0	0	0	0	0	0	0	0	0	0	0	0	0	0	0	13	0	0	0	0	0	0	0	0	0	0	0	0	0	0	0	0	0	0	0	0	0	0	0	0	0
2888809	Novisyntrophococcus	0	94	0	0	0	14	0	29	0	117	0	0	0	0	0	0	110	0	0	0	0	0	0	0	0	0	0	0	0	0	0	0	0	0	0	0	0	0	666	0	0	0	0	0	0	0	0	21	0	0	0	0	0	0	42	0	91	0	0	0	0	0	0	0
2888818	Pengzhenrongella	0	0	0	0	0	0	0	0	0	0	0	0	0	0	0	0	0	0	0	0	0	0	0	0	0	0	0	0	0	0	0	0	0	0	0	0	66	0	0	0	0	0	0	0	0	0	32	0	0	0	0	0	0	0	0	0	0	0	0	0	0	0	0	0
2891324	Pseudothauera	0	0	0	0	0	0	0	0	0	0	0	0	23	0	0	0	0	0	0	0	0	0	0	0	0	0	0	0	0	0	0	0	0	0	0	0	0	0	0	0	0	0	0	0	0	0	0	0	0	0	0	17	0	0	0	0	0	0	0	0	0	0	0	0
2892396	Vescimonas	0	4978	103	0	222	4807	0	1984	0	2401	0	0	39	0	57	123	3119	0	0	0	29	75	0	0	0	26	0	60	0	0	94	0	34	0	199	0	65	31	35595	0	0	89	0	0	0	60	329	662	0	0	0	26	43	163	2031	99	1405	0	129	0	378	0	0	14
2892397	Pusillibacter	0	191	0	0	0	89	0	189	13	1636	0	0	0	0	0	0	516	0	0	0	0	0	0	0	0	0	0	0	0	0	11	0	0	0	19	0	0	0	9549	0	0	0	0	0	0	0	0	119	0	0	0	0	0	48	71	0	134	0	23	0	0	0	0	0
2893055	Halalkalibacterium (ex Joshi et al. 2022)	0	0	0	0	0	0	0	0	0	0	0	0	0	0	0	0	0	0	0	0	0	0	0	0	0	0	0	0	31	0	0	0	0	0	0	0	0	0	0	0	0	0	0	0	0	0	0	0	0	0	0	0	0	0	0	0	0	0	0	0	0	0	0	0
2893057	Shouchella	0	0	0	0	0	0	0	0	0	12	178	0	0	0	0	0	0	0	0	0	0	0	91	0	0	0	0	0	0	0	0	0	28	0	119	0	0	0	0	1686	0	0	0	0	0	0	0	0	0	0	0	0	165	37	57	0	0	0	0	0	0	0	0	0
2893060	Alkalihalophilus	0	0	0	0	0	0	0	0	0	0	0	0	0	0	0	0	0	0	0	0	0	0	0	0	0	0	0	0	0	0	0	0	0	0	0	0	20	0	0	0	0	0	0	82	0	0	0	0	0	0	0	0	0	0	0	0	0	0	0	0	0	0	0	0
2895509	Metamycoplasma	0	0	34	0	0	109	0	36	17	134	10	0	11	0	0	0	73	0	0	0	0	28	0	0	0	61	0	29	0	0	12	0	19	0	28	0	0	0	30	0	0	19	0	0	0	0	0	0	0	10	0	26	0	24	0	0	0	0	58	0	0	0	0	0
2897311	Fulvia	0	0	0	234	474	276	0	0	0	0	0	0	0	0	81	0	0	29737	34452	0	0	0	0	0	0	0	0	0	0	0	0	0	36	0	0	0	41	0	0	0	0	6907	319	0	0	0	0	0	0	0	0	0	0	0	0	0	0	0	0	0	0	0	0	0
2897349	Candidatus Uabimicrobium	0	0	0	0	29	53	0	0	0	0	0	0	0	0	0	0	0	0	0	0	0	0	0	0	0	0	0	0	0	0	0	0	0	0	0	0	0	0	0	0	0	0	0	0	0	0	0	0	0	0	0	0	0	0	0	0	0	0	0	0	0	0	0	0
2901164	Stutzerimonas	34	105	72	0	56	47	29	126	49	67	0	48	22	0	45	22	27	0	0	0	0	0	35	0	0	132	0	80	0	30	84	0	98	0	50	0	93	29	45	16	19	116	0	727	202	0	170	307	0	231	431	75	52	274	39	0	39	0	79	0	0	165	14	13
2901189	Halopseudomonas	0	0	0	0	0	0	0	0	0	0	0	0	0	0	0	0	0	0	0	0	0	0	18	0	0	0	0	0	0	0	0	0	0	0	0	0	0	0	0	0	0	0	0	0	0	0	0	0	0	0	0	55	0	0	0	0	0	0	0	0	0	0	0	0
2901261	Denitrificimonas	0	0	0	0	0	0	0	0	0	0	0	18	0	0	0	0	0	0	0	0	0	0	0	0	0	0	0	0	0	0	0	0	0	0	0	0	0	0	0	0	0	0	0	0	0	0	0	0	0	0	0	0	0	0	0	0	0	0	0	0	0	0	0	0
2905967	Candidatus Minimicrobia	0	25	154	0	0	46	0	0	0	72	38	0	101	0	0	0	116	0	0	0	0	0	0	0	0	36	0	267	51	0	0	0	57	0	86	0	83	0	59	0	0	48	0	0	0	77	0	0	0	77	16	0	0	47	0	0	32	0	61	0	78	0	110	0
2910984	Solidesulfovibrio	247	0	0	0	0	0	15	0	0	0	0	0	0	0	13	0	0	0	0	0	0	0	0	0	0	0	0	0	0	0	0	0	0	0	0	0	0	0	0	0	0	0	0	0	0	0	0	0	0	0	0	0	0	0	0	0	0	0	0	0	0	24	0	0
2911176	Aquibium	0	0	0	0	0	0	0	0	0	0	0	0	0	59	26	0	0	0	0	0	0	0	0	0	0	0	0	0	0	0	0	0	0	0	0	0	0	0	0	0	0	0	0	0	0	0	0	0	0	0	0	0	0	0	0	0	0	0	0	0	0	0	0	0
2912996	Changpingibacter	0	0	0	0	0	19	0	0	0	0	0	0	0	0	0	0	0	0	0	0	0	0	0	0	0	0	0	0	0	0	0	0	0	0	0	0	0	0	0	0	0	0	0	0	0	0	0	0	0	0	0	0	0	0	0	0	0	0	0	0	0	0	0	0
2919589	Vaginimicrobium	0	0	20	0	0	27	0	31	0	68	0	0	10	0	13	0	60	0	0	0	0	0	0	0	0	25	0	83	0	0	32	0	42	0	53	0	174	0	67	0	0	548	0	0	0	0	0	0	0	0	0	0	0	16	0	0	35	0	0	0	0	0	0	0
2923352	Mesomycoplasma	0	0	0	0	0	0	0	0	0	0	0	0	0	0	0	0	0	0	0	0	0	0	0	0	0	0	0	0	0	0	0	0	0	0	0	0	0	0	0	0	0	0	0	0	0	0	0	0	0	0	0	0	0	0	228	0	0	0	0	0	0	0	0	0
2924872	Acididesulfobacillus	0	0	0	0	0	0	0	0	0	0	0	0	0	0	0	0	0	0	0	0	0	0	0	0	0	0	0	0	0	0	0	0	0	0	0	0	0	0	17	0	0	0	0	0	0	0	0	0	0	0	0	0	0	0	0	0	0	0	0	0	0	0	0	0
2943184	Tannockella	0	0	0	0	0	0	0	0	0	0	0	0	0	0	0	0	0	0	0	0	0	0	0	0	0	0	0	0	0	0	0	0	0	0	0	0	0	0	15	0	0	0	0	0	0	0	0	0	0	0	0	0	0	0	0	0	0	0	0	0	0	0	0	0
2943291	Pseudemcibacter	0	0	0	0	0	0	0	0	0	0	0	0	0	0	0	0	0	266	135	0	0	0	0	0	0	0	0	0	0	0	0	0	0	0	0	0	0	0	0	0	0	0	0	0	0	0	0	0	0	0	0	0	0	0	0	0	0	0	0	0	0	0	0	0
2944152	Wujia	0	161	13	0	138	1589	0	186	0	214	33	0	0	0	15	18	369	0	0	0	12	0	0	0	0	0	0	25	0	0	0	0	0	0	12	0	33	0	2720	0	0	100	0	0	0	130	0	52	0	0	0	0	0	31	51	24	148	0	20	0	0	0	0	0
2944193	Simiaoa	0	2198	57	0	17	205	51	3123	234	11308	0	0	21	0	36	68	1691	0	0	0	21	24	0	0	0	23	0	24	0	0	20	0	0	0	1418	0	24	175	122150	0	0	68	0	0	0	20	56	626	0	13	29	35	48	212	307	360	970	0	132	0	86	0	0	19
2944195	Qiania	0	79	0	0	0	56	0	20	0	102	0	0	0	0	0	0	83	0	0	0	0	0	0	0	0	0	0	0	0	0	0	0	0	0	0	0	0	0	364	0	0	0	0	0	0	0	0	12	0	0	0	0	0	0	44	0	87	0	0	0	0	0	0	0
2944198	Wansuia	0	404	0	0	0	147	0	60	0	536	0	0	0	0	0	0	398	0	0	0	0	0	0	0	0	0	0	0	0	0	0	0	0	0	0	0	0	10	2273	0	0	0	0	0	0	0	0	116	0	0	0	10	0	11	116	15	310	0	0	0	0	0	0	0
2944815	Wielerella	0	0	0	0	0	0	0	0	0	0	0	0	0	0	0	0	0	0	0	0	0	0	0	0	0	14	0	0	0	0	0	0	0	0	0	0	0	0	0	0	0	0	0	0	0	0	0	0	0	0	0	0	0	0	88	0	0	0	0	0	0	0	0	0
2946607	Neotabrizicola	0	0	0	0	0	0	0	38	0	0	0	0	0	0	0	0	0	0	0	0	0	0	0	0	0	0	0	0	0	0	0	0	0	0	0	0	0	0	0	0	0	0	0	0	0	0	0	32	0	0	0	0	0	0	0	0	0	0	0	0	0	0	0	0
2964429	Candida/Metschnikowiaceae	0	0	0	0	0	0	0	0	0	0	0	0	0	0	0	0	0	539	481	0	0	0	0	0	0	0	0	0	0	0	0	0	0	0	0	0	0	0	0	0	0	31	0	0	0	0	0	0	0	0	0	0	0	0	0	0	0	0	0	0	0	0	0	0
2974251	Segatella	33	728	659	37	49	208	174	831	202	658	325	14	287	231	95	115	2346	18	0	17	171	56	0	0	0	316	0	2062	72	0	577	0	1474	44	1845	17	6057	0	1610	65	0	1340	36	129	343	51	19	133	0	173	23	159	162	551	151	20	430	26	570	0	49	189	185	35
2974257	Hoylesella	25	445	1450	29	55	258	0	2727	92	136	127	12	80	0	55	165	418	0	0	0	73	97	0	0	0	247	35	1204	49	13	1171	0	900	14	891	23	899	13	4037	30	0	1050	0	39	155	36	13	767	0	179	23	148	423	499	108	255	6169	0	387	0	120	15	22	19
2976759	Capillimicrobium	0	0	0	0	0	0	0	0	0	0	0	0	0	0	0	0	0	0	0	0	0	0	81	0	0	42	0	0	0	0	0	0	0	0	0	0	0	0	0	0	0	0	0	0	0	0	99	0	0	0	0	0	0	0	0	0	0	0	0	0	0	0	0	0
2979332	Prescottella	0	0	0	0	0	0	0	0	0	0	0	0	0	0	0	0	0	0	0	0	0	0	0	0	0	0	0	0	0	0	0	0	0	0	0	0	35	0	0	0	0	0	0	0	0	0	0	0	0	0	0	0	0	0	0	0	0	0	0	0	0	0	0	0
2981344	Xiamenia	0	15	0	0	0	0	0	0	0	0	0	0	0	0	0	0	0	0	0	0	0	0	0	0	0	0	0	0	0	0	0	0	0	0	0	0	0	0	0	0	0	0	0	0	0	0	0	0	0	0	0	0	0	0	0	0	0	0	0	0	0	0	0	0
2994363	Pseudofrankia	0	0	0	0	0	0	0	15	0	0	0	0	0	0	0	0	0	0	0	0	0	0	0	0	0	0	0	0	0	0	0	0	0	0	0	0	0	0	0	0	0	0	0	0	0	0	0	0	0	0	0	0	0	0	0	0	0	0	0	0	0	0	0	0
2995702	Actinacidiphila	0	0	0	0	0	0	0	0	0	0	0	0	0	0	0	0	0	0	0	0	0	85	0	0	0	0	0	0	0	0	0	0	0	0	0	0	262	0	0	0	0	0	0	0	0	0	0	0	0	0	29	0	0	0	0	0	0	0	0	0	0	0	0	0
2997360	Anaeropeptidivorans	0	0	0	0	0	0	0	0	0	0	0	0	0	0	0	0	0	0	0	0	0	0	0	0	0	0	0	0	0	0	0	0	0	0	0	0	0	0	16	0	0	0	0	0	0	0	0	0	0	0	0	0	0	0	0	0	0	0	0	0	0	0	0	0
3020833	Isoalcanivorax	0	0	0	0	0	17	0	0	0	0	0	0	0	0	0	0	0	0	0	0	0	0	0	0	0	0	0	0	0	0	0	0	0	0	0	0	0	0	0	0	0	0	0	0	0	0	0	0	0	0	0	0	0	0	0	0	0	0	0	0	0	0	0	0
3024823	Anaeromicropila	0	11	0	0	0	0	0	0	0	0	0	0	0	0	0	0	10	0	0	0	0	0	0	0	0	0	0	0	0	0	0	0	0	0	0	0	0	0	90	0	0	0	0	0	0	0	0	0	0	0	0	0	0	0	0	0	0	0	0	0	0	0	0	0
3025755	Thomasclavelia	0	529	0	0	0	241	0	1180	29	1973	0	0	39	0	0	40	1035	0	0	0	0	0	0	0	0	12	0	0	0	0	28	0	0	0	204	0	12	11	17737	0	0	26	0	0	0	0	16	803	0	0	0	437	13	31	188	244	1705	0	133	0	18	0	0	0
3026546	Duffyella	0	0	0	0	0	0	0	0	0	0	0	0	0	0	0	0	0	0	0	0	0	0	0	0	0	0	0	66	0	0	0	0	0	0	0	0	0	0	0	0	0	0	0	0	0	0	0	0	0	0	0	0	0	0	0	0	0	0	0	0	0	0	0	0
3029205	Abyssibius	0	0	0	0	0	0	0	0	0	0	0	0	0	0	0	0	0	0	0	0	0	0	0	0	0	0	0	0	0	0	0	0	0	0	0	0	0	0	0	0	0	0	0	0	0	0	0	18	0	0	0	0	21	0	0	0	0	0	0	0	0	0	0	0
3031933	Chordicoccus	0	14	0	0	0	0	0	13	0	20	0	0	0	0	0	0	0	0	0	0	0	0	0	0	0	0	0	0	0	0	0	0	0	0	0	0	0	0	116	0	0	0	0	0	0	0	0	11	0	0	0	0	0	0	0	0	13	0	0	0	0	0	0	0
3046369	Aristaeella	0	52	0	0	0	0	0	0	0	0	0	0	0	0	0	0	0	0	0	0	0	0	0	0	0	0	0	0	0	0	0	0	0	0	0	0	0	0	157	0	0	0	0	0	0	0	0	0	0	0	0	0	0	0	0	0	28	0	0	0	0	0	0	0
3047433	Maliibacterium	0	141	0	0	0	24	0	23	0	170	0	0	0	0	0	11	99	0	0	0	0	0	0	0	0	0	0	0	0	0	0	0	0	0	0	0	0	0	429	0	0	0	0	0	0	0	0	21	0	0	0	0	0	0	64	0	17	0	0	0	0	0	0	0
3048127	Thermocaproicibacter	0	12	0	0	0	0	0	0	0	0	0	0	0	0	0	0	0	0	0	0	0	0	0	0	0	0	0	0	0	0	0	0	0	0	0	0	0	0	38	0	0	0	0	0	0	0	0	0	0	0	0	0	0	0	0	0	0	0	0	0	0	0	0	0
3050898	Sulfuricystis	0	0	0	0	0	0	0	0	0	0	0	0	0	0	0	0	0	0	0	0	0	0	0	0	0	0	0	0	0	0	0	0	17	0	0	0	0	0	0	0	0	0	0	0	0	0	0	0	0	0	0	28	0	0	0	0	0	0	0	0	0	0	0	0
3051137	Paracidovorax	0	0	357	150	0	0	0	88	0	58	20	0	143	0	86	0	118	0	0	0	47	0	0	0	0	0	0	0	56	0	0	0	139	0	0	0	73	0	0	0	0	0	0	0	0	0	0	0	0	149	0	107	0	0	0	0	0	0	135	0	0	0	0	0
3059405	Prodigiosinella	0	0	0	0	0	0	0	0	0	0	0	0	46	0	0	0	0	0	0	0	0	0	0	0	0	0	0	0	0	0	0	0	0	0	0	0	0	0	0	0	0	0	0	0	0	0	0	0	0	0	0	0	0	0	0	0	0	0	0	0	0	0	0	0
3059504	Allocoprobacillus	0	0	0	0	0	0	0	0	0	39	0	0	0	0	0	0	19	0	0	0	0	0	0	0	0	0	0	0	0	0	0	0	0	0	0	0	0	0	69	0	0	0	0	0	0	0	0	0	0	0	0	0	0	0	0	0	16	0	0	0	0	0	0	0
3076173	Macrococcoides	0	142	39	0	0	0	0	12	0	154	0	0	72	0	0	0	38	0	0	0	0	0	0	0	0	0	0	18	240	0	69	0	0	0	28	0	1450	0	38	0	0	82	0	0	48	0	0	0	0	18	0	0	0	0	0	0	0	0	0	0	0	0	0	0
3076670	Claveliimonas	0	144	0	0	0	36	0	99	0	310	44	0	0	0	0	0	188	0	0	0	0	0	0	0	0	0	0	0	0	0	0	0	0	0	11	0	0	0	1141	0	0	0	0	0	0	0	0	64	0	0	0	0	0	0	50	30	92	0	0	0	0	0	0	0
3079925	Amygdalobacter	0	11	23	0	24	22	0	181	74	21	0	0	18	0	0	187	0	0	0	0	0	83	0	0	0	28	26	16	0	0	0	0	0	0	46	0	0	0	79	18	0	13	0	32	62	0	0	0	0	0	0	0	18	0	0	0	26	0	30	0	0	0	0	0
3088373	Chakrabartyella	0	0	0	0	0	0	0	0	0	0	0	0	0	0	0	0	0	0	0	0	0	0	0	0	0	0	0	0	0	0	0	0	0	0	0	0	0	0	34	0	0	0	0	0	0	0	0	0	0	0	0	0	0	0	0	0	0	0	0	0	0	0	0	0
3088764	Marnyiella	0	0	0	0	0	0	0	0	0	0	0	0	24	0	0	0	0	0	0	0	0	0	0	0	0	0	0	0	0	0	0	0	0	0	0	0	0	0	0	0	0	0	0	0	0	0	0	0	0	0	0	0	0	0	0	0	0	0	0	0	0	0	0	0
3088889	Aurantibacillus	0	0	0	0	0	0	0	0	0	0	0	0	0	0	0	0	0	10	10	0	0	0	0	0	0	0	0	0	0	0	0	0	0	0	0	0	0	0	0	0	0	0	0	0	0	0	0	0	0	0	0	0	0	0	0	0	0	0	0	0	0	0	0	0
3108736	Antiquaquibacter	0	0	0	0	0	0	0	0	0	0	0	0	0	0	0	0	0	0	0	0	0	0	0	0	0	0	0	0	0	0	0	0	0	0	0	0	96	0	0	0	0	0	0	0	0	0	0	0	0	0	0	0	0	0	0	0	0	0	0	0	0	0	0	0
3126915	Taurinivorans	0	0	0	0	0	0	0	0	0	0	0	0	0	0	0	0	0	0	0	0	0	0	0	0	0	0	0	0	0	0	0	0	0	0	0	0	0	0	11	0	0	0	0	0	0	0	0	0	0	0	0	0	0	0	0	0	0	0	0	0	0	0	0	0
3142786	Terrirubrum	0	0	0	0	0	0	0	0	0	0	0	0	0	82	59	0	0	0	0	0	0	0	0	0	0	0	0	0	0	0	0	0	0	0	0	0	0	0	0	0	0	0	0	0	0	0	0	0	0	0	0	0	0	0	0	0	0	0	0	0	0	0	0	0
