ARG-group	SRR17140442	SRR17140443	SRR17140444	SRR17140445	SRR17140446	SRR17140447	SRR17140448	SRR17140449	SRR17140450	SRR17140451	SRR17140452	SRR17140453	SRR17140454	SRR17140455	SRR17140456	SRR17140457	SRR17140458	SRR17140459	SRR17140460	SRR17140461	SRR17140462	SRR17140463	SRR17140464	SRR17140465	SRR17140466	SRR17140467	SRR17140468	SRR17140469	SRR17140470	SRR17140471	SRR17140472	SRR17140473	SRR17140474	SRR17140475	SRR17140476	SRR17140477	SRR17140478	SRR17140479	SRR17140480	SRR17140481	SRR17140482	SRR17140483	SRR17140484	SRR17140485	SRR17140486	SRR17140487	SRR17140488	SRR17140489	SRR17140490	SRR17140491	SRR17140492	SRR17140493	SRR17140494	SRR17140495	SRR17140496	SRR17140497	SRR17140498	SRR17140499	SRR17140500	SRR17140501	SRR17140502	SRR17140503	SRR17140504	SRR17140505
AAC(2')-I	0.0	0.0	0.0	0.00334092351338	0.0	0.0	0.0	0.0	0.0	0.0	0.0	0.0	0.0	0.0	0.0	0.0	0.0	0.0	0.0	0.0	0.0	0.0	0.0	0.0	0.0	0.0	0.0	0.0	0.0	0.0	0.0	0.0	0.0	0.0	0.0	0.0	0.0	0.0	0.0	0.0	0.0	0.0	0.0	0.0	0.0	0.0	0.0	0.0	0.0	0.0	0.0	0.0	0.0	0.0	0.0	0.0	0.0	0.0	0.0	0.0	0.0	0.0	0.0	0.0
AAC(3)-IIIA	0.0	0.0	0.0	0.0	0.0	0.0	0.0	0.0	0.0	0.0	0.0	0.0	0.0	0.0	0.0	0.0	0.0	0.0	0.0	0.0	0.0	0.0	0.0	0.0	0.0	0.0	0.0	0.0	0.0	0.0	0.0	0.0	0.0	0.0	0.0	0.0	0.0	0.0	0.0	0.0	0.0	0.0	0.00783007854684	0.0	0.0	0.0	0.0	0.0	0.0	0.0	0.0	0.0	0.0	0.0	0.0	0.0	0.0	0.0	0.0	0.0	0.0	0.0	0.0	0.0
AAC(3)-IV	0.0	0.0	0.0	0.0	0.0	0.0	0.0	0.000345329181666	0.0	0.0	0.0	0.0	0.0	0.0	0.0	0.0	0.0	0.0	0.0	0.0	0.0	0.0	0.0	0.0	0.0	0.0	0.0	0.0	0.0	0.0	0.0	0.0	0.0	0.0	0.0	0.0	0.0	0.0	0.0	0.0	0.0	0.0	0.0	0.0	0.0	0.0	0.0	0.0	0.0	0.0	0.0	0.0	0.0	0.0	0.0	0.0	0.0	0.0	0.0	0.0	0.0	0.0	0.0	0.0
AAC(6')-I	0.0	0.0	0.000735030679318	0.0	0.0	0.0	0.0	0.0	0.0	0.0	0.00333552285252	0.0	0.0	0.0	0.0	0.0	0.0	0.0	0.0	0.0	0.0	0.000861735916455	0.0	0.0	0.0	0.0	0.0	0.0	0.0	0.0	0.0	0.0	0.0	0.0	0.0	0.0	0.0	0.0	0.00249670793399	0.0	0.0	0.000567491233013	0.0	0.0	0.0	0.0	0.0	0.0	0.0	0.0	0.0	0.0	0.0	0.0	0.000474509527137	0.0	0.00194836890433	0.0	0.0	0.0	0.0	0.0	0.0	0.0
AAC(6')-IB8	0.0	0.0	0.0	0.0	0.0	0.0	0.0	0.0	0.0	0.000724137495101	0.0	0.0	0.0	0.0	0.0	0.0	0.0	0.0	0.0	0.0	0.0	0.0	0.0	0.0	0.0	0.0	0.0	0.0	0.0	0.0	0.0	0.0	0.0	0.0	0.0	0.0	0.0	0.0	0.000369210142966	0.0	0.0	0.0	0.0	0.0	0.0	0.0	0.0	0.0	0.0	0.0	0.0	0.0	0.0	0.0	0.0	0.0	0.0	0.0	0.0	0.0	0.0	0.0	0.0	0.0
AAC(6')-IE-APH(2'')-IA	0.0	0.00364459464181	0.0	0.0	0.0	0.000660749604738	0.0512496271995	0.00150531801946	0.0	0.00102044427807	0.00254864585391	0.0	0.000120401191568	0.0	0.00020275774605	0.0	0.00148549644057	0.0	0.0	0.0	0.0	0.00537730407992	0.0	0.0	0.0	0.00269057179583	0.0	0.000198207358393	0.0	0.0	0.00483022068239	0.0	0.000728894693804	0.0308202225427	0.000999435549232	0.0	0.00163615988124	0.0	0.00416228553657	0.0	0.0	0.00173446172261	0.0	0.0	0.00522498383916	0.00165856398704	0.0	0.00381727378588	0.0	0.00149254198035	0.0	0.00367538921396	0.0	0.00143430109706	0.00135963324843	0.00512789294449	0.0532221981811	0.0	0.000970321839221	0.0	0.00104129626842	0.0	0.0	0.0
AAD(9)	0.0	0.000610405885813	0.0	0.0	0.00439209912894	0.000608652039749	0.0	0.0	0.0	0.0	0.0	0.0	0.000665448124167	0.0	0.0	0.00905870445344	0.0153941710463	0.0	0.0	0.0	0.0	0.0111197076912	0.0	0.0	0.0	0.0	0.0	0.00109547682312	0.0	0.0	0.00127125038839	0.0	0.000671424150639	0.0	0.0	0.0	0.000959098615698	0.0	0.0	0.0	0.0	0.00159770608679	0.00420113829725	0.0	0.00160433798651	0.0	0.0	0.0	0.0	0.0	0.0	0.0	0.0	0.0	0.0131922773727	0.0	0.0	0.0	0.0	0.0	0.0	0.0	0.0	0.0
AADA	0.0	0.0	0.0	0.0	0.0	0.0	0.0	0.000342703104239	0.0	0.000309754631935	0.0	0.0	0.0	0.0	0.0	0.0	0.000338190491935	0.0	0.0	0.0	0.000541024137535	0.000199870307619	0.0	0.0	0.0	0.000612539871769	0.0	0.0	0.0	0.0	0.0	0.0	0.0	0.0	0.0	0.0	0.0	0.0	0.000473796286125	0.0	0.0	0.0	0.0	0.00427719318158	0.0	0.0	0.0	0.00115872886149	0.0	0.0	0.0105725571265	0.0	0.0	0.000870760742068	0.000165086014194	0.0	0.00237249103275	0.0	0.000589080051948	0.0	0.0	0.0	0.0	0.0
AADD	0.0	0.0134868336035	0.0138232251865	0.00235053116752	0.0045136196582	0.010633367651	0.0	0.00356248681482	0.0	0.00257598318415	0.0434277165068	0.0	0.00113976622058	0.0	0.000191938656834	0.00930934054504	0.0151169813174	0.0	0.0	0.0	0.000562408490797	0.11219597268	0.0198599264961	0.0	0.0	0.00445725653726	0.176877470356	0.00187631076423	0.0	0.0	0.00849175160623	0.0	0.013110020965	0.0	0.00141915897653	0.0215759048973	0.00915232445246	0.0	0.000328348941373	0.0120683988302	0.152975109497	0.00779907911932	0.0	0.0	0.0247309017684	0.0141305718342	0.0	0.0132498126336	0.0	0.00339096098935	0.0	0.0055668345723	0.0	0.0162932069287	0.170924708483	0.00323618013229	0.00352323625981	0.0	0.0104101854239	0.0	0.00394293211521	0.00856290325474	0.0139150807469	0.0574210918256
AADE	0.0	0.00267857435125	0.000567555334663	0.0	0.0	0.00801263444733	0.0	0.00874688218372	0.00861939242914	0.0171868076369	0.00257553030385	0.0	0.0	0.0	0.00040979308168	0.0	0.00900699740546	0.0	0.0	0.0	0.00120075399301	0.0	0.0	0.0	0.0	0.0	0.0	0.00280417414638	0.0	0.0	0.0	0.0	0.000736583456397	0.0	0.00403991247327	0.0	0.00060124325517	0.0875680303308	0.0446907847103	0.0	0.0	0.0	0.0	0.0	0.0	0.013408475102	0.0	0.00642923397832	0.0	0.00180994331288	0.0117324157142	0.00148566365695	0.00401474690553	0.00483143618489	0.00164877044556	0.0	0.00902662049349	0.0	0.00130740973555	0.0	0.00210456081255	0.0	0.0	0.0175136060662
AADK	0.0	0.0	0.0	0.0	0.0	0.0	0.0	0.0	0.0	0.0	0.0	0.0	0.0	0.0	0.0	0.0	0.0	0.0	0.0	0.0	0.0	0.0	0.0	0.0	0.0	0.0	0.0	0.0	0.0	0.0	0.0	0.0	0.0	0.0	0.0	0.0	0.0	0.0	0.0	0.0537553680291	0.0	0.0	0.0	0.0	0.0	0.0	0.0	0.0	0.0	0.0	0.0	0.0	0.0	0.0	0.0	0.0	0.0	0.0	0.0	0.0	0.0	0.0	0.0	0.0
ABCA	0.0	0.0	0.000185276328258	0.313724682646	0.0298856331914	0.00501341487287	0.0	0.000496589071156	2.02591339409	0.0341122621659	0.000420386144636	0.00035128259851	0.00266118143319	0.0	0.000100331570618	0.0	0.00012251253358	11.0689353427	5.71212917403	0.0	0.0	0.0	0.0	0.0	0.0	0.000776643184522	0.0	0.00156927809372	0.00120663853424	0.0	0.0	0.0	0.000841592254933	0.0	0.00131881440243	0.0	7.36026092331e-05	0.0	5.72123155422e-05	0.0	0.0	0.0160925974651	1.19686147937	0.0	0.0	0.0	0.0	0.000209879952185	0.00416129069754	0.0	0.0	0.000242494687808	0.000655299598217	0.000157720437441	2.99019433423e-05	0.0	0.0	0.0	0.000106699761475	0.0	0.0	0.0	0.0	0.0
ABEM	0.0	0.0	0.0	0.0	0.0	0.0	0.0	0.00100592540642	0.0	0.0	0.0	0.0	0.0	0.0	0.0	0.0	0.0	0.0	0.0	0.0	0.0	0.0	0.0	0.0	0.0	0.0	0.0	0.0	0.0	0.0	0.0	0.0	0.0	0.0	0.0	0.0	0.0	0.0	0.0	0.0	0.0	0.0	0.0	0.0	0.0	0.0	0.0	0.0	0.0	0.0	0.0	0.000785942604236	0.0	0.0	0.0	0.0	0.0	0.0	0.0	0.0	0.0	0.0	0.0	0.0
ABES	0.0	0.0	0.0	0.0	0.0	0.0	0.0	0.00165377828284	0.0	0.0	0.0	0.0	0.0	0.0	0.0	0.0	0.0	0.0	0.0	0.0	0.0	0.0	0.0	0.0	0.0	0.0	0.0	0.0	0.0	0.0	0.00303234037597	0.0	0.00160156219418	0.0	0.0	0.0	0.0	0.0	0.0	0.0	0.0	0.0	0.0	0.0	0.0	0.0	0.0	0.0027958320236	0.0	0.0	0.0	0.0	0.0	0.0	0.0	0.0	0.0	0.0	0.0	0.0	0.0	0.0	0.0	0.0
ACRA	0.0	0.00178991199599	0.0	0.0014904370561	0.0	0.0	0.0205084138919	0.00022589202109	0.010239578976	0.00142921874033	0.00152982627071	0.00191752756781	0.00809433975595	0.0	0.0	0.0	0.00133750525382	0.0	0.0	0.0	0.0	0.0	0.0	0.0	0.0	0.0	0.0	0.000237948182131	0.0	0.0	0.0	0.0	0.00131255848997	0.0	0.0014997795366	0.00456032075105	0.0	0.0	0.0	0.00765239324324	0.0	0.000260277933938	0.0	0.0	0.0	0.0	0.0	0.0	0.0	0.000358359703552	0.0	0.000882461871423	0.0143081957385	0.00057396008813	0.0	0.0	0.00379785442442	0.0	0.00194145430654	0.0	0.0	0.0108592206689	0.0	0.0052014093204
ACRB	0.0171072227841	0.00129462284803	0.00154906657561	0.0159800026782	0.0	0.000911225702504	0.00785302988758	0.00302743001394	0.0235254818315	0.0110236382112	0.00234318879851	0.0291254403221	0.0384665630317	0.0126206676126	0.013142087726	0.00904131730478	0.00179253943086	0.0	0.0	0.00296181084122	0.00232141930798	0.000252235560959	0.00321469059725	0.0	0.0286308381318	0.0017006505269	0.0	0.000728916120308	0.0	0.0110829050833	0.000475803888168	0.0205116452288	0.00686888814377	0.00708391871302	0.00826980163673	0.00174622646801	0.00136751105063	0.0	0.000757376852773	0.00586047006536	0.0742854178555	0.00129564457134	0.00943441805716	0.0	0.000400314660742	0.0	0.0233861500656	0.0128683401009	0.00289932538044	0.00178388846672	0.0106740212064	0.00304119057608	0.0054788580611	0.00307691079875	0.000208337916186	0.000785751989895	0.00290852958799	0.0	0.000594733411371	0.0	0.00191470599836	0.016632741063	0.000699023514917	0.00199171047873
ACRD	0.0	0.000229564412215	0.000778267778102	0.00229386455306	0.0	0.0	0.0	0.0	0.00196990935941	0.00432073360746	0.0	0.000245931693846	0.00628443133656	0.0	0.0	0.00227122773182	0.001886952928	0.0	0.00798211827136	0.0	0.000686062430915	0.0	0.0	0.0	0.0	0.000310700069962	0.0	0.0	0.0	0.0	0.0	0.0	0.00033668327708	0.0	0.00057706078602	0.0	6.87052321481e-05	0.0	0.0	0.0	0.0	0.000400582046833	0.0	0.0	0.0	0.0	0.0	0.000587744822705	0.0	0.000275767640728	0.0	0.000339539331435	0.00183509164245	0.000220839031016	0.0	0.000789540572296	0.00137531922659	0.0	0.000149400244612	0.0	0.0	0.0	0.0	0.0
ACRF	0.0	0.000153486973222	0.000130087634734	0.0	0.0	0.0	0.0	0.0	0.0	0.000157573439456	0.0	0.000493290457482	0.000501982143956	0.0	0.0	0.0	0.0	0.0	0.0	0.0	0.000137610588174	0.0	0.0	0.0	0.0	0.0	0.0	9.18194629305e-05	0.0	0.0	0.0	0.0206703426773	0.000337660114441	0.0	0.000578735043619	0.0	0.0	0.0	4.01703492105e-05	0.0	0.0	0.000200872138571	0.00105637906894	0.0	0.0	0.0	0.00277259851728	0.000294725039238	0.0	0.0	0.0	0.00034052445522	0.00184041589287	0.000221479763215	8.39799259827e-05	0.0	0.00120689582517	0.0	0.000149833707604	0.0	0.000964759985636	0.0	0.00011740530344	0.0
ACRS	0.0	0.0	0.0	0.0	0.0	0.000719316046977	0.0	0.0	0.0	0.0	0.0	0.0	0.0	0.0	0.0	0.0	0.0	0.0	0.0	0.0	0.0	0.0	0.0	0.0	0.0	0.0	0.0	0.000431551475773	0.0	0.0	0.0	0.0	0.0	0.0	0.0	0.0	0.0	0.0	0.0	0.0	0.0	0.0	0.0	0.00511319003071	0.0	0.0	0.0	0.0	0.0	0.0	0.0	0.0	0.0	0.00416381954843	0.0	0.0	0.00243103301927	0.0	0.0	0.0	0.0	0.0	0.0	0.0
ADC-18	0.0	0.0	0.0	0.0	0.0	0.0	0.0	0.0	0.0	0.0	0.0	0.0	0.000150580080316	0.0	0.0	0.0	0.0	0.0	0.0	0.0	0.0	0.0	0.0	0.0	0.0	0.0	0.0	0.0	0.0	0.0	0.000431494909897	0.0	0.0	0.0	0.0	0.0	0.0	0.0	0.0	0.0	0.0	0.0	0.0	0.0	0.0	0.0	0.0	0.0	0.0	0.0	0.0	0.0	0.0024843211922	0.0	0.0	0.0	0.0	0.0	0.0	0.0	0.0	0.0	0.0	0.0
ADC-22	0.0	0.0	0.0	0.0	0.0	0.0	0.0	0.0	0.0	0.0	0.0	0.0	0.0	0.0	0.0	0.0	0.0	0.0	0.0	0.0	0.0	0.0	0.0	0.0	0.0	0.0	0.0	0.0	0.0	0.0	0.0	0.0	0.0	0.0	0.0	0.0	0.0	0.0	0.0	0.0	0.0	0.0	0.0	0.0	0.0	0.0	0.0	0.0	0.0	0.00037333034391	0.0	0.0	0.0	0.0	0.0	0.0	0.0	0.0	0.0	0.0	0.0	0.0	0.0	0.0
ADC-23	0.0	0.0	0.0	0.0	0.0	0.0	0.0	0.000235328763485	0.0	0.000212703572321	0.0	0.0	0.000150580080316	0.0	0.0	0.0	0.0	0.0	0.0	0.0	0.0	0.0	0.0	0.0	0.0	0.0	0.0	0.000247888576162	0.0	0.0	0.0	0.0	0.0	0.0	0.0	0.0	0.0	0.0	0.0	0.0	0.0	0.000271151163555	0.0	0.0	0.0	0.0	0.0	0.0	0.0	0.0	0.0	0.00275798135795	0.0	0.000597937533065	0.0	0.0	0.0	0.0	0.0	0.0	0.0	0.0	0.0	0.0
ADC-42	0.0	0.0	0.0	0.0	0.0	0.0	0.0	0.0	0.0	0.0	0.0	0.0	0.0	0.0	0.0	0.0	0.0	0.0	0.0	0.0	0.0	0.0	0.0	0.0	0.0	0.0	0.0	0.0	0.0	0.0	0.0	0.0	0.0	0.0	0.0	0.0	9.30121745922e-05	0.0	0.0	0.0	0.0	0.000271151163555	0.0	0.0	0.0	0.0	0.0	0.0	0.0	0.00037333034391	0.0	0.0	0.0	0.0	0.0	0.0	0.0	0.0	0.0	0.0	0.0	0.0	0.0	0.0
ADC-44	0.0	0.0	0.0	0.0	0.0	0.0	0.0	0.0	0.0	0.000212703572321	0.0	0.0	0.0	0.0	0.0	0.0122990243232	0.0	0.0	0.0	0.0	0.0	0.0	0.0	0.0	0.0	0.0	0.0	0.0	0.0	0.0	0.0	0.0	0.0	0.0	0.0	0.0	0.0	0.0	0.0	0.0	0.0	0.0	0.0	0.0	0.0	0.0	0.0	0.0	0.0	0.00037333034391	0.0	0.0	0.0	0.0	0.0	0.0	0.0	0.0	0.0	0.0	0.0	0.0	0.0	0.0
ADC-5	0.0	0.0	0.0	0.0	0.0	0.0	0.0	0.0	0.0	0.0	0.0	0.0	0.0	0.0	0.0	0.0	0.000232230024488	0.0	0.0	0.0	0.0	0.0	0.0	0.0	0.0	0.0	0.0	0.0	0.0	0.0	0.0	0.0	0.0	0.0	0.0	0.0	0.0	0.0	0.0	0.0	0.0	0.0	0.0	0.0	0.0	0.0	0.0	0.0	0.0	0.0	0.0	0.0	0.0	0.0	0.0	0.0	0.0	0.0	0.0	0.0	0.0	0.0	0.0	0.0
ADC-8	0.0	0.0	0.0	0.0	0.0	0.0	0.0	0.0	0.0	0.0	0.0	0.0	0.0	0.0	0.0	0.0	0.0	0.0	0.0	0.0	0.0	0.0	0.0	0.0	0.0	0.0	0.0	0.0	0.0	0.0	0.0	0.0	0.00175889450041	0.0	0.0	0.0	0.0	0.0	0.0	0.0	0.0	0.0	0.0	0.0	0.0	0.0	0.0	0.0	0.0	0.0	0.0	0.0	0.0	0.0	0.0	0.0	0.0	0.0	0.0	0.0	0.0	0.0	0.0	0.0
ADC-80	0.0	0.000207187376386	0.0	0.0	0.0	0.0	0.0	0.0	0.0	0.0	0.0	0.0	0.000150580080316	0.0	0.0	0.0	0.0	0.0	0.0	0.0	0.0	0.0	0.0	0.0	0.0	0.0	0.0	0.0	0.0	0.0	0.0	0.0	0.0	0.0	0.0	0.0	0.0	0.0	0.0	0.0	0.0	0.0	0.0	0.0	0.0	0.0	0.0	0.0	0.0	0.0	0.00726000659079	0.0	0.0	0.000597937533065	0.0	0.0	0.0	0.0	0.0	0.0	0.0	0.0	0.0	0.0
ADC-82	0.0	0.0	0.0	0.0	0.0	0.00041318415231	0.0	0.0	0.0	0.0	0.0	0.0	0.0	0.0	0.0	0.0	0.0	0.0	0.0	0.0	0.0	0.0	0.0	0.0	0.0	0.0	0.0	0.0	0.0	0.0	0.0	0.0	0.0	0.0	0.0	0.0	0.0	0.0	0.0	0.0	0.0	0.0	0.0	0.0	0.0	0.0	0.0	0.0	0.0	0.0	0.0	0.0	0.0	0.0	0.0	0.0	0.0	0.0	0.0	0.0	0.0	0.0	0.0	0.0
ADEA	0.0	0.00332948664989	0.0	0.0	0.0	0.0	0.0	0.0050422890302	0.0	0.0	0.0	0.0	0.000403301893435	0.0	0.0	0.0	0.000621986708943	0.0	0.0	0.0	0.0	0.0	0.0	0.0	0.0	0.0	0.0	0.0	0.0	0.0	0.00231136434252	0.0	0.00122077118298	0.0	0.000836939909234	0.0	0.000249116523558	0.0	0.0	0.0	0.0	0.0	0.0	0.0	0.0	0.0	0.0	0.00852435498105	0.0	0.0	0.0	0.00246225375313	0.00665381130497	0.00160146905709	0.0	0.0	0.0	0.0	0.0	0.0	0.00697595681922	0.0	0.000848930655645	0.0
ADEB	0.0	0.000689357998457	0.00207738400487	0.00057401967701	0.00440905704064	0.000152750511906	0.0	0.00173997908137	0.00394362163264	0.00102225008358	0.0	0.00492338159302	0.00445344947963	0.00861963562928	0.00923399092208	0.00227342003658	0.0	0.0	0.0	0.0	0.000137344930668	0.0	0.0	0.0	0.0	0.0	0.0	0.000641495436961	0.0	0.0	0.000957119018285	0.0	0.0	0.00712494526928	0.0018483769424	0.0	0.000343857749699	0.0	0.0	0.0	0.0	0.00030072653178	0.0	0.00108581255478	0.0	0.0	0.00138362300524	0.000882468215943	0.0	0.000552067651419	0.00536791993103	0.00203920243261	0.00275529444965	0.000442104392208	4.19089012867e-05	0.0	0.0	0.0	0.000448633360026	0.0	0.00288869254386	0.0	0.000117178652275	0.0
ADEC	0.0	0.000845978306564	0.0	0.0	0.0	0.00101225712368	0.0	0.0	0.0	0.0	0.0	0.0	0.0	0.0	0.0	0.0	0.0	0.0	0.0	0.0	0.0	0.0	0.0	0.0	0.0	0.0	0.0	0.0	0.0	0.0123117133228	0.0	0.0	0.0	0.0	0.0	0.0	0.0	0.0	0.0	0.00651024499798	0.0	0.0	0.0	0.0	0.000889398457341	0.0	0.0	0.000649777591839	0.0	0.0	0.0	0.0	0.0	0.0	0.0	0.0	0.0	0.0	0.0	0.0	0.0	0.0	0.0	0.0
ADEF	0.00561086752946	0.000299727158284	0.00063508316485	0.00112310554369	0.0	0.000149432984263	0.0	0.000680875666968	0.0	0.000307707150893	0.000576393467433	0.000722467893819	0.000163377254281	0.0551731206751	0.051265927139	0.00444808906118	0.0	0.0	0.0	0.0	0.0	0.0	0.0	0.0	0.0	0.000304245488716	0.0	0.0	0.000551475968433	0.0	0.000624221153883	0.0	0.000329688912495	0.0139404028309	0.00011301454865	0.0	0.000134555855973	0.0391947557855	0.0	0.00288319632111	0.0	0.000196130114526	0.00309432282517	0.00212446044713	0.0027572192025	0.0	0.00676786323623	0.00258990671875	0.0	0.000540077513569	0.0	0.0013299425371	0.0017969688699	0.00043250250267	0.0	0.0	0.0	0.0	0.00102407589767	0.0	0.0	0.0	0.0	0.0
ADEH	0.0	0.000821457196229	0.0	0.0	0.0	0.0	0.0	0.00186606452205	0.0	0.000674662262517	0.00126376952798	0.0	0.0	0.0	0.0	0.0	0.000184149274076	0.0	0.0	0.0	0.0	0.0	0.0034676062136	0.0	0.0	0.0	0.0	0.0	0.0	0.0	0.00205295093777	0.0	0.000722858298825	0.0	0.000743368987705	0.0	0.00029501998235	0.0	0.0	0.0	0.0	0.000430024412594	0.0	0.0	0.000863618791911	0.0	0.0	0.0	0.0	0.0	0.0	0.00145798048322	0.00196996897849	0.0	0.0	0.0	0.0	0.0	0.0	0.0	0.0	0.0	0.0	0.0
ADEI	0.0	0.000190751839317	0.000323342822873	0.0	0.0	0.0	0.0	0.0019499477109	0.00491056732141	0.000783321809605	0.0	0.00122611137749	0.000138635025868	0.0	0.0	0.0	0.000641423793598	0.0	0.0198977323255	0.0	0.0	0.0	0.0040260908682	0.0	0.0	0.0003872547747	0.0	0.000456448676299	0.0	0.0	0.00198632873186	0.0	0.0	0.0	0.000575396187598	0.0	0.0	0.0	0.0	0.0	0.0	0.000249641576061	0.0	0.0	0.00100271124157	0.0	0.0	0.0	0.00726225251542	0.000687430392872	0.0	0.00169279945528	0.0	0.00165151496512	0.0	0.0	0.0	0.0	0.000744846411838	0.0	0.00239798515661	0.0156231816595	0.0	0.0
ADEJ	0.0	0.000225007840706	0.000889956805488	0.0	0.00215868766262	0.000448722675808	0.0	0.00204455765024	0.0	0.000384997486762	0.00230775305108	0.00506205529006	0.00256199624364	0.0	0.0	0.00667843995622	0.000336272587444	0.0	0.0	0.00291701975099	0.0	4.96842069034e-05	0.00791518809626	0.0	0.0	0.000609066110681	0.0	0.000448683008838	0.00110399442452	0.0	0.00249924461989	0.0202014502158	0.000825001319311	0.0	0.00124433504464	0.0	0.000269366070842	0.0196159009342	0.000117777337666	0.00577184291881	0.0	0.000392630985412	0.0	0.00212646844377	0.0	0.000375449976272	0.0	0.00115215762031	0.00285547924992	0.000270293991904	0.0105125993356	0.00133119957164	0.000899333664094	0.000649366942809	0.0	0.0	0.00016850260373	0.0	0.000732174166646	0.0	0.000471437535514	0.00204765077831	0.0	0.0
ADEK	0.0	0.0	0.000555828984774	0.0	0.0	0.000326961839535	0.0	0.00204842991852	0.00422065290435	0.000336634166111	0.00126115843391	0.0	0.000119157377606	0.0	0.000100331570618	0.00973249238799	0.0	0.0	0.0	0.0	0.0	0.0	0.0	0.0	0.0	0.000332847079081	0.0	0.000196159761715	0.0	0.0	0.0003414515506	0.0	0.0	0.0	0.000247277700456	0.0	7.36026092331e-05	0.0	0.000429092366567	0.0	0.0	0.0	0.0	0.0116208864334	0.0	0.0	0.0	0.00125927971311	0.00624193604631	0.0	0.0	0.000727484063425	0.00196589879465	0.00189264524929	0.0	0.0	0.0	0.0	0.0	0.0	0.0	0.0	0.0	0.0
ADEL	0.0	0.0	0.0	0.0	0.00338856312619	0.000939166352136	0.0	0.00133725395274	0.0181851276472	0.0	0.0	0.0	0.0	0.0	0.000144096380353	0.0	0.0	0.0	0.0	0.0	0.0	0.000155981872118	0.0	0.0	0.0	0.0	0.0	0.0	0.0	0.0	0.000980786649795	0.0	0.000518012697822	0.0	0.000710281347303	0.0	0.000317124595271	0.0	0.0	0.0	0.0	0.0	0.0	0.0	0.0	0.0	0.0	0.0	0.0	0.000424289381951	0.0	0.00313444172135	0.00282342734899	0.0	0.0	0.0	0.0	0.0	0.000919454324405	0.0	0.0	0.0	0.0	0.0
ADEN	0.0	0.000731361890836	0.0	0.0	0.0	0.000729260508456	0.0	0.0	0.0	0.0	0.00562581273744	0.0	0.0	0.0	0.00022378101465	0.0	0.0	0.0	0.0	0.0	0.0	0.0	0.0	0.0	0.0	0.0	0.0	0.0	0.0	0.0	0.00456947144213	0.0	0.0	0.0	0.0	0.0167702117942	0.0	0.0	0.0	0.0	0.0	0.000478575555951	0.0	0.0	0.0	0.0	0.0	0.00280871604214	0.0	0.0	0.0	0.00162259118294	0.0	0.0	0.0	0.0	0.0	0.0	0.0	0.0	0.00229852955103	0.0	0.0	0.0
ADER	0.0	0.000321266255691	0.00217830954357	0.0	0.0	0.000640686357631	0.0	0.00109470748682	0.0165408583458	0.000329819709307	0.0	0.0	0.000233490569883	0.0	0.0	0.00953547837204	0.0	0.0	0.0	0.0	0.0	0.0	0.0	0.0	0.0	0.000652218567916	0.0	0.0	0.0	0.0	0.0	0.0	0.00212028679149	0.0	0.0	0.0	0.000144225355744	0.0	0.000168162514509	0.0	0.0	0.0	0.0	0.0	0.0	0.0	0.0	0.0	0.0	0.000578888751892	0.0112574191266	0.0	0.0	0.0	0.0	0.0	0.0	0.0	0.0	0.0	0.0	0.0	0.0	0.0
ADES	0.0	0.000879255015576	0.0	0.0	0.0	0.000438364349958	0.0	0.000499340257146	0.0	0.0	0.0	0.000706457524981	0.0	0.0	0.0	0.0	0.0	0.0	0.0	0.0	0.0	0.0	0.0	0.0	0.0	0.0	0.0	0.0	0.0	0.0	0.0	0.0	0.0	0.0	0.000994590640059	0.0	0.0	0.0	0.0	0.0	0.0	0.000287675611195	0.0	0.0	0.0	0.00110034923794	0.0	0.000844170888012	0.0	0.0	0.0	0.0	0.0	0.0	0.0	0.0	0.0	0.0	0.0	0.0	0.0	0.0	0.0	0.0
ADP-RIBOSYLATING_TRANSFERASE_ARR	0.0	0.00264509217186	0.0	0.0158582502769	0.0	0.0	0.0	0.0	0.0272372800761	0.0	0.0	0.0	0.0	0.0	0.0	0.0	0.0	0.0	0.0	0.0	0.0	0.0	0.0223313840156	0.0	0.0	0.0204057449282	0.0	0.000632942164468	0.0	0.0	0.0	0.0	0.00232760372222	0.0	0.00239364814041	0.0	0.0166243760054	0.0	0.000276907607224	0.020355366027	0.258018018018	0.0	0.0728197304856	0.0	0.0250276725896	0.0	0.114674674675	0.0	0.0	0.0	0.0	0.0	0.0	0.0	0.0	0.0	0.0	0.0	0.0	0.0	0.0	0.0	0.0	0.0
AMRB	0.0056860370466	0.0	0.000257436582422	0.00341445580124	0.00109277107514	0.000302869914516	0.0	0.000431248403899	0.00781931485438	0.000779573858363	0.0	0.00341668548446	0.00204198116571	0.0190936270814	0.018169519378	0.0	0.000170227941395	0.0	0.0	0.0	0.000680810278333	0.000150906863839	0.0	0.0	0.0142743221691	0.000308321504833	0.0	0.000181705884536	0.0	0.0	0.0	0.0	0.000167052898724	0.0	0.00125981481074	0.0	0.0	0.0	0.000119242510288	0.0	0.0	9.93788475038e-05	0.0031357778678	0.00538230529548	0.0	0.0	0.0	0.00145811335202	0.0	0.000547313001789	0.0	0.000673879974541	0.0	0.0	0.0	0.0	0.0	0.0	0.000444769532045	0.0148949448721	0.0	0.00207312394588	0.000348508374423	0.00198599264961
ANT(2'')-I	0.0	0.0	0.0	0.0	0.0	0.0	0.0	0.0	0.0	0.00123432527574	0.0	0.0	0.0	0.0	0.0	0.0	0.0	0.0	0.0	0.0	0.0	0.0	0.0	0.0	0.0	0.0	0.0	0.0	0.0	0.0	0.0	0.0	0.0	0.0	0.0	0.0	0.0	0.0	0.0	0.0	0.0	0.0	0.0	0.0	0.0	0.0	0.0	0.0	0.0	0.0	0.0	0.0	0.0	0.0	0.0	0.0	0.0	0.0	0.0	0.0	0.0	0.0	0.0	0.0
ANT(3'')-IIA	0.0	0.000302873149449	0.00051339929128	0.0	0.0	0.000604005840973	0.0	0.00103203339406	0.0	0.0	0.0	0.0	0.0	0.0	0.0	0.0	0.0	0.0	0.0315933459824	0.0	0.0	0.0	0.0	0.0	0.0	0.0	0.0	0.000362371468207	0.0	0.0220389066732	0.00189231928043	0.0	0.000666298775443	0.0	0.0	0.0	0.000135968178889	0.0	0.0	0.0	0.0	0.0	0.0	0.0	0.0	0.0	0.0	0.00232630298147	0.0	0.00109149253219	0.0	0.00134390185763	0.00363166036875	0.000874084256351	0.0	0.0	0.0	0.0	0.0	0.0	0.00190374394112	0.0	0.0	0.0
ANT(3'')-IIC	0.0	0.0	0.0	0.0	0.0	0.0	0.0	0.0	0.0	0.0	0.0	0.0	0.0	0.0	0.0	0.00909368014631	0.0	0.0	0.0	0.0	0.0	0.0	0.0	0.0	0.0	0.0	0.0	0.0	0.0	0.0	0.0	0.0825217541635	0.0	0.0	0.0	0.0	0.0	0.0	0.0	0.0	0.0	0.0	0.0	0.0	0.0	0.0	0.0	0.0	0.0	0.0	0.0	0.00135946828841	0.0	0.0	0.0	0.0	0.0	0.0	0.0	0.0	0.0	0.00836453483957	0.0	0.0
ANT(9)-I	0.0	0.000617531246348	0.0	0.0	0.0	0.0	0.0	0.0	0.0	0.0	0.0	0.0	0.0	0.0	0.0	0.0	0.000346085989801	0.0	0.0	0.0	0.0	0.000204536540482	0.0	0.0	0.0	0.0	0.0	0.0	0.0	0.0	0.0	0.0	0.0	0.0	0.0	0.0	0.0	0.0	0.0	0.0	0.0	0.0	0.0	0.0	0.0	0.0	0.0	0.0	0.0	0.0	0.0	0.0	0.0	0.0	0.0	0.0	0.0	0.0	0.0	0.0	0.0	0.0	0.0	0.0
ANTIBIOTIC_RESISTANCE_RRNA_ADENINE_METHYLTRANSFERASE	0.0	0.0	0.00115625169898	0.0	0.0	0.0	0.0	0.0	0.0	0.0	0.0	0.0	0.0	0.0	0.0	0.0	0.0	0.0	0.0	0.0	0.0	0.0	0.0	0.0	0.0	0.0	0.0	0.0	0.0	0.0	0.0	0.0	0.0	0.0	0.0	0.0	0.0	0.0	0.0	0.0	0.0	0.0	0.0	0.0	0.0	0.0	0.0	0.0	0.0	0.0	0.0	0.0	0.0	0.0	0.0	0.0	0.0	0.0	0.0	0.0	0.0	0.0	0.0	0.0
APH(2'')-IF	0.0	0.0	0.0	0.0	0.0	0.00106565340293	0.0	0.0	0.0	0.00329153406864	0.0	0.0	0.0	0.0	0.0	0.0	0.000598950164168	0.0	0.0	0.0	0.0	0.00070795812665	0.0	0.0	0.0	0.0	0.0	0.0	0.0	0.0	0.0	0.0	0.00293889358866	0.0	0.0	0.0	0.000119944992824	0.0	0.00419556980643	0.0	0.0	0.000349666315291	0.0	0.0	0.0	0.0	0.0	0.0	0.0	0.000481432733055	0.0	0.0	0.0	0.000771077694155	0.0	0.0	0.0021008927327	0.0	0.0	0.0	0.0	0.0	0.0	0.0
APH(2'')-II	0.0	0.0	0.0	0.0	0.0	0.0	0.0	0.0	0.0	0.0	0.0	0.0	0.0	0.0	0.0	0.0	0.000297471904277	0.0	0.0	0.0	0.0	0.0	0.0	0.0	0.0	0.0	0.0	0.0	0.0	0.0	0.0	0.0	0.0	0.0	0.0	0.0	0.0	0.0	0.00166700231774	0.0	0.0	0.0	0.0	0.0	0.0	0.0	0.0	0.0	0.0	0.0	0.0	0.0	0.0	0.0	0.0	0.0	0.000298119991215	0.0	0.0	0.0	0.0	0.0	0.0	0.0
APH(3''')-III	0.0	0.00240462924714	0.0	0.0	0.0	0.000599430039147	0.0	0.00238983490494	0.0	0.00061716263787	0.0023121237955	0.0	0.0	0.0	0.000367882425599	0.00892145135566	0.0030321852061	0.0	0.0	0.0	0.0	0.0	0.0	0.0	0.0	0.000610219644982	0.0	0.0	0.0	0.0	0.000625994509434	0.0	0.0	0.0	0.000453342450835	0.0	0.000269876233855	0.0	0.00409068056127	0.0	0.0	0.000393374604702	0.0	0.0	0.0	0.0105325095616	0.0	0.00115433973702	0.0	0.000541611824687	0.0	0.00533488313179	0.00360414779019	0.00433731202962	0.000164460688383	0.0	0.000675286949797	0.0	0.0	0.0	0.00188932163854	0.0	0.0	0.0
APH(3'')-I	0.0	0.00816866700132	0.00247262158668	0.0	0.0	0.0	0.0	0.00795272791896	0.0	0.00029950539779	0.00224412015446	0.0	0.000424060079126	0.0	0.0	0.0	0.00228900255754	0.0	0.0	0.0	0.0	0.00347862513334	0.0	0.0	0.0548406862745	0.00177681602509	0.0	0.00488668582861	0.0	0.0	0.00546824615593	0.0	0.0019254074908	0.0	0.00132002654802	0.00668958816055	0.00615555939277	0.0	0.00137435760939	0.0224507713533	0.0	0.00649068097759	0.0	0.0	0.0260704922808	0.00146038998124	0.0	0.00448155427312	0.0	0.000525682065138	0.0	0.00129449370109	0.00699628688685	0.00757753925175	0.00399059023282	0.0	0.00622654290474	0.0	0.000569588432582	0.0	0.0	0.0	0.00312418965552	0.0305200341006
APH(3')-I	0.109629312061	0.010248512105	0.00297809478189	0.00438881465227	0.0	0.00350367963841	0.0	0.0113079378528	0.00753799264098	0.0015030529188	0.0112620052032	0.0	0.000851249752932	0.0	0.000716759855041	0.0	0.00164103504389	0.0	0.0	0.0113882173304	0.00157515883585	0.00562513223693	0.0	0.0394338271741	0.0	0.000594457513931	0.0	0.00140134796561	0.0021550297069	0.0	0.0103670234625	0.236602963045	0.00193251231549	0.136188990756	0.00662448747346	0.0	0.00893877887483	0.0	0.00812330434477	0.011266807764	0.0	0.0118796227487	0.0	0.00830185835244	0.0307843451286	0.00146577887415	0.0	0.0112452284344	0.0	0.0047485966622	0.0	0.00259854086124	0.0175552586091	0.00929561190702	0.00512680404228	0.00302123089842	0.0134858043258	0.0	0.00400183164441	0.0	0.00920259986299	0.00799414953302	0.00447959718661	0.0306326541526
APH(3')-IIA	0.0	0.0	0.0	0.0	0.0	0.0	0.0	0.0	0.0	0.0	0.0	0.0	0.0	0.0	0.0	0.0	0.0	0.0	0.0	0.0	0.0	0.0	0.0	0.0	0.0	0.0	0.0	0.0	0.0	0.0	0.0	0.0	0.0	0.0	0.0	0.0	0.0	0.0	0.0	0.0	0.0	0.0	0.0	0.0	0.0	0.0	0.0	0.0	0.0	0.0	0.0	0.0	0.0	0.0	0.0	0.0	0.0	0.0	0.0	0.0	0.0	0.0246183468574	0.0	0.0
APH(3')-IIB	0.0	0.0	0.0	0.0	0.0	0.0	0.0	0.0	0.0	0.0	0.0	0.0	0.0	0.0	0.0	0.0	0.0	0.0	0.0	0.0	0.0	0.0	0.0	0.0	0.0	0.000601111889086	0.0	0.0	0.0	0.0	0.0	0.0	0.0032569081934	0.0	0.0013397284368	0.0	0.000398772345546	0.0	0.000154985601058	0.0	0.0	0.0	0.0	0.0	0.0	0.0	0.0	0.0	0.0	0.0	0.0	0.0	0.0	0.0	0.0	0.00305505064728	0.0	0.0	0.0	0.0	0.0	0.0	0.0	0.0
APH(6)-I	0.0	0.00566805465398	0.00252839500593	0.00670696675243	0.0	0.000594923046372	0.0	0.00982630291741	0.0	0.0	0.0	0.0	0.000650438016103	0.0	0.000730232784647	0.0	0.000668752626909	0.0	0.0	0.0	0.000534922361548	0.00217377744339	0.0	0.0	0.0	0.0060563152735	0.0	0.00178461136598	0.0	0.0	0.00434901448659	0.0	0.000656279244986	0.0	0.00134980158294	0.00684048112658	0.0048212476063	0.156042279612	0.00109305634431	0.0114785898649	0.0	0.00937000562179	0.0	0.0	0.0109770493814	0.00149333110863	0.0107776949882	0.00572830245437	0.0	0.00215015822131	0.0	0.00529477122854	0.00357704893463	0.00860940132195	0.00440705183005	0.0	0.0110584584711	0.0	0.00291218145982	0.0	0.0	0.0162888310034	0.000456380014125	0.0234063419418
ARLS	0.0	0.0304390872992	0.0301232196138	0.0145044972044	0.0126601526998	0.0449133922015	0.0	0.0141891243137	0.00452948116565	0.00433519121236	0.0284222047057	0.0	0.00511504840454	0.0	0.00279949553139	0.0208892519547	0.0491066091914	0.0	0.0183535624111	0.0	0.00504795913691	0.010722975528	0.0074272895839	0.0	0.0330746489283	0.0310765516761	0.0	0.0482074575376	0.0323732289673	0.0	0.0626605235784	0.0	0.0359978624445	0.0	0.0167183850162	0.0806903760386	0.0600310061647	0.0	0.0112359406036	0.0338503869629	0.0	0.0458233441966	0.00726582676686	0.0	0.0462447756644	0.0510845063059	0.0	0.0344612643441	0.0200959892223	0.0269484907893	0.0	0.0210792943256	0.0295364306709	0.0629650760983	0.0114560908786	0.010892508738	0.0555382340174	0.0	0.0182066227142	0.0	0.019906998728	0.0480357987461	0.0317624298966	0.013805070857
ARNA	0.0	0.0	0.000609564717441	0.00628820347081	0.0	0.000239047628905	0.012360811394	0.000816896523398	0.0	0.00455320592652	0.0	0.000385243453955	0.00810198169304	0.0	0.0	0.0106733979965	0.000940496519112	0.0	0.0	0.0	0.000429877184809	0.000238214007117	0.0	0.0	0.0	0.0	0.0	0.0	0.00176438988088	0.0	0.0012482065747	0.0	0.00158220796827	0.0	0.0	0.00549718422861	0.000269060897801	0.0	0.0	0.0	0.0	0.00031374892943	0.0	0.0	0.0	0.0	0.0	0.00184136368926	0.0	0.00388782385334	0.00420027571642	0.00159562969803	0.0	0.000691873338864	0.0	0.0	0.00161579233909	0.0	0.000234030292541	0.0	0.0	0.00654505898323	0.0	0.0
ARR-4	0.0	0.0037031290406	0.0	0.0	0.0	0.0	0.0	0.0	0.0	0.0	0.0	0.0	0.0	0.0	0.0	0.0	0.0	0.0	0.0	0.0	0.0	0.0	0.0	0.0	0.0	0.0	0.0	0.0	0.0	0.0	0.0	0.0	0.0	0.0	0.0	0.0	0.0	0.0	0.0	0.0	0.0	0.0	0.0	0.0	0.00278085250995	0.0	0.0	0.0	0.0	0.0	0.0	0.0	0.0	0.0	0.0	0.0	0.0	0.0	0.0	0.0	0.0	0.0	0.0	0.0138357487923
ARR-8	0.0	0.000529018434371	0.0	0.0	0.0	0.0	0.0	0.0	0.0	0.0	0.0	0.0	0.0	0.0	0.0	0.0	0.0	0.0	0.0	0.0	0.0	0.0	0.0	0.0	0.0	0.0	0.0	0.0	0.0	0.0	0.0	0.0	0.0	0.0	0.0	0.0	0.0	0.0	0.0	0.020355366027	0.0	0.0	0.0	0.0	0.00278085250995	0.0	0.00955622288956	0.00203163793715	0.0	0.0	0.0	0.0	0.0	0.0	0.0	0.0	0.0	0.0	0.0	0.0	0.0	0.0	0.0	0.0
AXYY	0.0	0.0	0.000128718291211	0.000569075966873	0.0	0.000151434957258	0.0	0.000258749042339	0.0	0.000311829543345	0.0	0.0	0.0	0.000133521867702	9.2938718046e-05	0.0	0.0	0.0	0.0	0.0	0.000272324111333	0.0	0.0	0.0	0.0	0.000154160752416	0.0	0.0	0.0	0.0	0.0	0.0	0.000501158696171	0.0	0.000229057238317	0.0	0.0	0.0	0.0	0.0	0.0	9.93788475038e-05	0.0	0.0	0.0	0.0	0.0	0.000291622670404	0.0	0.000820969502684	0.0	0.000673879974541	0.000910521546996	0.000219148397286	8.30959267618e-05	0.0	0.0	0.0	0.00148256510682	0.0	0.000477302308683	0.00207312394588	0.0	0.0
BACA	0.130591400301	0.171785656436	0.133525188569	0.0980248986894	0.117122643438	0.263169548615	0.149869178441	0.149888044148	0.04489661551	0.0635609696936	0.181107894663	0.566113138865	0.341385450367	0.418718830294	0.384036911013	0.14666473877	0.280190203172	0.0	0.121281416079	0.0339143615006	0.0588963236022	0.0542988323621	0.202454855086	0.117434804002	0.273199023199	0.123921527904	0.0	0.264305519228	0.0791519519089	0.126905352712	0.371084041944	0.391449346673	0.204624503052	0.162229523054	0.292410862574	0.213282693588	0.333922905792	0.456123586558	0.104525014375	0.0782898693346	0.283536283536	0.354918994994	0.0280075886483	0.0206025971933	0.304060246967	0.304103478583	0.0210026876694	0.238884900302	0.0553314477365	0.16288826833	0.0611117038302	0.162508747707	0.233517091989	0.275147636094	0.0916064106895	0.0689792387906	0.287004374399	0.221325790946	0.125985450231	0.256569517439	0.0950058881093	0.198389608374	0.109835456733	0.0532144184318
BACILLUS_CLUSTER_A_INTRINSIC_MPH	0.0	0.0	0.0	0.0	0.0	0.0	0.0	0.0	0.0	0.0	0.0	0.0	0.0	0.0	0.0	0.0	0.0	0.0	0.0	0.0	0.0	0.0	0.0	0.0	0.0	0.0	0.0	0.0	0.0	0.0	0.0	0.0	0.0	0.0	0.0	0.0	0.0	0.0	0.0	0.0	0.0	0.0	0.0	0.0	0.0	0.0	0.0	0.0	0.0	0.0	0.0	0.0	0.0	0.0	0.0	0.0	0.0	0.0	0.0	0.0	0.0	0.0	0.0	0.00684938059023
BACILLUS_SUBTILIS_MPRF	0.0	0.0	0.0	0.0	0.0	0.0	0.0	0.0	0.0	0.0	0.0	0.0	0.0	0.0	0.0	0.0	0.0	0.0	0.0	0.0	0.0	0.0	0.0	0.0	0.0	0.0	0.0	0.0	0.0	0.0	0.0	0.0	0.0	0.0	0.0	0.0	0.0	0.0	0.0	0.00713388996274	0.0	0.0	0.0	0.0	0.0	0.0	0.0	0.00106803396229	0.0	0.0	0.0	0.0	0.0	0.0	0.0	0.0	0.0	0.0	0.0	0.0	0.0	0.0	0.0	0.0
BACTERIAL_REGULATORY_PROTEIN_LUXR	0.0	0.0	0.0	0.0	0.0	0.0	0.0	0.0	0.0	0.0	0.0	0.0	0.0	0.0	0.0	0.0	0.0	0.0	0.0	0.0	0.0	0.000515351871605	0.0	0.0	0.0	0.0	0.0	0.0	0.0	0.0	0.0	0.0	0.0	0.0	0.0	0.0	0.0	0.0	0.0	0.0	0.0	0.0	0.0	0.0	0.0	0.0	0.0	0.0	0.0	0.0	0.0	0.0	0.0	0.0	0.0	0.0	0.00349560303424	0.0	0.000759451243442	0.0	0.0024450044734	0.0	0.0	0.0101733447002
BAER	0.0	0.00231445565037	0.00056046089298	0.0	0.0	0.000659373043062	0.0	0.00112663645519	0.0255349500713	0.00441271286077	0.0	0.0	0.00817022419117	0.0	0.0	0.0	0.00148240165631	0.0	0.0	0.0	0.0023714891362	0.000219024545432	0.0	0.0	0.0	0.00134248321896	0.0	0.000791177705585	0.0	0.0	0.000688593960377	0.0	0.00145475232638	0.0	0.0	0.0	0.00103902350034	0.0	0.000173067254515	0.0	0.0	0.000432712065173	0.00455123315535	0.0	0.00695213127488	0.0016551086454	0.0	0.00380932113216	0.0	0.000595773007156	0.0	0.0	0.00792912513843	0.00190841729303	0.000361813514442	0.0	0.00297126257911	0.0	0.000645533556926	0.0	0.0	0.0	0.00101164236464	0.0
BAES	0.0	0.0	0.0	0.00382024230438	0.0	0.0	0.0	0.0	0.0	0.0012211098017	0.00261413568313	0.00109221056325	0.00345786034542	0.0	0.0	0.0	0.000190458456914	0.0	0.0	0.0	0.0	0.0	0.0	0.0	0.0	0.000689927136082	0.0	0.000609901443277	0.0	0.0	0.0	0.0	0.00112143648287	0.0158060884346	0.0	0.0	0.0	0.0	0.0	0.0	0.0	0.0	0.0	0.0	0.0	0.0	0.0	0.00391536219151	0.0	0.000612357694721	0.0	0.0	0.0	0.0	0.000185942705495	0.0	0.00114524039452	0.0	0.0	0.03333022996	0.00213610669197	0.0	0.0	0.0
BASS	0.0	0.0	0.0	0.0	0.0	0.0	0.0	0.0	0.0	0.0	0.0	0.0	0.0	0.0	0.0	0.0	0.0	0.0	0.0	0.0	0.0	0.0	0.0	0.0	0.0	0.0	0.0	0.0	0.0	0.0	0.0	0.0	0.000365975428021	0.0	0.0	0.0	0.0	0.0	0.0	0.0	0.0	0.0	0.0	0.0	0.0	0.0	0.0030051015376	0.0	0.0	0.0	0.0	0.0	0.0	0.0	0.0	0.0	0.0	0.0	0.0	0.0	0.0	0.0	0.0	0.0
BCR-1	0.0	0.0	0.0	0.0	0.0	0.0	0.0	0.0	0.0	0.0	0.0	0.0	0.0	0.0	0.0	0.0	0.0	0.0	0.0	0.0	0.0	0.0	0.0	0.0	0.0	0.0	0.0	0.0	0.0	0.0	0.0	0.0	0.0	0.0	0.0	0.0	0.0	0.0	0.0	0.0	0.0	0.0	0.0	0.0	0.00103763153356	0.0	0.0	0.0	0.0	0.0	0.0	0.0	0.0	0.0	0.0	0.0	0.0	0.0	0.0	0.0	0.0	0.0	0.0	0.0
BCRA	0.0	0.00513610130458	0.000435309431441	0.0	0.0	0.00153640320713	0.0	0.000583371627281	0.0	0.00131821145953	0.0019754067379	0.0	0.00111984797595	0.0	0.0	0.0152444217339	0.00115137992723	0.0	0.0	0.0	0.0	0.0	0.0	0.0	0.0	0.00156405811918	0.0	0.0	0.0264601382136	0.0	0.0	0.0	0.0	0.0	0.000387321705568	0.00588856951349	0.000461147739402	0.0	0.00578011024789	0.0	0.0	0.000336087040911	0.00353493837309	0.0109213767646	0.0	0.00128552127798	0.0	0.00295869602498	0.0	0.000462736316238	0.0	0.0	0.0	0.002223398788	0.00126459092426	0.00264968794003	0.00115388838024	0.0	0.0	0.0	0.0016141777106	0.0070110502377	0.0	0.0
BCRB	0.0	0.0	0.0	0.0	0.0	0.0	0.0	0.0	0.0	0.0	0.0	0.0	0.0	0.0	0.0	0.0	0.0	0.0	0.0	0.0	0.0	0.0	0.0	0.0	0.0	0.0	0.0	0.0	0.00561551010164	0.0	0.0	0.0	0.0	0.0	0.0	0.0	0.0	0.0	0.0	0.0	0.0	0.0	0.0	0.0	0.0	0.0	0.0	0.0	0.0	0.0	0.0	0.0	0.0	0.0	0.0	0.0	0.0	0.0	0.0	0.0	0.0	0.0	0.0	0.0
BCRC	0.0	0.0	0.0	0.0	0.0	0.0	0.0	0.0	0.0	0.0	0.0	0.0	0.0	0.0	0.0	0.0	0.0	0.0	0.0	0.0	0.0	0.0	0.0	0.0	0.0	0.0	0.0	0.0	0.00287691157917	0.0	0.0	0.0	0.0	0.0	0.0	0.0	0.0	0.0	0.0	0.0	0.0	0.0	0.0	0.0	0.0	0.0	0.0	0.0	0.0	0.0	0.0	0.0	0.0	0.0	0.0	0.0	0.0	0.0	0.0	0.0	0.0	0.0	0.0	0.0
BICYCLOMYCIN-MULTIDRUG_EFFLUX_PROTEIN_BCR	0.0	0.0	0.0	0.0	0.0	0.000799240052196	0.0	0.00045520664856	0.00515857577199	0.00349725494793	0.0	0.0	0.00786438692198	0.0	0.0	0.0	0.00112303155781	0.0	0.0	0.0	0.000718633071574	0.0	0.0	0.0	0.0	0.0	0.0	0.000479501639748	0.0	0.0	0.0	0.0	0.000881668076597	0.0	0.000302228300557	0.0	0.0	0.0	0.0	0.0	0.0	0.0	0.0	0.0	0.0	0.0	0.0	0.00153911964936	0.0	0.0	0.0	0.0	0.00240276519346	0.000578308270616	0.0	0.0	0.00157566954953	0.0	0.0	0.0	0.0	0.0	0.000306558292316	0.00524081393647
BIFUNCTIONAL_AMINOGLYCOSIDE_N-ACETYLTRANSFERASE_AND_AMINOGLYCOSIDE_PHOSPHOTRANSFERASE	0.0	0.00775750046329	0.00219161897051	0.00242233965532	0.0	0.000966901407341	0.0	0.00330418838181	0.0	0.00215692685659	0.00745907147061	0.0	0.000352375788765	0.0	0.000197802363255	0.014390609926	0.00307953093573	0.0	0.016858363844	0.0	0.0	0.00546000088817	0.0	0.0	0.0	0.00590583249074	0.0	0.00135354230691	0.0	0.0	0.000673167211774	0.0	0.000711080566868	0.0	0.000243752356457	0.0	0.00181383212163	0.0	0.00727516931404	0.0	0.0	0.00423017904853	0.0	0.0	0.00849547609965	0.00161802881831	0.0	0.00372397992553	0.0	0.00116485150075	0.0	0.000717112600199	0.00387574344852	0.00559698758038	0.0036255040551	0.0266803608463	0.0827838535278	0.0	0.0015776787542	0.0	0.0	0.0	0.00024724456977	0.00422680716668
BJP-1	0.0	0.0	0.0	0.0	0.0	0.0	0.0	0.0	0.0	0.000277093429248	0.0	0.0	0.0	0.0	0.0	0.0	0.0	0.0	0.0	0.0	0.0	0.0	0.0	0.0	0.0	0.0	0.0	0.0	0.0	0.0	0.0	0.0	0.0	0.0	0.0	0.00618900673357	0.0	0.0	0.0	0.0	0.0	0.000706468677833	0.0	0.0	0.0	0.0	0.0	0.0	0.0	0.0	0.0	0.0	0.0	0.0	0.0	0.0	0.0	0.0	0.0	0.0	0.0	0.0	0.0	0.0
BLAR1	0.0	0.0	0.0	0.0	0.0	0.0	0.0	0.0	0.0	0.0	0.0	0.0	0.0	0.0	0.0	0.0	0.0	0.0	0.0	0.0	0.0	0.0	0.0	0.0	0.0	0.0	0.0	0.0	0.0	0.0	0.0	0.0	0.0	0.0	0.0	0.0	0.0	0.0	0.0	0.0	0.0	0.0	0.0	0.0	0.0	0.0	0.0	0.0	0.0	0.0	0.0	0.0	0.0	0.0	0.0	0.0	0.0	0.0	0.0	0.0	0.000848266858119	0.0	0.0	0.0
BLAZ	0.0	0.00423591273073	0.00287211276118	0.0	0.0	0.0028158279419	0.0	0.00609426125225	0.0	0.000579825396433	0.00868897767989	0.0	0.000410478083709	0.0	0.000345626193445	0.00838171942311	0.0053809597489	0.0	0.0294571410939	0.0	0.000506367787088	0.00299307563865	0.00596033381199	0.0	0.0	0.00057330244226	0.0	0.00506804224218	0.00831335303304	0.0	0.0117624591096	0.0	0.00621246545075	0.0	0.00170366415688	0.025901323554	0.0171145711291	0.0	0.000443446346089	0.0	0.0	0.00776109896253	0.0	0.0	0.00742220420806	0.026858702573	0.0	0.0086760338953	0.0	0.00203538109206	0.0	0.00626516524373	0.0101583097859	0.0122247371084	0.00231766664056	0.0	0.0079304161364	0.0	0.00551345386698	0.0	0.00532506312357	0.0	0.00388816282496	0.0221568930837
BLEO	0.0	0.0	0.0	0.00887588634899	0.0	0.00236193328858	0.0	0.0	0.0	0.0	0.00455522897024	0.0	0.00129116800212	0.0	0.0	0.0175765907306	0.00132752387133	0.0	0.0	0.0	0.0	0.00902250366258	0.0	0.0	0.0	0.0	0.0	0.0	0.0	0.0	0.0	0.0	0.0	0.0	0.0	0.0	0.00212678584291	0.0	0.0	0.0	0.0	0.0	0.0	0.0	0.00622578920139	0.0	0.0	0.0	0.0	0.0	0.0	0.0	0.0	0.0	0.0142565325094	0.0	0.000665208040098	0.0	0.00231235900988	0.0	0.0	0.0	0.0	0.0
BLEOMYCIN_RESISTANCE_PROTEIN	0.0	0.00603771039228	0.00438621568419	0.0	0.0	0.00516031077179	0.0	0.000979683874075	0.0	0.00265648265866	0.0199043700656	0.0	0.000626871421317	0.0	0.00105566261259	0.0	0.0048339184445	0.0	0.0	0.0	0.0	0.122272833189	0.0	0.0	0.0	0.00175106506821	0.0	0.00206394184066	0.00634796794099	0.0	0.0035926641411	0.0	0.0132825212409	0.0	0.00130089572848	0.0	0.00425935099518	0.0	0.0036118383551	0.0331880967832	0.0	0.00338644224918	0.0	0.0	0.0136019959726	0.0129530241814	0.0	0.0033124531584	0.0	0.00155419045345	0.0	0.00765439753691	0.0	0.0199139195795	0.226998652757	0.0	0.0	0.0	0.00505200174986	0.0	0.0162645949752	0.0	0.0079172011146	0.0
BMR	0.0	0.0	0.0	0.0	0.0	0.0	0.0	0.0	0.0	0.0	0.0	0.0	0.0	0.0	0.0	0.0	0.0	0.0	0.0	0.0	0.0	0.0	0.0	0.0	0.0	0.0	0.0	0.0	0.0	0.0	0.0	0.0	0.000448766784489	0.0	0.0	0.0	0.0	0.0	0.0	0.0	0.0	0.0	0.0	0.0	0.0	0.0	0.0	0.0	0.0	0.0	0.0	0.0	0.0	0.0	0.0	0.0	0.0	0.0	0.0	0.0	0.0	0.0	0.0	0.0
BPEF	0.0	0.0	0.000253554409642	0.00168148271079	0.0	0.0	0.0	0.0	0.0	7.67817796408e-05	0.0	0.0	0.0	0.0101261423984	0.00860449601665	0.00665955652562	0.0	0.0	0.0	0.0	0.000134108716467	0.0	0.0	0.0	0.0281181275526	0.0	0.0	0.0	0.0	0.0	0.000155761122046	0.0	0.0	0.0	0.000112801514628	0.0	0.0	0.0391208731167	0.0	0.00287776145528	0.0	9.78802032436e-05	0.00102949666097	0.0	0.000786291944379	0.0	0.0108081691494	0.0	0.0	0.0	0.0	0.000331858894154	0.0	0.000215843614669	0.0	0.0	0.0	0.0	0.000146020785733	0.0	0.0	0.0	0.0	0.0
BURKHOLDERIA_PSEUDOMALLEI_OMP38	0.0	0.0	0.0	0.00159006520156	0.0	0.0	0.0	0.0	0.0	0.0	0.0	0.0	0.0	0.0	0.0	0.0	0.0	0.0	0.0	0.0	0.0	0.0	0.0	0.0	0.0	0.0	0.0	0.0	0.0	0.0	0.0	0.0	0.0	0.0	0.0	0.0	0.0	0.0	0.0	0.0	0.0	0.0	0.00292057742589	0.0	0.0	0.0	0.0	0.0	0.0	0.0	0.0	0.0	0.0	0.0	0.0	0.0	0.0	0.0	0.0	0.0	0.0	0.0	0.0	0.0
CAMP-REGULATORY_PROTEIN	0.0729068553827	0.00146048034029	0.00577652944912	0.0109451113874	0.0	0.00194171202865	0.0502015775635	0.0464478342261	0.0125324908326	0.0539771200336	0.0299583156816	0.0265983425203	0.0551954517714	0.0	0.000595834112626	0.0	0.0114590557482	0.0	0.0	0.0	0.0253152828036	0.0	0.0	0.0655617617434	0.0	0.0168016304704	0.0	0.00349477268725	0.0322461193567	0.0	0.00202776135571	0.0	0.0149937663087	0.0452849282145	0.0102794705416	0.0	0.00021855007895	0.0	0.000254822951433	0.0	0.0	0.0012742441183	0.0	0.0	0.00255906672695	0.00243696978464	0.0	0.00373921092727	0.0	0.00614048252774	0.0	0.00864054691283	0.0	0.0112397582903	0.0221083595328	0.0	0.00218743257357	0.0	0.0152076617092	0.0	0.00306000559861	0.0	0.00148953477003	0.0
CARO	0.0	0.000327903988247	0.0	0.0	0.0	0.0	0.0	0.000744883606735	0.0	0.000336634166111	0.0	0.0	0.0	0.0	0.0	0.0	0.0	0.0	0.0	0.0	0.0	0.0	0.0	0.0	0.0	0.00133138831632	0.0	0.00039231952343	0.0	0.0	0.0020487093036	0.0	0.000721364789943	0.0	0.000494555400911	0.0	0.000147205218466	0.0	0.0	0.0	0.0	0.0	0.0	0.0	0.0	0.0	0.0	0.0	0.0	0.000590849263295	0.0	0.00145496812685	0.0	0.00189264524929	0.0	0.0	0.000368338336253	0.0	0.0	0.0	0.0	0.0	0.0	0.0
CATB	0.0	0.0	0.0	0.0	0.0	0.0	0.0	0.0	0.0	0.0	0.0	0.0	0.0	0.0	0.0	0.0	0.0	0.0	0.0	0.0	0.0	0.0	0.0	0.0	0.0	0.0	0.0	0.0	0.0	0.0	0.0	0.0	0.0	0.0	0.0	0.0	0.000169636489851	0.0	0.0	0.0	0.0	0.0	0.0	0.0	0.0	0.0	0.0	0.0	0.0	0.0	0.0	0.0	0.0	0.0	0.0	0.0	0.0	0.0	0.0	0.0	0.0	0.0	0.0	0.0
CATD	0.0	0.0	0.0	0.0	0.0	0.000746460048749	0.0	0.0	0.0	0.00653260829897	0.0	0.0	0.0	0.0	0.0	0.0	0.00251728583148	0.0	0.0	0.0	0.0	0.0	0.0	0.0	0.0	0.0	0.0	0.000447836437123	0.0	0.0	0.0	0.0	0.0	0.0	0.0	0.0	0.0	0.0	0.0	0.0	0.0	0.0	0.0	0.0	0.0	0.0	0.0	0.0	0.0	0.0	0.0	0.0	0.0	0.0	0.0	0.0	0.0	0.0	0.0	0.0	0.0	0.0	0.0	0.0
CATP	0.0	0.0	0.0	0.0	0.0	0.0	0.0	0.0	0.0	0.0	0.0	0.0	0.0	0.0	0.0	0.0	0.0	0.0	0.0	0.0	0.0	0.0	0.0	0.0	0.0	0.0	0.0	0.0	0.0	0.0	0.0	0.0	0.0	0.0	0.0	0.0	0.000165691455204	0.0	0.0	0.0	0.0	0.0	0.0	0.0	0.00194012965811	0.0	0.0	0.0	0.0	0.0	0.0	0.0	0.0	0.0	0.0	0.0	0.0	0.0	0.0	0.0	0.0	0.0	0.00282318799435	0.0
CATQ	0.0	0.00108702418022	0.0	0.0	0.0	0.0	0.0	0.0	0.0	0.0	0.0	0.0	0.00052668649097	0.0	0.000221737352416	0.0	0.0	0.0	0.0	0.0	0.0	0.0	0.0	0.0	0.0	0.0	0.0	0.0	0.0	0.0	0.0	0.0	0.0	0.0	0.000546495009226	0.0	0.0	0.0	0.000379325489348	0.0	0.0	0.000474205002929	0.0	0.0	0.0	0.0	0.0	0.0	0.0	0.0221986654721	0.0	0.0	0.0	0.0	0.000198253980516	0.0	0.0	0.0	0.0	0.0	0.0	0.0	0.0	0.0
CATS	0.0	0.0	0.0	0.0	0.0	0.0	0.0	0.0	0.0	0.000993481319499	0.0	0.0	0.0	0.0	0.0	0.0	0.0	0.0	0.0	0.0	0.0	0.0	0.0	0.0	0.0	0.0	0.0	0.0	0.0	0.0	0.0	0.0	0.0	0.0	0.0	0.0	0.0	0.0	0.000253269152949	0.0	0.0	0.0	0.0	0.0	0.0	0.0	0.0	0.0	0.0	0.0	0.0	0.0	0.0	0.0	0.0	0.0	0.000543523642519	0.0	0.0	0.0	0.0	0.0	0.0	0.0
CAT_CHLORAMPHENICOL_ACETYLTRANSFERASE	0.0552735694297	0.0398609238922	0.0300302766843	0.005531947771	0.0106227513816	0.00662439894425	0.0	0.0586898990609	0.0190027535415	0.00151563661765	0.0255516564563	0.0	0.000536485309406	0.0	0.00135517619104	0.0	0.0049643218258	0.0	0.0	0.0	0.0	0.0	0.0	0.0	0.0	0.00299717183768	0.0	0.00441587556605	0.0108653590804	0.0	0.00845529328091	0.0994099271086	0.00730759308137	0.0	0.00333997414941	0.00846310688218	0.0207114319005	0.0	0.00270467895428	0.0	0.540037712131	0.0536160437963	0.0	0.0	0.0931262235891	0.0240183208077	0.0266685289941	0.0141742181662	0.0	0.00465534256754	0.0	0.0	0.00885111643359	0.0234335890865	0.000403884853331	0.00380815615568	0.00165837911392	0.0	0.00216178679529	0.0	0.00463982244255	0.0	0.030490430339	0.00965284799461
CEOB	0.0289284747502	0.0	0.000261948615999	0.00579050034452	0.0	0.000154089123987	0.0	0.000175522719406	0.0	7.93237275549e-05	0.000594353147042	0.0	5.61559598454e-05	0.0479932782428	0.0433592602962	0.00458668579921	0.0	0.0	0.0	0.0	0.000138548537655	0.0	0.0	0.0	0.0	0.0	0.0	0.0	0.0	0.0	0.000160917770682	0.0	0.0	0.0	0.000349607810186	0.0	0.000104061332626	0.0	0.000161776596236	0.0	0.0	0.000202241276809	0.0053178965788	0.0	0.000406161515572	0.0	0.0	0.0	0.0	0.000139226408683	0.0	0.000342845459297	0.0	0.00022298936238	0.0	0.0	0.0	0.0	0.0	0.0	0.0	0.00843783650808	0.0	0.0
CFRC	0.0	0.0	0.0	0.0	0.0	0.0	0.0	0.0	0.0	0.0	0.0	0.0	0.0	0.0	0.0	0.0	0.0	0.0	0.0	0.0	0.0	0.0	0.0	0.0	0.0	0.0	0.0	0.0	0.0	0.0	0.0	0.0	0.0	0.0	0.0	0.0	0.0	0.0	0.000120744596173	0.0	0.0	0.0	0.0	0.0	0.0	0.0	0.0	0.0	0.0	0.0	0.0	0.0	0.0	0.0	0.0	0.0	0.0	0.0	0.0	0.0	0.0	0.0	0.0	0.0
CFXA2	0.0	0.00222484388287	0.026399279445	0.00555779799422	0.0	0.00345092433752	0.0	0.00140390835537	0.0	0.028677875098	0.00190155975705	0.0	0.000538992250104	0.0	0.000151278754452	0.0146745368093	0.00138542210871	0.0	0.0	0.0	0.0132980699226	0.0	0.00521761308776	0.0	0.0	0.00200745154237	0.0	0.00236613893259	0.0163741976796	0.0	0.00102967321178	0.0	0.00163149793613	0.0229951504641	0.00223705433683	0.0	0.00188661142919	0.129306063479	0.00116456470328	0.0	0.0	0.00129409215753	0.0	0.0	0.00779678273818	0.00989971526221	0.0	0.00474681761016	0.0	0.00356350209888	0.0	0.00987202672985	0.0	0.0021402810763	0.000541029554306	0.00255063418527	0.00249919282355	0.0	0.0024132095586	0.0	0.00621533847444	0.0	0.0	0.0
CFXA3	0.0	0.0	0.000838072363335	0.0	0.0	0.0	0.0	0.0	0.0	0.000507573010585	0.0	0.0	0.0	0.0	0.0	0.00733726840466	0.0	0.0	0.0	0.0	0.0	0.0	0.0	0.0	0.0	0.0	0.0	0.0	0.00181935529773	0.0	0.0	0.0	0.000543832645377	0.0	0.0	0.0	0.0	0.0	0.0	0.0	0.0	0.0	0.0	0.0	0.0	0.0	0.0	0.00189872704407	0.0	0.0	0.0	0.00219378371774	0.0	0.0	0.0	0.0	0.0	0.0	0.0	0.0	0.00155383461861	0.0	0.0	0.0
CFXA6	0.0	0.0	0.0	0.0	0.0	0.0	0.0	0.0	0.0	0.0	0.0	0.0	0.0	0.0	0.0	0.0	0.00053742658235	0.0	0.0	0.0	0.0	0.0	0.0	0.0	0.0	0.0	0.0	0.0	0.0	0.0	0.0	0.0	0.0	0.0	0.0	0.0	0.0	0.0	0.0	0.0	0.0	0.0	0.0	0.0	0.0	0.0	0.0	0.0	0.0	0.000431980428149	0.0	0.0	0.0	0.0	0.0	0.0	0.0	0.0	0.0	0.0	0.0	0.0	0.0	0.0
CHLORAMPHENICOL_EXPORTER	0.0125092815025	0.00868703955389	0.00226544192531	0.0250393425424	0.0	0.00199894143581	0.0	0.0104362113744	0.0	0.00188656873724	0.00385516220218	0.0	0.000607075481697	0.0	0.000613395539104	0.0	0.00131075514874	0.0	0.0348524490417	0.0	0.0008986695674	0.000995985301334	0.0	0.0	0.0	0.0423942069145	0.0	0.00239851767588	0.0	0.0	0.0180919002642	0.0	0.00367516377192	0.0	0.00100785184859	0.0114920082927	0.011774558043	0.0	0.00717044961865	0.00642801032432	0.0	0.0356372547149	0.041392267855	0.0	0.0184414429607	0.00167253084167	0.0	0.011548257748	0.0	0.00150511075492	0.0	0.00148253594399	0.010015737017	0.00723189711044	0.00319919318033	0.00172369173362	0.0105088865956	0.0	0.002609314588	0.0	0.0010500650791	0.0	0.00025557280791	0.0
CHRYSEOBACTERIUM_MENINGOSEPTICUM_BLAB	0.0	0.0	0.0	0.0	0.0	0.0	0.0	0.00180985775934	0.0	0.0	0.0	0.0	0.0	0.0	0.0	0.0	0.0	0.0	0.0	0.0	0.0	0.0	0.0	0.0	0.0	0.0	0.0	0.0	0.0	0.0	0.0	0.0	0.0	0.0	0.0	0.0	0.0	0.0	0.0	0.0	0.0	0.0	0.0	0.0	0.0	0.0	0.0	0.0	0.0	0.0	0.0	0.0	0.0	0.0	0.0	0.0	0.0	0.0	0.0	0.0	0.0	0.0	0.0	0.0
CLASS_A	0.0792254495159	0.048405186745	0.056046089298	0.00991140642303	0.0570972886762	0.116577154013	0.109104761905	0.0540785498489	0.0	0.0187370576857	0.0834214265416	0.00170020777679	0.00461377366089	0.0	0.00647473069054	0.117763157895	0.117109730849	0.0	0.055183044316	0.0	0.0275092739799	0.0546685265399	0.145153996101	0.0	0.0	0.032219597255	0.0	0.0712059935026	0.0214138118543	0.019247311828	0.103013656472	0.142487562189	0.0715738144581	0.123024054983	0.0442824905976	0.0667174925879	0.117558087467	0.0691787439614	0.0276907607224	0.142487562189	0.0	0.100043029468	0.0109229595728	0.00374967268919	0.055617050199	0.203909385113	0.0286686686687	0.122914095198	0.0201406469761	0.0395593276752	0.0	0.0563363658716	0.0919778516058	0.129009009009	0.0615082974552	0.0245626072041	0.0680419130615	0.0604219409283	0.0800461610588	0.0778260869565	0.0315894577964	0.00722138174483	0.0631264835537	0.0207536231884
CLASS_C	0.0	0.000203468628604	0.000689798022129	0.0	0.00292806608596	0.0	0.0	0.0	0.0	0.000417771631789	0.0	0.00130785213599	0.00310542457945	0.0	0.0	0.0	0.0	0.0	0.0	0.0	0.0	0.0	0.0	0.0	0.0	0.0	0.0	0.0	0.0	0.0	0.000423750129463	0.0	0.0	0.0	0.000920633900158	0.0	9.13427253046e-05	0.0	0.000106502925856	0.0	0.0	0.0	0.0	0.0	0.0	0.0	0.0	0.0	0.0	0.0	0.0	0.0	0.0	0.00117441064187	0.0	0.00839747254842	0.00274270391917	0.0	0.000397251419647	0.0	0.0	0.0	0.0	0.0
CLBA	0.0	0.0	0.000385417232995	0.0	0.0	0.0	0.0	0.0	0.0	0.0	0.0	0.0	0.0	0.0	0.0	0.0	0.0	0.0	0.0	0.0	0.0	0.0	0.0	0.0	0.0	0.0	0.0	0.0	0.0	0.0	0.0	0.0	0.0	0.0	0.0	0.0	0.0	0.0	0.0	0.0	0.0	0.0	0.0	0.0	0.0	0.0	0.0	0.0	0.0	0.0	0.0	0.0	0.0	0.0	0.0	0.0	0.0	0.0	0.0	0.0	0.0	0.0	0.0	0.0
CMEB	0.0	0.0	0.0	0.0	0.0	0.0	0.0	8.66643427066e-05	0.0	0.000469993085763	0.0	0.0	0.0	0.0	0.0	0.0	8.55231724797e-05	0.0	0.0	0.0	0.0	0.0	0.0	0.0	0.0	0.00030980381976	0.0	0.0	0.0	0.0	0.0	0.0	0.0	0.0	0.0	0.0	3.42535219892e-05	0.0	3.99385971958e-05	0.0	0.0	0.0	0.0	0.0	0.0	0.0	0.0	0.0	0.0	0.0	0.0	0.0	0.0	0.0004404039907	0.0	0.0	0.0	0.0	0.000148969282368	0.0	0.0	0.0	0.0	0.0
CMLA	0.0	0.0	0.0	0.0	0.0	0.0	0.0	0.0	0.0	0.000777713300228	0.0	0.0	0.00110113929854	0.0	0.0	0.0	0.0	0.0	0.0	0.0	0.0	0.0	0.0	0.0	0.0	0.0	0.0	0.0	0.0	0.0	0.0	0.0	0.0	0.0	0.0	0.0	0.0	0.0	0.0	0.0	0.0	0.0	0.0	0.0	0.0	0.0	0.0	0.0	0.0	0.0	0.0	0.0	0.0	0.0	0.0	0.0	0.0	0.0	0.0	0.0	0.0	0.0	0.0	0.0
COB(I)ALAMIN_ADENOLSYLTRANSFERASE	0.0	0.0	0.0	0.00303410400705	0.0	0.0	0.0	0.0	0.0	0.00249384086323	0.0	0.0	0.0029424576919	0.0	0.0	0.0	0.000453796425402	0.0	0.0	0.0	0.000725966062101	0.0	0.0	0.0	0.0	0.000821928501404	0.0	0.000484394513623	0.0	0.0	0.000843176278013	0.0	0.00356265875849	0.0	0.0	0.0	0.0	0.0	0.0	0.0	0.0	0.0	0.0	0.0	0.0	0.0	0.0	0.0015548249519	0.0	0.0	0.0	0.0	0.00485456641128	0.00116841875084	0.0	0.0	0.00136435526592	0.0	0.0	0.0	0.0	0.0	0.0	0.0
CPXA	0.0	0.000173638435789	0.0	0.00130127874263	0.0	0.0	0.0716223819944	0.000394446023698	0.0	0.00445653545946	0.0	0.0	0.0121149417792	0.0	0.0	0.0	0.000778504152113	0.0	0.0	0.0	0.000622710495281	0.0	0.0	0.0	0.0	0.00105753601494	0.0	0.0	0.0	0.0126349968236	0.0	0.0	0.00190995929066	0.0	0.000261887105078	0.0	0.0	0.0	0.0	0.0133623847004	0.0	0.000908979392923	0.00239014432666	0.0	0.0	0.0	0.0	0.00266735834199	0.0	0.000938635809961	0.0	0.0	0.00208204598821	0.000501116138214	0.0	0.0	0.00195050059898	0.0	0.00135604423337	0.0	0.00109142431635	0.0	0.0	0.0
CRP	0.0	0.0	0.0	0.0	0.0	0.0	0.0	0.0	0.0	0.000387930800947	0.0	0.0	0.0	0.0	0.0	0.0	0.0	0.0	0.0	0.0	0.0	0.0	0.0	0.0	0.0	0.0	0.0	0.0	0.0	0.0	0.0	0.0	0.0	0.0	0.0	0.0	0.0	0.0	0.0	0.0	0.0	0.0	0.0	0.0	0.0	0.0	0.0	0.0	0.0	0.0	0.0	0.0	0.0	0.0	0.0	0.0	0.0	0.0	0.0	0.0	0.0	0.0	0.0	0.0
CRPP	0.0	0.0	0.0	0.0	0.0	0.0	0.0	0.0	0.0	0.0	0.0	0.0	0.0	0.0	0.0	0.0	0.0	0.0	0.0	0.0	0.0	0.0	0.0	0.0	0.0	0.0	0.0	0.0	0.0	0.0	0.0	0.0	0.0	0.113560666138	0.0	0.0	0.0	0.0	0.0	0.0	0.0	0.0	0.0	0.0	0.0	0.0	0.0	0.0	0.0	0.0	0.0	0.0	0.0	0.0	0.0	0.0	0.0	0.0	0.0	0.0	0.0	0.0	0.0	0.0
CTX-M	0.0	0.0	0.0	0.0	0.0	0.0	0.0	0.0	0.0	0.0	0.0	0.0	0.000396372307637	0.00155832867074	0.00133499601867	0.0	0.000305649826044	0.0	0.0	0.0	0.0	0.0	0.0	0.0	0.0	0.000553601327406	0.0	0.0	0.0	0.0	0.0	0.0	0.0	0.0	0.0	0.0	0.0	0.0	0.0	0.0	0.0	0.0	0.0	0.0	0.0	0.0	0.0	0.0	0.0	0.0	0.0	0.0	0.0	0.0	0.0	0.0	0.0	0.0	0.0	0.0	0.0	0.0	0.0	0.0
CYSTATHIONINE_BETA-LYASE_PATB	0.0	0.0	0.0	0.0	0.0	0.0	0.0	0.0	0.0	0.0	0.0	0.0	0.0	0.0	0.0	0.0	0.0	0.0	0.0	0.0	0.0	0.0	0.0	0.0	0.0	0.0	0.0	0.0	0.0	0.0	0.0	0.0	0.0	0.0	0.0	0.0	0.0	0.0	0.0	0.0	0.0	0.0	0.0	0.0	0.0	0.0	0.0	0.0	0.0	0.0	0.0143328996096	0.0	0.0	0.0	0.0	0.0	0.0	0.0	0.0	0.0	0.0	0.0	0.0	0.0
DFRA12	0.0	0.0	0.0	0.0	0.0	0.0	0.0	0.0	0.0	0.0	0.0	0.0	0.0	0.0	0.0	0.0	0.0	0.0	0.0	0.0	0.0	0.0	0.0	0.0	0.0	0.0	0.0	0.0	0.0	0.0	0.0	0.0	0.0	0.0	0.0	0.0	0.0	0.0	0.000251734188386	0.0	0.0	0.0	0.0	0.0	0.0	0.0	0.0	0.0	0.0	0.0	0.0	0.0	0.0	0.0	0.0	0.0	0.0	0.0	0.0	0.0	0.0	0.0	0.0	0.0
DFRA3	0.0	0.0	0.000830312434045	0.0	0.0	0.0	0.0	0.0	0.0	0.0	0.0	0.0	0.0	0.0	0.0	0.0	0.0	0.0	0.0	0.0	0.0	0.0	0.0	0.0	0.0	0.0	0.0	0.0	0.0	0.0	0.0	0.0	0.0	0.0	0.0	0.0	0.0	0.0	0.0	0.0	0.0	0.0	0.0	0.0	0.0	0.0	0.0	0.0	0.0	0.0	0.0	0.0	0.0	0.0	0.0	0.0	0.0	0.0	0.0	0.0	0.0	0.0	0.0	0.0
DFRC	0.0	0.103010732407	0.10109182815	0.0517116856854	0.0851139706975	0.139574119923	0.10165039929	0.0772550712128	0.0	0.0192278744817	0.0758261716785	0.00158404451254	0.0218509466859	0.000433324073755	0.00784206512208	0.16091860085	0.182860229158	0.0	0.102825548415	0.0191689869351	0.0185594801963	0.0290581632946	0.12483382369	0.0663761935663	0.0	0.0770468630012	0.0	0.164525649584	0.0362741025199	0.0717291124023	0.279201327537	0.132752387133	0.121440194203	0.13754242172	0.0810272196598	0.19212829599	0.211529327345	0.0	0.0477278639781	0.113787760399	0.0	0.173514850482	0.020353340819	0.00698696774382	0.170996520798	0.217117357707	0.0267099397534	0.111676992197	0.018764577928	0.11367793031	0.0518120967256	0.104974594792	0.135927859516	0.170690739253	0.0746998833544	0.0	0.189902434404	0.18764577928	0.0692845954266	0.0966783688901	0.105332615078	0.0807359449733	0.0776639728385	0.103123593483
DFRD	0.0	0.000979663767354	0.0	0.0	0.0	0.0	0.0	0.0	0.0	0.0	0.0	0.0	0.0	0.0	0.0	0.0	0.0	0.0	0.0	0.0	0.0	0.0	0.0	0.0	0.0	0.0	0.0	0.0	0.0	0.0	0.00102013920056	0.0	0.0	0.0	0.0	0.0	0.0	0.0	0.0	0.0	0.0	0.0	0.0	0.0	0.0	0.0	0.0	0.0	0.0	0.0	0.0	0.0	0.0	0.0	0.0	0.0	0.0	0.0	0.0	0.0	0.0	0.0	0.0	0.0
DFRE	0.0	0.0	0.00164037334531	0.0	0.0	0.0	0.0	0.0	0.0	0.0	0.0	0.0	0.0	0.0	0.0	0.0	0.0	0.0	0.0	0.0	0.000867617976657	0.0	0.0	0.0	0.0	0.0	0.0	0.0	0.0	0.0	0.0	0.0	0.0	0.0	0.0	0.0	0.0	0.0	0.000253269152949	0.0	0.0	0.0	0.0	0.0	0.0	0.0	0.0	0.0	0.0	0.0	0.0	0.0	0.0	0.0	0.0	0.0	0.00108704728504	0.0	0.0	0.0	0.0	0.0	0.0	0.0
DFRF	0.0	0.00290314994472	0.0	0.0	0.0	0.00192987232116	0.0	0.00164873627588	0.0	0.00397392527799	0.0	0.0	0.0	0.0	0.000296100488897	0.0	0.0065081048326	0.0	0.0	0.0	0.0	0.0	0.0	0.0	0.0	0.0	0.0	0.0	0.0	0.0	0.0	0.0	0.0	0.0	0.0	0.0	0.0	0.0	0.0334315281893	0.0	0.0	0.0	0.0	0.0	0.0	0.0	0.0	0.00371641086064	0.0	0.0	0.0	0.0	0.0	0.00139640289734	0.0015884495756	0.00499239983824	0.00326114185512	0.0	0.000944683254038	0.0	0.0	0.0	0.0	0.0
DFRG	0.0	0.00384740679543	0.0	0.0	0.0	0.0	0.0	0.00163874393482	0.0	0.0	0.0	0.0	0.0	0.0	0.0	0.0	0.000539055147751	0.0	0.0	0.0	0.0	0.0	0.0	0.0	0.0	0.0	0.0	0.000575401967698	0.0	0.0	0.00701113850566	0.0	0.0	0.0	0.0	0.0	0.0125222572509	0.0	0.0	0.0	0.0	0.0025175974701	0.0	0.0	0.0	0.0	0.0	0.0	0.0	0.0	0.0	0.0	0.0	0.00138793984948	0.000263137101413	0.0	0.000540229559837	0.0	0.0	0.0	0.0	0.0	0.0	0.0
DFRK	0.0	0.0	0.0	0.0	0.0	0.0	0.0	0.0	0.0	0.0	0.0	0.0	0.0	0.0	0.0	0.0	0.0	0.0	0.0	0.0	0.0	0.0	0.0	0.0	0.0	0.0	0.0	0.0	0.0	0.0	0.0	0.0	0.0	0.0	0.0	0.0	0.000874200315799	0.0	0.0	0.0	0.0	0.0	0.0	0.0	0.0	0.0	0.0	0.0	0.0	0.0	0.0	0.0	0.0	0.0	0.0	0.0	0.0	0.0	0.0	0.0	0.0	0.0	0.0	0.0
DNA-BINDING_PROTEIN_H-NS	0.0	0.0	0.0	0.0	0.0	0.00115510606084	0.0	0.00197366970252	0.0	0.00773029990208	0.0	0.0	0.0130499072525	0.0	0.0	0.0	0.00324613501383	0.0	0.0	0.0	0.00311582514245	0.0	0.0	0.0	0.0	0.0	0.0	0.0	0.00426286898227	0.0	0.0	0.0	0.0	0.0	0.0	0.0	0.0	0.0	0.0	0.0	0.0	0.000758035734609	0.0	0.0	0.0	0.0	0.0	0.00222442109907	0.0	0.0	0.0	0.0	0.0	0.0	0.00158458473478	0.0	0.0032532072034	0.0	0.0	0.0	0.0	0.0	0.0	0.0
DNA-BINDING_TRANSCRIPTIONAL_REGULATOR_GADX	0.0	0.0	0.0	0.0	0.0	0.0	0.0	0.0	0.0	0.0	0.0	0.0	0.0	0.0	0.0	0.0	0.0	0.0	0.0	0.0	0.0	0.0	0.0	0.0	0.0	0.0	0.0	0.0	0.0	0.0	0.0	0.0	0.0	0.0	0.0	0.0	0.0	0.0	0.00015159175578	0.0	0.0	0.0	0.0	0.0	0.0	0.0	0.0	0.0	0.0	0.0	0.0	0.0	0.00347260954968	0.0	0.0	0.0	0.0016266036017	0.0	0.0	0.0	0.0	0.0	0.0	0.0
EFMA	0.0	0.0	0.000314277136251	0.0	0.0	0.0	0.0	0.0	0.0	0.0	0.0	0.0	0.0	0.0	0.0	0.0	0.0	0.0	0.0	0.0	0.0	0.0	0.0	0.0	0.0	0.0	0.0	0.0	0.0	0.0	0.0	0.0	0.0	0.0	0.0	0.0	0.0	0.0	0.0	0.0	0.0	0.0	0.0	0.0	0.0	0.0	0.0	0.0	0.00705863795891	0.0	0.0	0.0	0.0	0.0	0.0	0.0	0.0	0.0	0.0	0.0	0.0	0.0	0.0	0.0
EFPA	0.0112111485164	0.0	0.000253793611916	0.00224409202031	0.0	0.0	0.0	0.0	0.0	0.0	0.0	0.0	0.0	0.0	0.0	0.0	0.0	0.0	0.0	0.0	0.0	0.0	0.0	0.0	0.0	0.0	0.0	0.0	0.0	0.0	0.0	0.0	0.0	0.0	0.0	0.0	0.0	0.0	0.0	0.0	0.0	0.0	0.00618280730538	0.0	0.0	0.0	0.0	0.0	0.0	0.0	0.0	0.0	0.0	0.0	0.0	0.0	0.0	0.0	0.0	0.0	0.0	0.0	0.0	0.0
EFRA	0.0	0.00278143712917	0.0019413903097	0.00122615337192	0.00470905473618	0.000326287691412	0.0	0.00167253246955	0.0	0.00117579026266	0.0176198135014	0.0	0.00380517415331	0.0	0.0	0.00485621269669	0.00146711916501	0.0	0.0	0.0	0.00234704079458	0.000433533120856	0.0	0.0	0.0	0.00166080398222	0.0	0.000978776542991	0.0072249037184	0.0	0.0	0.0	0.0035993871993	0.0	0.00123383924763	0.0	0.000440705107655	0.0	0.00068513222406	0.0	0.0	0.00149887890617	0.0	0.0	0.00344022990922	0.0	0.0	0.00314170815023	0.0	0.00560149466522	0.0171994795316	0.00725984096284	0.00196184539507	0.00330530005391	0.00179041739105	0.0	0.00165410494095	0.0124581321502	0.00479158928852	0.0	0.00308524275819	0.0	0.00150181959287	0.0
EFRB	0.0	0.00789143520886	0.0066883730875	0.00164277454525	0.0031545463357	0.00524584078458	0.0678137332281	0.0258939649369	0.00564308288869	0.0103519655722	0.0236066562104	0.0	0.0109927618302	0.0	0.00013414497287	0.00650625181739	0.00737105795958	0.0	0.0	0.0	0.00786128995424	0.00188772536395	0.00462666795903	0.0	0.0	0.00623030886147	0.0	0.0078680655804	0.0258127315169	0.0	0.00547831659084	0.0	0.0144671502071	0.0	0.00694290206472	0.0	0.00364109261366	0.0	0.010670887074	0.0	0.0	0.00229504741749	0.0	0.0	0.00230457390328	0.00438923839664	0.0	0.0025255167727	0.0	0.0240942453723	0.00768116719412	0.032097722268	0.0105137570896	0.0126524903405	0.00731622907657	0.0	0.00344732122438	0.0166911439028	0.0248227268299	0.0	0.00826708694874	0.0	0.00603631908185	0.0
EMRA	0.0457069901053	0.00122081177163	0.00379388912171	0.00609932702956	0.0	0.000811536052999	0.0	0.00577762284711	0.0157138154285	0.00522214539736	0.00469538986163	0.000653926067996	0.00902051901649	0.0	0.0	0.0	0.00182449434623	0.0	0.0	0.0	0.0087562675798	0.000404353006952	0.0	0.0	0.0	0.00247843055808	0.0	0.000486878588052	0.0104822855231	0.0	0.0	0.0	0.00268569660256	0.0	0.000306877966719	0.0	0.000182685450609	0.0	0.0	0.0	0.0	0.000266284347799	0.0	0.0	0.0	0.0	0.0	0.000781399206596	0.0	0.00476618405725	0.0	0.0	0.00487946162365	0.0	0.0115780324622	0.0	0.00182846927945	0.0	0.0059587712947	0.0	0.0	0.0	0.000622549147473	0.0
EMRB	0.0580264522822	0.00232478804167	0.00394074065377	0.005807464701	0.00223036283892	0.00185448668361	0.0159821428571	0.034327204494	0.00398983594864	0.0159112242576	0.0286125319693	0.0239091718611	0.0247810108739	0.0	0.000379378751399	0.0138003700658	0.00399553571429	0.0	0.0161669075145	0.0	0.0155628974563	0.0	0.0	0.0	0.0	0.0110125576555	0.0	0.000927161373732	0.0148284563622	0.0112777217742	0.00290500577034	0.0	0.0126154303304	0.0	0.00654513163393	0.0	0.000904507065028	0.0	0.000324501102216	0.0	0.0	0.0016226702444	0.0	0.0	0.0	0.00155166435506	0.00279967467467	0.00535685784209	0.0	0.00530610334498	0.0217233009709	0.00481389845095	0.00371677740864	0.00581470893971	0.0264576132436	0.0	0.00226326641768	0.0	0.0139193173212	0.0304008152174	0.00194836293974	0.0	0.00189682943371	0.00405344202899
EMRB-QACA_FAMILY_MAJOR_FACILITATOR_TRANSPORTER	0.049412962276	0.0659898254933	0.0729880880172	0.0543994032366	0.0925901978534	0.134890452053	0.102073062073	0.0534039733436	0.00424697714284	0.0118556814427	0.0824865786503	0.000530210325402	0.0205029962581	0.000435125837055	0.00615839769422	0.0930353430353	0.159581616973	0.0	0.103253097473	0.0192486916625	0.0236655880535	0.0232776190489	0.0731225152278	0.0	0.0	0.055932149081	0.186070686071	0.140734229709	0.0339966016964	0.0720273623499	0.177287892002	0.0444347907034	0.0867407416231	0.153460359646	0.0813641311761	0.0680919410271	0.192782524839	0.0	0.0327280612697	0.0317391362167	0.0	0.143145829127	0.0158961989626	0.00233867319492	0.128347038921	0.156908428753	0.0	0.0982028732614	0.069089537444	0.0936391670291	0.0520275316392	0.0922346946443	0.0830827249432	0.135692040378	0.0356548037101	0.0136175230515	0.144547909254	0.0	0.0582993299644	0.0323601193166	0.0653288929151	0.15313533014	0.0605723494838	0.0129440477267
EMRD	0.0	0.000201402957248	0.000341397498262	0.0	0.0	0.000401648554149	0.0415373459028	0.0	0.0	0.00103382573856	0.0	0.0	0.00292752135844	0.0	0.0	0.0	0.000451492890248	0.0	0.0	0.0	0.000361140477593	0.0	0.0	0.0	0.0	0.0	0.0	0.000481935658224	0.0	0.0	0.0	0.0	0.0026584306472	0.0	0.000303762454367	0.0	9.04153879919e-05	0.0	0.0	0.0	0.0	0.000263580953405	0.0	0.00285508072781	0.0	0.0	0.0	0.000773466219727	0.0	0.000362907415526	0.0	0.0	0.0	0.000581243845594	0.0	0.0	0.00158366787211	0.0	0.0	0.0	0.0	0.00549851401891	0.0	0.0
EMRE	0.0	0.000634822121246	0.0	0.0	0.0	0.0	0.0	0.0	0.0	0.00130344749118	0.0	0.0	0.0	0.0	0.0	0.0	0.0	0.0	0.0	0.0	0.0	0.0	0.0	0.0	0.0	0.0	0.0	0.0	0.0	0.0	0.0	0.0	0.00139656223333	0.0	0.0	0.0	0.0	0.0	0.0	0.0	0.0	0.0	0.0	0.0	0.0	0.0	0.0	0.0	0.0	0.0	0.0	0.0	0.0	0.00183208060131	0.0	0.0	0.0049917211329	0.0	0.0	0.0	0.0	0.0	0.0	0.0
EMRK	0.0	0.0	0.0	0.0	0.0	0.0	0.0	0.0	0.0	0.0	0.0	0.0	0.0	0.0	0.0	0.0	0.000229829714157	0.0	0.0	0.0	0.000735345468588	0.0	0.0	0.0	0.0	0.000416273866344	0.0	0.0	0.0	0.0	0.0	0.0	0.0	0.0	0.0	0.0	9.20508084465e-05	0.0	0.0	0.0	0.0	0.000268348567549	0.0	0.0	0.0	0.0	0.0	0.0	0.0	0.00073894326469	0.0	0.0	0.00245864345378	0.0	0.000448760948145	0.0	0.00253363475738	0.0	0.0	0.0	0.0	0.0	0.000627375109856	0.0
EMRR	0.0	0.0	0.0	0.00337888855331	0.0	0.0	0.0	0.00051210747963	0.0	0.00324010384882	0.0	0.0	0.00589829019148	0.0	0.0	0.0	0.000505364201016	0.0	0.0	0.0	0.000808462205521	0.0	0.0	0.0	0.0	0.0	0.0	0.0032366360683	0.0	0.0	0.0	0.0	0.0	0.0	0.0	0.0	0.0	0.0	0.0	0.0	0.0	0.0	0.0	0.0	0.0023700447528	0.0	0.0	0.00346301921105	0.0	0.0	0.0	0.0	0.0	0.0	0.0	0.0	0.00303879127409	0.0	0.0	0.0	0.0	0.0	0.0	0.0
EMRY	0.0	0.0	0.0	0.0	0.0	0.0	0.0	0.0	0.0	0.0	0.00119218883205	0.0	0.0	0.0	0.0	0.0	0.0	0.0	0.0	0.0	0.0	0.0	0.0	0.0208722014925	0.0	0.0	0.0	0.0	0.0	0.0	0.0	0.0	0.000340957576496	0.0	0.0	0.0	0.0	0.0	0.0	0.0	0.0	0.0	0.0	0.0	0.0	0.0	0.0	0.000595206426899	0.0	0.0	0.0	0.0	0.00743355481728	0.0	0.000169600084895	0.0	0.00121868191721	0.0	0.0	0.0	0.0	0.0	0.0	0.0
EPTA	0.0	0.000290138081008	0.0	0.00108717437913	0.0	0.0	0.0	0.000494319468455	0.0	0.00074465693052	0.00111590618284	0.00139870840869	0.00158150376859	0.0	0.0	0.0	0.0	0.0	0.0	0.0	0.000260126779107	0.0	0.0	0.0	0.0	0.0	0.0	0.0	0.0	0.0	0.0	0.0	0.000957423834549	0.0	0.0	0.0	0.0	0.0	7.59344443942e-05	0.0	0.0	0.0	0.0	0.0	0.000762573814429	0.0	0.0	0.000557121920608	0.0	0.0	0.0	0.0	0.0	0.000418665585309	0.0	0.0	0.00195549273945	0.0	0.0	0.0	0.000911848103426	0.00792107686819	0.000221932511439	0.0
ERM(31)	0.0	0.000492874317737	0.0	0.0	0.0	0.0	0.0	0.0	0.0	0.0	0.0	0.0	0.0	0.0	0.0	0.0	0.0	0.0	0.0	0.0	0.0	0.0	0.0	0.0	0.0	0.0	0.0	0.0	0.0	0.0	0.0	0.0	0.0	0.0	0.0	0.0	0.0	0.0	0.0	0.0	0.0	0.0	0.0	0.0	0.0	0.0	0.0	0.0	0.0	0.0	0.0	0.0	0.0	0.0	0.000134837334575	0.0	0.0	0.0	0.0	0.0	0.0	0.0	0.0	0.0
ERM(33)	0.0	0.0	0.0	0.0	0.0	0.000651232635123	0.0	0.00333818208944	0.0	0.000335248840325	0.0	0.0	0.0	0.0	0.000199837366992	0.0	0.00219615060195	0.0	0.0	0.0	0.000585552873135	0.0	0.0	0.0	0.0	0.00331477338015	0.0	0.000390705039795	0.0	0.0	0.0	0.0	0.0	0.0	0.0004925201935	0.0	0.000146599435674	0.0	0.000170930621743	0.0	0.0	0.0	0.0	0.0	0.0	0.00326935041067	0.0	0.0	0.0	0.00235367113938	0.0	0.00144898060369	0.0	0.00753942634285	0.000893366702326	0.0	0.000733645081261	0.0	0.0031878200342	0.0	0.00205259634804	0.0	0.00199830590547	0.0
ERM(36)	0.0	0.0	0.0	0.0	0.0	0.0	0.0	0.0	0.0	0.0	0.0	0.0	0.0	0.0	0.0	0.0	0.0	0.0	0.0	0.0	0.0	0.0	0.0	0.0	0.0	0.0	0.0	0.0	0.0	0.0	0.0	0.0	0.0	0.0	0.0	0.0	0.0	0.0	0.0	0.0	0.0	0.0	0.0	0.0	0.0	0.0	0.0	0.0	0.0	0.0	0.0	0.0	0.00677220652392	0.0	0.0	0.0	0.0	0.0	0.0	0.0	0.0	0.0	0.0	0.0
ERM(38)	0.0	0.000210484788211	0.0	0.0	0.0	0.0	0.0	0.0	0.0	0.0	0.0	0.0	0.0	0.0	0.0	0.0	0.0	0.0	0.0	0.0	0.0	0.0	0.0	0.0	0.0	0.0	0.0	0.0	0.0	0.0	0.0	0.0	0.0	0.0	0.0	0.0	0.0	0.0	0.0	0.0	0.0	0.0	0.0	0.0	0.0	0.0	0.0	0.0	0.0	0.000379271940895	0.0	0.0	0.0	0.0	0.000115166105393	0.0	0.000236439993032	0.0	0.0	0.0	0.0	0.0	0.0	0.0
ERM(39)	0.0	0.00129028886432	0.0	0.0	0.0	0.0	0.0	0.000366385839085	0.0	0.0	0.0	0.0	0.0	0.0	0.0	0.0	0.000723122759178	0.0	0.0	0.0	0.0	0.000213682483349	0.0	0.0	0.0	0.0	0.0	0.0	0.0	0.0	0.0	0.0	0.0	0.0	0.0	0.0	0.0	0.0	0.0	0.0	0.0	0.0	0.0	0.0	0.0	0.0	0.0	0.0	0.0	0.0	0.0	0.0	0.0	0.0	0.0	0.0	0.0	0.0	0.0	0.0	0.0	0.0	0.0	0.0
ERM(43)	0.0	0.0	0.0	0.0	0.0	0.0	0.0	0.000370909121049	0.0	0.0	0.0	0.0	0.0	0.0	0.0	0.0	0.0	0.0	0.0	0.0	0.0	0.0	0.0	0.0	0.0	0.0	0.0	0.0	0.0	0.0	0.0	0.0	0.0	0.0	0.0004925201935	0.0	0.0	0.0	0.0	0.0	0.0	0.0	0.0	0.0	0.0	0.0	0.0	0.0	0.0	0.0	0.0	0.0	0.0	0.000942428292856	0.0	0.0	0.0	0.0	0.0	0.0	0.0	0.0	0.0	0.0
ERM(44)	0.0	0.0	0.000535898861814	0.00236926049953	0.0	0.0126095243295	0.0	0.00287269853115	0.0	0.0	0.0	0.0	0.00160838723238	0.0	0.000773872194088	0.0	0.000354358961669	0.0	0.0329779149299	0.0	0.0	0.0	0.0133454486149	0.0	0.0	0.0	0.0	0.00378252289523	0.0	0.0	0.00131683307164	0.0	0.00139099824037	0.0	0.00762915741963	0.0	0.000709634718502	0.0	0.0	0.0	0.0	0.000413748588213	0.0	0.0	0.00166186404977	0.00949544402142	0.0	0.00728475754356	0.0	0.0	0.0	0.0	0.0227449007955	0.031021285082	0.0	0.0	0.00035513098555	0.0	0.0129621080753	0.0	0.0	0.0	0.0	0.0
ERM(TR)	0.0	0.00163277294559	0.00221416649079	0.00489452169039	0.00939873064629	0.0169320485132	0.0	0.00964363714727	0.0	0.0013409953613	0.00502387392602	0.0	0.000949336144217	0.0	0.0	0.00969244097899	0.00768652710682	0.0	0.0340636076025	0.0	0.000585552873135	0.00108160269349	0.0	0.0	0.0	0.00132590935206	0.0	0.0105490360745	0.0	0.0	0.0197226912108	0.0	0.0071839621056	0.0	0.0064027625155	0.0	0.00131939492107	0.0	0.019315160257	0.0	0.0	0.00726528899549	0.0	0.0	0.0	0.00163467520533	0.0117978060365	0.0275901448255	0.0	0.00470734227876	0.0114427264373	0.00144898060369	0.00783123470462	0.00471214146428	0.000536020021396	0.00673871253885	0.0190747721128	0.0	0.00382538404104	0.0	0.00205259634804	0.0	0.0	0.0
ERMA	0.0	0.0	0.0	0.0	0.0	0.0	0.0	0.00094213501479	0.0142355122349	0.0	0.0	0.000888610336301	0.0	0.000121542118248	0.0	0.0246194755181	0.00898738286407	0.0	0.0	0.0	0.0	0.00769256940055	0.0	0.0	0.0	0.000561317025349	0.0	0.00198483605582	0.00610466603384	0.0	0.00115165540411	0.0744708513183	0.00121651762485	0.0	0.0	0.0	0.000372372782601	0.0	0.0010130766118	0.0	0.0	0.00108554943179	0.0	0.0	0.0	0.0	0.0	0.00212366334894	0.0	0.000498207392744	0.0	0.0	0.0	0.000797944512766	0.00453842735886	0.0256751991681	0.000621169877165	0.0	0.0	0.0	0.0	0.0	0.00296090448188	0.0
ERMB	0.0	0.00777333209689	0.023058962454	0.0	0.0139830094717	0.0200234099607	0.0	0.0172904207	0.0500276572826	0.0269334813229	0.0224228821964	0.0	0.00659110522985	0.0	0.000198206041547	0.0288399570354	0.0159736341742	0.0	0.0	0.0	0.00813081989553	0.000858218627	0.0	0.0	0.0	0.00394525680674	0.0	0.00852534343977	0.0286047208443	0.0	0.00607086920169	0.0	0.00285012700679	0.0	0.00195399848197	0.00742680808028	0.00639771904583	0.0	0.0410275352745	0.0	0.0	0.0012716436201	0.0	0.00918287189188	0.00851281380598	0.00486399275383	0.0351044922473	0.0236333392689	0.0493240334108	0.0367677055845	0.0	0.00718576095302	0.00388365312903	0.0224336400161	0.0762023565111	0.00334185132029	0.00873187370186	0.0	0.0126471880541	0.0	0.0203584045949	0.0	0.0049549830105	0.0
ERMC	0.0487041697844	0.00650432501276	0.00330763805693	0.00974892435053	0.023400528146	0.0992302382837	0.0	0.0650124642993	0.0	0.0190308675711	0.00250164213939	0.00104520969885	0.0101635382899	0.000142961425972	0.00497545903474	0.0965271786022	0.0688952245189	0.0	0.0678480053065	0.0126483889203	0.0139956735907	0.0	0.0617773943054	0.0	0.0	0.0105638023787	0.0	0.0455251433869	0.0	0.0	0.0182872494395	0.0	0.0257562706966	0.0	0.0152055517116	0.0	0.0115338908469	0.0	0.0299604952079	0.0	0.158617634027	0.0234090133618	0.00447662277576	0.0	0.0102572428646	0.18233328028	0.0	0.0686926761536	0.0247630905444	0.0925889853744	0.0	0.0721521079299	0.0467948368825	0.155801936382	0.000355882145353	0.00671109486451	0.0241110651911	0.0247630905444	0.0596853977223	0.0637918745545	0.0592813379699	0.0	0.00547281934971	0.0
ERMF	0.0670140080492	0.00149159332999	0.00455111101067	0.0	0.0	0.00237969218549	0.0307626208378	0.00440489441125	0.0	0.0107191405525	0.00458947881212	0.0	0.000216812672034	0.0	0.0	0.0	0.00334376313454	0.0	0.0	0.011602281566	0.000534922361548	0.0	0.0	0.0	0.0	0.0036337891641	0.0	0.00214153363918	0.0	0.0	0.00621287783799	0.0	0.00721907169484	0.0	0.0022496693049	0.0	0.000937464812337	0.0	0.00327916903292	0.0114785898649	0.0	0.00156166760363	0.0	0.0	0.0	0.0	0.0161665424823	0.0126022653996	0.0	0.00322523733197	0.0	0.00132369280713	0.0	0.000860940132195	0.000816120709268	0.0	0.00201062881293	0.0	0.0133960347152	0.0	0.00187511621268	0.0	0.0	0.0
ERMG	0.0	0.00325216250638	0.000551273009489	0.00243723108763	0.0	0.0	0.0	0.0011081670051	0.0	0.00166937434834	0.0	0.0	0.000236361355579	0.0	0.0	0.0	0.00145809998982	0.0	0.0	0.0	0.0	0.000215433979114	0.0	0.0	0.0	0.0	0.0	0.0	0.0	0.0	0.0	0.0	0.0	0.0	0.0	0.0	0.0	0.0	0.000851150432042	0.0	0.0	0.0	0.0	0.0	0.0	0.0	0.0	0.0024979154965	0.0	0.0	0.0	0.0	0.0	0.0	0.000355882145353	0.0	0.000365319169562	0.0	0.0	0.0	0.0	0.0	0.0	0.0
ERMS	0.0	0.0	0.0	0.0	0.0	0.0	0.0	0.0	0.0	0.0	0.0	0.0	0.0	0.0	0.0	0.0	0.0	0.0	0.0	0.0	0.0	0.0	0.0	0.0	0.0	0.0	0.0	0.0	0.0	0.0	0.0	0.0	0.0	0.0	0.0	0.0	0.0	0.0	0.0	0.0	0.0	0.0	0.0	0.0	0.0	0.0	0.0044935217349	0.0	0.0	0.0	0.0	0.0	0.0	0.0	0.0	0.0	0.0	0.0	0.0	0.0	0.0	0.0	0.0	0.0
ERMT	0.0	0.000325216250638	0.0	0.0	0.0	0.00129712729783	0.0	0.0	0.0	0.0	0.0	0.0	0.0	0.0	0.0	0.0	0.0	0.0	0.0	0.0	0.0	0.0	0.0	0.0	0.0	0.0	0.0	0.0	0.0	0.0	0.000677305534797	0.0	0.0	0.0	0.0	0.0	0.0	0.0	0.0	0.0	0.0	0.0	0.0	0.0	0.0	0.00162797571679	0.0	0.0	0.0	0.000586006236547	0.0	0.0	0.0	0.0	0.000177941072677	0.0	0.000365319169562	0.0	0.000634951039599	0.0	0.0	0.0	0.0	0.0
ERMX	0.0	0.0580247492245	0.0393430255309	0.00940212467007	0.0045136196582	0.0275216574495	0.0	0.0523685561778	0.00807429251267	0.00740595165444	0.0313644619216	0.0	0.00524292461465	0.000551503366597	0.00479846642085	0.0279280216351	0.0302339626347	0.0	0.0654344399004	0.0731906773886	0.00618649339877	0.007479731512	0.0529598039896	0.0	0.0589591567852	0.0191025280168	0.0	0.0300209722277	0.00230835197854	0.61621828382	0.0509505096374	0.0	0.0234600375164	0.0	0.0165568547262	0.172607239178	0.0685720308976	0.328120524718	0.0279096600167	0.0844787918117	0.458925328491	0.110418541216	0.00431737532524	0.0	0.125303235626	0.0172706989085	0.00566574479618	0.0421584947432	0.0	0.0214760862659	0.0329713342799	0.0361844247199	0.0639344477565	0.0959488852465	0.0588626255116	0.0582512423813	0.300179729336	0.0	0.0244945539387	0.0	0.00788586423042	0.00856290325474	0.0110360985234	0.0246090393538
ESCHERICHIA_COLI_LAMB	0.0	0.000355841996214	0.000603186611279	0.00133337306139	0.0	0.0	0.0	0.000202087256536	0.00458026010248	0.00164392200401	0.0	0.00057181875901	0.00323274499782	0.0	0.0	0.0	0.000199426231791	0.0	0.0	0.0	0.000957103238823	0.0	0.0	0.0	0.0	0.0	0.0	0.0	0.0	0.0	0.00037054383518	0.0	0.0	0.0331006425963	0.000268346204082	0.0	0.0	0.0	0.000279391083522	0.0	0.0	0.000232849541797	0.0	0.0	0.0	0.0	0.0	0.00341643150866	0.0	0.0	0.0	0.0	0.0	0.000513475504852	0.0	0.0	0.00199860711599	0.0135475203875	0.000347372317628	0.0	0.0	0.0	0.0	0.0
ESCHERICHIA_COLI_MIPA	0.0	0.0	0.0	0.0	0.0	0.0	0.0	0.0	0.0	0.0	0.0	0.0	0.00023254907565	0.0	0.0	0.0	0.0	0.0	0.0	0.0	0.0	0.000211959237515	0.0	0.0	0.0	0.0	0.0	0.0	0.0	0.0	0.0	0.0	0.0	0.0	0.000482590350889	0.0	0.00014364380189	0.0	0.0	0.0	0.0	0.0	0.0	0.0	0.0	0.0	0.0	0.00122881326844	0.0	0.0	0.0	0.0	0.0	0.00277028316731	0.000175071055375	0.0	0.00251598847424	0.0	0.0	0.0	0.0	0.0	0.0	0.0
ESP-1	0.0	0.0	0.0	0.0	0.0	0.0	0.0	0.0	0.0	0.0	0.0	0.0	0.0	0.0	0.0	0.0	0.0	0.0	0.0	0.0	0.0	0.0	0.0	0.0	0.0	0.0	0.0	0.0	0.0	0.0	0.0	0.0	0.0	0.0	0.0	0.0	0.0	0.0	0.0	0.0	0.0	0.0	0.0	0.0	0.0	0.00136974508585	0.0	0.0	0.0	0.0	0.0	0.0	0.0	0.0	0.0	0.0	0.0	0.0	0.0	0.0	0.0	0.0	0.0	0.0
EVGS	0.0	0.0	0.0	0.0	0.0	0.000132205121416	0.0	0.0	0.0	0.0	0.0	0.0	0.0	0.0	0.0	0.0	0.0	0.0	0.0	0.0	0.0	0.0	0.0	0.0	0.0	0.0	0.0	0.0	0.0	0.0	0.0	0.0	0.0	0.0	0.0	0.0	0.0	0.0	0.0	0.0	0.0	0.0	0.0	0.0	0.0	0.0	0.0	0.0	0.0	0.0	0.0	0.000294153957141	0.00397449881625	0.000191320029377	3.6272031523e-05	0.000684004656199	0.00424466082729	0.0	0.000258860574206	0.0195052849515	0.0	0.0	0.0	0.0
FARA	0.0	0.000206647825926	0.0	0.0	0.0	0.0	0.0	0.0	0.0	0.000212149656768	0.0	0.0	0.0	0.0	0.0	0.0	0.0	0.0	0.0	0.0	0.00555817766296	0.0	0.0	0.0	0.0	0.0	0.0	0.0	0.0	0.0	0.0	0.0	0.0	0.0	0.0	0.0	0.0	0.0	0.0	0.0	0.0	0.000540890081466	0.0	0.0	0.0	0.0	0.0	0.0	0.0	0.000744716258945	0.0	0.0	0.0	0.0	0.000226133446526	0.0	0.000232129888993	0.0	0.0	0.0	0.0	0.0	0.0	0.0
FARB	0.0	0.000468618691864	0.00185349271694	0.00351191566171	0.0	0.00155757411747	0.0	0.0	0.0	0.0274224312244	0.00480630458277	0.0	0.000794695266394	0.0	9.55914964155e-05	0.0	0.000875434049005	0.0	0.0	0.0	0.168058285242	0.0	0.0	0.0	0.0	0.00507395232363	0.0	0.00205581608538	0.0	0.0	0.000650639962561	0.0	0.000687284563646	0.0726520009741	0.000706785868231	0.0	7.01253206079e-05	0.0	0.0	0.0	0.0	0.000408861793864	0.0	0.0	0.000821117867112	0.000781941092315	0.0	0.00179967927503	0.0	0.0191397942456	0.0	0.000693114737594	0.00187302168624	0.00315565064202	0.0362383299504	0.0	0.000526404787637	0.0	0.00609952967174	0.0	0.000981852190106	0.0	0.0	0.0
FLOR	0.0	0.00137492414874	0.00133178826055	0.00147199105293	0.0	0.0	0.0	0.0	0.0	0.0	0.0	0.0	0.0	0.0	0.0	0.0	0.0	0.0	0.0	0.0	0.0	0.0	0.0	0.0	0.0	0.0	0.0	0.0	0.0	0.0	0.0	0.0	0.0	0.0	0.000888730745202	0.0	0.0	0.0	0.0	0.0	0.0	0.0	0.0	0.0	0.0	0.0	0.0	0.0	0.0	0.000353924558706	0.0	0.0	0.0	0.0	0.0	0.0	0.0	0.0	0.0	0.0	0.0	0.0	0.0	0.0
FMTC	0.0141474016993	0.0264509217186	0.0212975139332	0.0212387280494	0.0489405331511	0.0602855353657	0.00974149659864	0.0219962355536	0.0	0.00640085821563	0.0290666991434	0.000303608531569	0.00604184646069	0.000207634452007	0.00358422591798	0.0448621553885	0.0676610470275	0.0	0.0394164602257	0.00734811165846	0.00762264365206	0.013829835583	0.0398774714564	0.0	0.0532738095238	0.0268496643792	0.0532738095238	0.0523307539551	0.0229433698439	0.0343701996928	0.0889269914544	0.0254442075338	0.0409408868997	0.0615120274914	0.0259311881878	0.0498215042052	0.0846486084359	0.0	0.0153288139713	0.0654279622297	0.0460746460746	0.0723247308932	0.0039010569903	0.00535667527027	0.0392298836225	0.0728247803976	0.00170646837314	0.0464374385634	0.0359654410287	0.0335335092599	0.0	0.0251501633356	0.04304382218	0.0580704119166	0.0191244286205	0.0126711862561	0.0735387488329	0.0	0.0250835896406	0.0370600414079	0.0190011776219	0.098004466537	0.0264472218185	0.0172946859903
FOSA	0.0	0.00117559652083	0.0	0.0	0.0	0.00117221874322	0.0	0.0	0.0	0.0	0.0	0.0	0.00213600632449	0.0	0.0	0.0	0.0	0.0	0.0	0.0	0.0	0.0	0.0	0.0	0.0	0.0	0.0	0.0	0.0	0.0	0.0	0.0	0.0	0.0	0.0	0.0	0.0	0.0	0.0	0.0	0.0	0.0	0.0	0.0	0.0	0.0	0.0	0.0	0.0	0.0	0.0205969075872	0.0	0.0	0.0	0.0	0.0	0.0	0.0	0.0	0.0	0.0	0.0	0.0	0.0
FOSA6	0.0	0.0	0.0	0.0	0.0	0.0	0.0	0.0	0.0	0.0	0.0	0.0	0.000414907703318	0.0	0.0	0.0	0.0	0.0	0.0	0.0	0.0	0.0	0.0	0.0	0.0	0.0	0.0	0.0	0.0	0.0	0.0	0.0	0.0	0.0	0.0	0.0	0.0	0.0	0.0	0.0	0.0	0.0	0.0	0.0	0.0	0.0	0.0	0.0	0.0	0.0	0.0	0.0	0.0	0.0	0.0	0.0	0.0	0.0	0.0	0.0	0.0	0.0	0.0	0.0
FOSA7	0.0	0.0	0.0	0.0	0.0	0.0	0.0	0.0	0.0	0.0	0.0	0.0	0.0	0.0	0.0	0.0	0.0	0.0	0.0	0.0	0.0	0.0	0.0	0.0	0.0	0.0	0.0	0.0	0.0	0.0	0.0	0.0	0.00124693056547	0.0	0.0	0.0	0.0	0.0	0.0	0.0	0.0	0.0	0.0	0.0	0.0	0.0	0.0	0.0	0.0	0.0	0.0	0.0	0.0	0.0	0.0	0.0	0.0	0.0	0.0	0.0	0.0	0.0	0.0	0.0
FOSB	0.0	0.0468124226098	0.0416111972342	0.0171132197232	0.0246463116588	0.0387085182114	0.0	0.038905431546	0.0	0.00234433002011	0.127349782578	0.0	0.00954287717631	0.0	0.0031442037526	0.0	0.0211162250324	0.0	0.0	0.0	0.0112603081287	0.00453806252406	0.144591695065	0.0	0.107314148681	0.0173846747779	0.0	0.0286873067349	0.054619925593	0.0415409607798	0.0939261977608	0.0	0.0263739270683	0.0	0.0120543431531	0.0392712513598	0.135574947177	0.0	0.021515123439	0.0878648893252	0.0	0.0545403984304	0.0	0.0	0.0960294391926	0.111451920295	0.0	0.0635800361626	0.0	0.0349748758158	0.0	0.0253310997624	0.0547623031143	0.100500824353	0.00468535486328	0.00589031347821	0.0442482988399	0.0	0.03789607068	0.0	0.0179417594451	0.140271443964	0.0288208903884	0.0149306641643
FOX	0.0	0.0	0.0	0.0	0.0	0.0	0.0	0.0	0.0	0.0	0.0	0.0	0.0	0.0	0.0	0.0	0.0	0.0	0.0	0.0	0.0	0.0	0.0	0.0	0.0	0.0	0.0	0.0	0.0	0.0	0.0	0.0	0.0	0.0	0.00031330473042	0.0	0.0	0.0	0.0	0.0	0.0	0.0	0.0	0.0	0.0	0.0	0.0	0.0	0.0	0.0	0.0	0.0	0.0	0.0	0.0	0.0	0.0	0.0	0.0	0.0	0.0	0.0	0.0	0.0
FUSB	0.0	0.00931370483048	0.00631505231527	0.00279194547128	0.0	0.000742955541478	0.0	0.0101555962158	0.0	0.00114740096055	0.00859719270439	0.0	0.000270761365076	0.0	0.000227983475019	0.0110575735112	0.00334062345085	0.0	0.0	0.0	0.000668025108787	0.00296145864246	0.0	0.0	0.0	0.0	0.0	0.00757747661687	0.0	0.0	0.0108623272623	0.0	0.00245873632628	0.0	0.00280944617419	0.0427128633725	0.0102020818544	0.0	0.0015600428576	0.0	0.0	0.0141393238197	0.0	0.0	0.0195834683799	0.014919289198	0.0	0.0171687712999	0.0	0.00134258705838	0.0	0.00661224951545	0.0357369020323	0.0150523054098	0.00224222459654	0.32673264669	0.244815297011	0.0	0.0123651498228	0.0	0.0	0.0	0.00398957552254	0.0
FUSC	0.0	0.00112291648805	0.00380690417873	0.0	0.0	0.0	0.0	0.0	0.0	0.00115281322923	0.0	0.0	0.000272038541326	0.0	0.000229058868769	0.0	0.00125864291574	0.0	0.0	0.0	0.000671176170621	0.0	0.0	0.0	0.0	0.000759896161675	0.0	0.000895672874247	0.0	0.0	0.001559080665	0.0	0.00247033413914	0.0	0.0	0.0	0.00487304822262	0.0	0.000391850387582	0.0	0.0	0.00146958814587	0.0	0.0	0.0	0.0	0.0	0.00431243901753	0.0	0.0	0.0	0.00332171968583	0.0	0.00756165342522	0.000204800102514	0.0	0.0	0.0	0.0	0.0	0.0	0.0	0.0	0.0
FUSD	0.0	0.00372548193219	0.00189451569458	0.00558389094255	0.0	0.00891546649774	0.0	0.00930929653112	0.0	0.000764933973698	0.0	0.0	0.000812284095228	0.0	0.00136790085011	0.0	0.00125273379407	0.0	0.0	0.0	0.000668025108787	0.0	0.00786316338577	0.0	0.0	0.0	0.0	0.00267440351184	0.00548369061569	0.0	0.00387940259367	0.0	0.00245873632628	0.0	0.00280944617419	0.0	0.00167247243515	0.0	0.0003900107144	0.0	0.0	0.000487562890335	0.0	0.0	0.013708427866	0.0279736672462	0.0	0.0128765784749	0.0	0.00134258705838	0.0	0.00495918713659	0.0670066913107	0.0225784581148	0.000407677199372	0.0	0.0	0.0	0.0138198733314	0.0	0.0	0.0	0.00341963616217	0.0
GADW	0.0	0.0	0.0	0.0	0.0	0.0	0.0	0.0	0.0	0.0	0.0	0.0	0.0	0.0	0.0	0.0	0.0	0.0	0.0	0.0	0.0	0.0	0.0	0.0	0.0	0.0	0.0	0.0	0.0	0.0	0.0	0.0	0.0	0.0	0.0	0.0	0.0	0.0	0.0	0.0	0.0	0.0	0.0	0.0	0.0	0.0	0.0	0.0	0.0	0.0	0.0	0.0	0.0	0.00189264524929	0.0	0.0	0.00257836835377	0.0	0.0	0.0	0.0	0.0	0.0	0.0
GOLS	0.0	0.0	0.0	0.0	0.0	0.0	0.0	0.0	0.0	0.0	0.0	0.0	0.0	0.0	0.0	0.0	0.0	0.0	0.0	0.0	0.0	0.0	0.0	0.0	0.0	0.0	0.0	0.0	0.0	0.0	0.0	0.0	0.00340071972402	0.0	0.0	0.0	0.000462644972322	0.0	0.0	0.0	0.0	0.0	0.0	0.0	0.0	0.0	0.0	0.0	0.0	0.0	0.0	0.0	0.0	0.0	0.0	0.00531658164591	0.0	0.0	0.00201205264496	0.0	0.0	0.0	0.0	0.0
HMRM	0.0	0.0	0.00115957426134	0.0	0.0	0.00136422008909	0.0	0.00543893461124	0.0	0.00614502454086	0.00131551871123	0.0	0.000870054300276	0.0	0.0	0.00507599818512	0.00172520882416	0.0	0.0	0.0	0.00613316155913	0.0	0.0	0.0	0.0	0.0027775514875	0.0	0.0	0.00251729763177	0.0	0.00178084644925	0.0	0.00112868714978	0.0	0.00232142599824	0.0	7.67751354931e-05	0.0	0.0	0.0	0.0	0.000447633170868	0.0	0.0	0.0	0.0	0.0	0.000656779505544	0.0	0.00154079225989	0.0	0.000758841135125	0.0	0.00296133717884	0.00683078962611	0.0	0.0	0.0	0.00166948333688	0.0	0.00322487658992	0.0	0.0	0.0
JOHN-1	0.0	0.0	0.0	0.0	0.0	0.0	0.0	0.0	0.0	0.0	0.0	0.0	0.0	0.0	0.0	0.0	0.0	0.0	0.0	0.0	0.0	0.0	0.02026032824	0.0	0.0	0.0	0.0	0.0	0.0	0.0	0.0	0.0	0.0	0.0	0.0	0.0	0.0	0.0	0.0	0.0	0.0	0.0	0.0	0.0	0.0	0.0	0.0	0.0	0.0	0.0	0.0	0.0	0.0	0.0	0.0	0.0	0.0	0.0	0.0	0.0	0.0	0.0	0.0	0.0
KASUGAMYCIN_RESISTANCE_PROTEIN_KSGA	0.0217652333835	0.000872008408305	0.00640526734834	0.00653499324596	0.0	0.000579668609285	0.0	0.0227803415115	0.0	0.0161140486547	0.0178871994729	0.0	0.0166890164474	0.0	0.0	0.0	0.00325802561827	0.0	0.0	0.0	0.0114665408783	0.0	0.0	0.0	0.0	0.0082614351936	0.0	0.00139108168015	0.0235316613783	0.0	0.0	0.0	0.00575506414833	0.0	0.00131519128594	0.0	0.000260979215156	0.0760205977597	0.000608588147746	0.0	0.0	0.00152162484456	0.00400108409262	0.00412051943867	0.00611176375814	0.0	0.0	0.00111628458085	0.0	0.00471380840827	0.0	0.00128975196593	0.0	0.00083886474419	0.0233787193947	0.0	0.00293861134197	0.0442651581892	0.00624252230873	0.0	0.0	0.0	0.0	0.0152041195519
KDPE	0.0	0.0	0.00298912476256	0.00264304171281	0.0	0.0	0.0	0.00160232740293	0.0181581867174	0.00651723745591	0.0	0.0	0.0110217926344	0.0	0.0	0.0	0.00197653554175	0.0	0.0	0.0	0.00189719130896	0.0	0.0	0.0	0.0	0.0	0.0	0.0	0.00259561355809	0.0	0.0	0.0	0.00543107535184	0.0	0.00053192180898	0.0	0.0	0.0	0.0	0.0	0.0	0.0	0.0	0.0	0.0	0.0	0.0	0.0040632758743	0.0	0.0	0.0	0.0	0.0	0.0	0.0	0.0	0.00356551509493	0.0	0.0	0.0	0.0	0.0	0.0	0.0
KLEBSIELLA_PNEUMONIAE_OMPK36	0.0	0.0	0.000366513935464	0.0	0.0	0.0	0.0	0.000245588328106	0.0	0.000221976752586	0.0	0.0	0.000785724397291	0.0	0.0	0.0	0.0	0.0	0.0	0.0	0.0	0.0	0.0	0.0	0.0	0.0	0.0	0.0	0.0	0.0	0.0	0.0	0.0	0.0	0.0	0.0	0.0	0.0	0.0	0.0249588956734	0.0	0.0	0.0	0.0	0.0	0.0	0.0	0.0	0.0	0.0	0.0	0.0	0.0	0.0	0.0	0.0	0.0	0.0	0.0	0.0	0.0	0.0	0.0	0.0
KLEBSIELLA_PNEUMONIAE_OMPK37	0.0	0.000424346337731	0.00215792429383	0.00159006520156	0.0	0.0	0.0	0.0	0.0	0.000435644214967	0.00163208738506	0.0	0.00107942565596	0.0	0.0	0.00629749507458	0.000237818447537	0.0	0.0	0.0	0.0	0.0	0.0	0.0	0.0	0.0	0.0	0.0	0.0	0.0	0.0	0.0	0.0	0.0	0.0	0.0	0.0	0.0	0.0	0.0	0.0	0.000277676191555	0.0	0.0	0.0	0.0	0.0	0.0	0.0	0.0	0.0	0.0	0.00508820864498	0.000612326404182	0.0	0.0	0.00071500971155	0.0	0.0	0.0	0.0	0.0	0.0	0.0
LEN	0.0	0.0	0.0	0.0	0.0	0.0	0.0	0.0	0.0	0.0	0.0	0.0	0.0	0.0	0.0	0.0	0.0	0.0	0.0	0.0	0.0	0.0	0.0	0.0	0.0	0.0	0.0	0.0	0.0	0.0	0.0	0.0	0.0	0.0	0.0	0.0	0.000135451189615	0.0	0.0	0.0	0.0	0.0	0.0	0.0	0.0	0.0	0.0	0.0	0.0	0.0	0.0	0.0	0.0	0.0	0.0	0.0	0.0	0.0	0.0	0.0	0.0	0.0	0.0	0.0
LISTERIA_MONOCYTOGENES_MPRF	0.0	0.0	0.0	0.0	0.0	0.0	0.0	0.0	0.0	0.0	0.0	0.0	0.000133346059563	0.0	0.0	0.0	0.0	0.0	0.0	0.0	0.0	0.0	0.0	0.0	0.0	0.0	0.0	0.0	0.0	0.0	0.0	0.0	0.0	0.0	0.0	0.0	0.000123550275846	0.0	0.0	0.0	0.0	0.0	0.0	0.0	0.0	0.0	0.0	0.0	0.0	0.0	0.0	0.000407054666703	0.0	0.0	0.0	0.0	0.0	0.0	0.0	0.0	0.0	0.0	0.0	0.0
LLMA_23S_RIBOSOMAL_RNA_METHYLTRANSFERASE	0.0	0.00221192376741	0.0	0.0	0.0	0.00110278418352	0.0	0.00031404500493	0.0142355122349	0.000567703611142	0.00212683164464	0.0	0.0	0.0	0.0	0.0	0.00216936827753	0.0	0.0	0.0	0.0	0.000183156414299	0.0	0.0	0.0	0.0	0.0	0.0	0.0	0.0	0.0	0.0	0.0	0.0	0.0	0.0	0.0	0.0	0.00795988766411	0.0	0.0	0.0	0.00380590925883	0.0	0.0	0.00138406297873	0.0	0.0	0.0	0.0	0.0	0.0	0.0	0.0	0.0	0.0	0.000310584938582	0.0	0.0	0.0	0.0	0.0	0.0	0.0
LMRB	0.0	0.0	0.0	0.0	0.0	0.0	0.0	0.0	0.0	0.0	0.0	0.0	0.0	0.0	0.0	0.0	0.0	0.0	0.0	0.0	0.0	0.0	0.0	0.0	0.0	0.0	0.0	0.0	0.0041864734808	0.0	0.0	0.0	0.0	0.0	0.0	0.0	0.0	0.0	0.0	0.0	0.0	0.0	0.0	0.0	0.0	0.0	0.0	0.0	0.0	0.0	0.0	0.0	0.0	0.0	0.0	0.0	0.0	0.0	0.0	0.0	0.0	0.0	0.0	0.0
LMRC	0.0207759045933	0.00249711498742	0.0216345743304	0.00519829008201	0.0	0.00359658023488	0.0	0.0294658765203	0.00714264337659	0.0212208999329	0.0405510942595	0.00267515209635	0.0109899765961	0.0	0.000169791888738	0.0	0.00295443686748	0.0	0.0	0.0	0.00920403126285	0.000551390464025	0.0	0.0	0.0	0.00647771623134	0.0	0.00448149609457	0.204200367333	0.0	0.00115568217126	0.0	0.0170907965617	0.0	0.0945742097435	0.00318106290152	0.00174381566491	0.0	0.000798771943916	0.0	0.0	0.00308647766767	0.0	0.00393322310054	0.000729244539323	0.000694451179888	0.0	0.000532772186315	0.0105632763861	0.0114988356626	0.0194446330369	0.032624862229	0.00665381130497	0.004404039907	0.00174581346129	0.0	0.00109084814967	0.0105632763861	0.0143552217554	0.0136059592581	0.00348797840961	0.00378743797806	0.00339572262258	0.0
LMRD	0.0359027716839	0.00143841870373	0.0176773768058	0.00449157390772	0.00344998723119	0.00382476206247	0.0	0.0441124122635	0.0	0.0242427450682	0.0387263272576	0.00231146072373	0.0135033028217	0.0	0.000146708399332	0.0	0.00443376930439	0.0	0.0	0.0	0.00816766651137	0.00174690271886	0.00252999063621	0.0322857014024	0.0	0.00438030778392	0.0	0.00458930874539	0.163206063981	0.0	0.0012482065747	0.0	0.0234694181961	0.0111502164637	0.0976261326149	0.0192401448001	0.00333635513273	0.0	0.00112938147962	0.00461224305748	0.058463297134	0.00454935947674	0.0	0.00169924744223	0.000630102532467	0.00120007877612	0.0	0.00230170461157	0.0228179535228	0.0125274324163	0.0252016542985	0.0361676064886	0.0	0.00518905004148	0.00255783572143	0.0	0.0014811429775	0.0821446326819	0.0194245142809	0.0	0.00678100938545	0.00654505898323	0.003667585612	0.0
LMRP	0.0	0.0	0.00265045545449	0.0	0.0	0.00194888584156	0.0	0.0	0.00503151725543	0.00762484677724	0.00300689991139	0.00188446674767	0.00227279490684	0.0	0.0	0.0	0.000876296545605	0.0	0.0	0.0	0.0	0.0	0.0	0.0	0.0	0.0	0.0	0.0	0.0805535242167	0.0	0.0	0.0	0.0107494014265	0.018180894825	0.032426267912	0.0	0.000614201083945	0.0	0.00102305766216	0.0	0.0	0.000255790383353	0.0	0.0	0.0	0.0	0.0	0.00150121029839	0.0	0.00211308652784	0.0	0.0104069641389	0.0	0.00112812844908	0.0	0.0	0.0	0.0	0.000763192382573	0.0	0.00122852441521	0.0	0.0	0.00511172984936
LNUA	0.110718795907	0.345012022416	0.0868888440297	0.00369369183467	0.0	0.0815820560111	0.10165039929	0.0839729034921	0.0	0.00860194384709	0.166817577693	0.0	0.00179106120376	0.0	0.00180970733587	0.0585158548545	0.0436433779561	0.0	0.154238322622	0.0	0.0	0.383306558516	0.0	0.0	0.0	0.00300182583121	0.0	0.019460023069	0.0362741025199	0.0	0.0882768903241	0.0	0.022770036413	0.320932317346	0.0260179145697	0.02260332894	0.0632817862141	0.0	0.060111309767	0.227575520799	0.0	0.0832097238369	0.0	0.00698696774382	0.549261551655	0.00986897080487	0.0	0.0378566075245	0.0	0.00355243532217	0.0	0.00874788289932	0.0472792554838	0.137975014229	0.422310531888	0.0	0.00110730282451	0.150116623424	0.0240571511898	0.0966783688901	0.0278821628147	0.0	0.135723447679	0.0902331442974
LNUC	0.0	0.00193543329648	0.0	0.0	0.0	0.0	0.0	0.0	0.0	0.000993481319499	0.0148878215125	0.0	0.0	0.0	0.0	0.0	0.00162702620815	0.0	0.0	0.0	0.0	0.0	0.0	0.0	0.0	0.0	0.0	0.0	0.0	0.0	0.0010076984786	0.0	0.0	0.0	0.0	0.0	0.0	0.0	0.00658499797668	0.0	0.0	0.0	0.0	0.0	0.0	0.0	0.0	0.0	0.0	0.0	0.0	0.0	0.0	0.0	0.000529483191867	0.0	0.00108704728504	0.0	0.0	0.0	0.0	0.0	0.0	0.0
LNUE	0.0	0.00183474601516	0.0	0.0	0.0	0.0	0.0	0.0	0.0	0.0	0.0	0.0	0.0	0.0	0.0	0.0	0.00102825548415	0.0	0.0	0.0	0.0	0.00303849080369	0.0	0.0	0.0	0.0	0.0	0.0	0.0	0.0	0.0	0.0	0.0	0.0	0.0	0.0	0.0	0.0	0.0	0.0	0.0	0.0	0.0	0.0	0.0	0.0	0.0	0.0	0.0	0.0	0.0	0.0	0.0	0.0	0.00250968911752	0.0	0.0	0.0	0.0	0.0	0.0	0.0	0.0	0.0
LNUG	0.0	0.0	0.0	0.0	0.0	0.0	0.0	0.0	0.0	0.0	0.0	0.0	0.0	0.0	0.0	0.0	0.0	0.0	0.0	0.0	0.0	0.0	0.0	0.0	0.0	0.0	0.0	0.0	0.0	0.0	0.0	0.0	0.0	0.0	0.0	0.0136297226942	0.00760505162368	0.0	0.0	0.0	0.0	0.0015558186613	0.0	0.0	0.0	0.0	0.0	0.0	0.0	0.0	0.0	0.0	0.0	0.0	0.0	0.0	0.0	0.0	0.0	0.0	0.0	0.0	0.0	0.0
LPEB	0.0	0.0	0.0	0.0	0.0	0.0	0.0	0.0	0.0	0.0	0.0	0.0	0.0	0.0	0.0	0.0	0.0	0.0	0.0	0.0	0.0	0.0	0.0	0.0	0.0	0.0	0.0	0.0	0.000575949754015	0.0	0.0	0.0	0.0	0.0	0.0	0.0	0.0	0.0	0.0	0.0	0.0	0.0	0.0	0.0	0.0	0.0	0.0	0.0	0.0	0.0	0.0	0.0	0.0	0.0	8.56363347792e-05	0.0	0.0	0.0	0.0	0.0	0.0	0.0	0.0	0.0
LRFA	0.0	0.0	0.0	0.00707957601645	0.0	0.0	0.0	0.0	0.0	0.0	0.0	0.0	0.0	0.0	0.0	0.0	0.0	0.0	0.0	0.0	0.0	0.0	0.0	0.0	0.0	0.00575349950983	0.0	0.0	0.0	0.0	0.000655803771788	0.0	0.0	0.0	0.0	0.0	0.0	0.0	0.0	0.0	0.0	0.0	0.013003523301	0.0	0.0	0.0	0.0	0.0	0.0	0.0	0.0	0.0	0.0	0.0	0.000430730374336	0.0	0.0	0.0	0.0	0.0	0.0	0.0	0.0	0.0
LSA	0.0	0.000478028705757	0.0	0.00119414535217	0.0	0.000317770141235	0.0	0.000542957327801	0.0	0.00245377916262	0.00122570418075	0.0	0.000231615143619	0.0	0.0	0.0	0.000535807827584	0.0	0.0	0.0	0.00200005107872	0.000633323986792	0.0	0.0	0.0	0.0	0.0	0.000190645230261	0.00469086787607	0.0	0.0	0.0	0.0	0.0	0.000720978355545	0.0	0.000286133838304	0.0	0.00283580079688	0.0	0.0	0.0	0.0	0.0	0.00586324324388	0.0	0.0	0.000611939137696	0.0242658397302	0.0	0.0	0.0	0.0	0.000459859588683	0.000435919896918	0.00164408348086	0.00143193377306	0.0	0.0	0.0	0.0	0.0	0.0	0.0
LSAC	0.0	0.00177414718844	0.00437432892082	0.00846095670259	0.0	0.0102926523795	0.0	0.00512940174719	0.0498242928221	0.0114250351742	0.0347382501958	0.0	0.00937758874165	0.0	0.000493500814828	0.00478712023962	0.00289249103671	0.0	0.0	0.0	0.00723014980547	0.000213682483349	0.0	0.0	0.0	0.0160443116412	0.0	0.00598207533491	0.00712211037282	0.0	0.00235129645007	0.0868826598714	0.0102897115769	0.0	0.00535165234644	0.0110949267053	0.0109332786447	0.0843643219041	0.00126634576475	0.00620590427653	0.0	0.00253294867418	0.0	0.0	0.0042391044359	0.00565159049649	0.0	0.000619401810107	0.0	0.00581241958201	0.0	0.00715655054264	0.0	0.00558561158936	0.00485359592544	0.0	0.00253644366509	0.0	0.0289702864572	0.0	0.00506891171315	0.0	0.0034543885622	0.0
LSAE	0.0	0.000321266255691	0.0	0.0	0.0	0.000320343178815	0.0	0.0	0.0	0.00148418869188	0.0	0.0	0.0	0.0	0.0	0.0	0.000360097568336	0.0	0.0	0.0	0.0020162458243	0.0	0.0	0.0	0.0	0.0	0.0	0.0	0.00118221265298	0.0	0.0	0.0	0.0	0.0	0.000969088315955	0.0	0.0	0.0	0.00210203143136	0.0	0.0	0.0	0.0	0.0	0.0	0.0	0.0	0.0	0.0	0.0	0.0	0.0	0.0	0.0	0.0	0.0	0.0	0.0	0.0	0.0	0.0	0.0	0.0	0.0
MACA	0.0	0.00278055511327	0.00217537381642	0.0	0.0	0.00170619439714	0.0	0.0041299880837	0.0	0.0320591869462	0.00493585457153	0.00206224662953	0.00481896844635	0.0	0.000392672346461	0.019045254646	0.000958966031039	0.0	0.0	0.0	0.143823465133	0.0	0.0	0.0	0.0	0.0030395846467	0.0	0.00204725228399	0.00157415916596	0.0	0.00133635485572	0.115219052983	0.00846971704849	0.0	0.00516150542406	0.0	0.00144030981949	0.0	0.00022391450719	0.00822993235593	0.0	0.00307913706754	0.0	0.0	0.00562166949451	0.00214138045766	0.0	0.000821416955721	0.0	0.0323740803889	0.0299793264072	0.00759250213904	0.0153880595678	0.00679005613694	0.0335872168124	0.0	0.0019221105633	0.0	0.00876951247145	0.0	0.00134442294494	0.0175181767395	0.000981647577552	0.0
MACB	0.00922656632561	0.00443586885964	0.0104433706766	0.0129279214213	0.00354641544573	0.00491458168742	0.0	0.0257516904043	0.00634408697424	0.0547741424381	0.0142174071897	0.0498974021449	0.0463884851775	0.0216662036877	0.0207362298901	0.018286204642	0.00676748582231	0.0	0.0	0.0	0.190013725819	0.0	0.0	0.0	0.0	0.0180109549873	0.0	0.00589697668759	0.00997537819298	0.00896613905029	0.00205295093777	0.0	0.0100296588962	0.0802330793366	0.0124514305441	0.0028254161175	0.00188075238748	0.0	0.00812663629898	0.0	0.0600973644452	0.00274140563029	0.00508833520474	0.00524022580787	0.000647714093933	0.000616810675304	0.00667748493835	0.00757132150491	0.0375291558561	0.0486239584722	0.00863534945426	0.00874788289932	0.0177297208064	0.0138686225643	0.064047733923	0.00254271296109	0.00733588121239	0.00938228896402	0.0291091529396	0.0	0.0077450452263	0.00336399770722	0.00150803830754	0.00322261229634
MAJOR_FACILITATOR_SUPERFAMILY_TRANSPORTER	0.0458244887945	0.112603409681	0.0978573363784	0.0733800784019	0.120359323174	0.279072436529	0.147249357326	0.110752128654	0.0210056144546	0.0370678351445	0.122393967087	0.00262242844749	0.0290584716432	0.000538034775382	0.0118592432314	0.121093221486	0.223846460905	0.0	0.170230470898	0.0	0.0369440209906	0.0366204535602	0.172221470557	0.0274718950236	0.0383461868038	0.120512889476	0.115038560411	0.255536161773	0.138121338438	0.133593166929	0.333923816672	0.0	0.148541805666	0.379508652903	0.172908773125	0.182424553232	0.321803473833	0.0533512164226	0.0538154629978	0.070642015775	0.596956854026	0.307548153673	0.0421193813863	0.0144588921177	0.154412375874	0.314513190406	0.0442190262242	0.196635394174	0.0854294794616	0.124239347919	0.0428881623281	0.105902230189	0.225032240432	0.234897223626	0.0687538688626	0.0420952994072	0.227542190827	0.0465978978881	0.113905972615	0.180060355426	0.0936015594291	0.122522158139	0.097991476349	0.080026824634
MARA	0.0	0.0	0.0010591386954	0.0	0.0	0.0	0.0	0.0	0.0	0.0	0.0	0.0	0.00181644632319	0.0	0.0	0.0	0.0	0.0	0.0	0.0	0.0	0.000413904652785	0.0	0.0	0.0	0.0	0.0	0.0	0.0	0.0	0.0	0.0	0.00412370738188	0.0	0.0	0.0	0.0	0.0	0.000327056229005	0.0	0.0	0.00163544717546	0.0	0.0	0.0	0.0	0.0	0.0	0.0	0.0	0.0	0.0	0.0	0.0	0.0	0.0	0.00210561915055	0.0	0.0024398118687	0.0	0.0	0.0	0.0	0.0
MARR	0.161684590849	0.16464349233	0.155556492746	0.0930458562162	0.139830094717	0.249754360801	0.0556656948494	0.114656335848	0.0833794288043	0.0138546714624	0.249143135515	0.00520471768405	0.035701819995	0.0	0.0145351097135	0.0640887934121	0.240814636414	0.0	0.112618457788	0.0	0.0251668234862	0.0597177127954	0.193690575645	0.0726977358107	0.202947845805	0.104110943511	0.0	0.279657099198	0.131104970536	0.157120912881	0.386736852848	0.145395471621	0.187633361281	0.251069499965	0.151434882352	0.25993828281	0.374654304729	0.0	0.066966431543	0.0415415633204	0.263283691855	0.37160252454	0.0	0.00765239324324	0.300786087811	0.337777274571	0.019502495693	0.207309993587	0.0822067223514	0.179947765427	0.037831054752	0.105391160644	0.233019187742	0.28820995854	0.0974681304212	0.0556975220048	0.310466620511	0.205516805878	0.0948539104054	0.052942916297	0.0983989555418	0.0736875688248	0.125526236266	0.155299221138
MCR-2	0.0	0.0	0.0	0.0	0.0	0.0	0.0	0.0	0.0	0.0	0.0	0.0	0.0	0.0	0.0	0.0	0.0	0.0	0.0	0.0	0.0	0.0	0.0	0.0	0.0	0.0	0.0	0.0	0.0	0.0	0.0	0.0	0.0	0.0	0.0	0.0	0.0	0.0	0.0	0.0	0.0	0.000386062809076	0.0	0.0	0.0	0.0	0.0	0.0	0.0	0.0	0.0	0.0	0.0	0.0	0.0	0.0	0.0	0.0	0.0	0.0	0.000927102067981	0.0	0.0	0.0
MCR-3	0.0	0.0	0.0	0.0	0.0	0.0	0.0	0.0	0.0	0.0	0.0	0.0	0.00010660290344	0.0	0.0	0.0	0.0	0.0	0.0	0.0	0.0	0.0	0.0	0.0	0.0	0.0	0.0	0.0	0.0	0.0	0.0	0.0	0.0	0.0	0.0	0.0	0.0	0.0	0.0	0.0	0.0	0.0	0.0	0.0	0.0	0.0	0.0	0.0	0.0	0.0	0.0	0.0	0.0	0.0	0.0	0.0	0.0	0.0	0.0	0.0	0.0	0.0	0.0	0.0
MCR-4	0.0	0.0	0.00024863329818	0.0	0.0	0.0	0.0	0.0	0.0	0.0	0.0	0.0	0.0	0.0	0.0	0.0	0.0	0.0	0.0	0.0	0.0	0.0	0.0	0.0	0.0	0.0	0.0	0.0	0.0	0.0	0.0	0.0	0.00064536147566	0.0	0.000221224412237	0.0	0.0	0.0	0.0	0.0	0.0	0.0	0.0	0.0	0.0	0.0	0.0	0.0	0.0	0.0	0.0	0.0	0.0	0.0	0.0	0.0	0.0	0.0	0.0	0.0	0.0	0.0	0.0	0.0
MDFA	0.0	0.0	0.000328074669062	0.00145044972044	0.0	0.000385974464231	0.0	0.00131898902071	0.0	0.0013908738473	0.0	0.00062202723541	0.002250621298	0.0	0.0	0.00574454428755	0.00108468413877	0.0	0.0201889186522	0.0	0.0	0.0	0.00408500927115	0.0260647979614	0.0	0.0	0.0	0.000694692619538	0.0	0.0	0.00282155574008	0.0	0.00212890584349	0.0	0.000583816619612	0.0	0.000434434913034	0.0	0.00010130766118	0.0	0.0	0.00101317946967	0.0	0.0	0.0	0.0	0.0	0.00148656434426	0.0	0.0	0.0271276343831	0.00171757213023	0.0	0.00335136695362	0.000105896638373	0.0	0.00195668511307	0.0	0.00151149320646	0.0	0.0	0.0	0.0	0.0
MDSA	0.0	0.0	0.000329682878224	0.0	0.0	0.0	0.0	0.0	0.0	0.0	0.0	0.0	0.0	0.0	0.0	0.0	0.0	0.0	0.0	0.00756423258959	0.0	0.0	0.0	0.0	0.0	0.0	0.0	0.0	0.0	0.0	0.0	0.0	0.0	0.0	0.0	0.0	0.0	0.0	0.000101804267362	0.0	0.0	0.0	0.0	0.0	0.0	0.0	0.0	0.0	0.0	0.0	0.00681515324576	0.0	0.0	0.0	0.0	0.0	0.0	0.0	0.0	0.0	0.0	0.0	0.0	0.0
MDSB	0.0	0.0	0.00203997140194	0.0	0.0	0.0	0.0	0.0	0.0	0.000154436906538	0.0	0.0	0.0	6.6128128791e-05	0.0	0.0	0.0	0.0	0.0	0.0	0.0	0.0	0.0	0.0	0.0	0.000305399026114	0.0	8.99917769385e-05	0.00332140123547	0.0	0.00015664696729	0.0	0.000496408376776	0.0	0.0	0.0	0.0	0.0	0.0	0.0	0.0	0.0	0.00103535161828	0.00106625763674	0.0	0.0	0.0	0.0	0.0	0.000135531300206	0.00790686973727	0.000333746243315	0.0	0.0	0.0	0.0	0.0	0.0	0.0	0.0	0.0	0.00205347348194	0.0	0.0
MDSC	0.0	0.0	0.0	0.0	0.0	0.0	0.0	0.0	0.0	0.0	0.0	0.0	0.0	0.0	0.0	0.0	0.000353654470691	0.0	0.0	0.0	0.0	0.0	0.0	0.0	0.0	0.0	0.0	0.0	0.0	0.0	0.0	0.0	0.0	0.0	0.0	0.0	0.0	0.0	0.0	0.0	0.0	0.0	0.0	0.0	0.0	0.0	0.0	0.0	0.0	0.0	0.0	0.0	0.0	0.0	0.0	0.0	0.0	0.0	0.0	0.0	0.0	0.0	0.0	0.0
MDTA	0.0	0.0	0.0	0.0	0.0	0.000381324169482	0.0	0.0	0.0	0.000981511665047	0.0	0.0	0.00277938172343	0.0	0.0	0.00567533291059	0.000214323131033	0.0	0.0	0.0	0.0	0.0	0.0	0.0515015285021	0.0	0.0	0.0	0.0	0.0	0.0	0.0	0.0	0.000841302550198	0.0	0.0	0.0	0.0	0.0	0.0	0.0	0.0	0.0	0.0	0.0	0.0	0.0	0.0	0.00146865393047	0.0	0.0	0.0	0.0	0.0	0.0	0.0	0.0	0.000429580131919	0.0	0.0	0.0	0.0	0.0	0.0	0.0
MDTB	0.0	0.000152601471453	0.00103469703319	0.00285905954511	0.0	0.000152163009937	0.0	8.66643427066e-05	0.0	0.00281995851458	0.000586923732704	0.0149585588054	0.00920536571765	0.0312266243938	0.0323113964268	0.00226467611336	0.000427615862398	0.0	0.0	0.0059350132626	0.000547266723737	0.0	0.0	0.0205510907003	0.0	0.00061960763952	0.0	0.000365158941039	0.0	0.0	0.000158906298549	0.0	0.00134284830128	0.0	0.0011507923752	0.0	0.0	0.0	3.99385971958e-05	0.00880761030015	0.0	9.98566304245e-05	0.00315085372294	0.0	0.00240650697977	0.0	0.0	0.000879074107421	0.0	0.0	0.0	0.00135423956422	0.000914899054434	0.0	0.0	0.0	0.000257128492423	0.0	0.00193660067078	0.0	0.0	0.00416618177586	0.000350183895453	0.0
MDTC	0.0	0.0	0.00131229867625	0.00116035977636	0.0	0.0	0.0	0.0	0.00199297171288	0.000715306550039	0.0	0.00447859609495	0.00376979067415	0.0126938588298	0.0111807544607	0.0	0.0	0.0	0.0	0.0	0.000138818876265	0.0	0.0	0.0	0.0	0.000471506301293	0.0	0.0	0.0	0.0	0.0	0.0	0.000510937402438	0.0	0.00140115988707	0.0	3.47547930427e-05	0.0	0.0	0.00297883405273	0.0	0.0	0.00106565459247	0.0	0.000813908051693	0.000387537634045	0.00139847164237	0.000594625737702	0.0058948235052	0.0	0.0	0.0	0.0	0.0	0.0	0.0	0.0	0.0	0.000151149320646	0.0	0.000486615524462	0.0	0.0	0.0040494874514
MDTD	0.0	0.000168477208399	0.0	0.00252519908867	0.0	0.0	0.0	0.0	0.0	0.00397814388232	0.0	0.0	0.00514274134176	0.0	0.0	0.0	0.00151072780261	0.0	0.0	0.0	0.00120840210762	0.0	0.0	0.0	0.0	0.0	0.0	0.0	0.0	0.0	0.0	0.0	0.00259446274769	0.0	0.00177871942493	0.0	0.0	0.0	0.0	0.0	0.0	0.0	0.0	0.0	0.0	0.0	0.00304338308585	0.000647018451322	0.0	0.0	0.0	0.0	0.0	0.0	9.2181787119e-05	0.0	0.00132476675502	0.0	0.0	0.0	0.0	0.0	0.0	0.0
MDTE	0.0	0.0	0.0	0.0	0.0	0.0	0.0	0.0	0.0	0.00148119033089	0.0	0.0	0.00209716984586	0.0	0.0	0.0	0.0	0.0	0.0	0.0	0.000369582722524	0.0	0.0	0.0	0.0	0.0	0.0	0.0	0.0	0.0	0.0	0.0	0.000906858593071	0.0	0.0	0.0	0.0	0.0	0.0	0.0	0.0	0.000809227758245	0.00283713235658	0.0	0.0	0.0	0.0	0.0	0.0	0.0	0.0	0.0	0.00741424688269	0.000594831364062	0.0	0.00425326531673	0.00277832345059	0.0	0.000804821057986	0.0	0.0	0.0	0.000315317100668	0.0
MDTF	0.0	0.0	0.00012971129635	0.000573466138266	0.0	0.0	0.0	0.0	0.0	0.000157117585726	0.0	0.00319711202	0.00177966197142	0.0	0.0	0.0	0.000171541175273	0.0	0.0	0.0	0.0	0.0	0.0	0.0	0.0	0.0	0.0	0.0	0.0	0.0	0.0	0.0	0.0	0.00711807454095	0.000461648628816	0.0	3.43526160741e-05	0.0	0.0	0.0	0.0	0.000100145511708	0.00105332300606	0.0	0.0	0.0	0.0	0.0	0.00291330476993	0.000413651461092	0.0	0.0	0.00183509164245	0.000220839031016	8.37369753772e-05	0.0	0.00171914903323	0.0	0.000747001223058	0.0	0.0	0.0	0.000468262618157	0.0
MDTG	0.044342602341	0.00631663802235	0.0244260568284	0.00443794317449	0.0369285946662	0.00944773315432	0.122132196162	0.21456539057	0.0	0.0127669763595	0.101733447002	0.000634405886861	0.026540675599	0.0	0.000724783286254	0.0175765907306	0.0112839529063	0.0	0.0	0.00767713158346	0.0325637314224	0.000392282767938	0.0	0.0	0.0	0.0228422517853	0.0	0.0179491061565	0.047941369823	0.0	0.00698871482174	0.0531670008168	0.0303978098051	0.0	0.0306648953311	0.0769469046129	0.00558281283765	0.0	0.000619942404234	0.0	0.0	0.00800840240021	0.0	0.0	0.00415052613426	0.00296437369325	0.0	0.00758073857145	0.0	0.0384140207599	0.00691687195092	0.0280280427222	0.0142014181584	0.0210780417439	0.00216008068324	0.0	0.00376951222722	0.0450910006927	0.0439348211878	0.0	0.0198519766199	0.0107781817087	0.00966344945331	0.0
MDTH	0.0	0.000197394938198	0.0	0.00739657195749	0.0	0.000393655548097	0.020355366027	0.0	0.0	0.00871396799142	0.00151840965675	0.0	0.00875124979212	0.0	0.000120797214376	0.00585886357685	0.0024337937641	0.0	0.0	0.0	0.0	0.0	0.0	0.0	0.0	0.0	0.0	0.0	0.0	0.0	0.0	0.0	0.00260552655472	0.0	0.000595434860798	0.0	8.86160767881e-05	0.0	0.0	0.0	0.0	0.000258335561297	0.0	0.00279826320088	0.00103763153356	0.0	0.0	0.00227422157144	0.0	0.000355685377407	0.0	0.0	0.0	0.00056967680389	0.0	0.0	0.0013304160802	0.0	0.0	0.038719446247	0.0	0.0	0.0	0.0
MDTK	0.0125356723918	0.00318080704211	0.00482422034464	0.0150553008957	0.0	0.00300473791775	0.0345268233876	0.00380299225379	0.0	0.0379828448775	0.0180287121269	0.006994525664	0.0131404946038	0.0	0.00020489654084	0.00993781923162	0.00281468668921	0.0	0.0	0.00651098501382	0.200826105331	0.000110898504016	0.0106003405137	0.0	0.0314697609001	0.00543790670971	0.0	0.0048071556795	0.0012320950434	0.0365455287873	0.00418386203773	0.0	0.00699754283577	0.0	0.00353492341411	0.00383875101196	0.000526087848273	0.0	8.7628989628e-05	0.0	0.0	0.00416279961432	0.0	0.0	0.00352006646829	0.00167605938775	0.0	0.00321461698916	0.0	0.0217193197545	0.00586620785711	0.00594265462781	0.0100368672638	0.0043482925664	0.0457075806852	0.0	0.0026327643106	0.0509889796863	0.0107861303183	0.0	0.00210456081255	0.0	0.000768335973147	0.00437840151654
MDTL	0.0	0.00060884474544	0.0	0.0	0.0	0.000809460513222	0.0	0.00115256926362	0.0	0.000416703162143	0.0	0.0	0.00117999326366	0.0	0.0	0.0120473818818	0.000682435545107	0.0	0.0	0.0	0.0	0.0	0.0	0.0	0.0	0.000412015310167	0.0	0.000242816687136	0.0	0.0	0.000422666369541	0.0	0.00401824171994	0.0	0.00214265178809	0.0	0.000455545560982	0.0	0.0	0.0	0.0	0.0	0.0	0.0	0.0	0.0	0.0	0.0	0.0	0.0010970756142	0.0	0.00450258678642	0.0	0.000585703517043	0.0	0.00209399890913	0.00227974110929	0.0	0.000792470862722	0.0	0.00127565450786	0.0	0.0	0.0
MDTM	0.0	0.0	0.0	0.0	0.0	0.0	0.0	0.0	0.0	0.000596088791699	0.0	0.0	0.0	0.0	0.0	0.0	0.0	0.0	0.0	0.0	0.000347047190663	0.0	0.0	0.0	0.0	0.0	0.0	0.000231564206513	0.0	0.0	0.0	0.0	0.00127734350609	0.0	0.0	0.0	8.68869826068e-05	0.0	0.0	0.0	0.0	0.0	0.0	0.0	0.0	0.0	0.0	0.0	0.0	0.0	0.0	0.0	0.0	0.000558561158936	0.0	0.0	0.000434818914015	0.0	0.0	0.0	0.0	0.0211357514483	0.0	0.0
MDTN	0.0	0.0	0.0	0.0	0.0	0.0	0.023856726364	0.0	0.0	0.0	0.0	0.0	0.0	0.0	0.0	0.0	0.0	0.0	0.0	0.0	0.0	0.0	0.0	0.0	0.0	0.0	0.0	0.0	0.0	0.0	0.0	0.0	0.0	0.0645607285624	0.0	0.0	0.0	0.0	0.0	0.0	0.0	0.0003027722905	0.0	0.0	0.00243223251599	0.0	0.0	0.0	0.0	0.0	0.0	0.0	0.0	0.0	0.0	0.0	0.00233889474157	0.0	0.0	0.0	0.0	0.0	0.0	0.0
MDTO	0.0	0.0	0.0	0.0	0.0	0.0	0.0	0.0	0.0	0.0	0.0	0.0	0.0	0.0	0.0	0.0	0.0	0.0	0.0	0.0	0.0	0.0	0.0	0.0	0.0	0.0	0.0	0.0	0.0	0.0	0.0	0.0	0.0	0.0	0.0	0.0	0.0	0.0	0.0	0.0	0.0	0.0	0.0	0.0	0.000610728955334	0.0	0.0	0.0	0.0	0.0	0.0	0.0	0.00139311129811	0.0	6.35689922885e-05	0.0	0.00208814939674	0.0	0.0	0.0	0.0	0.0	0.000177740971826	0.0
MDTP	0.0	0.0	0.000551273009489	0.0	0.0	0.0	0.0	0.0	0.0	0.0	0.0	0.0	0.0	0.0	0.0	0.0	0.0	0.0	0.0	0.0	0.0	0.0	0.0	0.0	0.0	0.0	0.0	0.0	0.0	0.0	0.0	0.0	0.0	0.0	0.0	0.0	0.0	0.0	0.0	0.00625677234437	0.0	0.0	0.0	0.0	0.0	0.0	0.0	0.0	0.0	0.0	0.0	0.0	0.0	0.00046928294091	0.0	0.0	0.00237457460215	0.0	0.000952426559399	0.0	0.0	0.0	0.0	0.0
MECA	0.0	0.0134234468003	0.00604089585248	0.00534147651541	0.00170949966097	0.00165830346159	0.0	0.00593676694948	0.0	0.0010975886434	0.00822396128459	0.0	8.63355849718e-05	0.0	0.000218085988828	0.0	0.00252984713802	0.0	0.0	0.0	0.00042601601249	0.00771176243798	0.0	0.0	0.0	0.000723493950338	0.0	0.00582723699323	0.0	0.0	0.00470058152593	0.0	0.0036586585454	0.0	0.00161248751974	0.0245151374506	0.00565285668277	0.0	0.0014301365942	0.0	0.0	0.00746233980657	0.0	0.00168398474065	0.0206066166531	0.00773044756534	0.0	0.00456206123611	0.0	0.00107025091106	0.0	0.0	0.00284878747488	0.0071994185306	0.0100744481566	0.0012256790022	0.00613823706462	0.0	0.000231928224045	0.0	0.00746678012835	0.00324313551415	0.00236251809707	0.0
MECI	0.0	0.0103223109146	0.00656149338123	0.0	0.0	0.00257316309488	0.0	0.0117243468507	0.0	0.0	0.0	0.0	0.000468879437083	0.0	0.0	0.0	0.00433873655507	0.0	0.0	0.0	0.0	0.0	0.0	0.0	0.0	0.0	0.0	0.00231564206513	0.0	0.0	0.0	0.0	0.00283854112465	0.0	0.00583816619612	0.0147932356071	0.00434434913034	0.0	0.000337692203932	0.0	0.0	0.009287478472	0.0	0.0	0.0169564177436	0.00322948028371	0.0	0.00991042896171	0.0	0.0	0.0226063619859	0.0	0.0	0.00186187052979	0.00247092156204	0.0	0.0	0.0	0.0	0.0	0.0	0.0	0.000986968160628	0.0
MECR1	0.0	0.0261283495025	0.00697158671756	0.00362612430111	0.0	0.00385974464231	0.0	0.0060453663449	0.00622803660276	0.00124185164937	0.0241927099578	0.0	0.000527489366718	0.0	0.000296100488897	0.0	0.00515224965914	0.0	0.0	0.00940916736754	0.0	0.00913492616315	0.0	0.0	0.0	0.00147345719154	0.0	0.00839420248608	0.0	0.0	0.0095731355467	0.0	0.00638671753047	0.0	0.00474351003435	0.0221898534106	0.00988339427153	0.0	0.00164624949417	0.0	0.0	0.006965608854	0.0	0.00342957867913	0.0470540592385	0.00242211021278	0.0	0.0102201298668	0.0	0.000435931468651	0.0	0.0	0.00290089944089	0.0111712231787	0.0135018213926	0.0	0.00625052188897	0.0	0.00425107464317	0.0	0.00304134702789	0.0	0.00481146978306	0.0379639448568
MEFA	0.1467137954	0.0131274944826	0.0315518724937	0.00587342602846	0.00281961919389	0.0125036665944	0.0	0.225438563774	0.0	0.0281609025873	0.257724732405	0.0	0.0398721180571	0.0	0.000599512100976	0.029077322937	0.00966306264857	0.0	0.040876329123	0.0533418475947	0.0519970951344	0.000259584646438	0.0	0.0	0.0	0.0298329604213	0.11049382716	0.0236767254116	0.139874730631	0.0	0.00612083520335	0.0	0.0250001881275	0.0182257859234	0.0274826267973	0.0898552088726	0.0137217071791	0.0	0.00892257845501	0.0226170733633	0.0955622288956	0.00897476875914	0.0	0.0	0.017509071359	0.02452012808	0.0	0.00677212645717	0.149189977601	0.0985011371831	0.0137312717248	0.0312979810398	0.0211443337025	0.02374919298	0.148263137918	0.0	0.00528224458508	0.149189977601	0.100225061875	0.0	0.00615778904412	0.0374442016399	0.026677383838	0.0
MEFE	0.0	0.000196905124456	0.000667546473028	0.0	0.0	0.000392678735322	0.0	0.000447299833325	0.0	0.0	0.0	0.0	0.000286214246954	0.0	0.0	0.0	0.000220704961238	0.0	0.0	0.0	0.0	0.0	0.0	0.0	0.0	0.0	0.0	0.000942345654294	0.0	0.0	0.0	0.0	0.00086635374276	0.0	0.0	0.0406355131936	0.00353584743115	0.0	0.0	0.0	0.0	0.00103077812051	0.0	0.0	0.0	0.0	0.0	0.0	0.0	0.00141921113367	0.0	0.0	0.0	0.0	0.0	0.0	0.0	0.0	0.0034599317195	0.0	0.0	0.0	0.0	0.0
MEL	0.0488041783466	0.0177606804969	0.0364587291368	0.0061055891723	0.00234485785118	0.00649895401786	0.0	0.238745137937	0.0125839589674	0.0279357971031	0.290786361862	0.000523677959996	0.0395533984276	0.0	0.000997135116613	0.0145088079542	0.0157067608759	0.0	0.0	0.0190115414572	0.0575585248251	0.0010793817434	0.0068782496968	0.0	0.030629705681	0.0281177183437	0.0	0.0317770758136	0.105530078953	0.0118566602636	0.0064476149062	0.0438873394833	0.0293937636378	0.0909418065581	0.033176847942	0.0896707012568	0.0160196759102	0.0426152426867	0.00238811488777	0.0188088597785	0.0	0.0106623096141	0.0	0.0	0.00942177955117	0.0203914822842	0.0	0.00500608937285	0.0124069693898	0.0942471303312	0.0	0.0477181743779	0.013676519746	0.0324470127029	0.135245445932	0.00504365651009	0.00439283173913	0.359802112304	0.110072087407	0.0159807160075	0.00921771707016	0.0177939591248	0.0236811559691	0.0
MEPA	0.0	0.0297102770014	0.0267746246504	0.0112736376376	0.0432965222189	0.0494998530905	0.0387813134733	0.0260568052195	0.0	0.00347483039711	0.0520720960958	0.0	0.0235061928221	0.0	0.00345216683737	0.0446495385383	0.0746118748344	0.0	0.0392296523573	0.0	0.00944099940476	0.0	0.0158753914803	0.0	0.0706951026856	0.0122159610446	0.0	0.0206981086959	0.0138391718145	0.0	0.204424292313	0.0	0.0173742931872	0.0	0.0260918991609	0.120729628983	0.348976830094	0.0	0.0131892011972	0.0144706393557	0.0	0.114678951111	0.0103535161828	0.0	0.0909378308942	0.111072693928	0.0	0.0505502330333	0.0143179954806	0.0291392295443	0.0	0.0216935058155	0.144302561761	0.0933405993559	0.00185193647203	0.0116410460683	0.0925175125342	0.0	0.0234961977118	0.221306408407	0.0260027963901	0.225882083014	0.0115068325836	0.00983584037365
MEPR	0.0	0.000570883202559	0.0	0.0	0.0	0.00341545748924	0.0	0.0012968477182	0.0	0.000586082505028	0.0	0.0	0.00788324636304	0.0	0.00139742389004	0.0	0.0313543947451	0.0	0.0	0.0	0.00409465750134	0.0	0.0120493079221	0.0	0.0	0.0	0.0	0.0	0.0	0.0	0.0	0.0	0.0	0.0	0.00774922059845	0.0	0.0	0.0	0.0	0.0658986669939	0.0	0.000747128745622	0.0	0.0	0.0	0.0	0.0	0.00438483008018	0.0	0.00411469127244	0.0	0.0202648798099	0.0273811515572	0.0115328814831	0.000312356990885	0.0	0.00448895785333	0.0	0.00111459031412	0.0	0.0	0.0935142959762	0.0	0.0
METALLO-BETA-LACTAMASE	0.0	0.0	0.0	0.0	0.0	0.0	0.0	0.0	0.0	0.0	0.0	0.0	0.0	0.0	0.0	0.0	0.0	0.0	0.0	0.0	0.0	0.000181261692772	0.0	0.0	0.0514367816092	0.001111020595	0.0	0.0	0.0	0.0	0.00113974172752	0.0	0.000601966479883	0.0	0.00247618773146	0.0	0.000491360867156	0.0	0.000429684218107	0.0	0.0	0.0	0.0	0.0	0.0	0.0	0.0	0.0	0.0	0.0	0.0	0.0012141458162	0.0	0.0	0.0	0.0	0.0	0.0	0.0	0.0	0.0	0.0	0.0	0.0
MEXA	0.0	0.000207187376386	0.000702405296685	0.00155270074512	0.0	0.0	0.0	0.000470657526971	0.0	0.000638110716963	0.0	0.0625925056207	0.0326758774287	0.0	0.0	0.0	0.000464460048976	0.0	0.0	0.0	0.0	0.0	0.0	0.0	0.0	0.0	0.0	0.000247888576162	0.0	0.0	0.0	0.0	0.0	0.0	0.00999957447691	0.0	0.000186024349184	0.0	0.0	0.0	0.0	0.0	0.0	0.0	0.0	0.0	0.0	0.000795680654236	0.0	0.0	0.0	0.00183865423863	0.0	0.0	0.0	0.0	0.0	0.0	0.000809023778915	0.0	0.0	0.0	0.0	0.0
MEXB	0.0	0.00280693337549	0.00192892850356	0.00852797875787	0.0	0.00136161163768	0.0156459983611	0.00180951170623	0.0	0.00210283713324	0.00175067117212	0.196515411294	0.102387400673	0.00466879762066	0.00417824399246	0.0135101137164	0.00144555419641	0.0	0.0	0.0	0.000272063763235	0.000301525186828	0.0	0.0204332068149	0.0	0.0021561871968	0.0	0.000544596508624	0.00390830913384	0.0	0.00189593748173	0.0408664136297	0.00333786384639	0.0282273166309	0.0275750096481	0.0	0.000817368937716	0.0	0.000119128511712	0.0	0.0	0.000595703034272	0.00417703998962	0.00107543193762	0.00119635146222	0.0	0.00137039525185	0.00349612646928	0.00866471428226	0.00533120014052	0.0132915034621	0.00437603224385	0.00363860427002	0.00197044997751	4.15082425746e-05	0.0	0.000511307135984	0.0	0.000740573870278	0.0	0.00143053799017	0.00414228398365	0.000580291987367	0.00396818799013
MEXC	0.0	0.0	0.0	0.00153665215861	0.0	0.0	0.0	0.0	0.0	0.0	0.0	0.00131799052464	0.00238437915292	0.0	0.0	0.0	0.0	0.0	0.0	0.0	0.0	0.0	0.0	0.0	0.0	0.0	0.0	0.0	0.0	0.0	0.0	0.0	0.0	0.0	0.000309256865686	0.0	0.0	0.0536269333034	0.0	0.0	0.0	0.0	0.0	0.0	0.0	0.0	0.0	0.0	0.0	0.0	0.0	0.0	0.0	0.0	0.0	0.0	0.0	0.0	0.0	0.0	0.0	0.0	0.0	0.0
MEXD	0.0	0.000380406352616	0.000773790686377	0.0	0.00109486651345	0.0	0.0	8.64150684707e-05	0.00195857718668	0.000468641236043	0.0	0.0141819824142	0.00729887491896	0.0128761230641	0.0117792919322	0.00451632436797	8.52771806125e-05	0.0	0.0	0.0	0.000682115763047	5.03987448742e-05	0.0	0.0	0.0143016938319	0.00015445636268	0.0	9.10271569225e-05	0.0	0.00553613954783	0.000158449233452	0.0	0.000167373230265	0.0	0.00229496466003	0.0	6.83099959133e-05	0.0	0.0	0.00292742560312	0.0	9.95694109698e-05	0.0	0.0	0.0	0.0	0.0	0.00116872748062	0.0	0.000274181249698	0.00266594681138	0.00236310259529	0.00091226751353	0.000219568624318	0.000208138167464	0.0	0.0	0.0	0.000445622397878	0.0149235066072	0.000478217557597	0.0	0.000116392218367	0.0
MEXE	0.0	0.00159904816435	0.0010164530049	0.0104856188858	0.00287643771669	0.000398613426536	0.0	0.000681090048475	0.0	0.00328324305084	0.00153753320406	0.115631259379	0.0733613255274	0.0	0.0	0.00593265279067	0.00156828386814	0.0	0.0	0.0	0.00107523436906	0.000264815571304	0.0	0.0	0.0	0.00121736513558	0.0	0.000239146913527	0.0	0.0	0.000416278464712	0.0	0.000879447250207	0.0	0.0247202956566	0.0	0.000628125037989	0.0	0.00125550048616	0.0	0.0	0.00130794578894	0.00275137520727	0.0	0.00210139988158	0.0	0.0	0.00307048554733	0.0	0.00684313580008	0.00700398620723	0.00354763009267	0.00239671288819	0.00173055472416	0.0	0.0	0.0	0.0	0.000780493973109	0.0	0.00125637509464	0.0	0.0	0.0
MEXF	0.0223800704847	0.00156912247483	0.00303978789413	0.00447973171663	0.0	0.000447032571567	0.0077051385526	0.00161251168727	0.00192353672854	0.00122735168661	0.0034485914238	0.224773231508	0.117570856589	0.149154267253	0.142846459585	0.0133065715135	0.000418757530032	0.0	0.0	0.0	0.000535929748293	0.000148491217242	0.00315415028469	0.0	0.0140458254865	0.0036406324582	0.0	0.000804587497205	0.0	0.0	0.00171175899755	0.0201253618911	0.00230130311518	0.0278020463238	0.0435003852259	0.00171334084715	0.000805054528108	0.0	0.000234667463749	0.0172503101924	0.145772891536	0.000782304298617	0.00822821813397	0.00211845914643	0.00117832733473	0.000374035852068	0.0026994979914	0.00344345413076	0.00284472414917	0.00592407057963	0.0366555135026	0.0049731961398	0.00627162440328	0.00172512297675	0.000122648648963	0.00308381760253	0.000167867942322	0.0	0.00116706631761	0.0	0.00187864750499	0.00815975338399	0.000228619743422	0.00390840361364
MEXG	0.0	0.0	0.0	0.0	0.0	0.0	0.0	0.0	0.0138026757142	0.0	0.0	0.0	0.0	0.0	0.0	0.0	0.0	0.0	0.0	0.0	0.0	0.0	0.0	0.0	0.0	0.0	0.0	0.0	0.0	0.0	0.0	0.0	0.0	0.0	0.0	0.0	0.0	0.0	0.0	0.0	0.0	0.0	0.0	0.0	0.0	0.0	0.0	0.0	0.0	0.0	0.0	0.0	0.0	0.0	0.0	0.0	0.0	0.0	0.0	0.0	0.0	0.0	0.0	0.0
MEXH	0.0	0.0	0.0	0.0	0.0	0.0	0.0	0.0	0.0	0.0	0.0	0.0	0.0	0.0	0.0	0.0	0.0	0.0	0.0	0.0	0.0	0.0	0.0	0.0	0.0	0.0	0.0	0.0	0.0	0.0	0.0	0.0	0.0	0.0	0.0	0.0	0.0	0.0	0.0	0.0	0.0	0.0	0.0	0.0	0.0	0.0	0.0	0.0	0.0	0.0	0.0	0.0	0.0	0.0	0.0	0.00233263126345	0.0	0.0	0.0	0.0	0.0	0.0	0.0	0.0
MEXI	0.0	0.0	0.000261439483606	0.000577924572772	0.0	0.000153789631035	0.0	0.0	0.0	0.0	0.0	0.0	0.000280234065895	3.38995023686e-05	0.0	0.0	0.0	0.0	0.0	0.0	0.0	0.0	0.00162765189618	0.0	0.0	0.0	0.0	9.22656216425e-05	0.0	0.0	0.0	0.0	0.000169650417071	0.0	0.0	0.00176828763816	0.0	0.0201687300179	0.0	0.0	0.0	0.000201848193667	0.0	0.0	0.0	0.0	0.0	0.000296157133695	0.0	0.0	0.00270221819657	0.000342179093001	0.0	0.0	0.0	0.0	0.0	0.0	0.0	0.0	0.0	0.0	0.0	0.0
MEXJ	0.0	0.000216220068544	0.0	0.0	0.0	0.0	0.0	0.000245588328106	0.0	0.0	0.0	0.0486435467474	0.0246717460749	0.0	0.0	0.0	0.0	0.0	0.0	0.0	0.0	0.0	0.0	0.0	0.0	0.0	0.0	0.0	0.0	0.0	0.000450306677086	0.0	0.0	0.0	0.00684831211834	0.0	0.0	0.0	0.0	0.0	0.0	0.000848917403064	0.0	0.0	0.0	0.0	0.0	0.0	0.0	0.000779212652411	0.00757651913971	0.0	0.0	0.0	0.0	0.0	0.000242882499654	0.0	0.0	0.0	0.0	0.0	0.0	0.0
MEXK	0.0	0.000929007982311	0.00118106880862	0.000580179888178	0.0	0.00061755914277	0.0159665505226	0.00105519121656	0.0	0.000794785055599	0.0017865385815	0.205020176791	0.114106499808	3.40317931095e-05	4.73760782235e-05	0.00689345314506	0.000607423117709	0.0	0.0	0.0	0.0	5.12837960037e-05	0.0	0.0	0.0	0.00141451890388	0.0	0.000463128413025	0.00398838180878	0.0	0.00145108580918	0.0	0.00136249973983	0.0216042242897	0.0324602040504	0.0	0.000521321895641	0.040494874514	0.000202615322359	0.00595766810547	0.0377587343441	0.00111449741664	0.0	0.00219493035465	0.0	0.0	0.00139847164237	0.00416238016392	0.0058948235052	0.0030689575393	0.0217021075065	0.00103054327814	0.0	0.0017873957086	0.000127075966048	0.0	8.69637828031e-05	0.0	0.00136034388581	0.0	0.0	0.00422715028966	0.000355308537826	0.0020247437257
MEXL	0.0	0.0	0.0	0.0	0.0	0.0	0.0	0.0	0.0	0.0	0.0	0.00240595440112	0.00272038541326	0.0	0.0	0.0	0.00041954763858	0.0	0.0	0.0	0.0	0.0	0.0	0.0	0.0	0.0	0.0	0.0	0.0	0.0	0.0	0.10081667136	0.0	0.0	0.00225815862303	0.0	0.0	0.0	0.0	0.0	0.0	0.0	0.0	0.0	0.0	0.0	0.0	0.0	0.0	0.0	0.0	0.0	0.0	0.0	0.0	0.0	0.0	0.0	0.0	0.0	0.0	0.0	0.0	0.0
MEXM	0.0	0.0	0.0	0.0	0.0	0.0	0.0	0.0	0.0	0.0	0.0	0.0	0.0	0.0	0.0	0.0	0.0	0.0	0.0	0.0	0.0	0.0	0.0	0.0	0.0	0.0	0.0	0.0	0.0	0.0	0.0	0.0	0.0	0.0	0.0	0.0	0.0	0.0	0.0	0.0	0.0	0.0	0.0	0.0	0.0	0.0	0.0	0.0	0.0	0.0	0.0	0.0	0.0	0.0	0.0	0.00212663265837	0.0	0.0	0.0	0.0	0.0	0.0	0.0	0.0
MEXN	0.0	7.65953331619e-05	0.000259673000609	0.00057401967701	0.0	0.0	0.0	0.0	0.00197181081632	7.86346218136e-05	0.000589189847502	0.0654809751871	0.0411387395681	0.00296299974757	0.00393733623073	0.00454684007316	8.58533777788e-05	0.0	0.0	0.0	0.0	0.0	0.0	0.0	0.0	0.0	0.0	9.16422052801e-05	0.0	0.0	0.0	0.0	0.000168504130469	0.0	0.00854874335861	0.0	0.0	0.0	0.0	0.00294720550584	0.0	0.00030072653178	0.00105433972711	0.0	0.00120789925625	0.0	0.0	0.0	0.0	0.000414050738564	0.0	0.00101960121631	0.0	0.0	0.0	0.0	0.0	0.00583223368033	0.000149544453342	0.0	0.0	0.00209113370989	0.000234357304551	0.00801298192603
MEXQ	0.0	0.0	0.00102192299575	0.0	0.0	0.0	0.0155419888753	0.0	0.0019399772134	7.7365116998e-05	0.0	0.0	0.0	0.000265014913104	4.61163154597e-05	0.0	0.0	0.0	0.0	0.0	0.0	0.0	0.0	0.0	0.0	0.0	0.0	0.0	0.0	0.0	0.0	0.0	0.0	0.0	0.0	0.0	0.0	0.0	0.0	0.0	0.0	0.0	0.0	0.0	0.0	0.0	0.0	0.0	0.0	0.0	0.0	0.0	0.0	0.0	0.0	0.000777543754483	0.0	0.0	0.0	0.0	0.0	0.0	0.0	0.0
MEXS	0.0	0.0	0.0	0.0	0.0	0.0	0.0	0.0	0.0	0.0	0.0	0.0	0.0	0.0	0.0	0.0	0.0	0.0	0.0	0.0	0.0	0.0	0.0	0.0	0.0	0.0	0.0	0.0	0.0	0.0	0.0	0.063047593889	0.0	0.0	0.000353045448438	0.0	0.0	0.0	0.0	0.0	0.342501793829	0.0	0.0	0.0	0.0	0.0	0.0	0.0	0.0	0.0	0.0	0.0	0.0	0.0	0.0	0.00483040456325	0.0	0.0	0.000457014907558	0.0	0.0	0.0	0.0	0.0
MEXT	0.0	0.00208823066199	0.0035397530083	0.0	0.0150256022832	0.00104111533115	0.0	0.00711559866433	0.0	0.00241180662431	0.0	0.345634344097	0.180415244717	0.0	0.0	0.00774757617729	0.00146289637136	0.0	0.0	0.0	0.000468057066354	0.0	0.00550938750385	0.105459544383	0.0	0.00317956551859	0.0	0.000312306989047	0.0153687644887	0.0569821731749	0.0021745072433	0.140612725844	0.00401971037554	0.0	0.0433061341193	0.0	0.000585915507711	0.0	0.000136632043038	0.0	0.0	0.00273291830635	0.0	0.00370033489064	0.00274426234535	0.00391999416016	0.0	0.00100245292951	0.0	0.0075255537746	0.00914665304037	0.00926584964994	0.0093897534534	0.00225996784701	0.0	0.0	0.000293216701885	0.0	0.0	0.0	0.0	0.0	0.000399332512359	0.0
MEXV	0.0	0.0	0.0	0.0	0.0	0.0	0.0	0.0	0.0	0.0	0.0	0.0	0.000766917164377	0.0	0.000129150213242	0.0	0.0	0.0	0.0	0.0	0.0	0.0	0.0	0.0	0.0	0.000428452091157	0.0	0.0	0.0	0.0	0.0	0.0	0.0	0.0196314981356	0.0	0.0	9.47437842255e-05	0.0	0.0	0.0	0.0	0.0	0.0	0.0	0.0	0.0	0.0	0.0	0.0	0.0	0.0	0.0	0.0	0.0	0.0	0.0	0.0	0.0	0.0	0.0	0.0	0.0	0.0	0.0
MEXW	0.0	0.000233849013229	0.00171771904332	0.0	0.00336526259388	0.000155451405044	0.00803817008139	8.85372459871e-05	0.0	0.000160050035754	0.0	0.274571864935	0.149392450194	0.0	0.0	0.00462723606659	8.73714139282e-05	0.0	0.0	0.0	0.0	5.16364350724e-05	0.0	0.0	0.0146529142109	0.0018989939443	0.0439587426326	0.000186525195816	0.000573686690148	0.0	0.000162340422879	0.0	0.000171483574819	0.0435055597189	0.0510237373742	0.0	0.0	0.0	0.0	0.0	0.0	0.000714102425825	0.00214596455262	0.0	0.0	0.0	0.0014080878521	0.000898071779683	0.0	0.000140457290489	0.00273141701795	0.00103762952858	0.000934670939697	0.000224960781104	0.000597098923637	0.000804276594765	0.0	0.0	0.0	0.0	0.0	0.0	0.0	0.0
MEXX	0.0	0.000601157311786	0.00101901980542	0.0	0.0	0.0	0.0	0.00045520664856	0.0	0.00041144175858	0.0	0.0	0.00101945756396	0.0	0.0	0.0	0.000449212623126	0.0	0.0	0.00779345175897	0.0	0.0	0.0	0.0	0.0	0.0	0.0	0.000719252459622	0.0	0.0	0.0	0.0	0.00308583826809	0.0	0.0	0.0	0.0	0.0	0.0	0.0	0.0	0.000262249736468	0.0	0.0	0.00105335322347	0.0	0.0	0.0	0.0	0.0	0.0	0.000889147188631	0.0	0.000578308270616	0.000109640458922	0.0	0.00225095649932	0.0	0.000782464917486	0.0	0.0	0.0	0.0	0.0209632557459
MEXY	0.0	7.59356604361e-05	0.000128718291211	0.0	0.0	0.000151434957258	0.00783048530417	0.0	0.0	0.000311829543345	0.0	0.0148869867537	0.00805754730252	0.00030042420233	0.000325285513161	0.0	0.0	0.0	0.0	0.0	0.000136162055667	0.0	0.0	0.0	0.0142743221691	0.000308321504833	0.0	0.0	0.0	0.0	0.0	0.0204527601228	0.0	0.0	0.00263415824064	0.0	0.0	0.0198599264961	0.0	0.00292182287469	0.0	9.93788475038e-05	0.0	0.0010764610591	0.0	0.0	0.0	0.0	0.0	0.000136828250447	0.0	0.00134775994908	0.0	0.0	4.15479633809e-05	0.000783496242556	8.52994041849e-05	0.0	0.0	0.0	0.0	0.00207312394588	0.0	0.00198599264961
MGRB	0.0	0.0	0.0	0.0	0.0	0.0	0.0	0.0	0.0	0.0	0.0	0.0	0.0	0.0	0.0	0.0	0.0	0.0	0.0	0.0	0.0	0.0	0.0	0.0	0.0	0.0	0.0	0.0	0.0	0.0	0.0	0.0	0.0	0.0	0.0	0.0	0.0	0.0	0.0	0.0	0.0	0.0	0.0	0.0	0.0	0.0	0.0	0.0	0.0	0.0	0.0	0.0	0.040489149643	0.0	0.0	0.0	0.00189655058241	0.0	0.0	0.0	0.0	0.0	0.0	0.0
MGTA	0.0	0.0	0.0	0.0	0.0	0.0	0.0	0.0	0.0	0.0	0.0	0.0	0.0	0.0	0.0	0.0	0.0	0.0	0.0	0.0	0.0	0.0	0.0	0.0	0.0	0.0	0.0	0.0	0.0	0.0	0.0	0.0	0.0	0.0	0.0	0.0	0.0	0.0	0.0	0.0	0.0	0.0	0.0	0.0	0.0	0.0	0.0	0.0	0.0	0.0	0.00665211130209	0.0	0.0	0.0	0.0	0.0	0.0	0.0	0.0	0.0	0.0	0.0	0.0	0.0
MOX	0.0	0.0	0.0	0.0	0.0	0.0	0.0	0.0	0.0	0.0	0.0	0.0	0.0	0.0	0.0	0.0	0.0	0.0	0.0	0.0	0.0	0.0	0.0	0.0	0.0	0.0	0.0	0.0	0.0	0.0	0.0	0.0	0.0	0.0	0.0	0.0	0.0	0.0	0.0	0.0	0.0	0.0	0.0	0.0	0.0	0.0	0.0	0.0	0.0	0.0	0.0	0.0	0.0	0.0	0.0	0.0	0.0	0.0	0.0	0.0	0.0	0.0	0.0	0.0216748022855
MPHA	0.0	0.0	0.0	0.0	0.0	0.0	0.0	0.0	0.0	0.0	0.0	0.0	0.0	0.0	0.0	0.0	0.0	0.0	0.0	0.0	0.0	0.0	0.0	0.0	0.0	0.0	0.0	0.0	0.0	0.0	0.0	0.0	0.0	0.0	0.0	0.0	0.0	0.0	0.000275987648396	0.0	0.0	0.000345019586849	0.0	0.0	0.0	0.0	0.0	0.0	0.0	0.0	0.0	0.0	0.0	0.0	0.0	0.0	0.0	0.0	0.0	0.0	0.0	0.0	0.0	0.0
MPHC	0.0596178131809	0.199310791411	0.0706293192224	0.0159112879032	0.00381921663386	0.040753223531	0.054734830387	0.0729487684696	0.00683209366457	0.013895447753	0.146986117408	0.000852947045212	0.00405055379928	0.00034999252111	0.00649638530823	0.11815701461	0.120773593137	0.0563446783396	0.166102808978	0.0103217621958	0.00523472518357	0.000703222620786	0.0392106241076	0.0	0.0	0.0113145742869	0.0	0.0527098993152	0.0761756152919	0.0	0.255908230358	0.0714820546099	0.0379500606883	0.0246871013343	0.0252173633521	0.279933535334	0.407229697945	0.138820221996	0.0312562934576	0.081693776697	0.258880954533	0.165675174652	0.0	0.0112866402016	0.392016499313	0.0996386475492	0.0	0.0815373085144	0.202080069994	0.498297369999	0.0	0.0400383871161	0.168659651774	0.199139195795	0.0162634569702	0.0355979814552	0.195864834228	0.0	0.0725415635877	0.0520575832485	0.0333632717441	0.0	0.0604955367218	0.0138820221996
MPHD	0.0	0.0	0.0	0.0	0.0	0.0	0.0	0.0	0.0138965714674	0.0	0.0	0.000867452947341	0.0	0.0	0.0	0.0	0.0	0.0	0.0	0.0	0.0	0.0	0.0	0.0	0.0	0.0	0.0	0.0	0.0	0.0	0.0	0.0	0.0	0.0	0.0	0.0	0.000121168921322	0.0	0.0	0.0	0.0	0.0	0.0	0.0	0.0	0.0	0.0	0.0	0.0	0.0	0.0	0.0	0.0	0.0	0.0	0.0	0.0	0.0	0.00105393233784	0.0	0.0	0.0	0.0	0.0
MPHE	0.0	0.0	0.0	0.0	0.0	0.0	0.0	0.0	0.0	0.0	0.0	0.0	0.0	0.0	0.0	0.0	0.0	0.0	0.0	0.0	0.0	0.0	0.0	0.0	0.0	0.0	0.0	0.0	0.0	0.0	0.0	0.0	0.0	0.0	0.0	0.0	0.0	0.0	0.0	0.0	0.0	0.0	0.0	0.0	0.0	0.0	0.0175881402875	0.0	0.0	0.0	0.0	0.0	0.0	0.0	0.0	0.0	0.0	0.0	0.0	0.0	0.0	0.0	0.0	0.0
MRX	0.0	0.0	0.0	0.0	0.0	0.0	0.0	0.0	0.0	0.0	0.0	0.0	0.0	0.0	0.0	0.0	0.0	0.0	0.0	0.0	0.0	0.0	0.0	0.0	0.0	0.0	0.0	0.000230440108423	0.0	0.0	0.0	0.0	0.0	0.0	0.0	0.0	0.0	0.0	0.000201631752833	0.0	0.0	0.0	0.0	0.0	0.0	0.0	0.0	0.0	0.0	0.0	0.0	0.0	0.0	0.0	0.0	0.0	0.0	0.0	0.0	0.0	0.0	0.0	0.0	0.0
MSBA	0.0	0.00177248444506	0.000693353682037	0.00817435581281	0.0	0.00135953204755	0.0281197839961	0.00944671117063	0.0	0.0114779525641	0.0041951936908	0.0315502474043	0.0290342715344	0.0123467579297	0.0123487131727	0.0	0.00168107404324	0.115787345866	0.0711121705103	0.0	0.00293380099323	0.0	0.0	0.0	0.0	0.00332160796444	0.0	0.000652517695328	0.0130449650471	0.0	0.000851868816961	0.0	0.00419928506585	0.0	0.00329023799369	0.0	0.000367254256379	0.0	0.000142735880013	0.0	0.0	0.000356875930039	0.0	0.0	0.00143342912884	0.0	0.0	0.00314170815023	0.0	0.00171975713406	0.0	0.00181496024071	0.0	0.0	0.0142487384038	0.0	0.00260368370334	0.0103817767918	0.00585638690819	0.0	0.000857011877275	0.0	0.000417172109131	0.0142636585487
MSRA	0.0243520848922	0.2164314148	0.113837876459	0.0194978487011	0.0327607394044	0.0677749013114	0.0335362997658	0.0988115579549	0.0125581721662	0.0153582440047	0.215141223988	0.0	0.0111089837122	0.000142961425972	0.00806024363628	0.0675690250216	0.133051624071	0.0	0.2544300199	0.00632419446015	0.00408207146394	0.0689388733164	0.0480490844598	0.0	0.0	0.011884277676	0.183401639344	0.0657585404478	0.0514601663413	0.0473294553146	0.288870810591	0.0437974064106	0.0504393634476	0.136133175596	0.0448809026327	0.376590913825	0.471210540611	0.0850558327394	0.0357483181458	0.0938515851655	0.237926451041	0.213022021592	0.0	0.0138307599191	0.468414090816	0.125354130193	0.0029373635931	0.116777549461	0.222867814899	0.517736509989	0.00569791500875	0.077202755485	0.17938020805	0.1961602693	0.10204920518	0.0402665691871	0.201838841183	0.0	0.0742892716331	0.11163578047	0.0643917981397	0.00443937402346	0.0843311708887	0.161606082205
MSRC	0.0	0.0	0.0	0.0	0.0	0.0	0.0	0.0	0.0	0.0	0.0	0.0	0.0	0.0	0.0	0.0	0.0	0.0	0.0	0.0	0.0	0.0	0.0	0.0	0.0	0.0	0.0	0.0	0.0	0.0	0.0	0.0	0.000709635281163	0.0	0.0	0.0	0.0	0.0	0.0	0.0	0.0	0.0	0.0	0.0	0.0	0.0	0.0	0.0	0.0	0.0	0.0	0.0	0.0	0.0	0.0	0.0	0.0	0.0	0.0	0.0	0.0	0.0	0.0	0.0
MSRE	0.0	0.000808072964926	0.00136976185657	0.0	0.0	0.0	0.0	0.00385488644544	0.0	0.000663669802028	0.00621589289218	0.0	0.00093966877004	0.0	9.89011816274e-05	0.0	0.000543446635716	0.0	0.0	0.0	0.0014489750323	0.0	0.0	0.0	0.0	0.0	0.0	0.000966815933505	0.00118943594821	0.0	0.0	0.0	0.0	0.0	0.00268127592103	0.0	7.25532848652e-05	0.0	0.000761354928214	0.0	0.0	0.0	0.0	0.0	0.0	0.0	0.0	0.0	0.0	0.00262091587669	0.0	0.0	0.0	0.0	0.00477505412136	0.0	0.000363087076876	0.0	0.0015776787542	0.0	0.0	0.0	0.000741733709311	0.0
MTRA	0.0	0.0229705372819	0.00648954718188	0.0547735618115	0.0	0.00763484576177	0.0358897243108	0.012649953181	0.0	0.00428765622099	0.00803158792121	0.00111855774789	0.00252948117374	0.0	0.00149089193532	0.0	0.0117031709709	0.0	0.0	0.0	0.00124815217694	0.00207496937778	0.0293834000205	0.0	0.196271929825	0.0522861885279	0.0	0.00791177705585	0.0	0.0759762308998	0.0231947439285	0.0	0.0061252729532	0.0323747513113	0.0157476851343	0.023941683943	0.0290614091824	0.0	0.00546528172153	0.0	0.0	0.025507237526	0.0766523478796	0.0	0.0384196728349	0.0139377570139	0.194896651037	0.00935622734214	0.0	0.00438990636852	0.0	0.00772154137495	0.0166928950283	0.0160708824676	0.00609370129587	0.0	0.0308854925986	0.0	0.00611558106561	0.0	0.00437527116293	0.114021817024	0.00692176354756	0.0091024663107
MTRC	0.0	0.000963018994608	0.000979446220742	0.0	0.0	0.0023046048107	0.0	0.000437528720461	0.0	0.022343684239	0.00740777526714	0.0	0.00167977196392	0.0	0.0	0.0	0.000431767472713	0.0	0.0	0.00749079343823	0.139871810703	0.0	0.0	0.0	0.0	0.00156405811918	0.0	0.00184352086738	0.0	0.0	0.00160449078146	0.0	0.00127114280946	0.0	0.00145245639588	0.0	0.000345860804551	0.0	0.0	0.0	0.0	0.00100826112273	0.0	0.0	0.00101244630217	0.000964140958485	0.0	0.0	0.00733275982139	0.0180467163333	0.0202469601282	0.000854617200723	0.00461890784763	0.001111699394	0.0270833222947	0.0	0.000432708142588	0.0146655196428	0.0041364286172	0.0	0.0	0.0	0.000883959347747	0.0
MTRD	0.0	0.00052058983701	0.00264735042232	0.00278671220891	0.00107023971277	0.00237300139209	0.0	0.00101365604215	0.00191452296692	0.0389385086986	0.0194504434755	0.0	0.00194582769204	0.00640767313561	0.00650810559101	0.0	0.00116702660853	0.0	0.0	0.0	0.19509776605	0.0	0.0	0.0200310537285	0.0	0.0093608951725	0.0	0.00231347182889	0.00218936476315	0.0	0.00123908191558	0.0	0.00294495316307	0.0	0.0025798456996	0.0	0.000667735011599	0.0	3.89279672762e-05	0.00572315820816	0.0	0.00194659598203	0.00102370755134	0.0	0.00312748173565	0.000372283106744	0.0	0.0	0.00849418101147	0.0341717975988	0.00260598174721	0.00956979036011	0.0017834958137	0.00364870785172	0.0542415086881	0.0	0.000668325228665	0.0509650860688	0.0107447759803	0.00729391630333	0.000934922047936	0.0	0.00147906475056	0.0
MTRE	0.0	0.000339840535999	0.00201621905826	0.00382024230438	0.0	0.00169432045326	0.0	0.000385999642034	0.0	0.0226777534601	0.0104565427325	0.0	0.0013584451357	0.0	0.0001039838976	0.00504339005973	0.00114275074148	0.0	0.0	0.0	0.123093997134	0.000112560794226	0.0	0.0	0.0	0.00275970854433	0.0	0.00121980288655	0.00125056327745	0.0	0.0	0.0	0.00112143648287	0.0	0.00358790941817	0.0	0.000305127733352	0.0	0.0	0.0	0.0	0.000444757583047	0.0	0.0	0.00178641488862	0.0	0.0	0.0	0.0	0.0226572347047	0.0	0.00678569717405	0.0	0.00245192799961	0.0333767156363	0.0	0.00095436699543	0.0	0.00630328269718	0.0	0.0	0.0	0.000259950928816	0.0
MTRR	0.0	0.00220424347655	0.00149456238128	0.0	0.0	0.00175832811483	0.0	0.000500727313416	0.0	0.021724124853	0.00339111490007	0.0	0.00288360853806	0.0	0.000269780445439	0.0	0.00148240165631	0.0	0.0459858702633	0.0	0.122526938703	0.0	0.0	0.0	0.0	0.00268496643792	0.0	0.00210980721489	0.0	0.0	0.0	0.0	0.000969834884256	0.0	0.000664902261225	0.0	0.00039581847632	0.0	0.0	0.0	0.0	0.00057694942023	0.0	0.0	0.0	0.0022068115272	0.0	0.0	0.0	0.0238309202862	0.0	0.00195612381499	0.00528608342562	0.0	0.0318395892709	0.0	0.000495210429851	0.0	0.00774640268311	0.0	0.00277100506986	0.0	0.0	0.0
MULTIDRUG_ABC_TRANSPORTER	0.0411204755273	0.0966511188056	0.0823819333349	0.0545298830887	0.118541083757	0.150035886892	0.0849431537321	0.0787475999819	0.00706849828964	0.0248060941228	0.103493541241	0.0026473823514	0.0215522299038	0.0464095330861	0.0520890963858	0.11817064287	0.16280771132	0.0582943211887	0.143208592516	0.0320367497912	0.0182169753715	0.0307392234005	0.0927254699609	0.0	0.0258073817762	0.0738598033961	0.0774221453287	0.209757909349	0.0697178209159	0.139859359303	0.227593408634	0.0	0.12111190648	0.076623978882	0.0919359666386	0.226658987087	0.237532174215	0.107717767414	0.0510219034073	0.0845205509772	0.0669596932573	0.21093590222	0.0491344202239	0.0175157720775	0.204233891086	0.203423733857	0.0446397955048	0.147627670174	0.0522681149899	0.0974676393714	0.0144320892263	0.0944218934916	0.115232960489	0.17274808438	0.047549056327	0.0269140448027	0.187374603821	0.0731753609858	0.0715671112938	0.148111930194	0.056954221851	0.0862068062964	0.0619587192186	0.028724737977
MUXA	0.0	0.00018627409661	0.0	0.0	0.0	0.0	0.0	0.000423149842323	0.0	0.0	0.0	0.0101773000723	0.00555060798406	8.18840092424e-05	0.0	0.0	0.0	0.0	0.0	0.0	0.0	0.0	0.0	0.0	0.0	0.000756328574062	0.0	0.0	0.0	0.0	0.0	0.0	0.000409789387714	0.0	0.000842833852257	0.0	0.0	0.0	0.0	0.0	0.0	0.0	0.0	0.0	0.0	0.000932455574873	0.0	0.000715365470827	0.0	0.0	0.0	0.0	0.0	0.000537582336066	0.0	0.0	0.0	0.0	0.000363680877141	0.0	0.0	0.0	0.0	0.0
MUXB	0.0	0.0	0.00206344183034	0.00228066878382	0.0	0.000303450681371	0.0156910012327	8.64150684707e-05	0.0	0.000781068726739	0.000585235553223	0.04425756581	0.0224495698265	0.0139129018043	0.0125707858565	0.0	8.52771806125e-05	0.0	0.0	0.0	0.000272846305219	5.03987448742e-05	0.0	0.0	0.0	0.00030891272536	0.0	9.10271569225e-05	0.0	0.0	0.000633796933808	0.0	0.000502119690794	0.0566170147572	0.00883561394111	0.00174455223362	0.00010246499387	0.0	3.98237210773e-05	0.0	0.0	0.000497847054849	0.00104726362156	0.0	0.00119979254984	0.0	0.0	0.000292181870156	0.00579309117241	0.000411271874547	0.0	0.000337586085041	0.0	0.000658705872955	0.0	0.0	0.0	0.0	0.00237665278868	0.0	0.0	0.0	0.000116392218367	0.0
MUXC	0.0	0.0	0.0	0.0	0.0	0.000152750511906	0.00789851075565	0.0	0.0	0.000157269243627	0.0	0.0145239756994	0.0083502177743	0.00289565884421	0.0039842092811	0.0	0.0	0.0	0.0	0.0	0.0	0.0	0.0	0.0206304385409	0.0	0.000155499986752	0.0	0.00018328441056	0.0	0.0	0.0	0.0	0.0	0.0	0.0038122774437	0.0	0.0	0.0	0.0	0.0	0.0	0.00010024217726	0.00105433972711	0.0	0.000402633085418	0.0	0.0	0.0	0.0	0.000138016912855	0.0	0.0	0.0	0.0	0.0	0.0	0.0	0.0	0.000149544453342	0.0	0.0	0.0	0.0	0.0
MVAT	0.0	0.0	0.0	0.0	0.0	0.0	0.0	0.000726862229152	0.0	0.0013139591645	0.0147677584358	0.316732255192	0.142785132449	0.000281311193042	0.0	0.0	0.0	0.0	0.0	0.0	0.0	0.0	0.0	0.0	0.0	0.00649588654335	0.0	0.0	0.0	0.0	0.00133276250396	0.0	0.00422347449596	0.11905553708	0.0366768666676	0.0	0.0	0.0	0.0	0.0	0.0	0.0	0.0	0.0	0.0	0.0	0.0	0.0	0.0	0.00807176332276	0.0	0.00283953457014	0.0	0.0	0.0	0.0	0.0	0.0	0.0	0.0	0.0	0.0	0.0	0.0
MYRA	0.0	0.0	0.000455968184119	0.0	0.0	0.0	0.0	0.0	0.0	0.0	0.0	0.0	0.0	0.0	0.0	0.0	0.0	0.0	0.0	0.0	0.0	0.0	0.0	0.0	0.0	0.0	0.0	0.0	0.0	0.0	0.0	0.0	0.0	0.0	0.0	0.0	0.0	0.0	0.0	0.0	0.0	0.0	0.0	0.0	0.0	0.0	0.0	0.0	0.0	0.0	0.0	0.0	0.0	0.0	0.0	0.0	0.0	0.0	0.0	0.0	0.0	0.0	0.0	0.0
NORA	0.0153141977157	0.113302659526	0.073842167137	0.0383172928726	0.0470905473618	0.131330795793	0.0843593519882	0.0836266234777	0.0	0.0182667415807	0.106977439115	0.00131459364185	0.0211068253817	0.000359614308631	0.00763450848176	0.0971242539338	0.192330153038	0.0	0.192002860378	0.0	0.0154024552145	0.0475531641939	0.112232471212	0.0	0.0768900343643	0.0614497473421	0.115335051546	0.205543074028	0.0255882006693	0.014881942135	0.315617396684	0.110170795507	0.108431539379	0.095121691997	0.10672709492	0.243859626141	0.283428472361	0.0	0.0545964741048	0.118040138043	0.398996935079	0.260697866894	0.0309671534282	0.00289923146071	0.235440734412	0.182232580751	0.0073888321311	0.122526617859	0.124581321502	0.12935030444	0.0143328996096	0.0653385686656	0.176566085557	0.169396627763	0.0514744999928	0.0316528443352	0.212966011147	0.124581321502	0.0702766428983	0.0401165396683	0.0501351948206	0.111670851724	0.0910478128179	0.0160466158673
NORB	0.0	0.00749253576578	0.00692758528662	0.0	0.00980210964399	0.00543346026901	0.0	0.00425510764191	0.00438368241568	0.000699274405141	0.0104789816654	0.0	0.000371280069278	0.0	0.000416828156043	0.00505421278518	0.0143150374537	0.0	0.0	0.0	0.00213739364206	0.00112802340995	0.0	0.0	0.0	0.00103711149963	0.0	0.00570462895014	0.00125324688964	0.0247819465596	0.0124124233201	0.0	0.00674305799354	0.0	0.00359560879461	0.00780930463378	0.00749167159043	0.0445356720781	0.000713066799719	0.0	0.0	0.00668567997692	0.0	0.0	0.0250634775575	0.00426208234867	0.0	0.00457772496568	0.0	0.00368203060217	0.0298345764407	0.000755584306218	0.00408366959919	0.00835444480212	0.00475171396649	0.00175698191732	0.00841645194081	0.0	0.00299217271021	0.0	0.00428138122381	0.0325427074338	0.00963882424682	0.0
OKP-B-12	0.0	0.0	0.0	0.0	0.0	0.0	0.0	0.0	0.0	0.0	0.0	0.0	0.000219285820385	0.0	0.0	0.0	0.0	0.0	0.0	0.0	0.0	0.0	0.0	0.0	0.0	0.0	0.0	0.0	0.0	0.0	0.0	0.0	0.0	0.0	0.0	0.0	0.0	0.0	0.0	0.0	0.0	0.0	0.0	0.0	0.0	0.0	0.0	0.0	0.0	0.0	0.0	0.0	0.0	0.0	0.0	0.0	0.0	0.0	0.0	0.0	0.0	0.0	0.0	0.0
OLEC	0.0	0.0	0.0	0.00182979810887	0.0	0.0	0.0	0.0	0.0	0.0	0.0	0.0	0.0	0.0	0.0	0.0	0.0	0.0	0.0	0.0	0.0	0.0	0.0	0.0	0.0	0.0	0.0	0.0	0.00179696323253	0.0	0.0	0.0	0.0	0.0	0.0	0.0	0.000438445081462	0.0	0.0	0.0	0.0	0.0	0.0	0.0	0.0	0.0	0.0	0.0	0.0	0.0	0.0	0.0	0.0	0.0	0.0	0.0	0.0	0.0	0.000476701703576	0.0	0.0	0.0	0.0	0.0
OMP36	0.0	0.0	0.0	0.0	0.0	0.0	0.0	0.0	0.0	0.0	0.0	0.0	0.000153792455363	0.0	0.0	0.0	0.0	0.0	0.0	0.0	0.0	0.0	0.0	0.0	0.0	0.0	0.0	0.0	0.0	0.0	0.0	0.0	0.0	0.0	0.0	0.0	9.49964343168e-05	0.0	0.0	0.0	0.0	0.0	0.0	0.0	0.0	0.0	0.0	0.00081265517486	0.0	0.0	0.0	0.0	0.0	0.00061069353377	0.0	0.0	0.0	0.0	0.0	0.0	0.0	0.0	0.0	0.0
OMPF	0.0	0.0	0.0	0.0	0.0	0.000450853362777	0.0	0.000513566475299	0.00581993164019	0.00301723956292	0.0	0.0	0.00410770447017	0.0	0.0	0.0	0.000760205977597	0.0	0.0	0.0	0.000405382758324	0.0	0.0	0.0	0.0	0.000458968621867	0.0	0.000270488104473	0.0	0.0	0.0	0.0	0.00547086344965	0.0	0.00136390207431	0.0	0.0	0.0	0.0	0.0	0.0	0.0	0.0	0.0032048484523	0.0	0.0	0.0	0.00520932804397	0.0	0.000814732317478	0.0	0.0	0.0	0.00195735106978	0.0	0.0	0.00482512726521	0.0	0.00132417139882	0.0	0.00142102824095	0.0	0.0	0.0
OMPR	0.0	0.001044115331	0.0100293001902	0.015649589089	0.0100170681888	0.00138815377487	0.0	0.00355779933217	0.0	0.0200090623646	0.00535439194747	0.0559278873944	0.0657665105171	0.0162173435147	0.0138439965423	0.0206602031394	0.00819221967963	0.0	0.0	0.0	0.0068648369732	0.0	0.0	0.0	0.0	0.00353285057621	0.0	0.000416409318729	0.00256146074812	0.0	0.00144967149553	0.0	0.0091879094298	0.0	0.00892368824275	0.0	0.00140619721851	0.0	0.000182176057384	0.0133916881757	0.0	0.00182194553757	0.0	0.0197351194168	0.00365901646046	0.00174221962674	0.0	0.00801962343612	0.0	0.0037627768873	0.0121955373872	0.00772154137495	0.0	0.00100443015423	0.00114256899298	0.0	0.00312764482011	0.0	0.00203852702187	0.0	0.00218763558146	0.0095018180853	0.00106488669962	0.0
OPCM	0.0	0.0	0.0	0.0034844788206	0.0	0.0	0.0	0.0	0.0	0.0	0.0	0.0	0.0	0.0	0.0	0.0	0.0	0.0	0.0	0.0	0.0	0.0	0.0	0.0	0.0	0.0	0.0	0.0	0.0	0.0	0.000322778418927	0.0	0.000340957576496	0.0	0.000467509402424	0.0	0.0	0.0	0.0	0.00596348614072	0.0	0.0	0.0	0.0	0.0	0.0	0.0	0.0	0.0	0.000558537194209	0.0	0.0	0.0	0.0	0.0	0.0	0.0	0.0	0.0	0.0	0.0	0.0	0.0	0.0
OPMB	0.0	0.0	0.0	0.0	0.00229306380226	0.0	0.0	0.0	0.0	0.000327170555016	0.0	0.00921799397054	0.00370584229791	0.0	0.0	0.0	0.0	0.0	0.0	0.0	0.0	0.000105553997799	0.0	0.0	0.0	0.0	0.0	0.0	0.0	0.0	0.0	0.0	0.0	0.0	0.00120163059258	0.0	0.0	0.0	0.0	0.0	0.0	0.0	0.0	0.0	0.0	0.0	0.0	0.0	0.0	0.0	0.0	0.000707032704212	0.0	0.0	0.0	0.0	0.0	0.0	0.0	0.0	0.0	0.0	0.0	0.0
OPMD	0.0	0.0	0.0	0.0	0.0	0.0	0.0	0.0	0.0	0.0	0.0	0.0	0.0	0.0	0.0	0.0	0.0	0.0	0.0	0.0	0.0	0.0	0.0034391248484	0.0	0.0	0.0	0.0	0.0	0.0	0.0	0.0	0.0	0.0	0.0	0.0	0.0	0.0	0.0	0.0	0.0	0.0	0.0	0.0	0.0	0.0	0.0	0.0	0.0	0.0	0.0	0.0114192300791	0.0	0.0	0.0	0.0	0.0	0.0	0.0	0.0	0.0	0.0	0.0	0.0	0.0
OPME	0.0	0.0	0.0	0.0	0.0	0.0	0.0	0.0	0.0	0.0	0.0	0.0	0.0	0.0	0.0	0.0	0.0	0.0	0.0	0.0	0.0	0.0	0.0	0.0	0.0	0.0	0.0	0.0	0.0	0.0	0.0	0.0	0.0	0.0	0.0	0.0	0.0	0.0	0.0	0.0	0.0	0.0	0.0	0.0	0.0	0.0	0.0	0.0	0.0	0.0	0.0	0.0	0.00193787172426	0.0	0.0	0.0	0.0	0.0	0.0	0.0	0.0	0.0	0.0	0.0
OPMH	0.0	0.000823161464271	0.000837202993663	0.0	0.0	0.0	0.0	0.000373987205041	0.0	0.000169015494189	0.00506556582583	0.115346046268	0.0660477972203	0.0	0.000100747884189	0.0	0.000922656632561	0.0	0.0	0.0	0.0	0.0	0.0	0.0	0.0	0.000334228187293	0.0	0.00118184221581	0.0	0.0	0.0	0.0	0.00108653700726	0.0	0.0144016174423	0.0	0.000295632057002	0.0	0.0	0.0190039724319	0.0	0.000646374869138	0.0	0.0	0.00173082106429	0.0	0.0	0.0	0.0	0.00148325229997	0.00576884341135	0.00219150800849	0.0	0.0	0.0	0.0	0.0	0.0	0.0	0.0	0.00103481517132	0.0	0.0	0.0
OPRA	0.0127235732627	0.0	0.0	0.00127341410146	0.0	0.0	0.0	0.0	0.0131228865463	0.0	0.0	0.00436884225299	0.00148194014804	0.0	0.0	0.0	0.0	0.0	0.0	0.0	0.0	0.0	0.0	0.0	0.0	0.0	0.0	0.0	0.0	0.0	0.0	0.0	0.0	0.0	0.0	0.0	0.0	0.0	0.0	0.0	0.0	0.0	0.0	0.0	0.0	0.0	0.0	0.0	0.0	0.0	0.0	0.0	0.0	0.000490385599923	0.0	0.0	0.0	0.0	0.0	0.0	0.0	0.0	0.0	0.00444403066133
OPRC	0.0	0.0	8.53493745655e-05	0.0	0.0	0.0	0.0	0.0	0.0	0.0	0.0	0.0	0.0	0.0	0.0	0.0	0.0	0.0	0.0	0.0	0.000180570238797	0.0	0.0	0.0	0.0	0.0	0.0	6.0241957278e-05	0.0	0.0	0.0	0.0	0.0	0.0	0.0	0.0	0.0	0.0	0.0	0.00968688104077	0.0	0.0	0.0	0.0	0.0	0.0	0.0	0.0	0.0	0.0	0.0	0.0	0.0	0.0	0.0	0.0	0.0	0.0	0.0	0.0	0.0	0.0	0.0	0.00131685426322
OPRJ	0.0	0.0	0.0	0.0	0.0	0.0	0.0	0.0	0.0	0.0	0.0	0.0	0.0	0.0	0.0	0.0	0.000185687055071	0.0	0.0	0.0	0.0	0.0	0.00349656325923	0.0	0.0	0.0	0.0	0.0	0.0	0.0	0.0	0.0	0.0	0.0	0.0	0.0	0.0	0.0	0.0	0.0	0.0	0.0	0.0	0.0	0.0	0.0	0.0	0.0	0.0	0.0	0.00580497395464	0.0	0.0	0.0	0.0	0.0	0.0	0.0	0.0	0.0	0.0	0.0	0.0	0.0
OPRM	0.0126963861404	0.000339114381007	0.000287415842554	0.00127069313116	0.0	0.00135256008833	0.0349694749695	0.000577762284711	0.0	0.000870357566227	0.0	0.100268663759	0.0512641517877	7.45354443104e-05	0.0	0.0100652271705	0.000190051494399	0.0	0.0	0.00659445918067	0.0	0.0	0.0	0.0	0.0637464387464	0.0048191705296	0.0	0.0	0.0	0.0	0.00176562553943	0.0456690904452	0.00261109391915	0.0	0.00997353391837	0.0	0.000456713626523	0.0	0.000177504876426	0.0	0.0	0.000221903623165	0.00233396572069	0.00480727267844	0.000891298881395	0.0	0.0	0.000651166005497	0.0	0.00152762309527	0.0118828313003	0.00376177656728	0.0	0.0	0.0	0.0	0.0	0.0	0.0	0.0	0.00106577118071	0.0	0.0	0.013303604608
OPRN	0.037766368943	0.00016812026516	0.0	0.0	0.0	0.000335274428676	0.0	0.000190955331388	0.0	0.00034519266186	0.0	0.103741491465	0.0662252469334	0.0	0.0	0.00498996431757	0.000188440888515	0.0	0.0	0.0	0.0	0.0	0.0	0.0	0.0	0.00102392787887	0.0	0.000402293748602	0.00247463157022	0.0	0.000350132522226	0.0	0.00221911371821	0.0312773021143	0.0157209941425	0.0	0.000301895448041	0.0	0.0	0.0	0.0	0.00110011541993	0.0	0.0	0.0	0.0	0.0	0.0	0.0	0.00242348341894	0.0	0.00149195884194	0.00403175854496	0.0	0.0	0.0	0.0	0.0	0.000328237401827	0.0	0.0	0.0	0.0	0.0
OPTRA	0.0	0.00012114925978	0.0	0.0	0.0	0.000241602336389	0.0	0.0	0.0	0.000124374760609	0.0	0.0	0.0	0.0	0.0	0.0	0.0	0.0	0.0	0.0	0.0	0.0	0.0	0.0	0.0	0.0	0.0	0.0	0.0	0.0	0.0	0.0	0.0	0.0	0.0	0.0	0.0	0.0	0.0	0.0	0.0	0.0	0.0	0.0	0.0	0.0	0.0	0.0	0.0	0.0	0.0	0.0	0.0	0.0	6.6286445394e-05	0.0	0.000136088362402	0.0	0.0	0.0	0.0	0.0	0.0	0.0
OQXA	0.0	0.00040589649696	0.000344016916407	0.00152093193192	0.0	0.0	0.0418560467665	0.0	0.0104490844282	0.00104175790536	0.00312225412794	0.0	0.0020649882114	0.0	0.0	0.0	0.000227478515036	0.0	0.0	0.0078931122674	0.00109173412919	0.0	0.0	0.0	0.0	0.00206007655083	0.0	0.0	0.00298727903105	0.0	0.0	0.0	0.000446471302215	0.0	0.0	0.0	0.0	0.0	0.0	0.0	0.0	0.0	0.0	0.0	0.0	0.0	0.0	0.000779400743152	0.0	0.0	0.0	0.0	0.0	0.0	0.0	0.0	0.000227974110929	0.0	0.0	0.0	0.0	0.0	0.0	0.0
OQXB	0.00565896067971	0.000226722186159	0.000384316040901	0.00453092865053	0.0	0.000150713838414	0.00779319727891	0.000515033808085	0.0	0.00108620624265	0.00174400194861	0.0	0.00389973726099	0.00405302450319	0.00434731917793	0.00224310776942	0.000592960662526	0.0	0.0	0.0	0.00243924596866	0.000100125506483	0.0	0.0	0.0	0.000460279960786	0.0	0.000271260927629	0.00166860871592	0.0	0.000472178715687	0.0	0.0044889500357	0.0	0.00159576542694	0.0	0.000135709191881	0.0	0.000474698755242	0.0	0.0	0.000692339304276	0.00312084559224	0.00107133505405	0.0	0.0	0.00409552409552	0.00348280789226	0.0	0.0008170601241	0.00264817383264	0.000670671022282	0.00181237146021	0.000436209666979	0.0	0.0	8.48932165459e-05	0.0	0.000147550527297	0.0	0.000475029440547	0.0	0.000809313891715	0.0
OXA	0.086114619039	0.00172506011208	0.00292414378946	0.0	0.0	0.000573367863532	0.0	0.000979683874075	0.0	0.00649362427672	0.0	0.0	0.0010447857022	0.0	0.0	0.0	0.0	0.0	0.0	0.0	0.0	0.000761824505851	0.0	0.0	0.0	0.00116737671214	0.0	0.000343990306776	0.00211598931366	0.0	0.00059877735685	0.0	0.00506000809177	0.0	0.00130089572848	0.0	0.000516284969113	0.0	0.000150493264796	0.0553134946386	0.140227183705	0.00150508544408	0.0	0.00815146236779	0.0105793302009	0.0	0.0	0.0011041510528	0.0	0.00103612696897	0.0	0.00255146584564	0.00689489142472	0.00165949329829	0.0	0.0	0.0	0.0	0.000561333527762	0.0	0.0	0.0	0.000439844506367	0.00751942869145
OXY	0.0	0.0	0.0	0.0	0.0	0.0	0.0	0.0	0.0	0.0	0.0	0.0	0.000396372307637	0.0	0.0	0.0	0.0	0.0	0.0	0.0	0.0	0.0	0.0	0.0	0.0	0.0	0.0	0.0	0.0	0.0	0.0	0.0	0.0	0.0	0.0	0.0	0.0	0.0	0.0	0.0	0.0	0.0	0.0	0.0	0.0	0.0	0.0	0.00104723605008	0.0	0.0	0.0	0.0	0.0	0.0	0.0	0.0	0.0	0.0	0.0	0.0	0.0	0.0	0.0	0.0
PATA	0.0	0.0	0.00117220578924	0.0	0.00248789928872	0.0	0.0	0.0	0.0	0.0044371170043	0.0	0.0	0.00502589723409	0.0	0.0	0.010262584566	0.00116266796574	0.0	0.0	0.0	0.0	0.0	0.0	0.0	0.0	0.0	0.0	0.0	0.0	0.0	0.0	0.0	0.00494425627268	0.0	0.000260745984794	0.0	7.76114659451e-05	0.0	0.000180985364199	0.0	0.0	0.0002262546746	0.0	0.0	0.0	0.0	0.0	0.000663933966389	0.0	0.0	0.0	0.0	0.0	0.000498932625629	0.0	0.0	0.00135940117998	0.0	0.0	0.0339111490007	0.0	0.0	0.000793444991877	0.0
PATB	0.275655558883	0.0165659123134	0.0298142083276	0.00919615028941	0.0441473881517	0.0195772614847	0.0632695139912	0.228811733682	0.00526493815904	0.0165870412054	0.152600170503	0.0	0.0374571830717	0.0	0.000876091137251	0.0242810634835	0.00779407056413	0.0	0.0	0.00795414148596	0.0355723370429	0.0	0.00431663350817	0.0	0.0	0.0282336676977	0.115335051546	0.026182272525	0.123425438523	0.0	0.00724088494417	0.0	0.0409430293921	0.0	0.0259106242003	0.0515856901453	0.00807959364035	0.106977439115	0.000428207640038	0.00786934253621	0.0997492337699	0.00963565011106	0.0028151957662	0.0	0.0139759340062	0.00716644980482	0.0	0.00392713518779	0.0233589977815	0.059331621125	0.0214993494145	0.0390216451753	0.0122615337192	0.0253799825568	0.0183517782583	0.0	0.00505420954178	0.20244464744	0.076266129509	0.0401165396683	0.014140695975	0.0	0.0112636469465	0.0
PBP-1A	0.214867352651	0.0128023932657	0.0370418659728	0.019023283538	0.0476472506339	0.0125455121406	0.0113808861514	0.284056546031	0.0312527900734	0.0469077939281	0.213937373946	0.0	0.0442768265093	0.0	0.000607850238681	0.0163787424054	0.014102402405	0.0	0.0115124570896	0.0	0.0613486758459	7.31097230928e-05	0.0069882634263	0.0148630975858	0.0	0.0439154454936	0.0	0.0236362964061	0.150267613846	0.0	0.00689551671031	0.0	0.0359337987713	0.0410650531236	0.0311274132306	0.0278376186041	0.0090173944953	0.0	0.00138646368012	0.0127397979307	0.0538285155809	0.0118439129939	0.00303837540274	0.00156453658798	0.00638165040532	0.00773458282134	0.0	0.0101723179051	0.0126054118766	0.0634386389817	0.046407496928	0.0455431330499	0.0132335885481	0.0283475614598	0.0824270565586	0.0	0.00657066411791	0.159668550436	0.088561098825	0.0324726371168	0.0215051575658	0.003013093913	0.0194167797386	0.0028864566326
PBP-1B	0.0651366363255	0.00579922766059	0.032439831467	0.00651907365218	0.044509457677	0.00809559107681	0.00996693927266	0.137446902986	0.0	0.0141894786266	0.0944225171931	0.000310634794785	0.0235324935505	0.0	0.000295739830567	0.00286877363934	0.00639184149008	0.0	0.0302464920124	0.00375908269982	0.0220106543457	0.000256106654829	0.00408003362039	0.0	0.0	0.0139317381553	0.0	0.0156115454695	0.100299439867	0.00703312247063	0.00483106115928	0.104132201356	0.0182862899005	0.0	0.0158896252926	0.0398930860342	0.00538043141989	0.0	0.000607105594402	0.0148760287652	0.0	0.00417427473346	0.0	0.0	0.00660494810525	0.00580598404233	0.00872980166525	0.00408307258989	0.0147191086305	0.036399481168	0.00338682402469	0.0244455911593	0.00811262498938	0.00948397388011	0.0114229065705	0.000997263792291	0.0023885911111	0.103033760414	0.0501959345605	0.0	0.01701079848	0.0	0.0149343550055	0.0
PBP-2X	0.190141078838	0.0118500129299	0.0408912267518	0.015065337763	0.045677830941	0.0120269643054	0.021820952381	0.21847734139	0.00544745601522	0.0155327492699	0.164401250355	0.000340041555358	0.0303740099342	0.0	0.000388483841432	0.0188421052632	0.0111476604555	0.0	0.0	0.0	0.0252326444091	0.0	0.0	0.0142487562189	0.0	0.0171837852027	0.0	0.0210136798603	0.135491027732	0.0	0.00771225235622	0.0	0.0386382217888	0.00984192439863	0.0357451455634	0.0630783566285	0.00892966482578	0.0276714975845	0.00127377499323	0.020355366027	0.0516036036036	0.00747726448618	0.0	0.0	0.0150166035537	0.00688525196486	0.0	0.00731389657374	0.0120843881857	0.0474711932102	0.0222446601942	0.0248818949266	0.0177612403101	0.0140459512767	0.0133147373315	0.00109167143129	0.00380321610126	0.0161125175809	0.0677552021349	0.0103768115942	0.0252715662371	0.00288855269793	0.0249268678648	0.0
PDC	0.0	0.0	0.0	0.0	0.0	0.0	0.0	0.0	0.0	0.000220773626555	0.0	0.0	0.000312586291388	0.0	0.0	0.00638282698616	0.0	0.0	0.0	0.0	0.0	0.0	0.0	0.0	0.0	0.0	0.0	0.0	0.0	0.0	0.0	0.0	0.0	0.0	0.000648685132902	0.0	0.0	0.0	0.0	0.0	0.0	0.0	0.0	0.0	0.0	0.0	0.0	0.0	0.0	0.0	0.00753545399532	0.0	0.0	0.0	0.0	0.0	0.0	0.0	0.0	0.0	0.0	0.0	0.0	0.0
PENA	0.0	0.00280218432332	0.0129544732888	0.00381819830101	0.0	0.0068583263548	0.131346021555	0.000723362090007	0.0	0.0338676665546	0.0499685951567	0.0	0.00972002877997	0.0	0.000467677176684	0.0	0.00199874380627	0.0	0.0	0.0	0.154394220488	0.0	0.0	0.0	0.0	0.00698177468608	0.0	0.00777208275791	0.126551784634	0.018536736913	0.00185688258978	0.0343067966747	0.0294219571628	0.0	0.0105658625781	0.0	0.00125797846407	0.0	0.000200013520467	0.00490097095353	0.0	0.00250042284851	0.0	0.0	0.00200864145984	0.00956403069573	0.0	0.000489158411834	0.00484927294769	0.07045996014	0.0178528572987	0.0169551662936	0.0106909552428	0.0058814786559	0.0584012311594	0.0	0.00114462763882	0.0387941835816	0.00920118456742	0.0124921487892	0.0200152854163	0.0	0.0033126010014	0.0
PGPB	0.0	0.0	0.0	0.0	0.0	0.0	0.0	0.0	0.00865591527842	0.0	0.0	0.0	0.0	0.0	0.0	0.0	0.0	0.0	0.0	0.0	0.0	0.0	0.0	0.0	0.0	0.0	0.0	0.0	0.0	0.0	0.0	0.0	0.0	0.0	0.0	0.0	0.0	0.0	0.0	0.0	0.0	0.0	0.0	0.0	0.0	0.0	0.0	0.0	0.0	0.0	0.0	0.0	0.0	0.0	0.0	0.0	0.0	0.0	0.0	0.0	0.0	0.0	0.0	0.0
PMRF	0.0	0.0	0.000835469654132	0.00184684591734	0.0	0.0	0.0	0.00111963871323	0.0	0.00252998348444	0.0	0.00158404451254	0.00394033464828	0.0	0.0	0.0	0.00165734346669	0.0	0.0	0.0	0.00132567715688	0.0	0.0	0.0	0.0463250517598	0.0	0.0	0.0	0.010882230756	0.0	0.000513237734442	0.0	0.000542143724119	0.0	0.00111505348156	0.0	0.0	0.0	0.0	0.0	0.0	0.0	0.0	0.0	0.00129542818787	0.0	0.0	0.0	0.0	0.000444054415272	0.0	0.0	0.0	0.0	0.000134837334575	0.0	0.0019377799429	0.0	0.0	0.0	0.0	0.0	0.0	0.0
PORIN_OMPC	0.0	0.0	0.0	0.0	0.0	0.0	0.0	0.0	0.0	0.0	0.0	0.0	0.000157144879458	0.0	0.0	0.0	0.0	0.0	0.0	0.0	0.0	0.0	0.0	0.0	0.0	0.0	0.0	0.0	0.0	0.0	0.0	0.0	0.0	0.0	0.0	0.0	9.70672012774e-05	0.0	0.0	0.0	0.0	0.0	0.0	0.0	0.0	0.0	0.0	0.0	0.0	0.0	0.0	0.0	0.0	0.0	0.0	0.0	0.000242882499654	0.0	0.0	0.0	0.0	0.0	0.0	0.0
POXTA	0.0	0.0	0.0	0.0	0.0	0.0	0.0	0.0	0.0	0.0	0.0	0.0	0.0	0.0	0.0	0.0	0.0	0.0	0.0	0.0	0.0	0.0	0.0	0.0	0.0	0.0	0.0	0.0	0.0	0.0	0.0	0.0	0.0	0.0	0.0	0.0	0.0	0.0	0.000153269893298	0.0	0.0	0.0	0.0	0.0	0.0	0.0	0.0	0.0	0.0	0.0	0.0	0.0	0.0	0.0	8.01063131606e-05	0.0	0.0	0.0	0.0	0.0	0.0	0.0	0.0	0.0
PUROMYCIN_RESISTANCE_PROTEIN	0.0	0.0	0.0	0.0	0.0	0.0	0.0	0.0	0.0	0.0	0.0	0.0	0.0	0.0	0.0	0.0	0.0	0.0	0.0	0.0	0.0	0.0	0.0	0.0	0.0	0.000809537619473	0.0	0.0	0.0	0.0	0.0	0.0	0.0	0.0	0.0	0.0	0.000895066906251	0.0	0.0	0.0	0.0	0.0	0.0	0.0	0.0	0.0	0.0	0.0	0.0	0.0	0.0	0.0	0.0	0.0	0.0	0.0	0.0	0.0	0.0	0.0	0.0	0.0	0.0	0.0
PVRR	0.0	0.0	0.000337119334123	0.0	0.0	0.0	0.0	0.0	0.0	0.0	0.00152982627071	0.0	0.0	0.0	0.0	0.0	0.0	0.0	0.0	0.0	0.0	0.0	0.0	0.0	0.0	0.0	0.0	0.0	0.0	0.0	0.0	0.0	0.0	0.0	0.0	0.0	0.0	0.0	0.0	0.0	0.0	0.0	0.0	0.0	0.0	0.0	0.0	0.0	0.0	0.0	0.0	0.0	0.0	0.0	0.0	0.0	0.0	0.0	0.0	0.0	0.0	0.0	0.0	0.0
QACA	0.0115601336842	0.0472411403456	0.0300947872495	0.00347092053725	0.00444336876858	0.0120072600838	0.0	0.0257767406868	0.0	0.00158493128792	0.0285011991601	0.0	0.00112202666851	0.0	0.000377902569487	0.0045822240426	0.0223225463422	0.0	0.0	0.0	0.00166096515376	0.00460207216083	0.0130338817212	0.0	0.0	0.000626840413522	0.0	0.0275219015094	0.00340863648193	0.0	0.0270078876288	0.0	0.0183400682392	0.0	0.016532005639	0.0318601397218	0.0377721717189	0.0	0.00355562297214	0.047522255316	0.15059417394	0.0583908732303	0.00637526823318	0.00218852491587	0.11361459671	0.0139106407551	0.0	0.0284587415321	0.0	0.00389454728413	0.0	0.00274009561633	0.0148092609589	0.0222772446658	0.00591290568349	0.00477871735489	0.0561880783442	0.0	0.0120566578725	0.0	0.00679273616346	0.0	0.00873870058174	0.0
QACB	0.0924810694738	0.196220553527	0.0976117882093	0.0150406556614	0.01555179069	0.0424872279887	0.0477598665926	0.0746999423983	0.0079486225903	0.0139473953337	0.159131695311	0.000992339169332	0.00639555201048	0.000339324785382	0.00576301418467	0.12372004915	0.125283128308	0.0	0.209352016374	0.0	0.00498289546127	0.128346679152	0.0195508225817	0.0	0.0	0.0153575901313	0.0	0.0714830596252	0.0227242432129	0.0561691979415	0.279081505498	0.0	0.0669072859839	0.0	0.0470347202687	0.283201241972	0.484384785584	0.0	0.0273136491951	0.136626484033	0.225891260911	0.226896022968	0.00425017882212	0.0218852491587	0.471500576347	0.051778496144	0.0250990289901	0.098419814465	0.0	0.0216981920116	0.00540969362699	0.025345884451	0.0536835709761	0.120297121195	0.191071323658	0.0302652099143	0.124168716341	0.0117552414257	0.0316487269154	0.075706310269	0.0388156352198	0.00421481424796	0.0630603528466	0.0524897084532
QACG	0.0	0.0207652095735	0.0251421709	0.00555779799422	0.0	0.0103527730126	0.0	0.0160045552512	0.0	0.000761359515877	0.0114093585423	0.0	0.0	0.0	0.000453836263356	0.0	0.00166250653045	0.0	0.0773594079196	0.0	0.00265961398452	0.0515833508869	0.0	0.0	0.0	0.00150558865678	0.0	0.00532381259833	0.0491225930387	0.107928851372	0.214686864656	0.0	0.00652599174453	0.0	0.0100667445157	0.13604246577	0.36322818869	0.193959095219	0.00116456470328	0.0	0.0	0.0359110573713	0.0	0.0	0.0350855223218	0.00742478644665	0.0	0.0655060830202	0.0	0.0	0.0	0.0	0.00889247679076	0.0278236539919	0.0564023310364	0.0076519025558	0.0483177279219	0.0	0.00289585147032	0.0	0.00466150385583	0.0	0.0294983568008	0.0
QACH	0.0	0.0	0.0	0.0	0.0	0.0	0.0	0.0	0.0	0.0	0.0	0.0	0.0	0.0	0.0	0.0	0.0	0.0	0.0	0.0	0.0	0.0	0.0	0.0	0.0	0.0	0.0	0.0	0.0	0.0	0.00450716046792	0.0	0.0	0.0	0.0	0.0	0.0	0.0	0.000377601282579	0.0	0.0	0.0	0.0	0.0	0.0	0.0	0.0	0.0	0.0	0.0	0.0	0.00320092987907	0.0	0.0	0.0	0.0	0.0	0.0	0.0	0.0	0.0	0.0	0.0	0.0
QEPA	0.0	0.0	0.0	0.0	0.0	0.0	0.0	0.0	0.0	0.0	0.0	0.0	0.0	0.0	0.0	0.0	0.0	0.0	0.0	0.0	0.0	0.0	0.0	0.0	0.0	0.000315260247114	0.0	0.0	0.0	0.0	0.0	0.0	0.0	0.0	0.0	0.0	0.0	0.0	0.0	0.0	0.0	0.0	0.0	0.0	0.0	0.0	0.0	0.0	0.0	0.0	0.0	0.0	0.0	0.0	0.0	0.0	0.0	0.0	0.0	0.0	0.0	0.0	0.0	0.0
QNRD2	0.0	0.0	0.0	0.0	0.0	0.0	0.0	0.0	0.0	0.0	0.0	0.0	0.000269496125052	0.0	0.0	0.0	0.0	0.0	0.0	0.0	0.0	0.0	0.0	0.0	0.0	0.0	0.0	0.0	0.0	0.0	0.0	0.0	0.0	0.0	0.000559263584208	0.0	0.0	0.0	0.0	0.0	0.0	0.0	0.0	0.0	0.0	0.0	0.0	0.0	0.0	0.0	0.0	0.0	0.0	0.0	0.0	0.0	0.0	0.0	0.0	0.0	0.0	0.0	0.0	0.0
RAMA	0.0	0.0	0.0	0.0	0.0	0.0	0.0	0.000726862229152	0.0	0.0013139591645	0.0	0.0	0.0013952944539	0.0	0.0	0.0	0.0	0.0	0.0	0.0	0.0	0.0	0.0	0.0	0.0	0.0	0.0	0.0	0.0	0.0	0.0	0.172363986519	0.00281564966397	0.0	0.0	0.0	0.0	0.0	0.0	0.0	0.0	0.000837507222915	0.0	0.0	0.0	0.0	0.0	0.0	0.0	0.0	0.0	0.0	0.0	0.00184685544487	0.0	0.0	0.0	0.0	0.0	0.0	0.0	0.0524132545996	0.0	0.0
RBPA	0.0521220062605	0.00626469198598	0.0035397530083	0.093897534534	0.0200341363776	0.0152696915235	0.0	0.012649953181	0.0	0.00643148433149	0.0107087838949	0.00223711549577	0.0	0.0	0.000851938248755	0.0206602031394	0.0148240165631	0.0	0.145218537674	0.0	0.00249630435389	0.00138331291852	0.0	0.0	0.0	0.0113051218439	0.0	0.0424737505103	0.0	0.0	0.0289934299106	0.0	0.0199071370979	0.25899801049	0.013647993783	0.0	0.0153119252682	0.0	0.00510092960676	0.0	0.0	0.0173084826069	0.0383261739398	0.0	0.0292721316837	0.00348443925347	0.0	0.00534641562408	0.0265008512843	0.0	0.0	0.00308861654998	0.00834644751413	0.0321417649353	0.00190428165496	0.0	0.0304945369961	0.0	0.00951312610207	0.0	0.0131258134888	0.0190036361706	0.0	0.0
RIFAMPIN_MONOOXYGENASE	0.0	0.0	0.0	0.00373232877855	0.0	0.0	0.0	0.0	0.0	0.0	0.0	0.0	0.0	0.000875713504701	0.000609545776306	0.0	0.0	0.0	0.0	0.0	0.0	0.0	0.0	0.0	0.0	0.000337025075889	0.0	0.0	0.0	0.0	0.0	0.0	0.0	0.0	0.000250381604645	0.0	0.000521685439501	0.0	0.0	0.0	0.0	0.0	0.0091405519438	0.0	0.0	0.0	0.00899644414289	0.00127508657143	0.0	0.0	0.0	0.0	0.0	0.0	0.0	0.0	0.0	0.0	0.0	0.0	0.0	0.00906449591401	0.0	0.0
RLMA(II)	0.147494187929	0.0163207814859	0.0610544632353	0.0210880987724	0.0809890619521	0.0168350564186	0.0	0.320891631491	0.0289758298682	0.0231107711203	0.216454142557	0.00361746335487	0.0435608949366	0.0	0.000344400568646	0.0	0.0113545658782	0.0	0.0293526831468	0.0	0.0373383395912	0.0	0.0	0.0	0.0	0.0314198200182	0.0	0.0202002818447	0.118045191073	0.0	0.0117207482617	0.0	0.04333304802	0.0261753308474	0.0284351818098	0.0645236872223	0.012758829609	0.0735944084695	0.00132562152395	0.0108273223548	0.0	0.00994317085929	0.00387338991945	0.0	0.0192292992709	0.00563441240987	0.0	0.00648395086324	0.0107131100937	0.0603378620013	0.0197204434346	0.0287175623902	0.0371150538394	0.0162418493024	0.0112393134274	0.00290338146621	0.00505746821975	0.192835981686	0.0906493931002	0.0	0.0194559930437	0.0	0.0180804167298	0.00735944084695
RMTD	0.0	0.0	0.0	0.0	0.0	0.000640686357631	0.0	0.0	0.0	0.0	0.0	0.0	0.0	0.0	0.0	0.0	0.0	0.0	0.0	0.0	0.0	0.0	0.0	0.0	0.0	0.0	0.0	0.0	0.0	0.0	0.0	0.0	0.0	0.0	0.0	0.0	0.0	0.0	0.0	0.0	0.0	0.0	0.0	0.0	0.0	0.0	0.0	0.0	0.0	0.0	0.0	0.0	0.0	0.0	0.0	0.0	0.0	0.0	0.0	0.0	0.0	0.0	0.0	0.0
ROSA	0.0	0.0	0.000984224007185	0.00435134916133	0.0	0.000385974464231	0.0	0.000659494510353	0.0149472878466	0.000794785055599	0.0	0.00373216341246	0.00604854473837	0.0	0.000118440195559	0.0	0.000216936827753	0.0	0.0	0.0	0.0	0.0	0.0	0.0	0.0363821138211	0.0	0.0	0.00092625682605	0.0	0.0	0.00040307939144	0.0521295959228	0.0	0.0	0.000291908309806	0.0	0.000173773965214	0.0506185931425	0.00010130766118	0.0	0.0	0.000253294867418	0.00266413648118	0.00548732588661	0.0	0.000968844085112	0.0	0.00222984651638	0.0	0.000697490349841	0.0	0.00171757213023	0.0	0.0	0.000105896638373	0.0	0.00108704728504	0.0	0.00075574660323	0.0	0.00121653881116	0.0	0.0	0.00506185931425
ROSB	0.0	0.000146137689053	0.00346804530463	0.00438073212068	0.0	0.000582871198287	0.0	0.000165986954724	0.0	0.00780148130081	0.0	0.000939341313143	0.0130638618851	0.0	0.0	0.00433750121159	0.00147421159192	0.0	0.0	0.0	0.000786128995424	0.0	0.00308444530602	0.0	0.0	0.000296681374356	0.0	0.0	0.00215106095975	0.0	0.000608701843427	0.0	0.000642984453651	0.0	0.00132245753614	0.0	6.56052723182e-05	0.0	0.000535456699053	0.0112460585785	0.0	0.000382507902915	0.00603478429439	0.00207164236972	0.00153638260218	0.0	0.00263984057723	0.00224490379796	0.0	0.000263325086036	0.0	0.000648438833698	0.0	0.000843499356037	7.9958787722e-05	0.0	0.000492474460625	0.0	0.000855956097581	0.0	0.0	0.00797942734235	0.0	0.0
RPHA	0.0	9.1737300758e-05	0.0	0.000687496399286	0.0	0.0	0.0	0.0	0.0	0.0	0.0	0.0	6.66730297817e-05	0.0	0.0	0.0	0.0	0.0	0.0	0.0	0.0	0.0	0.0	0.0	0.0	0.000186240446561	0.0	0.000109758756844	0.0	0.0	0.0	0.0247088258131	0.000201815351637	0.0	0.0	0.0	0.0	0.0	0.0	0.0	0.0	0.0	0.00126276989281	0.0	0.0	0.0	0.0116000393457	0.000352307156731	0.0	0.0	0.0	0.0	0.0	0.0	0.000100387564701	0.0	0.000103049569218	0.0	0.0	0.0	0.0	0.0	0.0	0.0
RPHB	0.0	0.0	0.000456483985233	0.000672719892966	0.0	0.0	0.0	0.0	0.0	0.000184311014025	0.0	0.0	6.52400121733e-05	0.0	0.0	0.00266432483925	0.0	0.0	0.0	0.0	0.0	5.94636774929e-05	0.0	0.0	0.0	0.0	0.0	0.0	0.0	0.0	0.0	0.0	0.000197477691364	0.0	0.0	0.0	4.02982611638e-05	0.0	9.39731698725e-05	0.00690792964717	0.0	0.000117478388735	0.0	0.0	0.0	0.0	0.0	0.000689469888173	0.00683506119098	0.0	0.0031454553442	0.0	0.0	0.0	4.91149567116e-05	0.0	0.0	0.0	0.000350515958512	0.0	0.0	0.0	0.0	0.00704308479245
RPOB2	0.178973154027	0.216751873153	0.213920495056	0.243605651843	0.0756711054745	0.154981037454	0.0915465945414	0.0926130070563	0.0966900002701	0.106283691729	0.174400194861	0.0276539819116	0.0569276935138	0.0356931127861	0.0439635328299	0.141883322765	0.144821201398	0.0	0.178086416682	0.228411181673	0.0952677391373	0.272736451169	0.227733993619	0.119557119737	0.115533562823	0.22015800534	0.115533562823	0.226976764143	0.106047120198	0.28821275887	0.188871486275	0.202327433401	0.178776791917	0.165161381905	0.134719955579	0.189473085663	0.124682820041	0.160742348275	0.100480286219	0.275901045547	0.266455784528	0.199122027099	0.206803021173	0.0348506583849	0.219692134607	0.179811459032	0.254119868578	0.158404816786	0.207992911973	0.0905657005026	0.119646408101	0.139083433386	0.204710631801	0.163972790479	0.137127944716	0.0605962197233	0.135241030817	0.0675976963914	0.0958633998134	0.234415924568	0.31034302908	0.384063159923	0.381533691808	0.298266357355
RPSD_(RAMA_OR_SUD2)	0.0	0.0	0.0	0.0	0.0	0.0	0.0	0.0	0.0	0.0	0.0	0.0297846617832	0.030730426756	0.0	0.0	0.0	0.0	0.0	0.0	0.0	0.0	0.0	0.0	0.0	0.0	0.0	0.0	0.0	0.0	0.0	0.0	0.0	0.0	0.0	0.00655195658871	0.0	0.0	0.0	0.0	0.0	0.0	0.000379017867305	0.0	0.0	0.0	0.0	0.0	0.0	0.0	0.0	0.0304443342074	0.0	0.0	0.0	0.0	0.0	0.0	0.0	0.000565430852782	0.0	0.0	0.0	0.0	0.0
SALA	0.0	0.0	0.0	0.0	0.0	0.0	0.0	0.0	0.0	0.0	0.0	0.0	0.0	0.0	0.0	0.0	0.0	0.0	0.0	0.0	0.0	0.0	0.0	0.0	0.0	0.0	0.0	0.0001754922822	0.0	0.0	0.0	0.0	0.0	0.0	0.0	0.0	0.0	0.0	0.0	0.0	0.0	0.0	0.0	0.0	0.0	0.0	0.0	0.0	0.0	0.0	0.0	0.0	0.0	0.0	0.0	0.0	0.0	0.0	0.0	0.0	0.0	0.0	0.0	0.0
SAT-4	0.0	0.00044084869531	0.0	0.0	0.0	0.000879164057416	0.0	0.0	0.0	0.000452585934438	0.0	0.0	0.0	0.0	0.0	0.0	0.000988267770876	0.0	0.0	0.0	0.0	0.0	0.00930474333983	0.0	0.0	0.00089498881264	0.0	0.0	0.0	0.0	0.0	0.0	0.0	0.0	0.0	0.0	0.0	0.0	0.00253831973289	0.0	0.0	0.00173084826069	0.0	0.0	0.0	0.011034057636	0.0	0.00169303161429	0.0	0.0	0.0	0.0	0.0158582502769	0.00636139097678	0.000482418019256	0.0	0.0	0.0	0.0025821342277	0.0	0.00277100506986	0.0	0.0	0.0
SDEY	0.0	0.0	0.0	0.0	0.0	0.0	0.0	0.0	0.0	0.0	0.0	0.0	5.48736163284e-05	0.0	0.0	0.0	0.0	0.0	0.0	0.0	0.0	0.0	0.0	0.0	0.0	0.0	0.0	0.0	0.0	0.0	0.0	0.0	0.0	0.0	0.0	0.0	0.0	0.0	0.0	0.0	0.0	0.0	0.0	0.0	0.0	0.0	0.0	0.0	0.0	0.0	0.0	0.0	0.0	0.0	0.0	0.0	0.0	0.0	0.0	0.0	0.0	0.0	0.0	0.0
SDIA	0.0	0.000661273042964	0.00168138267894	0.0	0.0	0.000659373043062	0.0	0.000751090970124	0.0	0.00101831835249	0.0	0.0	0.000720902134515	0.0	0.0	0.0	0.0	0.0	0.0	0.0	0.0	0.0	0.0	0.0	0.0	0.0	0.0	0.0	0.0	0.0	0.0	0.0	0.000727376163192	0.0	0.0	0.0	0.0	0.0	0.0	0.0	0.0	0.000432712065173	0.0	0.0	0.0	0.0	0.0	0.00126977371072	0.0	0.000595773007156	0.0115857605178	0.0	0.00792912513843	0.000954208646516	0.0	0.0	0.00297126257911	0.0	0.0	0.0648550724638	0.0	0.0	0.0	0.0
SERRATIA_MARCESCENS_OMP1	0.0	0.0	0.0	0.0	0.0	0.0	0.0	0.0	0.0	0.000435644214967	0.0	0.000681901514755	0.00231305497705	0.0	0.0	0.0	0.000237818447537	0.0	0.0	0.00825189009773	0.0	0.0	0.0	0.0	0.0	0.000430743278811	0.0	0.0	0.0	0.0	0.0	0.0	0.000466765452316	0.0	0.000320006435884	0.0	0.0	0.0	0.0	0.0163278337115	0.0	0.0	0.0	0.0	0.0	0.0	0.0	0.0	0.0	0.0	0.0	0.0	0.00254410432249	0.0	0.0	0.0	0.000476673141033	0.0	0.0	0.0	0.0	0.0	0.0	0.0
SHV	0.0	0.0	0.0	0.0	0.0	0.0	0.0	0.000315143064388	0.0285705735064	0.0	0.0	0.0	0.0	0.0	0.0	0.0	0.0	0.0	0.0	0.0	0.0	0.0	0.0	0.0	0.0	0.0	0.0	0.0	0.0	0.0201894879314	0.0	0.0	0.0	0.0	0.0	0.0	0.0	0.0	0.0	0.0	0.0	0.0	0.0	0.0	0.0	0.0	0.0	0.0	0.0	0.0	0.0	0.0	0.0	0.0	0.0	0.0	0.0	0.0	0.0	0.0	0.0	0.0	0.0	0.0
SMEB	0.0	0.000226938317891	0.000128227468365	0.0	0.0	0.0	0.0	0.0	0.0	7.76601222106e-05	0.0	0.0	0.0	0.0	9.25843282727e-05	0.00224524609904	8.47894179017e-05	0.0	0.0	0.0	0.0	0.0	0.0	0.0	0.0	0.000307145827026	0.0	0.0	0.00222693250933	0.0	0.0	0.0	0.000166415900063	0.0	0.00376503282333	0.00346914772101	0.00027167712388	0.0	0.000910706620519	0.0	0.0	9.89999005162e-05	0.0	0.0	0.0	0.0	0.0	0.000581021335696	0.0	0.0	0.0	0.000671310365487	0.0	0.0	0.0	0.0	0.0	0.0	0.000147691185569	0.0	0.0	0.0	0.0	0.0
SMEC	0.0	0.0	0.0	0.0	0.0	0.0	0.0	0.0	0.0	0.0	0.0	0.000541467444837	0.0	0.0	0.0	0.0	0.0	0.0	0.0	0.0	0.0	0.0	0.0	0.0	0.0	0.000684067882272	0.0	0.0	0.0	0.0	0.0	0.0	0.000370637535385	0.0	0.000508205549981	0.0	0.0	0.0	0.000529122816352	0.0	0.0	0.0	0.0	0.0	0.0	0.0	0.0	0.0	0.0	0.0	0.0	0.0	0.0	0.0	0.0	0.0	0.0	0.0	0.0	0.0	0.0	0.0	0.0	0.0
SMED	0.015080986583	0.0	0.0	0.0	0.0	0.0	0.0	0.0	0.0	0.0	0.0	0.00388372334799	0.00614779485271	0.0	0.0	0.0	0.0	0.0	0.0	0.0	0.0	0.0	0.0	0.0	0.0	0.000408878137754	0.0	0.000481935658224	0.0	0.0	0.0	0.0542465338283	0.0	0.0	0.00789782381353	0.0	9.04153879919e-05	0.0	0.000421686711509	0.0	0.0	0.0	0.0	0.0	0.0	0.0	0.0	0.0	0.0	0.0	0.00705731605145	0.000893660626137	0.0	0.0	0.000110197009475	0.0	0.0	0.0	0.0	0.0	0.0	0.0	0.0	0.0
SMEE	0.0	0.0	0.000258674258299	0.00114362381804	0.0	0.000152163009937	0.0	0.0	0.0	0.0	0.0	0.00147133365299	0.00060999411382	0.0	0.0	0.0	0.000342092689919	0.0	0.0	0.0	0.000136816680934	0.0	0.0	0.0	0.0	0.00108431336916	0.0	9.12897352598e-05	0.00112310202033	0.0	0.0	0.0205510907003	0.00100713622596	0.0	0.00368253560063	0.0	0.000171267609946	0.0	0.000639017555133	0.0	0.0	9.98566304245e-05	0.00315085372294	0.0021632727053	0.0	0.0	0.0	0.00175814821484	0.0	0.0	0.00534727408514	0.000677119782111	0.0054893943266	0.0	0.0	0.0	0.0	0.0	0.0	0.0	0.0	0.0	0.0	0.0
SMEF	0.0	0.0	0.0	0.00250921681596	0.0	0.0	0.0	0.0	0.0	0.000171868076369	0.0	0.000538040435693	0.0	0.0	0.0	0.0	0.00018764577928	0.0	0.0	0.0	0.0	0.0	0.00353344683791	0.0	0.0	0.0	0.0	0.0	0.0	0.0	0.0	0.0	0.000736583456397	0.0	0.00378741794369	0.0	7.51554068962e-05	0.0	0.000175257979256	0.0	0.0	0.0	0.0	0.0	0.0	0.0	0.0	0.0	0.0	0.0	0.0	0.000742831828476	0.0	0.0	0.0	0.0	0.0	0.0127472449216	0.000653704867773	0.0	0.0	0.0	0.0	0.0
SMER	0.0	0.00138607450054	0.00293691297632	0.0	0.0	0.00414627590397	0.0	0.00275509351487	0.0	0.00533616603923	0.00266550516162	0.00111367321624	0.00100737416177	0.0	0.000212054498598	0.0	0.00699123925249	0.0	0.0	0.0	0.00372810519227	0.000688636125377	0.0	0.0	0.0	0.00351742328112	0.0	0.00663345499879	0.00255027533	0.0	0.0101033873662	0.0	0.00381157814773	0.0	0.00679419777845	0.0	0.00886702525555	0.0	0.0018138052875	0.0	0.0	0.00634896305232	0.0	0.0	0.0	0.00173461168077	0.0	0.00532306883096	0.0131925635215	0.00187317277359	0.0	0.00153756457073	0.00831000014508	0.00600026397809	0.00227515921745	0.0	0.00155699349123	0.105540508172	0.0101481257857	0.0	0.00435616517532	0.0	0.000530118269682	0.0
SMES	0.0	0.0	0.0	0.0	0.0	0.0	0.0	0.0	0.0	0.0	0.0	0.0	0.0	0.0	0.0	0.0	0.0	0.0	0.0	0.0	0.0	0.0	0.0	0.0	0.0	0.000689927136082	0.0	0.0	0.0	0.0	0.0	0.0	0.0	0.0	0.00410046790648	0.0	0.000533973533365	0.0	0.000533654917563	0.00653812613287	0.0	0.0	0.0	0.0	0.0	0.0	0.0	0.0	0.0129383171153	0.0	0.0	0.0	0.0	0.0	0.0	0.0	0.0	0.0	0.0	0.0	0.0	0.0	0.0	0.0
SRMB	0.0	0.0	0.0	0.0	0.0	0.0	0.0	0.0	0.0	0.0	0.0	0.0	0.0	0.0	0.0	0.0	0.0	0.0	0.0	0.0	0.0	0.0	0.0	0.0	0.0	0.000292905429591	0.0	0.0	0.0	0.0	0.0	0.0	0.0	0.0	0.0	0.0	0.0	0.0	0.0	0.0	0.0	0.0	0.00198599264961	0.0	0.0	0.0	0.0	0.0	0.0	0.0	0.0	0.0	0.0	0.0	0.0	0.0	0.0	0.0	0.0	0.0	0.0	0.0	0.0	0.0
STAPHYLOCOCCUS_MUPA_CONFERRING_RESISTANCE_TO_MUPIROCIN	0.0	0.00131737989028	0.00538567889348	0.0005807464701	0.00223036283892	0.000772702784838	0.0	0.000704147784491	0.0	0.000556892849016	0.00894141624041	0.000249053873553	0.000281602396295	0.0	9.48446878497e-05	0.0	0.000260578416149	0.0	0.0	0.0	0.0	0.00159135021291	0.0	0.0	0.0	0.00157322252222	0.0	0.00491395528078	0.0	0.0	0.00403473023658	0.0	0.00443244849445	0.0	0.00444133932303	0.00177692185515	0.000626197198866	0.0	0.000324501102216	0.0	0.0	0.0028396729277	0.0	0.0	0.00366616297699	0.00271541262136	0.00139983733734	0.000595206426899	0.00295029008439	0.00223414877683	0.0	0.0	0.0	0.00134185590916	0.000466400233461	0.0	0.000522292250233	0.0	0.000302593854809	0.0	0.00876763322884	0.0	0.00414931438623	0.0
STREPTOMYCIN_RESISTANCE_PROTEIN	0.0	0.00028139278424	0.0	0.0	0.0	0.0	0.0	0.000319613178776	0.0	0.00115553855601	0.0	0.0	0.0	0.0	0.0	0.0	0.00315404607727	0.0	0.0293526831468	0.0	0.0	0.0	0.0	0.0	0.0	0.0	0.0	0.0	0.0	0.0	0.0	0.0	0.000619043543142	0.0	0.0	0.0	0.000378975136902	0.0	0.0	0.0	0.0	0.000368265587381	0.0	0.0	0.0	0.0	0.0	0.00864526781766	0.0	0.0	0.0	0.0	0.0	0.0	0.0	0.0	0.0	0.0	0.0	0.0	0.0	0.0	0.0	0.0
SUL1	0.0	0.0	0.0	0.0	0.0	0.00167755685867	0.0	0.0	0.0	0.0	0.0	0.0	0.0	0.0	0.0	0.0332899386275	0.0	0.0595302431927	0.0	0.0	0.0	0.00018574519754	0.0355092678693	0.0	0.0	0.0	0.0	0.00201289027569	0.0	0.0	0.0	0.0	0.000616856110128	0.0	0.0016916241275	0.0	0.0	0.0	0.0	0.0	0.0	0.000733928591106	0.0	0.0	0.0	0.00842175423808	0.0101302716144	0.00107683989602	0.0	0.0	0.0	0.00497671076605	0.00672434640715	0.00404611440219	0.000767095790337	0.0	0.00188984899024	0.0	0.00054744895287	0.0	0.0	0.0	0.0	0.0220003072669
SUL2	0.0	0.0	0.0	0.0	0.0	0.0	0.0	0.00133034562974	0.0	0.000601221167519	0.0	0.0	0.000638437314699	0.0	0.0	0.0	0.000328207008778	0.0	0.0	0.0	0.0	0.0	0.0	0.0	0.0	0.0	0.0	0.0	0.0	0.0	0.0	0.0	0.0	0.0	0.0	0.0	0.0	0.0	0.0	0.0	0.0	0.000383213637053	0.0	0.0	0.0	0.0	0.0	0.0	0.0	0.0	0.0102604521191	0.00129927043062	0.0	0.00507033376747	0.0	0.0	0.000657844113455	0.0222959191617	0.0	0.0	0.0	0.0	0.0	0.0
TAEA	0.00916961221249	0.00171441159287	0.00166062486809	0.0	0.00176226199618	0.000244212238171	0.0	0.000556363681573	0.00315246297177	0.000251436630243	0.00094197636113	0.0	0.000534001581122	0.0	0.0	0.00363466536712	0.000411778237865	0.0	0.0	0.0	0.000439164654851	0.00235248585835	0.0	0.0	0.0	0.000248608003511	0.0	0.000879086339539	0.00270376412301	0.0	0.0012751740007	0.0	0.00053879715792	0.0	0.00073878029025	0.00280797527727	0.000439798307022	0.0	0.000961484747307	0.0	0.0	0.000480791183525	0.00168564190939	0.0	0.00321857929393	0.000613003202	0.0	0.000940573119051	0.0	0.000882626677268	0.0	0.000543367726386	0.00146835650712	0.000353410609821	0.00187607007489	0.0	0.000687792263682	0.0	0.000717259507696	0.0	0.00384861815258	0.0	0.0014987294291	0.00960815888352
TAP	0.0	0.0	0.0	0.00581598420912	0.0	0.0	0.0	0.0	0.0	0.0	0.0	0.0	0.0	0.0	0.0	0.0	0.0	0.0	0.0	0.0	0.0	0.0	0.00409499706887	0.0	0.0	0.0	0.0	0.0	0.0	0.0	0.0	0.0	0.0	0.0	0.0	0.0	0.0	0.0	0.0	0.0	0.0	0.0	0.0320478031477	0.0	0.0	0.0	0.0	0.0	0.0	0.0	0.0	0.0	0.0	0.0	0.0	0.0	0.0	0.0	0.0	0.0	0.0	0.0	0.0	0.0
TCMA	0.0	0.0	0.0	0.0	0.0	0.0	0.0	0.0	0.0	0.0	0.0	0.0	0.0	0.0	0.0	0.0	0.0	0.0	0.0	0.0	0.0	0.0	0.0	0.0	0.0	0.0	0.0	0.0	0.0	0.0	0.0	0.0	0.0	0.0	0.0	0.0	0.0	0.0	0.0	0.0	0.0	0.0	0.0	0.0	0.0	0.0	0.0133218720579	0.0	0.0	0.0	0.0	0.0	0.0	0.0	0.0	0.0	0.0	0.0	0.0	0.0	0.0	0.0	0.0	0.0
TCR3	0.0	0.0	0.0	0.0	0.0	0.0	0.0	0.0	0.0	0.0	0.0	0.0	0.0	0.0	0.0	0.0	0.0	0.0	0.0	0.0	0.0	0.000102667755671	0.0	0.0	0.0	0.0	0.0	0.0	0.0	0.0	0.0	0.0	0.0	0.0	0.0	0.0	0.0	0.0	0.0	0.0	0.0	0.0	0.0	0.0	0.0	0.0	0.0	0.0	0.0	0.0	0.0	0.0	0.0	0.0	0.0	0.0	0.0	0.0	0.0	0.0	0.0	0.0	0.0	0.0
TEM	0.042291165222	0.000564788364098	0.00191474184079	0.0	0.0	0.0	0.0	0.000641501184448	0.0	0.0	0.0	0.0	0.0	0.0	0.0	0.0167634388462	0.0	0.0	0.0	0.0	0.0	0.0	0.0	0.266213416901	0.0	0.0	0.0	0.00168934741406	0.00415667651652	0.0	0.00117624591096	0.0	0.0	0.0	0.0	0.0	0.0	0.295425241116	0.000147815448696	0.0	0.0	0.000369576141073	0.0	0.00400320927671	0.00148444084161	0.0	0.0	0.0	0.0	0.0	0.0	0.0	0.0	0.00244494742168	0.0	0.0	0.0	0.0	0.0	0.0	0.0	0.0077096602258	0.0	0.0
TET(33)	0.0	0.0	0.0	0.0	0.0	0.0	0.0	0.0	0.0	0.0	0.0	0.0	0.0	0.0	0.0	0.0	0.0	0.0	0.0	0.0	0.0	0.0	0.0	0.0	0.0	0.0	0.0	0.000933084271943	0.0	0.0	0.0	0.0	0.0	0.0	0.0	0.0	0.000175054854392	0.0	0.0	0.0	0.0	0.0	0.0	0.0	0.0	0.0	0.0	0.0	0.0	0.0	0.0	0.0	0.0	0.0	0.0	0.0	0.0	0.0	0.0	0.0	0.0	0.0	0.0	0.0
TET(38)	0.0	0.000881697390619	0.0	0.0	0.0	0.000351665622966	0.0	0.000801163701466	0.00907909335869	0.0	0.00135644596003	0.0	0.0	0.0	0.0	0.0	0.00513899240856	0.0	0.0	0.0	0.000632397102985	0.0	0.0	0.0	0.0	0.0	0.0	0.00105490360745	0.0	0.0	0.0	0.0	0.0	0.0	0.00106384361796	0.0	0.000158327390528	0.0	0.0	0.0	0.0	0.000461559536184	0.0	0.0	0.0	0.0	0.0	0.00270885058287	0.0	0.000635491207633	0.0	0.0	0.0	0.000508911278142	0.0	0.0	0.00019808417194	0.0	0.0	0.0	0.0	0.0	0.000269771297238	0.0
TET(40)	0.0	0.0	0.0	0.0	0.0	0.0	0.0	0.000221997331071	0.0	0.0	0.0	0.0	0.0	0.0	0.0	0.0	0.000219074136401	0.0	0.0	0.0	0.0	0.0	0.0	0.0	0.0	0.0	0.0	0.0	0.0	0.0	0.0	0.0	0.0	0.0	0.0	0.0	0.0	0.0	0.00511528831079	0.0	0.0	0.0	0.0	0.0	0.0	0.0	0.0	0.0	0.0	0.0	0.0	0.0	0.0	0.0	0.0	0.0	0.000439102844203	0.0	0.0	0.0	0.0	0.0	0.0	0.0
TET(42)	0.0	0.0	0.000628554272501	0.120882106374	0.0	0.0	0.0	0.0	0.0	0.0	0.0	0.0	0.0	0.0	0.0	0.0	0.000623439948917	0.0	0.0	0.0	0.0	0.0	0.0	0.0	0.0348520249221	0.190456965082	0.0	0.0	0.0	0.0	0.0	0.0	0.000407874484033	0.0	0.000559263584208	0.0	0.0	0.0	0.0	0.0	0.0	0.0	0.245000962382	0.0	0.0	0.0	0.0200948612164	0.0	0.0	0.0	0.0	0.0	0.0	0.0	0.0	0.0	0.0	0.0	0.0	0.0	0.0	0.0	0.0	0.0
TET(K)	0.0	0.0594713534065	0.0205136013117	0.005182434731	0.0	0.0248234557388	0.0	0.00765818244048	0.0	0.00106490808103	0.0531939592167	0.00222249382587	0.00326683320216	0.0	0.00275070258095	0.035919045981	0.0585209542754	0.0	0.0	0.00672376230186	0.00278998721905	0.00114522638135	0.0291913516544	0.0	0.0	0.00947635213383	0.0	0.0405413935411	0.0827033731745	0.0125799423712	0.0252034390726	0.0	0.0254819361746	0.0321631516295	0.0260745984794	0.00396420039144	0.0192476435544	0.0	0.00262428778088	0.0665208040098	0.0	0.0459296989438	0.0	0.00245076646352	0.0963301849853	0.0493287282551	0.00312294865672	0.0504589814455	0.0065819107765	0.00809939774434	0.0	0.0138079328117	0.0373135300632	0.0473985994348	0.0035944872023	0.00535133054556	0.00446660387709	0.0	0.012826287667	0.101733447002	0.0119533552033	0.0	0.0148109731817	0.0271289192005
TET(W/N/W)	0.0	0.000124182731073	0.0	0.0	0.0	0.0	0.0	0.0	0.0	0.000509955982466	0.000955243633821	0.0	0.000270761365076	0.0	0.0	0.0	0.0	0.0	0.0	0.0	0.0	0.0	0.0	0.0	0.0	0.0	0.0	0.0	0.0	0.0	0.0	0.0	0.0	0.0	0.000187296411613	0.0	0.0	0.0	0.000585016071601	0.0	0.0	0.0	0.0	0.0	0.000652782279332	0.0	0.0	0.0	0.0	0.00022376450973	0.0	0.0	0.0	0.0	0.000339730999476	0.0	0.000139495895733	0.0	0.000727361754283	0.0	0.0	0.0	0.0	0.0
TET32	0.0	0.000869279117512	0.000421003487685	0.0	0.0	0.00396242955455	0.0	0.00183364931674	0.00959059157609	0.0135138335353	0.00573146180293	0.0	9.02537883586e-05	0.0	7.5994491673e-05	0.00368585783708	0.00347981609464	0.0	0.0	0.0	0.000668025108787	0.0	0.0	0.0	0.0	0.000756328574062	0.0	0.000297155945759	0.0	0.0	0.000258626839578	0.0	0.0	0.0	0.000936482058063	0.0	5.57490811718e-05	0.0	0.0213205857206	0.0	0.0	0.00032504192689	0.0	0.0	0.0	0.0	0.0	0.00667674439439	0.0	0.00089505803892	0.0	0.00110204158591	0.0	0.00179194112022	0.00122303159811	0.0	0.00167395074879	0.0	0.000969815672377	0.0	0.0	0.0	0.000189979786787	0.0
TET34	0.0	0.0	0.0	0.0	0.0	0.0	0.0	0.0	0.0	0.00105799309349	0.0	0.0	0.00149797846133	0.0	0.0	0.0	0.0	0.0	0.0	0.0	0.0	0.0	0.0	0.0	0.0	0.0	0.0	0.0	0.0	0.0	0.0	0.0	0.0	0.0	0.0	0.0	0.000231322486161	0.0	0.0	0.0	0.0	0.0	0.0	0.0	0.0	0.0	0.0	0.0	0.0	0.0	0.0	0.0	0.0	0.0	0.0	0.0	0.0	0.0	0.0	0.0	0.0	0.0	0.0	0.0
TET35	0.0	0.0	0.0	0.0	0.00309470399329	0.000428860515813	0.0	0.0017098005824	0.0	0.00110386813278	0.00165420239028	0.0	0.000468879437083	0.0	0.0	0.0	0.0	0.0	0.0	0.0	0.0077121597925	0.0	0.0	0.0	0.0	0.00130973972581	0.0	0.00102917425117	0.0	0.0	0.0	0.0	0.000473090187442	0.0	0.0	0.0	0.000386164367141	0.0	0.000562820339887	0.0	0.0	0.0	0.0	0.0	0.0	0.0	0.0116539303531	0.000825869080142	0.0	0.0011624839164	0.0	0.0	0.0	0.00186187052979	0.0108249897004	0.0	0.000724698190026	0.0	0.00125957767205	0.0	0.0	0.0	0.000328989386876	0.0
TET37	0.0	0.000734747825516	0.0	0.0	0.0	0.0	0.0	0.00083454552236	0.0	0.0	0.0169555745003	0.0	0.0	0.0	0.0	0.0	0.0	0.0	0.0	0.0	0.0	0.0	0.0	0.0	0.0	0.00298329604213	0.0	0.0	0.00540752824603	0.0	0.00153020880084	0.0	0.00161639147376	0.0	0.00332451130612	0.0	0.000659697460533	0.0	0.00115378169677	0.0	0.0	0.0019231647341	0.0	0.0	0.0	0.0	0.0	0.0	0.0	0.0	0.0	0.0	0.0	0.0	0.0	0.0	0.0	0.0	0.00286903803078	0.0	0.0	0.0200593937356	0.0	0.0
TET39	0.0	0.0	0.0	0.0	0.0	0.0	0.0	0.0	0.0	0.0	0.00154531818231	0.0	0.0	0.0	0.0	0.0	0.0	0.0	0.0	0.0	0.0	0.0	0.0	0.0	0.0	0.0	0.0	0.0	0.0	0.0	0.0	0.0	0.0	0.0	0.0	0.0	0.0	0.0	0.0	0.0	0.0	0.0	0.0	0.0	0.0	0.0	0.0	0.0	0.0	0.0	0.0	0.0	0.0	0.0	0.0	0.0	0.0	0.0	0.0	0.0	0.0	0.0	0.0	0.0
TET40	0.0	0.000390900320964	0.0	0.0	0.0	0.0	0.0	0.0	0.0	0.000802615450235	0.0	0.0	0.0	0.0	0.0	0.0	0.000219074136401	0.0	0.0	0.0	0.0	0.0	0.0	0.0	0.0	0.0	0.0	0.0	0.0	0.0	0.0	0.0	0.0	0.0	0.000294784253745	0.0	0.0	0.0	0.0313055644621	0.0	0.0	0.0	0.0	0.0	0.0	0.0	0.0	0.00225181544758	0.0	0.0	0.0	0.0	0.0	0.0	0.00042775982003	0.0	0.00241506564312	0.0	0.0	0.0	0.0	0.0	0.0	0.0
TET41	0.0	0.0	0.00102679858256	0.00151319182031	0.0	0.0	0.0	0.0	0.0	0.0	0.0	0.0	0.0	0.0	0.0	0.0	0.0	0.0	0.0	0.0	0.0	0.0	0.0	0.0	0.0	0.0	0.0	0.0	0.0	0.0	0.0	0.0	0.0	0.0	0.0	0.0	0.0	0.0	0.0	0.0	0.0	0.0	0.0	0.0	0.0	0.0	0.0	0.0	0.0	0.0	0.0	0.0	0.0	0.0	0.0	0.0	0.0	0.0	0.0	0.0	0.0	0.0	0.0	0.0
TET43	0.0	0.0	0.0	0.00114582733214	0.0	0.0	0.0	0.000173662652052	0.0	0.0	0.0	0.0	0.0	0.0	0.0	0.0	0.0	0.0	0.0	0.0	0.0	0.0	0.0	0.0	0.0	0.0	0.0	0.0	0.0	0.0	0.0	0.0	0.0	0.0	0.0	0.0	0.00267692264332	0.0	0.0	0.0	0.0	0.0	0.00420923297605	0.0	0.0	0.0	0.0165714847796	0.0	0.0	0.0	0.0214303084722	0.0	0.0	0.0	0.0	0.0	0.0	0.0	0.0	0.0	0.0	0.0	0.0	0.0
TET44	0.0	0.000123988695556	0.0	0.0	0.0	0.0	0.0	0.0	0.0	0.000127289794061	0.0	0.0	0.0	0.0	0.0	0.0	0.000277950310559	0.0	0.0	0.0	0.0	0.0	0.0	0.0	0.0	0.0	0.0	0.0	0.0	0.0	0.0	0.0	0.0	0.0	0.0	0.0	0.0	0.0	0.000584101983989	0.0	0.0	0.0	0.0	0.0	0.0	0.0	0.0	0.000476165141519	0.0	0.0	0.0	0.0	0.0	0.00107348472733	0.0	0.0	0.000278555866791	0.0	0.0	0.0	0.0	0.0	0.0	0.0
TETA	0.0	0.0109582389977	0.00800658418543	0.00566366081316	0.00271891850839	0.00941961490088	0.0194829931973	0.0173823910229	0.00972760002717	0.0133836126327	0.00726667478586	0.0	0.0035701819995	0.0	0.00104058171812	0.00560776942356	0.00614137829045	0.0	0.0	0.0220443349754	0.00169392081157	0.00337923584381	0.00398774714564	0.0	0.0	0.00728776604578	0.0	0.00158235541117	0.00834304357959	0.0	0.0114109856291	0.0508884150675	0.00374079169642	0.0527245949926	0.000854874335861	0.0043323047135	0.0178118314344	0.0	0.00257128492423	0.0	0.0	0.0123632018621	0.0026007046602	0.0	0.0476717573135	0.0018915527376	0.0102388102388	0.013060529596	0.0	0.00204265031025	0.0	0.00586837144496	0.0317165005537	0.0201746970978	0.0033080092749	0.00389882654034	0.0144318468128	0.0	0.0354121265514	0.0555900621118	0.00831301520957	0.0	0.00346848810735	0.0148240165631
TETA(46)	0.0	0.000552980941852	0.000468678098659	0.00207207102921	0.0	0.00027569604588	0.0	0.00031404500493	0.00355887805872	0.00510933250028	0.0340293063143	0.0	0.00231090579705	0.0	8.46001396848e-05	0.0	0.0004648646309	0.0	0.0	0.0215066682687	0.00396625360757	0.0	0.0	0.0	0.0	0.0	0.0779616724739	0.00198483605582	0.00610466603384	0.0	0.0	0.0	0.000912388218638	0.0	0.00208505935576	0.0	0.000434434913034	0.0	0.00043417569077	0.0	0.0	0.000723699621195	0.0	0.0	0.000726703617583	0.00484422042556	0.0	0.0	0.0	0.0256576807263	0.0	0.00184025585382	0.0	0.000797944512766	0.0187588330833	0.0	0.000155292469291	0.0	0.0197033935842	0.0	0.0	0.00377424133005	0.00444135672282	0.0
TETA(48)	0.0	0.000925396678201	0.000784318450818	0.0242728320564	0.0	0.0	0.0	0.000788317053192	0.0	0.0	0.0	0.0	0.000336280879074	0.0	0.0	0.0	0.00103724897235	0.0	0.0	0.0	0.0	0.0	0.0	0.0	0.0	0.00845412172873	0.0	0.000830390594783	0.00170266195502	0.0	0.000481815016007	0.0	0.00101790250243	0.0	0.00104678490105	0.00530486291449	0.00799714880728	0.0	0.0	0.0	0.0	0.0009083168715	0.0605061900537	0.0	0.00243223251599	0.0	0.0417910621992	0.000888471401086	0.0	0.00083373482051	0.0	0.001026537279	0.0	0.000667667857621	0.0	0.0	0.000259877193508	0.0	0.0	0.0	0.0	0.00631607732784	0.0	0.0
TETA(60)	0.0	0.000822308447209	0.00139389237632	0.0010270887485	0.0	0.00054663050202	0.0	0.00326899696842	0.0176407254379	0.000844201742994	0.0158134891713	0.0	0.00209173676336	0.0	0.0	0.0	0.000307233503899	0.0	0.0	0.00533023643619	0.00122875084777	0.0	0.0	0.0	0.0	0.000278234864033	0.0	0.00295154377213	0.0	0.0	0.0	0.0	0.00150751536413	0.0	0.0012402321971	0.0	0.00129204994861	0.0	7.17377220788e-05	0.0	0.0	0.000717450056245	0.0	0.0	0.0	0.000686055397057	0.0	0.0005263310718	0.0	0.00617381354566	0.0	0.00060812139326	0.0016433419976	0.00039552690011	0.00607396780722	0.0	0.000461854286908	0.0104355683814	0.0034785227938	0.0	0.00172290470665	0.0	0.0	0.0
TETB	0.0	0.014283497728	0.00657607447763	0.0185012919897	0.005075314549	0.020396606132	0.0181841269841	0.0266386930737	0.0	0.00271551560663	0.0217031353604	0.0	0.00230688683045	0.000232550586248	0.00226615574169	0.015701754386	0.0373565217391	0.0	0.0367886962107	0.0	0.00632397102985	0.00163538327256	0.0111656920078	0.0	0.0	0.0186157673029	0.0	0.0126588432894	0.0	0.0	0.0227695069565	0.0	0.00775867907405	0.0	0.00638306170776	0.0444783283919	0.0228783079313	0.0	0.00498433693004	0.0	0.086006006006	0.022616417273	0.00242732434952	0.0	0.055617050199	0.00970997071968	0.0	0.0257340805372	0.00671354899203	0.0076258944916	0.00617907227616	0.00704204573396	0.025373200443	0.0167940721787	0.00289450811554	0.00181945238549	0.0120831344884	0.0	0.00447569932802	0.0	0.00221680405588	0.0144427634897	0.00674428243096	0.00922383252818
TETB(46)	0.0	0.000549154084123	0.00116358662902	0.00102886571865	0.0	0.000273788114766	0.0	0.000155935841548	0.00353424914482	0.00563774866428	0.0369619790146	0.0	0.00299336526442	0.0	0.0	0.0	0.000461647574631	0.0	0.0	0.0	0.00664673425716	9.09444479304e-05	0.0	0.0	0.0	0.0	0.0774221453287	0.00147832512462	0.0111144352185	0.0199799084719	0.0	0.0	0.00181214822664	0.0	0.00124237792755	0.0	0.000493061077769	0.0	7.18618357849e-05	0.0	0.0	0.00107803697898	0.0	0.0	0.00288669810722	0.00274896937644	0.0	0.000527241679191	0.010453622998	0.0269643976941	0.00962139281755	0.00182752051919	0.0	0.000792422405411	0.0202064710142	0.0	0.000462653342767	0.0	0.0276082863793	0.0	0.000862942755318	0.00749624402578	0.000420059113347	0.0
TETB(48)	0.0	0.0	0.0	0.00219440732613	0.0	0.000583946606402	0.0	0.0	0.0	0.0	0.0	0.0	0.000212812438233	0.0	0.0	0.0	0.0	0.0	0.0	0.0	0.0	0.0	0.0	0.0	0.0	0.00356674508358	0.0	0.0	0.0	0.0	0.0	0.0	0.0	0.0	0.0	0.0	0.0043379368069	0.0	0.0	0.0	0.0	0.0	0.040306123885	0.0	0.0	0.0	0.0370259558451	0.0	0.0	0.0	0.0	0.0	0.0	0.0	0.0	0.0	0.0	0.0	0.0	0.0	0.0	0.0	0.000895919437323	0.0
TETB(60)	0.0	0.000137051407868	0.00255546935659	0.0	0.0	0.00054663050202	0.0141327411794	0.00622666089222	0.00352814508758	0.000140700290499	0.00737962827994	0.0	0.00478111260196	0.0	8.38695685303e-05	0.0	0.000460850255849	0.0	0.0	0.0	0.0031947522042	9.0787376345e-05	0.00289266632326	0.0	0.0	0.0025041137763	0.0	0.00524718892823	0.0	0.0	0.000285427548343	0.0	0.000603006145652	0.012748606734	0.00186034829566	0.0	0.00178425945284	0.0	0.000573901776631	0.0	0.0	0.000179362514061	0.0	0.0	0.000720428111387	0.00137211079411	0.0	0.0	0.0	0.0046920982947	0.0	0.00364872835956	0.0	0.00197763450055	0.00532409523842	0.0	0.000461854286908	0.0208711367628	0.00749220294049	0.0	0.0	0.0	0.00272566854723	0.0
TETC	0.0	0.0	0.0	0.0	0.0	0.0	0.0	0.000915034684415	0.0	0.0016541211817	0.00309848061935	0.0	0.0	0.0	0.0	0.0	0.000902985780496	0.0	0.0	0.0	0.0	0.0	0.0	0.0	0.0	0.00899531903059	0.0	0.0	0.0	0.0	0.0	0.0	0.0	0.0	0.0	0.0	0.0	0.0	0.0	0.0	0.0	0.000527161906809	0.0	0.0	0.0	0.0	0.0	0.0	0.0	0.000725814831053	0.0	0.0	0.0	0.00232497538237	0.000440788037899	0.00415610951	0.00497724188378	0.0	0.0	0.0	0.00253188280494	0.0	0.00123245770312	0.0
TETD	0.0	0.0	0.0	0.0	0.0	0.0	0.0	0.0	0.0	0.000827060590852	0.0	0.0	0.000146376067922	0.0	0.0	0.0	0.000225746445124	0.0	0.0	0.0	0.0	0.0	0.0	0.0	0.0	0.00286214696428	0.0	0.0	0.0	0.0	0.0	0.0	0.0	0.0	0.000607524908733	0.0	0.0	0.0	0.0	0.0	0.0	0.0	0.0	0.0	0.0	0.0	0.0	0.0	0.0	0.000362907415526	0.0	0.0	0.0	0.00116248769119	0.0	0.0	0.000904953069778	0.0	0.0	0.0	0.0	0.0	0.0	0.0
TETL	0.0	0.00190585243824	0.000293691297632	0.0	0.0	0.0	0.0	0.000590377181757	0.0	0.0	0.0	0.0	0.0	0.0	0.0	0.0	0.000194201090347	0.0	0.0	0.0	0.0	0.0	0.0	0.0	0.0	0.0	0.0	0.00124377281227	0.0	0.0	0.000721670526159	0.0	0.000762315629547	0.0	0.0	0.0	0.0	0.0	0.00399037163249	0.0	0.0	0.00181398944352	0.0	0.0	0.000910759555661	0.00173461168077	0.0	0.00465768522709	0.0	0.000312195462265	0.0	0.0	0.0	0.00150006599452	9.47983007272e-05	0.0	0.000583872559213	0.0	0.0	0.0	0.0	0.0	0.000795177404523	0.0
TETM	0.0371950467211	0.0303005863818	0.0338907807586	0.00744518792341	0.0160837432891	0.0482921101961	0.0	0.365601463767	0.00639372771739	0.0323822048866	0.110808261523	0.000798219613516	0.0205778637458	0.0	7.5994491673e-05	0.0258010048596	0.0300656110577	0.0	0.0129537662714	0.00482974475204	0.0142512023208	0.000246788220205	0.00786316338577	0.0334477845514	0.0	0.03227001916	0.0	0.0114405039117	0.0804274623635	0.00903629663284	0.00982781990397	0.0334477845514	0.0117472957811	0.0115515544585	0.0215390873355	0.0882732509699	0.0130452849942	0.0649565670999	0.121553339321	0.0286695296155	0.0	0.0117015093681	0.00170938334473	0.00176040971323	0.011750081028	0.00435145934941	0.00224324480975	0.0281377085192	0.0	0.0606401821368	0.0174058373976	0.0253469564759	0.0223355637702	0.0361972106284	0.233123411841	0.0128130449682	0.0252487571276	0.0756456224454	0.0933447584663	0.0121793563312	0.0210752498271	0.013561280272	0.0199478776127	0.00974348506498
TETO	0.0	0.005091491974	0.00168401395074	0.0	0.0	0.00495303694319	0.0	0.0023978491065	0.0	0.00471709283781	0.00859719270439	0.0	9.02537883586e-05	0.0	0.0	0.00737171567416	0.0057068983952	0.0	0.0	0.0	0.0	0.0	0.0	0.0	0.0	0.0	0.0	0.0	0.00365579374379	0.0	0.0	0.0	0.0	0.0	0.00243485335096	0.0	0.000167247243515	0.0	0.0348409571531	0.0	0.0	0.000162520963445	0.0	0.0	0.0	0.000621637049915	0.0	0.00524601345273	0.0	0.00022376450973	0.0	0.00110204158591	0.0	0.00143355289617	0.000543569599162	0.0	0.00306890970612	0.0	0.00509153227998	0.0	0.00078056480841	0.0	0.00075991914715	0.0
TETP	0.0	0.0022618365365	0.00031950264683	0.0	0.00542492053931	0.00150355848299	0.174930437733	0.00363949068659	0.033965729311	0.000193504675057	0.00144988285514	0.0	0.0	0.0	0.0	0.162239029879	0.00105634322303	0.0	0.0	0.0	0.0	0.00437008594212	0.0	0.0	0.0	0.0	0.0	0.0	0.00138720439566	0.0	0.0	0.0	0.0	0.0	0.0	0.0	0.0	0.0	0.0	0.0	0.0	0.0	0.0	0.0	0.00099080255699	0.0	0.0204289800489	0.00579089198237	0.0	0.0	0.0	0.0	0.0045201663497	0.00054396692438	0.000412518971336	0.0447300052015	0.00190556032389	0.0	0.0	0.0	0.0	0.0	0.00115341647275	0.0
TETQ	0.0271320032589	0.00652214508129	0.00143314200945	0.00090515127151	0.00521436426267	0.00192693492036	0.0	0.009877360703	0.01243711419	0.0317430134839	0.00371629030144	0.0	0.000614467572798	0.0	7.39124508053e-05	0.0107546262918	0.00663357818807	0.0	0.0	0.014092268934	0.0051977844081	8.0008966368e-05	0.0	0.0	0.0	0.00196161931537	0.0	0.00317916155669	0.0062223612694	0.0	0.00427619993659	0.0	0.00557987193682	0.0112350735144	0.0029146400492	0.0	0.000759103927189	0.0	0.0220640992971	0.00464734384178	0.0	0.00189682001172	0.0	0.0	0.00126979566664	0.00241842359145	0.0174542883828	0.012523795503	0.0	0.00174107180173	0.0169289651402	0.00160777299862	0.00724121017208	0.00209141621154	0.000594761941549	0.00124620026403	0.0063766822474	0.0	0.00212230210496	0.0	0.00683261524074	0.0	0.000369549722244	0.00315884675623
TETR	0.0	0.0011445110359	0.0	0.0	0.0	0.00228244514906	0.0	0.000433321713533	0.0196422692856	0.00313328723842	0.0	0.0	0.000277270051736	0.0	0.0	0.0	0.0	0.0	0.0	0.0	0.00136816680934	0.000758161888035	0.0	0.0	0.0	0.007745095494	0.0	0.000456448676299	0.0	0.0	0.00317812597097	0.0	0.0	0.0	0.00230158475039	0.0	0.000685070439785	0.0	0.0	0.0	0.0	0.0	0.0	0.0	0.00401084496628	0.0	0.0	0.00146512351237	0.0	0.000687430392872	0.0267363704257	0.00338559891056	0.0	0.0022020199535	0.000208738566024	0.0	0.00342837989897	0.0	0.000744846411838	0.0	0.0	0.0	0.0	0.0
TETS	0.0	0.000246437158869	0.00417734827066	0.0	0.0	0.0	0.0	0.0	0.0	0.0	0.0	0.0	0.0	0.0	0.0	0.0	0.0	0.0	0.0	0.0	0.0	0.00097948865038	0.0	0.199128580699	0.0	0.0	0.0	0.0	0.00544111537799	0.0	0.0	0.0	0.0	0.0	0.000557526740779	0.0	0.0	0.0	0.0	0.00474115668331	0.0	0.0	0.0	0.0	0.0	0.0	0.0	0.00615169872274	0.0	0.0	0.0	0.00109348536242	0.0	0.000355605706776	6.74186672874e-05	0.0	0.0	0.0	0.0	0.0	0.0	0.0	0.00301607661509	0.0
TETT	0.0	0.0	0.0	0.0	0.0	0.0	0.0	0.0	0.0	0.0	0.0	0.0	0.0	0.0	0.0	0.0	0.0	0.0	0.0	0.0	0.0	0.0	0.0	0.0	0.0	0.0	0.0	0.0	0.0	0.0	0.0	0.0	0.0	0.0	0.0	0.0	0.0	0.0	6.38035961346e-05	0.0	0.0	0.0	0.0	0.0	0.0	0.0	0.0	0.0	0.0	0.0	0.0	0.0	0.0	0.0	0.0	0.0	0.000136924542816	0.0	0.0	0.0	0.0	0.0	0.0	0.0
TETV	0.0	0.0	0.0	0.00580179888178	0.0	0.0	0.0	0.0	0.0	0.0	0.0	0.0	0.0	0.0	0.0	0.0	0.0	0.0	0.0	0.0	0.0	0.0	0.0	0.0	0.0	0.0	0.0	0.0	0.0	0.0	0.0	0.0	0.000425781168698	0.0	0.0	0.0	0.0	0.0	0.0	0.0	0.0	0.0	0.0159848188871	0.0	0.0	0.0	0.0	0.00148656434426	0.0	0.0	0.0	0.0	0.0	0.0	0.0	0.0	0.0	0.0	0.0	0.0	0.0	0.0	0.000296090448188	0.0
TETW	0.0	0.0150261104598	0.00378903138916	0.0	0.0	0.0163450219125	0.0	0.00705249737206	0.0159843192935	0.026262733097	0.0143286545073	0.0	0.00388091289942	0.0	0.000151988983346	0.00737171567416	0.0125273379407	0.0	0.0	0.0	0.000668025108787	0.000904890140753	0.0	0.0	0.0	0.00327742382093	0.0	0.000891467837278	0.0	0.0	0.000517253679156	0.0	0.000273192925143	0.0	0.00224755693935	0.0	0.000836236217577	0.0649565670999	0.0640267589474	0.0	0.0	0.00113764674412	0.0	0.0	0.00261112911733	0.00248654819966	0.0	0.0147842197304	0.0	0.00626540627244	0.0	0.00275510396477	0.00148903758468	0.00430065868852	0.00529980359183	0.00256260899365	0.011996647033	0.0	0.00218208526285	0.0	0.00312225923364	0.0	0.0	0.0
TETX	0.0	0.00267250245343	0.0	0.0	0.0	0.0	0.0	0.0	0.0	0.000844201742994	0.0	0.0	0.0	0.0	0.0	0.0	0.00115212563962	0.0	0.0	0.0	0.0	0.0	0.0	0.0	0.0	0.00041735229605	0.0	0.000245961981011	0.0	0.0	0.000428141322514	0.0	0.000452254609239	0.0	0.0	0.0	0.000184578564087	0.0	0.00193691849613	0.0	0.0	0.000538087542184	0.0	0.0	0.0	0.0	0.00742711623541	0.0	0.0	0.0	0.0	0.0	0.0	0.00118658070033	0.000112480885319	0.0	0.000230927143454	0.0	0.00120410404401	0.0	0.00129217852998	0.0	0.0	0.0
TOLC	0.0	0.000160308616476	0.00217390891823	0.00240276519346	0.00230696115864	0.000319696020878	0.033062049062	0.00109249595654	0.00412686061759	0.00987460220593	0.0	0.0	0.0158452832798	0.0	9.81019801597e-05	0.0	0.00197653554175	0.0	0.0	0.0	0.00143726614315	0.000212387437995	0.0	0.0	0.0301346801347	0.000325450477324	0.0	0.00153440524719	0.00235964868918	0.0	0.00300477364528	0.0	0.00352667230639	0.0	0.00193426112356	0.0	0.000503768969862	0.0	0.0	0.0	0.0	0.00104899894587	0.0	0.00227252890254	0.00421341289387	0.0	0.0	0.00307823929871	0.0	0.00115543855933	0.0	0.000711317750905	0.0	0.00185058646597	0.0	0.0	0.00216091823935	0.0	0.000625971933989	0.0	0.0	0.00437659499687	0.000980986535412	0.0
TRANSCRIPTIONAL_REGULATORY_PROTEIN_CPXR_CPXR	0.0	0.00102611334253	0.00173936139201	0.0128164738229	0.0	0.00204633013364	0.0	0.02486370108	0.0	0.0168549244549	0.0078931122674	0.00219854453895	0.0236157595789	0.0287179926552	0.0318154870139	0.0	0.00843435425145	0.0	0.0	0.0	0.0110396908064	0.00158603981175	0.0	0.0	0.0	0.00347193935938	0.0	0.00163691939086	0.0100691905271	0.0248887652948	0.0	0.0	0.010534413398	0.0318165659438	0.00309523466432	0.0	0.000307100541972	0.0	0.000358070181756	0.0	0.0	0.000447633170868	0.00470817222967	0.0	0.00539389495465	0.00171218135731	0.0	0.00394067703326	0.0	0.00739580284745	0.0	0.0106237758917	0.00410127162332	0.00493556196474	0.0131001444884	0.0	0.0034579348981	0.0	0.00667793334751	0.0	0.00214991772661	0.0	0.00104652658411	0.0
TRIA	0.0	0.0	0.0	0.0	0.0	0.0	0.0213651622529	0.0	0.0	0.0	0.0	0.0206422093004	0.011895826345	0.0	0.0	0.0	0.000232230024488	0.0	0.0	0.0	0.0	0.0	0.0	0.0	0.0	0.0	0.0	0.0	0.0	0.0	0.0	0.0	0.0	0.0	0.00187492021442	0.0	0.0	0.0	0.0	0.0	0.0	0.0	0.0	0.0	0.0	0.0	0.0	0.0	0.0	0.0	0.0	0.0	0.0	0.0	0.0	0.0	0.0	0.0	0.0	0.0	0.0	0.0	0.0	0.0
TRIC	0.0175622917646	0.000312720256771	0.000397568318173	0.00117179189238	0.0	0.0	0.0	0.000976788256713	0.00201260690217	0.00120392317535	0.00120275996456	0.187692888068	0.110969211327	0.0455020161861	0.0404271977845	0.00696136893959	0.000701037236484	0.0	0.0	0.0	0.000140186549923	0.0	0.0	0.0	0.0	0.000793586139287	0.0	0.000467691254533	0.0	0.0	0.00179102271468	0.0	0.00171990422824	0.0	0.0219319484786	0.0	0.000280777638375	0.0	0.000204611532432	0.0	0.0	0.000511580766707	0.00430461460999	0.0	0.000410963425116	0.0	0.0	0.00180145235806	0.00595290058407	0.00309919357417	0.0	0.00173449402314	0.000937433513903	0.00157937982872	0.0	0.000806653766966	0.0	0.00595290058407	0.000305276953029	0.0	0.000491409766083	0.0	0.000119603038184	0.0
TRUNCATED_PUTATIVE_RESPONSE_REGULATOR_ARLR	0.0542640065177	0.0702942303206	0.105643039554	0.0651708915487	0.0573580068894	0.179927548189	0.0373646444879	0.0905424731109	0.03731134257	0.0204593641595	0.136573668578	0.00116452587451	0.0360780246314	0.00175209345804	0.00598690851523	0.139810141793	0.172202274597	0.0	0.0755932113918	0.014092268934	0.0227403067854	0.0307234430853	0.168250153542	0.0	0.0	0.0823880112457	0.0	0.197252523858	0.0640014301996	0.0790985417587	0.324488112835	0.292782662032	0.141091047545	0.0	0.0923576565592	0.207713239688	0.256848235935	0.0	0.0519675920407	0.20913047288	0.176724669875	0.232360451435	0.0	0.0	0.169517721497	0.21221667015	0.0392721488612	0.16698394004	0.165539564187	0.122745562022	0.0380901715654	0.149522888872	0.156410139717	0.180907502298	0.049166987168	0.0112158023763	0.225083315924	0.0275899273645	0.0700359694637	0.248759182053	0.0478283066852	0.0	0.0886919333386	0.0379061610747
TYPE_A_NFXB	0.0	0.0	0.0	0.0	0.0	0.0	0.0	0.0	0.0	0.0	0.0	0.0	0.0	0.0	0.0	0.0	0.0	0.0	0.0	0.0	0.0	0.0	0.0	0.0	0.0	0.000861486557621	0.0	0.0	0.0	0.0	0.0	0.0	0.0	0.0	0.0	0.0	0.0	0.0	0.0	0.0	0.0	0.0	0.0	0.0	0.0	0.0	0.0	0.0	0.0	0.0	0.0	0.0	0.0	0.0	0.0	0.0	0.0	0.0	0.0	0.0	0.0	0.0	0.0	0.0
UGD	0.0306283954314	0.0511293589921	0.0627485082244	0.0383172928726	0.00294315921012	0.021616559556	0.0210898379971	0.0171899170482	0.0263246907952	0.0371633708021	0.0409031384853	0.00131459364185	0.0217013838431	0.000179807154316	0.000876091137251	0.0849837221921	0.0259038227573	0.0	0.0640009534593	0.0477248489157	0.0220035074492	0.0864356659706	0.0604328691144	0.0275426988768	0.0384450171821	0.0228360547555	0.0	0.0391510617197	0.018062259296	0.0744097106751	0.0183151795647	0.0	0.0269954039948	0.0	0.0249852447646	0.0328272573652	0.0123030175887	0.0534887195577	0.0397162586135	0.110170795507	0.0	0.0216802127499	0.00844558729859	0.00579846292142	0.0376275146321	0.0368560275677	0.0147776642622	0.0361296437277	0.0155726651877	0.0117926203478	0.0573315984386	0.0208720427682	0.0490461348769	0.0188874288795	0.0269681619528	0.0105509481117	0.011027366273	0.0	0.0191663571541	0.0401165396683	0.123409710328	0.111670851724	0.119206930184	0.117675183027
VANA	0.0	0.000466780971504	0.000395619453868	0.0	0.0	0.0	0.0	0.000265090930632	0.0	0.000239604318232	0.00179529612356	0.0	0.0	0.0	0.0	0.0	0.000261600292291	0.0	0.0	0.0	0.0	0.0	0.0	0.0	0.0	0.0	0.0	0.000279239190206	0.0	0.0	0.0	0.0	0.0	0.0	0.0	0.0	0.0	0.0	0.000122165120834	0.0	0.0	0.00030544381071	0.0	0.0	0.0	0.00116831198499	0.0	0.0	0.0	0.0	0.0	0.0	0.0	0.0	0.0	0.0	0.000262170227568	0.0	0.0	0.0	0.0	0.0	0.0	0.0
VANB	0.0	0.0	0.0	0.0	0.0	0.0	0.0	0.0	0.0	0.0	0.0	0.0	0.0	0.0	0.0	0.0	0.00026007046602	0.0	0.0	0.0	0.0	0.0	0.0	0.0	0.0	0.000471046743495	0.0	0.0	0.0	0.0	0.0	0.0	0.0	0.0	0.0	0.0	0.0	0.0	0.000121450704923	0.0	0.0	0.0	0.0	0.0	0.0	0.0	0.0	0.00089106927068	0.0	0.000418086320811	0.0	0.0	0.0	0.0	0.0	0.0	0.0	0.0	0.0	0.0	0.0	0.0	0.0	0.0
VAND	0.0	0.00115674584775	0.0	0.0	0.0	0.000461368893105	0.0	0.000788317053192	0.0	0.00142505192185	0.0	0.0	0.0	0.0	0.0	0.013733312874	0.000259312243087	0.0	0.0	0.0	0.0	0.0	0.0	0.0	0.0	0.00140902028812	0.0	0.000276796864928	0.0	0.0	0.000481815016007	0.0	0.0	0.0	0.0	0.010609725829	0.000727013527935	0.0	0.00254302904594	0.0	0.0	0.0	0.0	0.0	0.0	0.0	0.0	0.000888471401086	0.0	0.0	0.0	0.0	0.0	0.000667667857621	0.0	0.00238703665735	0.00155926316105	0.0	0.0	0.0	0.0	0.0	0.0	0.0
VANE	0.0	0.000411154223605	0.0	0.0	0.0	0.0	0.0	0.0	0.0	0.0	0.0	0.0	0.0	0.0	0.0	0.0	0.0	0.0	0.0	0.0	0.0	0.0	0.0	0.0	0.0	0.0	0.0	0.0	0.0	0.0	0.0	0.0	0.0	0.0	0.0	0.0	0.0	0.0	0.000215213166237	0.0	0.0	0.0	0.0	0.0	0.0	0.0	0.0	0.0	0.0	0.0	0.0	0.0	0.0	0.0	0.0	0.0	0.0	0.0	0.0	0.0	0.0	0.0	0.0	0.0
VANG	0.0	0.000624824922486	0.0	0.0	0.0	0.00186908894096	0.0	0.0	0.0	0.000320730189759	0.0	0.0	0.0	0.0	0.0	0.0	0.000350173619602	0.0	0.0	0.0	0.0	0.0	0.0	0.0	0.0	0.0	0.0	0.0	0.0	0.0	0.0	0.0	0.0	0.0	0.0	0.0	0.0	0.0	0.00228939360304	0.0	0.0	0.0	0.0	0.0	0.0	0.0	0.0	0.0	0.0	0.0	0.0	0.0	0.0	0.0	0.000170935518634	0.0	0.0	0.0	0.0	0.0	0.0	0.0	0.0	0.0
VANH	0.0	0.0	0.0	0.0	0.0	0.0	0.0	0.0	0.0	0.0	0.0	0.0	0.0	0.0	0.0	0.0	0.0	0.0	0.0	0.0	0.0	0.0	0.0	0.0	0.0	0.0	0.0	0.0	0.0	0.0	0.0	0.0	0.0	0.0	0.0	0.0	0.0	0.0	0.00115735377632	0.0	0.0	0.0	0.0	0.0	0.0	0.0	0.0	0.0	0.0	0.0	0.0	0.0	0.0	0.0	0.0	0.0	0.0	0.0	0.0	0.0	0.0	0.0	0.0	0.0
VANI	0.0	0.0	0.0	0.0	0.0	0.0	0.0	0.0	0.0	0.0	0.0	0.0	0.0	0.0	0.0	0.0	0.0	0.0	0.0	0.0	0.0	0.0	0.0	0.0	0.0	0.0	0.0	0.0	0.0	0.0	0.0	0.0	0.0	0.0	0.0	0.0	0.0	0.0	0.0	0.0	0.0	0.0	0.0	0.0	0.0	0.0	0.00411906159033	0.0	0.0	0.0	0.0	0.0	0.0	0.0	0.0	0.0	0.0	0.0	0.0	0.0	0.0	0.0	0.0	0.0
VANN	0.0	0.0	0.0	0.0	0.0	0.0	0.0	0.0	0.0	0.0	0.0	0.0	0.0	0.0	0.0	0.0	0.0	0.0	0.0	0.0	0.0	0.0	0.0	0.0	0.0	0.0	0.0	0.0	0.0	0.0	0.0	0.0	0.0	0.0	0.0	0.0	0.0	0.0	0.0	0.0	0.0	0.0	0.0	0.0	0.0	0.0	0.0	0.0	0.0	0.0	0.0	0.002053074558	0.0	0.0	0.0	0.0	0.0	0.0	0.0	0.0	0.0	0.0	0.0	0.0
VANR	0.0	0.00935600287862	0.00234953038105	0.127246877221	0.0249333138324	0.00552836787196	0.0	0.00708452618108	0.0	0.0192101977412	0.00799651548487	0.00111367321624	0.00176290478309	0.0	0.0	0.0308549758676	0.0104868588787	0.0	0.0	0.0	0.000621350865379	0.00114772687563	0.0	0.0	0.0	0.267324169365	0.0	0.00207295468712	0.0	0.0	0.00216501157848	0.0	0.00228694688864	0.0	0.00313578359006	0.0	0.0161784320452	0.18125435099	0.0656597514073	0.0	0.0	0.00136049208264	0.33388959393	0.0	0.00182151911132	0.00173461168077	0.0813739503696	0.0146384392851	0.0131925635215	0.00124878184906	0.0121422817654	0.00615025828293	0.00415500007254	0.0020000879927	0.00455031843491	0.0143013724624	0.00817421582898	0.0	0.0	0.0679703816214	0.0	0.0	0.0	0.0
VANRI	0.0	0.00171018890422	0.0	0.0	0.0	0.000682110044547	0.0	0.00194247664687	0.0	0.000351144259478	0.0	0.0	0.0	0.0	0.0	0.0	0.00115013921611	0.0	0.0	0.0	0.0	0.0	0.0	0.0	0.0	0.0	0.0	0.000409229847716	0.0	0.0	0.0	0.0	0.0	0.0	0.0	0.0	0.0	0.0	0.00984692999828	0.0	0.0	0.0	0.0	0.0	0.0	0.0	0.0	0.0	0.0	0.0	0.0	0.0	0.0	0.0	0.000187144921263	0.00352911023048	0.000384214988677	0.0	0.0	0.0	0.00214991772661	0.0	0.0	0.0
VANS	0.0	0.000532568893663	0.000601837200516	0.00266078024779	0.0	0.00495636112906	0.0	0.00080654063906	0.0	0.00492073297846	0.0	0.0	0.000129020516244	0.0	0.0	0.00526904509596	0.00537246237859	0.0	0.0	0.0	0.0	0.0	0.0374687651268	0.0	0.0	0.0054059726938	0.0	0.00424793398972	0.0	0.0	0.000369714878055	0.0	0.00468645044741	0.0165132959708	0.00187422113902	0.0	0.000478169971393	0.0	0.0105001877907	0.0	0.0	0.00441424388633	0.00488723023394	0.0	0.0	0.00710919149702	0.0064135724091	0.00272703078812	0.0	0.000959634373942	0.0	0.00866470951605	0.00212862419824	0.00614792148091	0.0	0.0128216443273	0.00239296315096	0.0	0.00103978559505	0.0	0.00223168193545	0.0	0.000271581842857	0.0
VANSD	0.0	0.000340569807535	0.0	0.0	0.0	0.00135836506725	0.0	0.00154731186978	0.0	0.00244746041799	0.0	0.0	0.0	0.0	0.0	0.0	0.00114520299629	0.0	0.0	0.0	0.0	0.0	0.0	0.0	0.0	0.0	0.0	0.0	0.0	0.0	0.0	0.0	0.0	0.0	0.00154097519769	0.0	0.0	0.0	0.0035653339986	0.0	0.0	0.0	0.0	0.0	0.0	0.0	0.0	0.0	0.0	0.0	0.0	0.0	0.0	0.0	0.0	0.0	0.0	0.0	0.000664927268937	0.0	0.0	0.0	0.0	0.0
VANTG	0.0	0.0	0.0	0.0	0.0	0.000222260576313	0.0	0.0	0.0	0.0	0.0	0.0	0.0	0.0	0.0	0.0	0.0	0.0	0.0	0.0	0.0	0.0	0.0	0.0	0.0	0.0	0.0	0.0	0.0	0.0	0.0	0.0	0.0	0.0	0.0	0.0	0.0	0.0	0.0	0.0	0.0	0.0	0.0	0.0	0.0	0.0	0.0	0.0	0.0	0.0	0.0	0.0	0.0	0.0	0.0	0.0	0.0	0.0	0.0	0.0	0.0	0.0	0.0	0.0
VANU	0.0	0.00105803686874	0.00358694971507	0.0	0.0	0.00632998121339	0.0	0.00721047331319	0.0	0.00434482497061	0.0	0.0	0.0	0.0	0.0	0.0	0.00474368530021	0.0	0.0	0.0	0.0	0.0	0.0	0.0	0.0	0.0	0.0	0.0	0.0	0.0	0.00440700134641	0.0	0.0	0.0	0.0	0.0	0.0	0.0	0.0332289128669	0.0	0.0	0.0	0.0	0.0	0.0	0.0	0.0	0.0162531034972	0.0	0.0	0.0	0.0	0.0	0.0	0.0	0.0	0.00237701006328	0.0	0.0	0.0	0.0	0.0	0.0	0.0
VANVB	0.0	0.0	0.0	0.0	0.0	0.0	0.0	0.0	0.0	0.00285843748066	0.0	0.0	0.0	0.0	0.0	0.0	0.0	0.0	0.0	0.0	0.0	0.0	0.0	0.0	0.0	0.0	0.0	0.0	0.0	0.0	0.0	0.0	0.0	0.0	0.0	0.0	0.0	0.0	0.0102018592135	0.0	0.0	0.0	0.0	0.0	0.0	0.0	0.0377219324588	0.0	0.0	0.0	0.0	0.0	0.0	0.0	0.0	0.00718204889009	0.00156382241006	0.0	0.0	0.0	0.0	0.0	0.0	0.0
VANW	0.0	0.000577111019314	0.0	0.0	0.0	0.0	0.0	0.0	0.0	0.0	0.0	0.0	0.0	0.0	0.0	0.0	0.00032343308865	0.0	0.0	0.0	0.0	0.0	0.0	0.0	0.0	0.0	0.0	0.0	0.0	0.0	0.0	0.0	0.0	0.0	0.0	0.0	0.0	0.0	0.0	0.0	0.0	0.0	0.0	0.0	0.0	0.0	0.0	0.0	0.0	0.0	0.0	0.0	0.0	0.0	0.0	0.0	0.0	0.0	0.0	0.0	0.0	0.0	0.0	0.0
VANX	0.0	0.0	0.0	0.0	0.0	0.0	0.081018387553	0.0	0.0	0.0	0.0	0.0	0.0	0.0	0.0	0.0	0.0	0.0	0.0	0.0	0.0	0.0	0.0	0.0	0.0	0.0	0.0	0.0	0.0	0.0	0.0	0.0	0.0	0.0	0.0	0.0	0.0	0.0	0.00226186906891	0.0	0.0	0.0	0.0	0.0	0.0	0.0	0.0	0.0	0.0	0.0	0.0	0.0	0.0	0.0	0.0	0.0	0.0	0.0	0.0	0.0	0.0	0.0	0.0	0.0
VANY	0.0	0.0	0.0	0.0	0.0	0.0	0.0	0.0	0.0	0.0	0.0	0.0	0.0	0.0	0.0	0.0	0.000272000303911	0.0	0.0	0.0	0.0	0.0	0.0	0.0	0.0	0.0	0.0	0.0	0.0	0.0	0.0	0.0	0.0	0.0	0.0	0.0	0.0	0.0	0.00165128389629	0.0	0.0	0.0	0.0	0.0	0.00127562041741	0.0	0.0	0.0	0.0	0.0	0.0	0.0	0.0	0.0	0.0	0.0	0.0	0.0	0.0	0.0	0.0	0.0	0.000371244904456	0.0
VANYG1	0.0	0.000284418513103	0.0	0.0	0.0	0.0	0.0	0.0	0.0	0.000291990925444	0.0	0.0	0.0	0.0	0.0	0.0	0.0	0.0	0.0	0.0	0.0	0.0	0.0	0.0	0.0	0.0	0.0	0.0	0.0	0.0	0.0	0.0	0.0	0.0	0.0	0.0	0.0	0.0	0.0	0.0	0.0	0.0	0.0	0.0	0.0	0.0	0.0	0.0	0.0	0.0	0.0	0.0	0.0	0.0	0.0	0.0	0.0	0.0	0.0	0.0	0.0	0.0	0.0	0.0
VATB	0.0	0.000748610992035	0.0	0.00280511502539	0.0	0.000746460048749	0.0	0.000425145832146	0.0	0.0	0.0	0.0	0.0	0.0	0.0	0.0	0.0	0.0	0.0	0.0	0.0	0.00272747547142	0.0	0.0	0.0	0.0	0.0	0.0	0.00275477854043	0.0	0.0	0.0	0.0	0.0	0.0	0.0	0.0	0.0	0.00156740155033	0.0	0.0	0.0	0.0	0.0	0.0	0.0	0.0	0.0	0.0	0.0	0.0	0.0	0.0	0.0	0.00245760123017	0.0	0.000420461685723	0.0	0.0	0.0	0.0	0.0	0.00229051101429	0.0
VATF	0.0	0.0	0.000608645313644	0.00269087957186	0.0	0.0	0.0	0.0	0.0	0.00294897622439	0.0	0.0	0.0039144007304	0.0	0.0	0.0	0.0	0.0	0.0	0.0	0.0	0.0	0.0	0.0	0.0	0.0	0.0	0.0	0.0	0.0	0.00224338303833	0.0	0.0	0.0	0.0	0.0	0.0	0.0	0.0	0.0	0.0	0.0	0.0	0.0	0.0	0.0	0.0	0.0	0.0	0.0	0.0	0.0	0.0	0.0	0.0	0.0	0.0	0.0	0.0	0.0	0.0	0.0	0.0	0.0
VATG	0.0	0.000367373912758	0.000622734325533	0.0	0.0	0.0	0.0	0.0	0.0	0.0	0.0	0.0	0.0	0.0	0.0	0.0	0.0	0.0	0.0	0.0	0.0	0.0	0.0	0.0	0.0	0.0	0.0	0.0	0.0	0.0	0.0	0.0	0.0	0.0	0.0	0.0	0.000164924365133	0.0	0.0	0.0	0.0	0.0	0.0	0.0	0.0	0.0	0.0	0.0	0.0	0.0	0.0	0.0	0.0	0.0	0.0	0.0	0.0	0.0	0.0	0.0	0.0	0.0	0.0	0.0
VGAA	0.0682978013068	0.092882259598	0.0592671289128	0.0318987792925	0.0350021693034	0.0545688035637	0.0470279146141	0.0381588745741	0.0234804138587	0.0120169368799	0.0830238475533	0.0	0.0121531394324	6.68248811058e-05	0.00511652568936	0.171455938697	0.241784821875	0.0	0.0475715899276	0.0	0.0049065292473	0.01409813166	0.0513365149784	0.0	0.0	0.0638836842126	0.0	0.182971211912	0.0358015663185	0.033185020393	0.0560373016031	0.0	0.0605310738105	0.0282813919501	0.0451674984349	0.0139430496526	0.0242268205334	0.0	0.137976376703	0.0526431880009	0.0	0.0648570727569	0.0	0.00215498430413	0.0671240261023	0.0684872542924	0.0	0.133107313124	0.0	0.0227352457903	0.0	0.0209102890568	0.0565064090325	0.0829174410076	0.0363477024853	0.0172534277934	0.0805997665137	0.0926006757521	0.0635145660608	0.104364484424	0.0334431646362	0.0124506581807	0.0548845053002	0.0198789494142
VGAB	0.0	0.00028751001868	0.0	0.0	0.0	0.0	0.0	0.0	0.0	0.0	0.0	0.0	0.0	0.0	0.0	0.0	0.0	0.0	0.0	0.0	0.0	0.00314252608664	0.0	0.0	0.0	0.0	0.0	0.0	0.0	0.0	0.0	0.0	0.0	0.0	0.0	0.0	0.0	0.0	0.0	0.0	0.0	0.0	0.0	0.0	0.00226699932877	0.0	0.0	0.0	0.0	0.0	0.0	0.0	0.0	0.0	0.00204503290772	0.0	0.0	0.0	0.0	0.0	0.0	0.0	0.000879689012733	0.0
VGAC	0.0	0.0	0.0035397530083	0.0	0.0	0.0	0.0	0.0	0.0	0.0	0.0	0.0	0.00455306611272	0.0	0.0	0.0	0.00117031709709	0.0	0.0	0.0	0.0	0.0	0.0	0.0	0.0	0.00423942069145	0.0	0.0	0.0	0.0	0.0	0.0	0.0	0.0	0.0	0.0	0.0	0.0	0.0	0.0	0.0	0.0	0.0	0.0	0.0054885246907	0.0	0.0	0.00801962343612	0.0	0.0	0.0	0.0	0.0	0.0	0.0	0.0	0.0	0.0	0.0	0.0	0.0	0.0	0.0	0.0
VGAD	0.0	0.000151148124106	0.0	0.0	0.0	0.0	0.0	0.0	0.0	0.0	0.0	0.0	0.0	0.0	0.0	0.0	0.0	0.0	0.0	0.0	0.0	0.000100125506483	0.0	0.0	0.0	0.0	0.0	0.0	0.0	0.0	0.0	0.0	0.0	0.0	0.0	0.0	0.0	0.0	0.0	0.0	0.0	0.0	0.0	0.0	0.0	0.0	0.0	0.0	0.0	0.0	0.0	0.0	0.0	0.0	8.27002318725e-05	0.0	0.0	0.0	0.0	0.0	0.0	0.0	0.0	0.0
VGAE	0.0	0.000605746298899	0.0	0.0	0.0	0.0	0.0	0.0	0.0	0.0	0.0	0.0	0.0	0.0	0.0	0.0	0.0	0.0	0.0	0.0	0.0	0.0	0.0	0.0	0.0	0.0	0.0	0.0	0.0	0.0	0.0	0.0	0.0	0.0	0.0	0.0	6.79840894443e-05	0.0	0.0	0.0	0.0	0.0	0.0	0.0	0.00159209113165	0.0	0.0	0.0	0.0	0.0	0.0	0.0	0.0	0.0	0.0	0.0	0.0	0.0	0.0	0.0	0.0	0.0	0.0	0.0
YKKD	0.0	0.00305202942907	0.0	0.0	0.0	0.0	0.0	0.0	0.0	0.0	0.0	0.0	0.0	0.0	0.0	0.0	0.000855231724797	0.0	0.0	0.0	0.0	0.0	0.0	0.0	0.0	0.0	0.0	0.0	0.0112310202033	0.0	0.00158906298549	0.0	0.0	0.0	0.0	0.0	0.000685070439785	0.0	0.0	0.0	0.0	0.0	0.0	0.0	0.0160433798651	0.0	0.0	0.0	0.0	0.0	0.0	0.0	0.0	0.0	0.000834954264097	0.0	0.000857094974742	0.0	0.0	0.0	0.00479597031321	0.0	0.0	0.0
YOJI	0.0	0.000290138081008	0.00122953029539	0.0	0.0	0.000289304443025	0.0	0.0	0.0	0.00163824524714	0.0	0.000932472272462	0.00369017546004	0.0	0.0	0.0	0.000162603472356	0.0	0.0	0.0	0.00104050711643	0.0	0.0	0.0	0.0272699573431	0.000294511857907	0.0	0.000173567321152	0.0	0.0	0.0	0.0	0.00223398894728	0.0	0.0004375956381	0.0	6.51255262684e-05	0.0	0.0	0.0	0.0	0.0	0.0	0.0	0.00228772144329	0.0	0.0	0.000557121920608	0.0	0.000261399491257	0.0	0.000643697050636	0.0	0.000837331170618	0.0	0.0	0.00195549273945	0.0	0.0	0.0	0.0	0.00396053843409	0.0	0.0
